tool,execution_id,project,caller_class,callee_class,perc,killed_mutants,total_mutants
EvoR,1,mockito,org.mockito.cglib.proxy.Enhancer,org.mockito.cglib.core.AbstractClassGenerator,0.0,0,126
EvoR,2,mockito,org.mockito.cglib.proxy.Enhancer,org.mockito.cglib.core.AbstractClassGenerator,0.047619047619,6,126
EvoR,3,mockito,org.mockito.cglib.proxy.Enhancer,org.mockito.cglib.core.AbstractClassGenerator,0.047619047619,6,126
EvoR,4,mockito,org.mockito.cglib.proxy.Enhancer,org.mockito.cglib.core.AbstractClassGenerator,0.388888888889,49,126
EvoR,5,mockito,org.mockito.cglib.proxy.Enhancer,org.mockito.cglib.core.AbstractClassGenerator,0.047619047619,6,126
EvoR,6,mockito,org.mockito.cglib.proxy.Enhancer,org.mockito.cglib.core.AbstractClassGenerator,0.015873015873,2,126
EvoR,7,mockito,org.mockito.cglib.proxy.Enhancer,org.mockito.cglib.core.AbstractClassGenerator,0.031746031746,4,126
EvoR,8,mockito,org.mockito.cglib.proxy.Enhancer,org.mockito.cglib.core.AbstractClassGenerator,0.420634920635,53,126
EvoR,9,mockito,org.mockito.cglib.proxy.Enhancer,org.mockito.cglib.core.AbstractClassGenerator,0.444444444444,56,126
EvoR,10,mockito,org.mockito.cglib.proxy.Enhancer,org.mockito.cglib.core.AbstractClassGenerator,0.031746031746,4,126
EvoR,11,mockito,org.mockito.cglib.proxy.Enhancer,org.mockito.cglib.core.AbstractClassGenerator,0.015873015873,2,126
EvoR,12,mockito,org.mockito.cglib.proxy.Enhancer,org.mockito.cglib.core.AbstractClassGenerator,0.047619047619,6,126
EvoR,13,mockito,org.mockito.cglib.proxy.Enhancer,org.mockito.cglib.core.AbstractClassGenerator,0.015873015873,2,126
EvoR,14,mockito,org.mockito.cglib.proxy.Enhancer,org.mockito.cglib.core.AbstractClassGenerator,0.047619047619,6,126
EvoR,15,mockito,org.mockito.cglib.proxy.Enhancer,org.mockito.cglib.core.AbstractClassGenerator,0.047619047619,6,126
EvoR,16,mockito,org.mockito.cglib.proxy.Enhancer,org.mockito.cglib.core.AbstractClassGenerator,0.047619047619,6,126
EvoR,17,mockito,org.mockito.cglib.proxy.Enhancer,org.mockito.cglib.core.AbstractClassGenerator,0.047619047619,6,126
EvoR,18,mockito,org.mockito.cglib.proxy.Enhancer,org.mockito.cglib.core.AbstractClassGenerator,0.047619047619,6,126
EvoR,19,mockito,org.mockito.cglib.proxy.Enhancer,org.mockito.cglib.core.AbstractClassGenerator,0.047619047619,6,126
EvoR,20,mockito,org.mockito.cglib.proxy.Enhancer,org.mockito.cglib.core.AbstractClassGenerator,0.047619047619,6,126
EvoR,1,mockito,org.mockito.asm.tree.analysis.BasicVerifier,org.mockito.asm.tree.analysis.SimpleVerifier,0.829971181556,288,347
EvoR,2,mockito,org.mockito.asm.tree.analysis.BasicVerifier,org.mockito.asm.tree.analysis.SimpleVerifier,0.789625360231,274,347
EvoR,3,mockito,org.mockito.asm.tree.analysis.BasicVerifier,org.mockito.asm.tree.analysis.SimpleVerifier,0.792507204611,275,347
EvoR,4,mockito,org.mockito.asm.tree.analysis.BasicVerifier,org.mockito.asm.tree.analysis.SimpleVerifier,0.0,0,347
EvoR,5,mockito,org.mockito.asm.tree.analysis.BasicVerifier,org.mockito.asm.tree.analysis.SimpleVerifier,0.798270893372,277,347
EvoR,6,mockito,org.mockito.asm.tree.analysis.BasicVerifier,org.mockito.asm.tree.analysis.SimpleVerifier,0.812680115274,282,347
EvoR,7,mockito,org.mockito.asm.tree.analysis.BasicVerifier,org.mockito.asm.tree.analysis.SimpleVerifier,0.832853025937,289,347
EvoR,8,mockito,org.mockito.asm.tree.analysis.BasicVerifier,org.mockito.asm.tree.analysis.SimpleVerifier,0.763688760807,265,347
EvoR,9,mockito,org.mockito.asm.tree.analysis.BasicVerifier,org.mockito.asm.tree.analysis.SimpleVerifier,0.789625360231,274,347
EvoR,10,mockito,org.mockito.asm.tree.analysis.BasicVerifier,org.mockito.asm.tree.analysis.SimpleVerifier,0.815561959654,283,347
EvoR,11,mockito,org.mockito.asm.tree.analysis.BasicVerifier,org.mockito.asm.tree.analysis.SimpleVerifier,0.0,0,347
EvoR,12,mockito,org.mockito.asm.tree.analysis.BasicVerifier,org.mockito.asm.tree.analysis.SimpleVerifier,0.0,0,347
EvoR,13,mockito,org.mockito.asm.tree.analysis.BasicVerifier,org.mockito.asm.tree.analysis.SimpleVerifier,0.0,0,347
EvoR,14,mockito,org.mockito.asm.tree.analysis.BasicVerifier,org.mockito.asm.tree.analysis.SimpleVerifier,0.0,0,347
EvoR,15,mockito,org.mockito.asm.tree.analysis.BasicVerifier,org.mockito.asm.tree.analysis.SimpleVerifier,0.0,0,347
EvoR,16,mockito,org.mockito.asm.tree.analysis.BasicVerifier,org.mockito.asm.tree.analysis.SimpleVerifier,0.0,0,347
EvoR,17,mockito,org.mockito.asm.tree.analysis.BasicVerifier,org.mockito.asm.tree.analysis.SimpleVerifier,0.0,0,347
EvoR,18,mockito,org.mockito.asm.tree.analysis.BasicVerifier,org.mockito.asm.tree.analysis.SimpleVerifier,0.0,0,347
EvoR,19,mockito,org.mockito.asm.tree.analysis.BasicVerifier,org.mockito.asm.tree.analysis.SimpleVerifier,0.0,0,347
EvoR,20,mockito,org.mockito.asm.tree.analysis.BasicVerifier,org.mockito.asm.tree.analysis.SimpleVerifier,0.0,0,347
EvoR,1,mockito,org.mockito.cglib.proxy.Mixin$Generator,org.mockito.cglib.core.AbstractClassGenerator,0.428571428571,54,126
EvoR,2,mockito,org.mockito.cglib.proxy.Mixin$Generator,org.mockito.cglib.core.AbstractClassGenerator,0.468253968254,59,126
EvoR,3,mockito,org.mockito.cglib.proxy.Mixin$Generator,org.mockito.cglib.core.AbstractClassGenerator,0.428571428571,54,126
EvoR,4,mockito,org.mockito.cglib.proxy.Mixin$Generator,org.mockito.cglib.core.AbstractClassGenerator,0.373015873016,47,126
EvoR,5,mockito,org.mockito.cglib.proxy.Mixin$Generator,org.mockito.cglib.core.AbstractClassGenerator,0.428571428571,54,126
EvoR,6,mockito,org.mockito.cglib.proxy.Mixin$Generator,org.mockito.cglib.core.AbstractClassGenerator,0.428571428571,54,126
EvoR,7,mockito,org.mockito.cglib.proxy.Mixin$Generator,org.mockito.cglib.core.AbstractClassGenerator,0.396825396825,50,126
EvoR,8,mockito,org.mockito.cglib.proxy.Mixin$Generator,org.mockito.cglib.core.AbstractClassGenerator,0.420634920635,53,126
EvoR,9,mockito,org.mockito.cglib.proxy.Mixin$Generator,org.mockito.cglib.core.AbstractClassGenerator,0.444444444444,56,126
EvoR,10,mockito,org.mockito.cglib.proxy.Mixin$Generator,org.mockito.cglib.core.AbstractClassGenerator,0.404761904762,51,126
EvoR,11,mockito,org.mockito.cglib.proxy.Mixin$Generator,org.mockito.cglib.core.AbstractClassGenerator,0.047619047619,6,126
EvoR,12,mockito,org.mockito.cglib.proxy.Mixin$Generator,org.mockito.cglib.core.AbstractClassGenerator,0.031746031746,4,126
EvoR,13,mockito,org.mockito.cglib.proxy.Mixin$Generator,org.mockito.cglib.core.AbstractClassGenerator,0.031746031746,4,126
EvoR,14,mockito,org.mockito.cglib.proxy.Mixin$Generator,org.mockito.cglib.core.AbstractClassGenerator,0.047619047619,6,126
EvoR,15,mockito,org.mockito.cglib.proxy.Mixin$Generator,org.mockito.cglib.core.AbstractClassGenerator,0.047619047619,6,126
EvoR,16,mockito,org.mockito.cglib.proxy.Mixin$Generator,org.mockito.cglib.core.AbstractClassGenerator,0.047619047619,6,126
EvoR,17,mockito,org.mockito.cglib.proxy.Mixin$Generator,org.mockito.cglib.core.AbstractClassGenerator,0.031746031746,4,126
EvoR,18,mockito,org.mockito.cglib.proxy.Mixin$Generator,org.mockito.cglib.core.AbstractClassGenerator,0.047619047619,6,126
EvoR,19,mockito,org.mockito.cglib.proxy.Mixin$Generator,org.mockito.cglib.core.AbstractClassGenerator,0.047619047619,6,126
EvoR,20,mockito,org.mockito.cglib.proxy.Mixin$Generator,org.mockito.cglib.core.AbstractClassGenerator,0.047619047619,6,126
EvoR,1,mockito,org.mockito.cglib.util.SorterTemplate,org.mockito.cglib.util.ParallelSorter,0.0,0,80
EvoR,2,mockito,org.mockito.cglib.util.SorterTemplate,org.mockito.cglib.util.ParallelSorter,0.0,0,80
EvoR,3,mockito,org.mockito.cglib.util.SorterTemplate,org.mockito.cglib.util.ParallelSorter,0.0,0,80
EvoR,4,mockito,org.mockito.cglib.util.SorterTemplate,org.mockito.cglib.util.ParallelSorter,0.0,0,80
EvoR,5,mockito,org.mockito.cglib.util.SorterTemplate,org.mockito.cglib.util.ParallelSorter,0.0,0,80
EvoR,6,mockito,org.mockito.cglib.util.SorterTemplate,org.mockito.cglib.util.ParallelSorter,0.0,0,80
EvoR,7,mockito,org.mockito.cglib.util.SorterTemplate,org.mockito.cglib.util.ParallelSorter,0.0,0,80
EvoR,8,mockito,org.mockito.cglib.util.SorterTemplate,org.mockito.cglib.util.ParallelSorter,0.0,0,80
EvoR,9,mockito,org.mockito.cglib.util.SorterTemplate,org.mockito.cglib.util.ParallelSorter,0.0,0,80
EvoR,10,mockito,org.mockito.cglib.util.SorterTemplate,org.mockito.cglib.util.ParallelSorter,0.0,0,80
EvoR,11,mockito,org.mockito.cglib.util.SorterTemplate,org.mockito.cglib.util.ParallelSorter,0.0,0,80
EvoR,12,mockito,org.mockito.cglib.util.SorterTemplate,org.mockito.cglib.util.ParallelSorter,0.0,0,80
EvoR,13,mockito,org.mockito.cglib.util.SorterTemplate,org.mockito.cglib.util.ParallelSorter,0.0,0,80
EvoR,14,mockito,org.mockito.cglib.util.SorterTemplate,org.mockito.cglib.util.ParallelSorter,0.0,0,80
EvoR,15,mockito,org.mockito.cglib.util.SorterTemplate,org.mockito.cglib.util.ParallelSorter,0.0,0,80
EvoR,16,mockito,org.mockito.cglib.util.SorterTemplate,org.mockito.cglib.util.ParallelSorter,0.0,0,80
EvoR,17,mockito,org.mockito.cglib.util.SorterTemplate,org.mockito.cglib.util.ParallelSorter,0.0,0,80
EvoR,18,mockito,org.mockito.cglib.util.SorterTemplate,org.mockito.cglib.util.ParallelSorter,0.0,0,80
EvoR,19,mockito,org.mockito.cglib.util.SorterTemplate,org.mockito.cglib.util.ParallelSorter,0.0,0,80
EvoR,20,mockito,org.mockito.cglib.util.SorterTemplate,org.mockito.cglib.util.ParallelSorter,0.0,0,80
EvoR,1,mockito,org.mockito.asm.tree.analysis.BasicVerifier,org.mockito.asm.tree.analysis.BasicInterpreter,0.624697336562,258,413
EvoR,2,mockito,org.mockito.asm.tree.analysis.BasicVerifier,org.mockito.asm.tree.analysis.BasicInterpreter,0.646489104116,267,413
EvoR,3,mockito,org.mockito.asm.tree.analysis.BasicVerifier,org.mockito.asm.tree.analysis.BasicInterpreter,0.680387409201,281,413
EvoR,4,mockito,org.mockito.asm.tree.analysis.BasicVerifier,org.mockito.asm.tree.analysis.BasicInterpreter,0.648910411622,268,413
EvoR,5,mockito,org.mockito.asm.tree.analysis.BasicVerifier,org.mockito.asm.tree.analysis.BasicInterpreter,0.641646489104,265,413
EvoR,6,mockito,org.mockito.asm.tree.analysis.BasicVerifier,org.mockito.asm.tree.analysis.BasicInterpreter,0.615012106538,254,413
EvoR,7,mockito,org.mockito.asm.tree.analysis.BasicVerifier,org.mockito.asm.tree.analysis.BasicInterpreter,0.624697336562,258,413
EvoR,8,mockito,org.mockito.asm.tree.analysis.BasicVerifier,org.mockito.asm.tree.analysis.BasicInterpreter,0.615012106538,254,413
EvoR,9,mockito,org.mockito.asm.tree.analysis.BasicVerifier,org.mockito.asm.tree.analysis.BasicInterpreter,0.653753026634,270,413
EvoR,10,mockito,org.mockito.asm.tree.analysis.BasicVerifier,org.mockito.asm.tree.analysis.BasicInterpreter,0.617433414044,255,413
EvoR,11,mockito,org.mockito.asm.tree.analysis.BasicVerifier,org.mockito.asm.tree.analysis.BasicInterpreter,0.147699757869,61,413
EvoR,12,mockito,org.mockito.asm.tree.analysis.BasicVerifier,org.mockito.asm.tree.analysis.BasicInterpreter,0.111380145278,46,413
EvoR,13,mockito,org.mockito.asm.tree.analysis.BasicVerifier,org.mockito.asm.tree.analysis.BasicInterpreter,0.0992736077482,41,413
EvoR,14,mockito,org.mockito.asm.tree.analysis.BasicVerifier,org.mockito.asm.tree.analysis.BasicInterpreter,0.128329297821,53,413
EvoR,15,mockito,org.mockito.asm.tree.analysis.BasicVerifier,org.mockito.asm.tree.analysis.BasicInterpreter,0.108958837772,45,413
EvoR,16,mockito,org.mockito.asm.tree.analysis.BasicVerifier,org.mockito.asm.tree.analysis.BasicInterpreter,0.0726392251816,30,413
EvoR,17,mockito,org.mockito.asm.tree.analysis.BasicVerifier,org.mockito.asm.tree.analysis.BasicInterpreter,0.0702179176755,29,413
EvoR,18,mockito,org.mockito.asm.tree.analysis.BasicVerifier,org.mockito.asm.tree.analysis.BasicInterpreter,0.106537530266,44,413
EvoR,19,mockito,org.mockito.asm.tree.analysis.BasicVerifier,org.mockito.asm.tree.analysis.BasicInterpreter,0.0823244552058,34,413
EvoR,20,mockito,org.mockito.asm.tree.analysis.BasicVerifier,org.mockito.asm.tree.analysis.BasicInterpreter,0.0799031476998,33,413
EvoR,1,mockito,org.mockito.cglib.core.ClassEmitter,org.mockito.cglib.transform.impl.AddDelegateTransformer,0.0379746835443,3,79
EvoR,2,mockito,org.mockito.cglib.core.ClassEmitter,org.mockito.cglib.transform.impl.AddDelegateTransformer,0.0379746835443,3,79
EvoR,3,mockito,org.mockito.cglib.core.ClassEmitter,org.mockito.cglib.transform.impl.AddDelegateTransformer,0.0379746835443,3,79
EvoR,4,mockito,org.mockito.cglib.core.ClassEmitter,org.mockito.cglib.transform.impl.AddDelegateTransformer,0.0126582278481,1,79
EvoR,5,mockito,org.mockito.cglib.core.ClassEmitter,org.mockito.cglib.transform.impl.AddDelegateTransformer,0.0379746835443,3,79
EvoR,6,mockito,org.mockito.cglib.core.ClassEmitter,org.mockito.cglib.transform.impl.AddDelegateTransformer,0.0379746835443,3,79
EvoR,7,mockito,org.mockito.cglib.core.ClassEmitter,org.mockito.cglib.transform.impl.AddDelegateTransformer,0.0379746835443,3,79
EvoR,8,mockito,org.mockito.cglib.core.ClassEmitter,org.mockito.cglib.transform.impl.AddDelegateTransformer,0.0379746835443,3,79
EvoR,9,mockito,org.mockito.cglib.core.ClassEmitter,org.mockito.cglib.transform.impl.AddDelegateTransformer,0.0379746835443,3,79
EvoR,10,mockito,org.mockito.cglib.core.ClassEmitter,org.mockito.cglib.transform.impl.AddDelegateTransformer,0.0,0,79
EvoR,11,mockito,org.mockito.cglib.core.ClassEmitter,org.mockito.cglib.transform.impl.AddDelegateTransformer,0.0,0,79
EvoR,12,mockito,org.mockito.cglib.core.ClassEmitter,org.mockito.cglib.transform.impl.AddDelegateTransformer,0.0,0,79
EvoR,13,mockito,org.mockito.cglib.core.ClassEmitter,org.mockito.cglib.transform.impl.AddDelegateTransformer,0.0,0,79
EvoR,14,mockito,org.mockito.cglib.core.ClassEmitter,org.mockito.cglib.transform.impl.AddDelegateTransformer,0.0,0,79
EvoR,15,mockito,org.mockito.cglib.core.ClassEmitter,org.mockito.cglib.transform.impl.AddDelegateTransformer,0.0,0,79
EvoR,16,mockito,org.mockito.cglib.core.ClassEmitter,org.mockito.cglib.transform.impl.AddDelegateTransformer,0.0,0,79
EvoR,17,mockito,org.mockito.cglib.core.ClassEmitter,org.mockito.cglib.transform.impl.AddDelegateTransformer,0.0,0,79
EvoR,18,mockito,org.mockito.cglib.core.ClassEmitter,org.mockito.cglib.transform.impl.AddDelegateTransformer,0.0,0,79
EvoR,19,mockito,org.mockito.cglib.core.ClassEmitter,org.mockito.cglib.transform.impl.AddDelegateTransformer,0.0,0,79
EvoR,20,mockito,org.mockito.cglib.core.ClassEmitter,org.mockito.cglib.transform.impl.AddDelegateTransformer,0.0,0,79
EvoR,1,mockito,org.mockito.cglib.transform.impl.FieldProviderTransformer,org.mockito.cglib.core.ClassEmitter,0.561320754717,119,212
EvoR,2,mockito,org.mockito.cglib.transform.impl.FieldProviderTransformer,org.mockito.cglib.core.ClassEmitter,0.537735849057,114,212
EvoR,3,mockito,org.mockito.cglib.transform.impl.FieldProviderTransformer,org.mockito.cglib.core.ClassEmitter,0.518867924528,110,212
EvoR,4,mockito,org.mockito.cglib.transform.impl.FieldProviderTransformer,org.mockito.cglib.core.ClassEmitter,0.52358490566,111,212
EvoR,5,mockito,org.mockito.cglib.transform.impl.FieldProviderTransformer,org.mockito.cglib.core.ClassEmitter,0.528301886792,112,212
EvoR,6,mockito,org.mockito.cglib.transform.impl.FieldProviderTransformer,org.mockito.cglib.core.ClassEmitter,0.537735849057,114,212
EvoR,7,mockito,org.mockito.cglib.transform.impl.FieldProviderTransformer,org.mockito.cglib.core.ClassEmitter,0.556603773585,118,212
EvoR,8,mockito,org.mockito.cglib.transform.impl.FieldProviderTransformer,org.mockito.cglib.core.ClassEmitter,0.52358490566,111,212
EvoR,9,mockito,org.mockito.cglib.transform.impl.FieldProviderTransformer,org.mockito.cglib.core.ClassEmitter,0.518867924528,110,212
EvoR,10,mockito,org.mockito.cglib.transform.impl.FieldProviderTransformer,org.mockito.cglib.core.ClassEmitter,0.537735849057,114,212
EvoR,11,mockito,org.mockito.cglib.transform.impl.FieldProviderTransformer,org.mockito.cglib.core.ClassEmitter,0.0188679245283,4,212
EvoR,12,mockito,org.mockito.cglib.transform.impl.FieldProviderTransformer,org.mockito.cglib.core.ClassEmitter,0.0188679245283,4,212
EvoR,13,mockito,org.mockito.cglib.transform.impl.FieldProviderTransformer,org.mockito.cglib.core.ClassEmitter,0.00943396226415,2,212
EvoR,14,mockito,org.mockito.cglib.transform.impl.FieldProviderTransformer,org.mockito.cglib.core.ClassEmitter,0.0188679245283,4,212
EvoR,15,mockito,org.mockito.cglib.transform.impl.FieldProviderTransformer,org.mockito.cglib.core.ClassEmitter,0.0188679245283,4,212
EvoR,16,mockito,org.mockito.cglib.transform.impl.FieldProviderTransformer,org.mockito.cglib.core.ClassEmitter,0.00943396226415,2,212
EvoR,17,mockito,org.mockito.cglib.transform.impl.FieldProviderTransformer,org.mockito.cglib.core.ClassEmitter,0.0188679245283,4,212
EvoR,18,mockito,org.mockito.cglib.transform.impl.FieldProviderTransformer,org.mockito.cglib.core.ClassEmitter,0.0188679245283,4,212
EvoR,19,mockito,org.mockito.cglib.transform.impl.FieldProviderTransformer,org.mockito.cglib.core.ClassEmitter,0.0235849056604,5,212
EvoR,20,mockito,org.mockito.cglib.transform.impl.FieldProviderTransformer,org.mockito.cglib.core.ClassEmitter,0.0188679245283,4,212
EvoR,1,mockito,org.mockito.asm.util.ASMifierClassVisitor,org.mockito.asm.util.ASMifierAbstractVisitor,0.365853658537,120,328
EvoR,2,mockito,org.mockito.asm.util.ASMifierClassVisitor,org.mockito.asm.util.ASMifierAbstractVisitor,0.375,123,328
EvoR,3,mockito,org.mockito.asm.util.ASMifierClassVisitor,org.mockito.asm.util.ASMifierAbstractVisitor,0.356707317073,117,328
EvoR,4,mockito,org.mockito.asm.util.ASMifierClassVisitor,org.mockito.asm.util.ASMifierAbstractVisitor,0.378048780488,124,328
EvoR,5,mockito,org.mockito.asm.util.ASMifierClassVisitor,org.mockito.asm.util.ASMifierAbstractVisitor,0.365853658537,120,328
EvoR,6,mockito,org.mockito.asm.util.ASMifierClassVisitor,org.mockito.asm.util.ASMifierAbstractVisitor,0.295731707317,97,328
EvoR,7,mockito,org.mockito.asm.util.ASMifierClassVisitor,org.mockito.asm.util.ASMifierAbstractVisitor,0.375,123,328
EvoR,8,mockito,org.mockito.asm.util.ASMifierClassVisitor,org.mockito.asm.util.ASMifierAbstractVisitor,0.375,123,328
EvoR,9,mockito,org.mockito.asm.util.ASMifierClassVisitor,org.mockito.asm.util.ASMifierAbstractVisitor,0.375,123,328
EvoR,10,mockito,org.mockito.asm.util.ASMifierClassVisitor,org.mockito.asm.util.ASMifierAbstractVisitor,0.332317073171,109,328
EvoR,11,mockito,org.mockito.asm.util.ASMifierClassVisitor,org.mockito.asm.util.ASMifierAbstractVisitor,0.0731707317073,24,328
EvoR,12,mockito,org.mockito.asm.util.ASMifierClassVisitor,org.mockito.asm.util.ASMifierAbstractVisitor,0.0365853658537,12,328
EvoR,13,mockito,org.mockito.asm.util.ASMifierClassVisitor,org.mockito.asm.util.ASMifierAbstractVisitor,0.00609756097561,2,328
EvoR,14,mockito,org.mockito.asm.util.ASMifierClassVisitor,org.mockito.asm.util.ASMifierAbstractVisitor,0.0792682926829,26,328
EvoR,15,mockito,org.mockito.asm.util.ASMifierClassVisitor,org.mockito.asm.util.ASMifierAbstractVisitor,0.0,0,328
EvoR,16,mockito,org.mockito.asm.util.ASMifierClassVisitor,org.mockito.asm.util.ASMifierAbstractVisitor,0.00609756097561,2,328
EvoR,17,mockito,org.mockito.asm.util.ASMifierClassVisitor,org.mockito.asm.util.ASMifierAbstractVisitor,0.030487804878,10,328
EvoR,18,mockito,org.mockito.asm.util.ASMifierClassVisitor,org.mockito.asm.util.ASMifierAbstractVisitor,0.0853658536585,28,328
EvoR,19,mockito,org.mockito.asm.util.ASMifierClassVisitor,org.mockito.asm.util.ASMifierAbstractVisitor,0.0426829268293,14,328
EvoR,20,mockito,org.mockito.asm.util.ASMifierClassVisitor,org.mockito.asm.util.ASMifierAbstractVisitor,0.0792682926829,26,328
EvoR,1,mockito,org.mockito.cglib.core.ClassEmitter,org.mockito.cglib.transform.impl.InterceptFieldTransformer,0.0106382978723,2,188
EvoR,2,mockito,org.mockito.cglib.core.ClassEmitter,org.mockito.cglib.transform.impl.InterceptFieldTransformer,0.0106382978723,2,188
EvoR,3,mockito,org.mockito.cglib.core.ClassEmitter,org.mockito.cglib.transform.impl.InterceptFieldTransformer,0.0106382978723,2,188
EvoR,4,mockito,org.mockito.cglib.core.ClassEmitter,org.mockito.cglib.transform.impl.InterceptFieldTransformer,0.0106382978723,2,188
EvoR,5,mockito,org.mockito.cglib.core.ClassEmitter,org.mockito.cglib.transform.impl.InterceptFieldTransformer,0.0106382978723,2,188
EvoR,6,mockito,org.mockito.cglib.core.ClassEmitter,org.mockito.cglib.transform.impl.InterceptFieldTransformer,0.0106382978723,2,188
EvoR,7,mockito,org.mockito.cglib.core.ClassEmitter,org.mockito.cglib.transform.impl.InterceptFieldTransformer,0.0,0,188
EvoR,8,mockito,org.mockito.cglib.core.ClassEmitter,org.mockito.cglib.transform.impl.InterceptFieldTransformer,0.0106382978723,2,188
EvoR,9,mockito,org.mockito.cglib.core.ClassEmitter,org.mockito.cglib.transform.impl.InterceptFieldTransformer,0.0106382978723,2,188
EvoR,10,mockito,org.mockito.cglib.core.ClassEmitter,org.mockito.cglib.transform.impl.InterceptFieldTransformer,0.0106382978723,2,188
EvoR,11,mockito,org.mockito.cglib.core.ClassEmitter,org.mockito.cglib.transform.impl.InterceptFieldTransformer,0.0,0,188
EvoR,12,mockito,org.mockito.cglib.core.ClassEmitter,org.mockito.cglib.transform.impl.InterceptFieldTransformer,0.0,0,188
EvoR,13,mockito,org.mockito.cglib.core.ClassEmitter,org.mockito.cglib.transform.impl.InterceptFieldTransformer,0.0,0,188
EvoR,14,mockito,org.mockito.cglib.core.ClassEmitter,org.mockito.cglib.transform.impl.InterceptFieldTransformer,0.0,0,188
EvoR,15,mockito,org.mockito.cglib.core.ClassEmitter,org.mockito.cglib.transform.impl.InterceptFieldTransformer,0.0,0,188
EvoR,16,mockito,org.mockito.cglib.core.ClassEmitter,org.mockito.cglib.transform.impl.InterceptFieldTransformer,0.0,0,188
EvoR,17,mockito,org.mockito.cglib.core.ClassEmitter,org.mockito.cglib.transform.impl.InterceptFieldTransformer,0.0,0,188
EvoR,18,mockito,org.mockito.cglib.core.ClassEmitter,org.mockito.cglib.transform.impl.InterceptFieldTransformer,0.0,0,188
EvoR,19,mockito,org.mockito.cglib.core.ClassEmitter,org.mockito.cglib.transform.impl.InterceptFieldTransformer,0.0,0,188
EvoR,20,mockito,org.mockito.cglib.core.ClassEmitter,org.mockito.cglib.transform.impl.InterceptFieldTransformer,0.0,0,188
EvoR,1,mockito,org.mockito.cglib.proxy.Enhancer,org.mockito.cglib.core.CodeEmitter,0.295302013423,220,745
EvoR,2,mockito,org.mockito.cglib.proxy.Enhancer,org.mockito.cglib.core.CodeEmitter,0.322147651007,240,745
EvoR,3,mockito,org.mockito.cglib.proxy.Enhancer,org.mockito.cglib.core.CodeEmitter,0.296644295302,221,745
EvoR,4,mockito,org.mockito.cglib.proxy.Enhancer,org.mockito.cglib.core.CodeEmitter,0.344966442953,257,745
EvoR,5,mockito,org.mockito.cglib.proxy.Enhancer,org.mockito.cglib.core.CodeEmitter,0.342281879195,255,745
EvoR,6,mockito,org.mockito.cglib.proxy.Enhancer,org.mockito.cglib.core.CodeEmitter,0.319463087248,238,745
EvoR,7,mockito,org.mockito.cglib.proxy.Enhancer,org.mockito.cglib.core.CodeEmitter,0.365100671141,272,745
EvoR,8,mockito,org.mockito.cglib.proxy.Enhancer,org.mockito.cglib.core.CodeEmitter,0.357046979866,266,745
EvoR,9,mockito,org.mockito.cglib.proxy.Enhancer,org.mockito.cglib.core.CodeEmitter,0.331543624161,247,745
EvoR,10,mockito,org.mockito.cglib.proxy.Enhancer,org.mockito.cglib.core.CodeEmitter,0.338255033557,252,745
EvoR,11,mockito,org.mockito.cglib.proxy.Enhancer,org.mockito.cglib.core.CodeEmitter,0.0,0,745
EvoR,12,mockito,org.mockito.cglib.proxy.Enhancer,org.mockito.cglib.core.CodeEmitter,0.0,0,745
EvoR,13,mockito,org.mockito.cglib.proxy.Enhancer,org.mockito.cglib.core.CodeEmitter,0.0,0,745
EvoR,14,mockito,org.mockito.cglib.proxy.Enhancer,org.mockito.cglib.core.CodeEmitter,0.322147651007,240,745
EvoR,15,mockito,org.mockito.cglib.proxy.Enhancer,org.mockito.cglib.core.CodeEmitter,0.322147651007,240,745
EvoR,16,mockito,org.mockito.cglib.proxy.Enhancer,org.mockito.cglib.core.CodeEmitter,0.322147651007,240,745
EvoR,17,mockito,org.mockito.cglib.proxy.Enhancer,org.mockito.cglib.core.CodeEmitter,0.322147651007,240,745
EvoR,18,mockito,org.mockito.cglib.proxy.Enhancer,org.mockito.cglib.core.CodeEmitter,0.0,0,745
EvoR,19,mockito,org.mockito.cglib.proxy.Enhancer,org.mockito.cglib.core.CodeEmitter,0.0,0,745
EvoR,20,mockito,org.mockito.cglib.proxy.Enhancer,org.mockito.cglib.core.CodeEmitter,0.322147651007,240,745
EvoR,1,mockito,org.mockito.cglib.proxy.Enhancer,org.mockito.cglib.core.ReflectUtils,0.0173745173745,9,518
EvoR,2,mockito,org.mockito.cglib.proxy.Enhancer,org.mockito.cglib.core.ReflectUtils,0.0173745173745,9,518
EvoR,3,mockito,org.mockito.cglib.proxy.Enhancer,org.mockito.cglib.core.ReflectUtils,0.019305019305,10,518
EvoR,4,mockito,org.mockito.cglib.proxy.Enhancer,org.mockito.cglib.core.ReflectUtils,0.034749034749,18,518
EvoR,5,mockito,org.mockito.cglib.proxy.Enhancer,org.mockito.cglib.core.ReflectUtils,0.0173745173745,9,518
EvoR,6,mockito,org.mockito.cglib.proxy.Enhancer,org.mockito.cglib.core.ReflectUtils,0.0173745173745,9,518
EvoR,7,mockito,org.mockito.cglib.proxy.Enhancer,org.mockito.cglib.core.ReflectUtils,0.0173745173745,9,518
EvoR,8,mockito,org.mockito.cglib.proxy.Enhancer,org.mockito.cglib.core.ReflectUtils,0.0173745173745,9,518
EvoR,9,mockito,org.mockito.cglib.proxy.Enhancer,org.mockito.cglib.core.ReflectUtils,0.034749034749,18,518
EvoR,10,mockito,org.mockito.cglib.proxy.Enhancer,org.mockito.cglib.core.ReflectUtils,0.0212355212355,11,518
EvoR,11,mockito,org.mockito.cglib.proxy.Enhancer,org.mockito.cglib.core.ReflectUtils,0.0366795366795,19,518
EvoR,12,mockito,org.mockito.cglib.proxy.Enhancer,org.mockito.cglib.core.ReflectUtils,0.019305019305,10,518
EvoR,13,mockito,org.mockito.cglib.proxy.Enhancer,org.mockito.cglib.core.ReflectUtils,0.019305019305,10,518
EvoR,14,mockito,org.mockito.cglib.proxy.Enhancer,org.mockito.cglib.core.ReflectUtils,0.0173745173745,9,518
EvoR,15,mockito,org.mockito.cglib.proxy.Enhancer,org.mockito.cglib.core.ReflectUtils,0.0173745173745,9,518
EvoR,16,mockito,org.mockito.cglib.proxy.Enhancer,org.mockito.cglib.core.ReflectUtils,0.019305019305,10,518
EvoR,17,mockito,org.mockito.cglib.proxy.Enhancer,org.mockito.cglib.core.ReflectUtils,0.0173745173745,9,518
EvoR,18,mockito,org.mockito.cglib.proxy.Enhancer,org.mockito.cglib.core.ReflectUtils,0.0173745173745,9,518
EvoR,19,mockito,org.mockito.cglib.proxy.Enhancer,org.mockito.cglib.core.ReflectUtils,0.019305019305,10,518
EvoR,20,mockito,org.mockito.cglib.proxy.Enhancer,org.mockito.cglib.core.ReflectUtils,0.0173745173745,9,518
EvoR,1,mockito,org.mockito.asm.AnnotationWriter,org.mockito.asm.ClassWriter,0.0237825594564,21,883
EvoR,2,mockito,org.mockito.asm.AnnotationWriter,org.mockito.asm.ClassWriter,0.0520951302378,46,883
EvoR,3,mockito,org.mockito.asm.AnnotationWriter,org.mockito.asm.ClassWriter,0.0520951302378,46,883
EvoR,4,mockito,org.mockito.asm.AnnotationWriter,org.mockito.asm.ClassWriter,0.0520951302378,46,883
EvoR,5,mockito,org.mockito.asm.AnnotationWriter,org.mockito.asm.ClassWriter,0.0520951302378,46,883
EvoR,6,mockito,org.mockito.asm.AnnotationWriter,org.mockito.asm.ClassWriter,0.0520951302378,46,883
EvoR,7,mockito,org.mockito.asm.AnnotationWriter,org.mockito.asm.ClassWriter,0.0475651189128,42,883
EvoR,8,mockito,org.mockito.asm.AnnotationWriter,org.mockito.asm.ClassWriter,0.0520951302378,46,883
EvoR,9,mockito,org.mockito.asm.AnnotationWriter,org.mockito.asm.ClassWriter,0.0520951302378,46,883
EvoR,10,mockito,org.mockito.asm.AnnotationWriter,org.mockito.asm.ClassWriter,0.0520951302378,46,883
EvoR,11,mockito,org.mockito.asm.AnnotationWriter,org.mockito.asm.ClassWriter,0.0520951302378,46,883
EvoR,12,mockito,org.mockito.asm.AnnotationWriter,org.mockito.asm.ClassWriter,0.0520951302378,46,883
EvoR,13,mockito,org.mockito.asm.AnnotationWriter,org.mockito.asm.ClassWriter,0.147225368063,130,883
EvoR,14,mockito,org.mockito.asm.AnnotationWriter,org.mockito.asm.ClassWriter,0.0520951302378,46,883
EvoR,15,mockito,org.mockito.asm.AnnotationWriter,org.mockito.asm.ClassWriter,0.0520951302378,46,883
EvoR,16,mockito,org.mockito.asm.AnnotationWriter,org.mockito.asm.ClassWriter,0.0520951302378,46,883
EvoR,17,mockito,org.mockito.asm.AnnotationWriter,org.mockito.asm.ClassWriter,0.0520951302378,46,883
EvoR,18,mockito,org.mockito.asm.AnnotationWriter,org.mockito.asm.ClassWriter,0.0520951302378,46,883
EvoR,19,mockito,org.mockito.asm.AnnotationWriter,org.mockito.asm.ClassWriter,0.0520951302378,46,883
EvoR,20,mockito,org.mockito.asm.AnnotationWriter,org.mockito.asm.ClassWriter,0.0520951302378,46,883
EvoR,1,mockito,org.mockito.asm.MethodWriter,org.mockito.asm.ByteVector,0.273333333333,82,300
EvoR,2,mockito,org.mockito.asm.MethodWriter,org.mockito.asm.ByteVector,0.273333333333,82,300
EvoR,3,mockito,org.mockito.asm.MethodWriter,org.mockito.asm.ByteVector,0.16,48,300
EvoR,4,mockito,org.mockito.asm.MethodWriter,org.mockito.asm.ByteVector,0.2,60,300
EvoR,5,mockito,org.mockito.asm.MethodWriter,org.mockito.asm.ByteVector,0.19,57,300
EvoR,6,mockito,org.mockito.asm.MethodWriter,org.mockito.asm.ByteVector,0.113333333333,34,300
EvoR,7,mockito,org.mockito.asm.MethodWriter,org.mockito.asm.ByteVector,0.236666666667,71,300
EvoR,8,mockito,org.mockito.asm.MethodWriter,org.mockito.asm.ByteVector,0.233333333333,70,300
EvoR,9,mockito,org.mockito.asm.MethodWriter,org.mockito.asm.ByteVector,0.24,72,300
EvoR,10,mockito,org.mockito.asm.MethodWriter,org.mockito.asm.ByteVector,0.193333333333,58,300
EvoR,11,mockito,org.mockito.asm.MethodWriter,org.mockito.asm.ByteVector,0.22,66,300
EvoR,12,mockito,org.mockito.asm.MethodWriter,org.mockito.asm.ByteVector,0.19,57,300
EvoR,13,mockito,org.mockito.asm.MethodWriter,org.mockito.asm.ByteVector,0.17,51,300
EvoR,14,mockito,org.mockito.asm.MethodWriter,org.mockito.asm.ByteVector,0.243333333333,73,300
EvoR,15,mockito,org.mockito.asm.MethodWriter,org.mockito.asm.ByteVector,0.153333333333,46,300
EvoR,16,mockito,org.mockito.asm.MethodWriter,org.mockito.asm.ByteVector,0.133333333333,40,300
EvoR,17,mockito,org.mockito.asm.MethodWriter,org.mockito.asm.ByteVector,0.293333333333,88,300
EvoR,18,mockito,org.mockito.asm.MethodWriter,org.mockito.asm.ByteVector,0.233333333333,70,300
EvoR,19,mockito,org.mockito.asm.MethodWriter,org.mockito.asm.ByteVector,0.243333333333,73,300
EvoR,20,mockito,org.mockito.asm.MethodWriter,org.mockito.asm.ByteVector,0.226666666667,68,300
EvoR,1,mockito,org.mockito.asm.MethodWriter,org.mockito.asm.ClassWriter,0.607021517554,536,883
EvoR,2,mockito,org.mockito.asm.MethodWriter,org.mockito.asm.ClassWriter,0.595696489241,526,883
EvoR,3,mockito,org.mockito.asm.MethodWriter,org.mockito.asm.ClassWriter,0.600226500566,530,883
EvoR,4,mockito,org.mockito.asm.MethodWriter,org.mockito.asm.ClassWriter,0.590033975085,521,883
EvoR,5,mockito,org.mockito.asm.MethodWriter,org.mockito.asm.ClassWriter,0.593431483579,524,883
EvoR,6,mockito,org.mockito.asm.MethodWriter,org.mockito.asm.ClassWriter,0.584371460929,516,883
EvoR,7,mockito,org.mockito.asm.MethodWriter,org.mockito.asm.ClassWriter,0.579841449604,512,883
EvoR,8,mockito,org.mockito.asm.MethodWriter,org.mockito.asm.ClassWriter,0.59456398641,525,883
EvoR,9,mockito,org.mockito.asm.MethodWriter,org.mockito.asm.ClassWriter,0.610419026048,539,883
EvoR,10,mockito,org.mockito.asm.MethodWriter,org.mockito.asm.ClassWriter,0.591166477916,522,883
EvoR,11,mockito,org.mockito.asm.MethodWriter,org.mockito.asm.ClassWriter,0.203850509626,180,883
EvoR,12,mockito,org.mockito.asm.MethodWriter,org.mockito.asm.ClassWriter,0.165345413364,146,883
EvoR,13,mockito,org.mockito.asm.MethodWriter,org.mockito.asm.ClassWriter,0.101925254813,90,883
EvoR,14,mockito,org.mockito.asm.MethodWriter,org.mockito.asm.ClassWriter,0.229898074745,203,883
EvoR,15,mockito,org.mockito.asm.MethodWriter,org.mockito.asm.ClassWriter,0.144960362401,128,883
EvoR,16,mockito,org.mockito.asm.MethodWriter,org.mockito.asm.ClassWriter,0.0996602491506,88,883
EvoR,17,mockito,org.mockito.asm.MethodWriter,org.mockito.asm.ClassWriter,0.220838052095,195,883
EvoR,18,mockito,org.mockito.asm.MethodWriter,org.mockito.asm.ClassWriter,0.208380520951,184,883
EvoR,19,mockito,org.mockito.asm.MethodWriter,org.mockito.asm.ClassWriter,0.194790486976,172,883
EvoR,20,mockito,org.mockito.asm.MethodWriter,org.mockito.asm.ClassWriter,0.193657984145,171,883
EvoR,1,mockito,org.mockito.cglib.core.AbstractClassGenerator,org.mockito.cglib.core.ReflectUtils,0.413127413127,214,518
EvoR,2,mockito,org.mockito.cglib.core.AbstractClassGenerator,org.mockito.cglib.core.ReflectUtils,0.388030888031,201,518
EvoR,3,mockito,org.mockito.cglib.core.AbstractClassGenerator,org.mockito.cglib.core.ReflectUtils,0.407335907336,211,518
EvoR,4,mockito,org.mockito.cglib.core.AbstractClassGenerator,org.mockito.cglib.core.ReflectUtils,0.374517374517,194,518
EvoR,5,mockito,org.mockito.cglib.core.AbstractClassGenerator,org.mockito.cglib.core.ReflectUtils,0.42471042471,220,518
EvoR,6,mockito,org.mockito.cglib.core.AbstractClassGenerator,org.mockito.cglib.core.ReflectUtils,0.374517374517,194,518
EvoR,7,mockito,org.mockito.cglib.core.AbstractClassGenerator,org.mockito.cglib.core.ReflectUtils,0.409266409266,212,518
EvoR,8,mockito,org.mockito.cglib.core.AbstractClassGenerator,org.mockito.cglib.core.ReflectUtils,0.471042471042,244,518
EvoR,9,mockito,org.mockito.cglib.core.AbstractClassGenerator,org.mockito.cglib.core.ReflectUtils,0.353281853282,183,518
EvoR,10,mockito,org.mockito.cglib.core.AbstractClassGenerator,org.mockito.cglib.core.ReflectUtils,0.409266409266,212,518
EvoR,11,mockito,org.mockito.cglib.core.AbstractClassGenerator,org.mockito.cglib.core.ReflectUtils,0.011583011583,6,518
EvoR,12,mockito,org.mockito.cglib.core.AbstractClassGenerator,org.mockito.cglib.core.ReflectUtils,0.011583011583,6,518
EvoR,13,mockito,org.mockito.cglib.core.AbstractClassGenerator,org.mockito.cglib.core.ReflectUtils,0.011583011583,6,518
EvoR,14,mockito,org.mockito.cglib.core.AbstractClassGenerator,org.mockito.cglib.core.ReflectUtils,0.00965250965251,5,518
EvoR,15,mockito,org.mockito.cglib.core.AbstractClassGenerator,org.mockito.cglib.core.ReflectUtils,0.011583011583,6,518
EvoR,16,mockito,org.mockito.cglib.core.AbstractClassGenerator,org.mockito.cglib.core.ReflectUtils,0.00965250965251,5,518
EvoR,17,mockito,org.mockito.cglib.core.AbstractClassGenerator,org.mockito.cglib.core.ReflectUtils,0.00965250965251,5,518
EvoR,18,mockito,org.mockito.cglib.core.AbstractClassGenerator,org.mockito.cglib.core.ReflectUtils,0.011583011583,6,518
EvoR,19,mockito,org.mockito.cglib.core.AbstractClassGenerator,org.mockito.cglib.core.ReflectUtils,0.011583011583,6,518
EvoR,20,mockito,org.mockito.cglib.core.AbstractClassGenerator,org.mockito.cglib.core.ReflectUtils,0.00965250965251,5,518
EvoR,1,mockito,org.mockito.cglib.core.CodeEmitter,org.mockito.cglib.core.ClassEmitter,0.608490566038,129,212
EvoR,2,mockito,org.mockito.cglib.core.CodeEmitter,org.mockito.cglib.core.ClassEmitter,0.542452830189,115,212
EvoR,3,mockito,org.mockito.cglib.core.CodeEmitter,org.mockito.cglib.core.ClassEmitter,0.584905660377,124,212
EvoR,4,mockito,org.mockito.cglib.core.CodeEmitter,org.mockito.cglib.core.ClassEmitter,0.528301886792,112,212
EvoR,5,mockito,org.mockito.cglib.core.CodeEmitter,org.mockito.cglib.core.ClassEmitter,0.528301886792,112,212
EvoR,6,mockito,org.mockito.cglib.core.CodeEmitter,org.mockito.cglib.core.ClassEmitter,0.768867924528,163,212
EvoR,7,mockito,org.mockito.cglib.core.CodeEmitter,org.mockito.cglib.core.ClassEmitter,0.580188679245,123,212
EvoR,8,mockito,org.mockito.cglib.core.CodeEmitter,org.mockito.cglib.core.ClassEmitter,0.518867924528,110,212
EvoR,9,mockito,org.mockito.cglib.core.CodeEmitter,org.mockito.cglib.core.ClassEmitter,0.52358490566,111,212
EvoR,10,mockito,org.mockito.cglib.core.CodeEmitter,org.mockito.cglib.core.ClassEmitter,0.542452830189,115,212
EvoR,11,mockito,org.mockito.cglib.core.CodeEmitter,org.mockito.cglib.core.ClassEmitter,0.0141509433962,3,212
EvoR,12,mockito,org.mockito.cglib.core.CodeEmitter,org.mockito.cglib.core.ClassEmitter,0.0141509433962,3,212
EvoR,13,mockito,org.mockito.cglib.core.CodeEmitter,org.mockito.cglib.core.ClassEmitter,0.0141509433962,3,212
EvoR,14,mockito,org.mockito.cglib.core.CodeEmitter,org.mockito.cglib.core.ClassEmitter,0.0141509433962,3,212
EvoR,15,mockito,org.mockito.cglib.core.CodeEmitter,org.mockito.cglib.core.ClassEmitter,0.0141509433962,3,212
EvoR,16,mockito,org.mockito.cglib.core.CodeEmitter,org.mockito.cglib.core.ClassEmitter,0.0141509433962,3,212
EvoR,17,mockito,org.mockito.cglib.core.CodeEmitter,org.mockito.cglib.core.ClassEmitter,0.382075471698,81,212
EvoR,18,mockito,org.mockito.cglib.core.CodeEmitter,org.mockito.cglib.core.ClassEmitter,0.0141509433962,3,212
EvoR,19,mockito,org.mockito.cglib.core.CodeEmitter,org.mockito.cglib.core.ClassEmitter,0.0141509433962,3,212
EvoR,20,mockito,org.mockito.cglib.core.CodeEmitter,org.mockito.cglib.core.ClassEmitter,0.0141509433962,3,212
EvoR,1,mockito,org.mockito.cglib.core.EmitUtils,org.mockito.cglib.core.CodeEmitter,0.295302013423,220,745
EvoR,2,mockito,org.mockito.cglib.core.EmitUtils,org.mockito.cglib.core.CodeEmitter,0.336912751678,251,745
EvoR,3,mockito,org.mockito.cglib.core.EmitUtils,org.mockito.cglib.core.CodeEmitter,0.302013422819,225,745
EvoR,4,mockito,org.mockito.cglib.core.EmitUtils,org.mockito.cglib.core.CodeEmitter,0.351677852349,262,745
EvoR,5,mockito,org.mockito.cglib.core.EmitUtils,org.mockito.cglib.core.CodeEmitter,0.371812080537,277,745
EvoR,6,mockito,org.mockito.cglib.core.EmitUtils,org.mockito.cglib.core.CodeEmitter,0.319463087248,238,745
EvoR,7,mockito,org.mockito.cglib.core.EmitUtils,org.mockito.cglib.core.CodeEmitter,0.36644295302,273,745
EvoR,8,mockito,org.mockito.cglib.core.EmitUtils,org.mockito.cglib.core.CodeEmitter,0.358389261745,267,745
EvoR,9,mockito,org.mockito.cglib.core.EmitUtils,org.mockito.cglib.core.CodeEmitter,0.351677852349,262,745
EvoR,10,mockito,org.mockito.cglib.core.EmitUtils,org.mockito.cglib.core.CodeEmitter,0.348993288591,260,745
EvoR,11,mockito,org.mockito.cglib.core.EmitUtils,org.mockito.cglib.core.CodeEmitter,0.0536912751678,40,745
EvoR,12,mockito,org.mockito.cglib.core.EmitUtils,org.mockito.cglib.core.CodeEmitter,0.00939597315436,7,745
EvoR,13,mockito,org.mockito.cglib.core.EmitUtils,org.mockito.cglib.core.CodeEmitter,0.055033557047,41,745
EvoR,14,mockito,org.mockito.cglib.core.EmitUtils,org.mockito.cglib.core.CodeEmitter,0.0510067114094,38,745
EvoR,15,mockito,org.mockito.cglib.core.EmitUtils,org.mockito.cglib.core.CodeEmitter,0.0523489932886,39,745
EvoR,16,mockito,org.mockito.cglib.core.EmitUtils,org.mockito.cglib.core.CodeEmitter,0.055033557047,41,745
EvoR,17,mockito,org.mockito.cglib.core.EmitUtils,org.mockito.cglib.core.CodeEmitter,0.0563758389262,42,745
EvoR,18,mockito,org.mockito.cglib.core.EmitUtils,org.mockito.cglib.core.CodeEmitter,0.0590604026846,44,745
EvoR,19,mockito,org.mockito.cglib.core.EmitUtils,org.mockito.cglib.core.CodeEmitter,0.0496644295302,37,745
EvoR,20,mockito,org.mockito.cglib.core.EmitUtils,org.mockito.cglib.core.CodeEmitter,0.0536912751678,40,745
EvoR,1,mockito,org.mockito.cglib.core.CodeEmitter,org.mockito.cglib.core.TypeUtils,0.92,667,725
EvoR,2,mockito,org.mockito.cglib.core.CodeEmitter,org.mockito.cglib.core.TypeUtils,0.862068965517,625,725
EvoR,3,mockito,org.mockito.cglib.core.CodeEmitter,org.mockito.cglib.core.TypeUtils,0.899310344828,652,725
EvoR,4,mockito,org.mockito.cglib.core.CodeEmitter,org.mockito.cglib.core.TypeUtils,0.902068965517,654,725
EvoR,5,mockito,org.mockito.cglib.core.CodeEmitter,org.mockito.cglib.core.TypeUtils,0.195862068966,142,725
EvoR,6,mockito,org.mockito.cglib.core.CodeEmitter,org.mockito.cglib.core.TypeUtils,0.895172413793,649,725
EvoR,7,mockito,org.mockito.cglib.core.CodeEmitter,org.mockito.cglib.core.TypeUtils,0.888275862069,644,725
EvoR,8,mockito,org.mockito.cglib.core.CodeEmitter,org.mockito.cglib.core.TypeUtils,0.886896551724,643,725
EvoR,9,mockito,org.mockito.cglib.core.CodeEmitter,org.mockito.cglib.core.TypeUtils,0.873103448276,633,725
EvoR,10,mockito,org.mockito.cglib.core.CodeEmitter,org.mockito.cglib.core.TypeUtils,0.88,638,725
EvoR,11,mockito,org.mockito.cglib.core.CodeEmitter,org.mockito.cglib.core.TypeUtils,0.19724137931,143,725
EvoR,12,mockito,org.mockito.cglib.core.CodeEmitter,org.mockito.cglib.core.TypeUtils,0.220689655172,160,725
EvoR,13,mockito,org.mockito.cglib.core.CodeEmitter,org.mockito.cglib.core.TypeUtils,0.219310344828,159,725
EvoR,14,mockito,org.mockito.cglib.core.CodeEmitter,org.mockito.cglib.core.TypeUtils,0.19724137931,143,725
EvoR,15,mockito,org.mockito.cglib.core.CodeEmitter,org.mockito.cglib.core.TypeUtils,0.19724137931,143,725
EvoR,16,mockito,org.mockito.cglib.core.CodeEmitter,org.mockito.cglib.core.TypeUtils,0.216551724138,157,725
EvoR,17,mockito,org.mockito.cglib.core.CodeEmitter,org.mockito.cglib.core.TypeUtils,0.339310344828,246,725
EvoR,18,mockito,org.mockito.cglib.core.CodeEmitter,org.mockito.cglib.core.TypeUtils,0.20275862069,147,725
EvoR,19,mockito,org.mockito.cglib.core.CodeEmitter,org.mockito.cglib.core.TypeUtils,0.190344827586,138,725
EvoR,20,mockito,org.mockito.cglib.core.CodeEmitter,org.mockito.cglib.core.TypeUtils,0.20275862069,147,725
EvoR,1,mockito,org.mockito.cglib.proxy.Mixin$Generator,org.mockito.cglib.core.ReflectUtils,0.401544401544,208,518
EvoR,2,mockito,org.mockito.cglib.proxy.Mixin$Generator,org.mockito.cglib.core.ReflectUtils,0.38416988417,199,518
EvoR,3,mockito,org.mockito.cglib.proxy.Mixin$Generator,org.mockito.cglib.core.ReflectUtils,0.388030888031,201,518
EvoR,4,mockito,org.mockito.cglib.proxy.Mixin$Generator,org.mockito.cglib.core.ReflectUtils,0.374517374517,194,518
EvoR,5,mockito,org.mockito.cglib.proxy.Mixin$Generator,org.mockito.cglib.core.ReflectUtils,0.465250965251,241,518
EvoR,6,mockito,org.mockito.cglib.proxy.Mixin$Generator,org.mockito.cglib.core.ReflectUtils,0.380308880309,197,518
EvoR,7,mockito,org.mockito.cglib.proxy.Mixin$Generator,org.mockito.cglib.core.ReflectUtils,0.409266409266,212,518
EvoR,8,mockito,org.mockito.cglib.proxy.Mixin$Generator,org.mockito.cglib.core.ReflectUtils,0.472972972973,245,518
EvoR,9,mockito,org.mockito.cglib.proxy.Mixin$Generator,org.mockito.cglib.core.ReflectUtils,0.351351351351,182,518
EvoR,10,mockito,org.mockito.cglib.proxy.Mixin$Generator,org.mockito.cglib.core.ReflectUtils,0.399613899614,207,518
EvoR,11,mockito,org.mockito.cglib.proxy.Mixin$Generator,org.mockito.cglib.core.ReflectUtils,0.015444015444,8,518
EvoR,12,mockito,org.mockito.cglib.proxy.Mixin$Generator,org.mockito.cglib.core.ReflectUtils,0.00772200772201,4,518
EvoR,13,mockito,org.mockito.cglib.proxy.Mixin$Generator,org.mockito.cglib.core.ReflectUtils,0.1138996139,59,518
EvoR,14,mockito,org.mockito.cglib.proxy.Mixin$Generator,org.mockito.cglib.core.ReflectUtils,0.1138996139,59,518
EvoR,15,mockito,org.mockito.cglib.proxy.Mixin$Generator,org.mockito.cglib.core.ReflectUtils,0.015444015444,8,518
EvoR,16,mockito,org.mockito.cglib.proxy.Mixin$Generator,org.mockito.cglib.core.ReflectUtils,0.1138996139,59,518
EvoR,17,mockito,org.mockito.cglib.proxy.Mixin$Generator,org.mockito.cglib.core.ReflectUtils,0.1138996139,59,518
EvoR,18,mockito,org.mockito.cglib.proxy.Mixin$Generator,org.mockito.cglib.core.ReflectUtils,0.1138996139,59,518
EvoR,19,mockito,org.mockito.cglib.proxy.Mixin$Generator,org.mockito.cglib.core.ReflectUtils,0.015444015444,8,518
EvoR,20,mockito,org.mockito.cglib.proxy.Mixin$Generator,org.mockito.cglib.core.ReflectUtils,0.1138996139,59,518
EvoR,1,mockito,org.mockito.cglib.transform.impl.AddDelegateTransformer,org.mockito.cglib.core.ReflectUtils,0.397683397683,206,518
EvoR,2,mockito,org.mockito.cglib.transform.impl.AddDelegateTransformer,org.mockito.cglib.core.ReflectUtils,0.3861003861,200,518
EvoR,3,mockito,org.mockito.cglib.transform.impl.AddDelegateTransformer,org.mockito.cglib.core.ReflectUtils,0.3861003861,200,518
EvoR,4,mockito,org.mockito.cglib.transform.impl.AddDelegateTransformer,org.mockito.cglib.core.ReflectUtils,0.368725868726,191,518
EvoR,5,mockito,org.mockito.cglib.transform.impl.AddDelegateTransformer,org.mockito.cglib.core.ReflectUtils,0.405405405405,210,518
EvoR,6,mockito,org.mockito.cglib.transform.impl.AddDelegateTransformer,org.mockito.cglib.core.ReflectUtils,0.368725868726,191,518
EvoR,7,mockito,org.mockito.cglib.transform.impl.AddDelegateTransformer,org.mockito.cglib.core.ReflectUtils,0.407335907336,211,518
EvoR,8,mockito,org.mockito.cglib.transform.impl.AddDelegateTransformer,org.mockito.cglib.core.ReflectUtils,0.42471042471,220,518
EvoR,9,mockito,org.mockito.cglib.transform.impl.AddDelegateTransformer,org.mockito.cglib.core.ReflectUtils,0.341698841699,177,518
EvoR,10,mockito,org.mockito.cglib.transform.impl.AddDelegateTransformer,org.mockito.cglib.core.ReflectUtils,0.401544401544,208,518
EvoR,11,mockito,org.mockito.cglib.transform.impl.AddDelegateTransformer,org.mockito.cglib.core.ReflectUtils,0.0,0,518
EvoR,12,mockito,org.mockito.cglib.transform.impl.AddDelegateTransformer,org.mockito.cglib.core.ReflectUtils,0.0,0,518
EvoR,13,mockito,org.mockito.cglib.transform.impl.AddDelegateTransformer,org.mockito.cglib.core.ReflectUtils,0.0,0,518
EvoR,14,mockito,org.mockito.cglib.transform.impl.AddDelegateTransformer,org.mockito.cglib.core.ReflectUtils,0.0,0,518
EvoR,15,mockito,org.mockito.cglib.transform.impl.AddDelegateTransformer,org.mockito.cglib.core.ReflectUtils,0.0,0,518
EvoR,16,mockito,org.mockito.cglib.transform.impl.AddDelegateTransformer,org.mockito.cglib.core.ReflectUtils,0.0,0,518
EvoR,17,mockito,org.mockito.cglib.transform.impl.AddDelegateTransformer,org.mockito.cglib.core.ReflectUtils,0.0,0,518
EvoR,18,mockito,org.mockito.cglib.transform.impl.AddDelegateTransformer,org.mockito.cglib.core.ReflectUtils,0.0,0,518
EvoR,19,mockito,org.mockito.cglib.transform.impl.AddDelegateTransformer,org.mockito.cglib.core.ReflectUtils,0.0,0,518
EvoR,20,mockito,org.mockito.cglib.transform.impl.AddDelegateTransformer,org.mockito.cglib.core.ReflectUtils,0.0,0,518
EvoR,1,math,org.apache.commons.math.fraction.ProperFractionFormat,org.apache.commons.math.fraction.FractionFormat,0.847953216374,145,171
EvoR,2,math,org.apache.commons.math.fraction.ProperFractionFormat,org.apache.commons.math.fraction.FractionFormat,0.836257309942,143,171
EvoR,3,math,org.apache.commons.math.fraction.ProperFractionFormat,org.apache.commons.math.fraction.FractionFormat,0.87134502924,149,171
EvoR,4,math,org.apache.commons.math.fraction.ProperFractionFormat,org.apache.commons.math.fraction.FractionFormat,0.847953216374,145,171
EvoR,5,math,org.apache.commons.math.fraction.ProperFractionFormat,org.apache.commons.math.fraction.FractionFormat,0.824561403509,141,171
EvoR,6,math,org.apache.commons.math.fraction.ProperFractionFormat,org.apache.commons.math.fraction.FractionFormat,0.847953216374,145,171
EvoR,7,math,org.apache.commons.math.fraction.ProperFractionFormat,org.apache.commons.math.fraction.FractionFormat,0.824561403509,141,171
EvoR,8,math,org.apache.commons.math.fraction.ProperFractionFormat,org.apache.commons.math.fraction.FractionFormat,0.830409356725,142,171
EvoR,9,math,org.apache.commons.math.fraction.ProperFractionFormat,org.apache.commons.math.fraction.FractionFormat,0.853801169591,146,171
EvoR,10,math,org.apache.commons.math.fraction.ProperFractionFormat,org.apache.commons.math.fraction.FractionFormat,0.847953216374,145,171
EvoR,11,math,org.apache.commons.math.fraction.ProperFractionFormat,org.apache.commons.math.fraction.FractionFormat,0.415204678363,71,171
EvoR,12,math,org.apache.commons.math.fraction.ProperFractionFormat,org.apache.commons.math.fraction.FractionFormat,0.33918128655,58,171
EvoR,13,math,org.apache.commons.math.fraction.ProperFractionFormat,org.apache.commons.math.fraction.FractionFormat,0.415204678363,71,171
EvoR,14,math,org.apache.commons.math.fraction.ProperFractionFormat,org.apache.commons.math.fraction.FractionFormat,0.520467836257,89,171
EvoR,15,math,org.apache.commons.math.fraction.ProperFractionFormat,org.apache.commons.math.fraction.FractionFormat,0.315789473684,54,171
EvoR,16,math,org.apache.commons.math.fraction.ProperFractionFormat,org.apache.commons.math.fraction.FractionFormat,0.40350877193,69,171
EvoR,17,math,org.apache.commons.math.fraction.ProperFractionFormat,org.apache.commons.math.fraction.FractionFormat,0.356725146199,61,171
EvoR,18,math,org.apache.commons.math.fraction.ProperFractionFormat,org.apache.commons.math.fraction.FractionFormat,0.421052631579,72,171
EvoR,19,math,org.apache.commons.math.fraction.ProperFractionFormat,org.apache.commons.math.fraction.FractionFormat,0.397660818713,68,171
EvoR,20,math,org.apache.commons.math.fraction.ProperFractionFormat,org.apache.commons.math.fraction.FractionFormat,0.444444444444,76,171
EvoR,1,math,org.apache.commons.math.stat.descriptive.AbstractStorelessUnivariateStatistic,org.apache.commons.math.stat.descriptive.moment.Variance,0.553333333333,83,150
EvoR,2,math,org.apache.commons.math.stat.descriptive.AbstractStorelessUnivariateStatistic,org.apache.commons.math.stat.descriptive.moment.Variance,0.526666666667,79,150
EvoR,3,math,org.apache.commons.math.stat.descriptive.AbstractStorelessUnivariateStatistic,org.apache.commons.math.stat.descriptive.moment.Variance,0.573333333333,86,150
EvoR,4,math,org.apache.commons.math.stat.descriptive.AbstractStorelessUnivariateStatistic,org.apache.commons.math.stat.descriptive.moment.Variance,0.513333333333,77,150
EvoR,5,math,org.apache.commons.math.stat.descriptive.AbstractStorelessUnivariateStatistic,org.apache.commons.math.stat.descriptive.moment.Variance,0.533333333333,80,150
EvoR,6,math,org.apache.commons.math.stat.descriptive.AbstractStorelessUnivariateStatistic,org.apache.commons.math.stat.descriptive.moment.Variance,0.553333333333,83,150
EvoR,7,math,org.apache.commons.math.stat.descriptive.AbstractStorelessUnivariateStatistic,org.apache.commons.math.stat.descriptive.moment.Variance,0.546666666667,82,150
EvoR,8,math,org.apache.commons.math.stat.descriptive.AbstractStorelessUnivariateStatistic,org.apache.commons.math.stat.descriptive.moment.Variance,0.553333333333,83,150
EvoR,9,math,org.apache.commons.math.stat.descriptive.AbstractStorelessUnivariateStatistic,org.apache.commons.math.stat.descriptive.moment.Variance,0.56,84,150
EvoR,10,math,org.apache.commons.math.stat.descriptive.AbstractStorelessUnivariateStatistic,org.apache.commons.math.stat.descriptive.moment.Variance,0.553333333333,83,150
EvoR,11,math,org.apache.commons.math.stat.descriptive.AbstractStorelessUnivariateStatistic,org.apache.commons.math.stat.descriptive.moment.Variance,0.00666666666667,1,150
EvoR,12,math,org.apache.commons.math.stat.descriptive.AbstractStorelessUnivariateStatistic,org.apache.commons.math.stat.descriptive.moment.Variance,0.0,0,150
EvoR,13,math,org.apache.commons.math.stat.descriptive.AbstractStorelessUnivariateStatistic,org.apache.commons.math.stat.descriptive.moment.Variance,0.0333333333333,5,150
EvoR,14,math,org.apache.commons.math.stat.descriptive.AbstractStorelessUnivariateStatistic,org.apache.commons.math.stat.descriptive.moment.Variance,0.0,0,150
EvoR,15,math,org.apache.commons.math.stat.descriptive.AbstractStorelessUnivariateStatistic,org.apache.commons.math.stat.descriptive.moment.Variance,0.00666666666667,1,150
EvoR,16,math,org.apache.commons.math.stat.descriptive.AbstractStorelessUnivariateStatistic,org.apache.commons.math.stat.descriptive.moment.Variance,0.0333333333333,5,150
EvoR,17,math,org.apache.commons.math.stat.descriptive.AbstractStorelessUnivariateStatistic,org.apache.commons.math.stat.descriptive.moment.Variance,0.0333333333333,5,150
EvoR,18,math,org.apache.commons.math.stat.descriptive.AbstractStorelessUnivariateStatistic,org.apache.commons.math.stat.descriptive.moment.Variance,0.0,0,150
EvoR,19,math,org.apache.commons.math.stat.descriptive.AbstractStorelessUnivariateStatistic,org.apache.commons.math.stat.descriptive.moment.Variance,0.0,0,150
EvoR,20,math,org.apache.commons.math.stat.descriptive.AbstractStorelessUnivariateStatistic,org.apache.commons.math.stat.descriptive.moment.Variance,0.0,0,150
EvoR,1,math,org.apache.commons.math.ode.EmbeddedRungeKuttaIntegrator,org.apache.commons.math.ode.DormandPrince853Integrator,0.208695652174,24,115
EvoR,2,math,org.apache.commons.math.ode.EmbeddedRungeKuttaIntegrator,org.apache.commons.math.ode.DormandPrince853Integrator,0.24347826087,28,115
EvoR,3,math,org.apache.commons.math.ode.EmbeddedRungeKuttaIntegrator,org.apache.commons.math.ode.DormandPrince853Integrator,0.260869565217,30,115
EvoR,4,math,org.apache.commons.math.ode.EmbeddedRungeKuttaIntegrator,org.apache.commons.math.ode.DormandPrince853Integrator,0.121739130435,14,115
EvoR,5,math,org.apache.commons.math.ode.EmbeddedRungeKuttaIntegrator,org.apache.commons.math.ode.DormandPrince853Integrator,0.260869565217,30,115
EvoR,6,math,org.apache.commons.math.ode.EmbeddedRungeKuttaIntegrator,org.apache.commons.math.ode.DormandPrince853Integrator,0.313043478261,36,115
EvoR,7,math,org.apache.commons.math.ode.EmbeddedRungeKuttaIntegrator,org.apache.commons.math.ode.DormandPrince853Integrator,0.130434782609,15,115
EvoR,8,math,org.apache.commons.math.ode.EmbeddedRungeKuttaIntegrator,org.apache.commons.math.ode.DormandPrince853Integrator,0.260869565217,30,115
EvoR,9,math,org.apache.commons.math.ode.EmbeddedRungeKuttaIntegrator,org.apache.commons.math.ode.DormandPrince853Integrator,0.252173913043,29,115
EvoR,10,math,org.apache.commons.math.ode.EmbeddedRungeKuttaIntegrator,org.apache.commons.math.ode.DormandPrince853Integrator,0.173913043478,20,115
EvoR,11,math,org.apache.commons.math.ode.EmbeddedRungeKuttaIntegrator,org.apache.commons.math.ode.DormandPrince853Integrator,0.0,0,115
EvoR,12,math,org.apache.commons.math.ode.EmbeddedRungeKuttaIntegrator,org.apache.commons.math.ode.DormandPrince853Integrator,0.0,0,115
EvoR,13,math,org.apache.commons.math.ode.EmbeddedRungeKuttaIntegrator,org.apache.commons.math.ode.DormandPrince853Integrator,0.0434782608696,5,115
EvoR,14,math,org.apache.commons.math.ode.EmbeddedRungeKuttaIntegrator,org.apache.commons.math.ode.DormandPrince853Integrator,0.0,0,115
EvoR,15,math,org.apache.commons.math.ode.EmbeddedRungeKuttaIntegrator,org.apache.commons.math.ode.DormandPrince853Integrator,0.0608695652174,7,115
EvoR,16,math,org.apache.commons.math.ode.EmbeddedRungeKuttaIntegrator,org.apache.commons.math.ode.DormandPrince853Integrator,0.191304347826,22,115
EvoR,17,math,org.apache.commons.math.ode.EmbeddedRungeKuttaIntegrator,org.apache.commons.math.ode.DormandPrince853Integrator,0.0434782608696,5,115
EvoR,18,math,org.apache.commons.math.ode.EmbeddedRungeKuttaIntegrator,org.apache.commons.math.ode.DormandPrince853Integrator,0.0434782608696,5,115
EvoR,19,math,org.apache.commons.math.ode.EmbeddedRungeKuttaIntegrator,org.apache.commons.math.ode.DormandPrince853Integrator,0.0869565217391,10,115
EvoR,20,math,org.apache.commons.math.ode.EmbeddedRungeKuttaIntegrator,org.apache.commons.math.ode.DormandPrince853Integrator,0.0434782608696,5,115
EvoR,1,math,org.apache.commons.math.analysis.MullerSolver,org.apache.commons.math.analysis.UnivariateRealSolverImpl,0.264150943396,42,159
EvoR,2,math,org.apache.commons.math.analysis.MullerSolver,org.apache.commons.math.analysis.UnivariateRealSolverImpl,0.295597484277,47,159
EvoR,3,math,org.apache.commons.math.analysis.MullerSolver,org.apache.commons.math.analysis.UnivariateRealSolverImpl,0.295597484277,47,159
EvoR,4,math,org.apache.commons.math.analysis.MullerSolver,org.apache.commons.math.analysis.UnivariateRealSolverImpl,0.289308176101,46,159
EvoR,5,math,org.apache.commons.math.analysis.MullerSolver,org.apache.commons.math.analysis.UnivariateRealSolverImpl,0.22641509434,36,159
EvoR,6,math,org.apache.commons.math.analysis.MullerSolver,org.apache.commons.math.analysis.UnivariateRealSolverImpl,0.245283018868,39,159
EvoR,7,math,org.apache.commons.math.analysis.MullerSolver,org.apache.commons.math.analysis.UnivariateRealSolverImpl,0.283018867925,45,159
EvoR,8,math,org.apache.commons.math.analysis.MullerSolver,org.apache.commons.math.analysis.UnivariateRealSolverImpl,0.276729559748,44,159
EvoR,9,math,org.apache.commons.math.analysis.MullerSolver,org.apache.commons.math.analysis.UnivariateRealSolverImpl,0.220125786164,35,159
EvoR,10,math,org.apache.commons.math.analysis.MullerSolver,org.apache.commons.math.analysis.UnivariateRealSolverImpl,0.295597484277,47,159
EvoR,11,math,org.apache.commons.math.analysis.MullerSolver,org.apache.commons.math.analysis.UnivariateRealSolverImpl,0.245283018868,39,159
EvoR,12,math,org.apache.commons.math.analysis.MullerSolver,org.apache.commons.math.analysis.UnivariateRealSolverImpl,0.270440251572,43,159
EvoR,13,math,org.apache.commons.math.analysis.MullerSolver,org.apache.commons.math.analysis.UnivariateRealSolverImpl,0.213836477987,34,159
EvoR,14,math,org.apache.commons.math.analysis.MullerSolver,org.apache.commons.math.analysis.UnivariateRealSolverImpl,0.276729559748,44,159
EvoR,15,math,org.apache.commons.math.analysis.MullerSolver,org.apache.commons.math.analysis.UnivariateRealSolverImpl,0.295597484277,47,159
EvoR,16,math,org.apache.commons.math.analysis.MullerSolver,org.apache.commons.math.analysis.UnivariateRealSolverImpl,0.232704402516,37,159
EvoR,17,math,org.apache.commons.math.analysis.MullerSolver,org.apache.commons.math.analysis.UnivariateRealSolverImpl,0.283018867925,45,159
EvoR,18,math,org.apache.commons.math.analysis.MullerSolver,org.apache.commons.math.analysis.UnivariateRealSolverImpl,0.232704402516,37,159
EvoR,19,math,org.apache.commons.math.analysis.MullerSolver,org.apache.commons.math.analysis.UnivariateRealSolverImpl,0.276729559748,44,159
EvoR,20,math,org.apache.commons.math.analysis.MullerSolver,org.apache.commons.math.analysis.UnivariateRealSolverImpl,0.238993710692,38,159
EvoR,1,math,org.apache.commons.math.distribution.AbstractIntegerDistribution,org.apache.commons.math.distribution.HypergeometricDistributionImpl,0.846666666667,127,150
EvoR,2,math,org.apache.commons.math.distribution.AbstractIntegerDistribution,org.apache.commons.math.distribution.HypergeometricDistributionImpl,0.753333333333,113,150
EvoR,3,math,org.apache.commons.math.distribution.AbstractIntegerDistribution,org.apache.commons.math.distribution.HypergeometricDistributionImpl,0.833333333333,125,150
EvoR,4,math,org.apache.commons.math.distribution.AbstractIntegerDistribution,org.apache.commons.math.distribution.HypergeometricDistributionImpl,0.74,111,150
EvoR,5,math,org.apache.commons.math.distribution.AbstractIntegerDistribution,org.apache.commons.math.distribution.HypergeometricDistributionImpl,0.72,108,150
EvoR,6,math,org.apache.commons.math.distribution.AbstractIntegerDistribution,org.apache.commons.math.distribution.HypergeometricDistributionImpl,0.8,120,150
EvoR,7,math,org.apache.commons.math.distribution.AbstractIntegerDistribution,org.apache.commons.math.distribution.HypergeometricDistributionImpl,0.693333333333,104,150
EvoR,8,math,org.apache.commons.math.distribution.AbstractIntegerDistribution,org.apache.commons.math.distribution.HypergeometricDistributionImpl,0.72,108,150
EvoR,9,math,org.apache.commons.math.distribution.AbstractIntegerDistribution,org.apache.commons.math.distribution.HypergeometricDistributionImpl,0.62,93,150
EvoR,10,math,org.apache.commons.math.distribution.AbstractIntegerDistribution,org.apache.commons.math.distribution.HypergeometricDistributionImpl,0.78,117,150
EvoR,11,math,org.apache.commons.math.distribution.AbstractIntegerDistribution,org.apache.commons.math.distribution.HypergeometricDistributionImpl,0.0,0,150
EvoR,12,math,org.apache.commons.math.distribution.AbstractIntegerDistribution,org.apache.commons.math.distribution.HypergeometricDistributionImpl,0.0,0,150
EvoR,13,math,org.apache.commons.math.distribution.AbstractIntegerDistribution,org.apache.commons.math.distribution.HypergeometricDistributionImpl,0.0,0,150
EvoR,14,math,org.apache.commons.math.distribution.AbstractIntegerDistribution,org.apache.commons.math.distribution.HypergeometricDistributionImpl,0.0733333333333,11,150
EvoR,15,math,org.apache.commons.math.distribution.AbstractIntegerDistribution,org.apache.commons.math.distribution.HypergeometricDistributionImpl,0.446666666667,67,150
EvoR,16,math,org.apache.commons.math.distribution.AbstractIntegerDistribution,org.apache.commons.math.distribution.HypergeometricDistributionImpl,0.0,0,150
EvoR,17,math,org.apache.commons.math.distribution.AbstractIntegerDistribution,org.apache.commons.math.distribution.HypergeometricDistributionImpl,0.0,0,150
EvoR,18,math,org.apache.commons.math.distribution.AbstractIntegerDistribution,org.apache.commons.math.distribution.HypergeometricDistributionImpl,0.0,0,150
EvoR,19,math,org.apache.commons.math.distribution.AbstractIntegerDistribution,org.apache.commons.math.distribution.HypergeometricDistributionImpl,0.0,0,150
EvoR,20,math,org.apache.commons.math.distribution.AbstractIntegerDistribution,org.apache.commons.math.distribution.HypergeometricDistributionImpl,0.0,0,150
EvoR,1,math,org.apache.commons.math.ode.GraggBulirschStoerStepInterpolator,org.apache.commons.math.ode.AbstractStepInterpolator,0.221374045802,29,131
EvoR,2,math,org.apache.commons.math.ode.GraggBulirschStoerStepInterpolator,org.apache.commons.math.ode.AbstractStepInterpolator,0.221374045802,29,131
EvoR,3,math,org.apache.commons.math.ode.GraggBulirschStoerStepInterpolator,org.apache.commons.math.ode.AbstractStepInterpolator,0.167938931298,22,131
EvoR,4,math,org.apache.commons.math.ode.GraggBulirschStoerStepInterpolator,org.apache.commons.math.ode.AbstractStepInterpolator,0.18320610687,24,131
EvoR,5,math,org.apache.commons.math.ode.GraggBulirschStoerStepInterpolator,org.apache.commons.math.ode.AbstractStepInterpolator,0.190839694656,25,131
EvoR,6,math,org.apache.commons.math.ode.GraggBulirschStoerStepInterpolator,org.apache.commons.math.ode.AbstractStepInterpolator,0.213740458015,28,131
EvoR,7,math,org.apache.commons.math.ode.GraggBulirschStoerStepInterpolator,org.apache.commons.math.ode.AbstractStepInterpolator,0.198473282443,26,131
EvoR,8,math,org.apache.commons.math.ode.GraggBulirschStoerStepInterpolator,org.apache.commons.math.ode.AbstractStepInterpolator,0.213740458015,28,131
EvoR,9,math,org.apache.commons.math.ode.GraggBulirschStoerStepInterpolator,org.apache.commons.math.ode.AbstractStepInterpolator,0.190839694656,25,131
EvoR,10,math,org.apache.commons.math.ode.GraggBulirschStoerStepInterpolator,org.apache.commons.math.ode.AbstractStepInterpolator,0.18320610687,24,131
EvoR,11,math,org.apache.commons.math.ode.GraggBulirschStoerStepInterpolator,org.apache.commons.math.ode.AbstractStepInterpolator,0.24427480916,32,131
EvoR,12,math,org.apache.commons.math.ode.GraggBulirschStoerStepInterpolator,org.apache.commons.math.ode.AbstractStepInterpolator,0.213740458015,28,131
EvoR,13,math,org.apache.commons.math.ode.GraggBulirschStoerStepInterpolator,org.apache.commons.math.ode.AbstractStepInterpolator,0.167938931298,22,131
EvoR,14,math,org.apache.commons.math.ode.GraggBulirschStoerStepInterpolator,org.apache.commons.math.ode.AbstractStepInterpolator,0.198473282443,26,131
EvoR,15,math,org.apache.commons.math.ode.GraggBulirschStoerStepInterpolator,org.apache.commons.math.ode.AbstractStepInterpolator,0.213740458015,28,131
EvoR,16,math,org.apache.commons.math.ode.GraggBulirschStoerStepInterpolator,org.apache.commons.math.ode.AbstractStepInterpolator,0.221374045802,29,131
EvoR,17,math,org.apache.commons.math.ode.GraggBulirschStoerStepInterpolator,org.apache.commons.math.ode.AbstractStepInterpolator,0.221374045802,29,131
EvoR,18,math,org.apache.commons.math.ode.GraggBulirschStoerStepInterpolator,org.apache.commons.math.ode.AbstractStepInterpolator,0.24427480916,32,131
EvoR,19,math,org.apache.commons.math.ode.GraggBulirschStoerStepInterpolator,org.apache.commons.math.ode.AbstractStepInterpolator,0.152671755725,20,131
EvoR,20,math,org.apache.commons.math.ode.GraggBulirschStoerStepInterpolator,org.apache.commons.math.ode.AbstractStepInterpolator,0.198473282443,26,131
EvoR,1,math,org.apache.commons.math.ode.EmbeddedRungeKuttaIntegrator,org.apache.commons.math.ode.HighamHall54Integrator,0.5,25,50
EvoR,2,math,org.apache.commons.math.ode.EmbeddedRungeKuttaIntegrator,org.apache.commons.math.ode.HighamHall54Integrator,0.42,21,50
EvoR,3,math,org.apache.commons.math.ode.EmbeddedRungeKuttaIntegrator,org.apache.commons.math.ode.HighamHall54Integrator,0.56,28,50
EvoR,4,math,org.apache.commons.math.ode.EmbeddedRungeKuttaIntegrator,org.apache.commons.math.ode.HighamHall54Integrator,0.5,25,50
EvoR,5,math,org.apache.commons.math.ode.EmbeddedRungeKuttaIntegrator,org.apache.commons.math.ode.HighamHall54Integrator,0.52,26,50
EvoR,6,math,org.apache.commons.math.ode.EmbeddedRungeKuttaIntegrator,org.apache.commons.math.ode.HighamHall54Integrator,0.48,24,50
EvoR,7,math,org.apache.commons.math.ode.EmbeddedRungeKuttaIntegrator,org.apache.commons.math.ode.HighamHall54Integrator,0.42,21,50
EvoR,8,math,org.apache.commons.math.ode.EmbeddedRungeKuttaIntegrator,org.apache.commons.math.ode.HighamHall54Integrator,0.54,27,50
EvoR,9,math,org.apache.commons.math.ode.EmbeddedRungeKuttaIntegrator,org.apache.commons.math.ode.HighamHall54Integrator,0.0,0,50
EvoR,10,math,org.apache.commons.math.ode.EmbeddedRungeKuttaIntegrator,org.apache.commons.math.ode.HighamHall54Integrator,0.48,24,50
EvoR,11,math,org.apache.commons.math.ode.EmbeddedRungeKuttaIntegrator,org.apache.commons.math.ode.HighamHall54Integrator,0.0,0,50
EvoR,12,math,org.apache.commons.math.ode.EmbeddedRungeKuttaIntegrator,org.apache.commons.math.ode.HighamHall54Integrator,0.2,10,50
EvoR,13,math,org.apache.commons.math.ode.EmbeddedRungeKuttaIntegrator,org.apache.commons.math.ode.HighamHall54Integrator,0.1,5,50
EvoR,14,math,org.apache.commons.math.ode.EmbeddedRungeKuttaIntegrator,org.apache.commons.math.ode.HighamHall54Integrator,0.16,8,50
EvoR,15,math,org.apache.commons.math.ode.EmbeddedRungeKuttaIntegrator,org.apache.commons.math.ode.HighamHall54Integrator,0.0,0,50
EvoR,16,math,org.apache.commons.math.ode.EmbeddedRungeKuttaIntegrator,org.apache.commons.math.ode.HighamHall54Integrator,0.0,0,50
EvoR,17,math,org.apache.commons.math.ode.EmbeddedRungeKuttaIntegrator,org.apache.commons.math.ode.HighamHall54Integrator,0.1,5,50
EvoR,18,math,org.apache.commons.math.ode.EmbeddedRungeKuttaIntegrator,org.apache.commons.math.ode.HighamHall54Integrator,0.0,0,50
EvoR,19,math,org.apache.commons.math.ode.EmbeddedRungeKuttaIntegrator,org.apache.commons.math.ode.HighamHall54Integrator,0.32,16,50
EvoR,20,math,org.apache.commons.math.ode.EmbeddedRungeKuttaIntegrator,org.apache.commons.math.ode.HighamHall54Integrator,0.34,17,50
EvoR,1,math,org.apache.commons.math.ode.GraggBulirschStoerIntegrator,org.apache.commons.math.ode.AdaptiveStepsizeIntegrator,0.370503597122,103,278
EvoR,2,math,org.apache.commons.math.ode.GraggBulirschStoerIntegrator,org.apache.commons.math.ode.AdaptiveStepsizeIntegrator,0.413669064748,115,278
EvoR,3,math,org.apache.commons.math.ode.GraggBulirschStoerIntegrator,org.apache.commons.math.ode.AdaptiveStepsizeIntegrator,0.482014388489,134,278
EvoR,4,math,org.apache.commons.math.ode.GraggBulirschStoerIntegrator,org.apache.commons.math.ode.AdaptiveStepsizeIntegrator,0.420863309353,117,278
EvoR,5,math,org.apache.commons.math.ode.GraggBulirschStoerIntegrator,org.apache.commons.math.ode.AdaptiveStepsizeIntegrator,0.41726618705,116,278
EvoR,6,math,org.apache.commons.math.ode.GraggBulirschStoerIntegrator,org.apache.commons.math.ode.AdaptiveStepsizeIntegrator,0.428057553957,119,278
EvoR,7,math,org.apache.commons.math.ode.GraggBulirschStoerIntegrator,org.apache.commons.math.ode.AdaptiveStepsizeIntegrator,0.356115107914,99,278
EvoR,8,math,org.apache.commons.math.ode.GraggBulirschStoerIntegrator,org.apache.commons.math.ode.AdaptiveStepsizeIntegrator,0.424460431655,118,278
EvoR,9,math,org.apache.commons.math.ode.GraggBulirschStoerIntegrator,org.apache.commons.math.ode.AdaptiveStepsizeIntegrator,0.320143884892,89,278
EvoR,10,math,org.apache.commons.math.ode.GraggBulirschStoerIntegrator,org.apache.commons.math.ode.AdaptiveStepsizeIntegrator,0.381294964029,106,278
EvoR,11,math,org.apache.commons.math.ode.GraggBulirschStoerIntegrator,org.apache.commons.math.ode.AdaptiveStepsizeIntegrator,0.151079136691,42,278
EvoR,12,math,org.apache.commons.math.ode.GraggBulirschStoerIntegrator,org.apache.commons.math.ode.AdaptiveStepsizeIntegrator,0.187050359712,52,278
EvoR,13,math,org.apache.commons.math.ode.GraggBulirschStoerIntegrator,org.apache.commons.math.ode.AdaptiveStepsizeIntegrator,0.169064748201,47,278
EvoR,14,math,org.apache.commons.math.ode.GraggBulirschStoerIntegrator,org.apache.commons.math.ode.AdaptiveStepsizeIntegrator,0.201438848921,56,278
EvoR,15,math,org.apache.commons.math.ode.GraggBulirschStoerIntegrator,org.apache.commons.math.ode.AdaptiveStepsizeIntegrator,0.187050359712,52,278
EvoR,16,math,org.apache.commons.math.ode.GraggBulirschStoerIntegrator,org.apache.commons.math.ode.AdaptiveStepsizeIntegrator,0.190647482014,53,278
EvoR,17,math,org.apache.commons.math.ode.GraggBulirschStoerIntegrator,org.apache.commons.math.ode.AdaptiveStepsizeIntegrator,0.176258992806,49,278
EvoR,18,math,org.apache.commons.math.ode.GraggBulirschStoerIntegrator,org.apache.commons.math.ode.AdaptiveStepsizeIntegrator,0.187050359712,52,278
EvoR,19,math,org.apache.commons.math.ode.GraggBulirschStoerIntegrator,org.apache.commons.math.ode.AdaptiveStepsizeIntegrator,0.201438848921,56,278
EvoR,20,math,org.apache.commons.math.ode.GraggBulirschStoerIntegrator,org.apache.commons.math.ode.AdaptiveStepsizeIntegrator,0.179856115108,50,278
EvoR,1,math,org.apache.commons.math.ode.AbstractStepInterpolator,org.apache.commons.math.ode.DormandPrince853StepInterpolator,0.140703517588,56,398
EvoR,2,math,org.apache.commons.math.ode.AbstractStepInterpolator,org.apache.commons.math.ode.DormandPrince853StepInterpolator,0.158291457286,63,398
EvoR,3,math,org.apache.commons.math.ode.AbstractStepInterpolator,org.apache.commons.math.ode.DormandPrince853StepInterpolator,0.155778894472,62,398
EvoR,4,math,org.apache.commons.math.ode.AbstractStepInterpolator,org.apache.commons.math.ode.DormandPrince853StepInterpolator,0.155778894472,62,398
EvoR,5,math,org.apache.commons.math.ode.AbstractStepInterpolator,org.apache.commons.math.ode.DormandPrince853StepInterpolator,0.150753768844,60,398
EvoR,6,math,org.apache.commons.math.ode.AbstractStepInterpolator,org.apache.commons.math.ode.DormandPrince853StepInterpolator,0.155778894472,62,398
EvoR,7,math,org.apache.commons.math.ode.AbstractStepInterpolator,org.apache.commons.math.ode.DormandPrince853StepInterpolator,0.14824120603,59,398
EvoR,8,math,org.apache.commons.math.ode.AbstractStepInterpolator,org.apache.commons.math.ode.DormandPrince853StepInterpolator,0.0,0,398
EvoR,9,math,org.apache.commons.math.ode.AbstractStepInterpolator,org.apache.commons.math.ode.DormandPrince853StepInterpolator,0.143216080402,57,398
EvoR,10,math,org.apache.commons.math.ode.AbstractStepInterpolator,org.apache.commons.math.ode.DormandPrince853StepInterpolator,0.150753768844,60,398
EvoR,11,math,org.apache.commons.math.ode.AbstractStepInterpolator,org.apache.commons.math.ode.DormandPrince853StepInterpolator,0.00251256281407,1,398
EvoR,12,math,org.apache.commons.math.ode.AbstractStepInterpolator,org.apache.commons.math.ode.DormandPrince853StepInterpolator,0.00251256281407,1,398
EvoR,13,math,org.apache.commons.math.ode.AbstractStepInterpolator,org.apache.commons.math.ode.DormandPrince853StepInterpolator,0.00251256281407,1,398
EvoR,14,math,org.apache.commons.math.ode.AbstractStepInterpolator,org.apache.commons.math.ode.DormandPrince853StepInterpolator,0.00251256281407,1,398
EvoR,15,math,org.apache.commons.math.ode.AbstractStepInterpolator,org.apache.commons.math.ode.DormandPrince853StepInterpolator,0.0,0,398
EvoR,16,math,org.apache.commons.math.ode.AbstractStepInterpolator,org.apache.commons.math.ode.DormandPrince853StepInterpolator,0.0,0,398
EvoR,17,math,org.apache.commons.math.ode.AbstractStepInterpolator,org.apache.commons.math.ode.DormandPrince853StepInterpolator,0.0,0,398
EvoR,18,math,org.apache.commons.math.ode.AbstractStepInterpolator,org.apache.commons.math.ode.DormandPrince853StepInterpolator,0.0,0,398
EvoR,19,math,org.apache.commons.math.ode.AbstractStepInterpolator,org.apache.commons.math.ode.DormandPrince853StepInterpolator,0.00251256281407,1,398
EvoR,20,math,org.apache.commons.math.ode.AbstractStepInterpolator,org.apache.commons.math.ode.DormandPrince853StepInterpolator,0.0,0,398
EvoR,1,math,org.apache.commons.math.optimization.NelderMead,org.apache.commons.math.optimization.DirectSearchOptimizer,0.224215246637,50,223
EvoR,2,math,org.apache.commons.math.optimization.NelderMead,org.apache.commons.math.optimization.DirectSearchOptimizer,0.596412556054,133,223
EvoR,3,math,org.apache.commons.math.optimization.NelderMead,org.apache.commons.math.optimization.DirectSearchOptimizer,0.349775784753,78,223
EvoR,4,math,org.apache.commons.math.optimization.NelderMead,org.apache.commons.math.optimization.DirectSearchOptimizer,0.421524663677,94,223
EvoR,5,math,org.apache.commons.math.optimization.NelderMead,org.apache.commons.math.optimization.DirectSearchOptimizer,0.600896860987,134,223
EvoR,6,math,org.apache.commons.math.optimization.NelderMead,org.apache.commons.math.optimization.DirectSearchOptimizer,0.556053811659,124,223
EvoR,7,math,org.apache.commons.math.optimization.NelderMead,org.apache.commons.math.optimization.DirectSearchOptimizer,0.295964125561,66,223
EvoR,8,math,org.apache.commons.math.optimization.NelderMead,org.apache.commons.math.optimization.DirectSearchOptimizer,0.551569506726,123,223
EvoR,9,math,org.apache.commons.math.optimization.NelderMead,org.apache.commons.math.optimization.DirectSearchOptimizer,0.421524663677,94,223
EvoR,10,math,org.apache.commons.math.optimization.NelderMead,org.apache.commons.math.optimization.DirectSearchOptimizer,0.551569506726,123,223
EvoR,11,math,org.apache.commons.math.optimization.NelderMead,org.apache.commons.math.optimization.DirectSearchOptimizer,0.251121076233,56,223
EvoR,12,math,org.apache.commons.math.optimization.NelderMead,org.apache.commons.math.optimization.DirectSearchOptimizer,0.286995515695,64,223
EvoR,13,math,org.apache.commons.math.optimization.NelderMead,org.apache.commons.math.optimization.DirectSearchOptimizer,0.224215246637,50,223
EvoR,14,math,org.apache.commons.math.optimization.NelderMead,org.apache.commons.math.optimization.DirectSearchOptimizer,0.282511210762,63,223
EvoR,15,math,org.apache.commons.math.optimization.NelderMead,org.apache.commons.math.optimization.DirectSearchOptimizer,0.484304932735,108,223
EvoR,16,math,org.apache.commons.math.optimization.NelderMead,org.apache.commons.math.optimization.DirectSearchOptimizer,0.354260089686,79,223
EvoR,17,math,org.apache.commons.math.optimization.NelderMead,org.apache.commons.math.optimization.DirectSearchOptimizer,0.300448430493,67,223
EvoR,18,math,org.apache.commons.math.optimization.NelderMead,org.apache.commons.math.optimization.DirectSearchOptimizer,0.251121076233,56,223
EvoR,19,math,org.apache.commons.math.optimization.NelderMead,org.apache.commons.math.optimization.DirectSearchOptimizer,0.183856502242,41,223
EvoR,20,math,org.apache.commons.math.optimization.NelderMead,org.apache.commons.math.optimization.DirectSearchOptimizer,0.237668161435,53,223
EvoR,1,math,org.apache.commons.math.analysis.LaguerreSolver,org.apache.commons.math.complex.Complex,0.672440944882,427,635
EvoR,2,math,org.apache.commons.math.analysis.LaguerreSolver,org.apache.commons.math.complex.Complex,0.686614173228,436,635
EvoR,3,math,org.apache.commons.math.analysis.LaguerreSolver,org.apache.commons.math.complex.Complex,0.779527559055,495,635
EvoR,4,math,org.apache.commons.math.analysis.LaguerreSolver,org.apache.commons.math.complex.Complex,0.662992125984,421,635
EvoR,5,math,org.apache.commons.math.analysis.LaguerreSolver,org.apache.commons.math.complex.Complex,0.68188976378,433,635
EvoR,6,math,org.apache.commons.math.analysis.LaguerreSolver,org.apache.commons.math.complex.Complex,0.275590551181,175,635
EvoR,7,math,org.apache.commons.math.analysis.LaguerreSolver,org.apache.commons.math.complex.Complex,0.662992125984,421,635
EvoR,8,math,org.apache.commons.math.analysis.LaguerreSolver,org.apache.commons.math.complex.Complex,0.699212598425,444,635
EvoR,9,math,org.apache.commons.math.analysis.LaguerreSolver,org.apache.commons.math.complex.Complex,0.711811023622,452,635
EvoR,10,math,org.apache.commons.math.analysis.LaguerreSolver,org.apache.commons.math.complex.Complex,0.689763779528,438,635
EvoR,11,math,org.apache.commons.math.analysis.LaguerreSolver,org.apache.commons.math.complex.Complex,0.258267716535,164,635
EvoR,12,math,org.apache.commons.math.analysis.LaguerreSolver,org.apache.commons.math.complex.Complex,0.27874015748,177,635
EvoR,13,math,org.apache.commons.math.analysis.LaguerreSolver,org.apache.commons.math.complex.Complex,0.247244094488,157,635
EvoR,14,math,org.apache.commons.math.analysis.LaguerreSolver,org.apache.commons.math.complex.Complex,0.274015748031,174,635
EvoR,15,math,org.apache.commons.math.analysis.LaguerreSolver,org.apache.commons.math.complex.Complex,0.289763779528,184,635
EvoR,16,math,org.apache.commons.math.analysis.LaguerreSolver,org.apache.commons.math.complex.Complex,0.250393700787,159,635
EvoR,17,math,org.apache.commons.math.analysis.LaguerreSolver,org.apache.commons.math.complex.Complex,0.256692913386,163,635
EvoR,18,math,org.apache.commons.math.analysis.LaguerreSolver,org.apache.commons.math.complex.Complex,0.237795275591,151,635
EvoR,19,math,org.apache.commons.math.analysis.LaguerreSolver,org.apache.commons.math.complex.Complex,0.285039370079,181,635
EvoR,20,math,org.apache.commons.math.analysis.LaguerreSolver,org.apache.commons.math.complex.Complex,0.261417322835,166,635
EvoR,1,math,org.apache.commons.math.ode.SwitchState,org.apache.commons.math.analysis.BrentSolver,0.498233215548,141,283
EvoR,2,math,org.apache.commons.math.ode.SwitchState,org.apache.commons.math.analysis.BrentSolver,0.508833922261,144,283
EvoR,3,math,org.apache.commons.math.ode.SwitchState,org.apache.commons.math.analysis.BrentSolver,0.459363957597,130,283
EvoR,4,math,org.apache.commons.math.ode.SwitchState,org.apache.commons.math.analysis.BrentSolver,0.47703180212,135,283
EvoR,5,math,org.apache.commons.math.ode.SwitchState,org.apache.commons.math.analysis.BrentSolver,0.416961130742,118,283
EvoR,6,math,org.apache.commons.math.ode.SwitchState,org.apache.commons.math.analysis.BrentSolver,0.505300353357,143,283
EvoR,7,math,org.apache.commons.math.ode.SwitchState,org.apache.commons.math.analysis.BrentSolver,0.540636042403,153,283
EvoR,8,math,org.apache.commons.math.ode.SwitchState,org.apache.commons.math.analysis.BrentSolver,0.469964664311,133,283
EvoR,9,math,org.apache.commons.math.ode.SwitchState,org.apache.commons.math.analysis.BrentSolver,0.0671378091873,19,283
EvoR,10,math,org.apache.commons.math.ode.SwitchState,org.apache.commons.math.analysis.BrentSolver,0.424028268551,120,283
EvoR,11,math,org.apache.commons.math.ode.SwitchState,org.apache.commons.math.analysis.BrentSolver,0.208480565371,59,283
EvoR,12,math,org.apache.commons.math.ode.SwitchState,org.apache.commons.math.analysis.BrentSolver,0.166077738516,47,283
EvoR,13,math,org.apache.commons.math.ode.SwitchState,org.apache.commons.math.analysis.BrentSolver,0.0530035335689,15,283
EvoR,14,math,org.apache.commons.math.ode.SwitchState,org.apache.commons.math.analysis.BrentSolver,0.236749116608,67,283
EvoR,15,math,org.apache.commons.math.ode.SwitchState,org.apache.commons.math.analysis.BrentSolver,0.166077738516,47,283
EvoR,16,math,org.apache.commons.math.ode.SwitchState,org.apache.commons.math.analysis.BrentSolver,0.180212014134,51,283
EvoR,17,math,org.apache.commons.math.ode.SwitchState,org.apache.commons.math.analysis.BrentSolver,0.134275618375,38,283
EvoR,18,math,org.apache.commons.math.ode.SwitchState,org.apache.commons.math.analysis.BrentSolver,0.0671378091873,19,283
EvoR,19,math,org.apache.commons.math.ode.SwitchState,org.apache.commons.math.analysis.BrentSolver,0.0671378091873,19,283
EvoR,20,math,org.apache.commons.math.ode.SwitchState,org.apache.commons.math.analysis.BrentSolver,0.250883392226,71,283
EvoR,1,math,org.apache.commons.math.complex.Complex,org.apache.commons.math.util.MathUtils,0.717805151176,641,893
EvoR,2,math,org.apache.commons.math.complex.Complex,org.apache.commons.math.util.MathUtils,0.730123180291,652,893
EvoR,3,math,org.apache.commons.math.complex.Complex,org.apache.commons.math.util.MathUtils,0.723404255319,646,893
EvoR,4,math,org.apache.commons.math.complex.Complex,org.apache.commons.math.util.MathUtils,0.73124300112,653,893
EvoR,5,math,org.apache.commons.math.complex.Complex,org.apache.commons.math.util.MathUtils,0.73124300112,653,893
EvoR,6,math,org.apache.commons.math.complex.Complex,org.apache.commons.math.util.MathUtils,0.73124300112,653,893
EvoR,7,math,org.apache.commons.math.complex.Complex,org.apache.commons.math.util.MathUtils,0.735722284434,657,893
EvoR,8,math,org.apache.commons.math.complex.Complex,org.apache.commons.math.util.MathUtils,0.734602463606,656,893
EvoR,9,math,org.apache.commons.math.complex.Complex,org.apache.commons.math.util.MathUtils,0.741321388578,662,893
EvoR,10,math,org.apache.commons.math.complex.Complex,org.apache.commons.math.util.MathUtils,0.727883538634,650,893
EvoR,11,math,org.apache.commons.math.complex.Complex,org.apache.commons.math.util.MathUtils,0.01679731243,15,893
EvoR,12,math,org.apache.commons.math.complex.Complex,org.apache.commons.math.util.MathUtils,0.0212765957447,19,893
EvoR,13,math,org.apache.commons.math.complex.Complex,org.apache.commons.math.util.MathUtils,0.0223964165733,20,893
EvoR,14,math,org.apache.commons.math.complex.Complex,org.apache.commons.math.util.MathUtils,0.01679731243,15,893
EvoR,15,math,org.apache.commons.math.complex.Complex,org.apache.commons.math.util.MathUtils,0.01679731243,15,893
EvoR,16,math,org.apache.commons.math.complex.Complex,org.apache.commons.math.util.MathUtils,0.0223964165733,20,893
EvoR,17,math,org.apache.commons.math.complex.Complex,org.apache.commons.math.util.MathUtils,0.0223964165733,20,893
EvoR,18,math,org.apache.commons.math.complex.Complex,org.apache.commons.math.util.MathUtils,0.0212765957447,19,893
EvoR,19,math,org.apache.commons.math.complex.Complex,org.apache.commons.math.util.MathUtils,0.0223964165733,20,893
EvoR,20,math,org.apache.commons.math.complex.Complex,org.apache.commons.math.util.MathUtils,0.0223964165733,20,893
EvoR,1,math,org.apache.commons.math.linear.RealMatrixImpl,org.apache.commons.math.util.MathUtils,0.707726763718,632,893
EvoR,2,math,org.apache.commons.math.linear.RealMatrixImpl,org.apache.commons.math.util.MathUtils,0.712206047032,636,893
EvoR,3,math,org.apache.commons.math.linear.RealMatrixImpl,org.apache.commons.math.util.MathUtils,0.717805151176,641,893
EvoR,4,math,org.apache.commons.math.linear.RealMatrixImpl,org.apache.commons.math.util.MathUtils,0.729003359462,651,893
EvoR,5,math,org.apache.commons.math.linear.RealMatrixImpl,org.apache.commons.math.util.MathUtils,0.729003359462,651,893
EvoR,6,math,org.apache.commons.math.linear.RealMatrixImpl,org.apache.commons.math.util.MathUtils,0.734602463606,656,893
EvoR,7,math,org.apache.commons.math.linear.RealMatrixImpl,org.apache.commons.math.util.MathUtils,0.742441209406,663,893
EvoR,8,math,org.apache.commons.math.linear.RealMatrixImpl,org.apache.commons.math.util.MathUtils,0.724524076148,647,893
EvoR,9,math,org.apache.commons.math.linear.RealMatrixImpl,org.apache.commons.math.util.MathUtils,0.734602463606,656,893
EvoR,10,math,org.apache.commons.math.linear.RealMatrixImpl,org.apache.commons.math.util.MathUtils,0.718924972004,642,893
EvoR,11,math,org.apache.commons.math.linear.RealMatrixImpl,org.apache.commons.math.util.MathUtils,0.0,0,893
EvoR,12,math,org.apache.commons.math.linear.RealMatrixImpl,org.apache.commons.math.util.MathUtils,0.0,0,893
EvoR,13,math,org.apache.commons.math.linear.RealMatrixImpl,org.apache.commons.math.util.MathUtils,0.0,0,893
EvoR,14,math,org.apache.commons.math.linear.RealMatrixImpl,org.apache.commons.math.util.MathUtils,0.0,0,893
EvoR,15,math,org.apache.commons.math.linear.RealMatrixImpl,org.apache.commons.math.util.MathUtils,0.0,0,893
EvoR,16,math,org.apache.commons.math.linear.RealMatrixImpl,org.apache.commons.math.util.MathUtils,0.0,0,893
EvoR,17,math,org.apache.commons.math.linear.RealMatrixImpl,org.apache.commons.math.util.MathUtils,0.0,0,893
EvoR,18,math,org.apache.commons.math.linear.RealMatrixImpl,org.apache.commons.math.util.MathUtils,0.0,0,893
EvoR,19,math,org.apache.commons.math.linear.RealMatrixImpl,org.apache.commons.math.util.MathUtils,0.0,0,893
EvoR,20,math,org.apache.commons.math.linear.RealMatrixImpl,org.apache.commons.math.util.MathUtils,0.0,0,893
EvoR,1,math,org.apache.commons.math.stat.descriptive.SummaryStatistics,org.apache.commons.math.util.MathUtils,0.720044792833,643,893
EvoR,2,math,org.apache.commons.math.stat.descriptive.SummaryStatistics,org.apache.commons.math.util.MathUtils,0.712206047032,636,893
EvoR,3,math,org.apache.commons.math.stat.descriptive.SummaryStatistics,org.apache.commons.math.util.MathUtils,0.716685330347,640,893
EvoR,4,math,org.apache.commons.math.stat.descriptive.SummaryStatistics,org.apache.commons.math.util.MathUtils,0.724524076148,647,893
EvoR,5,math,org.apache.commons.math.stat.descriptive.SummaryStatistics,org.apache.commons.math.util.MathUtils,0.730123180291,652,893
EvoR,6,math,org.apache.commons.math.stat.descriptive.SummaryStatistics,org.apache.commons.math.util.MathUtils,0.743561030235,664,893
EvoR,7,math,org.apache.commons.math.stat.descriptive.SummaryStatistics,org.apache.commons.math.util.MathUtils,0.732362821948,654,893
EvoR,8,math,org.apache.commons.math.stat.descriptive.SummaryStatistics,org.apache.commons.math.util.MathUtils,0.724524076148,647,893
EvoR,9,math,org.apache.commons.math.stat.descriptive.SummaryStatistics,org.apache.commons.math.util.MathUtils,0.73124300112,653,893
EvoR,10,math,org.apache.commons.math.stat.descriptive.SummaryStatistics,org.apache.commons.math.util.MathUtils,0.707726763718,632,893
EvoR,11,math,org.apache.commons.math.stat.descriptive.SummaryStatistics,org.apache.commons.math.util.MathUtils,0.01679731243,15,893
EvoR,12,math,org.apache.commons.math.stat.descriptive.SummaryStatistics,org.apache.commons.math.util.MathUtils,0.01679731243,15,893
EvoR,13,math,org.apache.commons.math.stat.descriptive.SummaryStatistics,org.apache.commons.math.util.MathUtils,0.0156774916013,14,893
EvoR,14,math,org.apache.commons.math.stat.descriptive.SummaryStatistics,org.apache.commons.math.util.MathUtils,0.01679731243,15,893
EvoR,15,math,org.apache.commons.math.stat.descriptive.SummaryStatistics,org.apache.commons.math.util.MathUtils,0.01679731243,15,893
EvoR,16,math,org.apache.commons.math.stat.descriptive.SummaryStatistics,org.apache.commons.math.util.MathUtils,0.01679731243,15,893
EvoR,17,math,org.apache.commons.math.stat.descriptive.SummaryStatistics,org.apache.commons.math.util.MathUtils,0.01679731243,15,893
EvoR,18,math,org.apache.commons.math.stat.descriptive.SummaryStatistics,org.apache.commons.math.util.MathUtils,0.01679731243,15,893
EvoR,19,math,org.apache.commons.math.stat.descriptive.SummaryStatistics,org.apache.commons.math.util.MathUtils,0.01679731243,15,893
EvoR,20,math,org.apache.commons.math.stat.descriptive.SummaryStatistics,org.apache.commons.math.util.MathUtils,0.01679731243,15,893
EvoR,1,math,org.apache.commons.math.stat.descriptive.DescriptiveStatistics,org.apache.commons.math.util.ResizableDoubleArray,0.544262295082,166,305
EvoR,2,math,org.apache.commons.math.stat.descriptive.DescriptiveStatistics,org.apache.commons.math.util.ResizableDoubleArray,0.596721311475,182,305
EvoR,3,math,org.apache.commons.math.stat.descriptive.DescriptiveStatistics,org.apache.commons.math.util.ResizableDoubleArray,0.527868852459,161,305
EvoR,4,math,org.apache.commons.math.stat.descriptive.DescriptiveStatistics,org.apache.commons.math.util.ResizableDoubleArray,0.531147540984,162,305
EvoR,5,math,org.apache.commons.math.stat.descriptive.DescriptiveStatistics,org.apache.commons.math.util.ResizableDoubleArray,0.609836065574,186,305
EvoR,6,math,org.apache.commons.math.stat.descriptive.DescriptiveStatistics,org.apache.commons.math.util.ResizableDoubleArray,0.488524590164,149,305
EvoR,7,math,org.apache.commons.math.stat.descriptive.DescriptiveStatistics,org.apache.commons.math.util.ResizableDoubleArray,0.534426229508,163,305
EvoR,8,math,org.apache.commons.math.stat.descriptive.DescriptiveStatistics,org.apache.commons.math.util.ResizableDoubleArray,0.573770491803,175,305
EvoR,9,math,org.apache.commons.math.stat.descriptive.DescriptiveStatistics,org.apache.commons.math.util.ResizableDoubleArray,0.508196721311,155,305
EvoR,10,math,org.apache.commons.math.stat.descriptive.DescriptiveStatistics,org.apache.commons.math.util.ResizableDoubleArray,0.586885245902,179,305
EvoR,11,math,org.apache.commons.math.stat.descriptive.DescriptiveStatistics,org.apache.commons.math.util.ResizableDoubleArray,0.114754098361,35,305
EvoR,12,math,org.apache.commons.math.stat.descriptive.DescriptiveStatistics,org.apache.commons.math.util.ResizableDoubleArray,0.0950819672131,29,305
EvoR,13,math,org.apache.commons.math.stat.descriptive.DescriptiveStatistics,org.apache.commons.math.util.ResizableDoubleArray,0.0950819672131,29,305
EvoR,14,math,org.apache.commons.math.stat.descriptive.DescriptiveStatistics,org.apache.commons.math.util.ResizableDoubleArray,0.0950819672131,29,305
EvoR,15,math,org.apache.commons.math.stat.descriptive.DescriptiveStatistics,org.apache.commons.math.util.ResizableDoubleArray,0.0950819672131,29,305
EvoR,16,math,org.apache.commons.math.stat.descriptive.DescriptiveStatistics,org.apache.commons.math.util.ResizableDoubleArray,0.0950819672131,29,305
EvoR,17,math,org.apache.commons.math.stat.descriptive.DescriptiveStatistics,org.apache.commons.math.util.ResizableDoubleArray,0.0950819672131,29,305
EvoR,18,math,org.apache.commons.math.stat.descriptive.DescriptiveStatistics,org.apache.commons.math.util.ResizableDoubleArray,0.0950819672131,29,305
EvoR,19,math,org.apache.commons.math.stat.descriptive.DescriptiveStatistics,org.apache.commons.math.util.ResizableDoubleArray,0.0950819672131,29,305
EvoR,20,math,org.apache.commons.math.stat.descriptive.DescriptiveStatistics,org.apache.commons.math.util.ResizableDoubleArray,0.0950819672131,29,305
EvoR,1,math,org.apache.commons.math.transform.FastFourierTransformer,org.apache.commons.math.complex.Complex,0.0330708661417,21,635
EvoR,2,math,org.apache.commons.math.transform.FastFourierTransformer,org.apache.commons.math.complex.Complex,0.0299212598425,19,635
EvoR,3,math,org.apache.commons.math.transform.FastFourierTransformer,org.apache.commons.math.complex.Complex,0.0236220472441,15,635
EvoR,4,math,org.apache.commons.math.transform.FastFourierTransformer,org.apache.commons.math.complex.Complex,0.0299212598425,19,635
EvoR,5,math,org.apache.commons.math.transform.FastFourierTransformer,org.apache.commons.math.complex.Complex,0.0236220472441,15,635
EvoR,6,math,org.apache.commons.math.transform.FastFourierTransformer,org.apache.commons.math.complex.Complex,0.0330708661417,21,635
EvoR,7,math,org.apache.commons.math.transform.FastFourierTransformer,org.apache.commons.math.complex.Complex,0.0236220472441,15,635
EvoR,8,math,org.apache.commons.math.transform.FastFourierTransformer,org.apache.commons.math.complex.Complex,0.0236220472441,15,635
EvoR,9,math,org.apache.commons.math.transform.FastFourierTransformer,org.apache.commons.math.complex.Complex,0.0236220472441,15,635
EvoR,10,math,org.apache.commons.math.transform.FastFourierTransformer,org.apache.commons.math.complex.Complex,0.0236220472441,15,635
EvoR,11,math,org.apache.commons.math.transform.FastFourierTransformer,org.apache.commons.math.complex.Complex,0.0236220472441,15,635
EvoR,12,math,org.apache.commons.math.transform.FastFourierTransformer,org.apache.commons.math.complex.Complex,0.0236220472441,15,635
EvoR,13,math,org.apache.commons.math.transform.FastFourierTransformer,org.apache.commons.math.complex.Complex,0.0236220472441,15,635
EvoR,14,math,org.apache.commons.math.transform.FastFourierTransformer,org.apache.commons.math.complex.Complex,0.0236220472441,15,635
EvoR,15,math,org.apache.commons.math.transform.FastFourierTransformer,org.apache.commons.math.complex.Complex,0.0236220472441,15,635
EvoR,16,math,org.apache.commons.math.transform.FastFourierTransformer,org.apache.commons.math.complex.Complex,0.0236220472441,15,635
EvoR,17,math,org.apache.commons.math.transform.FastFourierTransformer,org.apache.commons.math.complex.Complex,0.0330708661417,21,635
EvoR,18,math,org.apache.commons.math.transform.FastFourierTransformer,org.apache.commons.math.complex.Complex,0.0236220472441,15,635
EvoR,19,math,org.apache.commons.math.transform.FastFourierTransformer,org.apache.commons.math.complex.Complex,0.0299212598425,19,635
EvoR,20,math,org.apache.commons.math.transform.FastFourierTransformer,org.apache.commons.math.complex.Complex,0.0299212598425,19,635
EvoR,1,math,org.apache.commons.math.linear.MatrixUtils,org.apache.commons.math.linear.BigMatrixImpl,0.63914893617,751,1175
EvoR,2,math,org.apache.commons.math.linear.MatrixUtils,org.apache.commons.math.linear.BigMatrixImpl,0.597446808511,702,1175
EvoR,3,math,org.apache.commons.math.linear.MatrixUtils,org.apache.commons.math.linear.BigMatrixImpl,0.649361702128,763,1175
EvoR,4,math,org.apache.commons.math.linear.MatrixUtils,org.apache.commons.math.linear.BigMatrixImpl,0.0910638297872,107,1175
EvoR,5,math,org.apache.commons.math.linear.MatrixUtils,org.apache.commons.math.linear.BigMatrixImpl,0.663829787234,780,1175
EvoR,6,math,org.apache.commons.math.linear.MatrixUtils,org.apache.commons.math.linear.BigMatrixImpl,0.645957446809,759,1175
EvoR,7,math,org.apache.commons.math.linear.MatrixUtils,org.apache.commons.math.linear.BigMatrixImpl,0.622978723404,732,1175
EvoR,8,math,org.apache.commons.math.linear.MatrixUtils,org.apache.commons.math.linear.BigMatrixImpl,0.634893617021,746,1175
EvoR,9,math,org.apache.commons.math.linear.MatrixUtils,org.apache.commons.math.linear.BigMatrixImpl,0.668936170213,786,1175
EvoR,10,math,org.apache.commons.math.linear.MatrixUtils,org.apache.commons.math.linear.BigMatrixImpl,0.672340425532,790,1175
EvoR,11,math,org.apache.commons.math.linear.MatrixUtils,org.apache.commons.math.linear.BigMatrixImpl,0.0902127659574,106,1175
EvoR,12,math,org.apache.commons.math.linear.MatrixUtils,org.apache.commons.math.linear.BigMatrixImpl,0.0970212765957,114,1175
EvoR,13,math,org.apache.commons.math.linear.MatrixUtils,org.apache.commons.math.linear.BigMatrixImpl,0.0876595744681,103,1175
EvoR,14,math,org.apache.commons.math.linear.MatrixUtils,org.apache.commons.math.linear.BigMatrixImpl,0.0902127659574,106,1175
EvoR,15,math,org.apache.commons.math.linear.MatrixUtils,org.apache.commons.math.linear.BigMatrixImpl,0.0842553191489,99,1175
EvoR,16,math,org.apache.commons.math.linear.MatrixUtils,org.apache.commons.math.linear.BigMatrixImpl,0.0876595744681,103,1175
EvoR,17,math,org.apache.commons.math.linear.MatrixUtils,org.apache.commons.math.linear.BigMatrixImpl,0.08,94,1175
EvoR,18,math,org.apache.commons.math.linear.MatrixUtils,org.apache.commons.math.linear.BigMatrixImpl,0.0876595744681,103,1175
EvoR,19,math,org.apache.commons.math.linear.MatrixUtils,org.apache.commons.math.linear.BigMatrixImpl,0.0970212765957,114,1175
EvoR,20,math,org.apache.commons.math.linear.MatrixUtils,org.apache.commons.math.linear.BigMatrixImpl,0.0851063829787,100,1175
EvoR,1,math,org.apache.commons.math.ode.ContinuousOutputModel,org.apache.commons.math.ode.AbstractStepInterpolator,0.374045801527,49,131
EvoR,2,math,org.apache.commons.math.ode.ContinuousOutputModel,org.apache.commons.math.ode.AbstractStepInterpolator,0.236641221374,31,131
EvoR,3,math,org.apache.commons.math.ode.ContinuousOutputModel,org.apache.commons.math.ode.AbstractStepInterpolator,0.229007633588,30,131
EvoR,4,math,org.apache.commons.math.ode.ContinuousOutputModel,org.apache.commons.math.ode.AbstractStepInterpolator,0.36641221374,48,131
EvoR,5,math,org.apache.commons.math.ode.ContinuousOutputModel,org.apache.commons.math.ode.AbstractStepInterpolator,0.381679389313,50,131
EvoR,6,math,org.apache.commons.math.ode.ContinuousOutputModel,org.apache.commons.math.ode.AbstractStepInterpolator,0.358778625954,47,131
EvoR,7,math,org.apache.commons.math.ode.ContinuousOutputModel,org.apache.commons.math.ode.AbstractStepInterpolator,0.267175572519,35,131
EvoR,8,math,org.apache.commons.math.ode.ContinuousOutputModel,org.apache.commons.math.ode.AbstractStepInterpolator,0.24427480916,32,131
EvoR,9,math,org.apache.commons.math.ode.ContinuousOutputModel,org.apache.commons.math.ode.AbstractStepInterpolator,0.259541984733,34,131
EvoR,10,math,org.apache.commons.math.ode.ContinuousOutputModel,org.apache.commons.math.ode.AbstractStepInterpolator,0.358778625954,47,131
EvoR,11,math,org.apache.commons.math.ode.ContinuousOutputModel,org.apache.commons.math.ode.AbstractStepInterpolator,0.213740458015,28,131
EvoR,12,math,org.apache.commons.math.ode.ContinuousOutputModel,org.apache.commons.math.ode.AbstractStepInterpolator,0.198473282443,26,131
EvoR,13,math,org.apache.commons.math.ode.ContinuousOutputModel,org.apache.commons.math.ode.AbstractStepInterpolator,0.259541984733,34,131
EvoR,14,math,org.apache.commons.math.ode.ContinuousOutputModel,org.apache.commons.math.ode.AbstractStepInterpolator,0.236641221374,31,131
EvoR,15,math,org.apache.commons.math.ode.ContinuousOutputModel,org.apache.commons.math.ode.AbstractStepInterpolator,0.167938931298,22,131
EvoR,16,math,org.apache.commons.math.ode.ContinuousOutputModel,org.apache.commons.math.ode.AbstractStepInterpolator,0.18320610687,24,131
EvoR,17,math,org.apache.commons.math.ode.ContinuousOutputModel,org.apache.commons.math.ode.AbstractStepInterpolator,0.175572519084,23,131
EvoR,18,math,org.apache.commons.math.ode.ContinuousOutputModel,org.apache.commons.math.ode.AbstractStepInterpolator,0.190839694656,25,131
EvoR,19,math,org.apache.commons.math.ode.ContinuousOutputModel,org.apache.commons.math.ode.AbstractStepInterpolator,0.267175572519,35,131
EvoR,20,math,org.apache.commons.math.ode.ContinuousOutputModel,org.apache.commons.math.ode.AbstractStepInterpolator,0.175572519084,23,131
EvoR,1,math,org.apache.commons.math.ode.SwitchingFunctionsHandler,org.apache.commons.math.ode.SwitchState,0.281914893617,53,188
EvoR,2,math,org.apache.commons.math.ode.SwitchingFunctionsHandler,org.apache.commons.math.ode.SwitchState,0.446808510638,84,188
EvoR,3,math,org.apache.commons.math.ode.SwitchingFunctionsHandler,org.apache.commons.math.ode.SwitchState,0.478723404255,90,188
EvoR,4,math,org.apache.commons.math.ode.SwitchingFunctionsHandler,org.apache.commons.math.ode.SwitchState,0.287234042553,54,188
EvoR,5,math,org.apache.commons.math.ode.SwitchingFunctionsHandler,org.apache.commons.math.ode.SwitchState,0.356382978723,67,188
EvoR,6,math,org.apache.commons.math.ode.SwitchingFunctionsHandler,org.apache.commons.math.ode.SwitchState,0.43085106383,81,188
EvoR,7,math,org.apache.commons.math.ode.SwitchingFunctionsHandler,org.apache.commons.math.ode.SwitchState,0.563829787234,106,188
EvoR,8,math,org.apache.commons.math.ode.SwitchingFunctionsHandler,org.apache.commons.math.ode.SwitchState,0.531914893617,100,188
EvoR,9,math,org.apache.commons.math.ode.SwitchingFunctionsHandler,org.apache.commons.math.ode.SwitchState,0.244680851064,46,188
EvoR,10,math,org.apache.commons.math.ode.SwitchingFunctionsHandler,org.apache.commons.math.ode.SwitchState,0.542553191489,102,188
EvoR,11,math,org.apache.commons.math.ode.SwitchingFunctionsHandler,org.apache.commons.math.ode.SwitchState,0.218085106383,41,188
EvoR,12,math,org.apache.commons.math.ode.SwitchingFunctionsHandler,org.apache.commons.math.ode.SwitchState,0.218085106383,41,188
EvoR,13,math,org.apache.commons.math.ode.SwitchingFunctionsHandler,org.apache.commons.math.ode.SwitchState,0.228723404255,43,188
EvoR,14,math,org.apache.commons.math.ode.SwitchingFunctionsHandler,org.apache.commons.math.ode.SwitchState,0.494680851064,93,188
EvoR,15,math,org.apache.commons.math.ode.SwitchingFunctionsHandler,org.apache.commons.math.ode.SwitchState,0.148936170213,28,188
EvoR,16,math,org.apache.commons.math.ode.SwitchingFunctionsHandler,org.apache.commons.math.ode.SwitchState,0.143617021277,27,188
EvoR,17,math,org.apache.commons.math.ode.SwitchingFunctionsHandler,org.apache.commons.math.ode.SwitchState,0.218085106383,41,188
EvoR,18,math,org.apache.commons.math.ode.SwitchingFunctionsHandler,org.apache.commons.math.ode.SwitchState,0.154255319149,29,188
EvoR,19,math,org.apache.commons.math.ode.SwitchingFunctionsHandler,org.apache.commons.math.ode.SwitchState,0.154255319149,29,188
EvoR,20,math,org.apache.commons.math.ode.SwitchingFunctionsHandler,org.apache.commons.math.ode.SwitchState,0.143617021277,27,188
EvoR,1,math,org.apache.commons.math.ode.GraggBulirschStoerIntegrator,org.apache.commons.math.ode.SwitchingFunctionsHandler,0.42735042735,50,117
EvoR,2,math,org.apache.commons.math.ode.GraggBulirschStoerIntegrator,org.apache.commons.math.ode.SwitchingFunctionsHandler,0.145299145299,17,117
EvoR,3,math,org.apache.commons.math.ode.GraggBulirschStoerIntegrator,org.apache.commons.math.ode.SwitchingFunctionsHandler,0.700854700855,82,117
EvoR,4,math,org.apache.commons.math.ode.GraggBulirschStoerIntegrator,org.apache.commons.math.ode.SwitchingFunctionsHandler,0.42735042735,50,117
EvoR,5,math,org.apache.commons.math.ode.GraggBulirschStoerIntegrator,org.apache.commons.math.ode.SwitchingFunctionsHandler,0.717948717949,84,117
EvoR,6,math,org.apache.commons.math.ode.GraggBulirschStoerIntegrator,org.apache.commons.math.ode.SwitchingFunctionsHandler,0.42735042735,50,117
EvoR,7,math,org.apache.commons.math.ode.GraggBulirschStoerIntegrator,org.apache.commons.math.ode.SwitchingFunctionsHandler,0.42735042735,50,117
EvoR,8,math,org.apache.commons.math.ode.GraggBulirschStoerIntegrator,org.apache.commons.math.ode.SwitchingFunctionsHandler,0.42735042735,50,117
EvoR,9,math,org.apache.commons.math.ode.GraggBulirschStoerIntegrator,org.apache.commons.math.ode.SwitchingFunctionsHandler,0.0940170940171,11,117
EvoR,10,math,org.apache.commons.math.ode.GraggBulirschStoerIntegrator,org.apache.commons.math.ode.SwitchingFunctionsHandler,0.478632478632,56,117
EvoR,11,math,org.apache.commons.math.ode.GraggBulirschStoerIntegrator,org.apache.commons.math.ode.SwitchingFunctionsHandler,0.136752136752,16,117
EvoR,12,math,org.apache.commons.math.ode.GraggBulirschStoerIntegrator,org.apache.commons.math.ode.SwitchingFunctionsHandler,0.145299145299,17,117
EvoR,13,math,org.apache.commons.math.ode.GraggBulirschStoerIntegrator,org.apache.commons.math.ode.SwitchingFunctionsHandler,0.0940170940171,11,117
EvoR,14,math,org.apache.commons.math.ode.GraggBulirschStoerIntegrator,org.apache.commons.math.ode.SwitchingFunctionsHandler,0.145299145299,17,117
EvoR,15,math,org.apache.commons.math.ode.GraggBulirschStoerIntegrator,org.apache.commons.math.ode.SwitchingFunctionsHandler,0.145299145299,17,117
EvoR,16,math,org.apache.commons.math.ode.GraggBulirschStoerIntegrator,org.apache.commons.math.ode.SwitchingFunctionsHandler,0.0940170940171,11,117
EvoR,17,math,org.apache.commons.math.ode.GraggBulirschStoerIntegrator,org.apache.commons.math.ode.SwitchingFunctionsHandler,0.145299145299,17,117
EvoR,18,math,org.apache.commons.math.ode.GraggBulirschStoerIntegrator,org.apache.commons.math.ode.SwitchingFunctionsHandler,0.145299145299,17,117
EvoR,19,math,org.apache.commons.math.ode.GraggBulirschStoerIntegrator,org.apache.commons.math.ode.SwitchingFunctionsHandler,0.145299145299,17,117
EvoR,20,math,org.apache.commons.math.ode.GraggBulirschStoerIntegrator,org.apache.commons.math.ode.SwitchingFunctionsHandler,0.0940170940171,11,117
EvoR,1,math,org.apache.commons.math.stat.inference.TTestImpl,org.apache.commons.math.stat.StatUtils,0.653543307087,83,127
EvoR,2,math,org.apache.commons.math.stat.inference.TTestImpl,org.apache.commons.math.stat.StatUtils,0.590551181102,75,127
EvoR,3,math,org.apache.commons.math.stat.inference.TTestImpl,org.apache.commons.math.stat.StatUtils,0.653543307087,83,127
EvoR,4,math,org.apache.commons.math.stat.inference.TTestImpl,org.apache.commons.math.stat.StatUtils,0.590551181102,75,127
EvoR,5,math,org.apache.commons.math.stat.inference.TTestImpl,org.apache.commons.math.stat.StatUtils,0.622047244094,79,127
EvoR,6,math,org.apache.commons.math.stat.inference.TTestImpl,org.apache.commons.math.stat.StatUtils,0.653543307087,83,127
EvoR,7,math,org.apache.commons.math.stat.inference.TTestImpl,org.apache.commons.math.stat.StatUtils,0.59842519685,76,127
EvoR,8,math,org.apache.commons.math.stat.inference.TTestImpl,org.apache.commons.math.stat.StatUtils,0.614173228346,78,127
EvoR,9,math,org.apache.commons.math.stat.inference.TTestImpl,org.apache.commons.math.stat.StatUtils,0.622047244094,79,127
EvoR,10,math,org.apache.commons.math.stat.inference.TTestImpl,org.apache.commons.math.stat.StatUtils,0.637795275591,81,127
EvoR,11,math,org.apache.commons.math.stat.inference.TTestImpl,org.apache.commons.math.stat.StatUtils,0.251968503937,32,127
EvoR,12,math,org.apache.commons.math.stat.inference.TTestImpl,org.apache.commons.math.stat.StatUtils,0.283464566929,36,127
EvoR,13,math,org.apache.commons.math.stat.inference.TTestImpl,org.apache.commons.math.stat.StatUtils,0.283464566929,36,127
EvoR,14,math,org.apache.commons.math.stat.inference.TTestImpl,org.apache.commons.math.stat.StatUtils,0.275590551181,35,127
EvoR,15,math,org.apache.commons.math.stat.inference.TTestImpl,org.apache.commons.math.stat.StatUtils,0.299212598425,38,127
EvoR,16,math,org.apache.commons.math.stat.inference.TTestImpl,org.apache.commons.math.stat.StatUtils,0.291338582677,37,127
EvoR,17,math,org.apache.commons.math.stat.inference.TTestImpl,org.apache.commons.math.stat.StatUtils,0.267716535433,34,127
EvoR,18,math,org.apache.commons.math.stat.inference.TTestImpl,org.apache.commons.math.stat.StatUtils,0.283464566929,36,127
EvoR,19,math,org.apache.commons.math.stat.inference.TTestImpl,org.apache.commons.math.stat.StatUtils,0.291338582677,37,127
EvoR,20,math,org.apache.commons.math.stat.inference.TTestImpl,org.apache.commons.math.stat.StatUtils,0.283464566929,36,127
EvoR,1,math,org.apache.commons.math.random.EmpiricalDistributionImpl,org.apache.commons.math.stat.descriptive.SummaryStatistics,0.101928374656,37,363
EvoR,2,math,org.apache.commons.math.random.EmpiricalDistributionImpl,org.apache.commons.math.stat.descriptive.SummaryStatistics,0.64738292011,235,363
EvoR,3,math,org.apache.commons.math.random.EmpiricalDistributionImpl,org.apache.commons.math.stat.descriptive.SummaryStatistics,0.641873278237,233,363
EvoR,4,math,org.apache.commons.math.random.EmpiricalDistributionImpl,org.apache.commons.math.stat.descriptive.SummaryStatistics,0.674931129477,245,363
EvoR,5,math,org.apache.commons.math.random.EmpiricalDistributionImpl,org.apache.commons.math.stat.descriptive.SummaryStatistics,0.168044077135,61,363
EvoR,6,math,org.apache.commons.math.random.EmpiricalDistributionImpl,org.apache.commons.math.stat.descriptive.SummaryStatistics,0.652892561983,237,363
EvoR,7,math,org.apache.commons.math.random.EmpiricalDistributionImpl,org.apache.commons.math.stat.descriptive.SummaryStatistics,0.661157024793,240,363
EvoR,8,math,org.apache.commons.math.random.EmpiricalDistributionImpl,org.apache.commons.math.stat.descriptive.SummaryStatistics,0.64738292011,235,363
EvoR,9,math,org.apache.commons.math.random.EmpiricalDistributionImpl,org.apache.commons.math.stat.descriptive.SummaryStatistics,0.625344352617,227,363
EvoR,10,math,org.apache.commons.math.random.EmpiricalDistributionImpl,org.apache.commons.math.stat.descriptive.SummaryStatistics,0.63085399449,229,363
EvoR,11,math,org.apache.commons.math.random.EmpiricalDistributionImpl,org.apache.commons.math.stat.descriptive.SummaryStatistics,0.121212121212,44,363
EvoR,12,math,org.apache.commons.math.random.EmpiricalDistributionImpl,org.apache.commons.math.stat.descriptive.SummaryStatistics,0.0909090909091,33,363
EvoR,13,math,org.apache.commons.math.random.EmpiricalDistributionImpl,org.apache.commons.math.stat.descriptive.SummaryStatistics,0.168044077135,61,363
EvoR,14,math,org.apache.commons.math.random.EmpiricalDistributionImpl,org.apache.commons.math.stat.descriptive.SummaryStatistics,0.165289256198,60,363
EvoR,15,math,org.apache.commons.math.random.EmpiricalDistributionImpl,org.apache.commons.math.stat.descriptive.SummaryStatistics,0.168044077135,61,363
EvoR,16,math,org.apache.commons.math.random.EmpiricalDistributionImpl,org.apache.commons.math.stat.descriptive.SummaryStatistics,0.110192837466,40,363
EvoR,17,math,org.apache.commons.math.random.EmpiricalDistributionImpl,org.apache.commons.math.stat.descriptive.SummaryStatistics,0.101928374656,37,363
EvoR,18,math,org.apache.commons.math.random.EmpiricalDistributionImpl,org.apache.commons.math.stat.descriptive.SummaryStatistics,0.110192837466,40,363
EvoR,19,math,org.apache.commons.math.random.EmpiricalDistributionImpl,org.apache.commons.math.stat.descriptive.SummaryStatistics,0.123966942149,45,363
EvoR,20,math,org.apache.commons.math.random.EmpiricalDistributionImpl,org.apache.commons.math.stat.descriptive.SummaryStatistics,0.165289256198,60,363
EvoR,1,math,org.apache.commons.math.geometry.Rotation,org.apache.commons.math.geometry.Vector3D,0.744897959184,219,294
EvoR,2,math,org.apache.commons.math.geometry.Rotation,org.apache.commons.math.geometry.Vector3D,0.772108843537,227,294
EvoR,3,math,org.apache.commons.math.geometry.Rotation,org.apache.commons.math.geometry.Vector3D,0.707482993197,208,294
EvoR,4,math,org.apache.commons.math.geometry.Rotation,org.apache.commons.math.geometry.Vector3D,0.744897959184,219,294
EvoR,5,math,org.apache.commons.math.geometry.Rotation,org.apache.commons.math.geometry.Vector3D,0.697278911565,205,294
EvoR,6,math,org.apache.commons.math.geometry.Rotation,org.apache.commons.math.geometry.Vector3D,0.700680272109,206,294
EvoR,7,math,org.apache.commons.math.geometry.Rotation,org.apache.commons.math.geometry.Vector3D,0.666666666667,196,294
EvoR,8,math,org.apache.commons.math.geometry.Rotation,org.apache.commons.math.geometry.Vector3D,0.670068027211,197,294
EvoR,9,math,org.apache.commons.math.geometry.Rotation,org.apache.commons.math.geometry.Vector3D,0.724489795918,213,294
EvoR,10,math,org.apache.commons.math.geometry.Rotation,org.apache.commons.math.geometry.Vector3D,0.758503401361,223,294
EvoR,11,math,org.apache.commons.math.geometry.Rotation,org.apache.commons.math.geometry.Vector3D,0.214285714286,63,294
EvoR,12,math,org.apache.commons.math.geometry.Rotation,org.apache.commons.math.geometry.Vector3D,0.278911564626,82,294
EvoR,13,math,org.apache.commons.math.geometry.Rotation,org.apache.commons.math.geometry.Vector3D,0.231292517007,68,294
EvoR,14,math,org.apache.commons.math.geometry.Rotation,org.apache.commons.math.geometry.Vector3D,0.360544217687,106,294
EvoR,15,math,org.apache.commons.math.geometry.Rotation,org.apache.commons.math.geometry.Vector3D,0.268707482993,79,294
EvoR,16,math,org.apache.commons.math.geometry.Rotation,org.apache.commons.math.geometry.Vector3D,0.30612244898,90,294
EvoR,17,math,org.apache.commons.math.geometry.Rotation,org.apache.commons.math.geometry.Vector3D,0.221088435374,65,294
EvoR,18,math,org.apache.commons.math.geometry.Rotation,org.apache.commons.math.geometry.Vector3D,0.37074829932,109,294
EvoR,19,math,org.apache.commons.math.geometry.Rotation,org.apache.commons.math.geometry.Vector3D,0.268707482993,79,294
EvoR,20,math,org.apache.commons.math.geometry.Rotation,org.apache.commons.math.geometry.Vector3D,0.227891156463,67,294
EvoR,1,math,org.apache.commons.math.geometry.Rotation,org.apache.commons.math.geometry.CardanEulerSingularityException,0.0,0,4
EvoR,2,math,org.apache.commons.math.geometry.Rotation,org.apache.commons.math.geometry.CardanEulerSingularityException,0.0,0,4
EvoR,3,math,org.apache.commons.math.geometry.Rotation,org.apache.commons.math.geometry.CardanEulerSingularityException,0.0,0,4
EvoR,4,math,org.apache.commons.math.geometry.Rotation,org.apache.commons.math.geometry.CardanEulerSingularityException,0.0,0,4
EvoR,5,math,org.apache.commons.math.geometry.Rotation,org.apache.commons.math.geometry.CardanEulerSingularityException,0.0,0,4
EvoR,6,math,org.apache.commons.math.geometry.Rotation,org.apache.commons.math.geometry.CardanEulerSingularityException,0.0,0,4
EvoR,7,math,org.apache.commons.math.geometry.Rotation,org.apache.commons.math.geometry.CardanEulerSingularityException,0.0,0,4
EvoR,8,math,org.apache.commons.math.geometry.Rotation,org.apache.commons.math.geometry.CardanEulerSingularityException,0.0,0,4
EvoR,9,math,org.apache.commons.math.geometry.Rotation,org.apache.commons.math.geometry.CardanEulerSingularityException,0.0,0,4
EvoR,10,math,org.apache.commons.math.geometry.Rotation,org.apache.commons.math.geometry.CardanEulerSingularityException,0.0,0,4
EvoR,11,math,org.apache.commons.math.geometry.Rotation,org.apache.commons.math.geometry.CardanEulerSingularityException,0.0,0,4
EvoR,12,math,org.apache.commons.math.geometry.Rotation,org.apache.commons.math.geometry.CardanEulerSingularityException,0.0,0,4
EvoR,13,math,org.apache.commons.math.geometry.Rotation,org.apache.commons.math.geometry.CardanEulerSingularityException,0.0,0,4
EvoR,14,math,org.apache.commons.math.geometry.Rotation,org.apache.commons.math.geometry.CardanEulerSingularityException,0.0,0,4
EvoR,15,math,org.apache.commons.math.geometry.Rotation,org.apache.commons.math.geometry.CardanEulerSingularityException,0.0,0,4
EvoR,16,math,org.apache.commons.math.geometry.Rotation,org.apache.commons.math.geometry.CardanEulerSingularityException,0.0,0,4
EvoR,17,math,org.apache.commons.math.geometry.Rotation,org.apache.commons.math.geometry.CardanEulerSingularityException,0.0,0,4
EvoR,18,math,org.apache.commons.math.geometry.Rotation,org.apache.commons.math.geometry.CardanEulerSingularityException,0.0,0,4
EvoR,19,math,org.apache.commons.math.geometry.Rotation,org.apache.commons.math.geometry.CardanEulerSingularityException,0.0,0,4
EvoR,20,math,org.apache.commons.math.geometry.Rotation,org.apache.commons.math.geometry.CardanEulerSingularityException,0.0,0,4
EvoR,1,lang,org.apache.commons.lang3.text.translate.UnicodeEscaper,org.apache.commons.lang3.text.translate.CharSequenceTranslator,0.592105263158,45,76
EvoR,2,lang,org.apache.commons.lang3.text.translate.UnicodeEscaper,org.apache.commons.lang3.text.translate.CharSequenceTranslator,0.473684210526,36,76
EvoR,3,lang,org.apache.commons.lang3.text.translate.UnicodeEscaper,org.apache.commons.lang3.text.translate.CharSequenceTranslator,0.684210526316,52,76
EvoR,4,lang,org.apache.commons.lang3.text.translate.UnicodeEscaper,org.apache.commons.lang3.text.translate.CharSequenceTranslator,0.552631578947,42,76
EvoR,5,lang,org.apache.commons.lang3.text.translate.UnicodeEscaper,org.apache.commons.lang3.text.translate.CharSequenceTranslator,0.0657894736842,5,76
EvoR,6,lang,org.apache.commons.lang3.text.translate.UnicodeEscaper,org.apache.commons.lang3.text.translate.CharSequenceTranslator,0.697368421053,53,76
EvoR,7,lang,org.apache.commons.lang3.text.translate.UnicodeEscaper,org.apache.commons.lang3.text.translate.CharSequenceTranslator,0.671052631579,51,76
EvoR,8,lang,org.apache.commons.lang3.text.translate.UnicodeEscaper,org.apache.commons.lang3.text.translate.CharSequenceTranslator,0.684210526316,52,76
EvoR,9,lang,org.apache.commons.lang3.text.translate.UnicodeEscaper,org.apache.commons.lang3.text.translate.CharSequenceTranslator,0.684210526316,52,76
EvoR,10,lang,org.apache.commons.lang3.text.translate.UnicodeEscaper,org.apache.commons.lang3.text.translate.CharSequenceTranslator,0.710526315789,54,76
EvoR,11,lang,org.apache.commons.lang3.text.translate.UnicodeEscaper,org.apache.commons.lang3.text.translate.CharSequenceTranslator,0.394736842105,30,76
EvoR,12,lang,org.apache.commons.lang3.text.translate.UnicodeEscaper,org.apache.commons.lang3.text.translate.CharSequenceTranslator,0.0657894736842,5,76
EvoR,13,lang,org.apache.commons.lang3.text.translate.UnicodeEscaper,org.apache.commons.lang3.text.translate.CharSequenceTranslator,0.513157894737,39,76
EvoR,14,lang,org.apache.commons.lang3.text.translate.UnicodeEscaper,org.apache.commons.lang3.text.translate.CharSequenceTranslator,0.368421052632,28,76
EvoR,15,lang,org.apache.commons.lang3.text.translate.UnicodeEscaper,org.apache.commons.lang3.text.translate.CharSequenceTranslator,0.328947368421,25,76
EvoR,16,lang,org.apache.commons.lang3.text.translate.UnicodeEscaper,org.apache.commons.lang3.text.translate.CharSequenceTranslator,0.0657894736842,5,76
EvoR,17,lang,org.apache.commons.lang3.text.translate.UnicodeEscaper,org.apache.commons.lang3.text.translate.CharSequenceTranslator,0.473684210526,36,76
EvoR,18,lang,org.apache.commons.lang3.text.translate.UnicodeEscaper,org.apache.commons.lang3.text.translate.CharSequenceTranslator,0.473684210526,36,76
EvoR,19,lang,org.apache.commons.lang3.text.translate.UnicodeEscaper,org.apache.commons.lang3.text.translate.CharSequenceTranslator,0.0657894736842,5,76
EvoR,20,lang,org.apache.commons.lang3.text.translate.UnicodeEscaper,org.apache.commons.lang3.text.translate.CharSequenceTranslator,0.486842105263,37,76
EvoR,1,lang,org.apache.commons.lang3.text.StrMatcher,org.apache.commons.lang3.text.StrMatcher$CharMatcher,0.857142857143,6,7
EvoR,2,lang,org.apache.commons.lang3.text.StrMatcher,org.apache.commons.lang3.text.StrMatcher$CharMatcher,1.0,7,7
EvoR,3,lang,org.apache.commons.lang3.text.StrMatcher,org.apache.commons.lang3.text.StrMatcher$CharMatcher,1.0,7,7
EvoR,4,lang,org.apache.commons.lang3.text.StrMatcher,org.apache.commons.lang3.text.StrMatcher$CharMatcher,1.0,7,7
EvoR,5,lang,org.apache.commons.lang3.text.StrMatcher,org.apache.commons.lang3.text.StrMatcher$CharMatcher,1.0,7,7
EvoR,6,lang,org.apache.commons.lang3.text.StrMatcher,org.apache.commons.lang3.text.StrMatcher$CharMatcher,1.0,7,7
EvoR,7,lang,org.apache.commons.lang3.text.StrMatcher,org.apache.commons.lang3.text.StrMatcher$CharMatcher,1.0,7,7
EvoR,8,lang,org.apache.commons.lang3.text.StrMatcher,org.apache.commons.lang3.text.StrMatcher$CharMatcher,1.0,7,7
EvoR,9,lang,org.apache.commons.lang3.text.StrMatcher,org.apache.commons.lang3.text.StrMatcher$CharMatcher,1.0,7,7
EvoR,10,lang,org.apache.commons.lang3.text.StrMatcher,org.apache.commons.lang3.text.StrMatcher$CharMatcher,1.0,7,7
EvoR,11,lang,org.apache.commons.lang3.text.StrMatcher,org.apache.commons.lang3.text.StrMatcher$CharMatcher,1.0,7,7
EvoR,12,lang,org.apache.commons.lang3.text.StrMatcher,org.apache.commons.lang3.text.StrMatcher$CharMatcher,1.0,7,7
EvoR,13,lang,org.apache.commons.lang3.text.StrMatcher,org.apache.commons.lang3.text.StrMatcher$CharMatcher,1.0,7,7
EvoR,14,lang,org.apache.commons.lang3.text.StrMatcher,org.apache.commons.lang3.text.StrMatcher$CharMatcher,1.0,7,7
EvoR,15,lang,org.apache.commons.lang3.text.StrMatcher,org.apache.commons.lang3.text.StrMatcher$CharMatcher,0.857142857143,6,7
EvoR,16,lang,org.apache.commons.lang3.text.StrMatcher,org.apache.commons.lang3.text.StrMatcher$CharMatcher,1.0,7,7
EvoR,17,lang,org.apache.commons.lang3.text.StrMatcher,org.apache.commons.lang3.text.StrMatcher$CharMatcher,1.0,7,7
EvoR,18,lang,org.apache.commons.lang3.text.StrMatcher,org.apache.commons.lang3.text.StrMatcher$CharMatcher,1.0,7,7
EvoR,19,lang,org.apache.commons.lang3.text.StrMatcher,org.apache.commons.lang3.text.StrMatcher$CharMatcher,1.0,7,7
EvoR,20,lang,org.apache.commons.lang3.text.StrMatcher,org.apache.commons.lang3.text.StrMatcher$CharMatcher,1.0,7,7
EvoR,1,lang,org.apache.commons.lang3.concurrent.MultiBackgroundInitializer,org.apache.commons.lang3.concurrent.BackgroundInitializer,0.650793650794,41,63
EvoR,2,lang,org.apache.commons.lang3.concurrent.MultiBackgroundInitializer,org.apache.commons.lang3.concurrent.BackgroundInitializer,0.698412698413,44,63
EvoR,3,lang,org.apache.commons.lang3.concurrent.MultiBackgroundInitializer,org.apache.commons.lang3.concurrent.BackgroundInitializer,0.555555555556,35,63
EvoR,4,lang,org.apache.commons.lang3.concurrent.MultiBackgroundInitializer,org.apache.commons.lang3.concurrent.BackgroundInitializer,0.777777777778,49,63
EvoR,5,lang,org.apache.commons.lang3.concurrent.MultiBackgroundInitializer,org.apache.commons.lang3.concurrent.BackgroundInitializer,0.571428571429,36,63
EvoR,6,lang,org.apache.commons.lang3.concurrent.MultiBackgroundInitializer,org.apache.commons.lang3.concurrent.BackgroundInitializer,0.746031746032,47,63
EvoR,7,lang,org.apache.commons.lang3.concurrent.MultiBackgroundInitializer,org.apache.commons.lang3.concurrent.BackgroundInitializer,0.650793650794,41,63
EvoR,8,lang,org.apache.commons.lang3.concurrent.MultiBackgroundInitializer,org.apache.commons.lang3.concurrent.BackgroundInitializer,0.698412698413,44,63
EvoR,9,lang,org.apache.commons.lang3.concurrent.MultiBackgroundInitializer,org.apache.commons.lang3.concurrent.BackgroundInitializer,0.698412698413,44,63
EvoR,10,lang,org.apache.commons.lang3.concurrent.MultiBackgroundInitializer,org.apache.commons.lang3.concurrent.BackgroundInitializer,0.619047619048,39,63
EvoR,11,lang,org.apache.commons.lang3.concurrent.MultiBackgroundInitializer,org.apache.commons.lang3.concurrent.BackgroundInitializer,0.619047619048,39,63
EvoR,12,lang,org.apache.commons.lang3.concurrent.MultiBackgroundInitializer,org.apache.commons.lang3.concurrent.BackgroundInitializer,0.619047619048,39,63
EvoR,13,lang,org.apache.commons.lang3.concurrent.MultiBackgroundInitializer,org.apache.commons.lang3.concurrent.BackgroundInitializer,0.571428571429,36,63
EvoR,14,lang,org.apache.commons.lang3.concurrent.MultiBackgroundInitializer,org.apache.commons.lang3.concurrent.BackgroundInitializer,0.619047619048,39,63
EvoR,15,lang,org.apache.commons.lang3.concurrent.MultiBackgroundInitializer,org.apache.commons.lang3.concurrent.BackgroundInitializer,0.571428571429,36,63
EvoR,16,lang,org.apache.commons.lang3.concurrent.MultiBackgroundInitializer,org.apache.commons.lang3.concurrent.BackgroundInitializer,0.650793650794,41,63
EvoR,17,lang,org.apache.commons.lang3.concurrent.MultiBackgroundInitializer,org.apache.commons.lang3.concurrent.BackgroundInitializer,0.571428571429,36,63
EvoR,18,lang,org.apache.commons.lang3.concurrent.MultiBackgroundInitializer,org.apache.commons.lang3.concurrent.BackgroundInitializer,0.619047619048,39,63
EvoR,19,lang,org.apache.commons.lang3.concurrent.MultiBackgroundInitializer,org.apache.commons.lang3.concurrent.BackgroundInitializer,0.619047619048,39,63
EvoR,20,lang,org.apache.commons.lang3.concurrent.MultiBackgroundInitializer,org.apache.commons.lang3.concurrent.BackgroundInitializer,0.650793650794,41,63
EvoR,1,lang,org.apache.commons.lang3.builder.ReflectionToStringBuilder,org.apache.commons.lang3.builder.ToStringBuilder,0.765765765766,170,222
EvoR,2,lang,org.apache.commons.lang3.builder.ReflectionToStringBuilder,org.apache.commons.lang3.builder.ToStringBuilder,0.815315315315,181,222
EvoR,3,lang,org.apache.commons.lang3.builder.ReflectionToStringBuilder,org.apache.commons.lang3.builder.ToStringBuilder,0.752252252252,167,222
EvoR,4,lang,org.apache.commons.lang3.builder.ReflectionToStringBuilder,org.apache.commons.lang3.builder.ToStringBuilder,0.797297297297,177,222
EvoR,5,lang,org.apache.commons.lang3.builder.ReflectionToStringBuilder,org.apache.commons.lang3.builder.ToStringBuilder,0.927927927928,206,222
EvoR,6,lang,org.apache.commons.lang3.builder.ReflectionToStringBuilder,org.apache.commons.lang3.builder.ToStringBuilder,0.693693693694,154,222
EvoR,7,lang,org.apache.commons.lang3.builder.ReflectionToStringBuilder,org.apache.commons.lang3.builder.ToStringBuilder,0.765765765766,170,222
EvoR,8,lang,org.apache.commons.lang3.builder.ReflectionToStringBuilder,org.apache.commons.lang3.builder.ToStringBuilder,0.941441441441,209,222
EvoR,9,lang,org.apache.commons.lang3.builder.ReflectionToStringBuilder,org.apache.commons.lang3.builder.ToStringBuilder,0.86036036036,191,222
EvoR,10,lang,org.apache.commons.lang3.builder.ReflectionToStringBuilder,org.apache.commons.lang3.builder.ToStringBuilder,0.828828828829,184,222
EvoR,11,lang,org.apache.commons.lang3.builder.ReflectionToStringBuilder,org.apache.commons.lang3.builder.ToStringBuilder,0.135135135135,30,222
EvoR,12,lang,org.apache.commons.lang3.builder.ReflectionToStringBuilder,org.apache.commons.lang3.builder.ToStringBuilder,0.144144144144,32,222
EvoR,13,lang,org.apache.commons.lang3.builder.ReflectionToStringBuilder,org.apache.commons.lang3.builder.ToStringBuilder,0.135135135135,30,222
EvoR,14,lang,org.apache.commons.lang3.builder.ReflectionToStringBuilder,org.apache.commons.lang3.builder.ToStringBuilder,0.0945945945946,21,222
EvoR,15,lang,org.apache.commons.lang3.builder.ReflectionToStringBuilder,org.apache.commons.lang3.builder.ToStringBuilder,0.103603603604,23,222
EvoR,16,lang,org.apache.commons.lang3.builder.ReflectionToStringBuilder,org.apache.commons.lang3.builder.ToStringBuilder,0.144144144144,32,222
EvoR,17,lang,org.apache.commons.lang3.builder.ReflectionToStringBuilder,org.apache.commons.lang3.builder.ToStringBuilder,0.130630630631,29,222
EvoR,18,lang,org.apache.commons.lang3.builder.ReflectionToStringBuilder,org.apache.commons.lang3.builder.ToStringBuilder,0.117117117117,26,222
EvoR,19,lang,org.apache.commons.lang3.builder.ReflectionToStringBuilder,org.apache.commons.lang3.builder.ToStringBuilder,0.103603603604,23,222
EvoR,20,lang,org.apache.commons.lang3.builder.ReflectionToStringBuilder,org.apache.commons.lang3.builder.ToStringBuilder,0.103603603604,23,222
EvoR,1,lang,org.apache.commons.lang3.CharUtils,org.apache.commons.lang3.StringUtils,0.743528283797,3102,4172
EvoR,2,lang,org.apache.commons.lang3.CharUtils,org.apache.commons.lang3.StringUtils,0.747123681687,3117,4172
EvoR,3,lang,org.apache.commons.lang3.CharUtils,org.apache.commons.lang3.StringUtils,0.754074784276,3146,4172
EvoR,4,lang,org.apache.commons.lang3.CharUtils,org.apache.commons.lang3.StringUtils,0.769175455417,3209,4172
EvoR,5,lang,org.apache.commons.lang3.CharUtils,org.apache.commons.lang3.StringUtils,0.744966442953,3108,4172
EvoR,6,lang,org.apache.commons.lang3.CharUtils,org.apache.commons.lang3.StringUtils,0.277085330777,1156,4172
EvoR,7,lang,org.apache.commons.lang3.CharUtils,org.apache.commons.lang3.StringUtils,0.752396931927,3139,4172
EvoR,8,lang,org.apache.commons.lang3.CharUtils,org.apache.commons.lang3.StringUtils,0.606663470757,2531,4172
EvoR,9,lang,org.apache.commons.lang3.CharUtils,org.apache.commons.lang3.StringUtils,0.743528283797,3102,4172
EvoR,10,lang,org.apache.commons.lang3.CharUtils,org.apache.commons.lang3.StringUtils,0.751917545542,3137,4172
EvoR,11,lang,org.apache.commons.lang3.CharUtils,org.apache.commons.lang3.StringUtils,0.00239693192713,10,4172
EvoR,12,lang,org.apache.commons.lang3.CharUtils,org.apache.commons.lang3.StringUtils,0.00239693192713,10,4172
EvoR,13,lang,org.apache.commons.lang3.CharUtils,org.apache.commons.lang3.StringUtils,0.00263662511985,11,4172
EvoR,14,lang,org.apache.commons.lang3.CharUtils,org.apache.commons.lang3.StringUtils,0.00263662511985,11,4172
EvoR,15,lang,org.apache.commons.lang3.CharUtils,org.apache.commons.lang3.StringUtils,0.00263662511985,11,4172
EvoR,16,lang,org.apache.commons.lang3.CharUtils,org.apache.commons.lang3.StringUtils,0.00263662511985,11,4172
EvoR,17,lang,org.apache.commons.lang3.CharUtils,org.apache.commons.lang3.StringUtils,0.00263662511985,11,4172
EvoR,18,lang,org.apache.commons.lang3.CharUtils,org.apache.commons.lang3.StringUtils,0.00263662511985,11,4172
EvoR,19,lang,org.apache.commons.lang3.CharUtils,org.apache.commons.lang3.StringUtils,0.00263662511985,11,4172
EvoR,20,lang,org.apache.commons.lang3.CharUtils,org.apache.commons.lang3.StringUtils,0.00263662511985,11,4172
EvoR,1,lang,org.apache.commons.lang3.ClassUtils,org.apache.commons.lang3.StringUtils,0.744487056568,3106,4172
EvoR,2,lang,org.apache.commons.lang3.ClassUtils,org.apache.commons.lang3.StringUtils,0.749041227229,3125,4172
EvoR,3,lang,org.apache.commons.lang3.ClassUtils,org.apache.commons.lang3.StringUtils,0.754793863854,3149,4172
EvoR,4,lang,org.apache.commons.lang3.ClassUtils,org.apache.commons.lang3.StringUtils,0.769654841802,3211,4172
EvoR,5,lang,org.apache.commons.lang3.ClassUtils,org.apache.commons.lang3.StringUtils,0.745925215724,3112,4172
EvoR,6,lang,org.apache.commons.lang3.ClassUtils,org.apache.commons.lang3.StringUtils,0.279242569511,1165,4172
EvoR,7,lang,org.apache.commons.lang3.ClassUtils,org.apache.commons.lang3.StringUtils,0.756951102589,3158,4172
EvoR,8,lang,org.apache.commons.lang3.ClassUtils,org.apache.commons.lang3.StringUtils,0.608101629914,2537,4172
EvoR,9,lang,org.apache.commons.lang3.ClassUtils,org.apache.commons.lang3.StringUtils,0.748082454458,3121,4172
EvoR,10,lang,org.apache.commons.lang3.ClassUtils,org.apache.commons.lang3.StringUtils,0.755033557047,3150,4172
EvoR,11,lang,org.apache.commons.lang3.ClassUtils,org.apache.commons.lang3.StringUtils,0.00503355704698,21,4172
EvoR,12,lang,org.apache.commons.lang3.ClassUtils,org.apache.commons.lang3.StringUtils,0.00551294343241,23,4172
EvoR,13,lang,org.apache.commons.lang3.ClassUtils,org.apache.commons.lang3.StringUtils,0.00814956855225,34,4172
EvoR,14,lang,org.apache.commons.lang3.ClassUtils,org.apache.commons.lang3.StringUtils,0.00551294343241,23,4172
EvoR,15,lang,org.apache.commons.lang3.ClassUtils,org.apache.commons.lang3.StringUtils,0.00503355704698,21,4172
EvoR,16,lang,org.apache.commons.lang3.ClassUtils,org.apache.commons.lang3.StringUtils,0.00503355704698,21,4172
EvoR,17,lang,org.apache.commons.lang3.ClassUtils,org.apache.commons.lang3.StringUtils,0.00503355704698,21,4172
EvoR,18,lang,org.apache.commons.lang3.ClassUtils,org.apache.commons.lang3.StringUtils,0.00814956855225,34,4172
EvoR,19,lang,org.apache.commons.lang3.ClassUtils,org.apache.commons.lang3.StringUtils,0.00503355704698,21,4172
EvoR,20,lang,org.apache.commons.lang3.ClassUtils,org.apache.commons.lang3.StringUtils,0.00503355704698,21,4172
EvoR,1,lang,org.apache.commons.lang3.builder.ToStringStyle,org.apache.commons.lang3.ClassUtils,0.75421686747,626,830
EvoR,2,lang,org.apache.commons.lang3.builder.ToStringStyle,org.apache.commons.lang3.ClassUtils,0.742168674699,616,830
EvoR,3,lang,org.apache.commons.lang3.builder.ToStringStyle,org.apache.commons.lang3.ClassUtils,0.753012048193,625,830
EvoR,4,lang,org.apache.commons.lang3.builder.ToStringStyle,org.apache.commons.lang3.ClassUtils,0.772289156627,641,830
EvoR,5,lang,org.apache.commons.lang3.builder.ToStringStyle,org.apache.commons.lang3.ClassUtils,0.756626506024,628,830
EvoR,6,lang,org.apache.commons.lang3.builder.ToStringStyle,org.apache.commons.lang3.ClassUtils,0.751807228916,624,830
EvoR,7,lang,org.apache.commons.lang3.builder.ToStringStyle,org.apache.commons.lang3.ClassUtils,0.769879518072,639,830
EvoR,8,lang,org.apache.commons.lang3.builder.ToStringStyle,org.apache.commons.lang3.ClassUtils,0.749397590361,622,830
EvoR,9,lang,org.apache.commons.lang3.builder.ToStringStyle,org.apache.commons.lang3.ClassUtils,0.751807228916,624,830
EvoR,10,lang,org.apache.commons.lang3.builder.ToStringStyle,org.apache.commons.lang3.ClassUtils,0.750602409639,623,830
EvoR,11,lang,org.apache.commons.lang3.builder.ToStringStyle,org.apache.commons.lang3.ClassUtils,0.0349397590361,29,830
EvoR,12,lang,org.apache.commons.lang3.builder.ToStringStyle,org.apache.commons.lang3.ClassUtils,0.0349397590361,29,830
EvoR,13,lang,org.apache.commons.lang3.builder.ToStringStyle,org.apache.commons.lang3.ClassUtils,0.0349397590361,29,830
EvoR,14,lang,org.apache.commons.lang3.builder.ToStringStyle,org.apache.commons.lang3.ClassUtils,0.0349397590361,29,830
EvoR,15,lang,org.apache.commons.lang3.builder.ToStringStyle,org.apache.commons.lang3.ClassUtils,0.0349397590361,29,830
EvoR,16,lang,org.apache.commons.lang3.builder.ToStringStyle,org.apache.commons.lang3.ClassUtils,0.0349397590361,29,830
EvoR,17,lang,org.apache.commons.lang3.builder.ToStringStyle,org.apache.commons.lang3.ClassUtils,0.0349397590361,29,830
EvoR,18,lang,org.apache.commons.lang3.builder.ToStringStyle,org.apache.commons.lang3.ClassUtils,0.0349397590361,29,830
EvoR,19,lang,org.apache.commons.lang3.builder.ToStringStyle,org.apache.commons.lang3.ClassUtils,0.0349397590361,29,830
EvoR,20,lang,org.apache.commons.lang3.builder.ToStringStyle,org.apache.commons.lang3.ClassUtils,0.0349397590361,29,830
EvoR,1,lang,org.apache.commons.lang3.StringUtils,org.apache.commons.lang3.ArrayUtils,0.832842656199,2546,3057
EvoR,2,lang,org.apache.commons.lang3.StringUtils,org.apache.commons.lang3.ArrayUtils,0.827935884854,2531,3057
EvoR,3,lang,org.apache.commons.lang3.StringUtils,org.apache.commons.lang3.ArrayUtils,0.489695780177,1497,3057
EvoR,4,lang,org.apache.commons.lang3.StringUtils,org.apache.commons.lang3.ArrayUtils,0.820412168793,2508,3057
EvoR,5,lang,org.apache.commons.lang3.StringUtils,org.apache.commons.lang3.ArrayUtils,0.816813869807,2497,3057
EvoR,6,lang,org.apache.commons.lang3.StringUtils,org.apache.commons.lang3.ArrayUtils,0.84102060844,2571,3057
EvoR,7,lang,org.apache.commons.lang3.StringUtils,org.apache.commons.lang3.ArrayUtils,0.825973176317,2525,3057
EvoR,8,lang,org.apache.commons.lang3.StringUtils,org.apache.commons.lang3.ArrayUtils,0.817795224076,2500,3057
EvoR,9,lang,org.apache.commons.lang3.StringUtils,org.apache.commons.lang3.ArrayUtils,0.82270199542,2515,3057
EvoR,10,lang,org.apache.commons.lang3.StringUtils,org.apache.commons.lang3.ArrayUtils,0.833496892378,2548,3057
EvoR,11,lang,org.apache.commons.lang3.StringUtils,org.apache.commons.lang3.ArrayUtils,0.00392541707556,12,3057
EvoR,12,lang,org.apache.commons.lang3.StringUtils,org.apache.commons.lang3.ArrayUtils,0.00654236179261,20,3057
EvoR,13,lang,org.apache.commons.lang3.StringUtils,org.apache.commons.lang3.ArrayUtils,0.00457965325482,14,3057
EvoR,14,lang,org.apache.commons.lang3.StringUtils,org.apache.commons.lang3.ArrayUtils,0.00490677134446,15,3057
EvoR,15,lang,org.apache.commons.lang3.StringUtils,org.apache.commons.lang3.ArrayUtils,0.00457965325482,14,3057
EvoR,16,lang,org.apache.commons.lang3.StringUtils,org.apache.commons.lang3.ArrayUtils,0.00392541707556,12,3057
EvoR,17,lang,org.apache.commons.lang3.StringUtils,org.apache.commons.lang3.ArrayUtils,0.00719659797187,22,3057
EvoR,18,lang,org.apache.commons.lang3.StringUtils,org.apache.commons.lang3.ArrayUtils,0.00654236179261,20,3057
EvoR,19,lang,org.apache.commons.lang3.StringUtils,org.apache.commons.lang3.ArrayUtils,0.00457965325482,14,3057
EvoR,20,lang,org.apache.commons.lang3.StringUtils,org.apache.commons.lang3.ArrayUtils,0.00457965325482,14,3057
EvoR,1,lang,org.apache.commons.lang3.math.NumberUtils,org.apache.commons.lang3.StringUtils,0.744487056568,3106,4172
EvoR,2,lang,org.apache.commons.lang3.math.NumberUtils,org.apache.commons.lang3.StringUtils,0.749280920422,3126,4172
EvoR,3,lang,org.apache.commons.lang3.math.NumberUtils,org.apache.commons.lang3.StringUtils,0.756951102589,3158,4172
EvoR,4,lang,org.apache.commons.lang3.math.NumberUtils,org.apache.commons.lang3.StringUtils,0.76941514861,3210,4172
EvoR,5,lang,org.apache.commons.lang3.math.NumberUtils,org.apache.commons.lang3.StringUtils,0.745685522531,3111,4172
EvoR,6,lang,org.apache.commons.lang3.math.NumberUtils,org.apache.commons.lang3.StringUtils,0.278523489933,1162,4172
EvoR,7,lang,org.apache.commons.lang3.math.NumberUtils,org.apache.commons.lang3.StringUtils,0.753595397891,3144,4172
EvoR,8,lang,org.apache.commons.lang3.math.NumberUtils,org.apache.commons.lang3.StringUtils,0.608341323106,2538,4172
EvoR,9,lang,org.apache.commons.lang3.math.NumberUtils,org.apache.commons.lang3.StringUtils,0.744966442953,3108,4172
EvoR,10,lang,org.apache.commons.lang3.math.NumberUtils,org.apache.commons.lang3.StringUtils,0.755033557047,3150,4172
EvoR,11,lang,org.apache.commons.lang3.math.NumberUtils,org.apache.commons.lang3.StringUtils,0.00623202301055,26,4172
EvoR,12,lang,org.apache.commons.lang3.math.NumberUtils,org.apache.commons.lang3.StringUtils,0.00623202301055,26,4172
EvoR,13,lang,org.apache.commons.lang3.math.NumberUtils,org.apache.commons.lang3.StringUtils,0.00623202301055,26,4172
EvoR,14,lang,org.apache.commons.lang3.math.NumberUtils,org.apache.commons.lang3.StringUtils,0.00647171620326,27,4172
EvoR,15,lang,org.apache.commons.lang3.math.NumberUtils,org.apache.commons.lang3.StringUtils,0.00671140939597,28,4172
EvoR,16,lang,org.apache.commons.lang3.math.NumberUtils,org.apache.commons.lang3.StringUtils,0.00623202301055,26,4172
EvoR,17,lang,org.apache.commons.lang3.math.NumberUtils,org.apache.commons.lang3.StringUtils,0.00671140939597,28,4172
EvoR,18,lang,org.apache.commons.lang3.math.NumberUtils,org.apache.commons.lang3.StringUtils,0.00599232981783,25,4172
EvoR,19,lang,org.apache.commons.lang3.math.NumberUtils,org.apache.commons.lang3.StringUtils,0.00623202301055,26,4172
EvoR,20,lang,org.apache.commons.lang3.math.NumberUtils,org.apache.commons.lang3.StringUtils,0.00647171620326,27,4172
EvoR,1,lang,org.apache.commons.lang3.time.DurationFormatUtils,org.apache.commons.lang3.StringUtils,0.745685522531,3111,4172
EvoR,2,lang,org.apache.commons.lang3.time.DurationFormatUtils,org.apache.commons.lang3.StringUtils,0.749280920422,3126,4172
EvoR,3,lang,org.apache.commons.lang3.time.DurationFormatUtils,org.apache.commons.lang3.StringUtils,0.755033557047,3150,4172
EvoR,4,lang,org.apache.commons.lang3.time.DurationFormatUtils,org.apache.commons.lang3.StringUtils,0.769175455417,3209,4172
EvoR,5,lang,org.apache.commons.lang3.time.DurationFormatUtils,org.apache.commons.lang3.StringUtils,0.747603068073,3119,4172
EvoR,6,lang,org.apache.commons.lang3.time.DurationFormatUtils,org.apache.commons.lang3.StringUtils,0.275886864813,1151,4172
EvoR,7,lang,org.apache.commons.lang3.time.DurationFormatUtils,org.apache.commons.lang3.StringUtils,0.755512943432,3152,4172
EvoR,8,lang,org.apache.commons.lang3.time.DurationFormatUtils,org.apache.commons.lang3.StringUtils,0.610258868648,2546,4172
EvoR,9,lang,org.apache.commons.lang3.time.DurationFormatUtils,org.apache.commons.lang3.StringUtils,0.749520613615,3127,4172
EvoR,10,lang,org.apache.commons.lang3.time.DurationFormatUtils,org.apache.commons.lang3.StringUtils,0.755752636625,3153,4172
EvoR,11,lang,org.apache.commons.lang3.time.DurationFormatUtils,org.apache.commons.lang3.StringUtils,0.00503355704698,21,4172
EvoR,12,lang,org.apache.commons.lang3.time.DurationFormatUtils,org.apache.commons.lang3.StringUtils,0.00503355704698,21,4172
EvoR,13,lang,org.apache.commons.lang3.time.DurationFormatUtils,org.apache.commons.lang3.StringUtils,0.00455417066155,19,4172
EvoR,14,lang,org.apache.commons.lang3.time.DurationFormatUtils,org.apache.commons.lang3.StringUtils,0.00503355704698,21,4172
EvoR,15,lang,org.apache.commons.lang3.time.DurationFormatUtils,org.apache.commons.lang3.StringUtils,0.00503355704698,21,4172
EvoR,16,lang,org.apache.commons.lang3.time.DurationFormatUtils,org.apache.commons.lang3.StringUtils,0.00599232981783,25,4172
EvoR,17,lang,org.apache.commons.lang3.time.DurationFormatUtils,org.apache.commons.lang3.StringUtils,0.00503355704698,21,4172
EvoR,18,lang,org.apache.commons.lang3.time.DurationFormatUtils,org.apache.commons.lang3.StringUtils,0.00551294343241,23,4172
EvoR,19,lang,org.apache.commons.lang3.time.DurationFormatUtils,org.apache.commons.lang3.StringUtils,0.00503355704698,21,4172
EvoR,20,lang,org.apache.commons.lang3.time.DurationFormatUtils,org.apache.commons.lang3.StringUtils,0.00503355704698,21,4172
EvoR,1,lang,org.apache.commons.lang3.ArrayUtils,org.apache.commons.lang3.builder.EqualsBuilder,0.619623655914,461,744
EvoR,2,lang,org.apache.commons.lang3.ArrayUtils,org.apache.commons.lang3.builder.EqualsBuilder,0.631720430108,470,744
EvoR,3,lang,org.apache.commons.lang3.ArrayUtils,org.apache.commons.lang3.builder.EqualsBuilder,0.65188172043,485,744
EvoR,4,lang,org.apache.commons.lang3.ArrayUtils,org.apache.commons.lang3.builder.EqualsBuilder,0.599462365591,446,744
EvoR,5,lang,org.apache.commons.lang3.ArrayUtils,org.apache.commons.lang3.builder.EqualsBuilder,0.633064516129,471,744
EvoR,6,lang,org.apache.commons.lang3.ArrayUtils,org.apache.commons.lang3.builder.EqualsBuilder,0.622311827957,463,744
EvoR,7,lang,org.apache.commons.lang3.ArrayUtils,org.apache.commons.lang3.builder.EqualsBuilder,0.612903225806,456,744
EvoR,8,lang,org.apache.commons.lang3.ArrayUtils,org.apache.commons.lang3.builder.EqualsBuilder,0.614247311828,457,744
EvoR,9,lang,org.apache.commons.lang3.ArrayUtils,org.apache.commons.lang3.builder.EqualsBuilder,0.629032258065,468,744
EvoR,10,lang,org.apache.commons.lang3.ArrayUtils,org.apache.commons.lang3.builder.EqualsBuilder,0.620967741935,462,744
EvoR,11,lang,org.apache.commons.lang3.ArrayUtils,org.apache.commons.lang3.builder.EqualsBuilder,0.0228494623656,17,744
EvoR,12,lang,org.apache.commons.lang3.ArrayUtils,org.apache.commons.lang3.builder.EqualsBuilder,0.0295698924731,22,744
EvoR,13,lang,org.apache.commons.lang3.ArrayUtils,org.apache.commons.lang3.builder.EqualsBuilder,0.0201612903226,15,744
EvoR,14,lang,org.apache.commons.lang3.ArrayUtils,org.apache.commons.lang3.builder.EqualsBuilder,0.00806451612903,6,744
EvoR,15,lang,org.apache.commons.lang3.ArrayUtils,org.apache.commons.lang3.builder.EqualsBuilder,0.00806451612903,6,744
EvoR,16,lang,org.apache.commons.lang3.ArrayUtils,org.apache.commons.lang3.builder.EqualsBuilder,0.00806451612903,6,744
EvoR,17,lang,org.apache.commons.lang3.ArrayUtils,org.apache.commons.lang3.builder.EqualsBuilder,0.00672043010753,5,744
EvoR,18,lang,org.apache.commons.lang3.ArrayUtils,org.apache.commons.lang3.builder.EqualsBuilder,0.00672043010753,5,744
EvoR,19,lang,org.apache.commons.lang3.ArrayUtils,org.apache.commons.lang3.builder.EqualsBuilder,0.0201612903226,15,744
EvoR,20,lang,org.apache.commons.lang3.ArrayUtils,org.apache.commons.lang3.builder.EqualsBuilder,0.0228494623656,17,744
EvoR,1,lang,org.apache.commons.lang3.builder.ToStringBuilder,org.apache.commons.lang3.builder.ToStringStyle,0.109709962169,87,793
EvoR,2,lang,org.apache.commons.lang3.builder.ToStringBuilder,org.apache.commons.lang3.builder.ToStringStyle,0.102143757881,81,793
EvoR,3,lang,org.apache.commons.lang3.builder.ToStringBuilder,org.apache.commons.lang3.builder.ToStringStyle,0.665825977301,528,793
EvoR,4,lang,org.apache.commons.lang3.builder.ToStringBuilder,org.apache.commons.lang3.builder.ToStringStyle,0.100882723834,80,793
EvoR,5,lang,org.apache.commons.lang3.builder.ToStringBuilder,org.apache.commons.lang3.builder.ToStringStyle,0.0769230769231,61,793
EvoR,6,lang,org.apache.commons.lang3.builder.ToStringBuilder,org.apache.commons.lang3.builder.ToStringStyle,0.0769230769231,61,793
EvoR,7,lang,org.apache.commons.lang3.builder.ToStringBuilder,org.apache.commons.lang3.builder.ToStringStyle,0.078184110971,62,793
EvoR,8,lang,org.apache.commons.lang3.builder.ToStringBuilder,org.apache.commons.lang3.builder.ToStringStyle,0.102143757881,81,793
EvoR,9,lang,org.apache.commons.lang3.builder.ToStringBuilder,org.apache.commons.lang3.builder.ToStringStyle,0.832282471627,660,793
EvoR,10,lang,org.apache.commons.lang3.builder.ToStringBuilder,org.apache.commons.lang3.builder.ToStringStyle,0.0744010088272,59,793
EvoR,11,lang,org.apache.commons.lang3.builder.ToStringBuilder,org.apache.commons.lang3.builder.ToStringStyle,0.113493064313,90,793
EvoR,12,lang,org.apache.commons.lang3.builder.ToStringBuilder,org.apache.commons.lang3.builder.ToStringStyle,0.100882723834,80,793
EvoR,13,lang,org.apache.commons.lang3.builder.ToStringBuilder,org.apache.commons.lang3.builder.ToStringStyle,0.103404791929,82,793
EvoR,14,lang,org.apache.commons.lang3.builder.ToStringBuilder,org.apache.commons.lang3.builder.ToStringStyle,0.100882723834,80,793
EvoR,15,lang,org.apache.commons.lang3.builder.ToStringBuilder,org.apache.commons.lang3.builder.ToStringStyle,0.384615384615,305,793
EvoR,16,lang,org.apache.commons.lang3.builder.ToStringBuilder,org.apache.commons.lang3.builder.ToStringStyle,0.110970996217,88,793
EvoR,17,lang,org.apache.commons.lang3.builder.ToStringBuilder,org.apache.commons.lang3.builder.ToStringStyle,0.113493064313,90,793
EvoR,18,lang,org.apache.commons.lang3.builder.ToStringBuilder,org.apache.commons.lang3.builder.ToStringStyle,0.102143757881,81,793
EvoR,19,lang,org.apache.commons.lang3.builder.ToStringBuilder,org.apache.commons.lang3.builder.ToStringStyle,0.141235813367,112,793
EvoR,20,lang,org.apache.commons.lang3.builder.ToStringBuilder,org.apache.commons.lang3.builder.ToStringStyle,0.138713745271,110,793
EvoR,1,lang,org.apache.commons.lang3.time.FastDateFormat,org.apache.commons.lang3.time.FastDateFormat$TextField,0.85,17,20
EvoR,2,lang,org.apache.commons.lang3.time.FastDateFormat,org.apache.commons.lang3.time.FastDateFormat$TextField,0.85,17,20
EvoR,3,lang,org.apache.commons.lang3.time.FastDateFormat,org.apache.commons.lang3.time.FastDateFormat$TextField,0.85,17,20
EvoR,4,lang,org.apache.commons.lang3.time.FastDateFormat,org.apache.commons.lang3.time.FastDateFormat$TextField,0.8,16,20
EvoR,5,lang,org.apache.commons.lang3.time.FastDateFormat,org.apache.commons.lang3.time.FastDateFormat$TextField,0.85,17,20
EvoR,6,lang,org.apache.commons.lang3.time.FastDateFormat,org.apache.commons.lang3.time.FastDateFormat$TextField,0.85,17,20
EvoR,7,lang,org.apache.commons.lang3.time.FastDateFormat,org.apache.commons.lang3.time.FastDateFormat$TextField,0.85,17,20
EvoR,8,lang,org.apache.commons.lang3.time.FastDateFormat,org.apache.commons.lang3.time.FastDateFormat$TextField,0.85,17,20
EvoR,9,lang,org.apache.commons.lang3.time.FastDateFormat,org.apache.commons.lang3.time.FastDateFormat$TextField,0.85,17,20
EvoR,10,lang,org.apache.commons.lang3.time.FastDateFormat,org.apache.commons.lang3.time.FastDateFormat$TextField,0.85,17,20
EvoR,11,lang,org.apache.commons.lang3.time.FastDateFormat,org.apache.commons.lang3.time.FastDateFormat$TextField,0.85,17,20
EvoR,12,lang,org.apache.commons.lang3.time.FastDateFormat,org.apache.commons.lang3.time.FastDateFormat$TextField,0.8,16,20
EvoR,13,lang,org.apache.commons.lang3.time.FastDateFormat,org.apache.commons.lang3.time.FastDateFormat$TextField,0.85,17,20
EvoR,14,lang,org.apache.commons.lang3.time.FastDateFormat,org.apache.commons.lang3.time.FastDateFormat$TextField,0.85,17,20
EvoR,15,lang,org.apache.commons.lang3.time.FastDateFormat,org.apache.commons.lang3.time.FastDateFormat$TextField,0.85,17,20
EvoR,16,lang,org.apache.commons.lang3.time.FastDateFormat,org.apache.commons.lang3.time.FastDateFormat$TextField,0.85,17,20
EvoR,17,lang,org.apache.commons.lang3.time.FastDateFormat,org.apache.commons.lang3.time.FastDateFormat$TextField,0.85,17,20
EvoR,18,lang,org.apache.commons.lang3.time.FastDateFormat,org.apache.commons.lang3.time.FastDateFormat$TextField,0.85,17,20
EvoR,19,lang,org.apache.commons.lang3.time.FastDateFormat,org.apache.commons.lang3.time.FastDateFormat$TextField,0.85,17,20
EvoR,20,lang,org.apache.commons.lang3.time.FastDateFormat,org.apache.commons.lang3.time.FastDateFormat$TextField,0.85,17,20
EvoR,1,lang,org.apache.commons.lang3.time.DurationFormatUtils,org.apache.commons.lang3.time.DurationFormatUtils$Token,0.822784810127,65,79
EvoR,2,lang,org.apache.commons.lang3.time.DurationFormatUtils,org.apache.commons.lang3.time.DurationFormatUtils$Token,0.46835443038,37,79
EvoR,3,lang,org.apache.commons.lang3.time.DurationFormatUtils,org.apache.commons.lang3.time.DurationFormatUtils$Token,0.772151898734,61,79
EvoR,4,lang,org.apache.commons.lang3.time.DurationFormatUtils,org.apache.commons.lang3.time.DurationFormatUtils$Token,0.79746835443,63,79
EvoR,5,lang,org.apache.commons.lang3.time.DurationFormatUtils,org.apache.commons.lang3.time.DurationFormatUtils$Token,0.721518987342,57,79
EvoR,6,lang,org.apache.commons.lang3.time.DurationFormatUtils,org.apache.commons.lang3.time.DurationFormatUtils$Token,0.73417721519,58,79
EvoR,7,lang,org.apache.commons.lang3.time.DurationFormatUtils,org.apache.commons.lang3.time.DurationFormatUtils$Token,0.784810126582,62,79
EvoR,8,lang,org.apache.commons.lang3.time.DurationFormatUtils,org.apache.commons.lang3.time.DurationFormatUtils$Token,0.73417721519,58,79
EvoR,9,lang,org.apache.commons.lang3.time.DurationFormatUtils,org.apache.commons.lang3.time.DurationFormatUtils$Token,0.506329113924,40,79
EvoR,10,lang,org.apache.commons.lang3.time.DurationFormatUtils,org.apache.commons.lang3.time.DurationFormatUtils$Token,0.759493670886,60,79
EvoR,11,lang,org.apache.commons.lang3.time.DurationFormatUtils,org.apache.commons.lang3.time.DurationFormatUtils$Token,0.493670886076,39,79
EvoR,12,lang,org.apache.commons.lang3.time.DurationFormatUtils,org.apache.commons.lang3.time.DurationFormatUtils$Token,0.544303797468,43,79
EvoR,13,lang,org.apache.commons.lang3.time.DurationFormatUtils,org.apache.commons.lang3.time.DurationFormatUtils$Token,0.443037974684,35,79
EvoR,14,lang,org.apache.commons.lang3.time.DurationFormatUtils,org.apache.commons.lang3.time.DurationFormatUtils$Token,0.506329113924,40,79
EvoR,15,lang,org.apache.commons.lang3.time.DurationFormatUtils,org.apache.commons.lang3.time.DurationFormatUtils$Token,0.481012658228,38,79
EvoR,16,lang,org.apache.commons.lang3.time.DurationFormatUtils,org.apache.commons.lang3.time.DurationFormatUtils$Token,0.46835443038,37,79
EvoR,17,lang,org.apache.commons.lang3.time.DurationFormatUtils,org.apache.commons.lang3.time.DurationFormatUtils$Token,0.443037974684,35,79
EvoR,18,lang,org.apache.commons.lang3.time.DurationFormatUtils,org.apache.commons.lang3.time.DurationFormatUtils$Token,0.506329113924,40,79
EvoR,19,lang,org.apache.commons.lang3.time.DurationFormatUtils,org.apache.commons.lang3.time.DurationFormatUtils$Token,0.443037974684,35,79
EvoR,20,lang,org.apache.commons.lang3.time.DurationFormatUtils,org.apache.commons.lang3.time.DurationFormatUtils$Token,0.455696202532,36,79
EvoR,1,lang,org.apache.commons.lang3.time.FastDateFormat,org.apache.commons.lang3.time.FastDateFormat$Pair,0.0,0,66
EvoR,2,lang,org.apache.commons.lang3.time.FastDateFormat,org.apache.commons.lang3.time.FastDateFormat$Pair,0.0,0,66
EvoR,3,lang,org.apache.commons.lang3.time.FastDateFormat,org.apache.commons.lang3.time.FastDateFormat$Pair,0.0,0,66
EvoR,4,lang,org.apache.commons.lang3.time.FastDateFormat,org.apache.commons.lang3.time.FastDateFormat$Pair,0.0,0,66
EvoR,5,lang,org.apache.commons.lang3.time.FastDateFormat,org.apache.commons.lang3.time.FastDateFormat$Pair,0.0,0,66
EvoR,6,lang,org.apache.commons.lang3.time.FastDateFormat,org.apache.commons.lang3.time.FastDateFormat$Pair,0.0,0,66
EvoR,7,lang,org.apache.commons.lang3.time.FastDateFormat,org.apache.commons.lang3.time.FastDateFormat$Pair,0.0,0,66
EvoR,8,lang,org.apache.commons.lang3.time.FastDateFormat,org.apache.commons.lang3.time.FastDateFormat$Pair,0.0,0,66
EvoR,9,lang,org.apache.commons.lang3.time.FastDateFormat,org.apache.commons.lang3.time.FastDateFormat$Pair,0.0,0,66
EvoR,10,lang,org.apache.commons.lang3.time.FastDateFormat,org.apache.commons.lang3.time.FastDateFormat$Pair,0.0,0,66
EvoR,11,lang,org.apache.commons.lang3.time.FastDateFormat,org.apache.commons.lang3.time.FastDateFormat$Pair,0.0,0,66
EvoR,12,lang,org.apache.commons.lang3.time.FastDateFormat,org.apache.commons.lang3.time.FastDateFormat$Pair,0.0,0,66
EvoR,13,lang,org.apache.commons.lang3.time.FastDateFormat,org.apache.commons.lang3.time.FastDateFormat$Pair,0.0,0,66
EvoR,14,lang,org.apache.commons.lang3.time.FastDateFormat,org.apache.commons.lang3.time.FastDateFormat$Pair,0.0,0,66
EvoR,15,lang,org.apache.commons.lang3.time.FastDateFormat,org.apache.commons.lang3.time.FastDateFormat$Pair,0.0,0,66
EvoR,16,lang,org.apache.commons.lang3.time.FastDateFormat,org.apache.commons.lang3.time.FastDateFormat$Pair,0.0,0,66
EvoR,17,lang,org.apache.commons.lang3.time.FastDateFormat,org.apache.commons.lang3.time.FastDateFormat$Pair,0.0,0,66
EvoR,18,lang,org.apache.commons.lang3.time.FastDateFormat,org.apache.commons.lang3.time.FastDateFormat$Pair,0.0,0,66
EvoR,19,lang,org.apache.commons.lang3.time.FastDateFormat,org.apache.commons.lang3.time.FastDateFormat$Pair,0.0,0,66
EvoR,20,lang,org.apache.commons.lang3.time.FastDateFormat,org.apache.commons.lang3.time.FastDateFormat$Pair,0.0,0,66
EvoR,1,lang,org.apache.commons.lang3.text.StrBuilder$StrBuilderReader,org.apache.commons.lang3.text.StrBuilder,0.708650190114,1491,2104
EvoR,2,lang,org.apache.commons.lang3.text.StrBuilder$StrBuilderReader,org.apache.commons.lang3.text.StrBuilder,0.700095057034,1473,2104
EvoR,3,lang,org.apache.commons.lang3.text.StrBuilder$StrBuilderReader,org.apache.commons.lang3.text.StrBuilder,0.733365019011,1543,2104
EvoR,4,lang,org.apache.commons.lang3.text.StrBuilder$StrBuilderReader,org.apache.commons.lang3.text.StrBuilder,0.672053231939,1414,2104
EvoR,5,lang,org.apache.commons.lang3.text.StrBuilder$StrBuilderReader,org.apache.commons.lang3.text.StrBuilder,0.572243346008,1204,2104
EvoR,6,lang,org.apache.commons.lang3.text.StrBuilder$StrBuilderReader,org.apache.commons.lang3.text.StrBuilder,0.665399239544,1400,2104
EvoR,7,lang,org.apache.commons.lang3.text.StrBuilder$StrBuilderReader,org.apache.commons.lang3.text.StrBuilder,0.721958174905,1519,2104
EvoR,8,lang,org.apache.commons.lang3.text.StrBuilder$StrBuilderReader,org.apache.commons.lang3.text.StrBuilder,0.0280418250951,59,2104
EvoR,9,lang,org.apache.commons.lang3.text.StrBuilder$StrBuilderReader,org.apache.commons.lang3.text.StrBuilder,0.732414448669,1541,2104
EvoR,10,lang,org.apache.commons.lang3.text.StrBuilder$StrBuilderReader,org.apache.commons.lang3.text.StrBuilder,0.745247148289,1568,2104
EvoR,11,lang,org.apache.commons.lang3.text.StrBuilder$StrBuilderReader,org.apache.commons.lang3.text.StrBuilder,0.0313688212928,66,2104
EvoR,12,lang,org.apache.commons.lang3.text.StrBuilder$StrBuilderReader,org.apache.commons.lang3.text.StrBuilder,0.0194866920152,41,2104
EvoR,13,lang,org.apache.commons.lang3.text.StrBuilder$StrBuilderReader,org.apache.commons.lang3.text.StrBuilder,0.0218631178707,46,2104
EvoR,14,lang,org.apache.commons.lang3.text.StrBuilder$StrBuilderReader,org.apache.commons.lang3.text.StrBuilder,0.0228136882129,48,2104
EvoR,15,lang,org.apache.commons.lang3.text.StrBuilder$StrBuilderReader,org.apache.commons.lang3.text.StrBuilder,0.0199619771863,42,2104
EvoR,16,lang,org.apache.commons.lang3.text.StrBuilder$StrBuilderReader,org.apache.commons.lang3.text.StrBuilder,0.0199619771863,42,2104
EvoR,17,lang,org.apache.commons.lang3.text.StrBuilder$StrBuilderReader,org.apache.commons.lang3.text.StrBuilder,0.0313688212928,66,2104
EvoR,18,lang,org.apache.commons.lang3.text.StrBuilder$StrBuilderReader,org.apache.commons.lang3.text.StrBuilder,0.0199619771863,42,2104
EvoR,19,lang,org.apache.commons.lang3.text.StrBuilder$StrBuilderReader,org.apache.commons.lang3.text.StrBuilder,0.0256653992395,54,2104
EvoR,20,lang,org.apache.commons.lang3.text.StrBuilder$StrBuilderReader,org.apache.commons.lang3.text.StrBuilder,0.0261406844106,55,2104
EvoR,1,lang,org.apache.commons.lang3.text.StrSubstitutor,org.apache.commons.lang3.text.StrBuilder,0.710076045627,1494,2104
EvoR,2,lang,org.apache.commons.lang3.text.StrSubstitutor,org.apache.commons.lang3.text.StrBuilder,0.700095057034,1473,2104
EvoR,3,lang,org.apache.commons.lang3.text.StrSubstitutor,org.apache.commons.lang3.text.StrBuilder,0.735266159696,1547,2104
EvoR,4,lang,org.apache.commons.lang3.text.StrSubstitutor,org.apache.commons.lang3.text.StrBuilder,0.679657794677,1430,2104
EvoR,5,lang,org.apache.commons.lang3.text.StrSubstitutor,org.apache.commons.lang3.text.StrBuilder,0.576520912548,1213,2104
EvoR,6,lang,org.apache.commons.lang3.text.StrSubstitutor,org.apache.commons.lang3.text.StrBuilder,0.667775665399,1405,2104
EvoR,7,lang,org.apache.commons.lang3.text.StrSubstitutor,org.apache.commons.lang3.text.StrBuilder,0.721007604563,1517,2104
EvoR,8,lang,org.apache.commons.lang3.text.StrSubstitutor,org.apache.commons.lang3.text.StrBuilder,0.0442015209125,93,2104
EvoR,9,lang,org.apache.commons.lang3.text.StrSubstitutor,org.apache.commons.lang3.text.StrBuilder,0.738593155894,1554,2104
EvoR,10,lang,org.apache.commons.lang3.text.StrSubstitutor,org.apache.commons.lang3.text.StrBuilder,0.751425855513,1581,2104
EvoR,11,lang,org.apache.commons.lang3.text.StrSubstitutor,org.apache.commons.lang3.text.StrBuilder,0.0384980988593,81,2104
EvoR,12,lang,org.apache.commons.lang3.text.StrSubstitutor,org.apache.commons.lang3.text.StrBuilder,0.055608365019,117,2104
EvoR,13,lang,org.apache.commons.lang3.text.StrSubstitutor,org.apache.commons.lang3.text.StrBuilder,0.0641634980989,135,2104
EvoR,14,lang,org.apache.commons.lang3.text.StrSubstitutor,org.apache.commons.lang3.text.StrBuilder,0.0408745247148,86,2104
EvoR,15,lang,org.apache.commons.lang3.text.StrSubstitutor,org.apache.commons.lang3.text.StrBuilder,0.0551330798479,116,2104
EvoR,16,lang,org.apache.commons.lang3.text.StrSubstitutor,org.apache.commons.lang3.text.StrBuilder,0.0446768060837,94,2104
EvoR,17,lang,org.apache.commons.lang3.text.StrSubstitutor,org.apache.commons.lang3.text.StrBuilder,0.0456273764259,96,2104
EvoR,18,lang,org.apache.commons.lang3.text.StrSubstitutor,org.apache.commons.lang3.text.StrBuilder,0.0465779467681,98,2104
EvoR,19,lang,org.apache.commons.lang3.text.StrSubstitutor,org.apache.commons.lang3.text.StrBuilder,0.0532319391635,112,2104
EvoR,20,lang,org.apache.commons.lang3.text.StrSubstitutor,org.apache.commons.lang3.text.StrBuilder,0.0489543726236,103,2104
EvoR,1,lang,org.apache.commons.lang3.text.StrTokenizer,org.apache.commons.lang3.text.StrMatcher,0.7375,59,80
EvoR,2,lang,org.apache.commons.lang3.text.StrTokenizer,org.apache.commons.lang3.text.StrMatcher,0.7625,61,80
EvoR,3,lang,org.apache.commons.lang3.text.StrTokenizer,org.apache.commons.lang3.text.StrMatcher,0.8,64,80
EvoR,4,lang,org.apache.commons.lang3.text.StrTokenizer,org.apache.commons.lang3.text.StrMatcher,0.825,66,80
EvoR,5,lang,org.apache.commons.lang3.text.StrTokenizer,org.apache.commons.lang3.text.StrMatcher,0.7,56,80
EvoR,6,lang,org.apache.commons.lang3.text.StrTokenizer,org.apache.commons.lang3.text.StrMatcher,0.7375,59,80
EvoR,7,lang,org.apache.commons.lang3.text.StrTokenizer,org.apache.commons.lang3.text.StrMatcher,0.725,58,80
EvoR,8,lang,org.apache.commons.lang3.text.StrTokenizer,org.apache.commons.lang3.text.StrMatcher,0.7,56,80
EvoR,9,lang,org.apache.commons.lang3.text.StrTokenizer,org.apache.commons.lang3.text.StrMatcher,0.6625,53,80
EvoR,10,lang,org.apache.commons.lang3.text.StrTokenizer,org.apache.commons.lang3.text.StrMatcher,0.7125,57,80
EvoR,11,lang,org.apache.commons.lang3.text.StrTokenizer,org.apache.commons.lang3.text.StrMatcher,0.175,14,80
EvoR,12,lang,org.apache.commons.lang3.text.StrTokenizer,org.apache.commons.lang3.text.StrMatcher,0.325,26,80
EvoR,13,lang,org.apache.commons.lang3.text.StrTokenizer,org.apache.commons.lang3.text.StrMatcher,0.225,18,80
EvoR,14,lang,org.apache.commons.lang3.text.StrTokenizer,org.apache.commons.lang3.text.StrMatcher,0.175,14,80
EvoR,15,lang,org.apache.commons.lang3.text.StrTokenizer,org.apache.commons.lang3.text.StrMatcher,0.1125,9,80
EvoR,16,lang,org.apache.commons.lang3.text.StrTokenizer,org.apache.commons.lang3.text.StrMatcher,0.1,8,80
EvoR,17,lang,org.apache.commons.lang3.text.StrTokenizer,org.apache.commons.lang3.text.StrMatcher,0.125,10,80
EvoR,18,lang,org.apache.commons.lang3.text.StrTokenizer,org.apache.commons.lang3.text.StrMatcher,0.1875,15,80
EvoR,19,lang,org.apache.commons.lang3.text.StrTokenizer,org.apache.commons.lang3.text.StrMatcher,0.125,10,80
EvoR,20,lang,org.apache.commons.lang3.text.StrTokenizer,org.apache.commons.lang3.text.StrMatcher,0.0875,7,80
EvoR,1,time,org.joda.time.Seconds,org.joda.time.base.BaseSingleFieldPeriod,0.697368421053,159,228
EvoR,2,time,org.joda.time.Seconds,org.joda.time.base.BaseSingleFieldPeriod,0.736842105263,168,228
EvoR,3,time,org.joda.time.Seconds,org.joda.time.base.BaseSingleFieldPeriod,0.754385964912,172,228
EvoR,4,time,org.joda.time.Seconds,org.joda.time.base.BaseSingleFieldPeriod,0.741228070175,169,228
EvoR,5,time,org.joda.time.Seconds,org.joda.time.base.BaseSingleFieldPeriod,0.741228070175,169,228
EvoR,6,time,org.joda.time.Seconds,org.joda.time.base.BaseSingleFieldPeriod,0.754385964912,172,228
EvoR,7,time,org.joda.time.Seconds,org.joda.time.base.BaseSingleFieldPeriod,0.741228070175,169,228
EvoR,8,time,org.joda.time.Seconds,org.joda.time.base.BaseSingleFieldPeriod,0.758771929825,173,228
EvoR,9,time,org.joda.time.Seconds,org.joda.time.base.BaseSingleFieldPeriod,0.758771929825,173,228
EvoR,10,time,org.joda.time.Seconds,org.joda.time.base.BaseSingleFieldPeriod,0.745614035088,170,228
EvoR,11,time,org.joda.time.Seconds,org.joda.time.base.BaseSingleFieldPeriod,0.377192982456,86,228
EvoR,12,time,org.joda.time.Seconds,org.joda.time.base.BaseSingleFieldPeriod,0.267543859649,61,228
EvoR,13,time,org.joda.time.Seconds,org.joda.time.base.BaseSingleFieldPeriod,0.350877192982,80,228
EvoR,14,time,org.joda.time.Seconds,org.joda.time.base.BaseSingleFieldPeriod,0.232456140351,53,228
EvoR,15,time,org.joda.time.Seconds,org.joda.time.base.BaseSingleFieldPeriod,0.355263157895,81,228
EvoR,16,time,org.joda.time.Seconds,org.joda.time.base.BaseSingleFieldPeriod,0.25,57,228
EvoR,17,time,org.joda.time.Seconds,org.joda.time.base.BaseSingleFieldPeriod,0.368421052632,84,228
EvoR,18,time,org.joda.time.Seconds,org.joda.time.base.BaseSingleFieldPeriod,0.359649122807,82,228
EvoR,19,time,org.joda.time.Seconds,org.joda.time.base.BaseSingleFieldPeriod,0.350877192982,80,228
EvoR,20,time,org.joda.time.Seconds,org.joda.time.base.BaseSingleFieldPeriod,0.350877192982,80,228
EvoR,1,time,org.joda.time.chrono.ISOChronology,org.joda.time.chrono.AssembledChronology,0.454038997214,163,359
EvoR,2,time,org.joda.time.chrono.ISOChronology,org.joda.time.chrono.AssembledChronology,0.225626740947,81,359
EvoR,3,time,org.joda.time.chrono.ISOChronology,org.joda.time.chrono.AssembledChronology,0.261838440111,94,359
EvoR,4,time,org.joda.time.chrono.ISOChronology,org.joda.time.chrono.AssembledChronology,0.272980501393,98,359
EvoR,5,time,org.joda.time.chrono.ISOChronology,org.joda.time.chrono.AssembledChronology,0.239554317549,86,359
EvoR,6,time,org.joda.time.chrono.ISOChronology,org.joda.time.chrono.AssembledChronology,0.467966573816,168,359
EvoR,7,time,org.joda.time.chrono.ISOChronology,org.joda.time.chrono.AssembledChronology,0.440111420613,158,359
EvoR,8,time,org.joda.time.chrono.ISOChronology,org.joda.time.chrono.AssembledChronology,0.256267409471,92,359
EvoR,9,time,org.joda.time.chrono.ISOChronology,org.joda.time.chrono.AssembledChronology,0.462395543175,166,359
EvoR,10,time,org.joda.time.chrono.ISOChronology,org.joda.time.chrono.AssembledChronology,0.459610027855,165,359
EvoR,11,time,org.joda.time.chrono.ISOChronology,org.joda.time.chrono.AssembledChronology,0.0974930362117,35,359
EvoR,12,time,org.joda.time.chrono.ISOChronology,org.joda.time.chrono.AssembledChronology,0.0974930362117,35,359
EvoR,13,time,org.joda.time.chrono.ISOChronology,org.joda.time.chrono.AssembledChronology,0.155988857939,56,359
EvoR,14,time,org.joda.time.chrono.ISOChronology,org.joda.time.chrono.AssembledChronology,0.0974930362117,35,359
EvoR,15,time,org.joda.time.chrono.ISOChronology,org.joda.time.chrono.AssembledChronology,0.0974930362117,35,359
EvoR,16,time,org.joda.time.chrono.ISOChronology,org.joda.time.chrono.AssembledChronology,0.0974930362117,35,359
EvoR,17,time,org.joda.time.chrono.ISOChronology,org.joda.time.chrono.AssembledChronology,0.0974930362117,35,359
EvoR,18,time,org.joda.time.chrono.ISOChronology,org.joda.time.chrono.AssembledChronology,0.0974930362117,35,359
EvoR,19,time,org.joda.time.chrono.ISOChronology,org.joda.time.chrono.AssembledChronology,0.0974930362117,35,359
EvoR,20,time,org.joda.time.chrono.ISOChronology,org.joda.time.chrono.AssembledChronology,0.0974930362117,35,359
EvoR,1,time,org.joda.time.chrono.ZonedChronology,org.joda.time.chrono.AssembledChronology,0.988857938719,355,359
EvoR,2,time,org.joda.time.chrono.ZonedChronology,org.joda.time.chrono.AssembledChronology,0.991643454039,356,359
EvoR,3,time,org.joda.time.chrono.ZonedChronology,org.joda.time.chrono.AssembledChronology,0.947075208914,340,359
EvoR,4,time,org.joda.time.chrono.ZonedChronology,org.joda.time.chrono.AssembledChronology,0.969359331476,348,359
EvoR,5,time,org.joda.time.chrono.ZonedChronology,org.joda.time.chrono.AssembledChronology,0.947075208914,340,359
EvoR,6,time,org.joda.time.chrono.ZonedChronology,org.joda.time.chrono.AssembledChronology,0.947075208914,340,359
EvoR,7,time,org.joda.time.chrono.ZonedChronology,org.joda.time.chrono.AssembledChronology,0.963788300836,346,359
EvoR,8,time,org.joda.time.chrono.ZonedChronology,org.joda.time.chrono.AssembledChronology,0.949860724234,341,359
EvoR,9,time,org.joda.time.chrono.ZonedChronology,org.joda.time.chrono.AssembledChronology,0.963788300836,346,359
EvoR,10,time,org.joda.time.chrono.ZonedChronology,org.joda.time.chrono.AssembledChronology,0.966573816156,347,359
EvoR,11,time,org.joda.time.chrono.ZonedChronology,org.joda.time.chrono.AssembledChronology,0.941504178273,338,359
EvoR,12,time,org.joda.time.chrono.ZonedChronology,org.joda.time.chrono.AssembledChronology,0.905292479109,325,359
EvoR,13,time,org.joda.time.chrono.ZonedChronology,org.joda.time.chrono.AssembledChronology,0.905292479109,325,359
EvoR,14,time,org.joda.time.chrono.ZonedChronology,org.joda.time.chrono.AssembledChronology,0.91364902507,328,359
EvoR,15,time,org.joda.time.chrono.ZonedChronology,org.joda.time.chrono.AssembledChronology,0.941504178273,338,359
EvoR,16,time,org.joda.time.chrono.ZonedChronology,org.joda.time.chrono.AssembledChronology,0.947075208914,340,359
EvoR,17,time,org.joda.time.chrono.ZonedChronology,org.joda.time.chrono.AssembledChronology,0.905292479109,325,359
EvoR,18,time,org.joda.time.chrono.ZonedChronology,org.joda.time.chrono.AssembledChronology,0.902506963788,324,359
EvoR,19,time,org.joda.time.chrono.ZonedChronology,org.joda.time.chrono.AssembledChronology,0.927576601671,333,359
EvoR,20,time,org.joda.time.chrono.ZonedChronology,org.joda.time.chrono.AssembledChronology,0.924791086351,332,359
EvoR,1,time,org.joda.time.chrono.BasicChronology,org.joda.time.chrono.EthiopicChronology,0.398496240602,53,133
EvoR,2,time,org.joda.time.chrono.BasicChronology,org.joda.time.chrono.EthiopicChronology,0.398496240602,53,133
EvoR,3,time,org.joda.time.chrono.BasicChronology,org.joda.time.chrono.EthiopicChronology,0.398496240602,53,133
EvoR,4,time,org.joda.time.chrono.BasicChronology,org.joda.time.chrono.EthiopicChronology,0.330827067669,44,133
EvoR,5,time,org.joda.time.chrono.BasicChronology,org.joda.time.chrono.EthiopicChronology,0.353383458647,47,133
EvoR,6,time,org.joda.time.chrono.BasicChronology,org.joda.time.chrono.EthiopicChronology,0.323308270677,43,133
EvoR,7,time,org.joda.time.chrono.BasicChronology,org.joda.time.chrono.EthiopicChronology,0.0,0,133
EvoR,8,time,org.joda.time.chrono.BasicChronology,org.joda.time.chrono.EthiopicChronology,0.338345864662,45,133
EvoR,9,time,org.joda.time.chrono.BasicChronology,org.joda.time.chrono.EthiopicChronology,0.218045112782,29,133
EvoR,10,time,org.joda.time.chrono.BasicChronology,org.joda.time.chrono.EthiopicChronology,0.263157894737,35,133
EvoR,11,time,org.joda.time.chrono.BasicChronology,org.joda.time.chrono.EthiopicChronology,0.0451127819549,6,133
EvoR,12,time,org.joda.time.chrono.BasicChronology,org.joda.time.chrono.EthiopicChronology,0.0,0,133
EvoR,13,time,org.joda.time.chrono.BasicChronology,org.joda.time.chrono.EthiopicChronology,0.0,0,133
EvoR,14,time,org.joda.time.chrono.BasicChronology,org.joda.time.chrono.EthiopicChronology,0.0601503759398,8,133
EvoR,15,time,org.joda.time.chrono.BasicChronology,org.joda.time.chrono.EthiopicChronology,0.0,0,133
EvoR,16,time,org.joda.time.chrono.BasicChronology,org.joda.time.chrono.EthiopicChronology,0.0,0,133
EvoR,17,time,org.joda.time.chrono.BasicChronology,org.joda.time.chrono.EthiopicChronology,0.135338345865,18,133
EvoR,18,time,org.joda.time.chrono.BasicChronology,org.joda.time.chrono.EthiopicChronology,0.015037593985,2,133
EvoR,19,time,org.joda.time.chrono.BasicChronology,org.joda.time.chrono.EthiopicChronology,0.195488721805,26,133
EvoR,20,time,org.joda.time.chrono.BasicChronology,org.joda.time.chrono.EthiopicChronology,0.278195488722,37,133
EvoR,1,time,org.joda.time.chrono.BasicChronology,org.joda.time.chrono.IslamicChronology,0.661931818182,233,352
EvoR,2,time,org.joda.time.chrono.BasicChronology,org.joda.time.chrono.IslamicChronology,0.684659090909,241,352
EvoR,3,time,org.joda.time.chrono.BasicChronology,org.joda.time.chrono.IslamicChronology,0.678977272727,239,352
EvoR,4,time,org.joda.time.chrono.BasicChronology,org.joda.time.chrono.IslamicChronology,0.667613636364,235,352
EvoR,5,time,org.joda.time.chrono.BasicChronology,org.joda.time.chrono.IslamicChronology,0.619318181818,218,352
EvoR,6,time,org.joda.time.chrono.BasicChronology,org.joda.time.chrono.IslamicChronology,0.653409090909,230,352
EvoR,7,time,org.joda.time.chrono.BasicChronology,org.joda.time.chrono.IslamicChronology,0.661931818182,233,352
EvoR,8,time,org.joda.time.chrono.BasicChronology,org.joda.time.chrono.IslamicChronology,0.522727272727,184,352
EvoR,9,time,org.joda.time.chrono.BasicChronology,org.joda.time.chrono.IslamicChronology,0.502840909091,177,352
EvoR,10,time,org.joda.time.chrono.BasicChronology,org.joda.time.chrono.IslamicChronology,0.5,176,352
EvoR,11,time,org.joda.time.chrono.BasicChronology,org.joda.time.chrono.IslamicChronology,0.0,0,352
EvoR,12,time,org.joda.time.chrono.BasicChronology,org.joda.time.chrono.IslamicChronology,0.321022727273,113,352
EvoR,13,time,org.joda.time.chrono.BasicChronology,org.joda.time.chrono.IslamicChronology,0.09375,33,352
EvoR,14,time,org.joda.time.chrono.BasicChronology,org.joda.time.chrono.IslamicChronology,0.264204545455,93,352
EvoR,15,time,org.joda.time.chrono.BasicChronology,org.joda.time.chrono.IslamicChronology,0.340909090909,120,352
EvoR,16,time,org.joda.time.chrono.BasicChronology,org.joda.time.chrono.IslamicChronology,0.363636363636,128,352
EvoR,17,time,org.joda.time.chrono.BasicChronology,org.joda.time.chrono.IslamicChronology,0.0738636363636,26,352
EvoR,18,time,org.joda.time.chrono.BasicChronology,org.joda.time.chrono.IslamicChronology,0.176136363636,62,352
EvoR,19,time,org.joda.time.chrono.BasicChronology,org.joda.time.chrono.IslamicChronology,0.0795454545455,28,352
EvoR,20,time,org.joda.time.chrono.BasicChronology,org.joda.time.chrono.IslamicChronology,0.0,0,352
EvoR,1,time,org.joda.time.base.AbstractPartial,org.joda.time.MonthDay,0.0559440559441,16,286
EvoR,2,time,org.joda.time.base.AbstractPartial,org.joda.time.MonthDay,0.818181818182,234,286
EvoR,3,time,org.joda.time.base.AbstractPartial,org.joda.time.MonthDay,0.188811188811,54,286
EvoR,4,time,org.joda.time.base.AbstractPartial,org.joda.time.MonthDay,0.758741258741,217,286
EvoR,5,time,org.joda.time.base.AbstractPartial,org.joda.time.MonthDay,0.828671328671,237,286
EvoR,6,time,org.joda.time.base.AbstractPartial,org.joda.time.MonthDay,0.797202797203,228,286
EvoR,7,time,org.joda.time.base.AbstractPartial,org.joda.time.MonthDay,0.755244755245,216,286
EvoR,8,time,org.joda.time.base.AbstractPartial,org.joda.time.MonthDay,0.755244755245,216,286
EvoR,9,time,org.joda.time.base.AbstractPartial,org.joda.time.MonthDay,0.741258741259,212,286
EvoR,10,time,org.joda.time.base.AbstractPartial,org.joda.time.MonthDay,0.0104895104895,3,286
EvoR,11,time,org.joda.time.base.AbstractPartial,org.joda.time.MonthDay,0.0,0,286
EvoR,12,time,org.joda.time.base.AbstractPartial,org.joda.time.MonthDay,0.048951048951,14,286
EvoR,13,time,org.joda.time.base.AbstractPartial,org.joda.time.MonthDay,0.0,0,286
EvoR,14,time,org.joda.time.base.AbstractPartial,org.joda.time.MonthDay,0.132867132867,38,286
EvoR,15,time,org.joda.time.base.AbstractPartial,org.joda.time.MonthDay,0.104895104895,30,286
EvoR,16,time,org.joda.time.base.AbstractPartial,org.joda.time.MonthDay,0.15034965035,43,286
EvoR,17,time,org.joda.time.base.AbstractPartial,org.joda.time.MonthDay,0.0,0,286
EvoR,18,time,org.joda.time.base.AbstractPartial,org.joda.time.MonthDay,0.20979020979,60,286
EvoR,19,time,org.joda.time.base.AbstractPartial,org.joda.time.MonthDay,0.0699300699301,20,286
EvoR,20,time,org.joda.time.base.AbstractPartial,org.joda.time.MonthDay,0.195804195804,56,286
EvoR,1,time,org.joda.time.MutablePeriod,org.joda.time.base.BasePeriod,0.642857142857,225,350
EvoR,2,time,org.joda.time.MutablePeriod,org.joda.time.base.BasePeriod,0.682857142857,239,350
EvoR,3,time,org.joda.time.MutablePeriod,org.joda.time.base.BasePeriod,0.674285714286,236,350
EvoR,4,time,org.joda.time.MutablePeriod,org.joda.time.base.BasePeriod,0.665714285714,233,350
EvoR,5,time,org.joda.time.MutablePeriod,org.joda.time.base.BasePeriod,0.651428571429,228,350
EvoR,6,time,org.joda.time.MutablePeriod,org.joda.time.base.BasePeriod,0.657142857143,230,350
EvoR,7,time,org.joda.time.MutablePeriod,org.joda.time.base.BasePeriod,0.677142857143,237,350
EvoR,8,time,org.joda.time.MutablePeriod,org.joda.time.base.BasePeriod,0.66,231,350
EvoR,9,time,org.joda.time.MutablePeriod,org.joda.time.base.BasePeriod,0.662857142857,232,350
EvoR,10,time,org.joda.time.MutablePeriod,org.joda.time.base.BasePeriod,0.651428571429,228,350
EvoR,11,time,org.joda.time.MutablePeriod,org.joda.time.base.BasePeriod,0.394285714286,138,350
EvoR,12,time,org.joda.time.MutablePeriod,org.joda.time.base.BasePeriod,0.397142857143,139,350
EvoR,13,time,org.joda.time.MutablePeriod,org.joda.time.base.BasePeriod,0.32,112,350
EvoR,14,time,org.joda.time.MutablePeriod,org.joda.time.base.BasePeriod,0.4,140,350
EvoR,15,time,org.joda.time.MutablePeriod,org.joda.time.base.BasePeriod,0.354285714286,124,350
EvoR,16,time,org.joda.time.MutablePeriod,org.joda.time.base.BasePeriod,0.345714285714,121,350
EvoR,17,time,org.joda.time.MutablePeriod,org.joda.time.base.BasePeriod,0.382857142857,134,350
EvoR,18,time,org.joda.time.MutablePeriod,org.joda.time.base.BasePeriod,0.408571428571,143,350
EvoR,19,time,org.joda.time.MutablePeriod,org.joda.time.base.BasePeriod,0.357142857143,125,350
EvoR,20,time,org.joda.time.MutablePeriod,org.joda.time.base.BasePeriod,0.385714285714,135,350
EvoR,1,time,org.joda.time.DateTimeZone,org.joda.time.tz.FixedDateTimeZone,0.975903614458,81,83
EvoR,2,time,org.joda.time.DateTimeZone,org.joda.time.tz.FixedDateTimeZone,1.0,83,83
EvoR,3,time,org.joda.time.DateTimeZone,org.joda.time.tz.FixedDateTimeZone,1.0,83,83
EvoR,4,time,org.joda.time.DateTimeZone,org.joda.time.tz.FixedDateTimeZone,1.0,83,83
EvoR,5,time,org.joda.time.DateTimeZone,org.joda.time.tz.FixedDateTimeZone,0.879518072289,73,83
EvoR,6,time,org.joda.time.DateTimeZone,org.joda.time.tz.FixedDateTimeZone,1.0,83,83
EvoR,7,time,org.joda.time.DateTimeZone,org.joda.time.tz.FixedDateTimeZone,1.0,83,83
EvoR,8,time,org.joda.time.DateTimeZone,org.joda.time.tz.FixedDateTimeZone,1.0,83,83
EvoR,9,time,org.joda.time.DateTimeZone,org.joda.time.tz.FixedDateTimeZone,1.0,83,83
EvoR,10,time,org.joda.time.DateTimeZone,org.joda.time.tz.FixedDateTimeZone,0.349397590361,29,83
EvoR,11,time,org.joda.time.DateTimeZone,org.joda.time.tz.FixedDateTimeZone,0.566265060241,47,83
EvoR,12,time,org.joda.time.DateTimeZone,org.joda.time.tz.FixedDateTimeZone,0.566265060241,47,83
EvoR,13,time,org.joda.time.DateTimeZone,org.joda.time.tz.FixedDateTimeZone,0.566265060241,47,83
EvoR,14,time,org.joda.time.DateTimeZone,org.joda.time.tz.FixedDateTimeZone,0.566265060241,47,83
EvoR,15,time,org.joda.time.DateTimeZone,org.joda.time.tz.FixedDateTimeZone,0.373493975904,31,83
EvoR,16,time,org.joda.time.DateTimeZone,org.joda.time.tz.FixedDateTimeZone,0.542168674699,45,83
EvoR,17,time,org.joda.time.DateTimeZone,org.joda.time.tz.FixedDateTimeZone,0.542168674699,45,83
EvoR,18,time,org.joda.time.DateTimeZone,org.joda.time.tz.FixedDateTimeZone,0.566265060241,47,83
EvoR,19,time,org.joda.time.DateTimeZone,org.joda.time.tz.FixedDateTimeZone,0.66265060241,55,83
EvoR,20,time,org.joda.time.DateTimeZone,org.joda.time.tz.FixedDateTimeZone,0.566265060241,47,83
EvoR,1,time,org.joda.time.base.AbstractPartial,org.joda.time.YearMonthDay,0.726153846154,236,325
EvoR,2,time,org.joda.time.base.AbstractPartial,org.joda.time.YearMonthDay,0.790769230769,257,325
EvoR,3,time,org.joda.time.base.AbstractPartial,org.joda.time.YearMonthDay,0.806153846154,262,325
EvoR,4,time,org.joda.time.base.AbstractPartial,org.joda.time.YearMonthDay,0.781538461538,254,325
EvoR,5,time,org.joda.time.base.AbstractPartial,org.joda.time.YearMonthDay,0.796923076923,259,325
EvoR,6,time,org.joda.time.base.AbstractPartial,org.joda.time.YearMonthDay,0.778461538462,253,325
EvoR,7,time,org.joda.time.base.AbstractPartial,org.joda.time.YearMonthDay,0.753846153846,245,325
EvoR,8,time,org.joda.time.base.AbstractPartial,org.joda.time.YearMonthDay,0.0,0,325
EvoR,9,time,org.joda.time.base.AbstractPartial,org.joda.time.YearMonthDay,0.735384615385,239,325
EvoR,10,time,org.joda.time.base.AbstractPartial,org.joda.time.YearMonthDay,0.735384615385,239,325
EvoR,11,time,org.joda.time.base.AbstractPartial,org.joda.time.YearMonthDay,0.0,0,325
EvoR,12,time,org.joda.time.base.AbstractPartial,org.joda.time.YearMonthDay,0.0,0,325
EvoR,13,time,org.joda.time.base.AbstractPartial,org.joda.time.YearMonthDay,0.0,0,325
EvoR,14,time,org.joda.time.base.AbstractPartial,org.joda.time.YearMonthDay,0.0,0,325
EvoR,15,time,org.joda.time.base.AbstractPartial,org.joda.time.YearMonthDay,0.0,0,325
EvoR,16,time,org.joda.time.base.AbstractPartial,org.joda.time.YearMonthDay,0.0,0,325
EvoR,17,time,org.joda.time.base.AbstractPartial,org.joda.time.YearMonthDay,0.0,0,325
EvoR,18,time,org.joda.time.base.AbstractPartial,org.joda.time.YearMonthDay,0.0,0,325
EvoR,19,time,org.joda.time.base.AbstractPartial,org.joda.time.YearMonthDay,0.0,0,325
EvoR,20,time,org.joda.time.base.AbstractPartial,org.joda.time.YearMonthDay,0.0,0,325
EvoR,1,time,org.joda.time.YearMonthDay,org.joda.time.base.BasePartial,0.380952380952,32,84
EvoR,2,time,org.joda.time.YearMonthDay,org.joda.time.base.BasePartial,0.392857142857,33,84
EvoR,3,time,org.joda.time.YearMonthDay,org.joda.time.base.BasePartial,0.392857142857,33,84
EvoR,4,time,org.joda.time.YearMonthDay,org.joda.time.base.BasePartial,0.380952380952,32,84
EvoR,5,time,org.joda.time.YearMonthDay,org.joda.time.base.BasePartial,0.369047619048,31,84
EvoR,6,time,org.joda.time.YearMonthDay,org.joda.time.base.BasePartial,0.416666666667,35,84
EvoR,7,time,org.joda.time.YearMonthDay,org.joda.time.base.BasePartial,0.369047619048,31,84
EvoR,8,time,org.joda.time.YearMonthDay,org.joda.time.base.BasePartial,0.0,0,84
EvoR,9,time,org.joda.time.YearMonthDay,org.joda.time.base.BasePartial,0.369047619048,31,84
EvoR,10,time,org.joda.time.YearMonthDay,org.joda.time.base.BasePartial,0.369047619048,31,84
EvoR,11,time,org.joda.time.YearMonthDay,org.joda.time.base.BasePartial,0.357142857143,30,84
EvoR,12,time,org.joda.time.YearMonthDay,org.joda.time.base.BasePartial,0.357142857143,30,84
EvoR,13,time,org.joda.time.YearMonthDay,org.joda.time.base.BasePartial,0.369047619048,31,84
EvoR,14,time,org.joda.time.YearMonthDay,org.joda.time.base.BasePartial,0.357142857143,30,84
EvoR,15,time,org.joda.time.YearMonthDay,org.joda.time.base.BasePartial,0.369047619048,31,84
EvoR,16,time,org.joda.time.YearMonthDay,org.joda.time.base.BasePartial,0.357142857143,30,84
EvoR,17,time,org.joda.time.YearMonthDay,org.joda.time.base.BasePartial,0.380952380952,32,84
EvoR,18,time,org.joda.time.YearMonthDay,org.joda.time.base.BasePartial,0.357142857143,30,84
EvoR,19,time,org.joda.time.YearMonthDay,org.joda.time.base.BasePartial,0.321428571429,27,84
EvoR,20,time,org.joda.time.YearMonthDay,org.joda.time.base.BasePartial,0.357142857143,30,84
EvoR,1,time,org.joda.time.base.AbstractPartial,org.joda.time.YearMonth,0.789297658863,236,299
EvoR,2,time,org.joda.time.base.AbstractPartial,org.joda.time.YearMonth,0.8127090301,243,299
EvoR,3,time,org.joda.time.base.AbstractPartial,org.joda.time.YearMonth,0.8127090301,243,299
EvoR,4,time,org.joda.time.base.AbstractPartial,org.joda.time.YearMonth,0.779264214047,233,299
EvoR,5,time,org.joda.time.base.AbstractPartial,org.joda.time.YearMonth,0.735785953177,220,299
EvoR,6,time,org.joda.time.base.AbstractPartial,org.joda.time.YearMonth,0.775919732441,232,299
EvoR,7,time,org.joda.time.base.AbstractPartial,org.joda.time.YearMonth,0.772575250836,231,299
EvoR,8,time,org.joda.time.base.AbstractPartial,org.joda.time.YearMonth,0.752508361204,225,299
EvoR,9,time,org.joda.time.base.AbstractPartial,org.joda.time.YearMonth,0.789297658863,236,299
EvoR,10,time,org.joda.time.base.AbstractPartial,org.joda.time.YearMonth,0.153846153846,46,299
EvoR,11,time,org.joda.time.base.AbstractPartial,org.joda.time.YearMonth,0.210702341137,63,299
EvoR,12,time,org.joda.time.base.AbstractPartial,org.joda.time.YearMonth,0.0969899665552,29,299
EvoR,13,time,org.joda.time.base.AbstractPartial,org.joda.time.YearMonth,0.140468227425,42,299
EvoR,14,time,org.joda.time.base.AbstractPartial,org.joda.time.YearMonth,0.0100334448161,3,299
EvoR,15,time,org.joda.time.base.AbstractPartial,org.joda.time.YearMonth,0.224080267559,67,299
EvoR,16,time,org.joda.time.base.AbstractPartial,org.joda.time.YearMonth,0.0434782608696,13,299
EvoR,17,time,org.joda.time.base.AbstractPartial,org.joda.time.YearMonth,0.170568561873,51,299
EvoR,18,time,org.joda.time.base.AbstractPartial,org.joda.time.YearMonth,0.0234113712375,7,299
EvoR,19,time,org.joda.time.base.AbstractPartial,org.joda.time.YearMonth,0.177257525084,53,299
EvoR,20,time,org.joda.time.base.AbstractPartial,org.joda.time.YearMonth,0.0234113712375,7,299
EvoR,1,time,org.joda.time.field.AbstractReadableInstantFieldProperty,org.joda.time.LocalTime$Property,0.603448275862,70,116
EvoR,2,time,org.joda.time.field.AbstractReadableInstantFieldProperty,org.joda.time.LocalTime$Property,0.5,58,116
EvoR,3,time,org.joda.time.field.AbstractReadableInstantFieldProperty,org.joda.time.LocalTime$Property,0.491379310345,57,116
EvoR,4,time,org.joda.time.field.AbstractReadableInstantFieldProperty,org.joda.time.LocalTime$Property,0.491379310345,57,116
EvoR,5,time,org.joda.time.field.AbstractReadableInstantFieldProperty,org.joda.time.LocalTime$Property,0.422413793103,49,116
EvoR,6,time,org.joda.time.field.AbstractReadableInstantFieldProperty,org.joda.time.LocalTime$Property,0.396551724138,46,116
EvoR,7,time,org.joda.time.field.AbstractReadableInstantFieldProperty,org.joda.time.LocalTime$Property,0.474137931034,55,116
EvoR,8,time,org.joda.time.field.AbstractReadableInstantFieldProperty,org.joda.time.LocalTime$Property,0.51724137931,60,116
EvoR,9,time,org.joda.time.field.AbstractReadableInstantFieldProperty,org.joda.time.LocalTime$Property,0.474137931034,55,116
EvoR,10,time,org.joda.time.field.AbstractReadableInstantFieldProperty,org.joda.time.LocalTime$Property,0.5,58,116
EvoR,11,time,org.joda.time.field.AbstractReadableInstantFieldProperty,org.joda.time.LocalTime$Property,0.0862068965517,10,116
EvoR,12,time,org.joda.time.field.AbstractReadableInstantFieldProperty,org.joda.time.LocalTime$Property,0.103448275862,12,116
EvoR,13,time,org.joda.time.field.AbstractReadableInstantFieldProperty,org.joda.time.LocalTime$Property,0.0258620689655,3,116
EvoR,14,time,org.joda.time.field.AbstractReadableInstantFieldProperty,org.joda.time.LocalTime$Property,0.051724137931,6,116
EvoR,15,time,org.joda.time.field.AbstractReadableInstantFieldProperty,org.joda.time.LocalTime$Property,0.0,0,116
EvoR,16,time,org.joda.time.field.AbstractReadableInstantFieldProperty,org.joda.time.LocalTime$Property,0.172413793103,20,116
EvoR,17,time,org.joda.time.field.AbstractReadableInstantFieldProperty,org.joda.time.LocalTime$Property,0.0603448275862,7,116
EvoR,18,time,org.joda.time.field.AbstractReadableInstantFieldProperty,org.joda.time.LocalTime$Property,0.0,0,116
EvoR,19,time,org.joda.time.field.AbstractReadableInstantFieldProperty,org.joda.time.LocalTime$Property,0.120689655172,14,116
EvoR,20,time,org.joda.time.field.AbstractReadableInstantFieldProperty,org.joda.time.LocalTime$Property,0.0344827586207,4,116
EvoR,1,time,org.joda.time.Days,org.joda.time.base.BaseSingleFieldPeriod,0.732456140351,167,228
EvoR,2,time,org.joda.time.Days,org.joda.time.base.BaseSingleFieldPeriod,0.745614035088,170,228
EvoR,3,time,org.joda.time.Days,org.joda.time.base.BaseSingleFieldPeriod,0.736842105263,168,228
EvoR,4,time,org.joda.time.Days,org.joda.time.base.BaseSingleFieldPeriod,0.741228070175,169,228
EvoR,5,time,org.joda.time.Days,org.joda.time.base.BaseSingleFieldPeriod,0.745614035088,170,228
EvoR,6,time,org.joda.time.Days,org.joda.time.base.BaseSingleFieldPeriod,0.763157894737,174,228
EvoR,7,time,org.joda.time.Days,org.joda.time.base.BaseSingleFieldPeriod,0.732456140351,167,228
EvoR,8,time,org.joda.time.Days,org.joda.time.base.BaseSingleFieldPeriod,0.758771929825,173,228
EvoR,9,time,org.joda.time.Days,org.joda.time.base.BaseSingleFieldPeriod,0.767543859649,175,228
EvoR,10,time,org.joda.time.Days,org.joda.time.base.BaseSingleFieldPeriod,0.714912280702,163,228
EvoR,11,time,org.joda.time.Days,org.joda.time.base.BaseSingleFieldPeriod,0.267543859649,61,228
EvoR,12,time,org.joda.time.Days,org.joda.time.base.BaseSingleFieldPeriod,0.236842105263,54,228
EvoR,13,time,org.joda.time.Days,org.joda.time.base.BaseSingleFieldPeriod,0.236842105263,54,228
EvoR,14,time,org.joda.time.Days,org.joda.time.base.BaseSingleFieldPeriod,0.320175438596,73,228
EvoR,15,time,org.joda.time.Days,org.joda.time.base.BaseSingleFieldPeriod,0.399122807018,91,228
EvoR,16,time,org.joda.time.Days,org.joda.time.base.BaseSingleFieldPeriod,0.342105263158,78,228
EvoR,17,time,org.joda.time.Days,org.joda.time.base.BaseSingleFieldPeriod,0.228070175439,52,228
EvoR,18,time,org.joda.time.Days,org.joda.time.base.BaseSingleFieldPeriod,0.311403508772,71,228
EvoR,19,time,org.joda.time.Days,org.joda.time.base.BaseSingleFieldPeriod,0.372807017544,85,228
EvoR,20,time,org.joda.time.Days,org.joda.time.base.BaseSingleFieldPeriod,0.245614035088,56,228
EvoR,1,time,org.joda.time.base.AbstractPartial,org.joda.time.Partial,0.727891156463,428,588
EvoR,2,time,org.joda.time.base.AbstractPartial,org.joda.time.Partial,0.746598639456,439,588
EvoR,3,time,org.joda.time.base.AbstractPartial,org.joda.time.Partial,0.714285714286,420,588
EvoR,4,time,org.joda.time.base.AbstractPartial,org.joda.time.Partial,0.768707482993,452,588
EvoR,5,time,org.joda.time.base.AbstractPartial,org.joda.time.Partial,0.72619047619,427,588
EvoR,6,time,org.joda.time.base.AbstractPartial,org.joda.time.Partial,0.736394557823,433,588
EvoR,7,time,org.joda.time.base.AbstractPartial,org.joda.time.Partial,0.697278911565,410,588
EvoR,8,time,org.joda.time.base.AbstractPartial,org.joda.time.Partial,0.676870748299,398,588
EvoR,9,time,org.joda.time.base.AbstractPartial,org.joda.time.Partial,0.692176870748,407,588
EvoR,10,time,org.joda.time.base.AbstractPartial,org.joda.time.Partial,0.715986394558,421,588
EvoR,11,time,org.joda.time.base.AbstractPartial,org.joda.time.Partial,0.00510204081633,3,588
EvoR,12,time,org.joda.time.base.AbstractPartial,org.joda.time.Partial,0.0544217687075,32,588
EvoR,13,time,org.joda.time.base.AbstractPartial,org.joda.time.Partial,0.0272108843537,16,588
EvoR,14,time,org.joda.time.base.AbstractPartial,org.joda.time.Partial,0.0493197278912,29,588
EvoR,15,time,org.joda.time.base.AbstractPartial,org.joda.time.Partial,0.0374149659864,22,588
EvoR,16,time,org.joda.time.base.AbstractPartial,org.joda.time.Partial,0.0,0,588
EvoR,17,time,org.joda.time.base.AbstractPartial,org.joda.time.Partial,0.0374149659864,22,588
EvoR,18,time,org.joda.time.base.AbstractPartial,org.joda.time.Partial,0.0714285714286,42,588
EvoR,19,time,org.joda.time.base.AbstractPartial,org.joda.time.Partial,0.0,0,588
EvoR,20,time,org.joda.time.base.AbstractPartial,org.joda.time.Partial,0.00850340136054,5,588
EvoR,1,time,org.joda.time.MutableInterval,org.joda.time.base.BaseInterval,0.633027522936,69,109
EvoR,2,time,org.joda.time.MutableInterval,org.joda.time.base.BaseInterval,0.733944954128,80,109
EvoR,3,time,org.joda.time.MutableInterval,org.joda.time.base.BaseInterval,0.477064220183,52,109
EvoR,4,time,org.joda.time.MutableInterval,org.joda.time.base.BaseInterval,0.504587155963,55,109
EvoR,5,time,org.joda.time.MutableInterval,org.joda.time.base.BaseInterval,0.660550458716,72,109
EvoR,6,time,org.joda.time.MutableInterval,org.joda.time.base.BaseInterval,0.51376146789,56,109
EvoR,7,time,org.joda.time.MutableInterval,org.joda.time.base.BaseInterval,0.532110091743,58,109
EvoR,8,time,org.joda.time.MutableInterval,org.joda.time.base.BaseInterval,0.550458715596,60,109
EvoR,9,time,org.joda.time.MutableInterval,org.joda.time.base.BaseInterval,0.697247706422,76,109
EvoR,10,time,org.joda.time.MutableInterval,org.joda.time.base.BaseInterval,0.669724770642,73,109
EvoR,11,time,org.joda.time.MutableInterval,org.joda.time.base.BaseInterval,0.403669724771,44,109
EvoR,12,time,org.joda.time.MutableInterval,org.joda.time.base.BaseInterval,0.330275229358,36,109
EvoR,13,time,org.joda.time.MutableInterval,org.joda.time.base.BaseInterval,0.412844036697,45,109
EvoR,14,time,org.joda.time.MutableInterval,org.joda.time.base.BaseInterval,0.376146788991,41,109
EvoR,15,time,org.joda.time.MutableInterval,org.joda.time.base.BaseInterval,0.321100917431,35,109
EvoR,16,time,org.joda.time.MutableInterval,org.joda.time.base.BaseInterval,0.477064220183,52,109
EvoR,17,time,org.joda.time.MutableInterval,org.joda.time.base.BaseInterval,0.385321100917,42,109
EvoR,18,time,org.joda.time.MutableInterval,org.joda.time.base.BaseInterval,0.302752293578,33,109
EvoR,19,time,org.joda.time.MutableInterval,org.joda.time.base.BaseInterval,0.321100917431,35,109
EvoR,20,time,org.joda.time.MutableInterval,org.joda.time.base.BaseInterval,0.43119266055,47,109
EvoR,1,time,org.joda.time.Minutes,org.joda.time.base.BaseSingleFieldPeriod,0.723684210526,165,228
EvoR,2,time,org.joda.time.Minutes,org.joda.time.base.BaseSingleFieldPeriod,0.741228070175,169,228
EvoR,3,time,org.joda.time.Minutes,org.joda.time.base.BaseSingleFieldPeriod,0.728070175439,166,228
EvoR,4,time,org.joda.time.Minutes,org.joda.time.base.BaseSingleFieldPeriod,0.719298245614,164,228
EvoR,5,time,org.joda.time.Minutes,org.joda.time.base.BaseSingleFieldPeriod,0.745614035088,170,228
EvoR,6,time,org.joda.time.Minutes,org.joda.time.base.BaseSingleFieldPeriod,0.745614035088,170,228
EvoR,7,time,org.joda.time.Minutes,org.joda.time.base.BaseSingleFieldPeriod,0.741228070175,169,228
EvoR,8,time,org.joda.time.Minutes,org.joda.time.base.BaseSingleFieldPeriod,0.754385964912,172,228
EvoR,9,time,org.joda.time.Minutes,org.joda.time.base.BaseSingleFieldPeriod,0.767543859649,175,228
EvoR,10,time,org.joda.time.Minutes,org.joda.time.base.BaseSingleFieldPeriod,0.723684210526,165,228
EvoR,11,time,org.joda.time.Minutes,org.joda.time.base.BaseSingleFieldPeriod,0.342105263158,78,228
EvoR,12,time,org.joda.time.Minutes,org.joda.time.base.BaseSingleFieldPeriod,0.320175438596,73,228
EvoR,13,time,org.joda.time.Minutes,org.joda.time.base.BaseSingleFieldPeriod,0.394736842105,90,228
EvoR,14,time,org.joda.time.Minutes,org.joda.time.base.BaseSingleFieldPeriod,0.359649122807,82,228
EvoR,15,time,org.joda.time.Minutes,org.joda.time.base.BaseSingleFieldPeriod,0.368421052632,84,228
EvoR,16,time,org.joda.time.Minutes,org.joda.time.base.BaseSingleFieldPeriod,0.241228070175,55,228
EvoR,17,time,org.joda.time.Minutes,org.joda.time.base.BaseSingleFieldPeriod,0.355263157895,81,228
EvoR,18,time,org.joda.time.Minutes,org.joda.time.base.BaseSingleFieldPeriod,0.25,57,228
EvoR,19,time,org.joda.time.Minutes,org.joda.time.base.BaseSingleFieldPeriod,0.364035087719,83,228
EvoR,20,time,org.joda.time.Minutes,org.joda.time.base.BaseSingleFieldPeriod,0.364035087719,83,228
EvoR,1,time,org.joda.time.Hours,org.joda.time.base.BaseSingleFieldPeriod,0.706140350877,161,228
EvoR,2,time,org.joda.time.Hours,org.joda.time.base.BaseSingleFieldPeriod,0.741228070175,169,228
EvoR,3,time,org.joda.time.Hours,org.joda.time.base.BaseSingleFieldPeriod,0.754385964912,172,228
EvoR,4,time,org.joda.time.Hours,org.joda.time.base.BaseSingleFieldPeriod,0.741228070175,169,228
EvoR,5,time,org.joda.time.Hours,org.joda.time.base.BaseSingleFieldPeriod,0.75,171,228
EvoR,6,time,org.joda.time.Hours,org.joda.time.base.BaseSingleFieldPeriod,0.758771929825,173,228
EvoR,7,time,org.joda.time.Hours,org.joda.time.base.BaseSingleFieldPeriod,0.723684210526,165,228
EvoR,8,time,org.joda.time.Hours,org.joda.time.base.BaseSingleFieldPeriod,0.736842105263,168,228
EvoR,9,time,org.joda.time.Hours,org.joda.time.base.BaseSingleFieldPeriod,0.767543859649,175,228
EvoR,10,time,org.joda.time.Hours,org.joda.time.base.BaseSingleFieldPeriod,0.736842105263,168,228
EvoR,11,time,org.joda.time.Hours,org.joda.time.base.BaseSingleFieldPeriod,0.232456140351,53,228
EvoR,12,time,org.joda.time.Hours,org.joda.time.base.BaseSingleFieldPeriod,0.385964912281,88,228
EvoR,13,time,org.joda.time.Hours,org.joda.time.base.BaseSingleFieldPeriod,0.236842105263,54,228
EvoR,14,time,org.joda.time.Hours,org.joda.time.base.BaseSingleFieldPeriod,0.228070175439,52,228
EvoR,15,time,org.joda.time.Hours,org.joda.time.base.BaseSingleFieldPeriod,0.245614035088,56,228
EvoR,16,time,org.joda.time.Hours,org.joda.time.base.BaseSingleFieldPeriod,0.342105263158,78,228
EvoR,17,time,org.joda.time.Hours,org.joda.time.base.BaseSingleFieldPeriod,0.34649122807,79,228
EvoR,18,time,org.joda.time.Hours,org.joda.time.base.BaseSingleFieldPeriod,0.232456140351,53,228
EvoR,19,time,org.joda.time.Hours,org.joda.time.base.BaseSingleFieldPeriod,0.350877192982,80,228
EvoR,20,time,org.joda.time.Hours,org.joda.time.base.BaseSingleFieldPeriod,0.364035087719,83,228
EvoR,1,time,org.joda.time.base.BasePeriod,org.joda.time.base.AbstractPeriod,0.69696969697,92,132
EvoR,2,time,org.joda.time.base.BasePeriod,org.joda.time.base.AbstractPeriod,0.515151515152,68,132
EvoR,3,time,org.joda.time.base.BasePeriod,org.joda.time.base.AbstractPeriod,0.719696969697,95,132
EvoR,4,time,org.joda.time.base.BasePeriod,org.joda.time.base.AbstractPeriod,0.719696969697,95,132
EvoR,5,time,org.joda.time.base.BasePeriod,org.joda.time.base.AbstractPeriod,0.712121212121,94,132
EvoR,6,time,org.joda.time.base.BasePeriod,org.joda.time.base.AbstractPeriod,0.719696969697,95,132
EvoR,7,time,org.joda.time.base.BasePeriod,org.joda.time.base.AbstractPeriod,0.75,99,132
EvoR,8,time,org.joda.time.base.BasePeriod,org.joda.time.base.AbstractPeriod,0.719696969697,95,132
EvoR,9,time,org.joda.time.base.BasePeriod,org.joda.time.base.AbstractPeriod,0.719696969697,95,132
EvoR,10,time,org.joda.time.base.BasePeriod,org.joda.time.base.AbstractPeriod,0.742424242424,98,132
EvoR,11,time,org.joda.time.base.BasePeriod,org.joda.time.base.AbstractPeriod,0.136363636364,18,132
EvoR,12,time,org.joda.time.base.BasePeriod,org.joda.time.base.AbstractPeriod,0.166666666667,22,132
EvoR,13,time,org.joda.time.base.BasePeriod,org.joda.time.base.AbstractPeriod,0.166666666667,22,132
EvoR,14,time,org.joda.time.base.BasePeriod,org.joda.time.base.AbstractPeriod,0.151515151515,20,132
EvoR,15,time,org.joda.time.base.BasePeriod,org.joda.time.base.AbstractPeriod,0.348484848485,46,132
EvoR,16,time,org.joda.time.base.BasePeriod,org.joda.time.base.AbstractPeriod,0.356060606061,47,132
EvoR,17,time,org.joda.time.base.BasePeriod,org.joda.time.base.AbstractPeriod,0.363636363636,48,132
EvoR,18,time,org.joda.time.base.BasePeriod,org.joda.time.base.AbstractPeriod,0.189393939394,25,132
EvoR,19,time,org.joda.time.base.BasePeriod,org.joda.time.base.AbstractPeriod,0.265151515152,35,132
EvoR,20,time,org.joda.time.base.BasePeriod,org.joda.time.base.AbstractPeriod,0.234848484848,31,132
EvoR,1,time,org.joda.time.base.AbstractPartial,org.joda.time.TimeOfDay,0.825688073394,270,327
EvoR,2,time,org.joda.time.base.AbstractPartial,org.joda.time.TimeOfDay,0.761467889908,249,327
EvoR,3,time,org.joda.time.base.AbstractPartial,org.joda.time.TimeOfDay,0.761467889908,249,327
EvoR,4,time,org.joda.time.base.AbstractPartial,org.joda.time.TimeOfDay,0.767584097859,251,327
EvoR,5,time,org.joda.time.base.AbstractPartial,org.joda.time.TimeOfDay,0.779816513761,255,327
EvoR,6,time,org.joda.time.base.AbstractPartial,org.joda.time.TimeOfDay,0.837920489297,274,327
EvoR,7,time,org.joda.time.base.AbstractPartial,org.joda.time.TimeOfDay,0.798165137615,261,327
EvoR,8,time,org.joda.time.base.AbstractPartial,org.joda.time.TimeOfDay,0.816513761468,267,327
EvoR,9,time,org.joda.time.base.AbstractPartial,org.joda.time.TimeOfDay,0.761467889908,249,327
EvoR,10,time,org.joda.time.base.AbstractPartial,org.joda.time.TimeOfDay,0.822629969419,269,327
EvoR,11,time,org.joda.time.base.AbstractPartial,org.joda.time.TimeOfDay,0.0,0,327
EvoR,12,time,org.joda.time.base.AbstractPartial,org.joda.time.TimeOfDay,0.0,0,327
EvoR,13,time,org.joda.time.base.AbstractPartial,org.joda.time.TimeOfDay,0.0,0,327
EvoR,14,time,org.joda.time.base.AbstractPartial,org.joda.time.TimeOfDay,0.0,0,327
EvoR,15,time,org.joda.time.base.AbstractPartial,org.joda.time.TimeOfDay,0.0,0,327
EvoR,16,time,org.joda.time.base.AbstractPartial,org.joda.time.TimeOfDay,0.0,0,327
EvoR,17,time,org.joda.time.base.AbstractPartial,org.joda.time.TimeOfDay,0.0,0,327
EvoR,18,time,org.joda.time.base.AbstractPartial,org.joda.time.TimeOfDay,0.0,0,327
EvoR,19,time,org.joda.time.base.AbstractPartial,org.joda.time.TimeOfDay,0.0,0,327
EvoR,20,time,org.joda.time.base.AbstractPartial,org.joda.time.TimeOfDay,0.0,0,327
EvoR,1,time,org.joda.time.chrono.BasicChronology,org.joda.time.chrono.CopticChronology,0.375,51,136
EvoR,2,time,org.joda.time.chrono.BasicChronology,org.joda.time.chrono.CopticChronology,0.338235294118,46,136
EvoR,3,time,org.joda.time.chrono.BasicChronology,org.joda.time.chrono.CopticChronology,0.161764705882,22,136
EvoR,4,time,org.joda.time.chrono.BasicChronology,org.joda.time.chrono.CopticChronology,0.301470588235,41,136
EvoR,5,time,org.joda.time.chrono.BasicChronology,org.joda.time.chrono.CopticChronology,0.338235294118,46,136
EvoR,6,time,org.joda.time.chrono.BasicChronology,org.joda.time.chrono.CopticChronology,0.345588235294,47,136
EvoR,7,time,org.joda.time.chrono.BasicChronology,org.joda.time.chrono.CopticChronology,0.345588235294,47,136
EvoR,8,time,org.joda.time.chrono.BasicChronology,org.joda.time.chrono.CopticChronology,0.669117647059,91,136
EvoR,9,time,org.joda.time.chrono.BasicChronology,org.joda.time.chrono.CopticChronology,0.176470588235,24,136
EvoR,10,time,org.joda.time.chrono.BasicChronology,org.joda.time.chrono.CopticChronology,0.286764705882,39,136
EvoR,11,time,org.joda.time.chrono.BasicChronology,org.joda.time.chrono.CopticChronology,0.382352941176,52,136
EvoR,12,time,org.joda.time.chrono.BasicChronology,org.joda.time.chrono.CopticChronology,0.0588235294118,8,136
EvoR,13,time,org.joda.time.chrono.BasicChronology,org.joda.time.chrono.CopticChronology,0.25,34,136
EvoR,14,time,org.joda.time.chrono.BasicChronology,org.joda.time.chrono.CopticChronology,0.0,0,136
EvoR,15,time,org.joda.time.chrono.BasicChronology,org.joda.time.chrono.CopticChronology,0.0367647058824,5,136
EvoR,16,time,org.joda.time.chrono.BasicChronology,org.joda.time.chrono.CopticChronology,0.0294117647059,4,136
EvoR,17,time,org.joda.time.chrono.BasicChronology,org.joda.time.chrono.CopticChronology,0.625,85,136
EvoR,18,time,org.joda.time.chrono.BasicChronology,org.joda.time.chrono.CopticChronology,0.0147058823529,2,136
EvoR,19,time,org.joda.time.chrono.BasicChronology,org.joda.time.chrono.CopticChronology,0.00735294117647,1,136
EvoR,20,time,org.joda.time.chrono.BasicChronology,org.joda.time.chrono.CopticChronology,0.0294117647059,4,136
EvoR,1,time,org.joda.time.Period,org.joda.time.base.AbstractPeriod,0.719696969697,95,132
EvoR,2,time,org.joda.time.Period,org.joda.time.base.AbstractPeriod,0.69696969697,92,132
EvoR,3,time,org.joda.time.Period,org.joda.time.base.AbstractPeriod,0.712121212121,94,132
EvoR,4,time,org.joda.time.Period,org.joda.time.base.AbstractPeriod,0.727272727273,96,132
EvoR,5,time,org.joda.time.Period,org.joda.time.base.AbstractPeriod,0.765151515152,101,132
EvoR,6,time,org.joda.time.Period,org.joda.time.base.AbstractPeriod,0.75,99,132
EvoR,7,time,org.joda.time.Period,org.joda.time.base.AbstractPeriod,0.765151515152,101,132
EvoR,8,time,org.joda.time.Period,org.joda.time.base.AbstractPeriod,0.727272727273,96,132
EvoR,9,time,org.joda.time.Period,org.joda.time.base.AbstractPeriod,0.75,99,132
EvoR,10,time,org.joda.time.Period,org.joda.time.base.AbstractPeriod,0.772727272727,102,132
EvoR,11,time,org.joda.time.Period,org.joda.time.base.AbstractPeriod,0.44696969697,59,132
EvoR,12,time,org.joda.time.Period,org.joda.time.base.AbstractPeriod,0.462121212121,61,132
EvoR,13,time,org.joda.time.Period,org.joda.time.base.AbstractPeriod,0.44696969697,59,132
EvoR,14,time,org.joda.time.Period,org.joda.time.base.AbstractPeriod,0.507575757576,67,132
EvoR,15,time,org.joda.time.Period,org.joda.time.base.AbstractPeriod,0.477272727273,63,132
EvoR,16,time,org.joda.time.Period,org.joda.time.base.AbstractPeriod,0.386363636364,51,132
EvoR,17,time,org.joda.time.Period,org.joda.time.base.AbstractPeriod,0.469696969697,62,132
EvoR,18,time,org.joda.time.Period,org.joda.time.base.AbstractPeriod,0.416666666667,55,132
EvoR,19,time,org.joda.time.Period,org.joda.time.base.AbstractPeriod,0.356060606061,47,132
EvoR,20,time,org.joda.time.Period,org.joda.time.base.AbstractPeriod,0.462121212121,61,132
EvoR,1,time,org.joda.time.Period,org.joda.time.base.BasePeriod,0.677142857143,237,350
EvoR,2,time,org.joda.time.Period,org.joda.time.base.BasePeriod,0.72,252,350
EvoR,3,time,org.joda.time.Period,org.joda.time.base.BasePeriod,0.657142857143,230,350
EvoR,4,time,org.joda.time.Period,org.joda.time.base.BasePeriod,0.654285714286,229,350
EvoR,5,time,org.joda.time.Period,org.joda.time.base.BasePeriod,0.64,224,350
EvoR,6,time,org.joda.time.Period,org.joda.time.base.BasePeriod,0.611428571429,214,350
EvoR,7,time,org.joda.time.Period,org.joda.time.base.BasePeriod,0.637142857143,223,350
EvoR,8,time,org.joda.time.Period,org.joda.time.base.BasePeriod,0.634285714286,222,350
EvoR,9,time,org.joda.time.Period,org.joda.time.base.BasePeriod,0.677142857143,237,350
EvoR,10,time,org.joda.time.Period,org.joda.time.base.BasePeriod,0.642857142857,225,350
EvoR,11,time,org.joda.time.Period,org.joda.time.base.BasePeriod,0.377142857143,132,350
EvoR,12,time,org.joda.time.Period,org.joda.time.base.BasePeriod,0.374285714286,131,350
EvoR,13,time,org.joda.time.Period,org.joda.time.base.BasePeriod,0.351428571429,123,350
EvoR,14,time,org.joda.time.Period,org.joda.time.base.BasePeriod,0.422857142857,148,350
EvoR,15,time,org.joda.time.Period,org.joda.time.base.BasePeriod,0.388571428571,136,350
EvoR,16,time,org.joda.time.Period,org.joda.time.base.BasePeriod,0.348571428571,122,350
EvoR,17,time,org.joda.time.Period,org.joda.time.base.BasePeriod,0.342857142857,120,350
EvoR,18,time,org.joda.time.Period,org.joda.time.base.BasePeriod,0.308571428571,108,350
EvoR,19,time,org.joda.time.Period,org.joda.time.base.BasePeriod,0.342857142857,120,350
EvoR,20,time,org.joda.time.Period,org.joda.time.base.BasePeriod,0.388571428571,136,350
EvoR,1,time,org.joda.time.Weeks,org.joda.time.base.BaseSingleFieldPeriod,0.710526315789,162,228
EvoR,2,time,org.joda.time.Weeks,org.joda.time.base.BaseSingleFieldPeriod,0.745614035088,170,228
EvoR,3,time,org.joda.time.Weeks,org.joda.time.base.BaseSingleFieldPeriod,0.754385964912,172,228
EvoR,4,time,org.joda.time.Weeks,org.joda.time.base.BaseSingleFieldPeriod,0.745614035088,170,228
EvoR,5,time,org.joda.time.Weeks,org.joda.time.base.BaseSingleFieldPeriod,0.75,171,228
EvoR,6,time,org.joda.time.Weeks,org.joda.time.base.BaseSingleFieldPeriod,0.754385964912,172,228
EvoR,7,time,org.joda.time.Weeks,org.joda.time.base.BaseSingleFieldPeriod,0.728070175439,166,228
EvoR,8,time,org.joda.time.Weeks,org.joda.time.base.BaseSingleFieldPeriod,0.745614035088,170,228
EvoR,9,time,org.joda.time.Weeks,org.joda.time.base.BaseSingleFieldPeriod,0.754385964912,172,228
EvoR,10,time,org.joda.time.Weeks,org.joda.time.base.BaseSingleFieldPeriod,0.723684210526,165,228
EvoR,11,time,org.joda.time.Weeks,org.joda.time.base.BaseSingleFieldPeriod,0.241228070175,55,228
EvoR,12,time,org.joda.time.Weeks,org.joda.time.base.BaseSingleFieldPeriod,0.232456140351,53,228
EvoR,13,time,org.joda.time.Weeks,org.joda.time.base.BaseSingleFieldPeriod,0.372807017544,85,228
EvoR,14,time,org.joda.time.Weeks,org.joda.time.base.BaseSingleFieldPeriod,0.228070175439,52,228
EvoR,15,time,org.joda.time.Weeks,org.joda.time.base.BaseSingleFieldPeriod,0.254385964912,58,228
EvoR,16,time,org.joda.time.Weeks,org.joda.time.base.BaseSingleFieldPeriod,0.34649122807,79,228
EvoR,17,time,org.joda.time.Weeks,org.joda.time.base.BaseSingleFieldPeriod,0.34649122807,79,228
EvoR,18,time,org.joda.time.Weeks,org.joda.time.base.BaseSingleFieldPeriod,0.337719298246,77,228
EvoR,19,time,org.joda.time.Weeks,org.joda.time.base.BaseSingleFieldPeriod,0.276315789474,63,228
EvoR,20,time,org.joda.time.Weeks,org.joda.time.base.BaseSingleFieldPeriod,0.34649122807,79,228
EvoR,1,time,org.joda.time.format.DateTimeFormatterBuilder$TextField,org.joda.time.MutableDateTime,0.751082251082,347,462
EvoR,2,time,org.joda.time.format.DateTimeFormatterBuilder$TextField,org.joda.time.MutableDateTime,0.761904761905,352,462
EvoR,3,time,org.joda.time.format.DateTimeFormatterBuilder$TextField,org.joda.time.MutableDateTime,0.746753246753,345,462
EvoR,4,time,org.joda.time.format.DateTimeFormatterBuilder$TextField,org.joda.time.MutableDateTime,0.75974025974,351,462
EvoR,5,time,org.joda.time.format.DateTimeFormatterBuilder$TextField,org.joda.time.MutableDateTime,0.794372294372,367,462
EvoR,6,time,org.joda.time.format.DateTimeFormatterBuilder$TextField,org.joda.time.MutableDateTime,0.764069264069,353,462
EvoR,7,time,org.joda.time.format.DateTimeFormatterBuilder$TextField,org.joda.time.MutableDateTime,0.757575757576,350,462
EvoR,8,time,org.joda.time.format.DateTimeFormatterBuilder$TextField,org.joda.time.MutableDateTime,0.761904761905,352,462
EvoR,9,time,org.joda.time.format.DateTimeFormatterBuilder$TextField,org.joda.time.MutableDateTime,0.748917748918,346,462
EvoR,10,time,org.joda.time.format.DateTimeFormatterBuilder$TextField,org.joda.time.MutableDateTime,0.755411255411,349,462
EvoR,11,time,org.joda.time.format.DateTimeFormatterBuilder$TextField,org.joda.time.MutableDateTime,0.0194805194805,9,462
EvoR,12,time,org.joda.time.format.DateTimeFormatterBuilder$TextField,org.joda.time.MutableDateTime,0.0194805194805,9,462
EvoR,13,time,org.joda.time.format.DateTimeFormatterBuilder$TextField,org.joda.time.MutableDateTime,0.0194805194805,9,462
EvoR,14,time,org.joda.time.format.DateTimeFormatterBuilder$TextField,org.joda.time.MutableDateTime,0.0194805194805,9,462
EvoR,15,time,org.joda.time.format.DateTimeFormatterBuilder$TextField,org.joda.time.MutableDateTime,0.0194805194805,9,462
EvoR,16,time,org.joda.time.format.DateTimeFormatterBuilder$TextField,org.joda.time.MutableDateTime,0.0194805194805,9,462
EvoR,17,time,org.joda.time.format.DateTimeFormatterBuilder$TextField,org.joda.time.MutableDateTime,0.0194805194805,9,462
EvoR,18,time,org.joda.time.format.DateTimeFormatterBuilder$TextField,org.joda.time.MutableDateTime,0.0194805194805,9,462
EvoR,19,time,org.joda.time.format.DateTimeFormatterBuilder$TextField,org.joda.time.MutableDateTime,0.0194805194805,9,462
EvoR,20,time,org.joda.time.format.DateTimeFormatterBuilder$TextField,org.joda.time.MutableDateTime,0.0194805194805,9,462
EvoR,1,time,org.joda.time.Period,org.joda.time.PeriodType,0.357221609702,324,907
EvoR,2,time,org.joda.time.Period,org.joda.time.PeriodType,0.3197353914,290,907
EvoR,3,time,org.joda.time.Period,org.joda.time.PeriodType,0.724366041896,657,907
EvoR,4,time,org.joda.time.Period,org.joda.time.PeriodType,0.915104740904,830,907
EvoR,5,time,org.joda.time.Period,org.joda.time.PeriodType,0.369349503859,335,907
EvoR,6,time,org.joda.time.Period,org.joda.time.PeriodType,0.918412348401,833,907
EvoR,7,time,org.joda.time.Period,org.joda.time.PeriodType,0.912899669239,828,907
EvoR,8,time,org.joda.time.Period,org.joda.time.PeriodType,0.911797133407,827,907
EvoR,9,time,org.joda.time.Period,org.joda.time.PeriodType,0.325248070562,295,907
EvoR,10,time,org.joda.time.Period,org.joda.time.PeriodType,0.723263506064,656,907
EvoR,11,time,org.joda.time.Period,org.joda.time.PeriodType,0.922822491731,837,907
EvoR,12,time,org.joda.time.Period,org.joda.time.PeriodType,0.736493936053,668,907
EvoR,13,time,org.joda.time.Period,org.joda.time.PeriodType,0.916207276736,831,907
EvoR,14,time,org.joda.time.Period,org.joda.time.PeriodType,0.724366041896,657,907
EvoR,15,time,org.joda.time.Period,org.joda.time.PeriodType,0.74421168688,675,907
EvoR,16,time,org.joda.time.Period,org.joda.time.PeriodType,0.90407938258,820,907
EvoR,17,time,org.joda.time.Period,org.joda.time.PeriodType,0.323042998897,293,907
EvoR,18,time,org.joda.time.Period,org.joda.time.PeriodType,0.89966923925,816,907
EvoR,19,time,org.joda.time.Period,org.joda.time.PeriodType,0.357221609702,324,907
EvoR,20,time,org.joda.time.Period,org.joda.time.PeriodType,0.343991179713,312,907
EvoR,1,time,org.joda.time.LocalTime$Property,org.joda.time.LocalTime,0.620027434842,452,729
EvoR,2,time,org.joda.time.LocalTime$Property,org.joda.time.LocalTime,0.643347050754,469,729
EvoR,3,time,org.joda.time.LocalTime$Property,org.joda.time.LocalTime,0.637860082305,465,729
EvoR,4,time,org.joda.time.LocalTime$Property,org.joda.time.LocalTime,0.615912208505,449,729
EvoR,5,time,org.joda.time.LocalTime$Property,org.joda.time.LocalTime,0.614540466392,448,729
EvoR,6,time,org.joda.time.LocalTime$Property,org.joda.time.LocalTime,0.639231824417,466,729
EvoR,7,time,org.joda.time.LocalTime$Property,org.joda.time.LocalTime,0.0699588477366,51,729
EvoR,8,time,org.joda.time.LocalTime$Property,org.joda.time.LocalTime,0.680384087791,496,729
EvoR,9,time,org.joda.time.LocalTime$Property,org.joda.time.LocalTime,0.626886145405,457,729
EvoR,10,time,org.joda.time.LocalTime$Property,org.joda.time.LocalTime,0.61865569273,451,729
EvoR,11,time,org.joda.time.LocalTime$Property,org.joda.time.LocalTime,0.0864197530864,63,729
EvoR,12,time,org.joda.time.LocalTime$Property,org.joda.time.LocalTime,0.0603566529492,44,729
EvoR,13,time,org.joda.time.LocalTime$Property,org.joda.time.LocalTime,0.0809327846365,59,729
EvoR,14,time,org.joda.time.LocalTime$Property,org.joda.time.LocalTime,0.0562414266118,41,729
EvoR,15,time,org.joda.time.LocalTime$Property,org.joda.time.LocalTime,0.0877914951989,64,729
EvoR,16,time,org.joda.time.LocalTime$Property,org.joda.time.LocalTime,0.0781893004115,57,729
EvoR,17,time,org.joda.time.LocalTime$Property,org.joda.time.LocalTime,0.0644718792867,47,729
EvoR,18,time,org.joda.time.LocalTime$Property,org.joda.time.LocalTime,0.0727023319616,53,729
EvoR,19,time,org.joda.time.LocalTime$Property,org.joda.time.LocalTime,0.076817558299,56,729
EvoR,20,time,org.joda.time.LocalTime$Property,org.joda.time.LocalTime,0.109739368999,80,729
EvoR,1,time,org.joda.time.chrono.BasicWeekyearDateTimeField,org.joda.time.chrono.BasicChronology,0.681908548708,343,503
EvoR,2,time,org.joda.time.chrono.BasicWeekyearDateTimeField,org.joda.time.chrono.BasicChronology,0.675944333996,340,503
EvoR,3,time,org.joda.time.chrono.BasicWeekyearDateTimeField,org.joda.time.chrono.BasicChronology,0.55069582505,277,503
EvoR,4,time,org.joda.time.chrono.BasicWeekyearDateTimeField,org.joda.time.chrono.BasicChronology,0.93041749503,468,503
EvoR,5,time,org.joda.time.chrono.BasicWeekyearDateTimeField,org.joda.time.chrono.BasicChronology,0.916500994036,461,503
EvoR,6,time,org.joda.time.chrono.BasicWeekyearDateTimeField,org.joda.time.chrono.BasicChronology,0.582504970179,293,503
EvoR,7,time,org.joda.time.chrono.BasicWeekyearDateTimeField,org.joda.time.chrono.BasicChronology,0.779324055666,392,503
EvoR,8,time,org.joda.time.chrono.BasicWeekyearDateTimeField,org.joda.time.chrono.BasicChronology,0.236580516899,119,503
EvoR,9,time,org.joda.time.chrono.BasicWeekyearDateTimeField,org.joda.time.chrono.BasicChronology,0.58449304175,294,503
EvoR,10,time,org.joda.time.chrono.BasicWeekyearDateTimeField,org.joda.time.chrono.BasicChronology,0.902584493042,454,503
EvoR,11,time,org.joda.time.chrono.BasicWeekyearDateTimeField,org.joda.time.chrono.BasicChronology,0.37773359841,190,503
EvoR,12,time,org.joda.time.chrono.BasicWeekyearDateTimeField,org.joda.time.chrono.BasicChronology,0.282306163022,142,503
EvoR,13,time,org.joda.time.chrono.BasicWeekyearDateTimeField,org.joda.time.chrono.BasicChronology,0.232604373757,117,503
EvoR,14,time,org.joda.time.chrono.BasicWeekyearDateTimeField,org.joda.time.chrono.BasicChronology,0.244532803181,123,503
EvoR,15,time,org.joda.time.chrono.BasicWeekyearDateTimeField,org.joda.time.chrono.BasicChronology,0.234592445328,118,503
EvoR,16,time,org.joda.time.chrono.BasicWeekyearDateTimeField,org.joda.time.chrono.BasicChronology,0.238568588469,120,503
EvoR,17,time,org.joda.time.chrono.BasicWeekyearDateTimeField,org.joda.time.chrono.BasicChronology,0.268389662028,135,503
EvoR,18,time,org.joda.time.chrono.BasicWeekyearDateTimeField,org.joda.time.chrono.BasicChronology,0.232604373757,117,503
EvoR,19,time,org.joda.time.chrono.BasicWeekyearDateTimeField,org.joda.time.chrono.BasicChronology,0.228628230616,115,503
EvoR,20,time,org.joda.time.chrono.BasicWeekyearDateTimeField,org.joda.time.chrono.BasicChronology,0.250497017893,126,503
EvoR,1,time,org.joda.time.chrono.GJChronology,org.joda.time.chrono.GJChronology$CutoverField,0.384196185286,141,367
EvoR,2,time,org.joda.time.chrono.GJChronology,org.joda.time.chrono.GJChronology$CutoverField,0.569482288828,209,367
EvoR,3,time,org.joda.time.chrono.GJChronology,org.joda.time.chrono.GJChronology$CutoverField,0.299727520436,110,367
EvoR,4,time,org.joda.time.chrono.GJChronology,org.joda.time.chrono.GJChronology$CutoverField,0.362397820163,133,367
EvoR,5,time,org.joda.time.chrono.GJChronology,org.joda.time.chrono.GJChronology$CutoverField,0.403269754768,148,367
EvoR,6,time,org.joda.time.chrono.GJChronology,org.joda.time.chrono.GJChronology$CutoverField,0.33514986376,123,367
EvoR,7,time,org.joda.time.chrono.GJChronology,org.joda.time.chrono.GJChronology$CutoverField,0.294277929155,108,367
EvoR,8,time,org.joda.time.chrono.GJChronology,org.joda.time.chrono.GJChronology$CutoverField,0.438692098093,161,367
EvoR,9,time,org.joda.time.chrono.GJChronology,org.joda.time.chrono.GJChronology$CutoverField,0.32970027248,121,367
EvoR,10,time,org.joda.time.chrono.GJChronology,org.joda.time.chrono.GJChronology$CutoverField,0.305177111717,112,367
EvoR,11,time,org.joda.time.chrono.GJChronology,org.joda.time.chrono.GJChronology$CutoverField,0.277929155313,102,367
EvoR,12,time,org.joda.time.chrono.GJChronology,org.joda.time.chrono.GJChronology$CutoverField,0.367847411444,135,367
EvoR,13,time,org.joda.time.chrono.GJChronology,org.joda.time.chrono.GJChronology$CutoverField,0.555858310627,204,367
EvoR,14,time,org.joda.time.chrono.GJChronology,org.joda.time.chrono.GJChronology$CutoverField,0.378746594005,139,367
EvoR,15,time,org.joda.time.chrono.GJChronology,org.joda.time.chrono.GJChronology$CutoverField,0.367847411444,135,367
EvoR,16,time,org.joda.time.chrono.GJChronology,org.joda.time.chrono.GJChronology$CutoverField,0.302452316076,111,367
EvoR,17,time,org.joda.time.chrono.GJChronology,org.joda.time.chrono.GJChronology$CutoverField,0.365122615804,134,367
EvoR,18,time,org.joda.time.chrono.GJChronology,org.joda.time.chrono.GJChronology$CutoverField,0.550408719346,202,367
EvoR,19,time,org.joda.time.chrono.GJChronology,org.joda.time.chrono.GJChronology$CutoverField,0.326975476839,120,367
EvoR,20,time,org.joda.time.chrono.GJChronology,org.joda.time.chrono.GJChronology$CutoverField,0.362397820163,133,367
EvoR,1,time,org.joda.time.chrono.GJChronology,org.joda.time.chrono.JulianChronology,0.515923566879,81,157
EvoR,2,time,org.joda.time.chrono.GJChronology,org.joda.time.chrono.JulianChronology,0.643312101911,101,157
EvoR,3,time,org.joda.time.chrono.GJChronology,org.joda.time.chrono.JulianChronology,0.535031847134,84,157
EvoR,4,time,org.joda.time.chrono.GJChronology,org.joda.time.chrono.JulianChronology,0.528662420382,83,157
EvoR,5,time,org.joda.time.chrono.GJChronology,org.joda.time.chrono.JulianChronology,0.662420382166,104,157
EvoR,6,time,org.joda.time.chrono.GJChronology,org.joda.time.chrono.JulianChronology,0.573248407643,90,157
EvoR,7,time,org.joda.time.chrono.GJChronology,org.joda.time.chrono.JulianChronology,0.484076433121,76,157
EvoR,8,time,org.joda.time.chrono.GJChronology,org.joda.time.chrono.JulianChronology,0.452229299363,71,157
EvoR,9,time,org.joda.time.chrono.GJChronology,org.joda.time.chrono.JulianChronology,0.56050955414,88,157
EvoR,10,time,org.joda.time.chrono.GJChronology,org.joda.time.chrono.JulianChronology,0.528662420382,83,157
EvoR,11,time,org.joda.time.chrono.GJChronology,org.joda.time.chrono.JulianChronology,0.197452229299,31,157
EvoR,12,time,org.joda.time.chrono.GJChronology,org.joda.time.chrono.JulianChronology,0.305732484076,48,157
EvoR,13,time,org.joda.time.chrono.GJChronology,org.joda.time.chrono.JulianChronology,0.171974522293,27,157
EvoR,14,time,org.joda.time.chrono.GJChronology,org.joda.time.chrono.JulianChronology,0.171974522293,27,157
EvoR,15,time,org.joda.time.chrono.GJChronology,org.joda.time.chrono.JulianChronology,0.216560509554,34,157
EvoR,16,time,org.joda.time.chrono.GJChronology,org.joda.time.chrono.JulianChronology,0.197452229299,31,157
EvoR,17,time,org.joda.time.chrono.GJChronology,org.joda.time.chrono.JulianChronology,0.197452229299,31,157
EvoR,18,time,org.joda.time.chrono.GJChronology,org.joda.time.chrono.JulianChronology,0.407643312102,64,157
EvoR,19,time,org.joda.time.chrono.GJChronology,org.joda.time.chrono.JulianChronology,0.216560509554,34,157
EvoR,20,time,org.joda.time.chrono.GJChronology,org.joda.time.chrono.JulianChronology,0.216560509554,34,157
EvoR,1,time,org.joda.time.chrono.CopticChronology,org.joda.time.DateTimeZone,0.732970027248,538,734
EvoR,2,time,org.joda.time.chrono.CopticChronology,org.joda.time.DateTimeZone,0.534059945504,392,734
EvoR,3,time,org.joda.time.chrono.CopticChronology,org.joda.time.DateTimeZone,0.66485013624,488,734
EvoR,4,time,org.joda.time.chrono.CopticChronology,org.joda.time.DateTimeZone,0.386920980926,284,734
EvoR,5,time,org.joda.time.chrono.CopticChronology,org.joda.time.DateTimeZone,0.365122615804,268,734
EvoR,6,time,org.joda.time.chrono.CopticChronology,org.joda.time.DateTimeZone,0.619891008174,455,734
EvoR,7,time,org.joda.time.chrono.CopticChronology,org.joda.time.DateTimeZone,0.606267029973,445,734
EvoR,8,time,org.joda.time.chrono.CopticChronology,org.joda.time.DateTimeZone,0.519073569482,381,734
EvoR,9,time,org.joda.time.chrono.CopticChronology,org.joda.time.DateTimeZone,0.600817438692,441,734
EvoR,10,time,org.joda.time.chrono.CopticChronology,org.joda.time.DateTimeZone,0.392370572207,288,734
EvoR,11,time,org.joda.time.chrono.CopticChronology,org.joda.time.DateTimeZone,0.016348773842,12,734
EvoR,12,time,org.joda.time.chrono.CopticChronology,org.joda.time.DateTimeZone,0.0258855585831,19,734
EvoR,13,time,org.joda.time.chrono.CopticChronology,org.joda.time.DateTimeZone,0.00681198910082,5,734
EvoR,14,time,org.joda.time.chrono.CopticChronology,org.joda.time.DateTimeZone,0.0231607629428,17,734
EvoR,15,time,org.joda.time.chrono.CopticChronology,org.joda.time.DateTimeZone,0.00681198910082,5,734
EvoR,16,time,org.joda.time.chrono.CopticChronology,org.joda.time.DateTimeZone,0.00681198910082,5,734
EvoR,17,time,org.joda.time.chrono.CopticChronology,org.joda.time.DateTimeZone,0.0177111716621,13,734
EvoR,18,time,org.joda.time.chrono.CopticChronology,org.joda.time.DateTimeZone,0.00681198910082,5,734
EvoR,19,time,org.joda.time.chrono.CopticChronology,org.joda.time.DateTimeZone,0.00681198910082,5,734
EvoR,20,time,org.joda.time.chrono.CopticChronology,org.joda.time.DateTimeZone,0.0190735694823,14,734
EvoR,1,time,org.joda.time.chrono.ZonedChronology,org.joda.time.DateTimeZone,0.731607629428,537,734
EvoR,2,time,org.joda.time.chrono.ZonedChronology,org.joda.time.DateTimeZone,0.555858310627,408,734
EvoR,3,time,org.joda.time.chrono.ZonedChronology,org.joda.time.DateTimeZone,0.647138964578,475,734
EvoR,4,time,org.joda.time.chrono.ZonedChronology,org.joda.time.DateTimeZone,0.403269754768,296,734
EvoR,5,time,org.joda.time.chrono.ZonedChronology,org.joda.time.DateTimeZone,0.396457765668,291,734
EvoR,6,time,org.joda.time.chrono.ZonedChronology,org.joda.time.DateTimeZone,0.595367847411,437,734
EvoR,7,time,org.joda.time.chrono.ZonedChronology,org.joda.time.DateTimeZone,0.614441416894,451,734
EvoR,8,time,org.joda.time.chrono.ZonedChronology,org.joda.time.DateTimeZone,0.519073569482,381,734
EvoR,9,time,org.joda.time.chrono.ZonedChronology,org.joda.time.DateTimeZone,0.626702997275,460,734
EvoR,10,time,org.joda.time.chrono.ZonedChronology,org.joda.time.DateTimeZone,0.411444141689,302,734
EvoR,11,time,org.joda.time.chrono.ZonedChronology,org.joda.time.DateTimeZone,0.147138964578,108,734
EvoR,12,time,org.joda.time.chrono.ZonedChronology,org.joda.time.DateTimeZone,0.104904632153,77,734
EvoR,13,time,org.joda.time.chrono.ZonedChronology,org.joda.time.DateTimeZone,0.119891008174,88,734
EvoR,14,time,org.joda.time.chrono.ZonedChronology,org.joda.time.DateTimeZone,0.0844686648501,62,734
EvoR,15,time,org.joda.time.chrono.ZonedChronology,org.joda.time.DateTimeZone,0.102179836512,75,734
EvoR,16,time,org.joda.time.chrono.ZonedChronology,org.joda.time.DateTimeZone,0.0681198910082,50,734
EvoR,17,time,org.joda.time.chrono.ZonedChronology,org.joda.time.DateTimeZone,0.066757493188,49,734
EvoR,18,time,org.joda.time.chrono.ZonedChronology,org.joda.time.DateTimeZone,0.121253405995,89,734
EvoR,19,time,org.joda.time.chrono.ZonedChronology,org.joda.time.DateTimeZone,0.133514986376,98,734
EvoR,20,time,org.joda.time.chrono.ZonedChronology,org.joda.time.DateTimeZone,0.0817438692098,60,734
EvoR,1,time,org.joda.time.chrono.ZonedChronology$ZonedDateTimeField,org.joda.time.DateTimeZone,0.74659400545,548,734
EvoR,2,time,org.joda.time.chrono.ZonedChronology$ZonedDateTimeField,org.joda.time.DateTimeZone,0.570844686649,419,734
EvoR,3,time,org.joda.time.chrono.ZonedChronology$ZonedDateTimeField,org.joda.time.DateTimeZone,0.645776566757,474,734
EvoR,4,time,org.joda.time.chrono.ZonedChronology$ZonedDateTimeField,org.joda.time.DateTimeZone,0.41825613079,307,734
EvoR,5,time,org.joda.time.chrono.ZonedChronology$ZonedDateTimeField,org.joda.time.DateTimeZone,0.404632152589,297,734
EvoR,6,time,org.joda.time.chrono.ZonedChronology$ZonedDateTimeField,org.joda.time.DateTimeZone,0.595367847411,437,734
EvoR,7,time,org.joda.time.chrono.ZonedChronology$ZonedDateTimeField,org.joda.time.DateTimeZone,0.634877384196,466,734
EvoR,8,time,org.joda.time.chrono.ZonedChronology$ZonedDateTimeField,org.joda.time.DateTimeZone,0.516348773842,379,734
EvoR,9,time,org.joda.time.chrono.ZonedChronology$ZonedDateTimeField,org.joda.time.DateTimeZone,0.594005449591,436,734
EvoR,10,time,org.joda.time.chrono.ZonedChronology$ZonedDateTimeField,org.joda.time.DateTimeZone,0.410081743869,301,734
EvoR,11,time,org.joda.time.chrono.ZonedChronology$ZonedDateTimeField,org.joda.time.DateTimeZone,0.0735694822888,54,734
EvoR,12,time,org.joda.time.chrono.ZonedChronology$ZonedDateTimeField,org.joda.time.DateTimeZone,0.0354223433243,26,734
EvoR,13,time,org.joda.time.chrono.ZonedChronology$ZonedDateTimeField,org.joda.time.DateTimeZone,0.0313351498638,23,734
EvoR,14,time,org.joda.time.chrono.ZonedChronology$ZonedDateTimeField,org.joda.time.DateTimeZone,0.0354223433243,26,734
EvoR,15,time,org.joda.time.chrono.ZonedChronology$ZonedDateTimeField,org.joda.time.DateTimeZone,0.0354223433243,26,734
EvoR,16,time,org.joda.time.chrono.ZonedChronology$ZonedDateTimeField,org.joda.time.DateTimeZone,0.0204359673025,15,734
EvoR,17,time,org.joda.time.chrono.ZonedChronology$ZonedDateTimeField,org.joda.time.DateTimeZone,0.0722070844687,53,734
EvoR,18,time,org.joda.time.chrono.ZonedChronology$ZonedDateTimeField,org.joda.time.DateTimeZone,0.0572207084469,42,734
EvoR,19,time,org.joda.time.chrono.ZonedChronology$ZonedDateTimeField,org.joda.time.DateTimeZone,0.0408719346049,30,734
EvoR,20,time,org.joda.time.chrono.ZonedChronology$ZonedDateTimeField,org.joda.time.DateTimeZone,0.074931880109,55,734
EvoR,1,time,org.joda.time.chrono.ISOChronology,org.joda.time.DateTimeZone,0.730245231608,536,734
EvoR,2,time,org.joda.time.chrono.ISOChronology,org.joda.time.DateTimeZone,0.558583106267,410,734
EvoR,3,time,org.joda.time.chrono.ISOChronology,org.joda.time.DateTimeZone,0.621253405995,456,734
EvoR,4,time,org.joda.time.chrono.ISOChronology,org.joda.time.DateTimeZone,0.385558583106,283,734
EvoR,5,time,org.joda.time.chrono.ISOChronology,org.joda.time.DateTimeZone,0.363760217984,267,734
EvoR,6,time,org.joda.time.chrono.ISOChronology,org.joda.time.DateTimeZone,0.619891008174,455,734
EvoR,7,time,org.joda.time.chrono.ISOChronology,org.joda.time.DateTimeZone,0.589918256131,433,734
EvoR,8,time,org.joda.time.chrono.ISOChronology,org.joda.time.DateTimeZone,0.516348773842,379,734
EvoR,9,time,org.joda.time.chrono.ISOChronology,org.joda.time.DateTimeZone,0.595367847411,437,734
EvoR,10,time,org.joda.time.chrono.ISOChronology,org.joda.time.DateTimeZone,0.391008174387,287,734
EvoR,11,time,org.joda.time.chrono.ISOChronology,org.joda.time.DateTimeZone,0.0653950953678,48,734
EvoR,12,time,org.joda.time.chrono.ISOChronology,org.joda.time.DateTimeZone,0.0149863760218,11,734
EvoR,13,time,org.joda.time.chrono.ISOChronology,org.joda.time.DateTimeZone,0.0217983651226,16,734
EvoR,14,time,org.joda.time.chrono.ISOChronology,org.joda.time.DateTimeZone,0.0653950953678,48,734
EvoR,15,time,org.joda.time.chrono.ISOChronology,org.joda.time.DateTimeZone,0.074931880109,55,734
EvoR,16,time,org.joda.time.chrono.ISOChronology,org.joda.time.DateTimeZone,0.00681198910082,5,734
EvoR,17,time,org.joda.time.chrono.ISOChronology,org.joda.time.DateTimeZone,0.0149863760218,11,734
EvoR,18,time,org.joda.time.chrono.ISOChronology,org.joda.time.DateTimeZone,0.0149863760218,11,734
EvoR,19,time,org.joda.time.chrono.ISOChronology,org.joda.time.DateTimeZone,0.0613079019074,45,734
EvoR,20,time,org.joda.time.chrono.ISOChronology,org.joda.time.DateTimeZone,0.0953678474114,70,734
EvoR,1,time,org.joda.time.DateTimeUtils,org.joda.time.DateTimeZone,0.637602179837,468,734
EvoR,2,time,org.joda.time.DateTimeUtils,org.joda.time.DateTimeZone,0.594005449591,436,734
EvoR,3,time,org.joda.time.DateTimeUtils,org.joda.time.DateTimeZone,0.644414168937,473,734
EvoR,4,time,org.joda.time.DateTimeUtils,org.joda.time.DateTimeZone,0.400544959128,294,734
EvoR,5,time,org.joda.time.DateTimeUtils,org.joda.time.DateTimeZone,0.463215258856,340,734
EvoR,6,time,org.joda.time.DateTimeUtils,org.joda.time.DateTimeZone,0.640326975477,470,734
EvoR,7,time,org.joda.time.DateTimeUtils,org.joda.time.DateTimeZone,0.554495912807,407,734
EvoR,8,time,org.joda.time.DateTimeUtils,org.joda.time.DateTimeZone,0.519073569482,381,734
EvoR,9,time,org.joda.time.DateTimeUtils,org.joda.time.DateTimeZone,0.538147138965,395,734
EvoR,10,time,org.joda.time.DateTimeUtils,org.joda.time.DateTimeZone,0.401907356948,295,734
EvoR,11,time,org.joda.time.DateTimeUtils,org.joda.time.DateTimeZone,0.0122615803815,9,734
EvoR,12,time,org.joda.time.DateTimeUtils,org.joda.time.DateTimeZone,0.0231607629428,17,734
EvoR,13,time,org.joda.time.DateTimeUtils,org.joda.time.DateTimeZone,0.0381471389646,28,734
EvoR,14,time,org.joda.time.DateTimeUtils,org.joda.time.DateTimeZone,0.0231607629428,17,734
EvoR,15,time,org.joda.time.DateTimeUtils,org.joda.time.DateTimeZone,0.0136239782016,10,734
EvoR,16,time,org.joda.time.DateTimeUtils,org.joda.time.DateTimeZone,0.016348773842,12,734
EvoR,17,time,org.joda.time.DateTimeUtils,org.joda.time.DateTimeZone,0.091280653951,67,734
EvoR,18,time,org.joda.time.DateTimeUtils,org.joda.time.DateTimeZone,0.0354223433243,26,734
EvoR,19,time,org.joda.time.DateTimeUtils,org.joda.time.DateTimeZone,0.0326975476839,24,734
EvoR,20,time,org.joda.time.DateTimeUtils,org.joda.time.DateTimeZone,0.0231607629428,17,734
EvoR,1,time,org.joda.time.LocalDate,org.joda.time.format.ISODateTimeFormat,0.172847682119,261,1510
EvoR,2,time,org.joda.time.LocalDate,org.joda.time.format.ISODateTimeFormat,0.185430463576,280,1510
EvoR,3,time,org.joda.time.LocalDate,org.joda.time.format.ISODateTimeFormat,0.00596026490066,9,1510
EvoR,4,time,org.joda.time.LocalDate,org.joda.time.format.ISODateTimeFormat,0.175496688742,265,1510
EvoR,5,time,org.joda.time.LocalDate,org.joda.time.format.ISODateTimeFormat,0.207284768212,313,1510
EvoR,6,time,org.joda.time.LocalDate,org.joda.time.format.ISODateTimeFormat,0.0980132450331,148,1510
EvoR,7,time,org.joda.time.LocalDate,org.joda.time.format.ISODateTimeFormat,0.188741721854,285,1510
EvoR,8,time,org.joda.time.LocalDate,org.joda.time.format.ISODateTimeFormat,0.203973509934,308,1510
EvoR,9,time,org.joda.time.LocalDate,org.joda.time.format.ISODateTimeFormat,0.197350993377,298,1510
EvoR,10,time,org.joda.time.LocalDate,org.joda.time.format.ISODateTimeFormat,0.186754966887,282,1510
EvoR,11,time,org.joda.time.LocalDate,org.joda.time.format.ISODateTimeFormat,0.00596026490066,9,1510
EvoR,12,time,org.joda.time.LocalDate,org.joda.time.format.ISODateTimeFormat,0.0980132450331,148,1510
EvoR,13,time,org.joda.time.LocalDate,org.joda.time.format.ISODateTimeFormat,0.0980132450331,148,1510
EvoR,14,time,org.joda.time.LocalDate,org.joda.time.format.ISODateTimeFormat,0.0986754966887,149,1510
EvoR,15,time,org.joda.time.LocalDate,org.joda.time.format.ISODateTimeFormat,0.00529801324503,8,1510
EvoR,16,time,org.joda.time.LocalDate,org.joda.time.format.ISODateTimeFormat,0.0980132450331,148,1510
EvoR,17,time,org.joda.time.LocalDate,org.joda.time.format.ISODateTimeFormat,0.0980132450331,148,1510
EvoR,18,time,org.joda.time.LocalDate,org.joda.time.format.ISODateTimeFormat,0.0980132450331,148,1510
EvoR,19,time,org.joda.time.LocalDate,org.joda.time.format.ISODateTimeFormat,0.0986754966887,149,1510
EvoR,20,time,org.joda.time.LocalDate,org.joda.time.format.ISODateTimeFormat,0.00596026490066,9,1510
EvoR,1,time,org.joda.time.LocalDate,org.joda.time.DateTime,0.721598002497,578,801
EvoR,2,time,org.joda.time.LocalDate,org.joda.time.DateTime,0.731585518102,586,801
EvoR,3,time,org.joda.time.LocalDate,org.joda.time.DateTime,0.721598002497,578,801
EvoR,4,time,org.joda.time.LocalDate,org.joda.time.DateTime,0.739076154806,592,801
EvoR,5,time,org.joda.time.LocalDate,org.joda.time.DateTime,0.741573033708,594,801
EvoR,6,time,org.joda.time.LocalDate,org.joda.time.DateTime,0.72784019975,583,801
EvoR,7,time,org.joda.time.LocalDate,org.joda.time.DateTime,0.736579275905,590,801
EvoR,8,time,org.joda.time.LocalDate,org.joda.time.DateTime,0.715355805243,573,801
EvoR,9,time,org.joda.time.LocalDate,org.joda.time.DateTime,0.741573033708,594,801
EvoR,10,time,org.joda.time.LocalDate,org.joda.time.DateTime,0.752808988764,603,801
EvoR,11,time,org.joda.time.LocalDate,org.joda.time.DateTime,0.0,0,801
EvoR,12,time,org.joda.time.LocalDate,org.joda.time.DateTime,0.00374531835206,3,801
EvoR,13,time,org.joda.time.LocalDate,org.joda.time.DateTime,0.0,0,801
EvoR,14,time,org.joda.time.LocalDate,org.joda.time.DateTime,0.0,0,801
EvoR,15,time,org.joda.time.LocalDate,org.joda.time.DateTime,0.00374531835206,3,801
EvoR,16,time,org.joda.time.LocalDate,org.joda.time.DateTime,0.0,0,801
EvoR,17,time,org.joda.time.LocalDate,org.joda.time.DateTime,0.0,0,801
EvoR,18,time,org.joda.time.LocalDate,org.joda.time.DateTime,0.0,0,801
EvoR,19,time,org.joda.time.LocalDate,org.joda.time.DateTime,0.0,0,801
EvoR,20,time,org.joda.time.LocalDate,org.joda.time.DateTime,0.0,0,801
EvoR,1,time,org.joda.time.DateTimeZone,org.joda.time.field.FieldUtils,0.730650154799,236,323
EvoR,2,time,org.joda.time.DateTimeZone,org.joda.time.field.FieldUtils,0.712074303406,230,323
EvoR,3,time,org.joda.time.DateTimeZone,org.joda.time.field.FieldUtils,0.656346749226,212,323
EvoR,4,time,org.joda.time.DateTimeZone,org.joda.time.field.FieldUtils,0.665634674923,215,323
EvoR,5,time,org.joda.time.DateTimeZone,org.joda.time.field.FieldUtils,0.671826625387,217,323
EvoR,6,time,org.joda.time.DateTimeZone,org.joda.time.field.FieldUtils,0.69040247678,223,323
EvoR,7,time,org.joda.time.DateTimeZone,org.joda.time.field.FieldUtils,0.681114551084,220,323
EvoR,8,time,org.joda.time.DateTimeZone,org.joda.time.field.FieldUtils,0.665634674923,215,323
EvoR,9,time,org.joda.time.DateTimeZone,org.joda.time.field.FieldUtils,0.705882352941,228,323
EvoR,10,time,org.joda.time.DateTimeZone,org.joda.time.field.FieldUtils,0.69040247678,223,323
EvoR,11,time,org.joda.time.DateTimeZone,org.joda.time.field.FieldUtils,0.102167182663,33,323
EvoR,12,time,org.joda.time.DateTimeZone,org.joda.time.field.FieldUtils,0.0433436532508,14,323
EvoR,13,time,org.joda.time.DateTimeZone,org.joda.time.field.FieldUtils,0.0743034055728,24,323
EvoR,14,time,org.joda.time.DateTimeZone,org.joda.time.field.FieldUtils,0.0588235294118,19,323
EvoR,15,time,org.joda.time.DateTimeZone,org.joda.time.field.FieldUtils,0.0743034055728,24,323
EvoR,16,time,org.joda.time.DateTimeZone,org.joda.time.field.FieldUtils,0.0743034055728,24,323
EvoR,17,time,org.joda.time.DateTimeZone,org.joda.time.field.FieldUtils,0.173374613003,56,323
EvoR,18,time,org.joda.time.DateTimeZone,org.joda.time.field.FieldUtils,0.0433436532508,14,323
EvoR,19,time,org.joda.time.DateTimeZone,org.joda.time.field.FieldUtils,0.114551083591,37,323
EvoR,20,time,org.joda.time.DateTimeZone,org.joda.time.field.FieldUtils,0.0557275541796,18,323
EvoR,1,time,org.joda.time.LocalDateTime,org.joda.time.DateTimeZone,0.732970027248,538,734
EvoR,2,time,org.joda.time.LocalDateTime,org.joda.time.DateTimeZone,0.570844686649,419,734
EvoR,3,time,org.joda.time.LocalDateTime,org.joda.time.DateTimeZone,0.653950953678,480,734
EvoR,4,time,org.joda.time.LocalDateTime,org.joda.time.DateTimeZone,0.411444141689,302,734
EvoR,5,time,org.joda.time.LocalDateTime,org.joda.time.DateTimeZone,0.400544959128,294,734
EvoR,6,time,org.joda.time.LocalDateTime,org.joda.time.DateTimeZone,0.634877384196,466,734
EvoR,7,time,org.joda.time.LocalDateTime,org.joda.time.DateTimeZone,0.637602179837,468,734
EvoR,8,time,org.joda.time.LocalDateTime,org.joda.time.DateTimeZone,0.519073569482,381,734
EvoR,9,time,org.joda.time.LocalDateTime,org.joda.time.DateTimeZone,0.568119891008,417,734
EvoR,10,time,org.joda.time.LocalDateTime,org.joda.time.DateTimeZone,0.411444141689,302,734
EvoR,11,time,org.joda.time.LocalDateTime,org.joda.time.DateTimeZone,0.0626702997275,46,734
EvoR,12,time,org.joda.time.LocalDateTime,org.joda.time.DateTimeZone,0.0517711171662,38,734
EvoR,13,time,org.joda.time.LocalDateTime,org.joda.time.DateTimeZone,0.050408719346,37,734
EvoR,14,time,org.joda.time.LocalDateTime,org.joda.time.DateTimeZone,0.0531335149864,39,734
EvoR,15,time,org.joda.time.LocalDateTime,org.joda.time.DateTimeZone,0.0367847411444,27,734
EvoR,16,time,org.joda.time.LocalDateTime,org.joda.time.DateTimeZone,0.0435967302452,32,734
EvoR,17,time,org.joda.time.LocalDateTime,org.joda.time.DateTimeZone,0.0449591280654,33,734
EvoR,18,time,org.joda.time.LocalDateTime,org.joda.time.DateTimeZone,0.058583106267,43,734
EvoR,19,time,org.joda.time.LocalDateTime,org.joda.time.DateTimeZone,0.0490463215259,36,734
EvoR,20,time,org.joda.time.LocalDateTime,org.joda.time.DateTimeZone,0.0490463215259,36,734
EvoR,1,time,org.joda.time.format.DateTimeFormatter,org.joda.time.DateTimeZone,0.727520435967,534,734
EvoR,2,time,org.joda.time.format.DateTimeFormatter,org.joda.time.DateTimeZone,0.555858310627,408,734
EvoR,3,time,org.joda.time.format.DateTimeFormatter,org.joda.time.DateTimeZone,0.66485013624,488,734
EvoR,4,time,org.joda.time.format.DateTimeFormatter,org.joda.time.DateTimeZone,0.388283378747,285,734
EvoR,5,time,org.joda.time.format.DateTimeFormatter,org.joda.time.DateTimeZone,0.380108991826,279,734
EvoR,6,time,org.joda.time.format.DateTimeFormatter,org.joda.time.DateTimeZone,0.637602179837,468,734
EvoR,7,time,org.joda.time.format.DateTimeFormatter,org.joda.time.DateTimeZone,0.658038147139,483,734
EvoR,8,time,org.joda.time.format.DateTimeFormatter,org.joda.time.DateTimeZone,0.516348773842,379,734
EvoR,9,time,org.joda.time.format.DateTimeFormatter,org.joda.time.DateTimeZone,0.595367847411,437,734
EvoR,10,time,org.joda.time.format.DateTimeFormatter,org.joda.time.DateTimeZone,0.392370572207,288,734
EvoR,11,time,org.joda.time.format.DateTimeFormatter,org.joda.time.DateTimeZone,0.0177111716621,13,734
EvoR,12,time,org.joda.time.format.DateTimeFormatter,org.joda.time.DateTimeZone,0.0190735694823,14,734
EvoR,13,time,org.joda.time.format.DateTimeFormatter,org.joda.time.DateTimeZone,0.0299727520436,22,734
EvoR,14,time,org.joda.time.format.DateTimeFormatter,org.joda.time.DateTimeZone,0.0217983651226,16,734
EvoR,15,time,org.joda.time.format.DateTimeFormatter,org.joda.time.DateTimeZone,0.0190735694823,14,734
EvoR,16,time,org.joda.time.format.DateTimeFormatter,org.joda.time.DateTimeZone,0.0231607629428,17,734
EvoR,17,time,org.joda.time.format.DateTimeFormatter,org.joda.time.DateTimeZone,0.0204359673025,15,734
EvoR,18,time,org.joda.time.format.DateTimeFormatter,org.joda.time.DateTimeZone,0.0367847411444,27,734
EvoR,19,time,org.joda.time.format.DateTimeFormatter,org.joda.time.DateTimeZone,0.0313351498638,23,734
EvoR,20,time,org.joda.time.format.DateTimeFormatter,org.joda.time.DateTimeZone,0.0190735694823,14,734
EvoR,1,time,org.joda.time.DateTimeZone,org.joda.time.format.FormatUtils,0.763837638376,414,542
EvoR,2,time,org.joda.time.DateTimeZone,org.joda.time.format.FormatUtils,0.712177121771,386,542
EvoR,3,time,org.joda.time.DateTimeZone,org.joda.time.format.FormatUtils,0.330258302583,179,542
EvoR,4,time,org.joda.time.DateTimeZone,org.joda.time.format.FormatUtils,0.391143911439,212,542
EvoR,5,time,org.joda.time.DateTimeZone,org.joda.time.format.FormatUtils,0.59778597786,324,542
EvoR,6,time,org.joda.time.DateTimeZone,org.joda.time.format.FormatUtils,0.758302583026,411,542
EvoR,7,time,org.joda.time.DateTimeZone,org.joda.time.format.FormatUtils,0.418819188192,227,542
EvoR,8,time,org.joda.time.DateTimeZone,org.joda.time.format.FormatUtils,0.767527675277,416,542
EvoR,9,time,org.joda.time.DateTimeZone,org.joda.time.format.FormatUtils,0.225092250923,122,542
EvoR,10,time,org.joda.time.DateTimeZone,org.joda.time.format.FormatUtils,0.630996309963,342,542
EvoR,11,time,org.joda.time.DateTimeZone,org.joda.time.format.FormatUtils,0.121771217712,66,542
EvoR,12,time,org.joda.time.DateTimeZone,org.joda.time.format.FormatUtils,0.134686346863,73,542
EvoR,13,time,org.joda.time.DateTimeZone,org.joda.time.format.FormatUtils,0.10332103321,56,542
EvoR,14,time,org.joda.time.DateTimeZone,org.joda.time.format.FormatUtils,0.132841328413,72,542
EvoR,15,time,org.joda.time.DateTimeZone,org.joda.time.format.FormatUtils,0.10332103321,56,542
EvoR,16,time,org.joda.time.DateTimeZone,org.joda.time.format.FormatUtils,0.136531365314,74,542
EvoR,17,time,org.joda.time.DateTimeZone,org.joda.time.format.FormatUtils,0.110701107011,60,542
EvoR,18,time,org.joda.time.DateTimeZone,org.joda.time.format.FormatUtils,0.119926199262,65,542
EvoR,19,time,org.joda.time.DateTimeZone,org.joda.time.format.FormatUtils,0.136531365314,74,542
EvoR,20,time,org.joda.time.DateTimeZone,org.joda.time.format.FormatUtils,0.119926199262,65,542
EvoR,1,time,org.joda.time.DateTimeZone,org.joda.time.format.DateTimeFormat,0.658878504673,423,642
EvoR,2,time,org.joda.time.DateTimeZone,org.joda.time.format.DateTimeFormat,0.654205607477,420,642
EvoR,3,time,org.joda.time.DateTimeZone,org.joda.time.format.DateTimeFormat,0.718068535826,461,642
EvoR,4,time,org.joda.time.DateTimeZone,org.joda.time.format.DateTimeFormat,0.707165109034,454,642
EvoR,5,time,org.joda.time.DateTimeZone,org.joda.time.format.DateTimeFormat,0.696261682243,447,642
EvoR,6,time,org.joda.time.DateTimeZone,org.joda.time.format.DateTimeFormat,0.725856697819,466,642
EvoR,7,time,org.joda.time.DateTimeZone,org.joda.time.format.DateTimeFormat,0.665109034268,427,642
EvoR,8,time,org.joda.time.DateTimeZone,org.joda.time.format.DateTimeFormat,0.788161993769,506,642
EvoR,9,time,org.joda.time.DateTimeZone,org.joda.time.format.DateTimeFormat,0.747663551402,480,642
EvoR,10,time,org.joda.time.DateTimeZone,org.joda.time.format.DateTimeFormat,0.64953271028,417,642
EvoR,11,time,org.joda.time.DateTimeZone,org.joda.time.format.DateTimeFormat,0.0,0,642
EvoR,12,time,org.joda.time.DateTimeZone,org.joda.time.format.DateTimeFormat,0.0,0,642
EvoR,13,time,org.joda.time.DateTimeZone,org.joda.time.format.DateTimeFormat,0.370716510903,238,642
EvoR,14,time,org.joda.time.DateTimeZone,org.joda.time.format.DateTimeFormat,0.0,0,642
EvoR,15,time,org.joda.time.DateTimeZone,org.joda.time.format.DateTimeFormat,0.0,0,642
EvoR,16,time,org.joda.time.DateTimeZone,org.joda.time.format.DateTimeFormat,0.0,0,642
EvoR,17,time,org.joda.time.DateTimeZone,org.joda.time.format.DateTimeFormat,0.559190031153,359,642
EvoR,18,time,org.joda.time.DateTimeZone,org.joda.time.format.DateTimeFormat,0.0,0,642
EvoR,19,time,org.joda.time.DateTimeZone,org.joda.time.format.DateTimeFormat,0.0,0,642
EvoR,20,time,org.joda.time.DateTimeZone,org.joda.time.format.DateTimeFormat,0.0,0,642
EvoR,1,time,org.joda.time.tz.ZoneInfoCompiler,org.joda.time.DateTimeZone,0.731607629428,537,734
EvoR,2,time,org.joda.time.tz.ZoneInfoCompiler,org.joda.time.DateTimeZone,0.549046321526,403,734
EvoR,3,time,org.joda.time.tz.ZoneInfoCompiler,org.joda.time.DateTimeZone,0.658038147139,483,734
EvoR,4,time,org.joda.time.tz.ZoneInfoCompiler,org.joda.time.DateTimeZone,0.392370572207,288,734
EvoR,5,time,org.joda.time.tz.ZoneInfoCompiler,org.joda.time.DateTimeZone,0.377384196185,277,734
EvoR,6,time,org.joda.time.tz.ZoneInfoCompiler,org.joda.time.DateTimeZone,0.619891008174,455,734
EvoR,7,time,org.joda.time.tz.ZoneInfoCompiler,org.joda.time.DateTimeZone,0.637602179837,468,734
EvoR,8,time,org.joda.time.tz.ZoneInfoCompiler,org.joda.time.DateTimeZone,0.516348773842,379,734
EvoR,9,time,org.joda.time.tz.ZoneInfoCompiler,org.joda.time.DateTimeZone,0.602179836512,442,734
EvoR,10,time,org.joda.time.tz.ZoneInfoCompiler,org.joda.time.DateTimeZone,0.399182561308,293,734
EvoR,11,time,org.joda.time.tz.ZoneInfoCompiler,org.joda.time.DateTimeZone,0.0313351498638,23,734
EvoR,12,time,org.joda.time.tz.ZoneInfoCompiler,org.joda.time.DateTimeZone,0.0190735694823,14,734
EvoR,13,time,org.joda.time.tz.ZoneInfoCompiler,org.joda.time.DateTimeZone,0.0326975476839,24,734
EvoR,14,time,org.joda.time.tz.ZoneInfoCompiler,org.joda.time.DateTimeZone,0.0694822888283,51,734
EvoR,15,time,org.joda.time.tz.ZoneInfoCompiler,org.joda.time.DateTimeZone,0.0272479564033,20,734
EvoR,16,time,org.joda.time.tz.ZoneInfoCompiler,org.joda.time.DateTimeZone,0.0367847411444,27,734
EvoR,17,time,org.joda.time.tz.ZoneInfoCompiler,org.joda.time.DateTimeZone,0.0286103542234,21,734
EvoR,18,time,org.joda.time.tz.ZoneInfoCompiler,org.joda.time.DateTimeZone,0.0408719346049,30,734
EvoR,19,time,org.joda.time.tz.ZoneInfoCompiler,org.joda.time.DateTimeZone,0.0395095367847,29,734
EvoR,20,time,org.joda.time.tz.ZoneInfoCompiler,org.joda.time.DateTimeZone,0.016348773842,12,734
EvoR,1,time,org.joda.time.LocalDateTime,org.joda.time.format.DateTimeFormatter,0.568669527897,265,466
EvoR,2,time,org.joda.time.LocalDateTime,org.joda.time.format.DateTimeFormatter,0.575107296137,268,466
EvoR,3,time,org.joda.time.LocalDateTime,org.joda.time.format.DateTimeFormatter,0.592274678112,276,466
EvoR,4,time,org.joda.time.LocalDateTime,org.joda.time.format.DateTimeFormatter,0.622317596567,290,466
EvoR,5,time,org.joda.time.LocalDateTime,org.joda.time.format.DateTimeFormatter,0.570815450644,266,466
EvoR,6,time,org.joda.time.LocalDateTime,org.joda.time.format.DateTimeFormatter,0.56008583691,261,466
EvoR,7,time,org.joda.time.LocalDateTime,org.joda.time.format.DateTimeFormatter,0.592274678112,276,466
EvoR,8,time,org.joda.time.LocalDateTime,org.joda.time.format.DateTimeFormatter,0.549356223176,256,466
EvoR,9,time,org.joda.time.LocalDateTime,org.joda.time.format.DateTimeFormatter,0.577253218884,269,466
EvoR,10,time,org.joda.time.LocalDateTime,org.joda.time.format.DateTimeFormatter,0.594420600858,277,466
EvoR,11,time,org.joda.time.LocalDateTime,org.joda.time.format.DateTimeFormatter,0.0922746781116,43,466
EvoR,12,time,org.joda.time.LocalDateTime,org.joda.time.format.DateTimeFormatter,0.0858369098712,40,466
EvoR,13,time,org.joda.time.LocalDateTime,org.joda.time.format.DateTimeFormatter,0.111587982833,52,466
EvoR,14,time,org.joda.time.LocalDateTime,org.joda.time.format.DateTimeFormatter,0.0815450643777,38,466
EvoR,15,time,org.joda.time.LocalDateTime,org.joda.time.format.DateTimeFormatter,0.0922746781116,43,466
EvoR,16,time,org.joda.time.LocalDateTime,org.joda.time.format.DateTimeFormatter,0.0922746781116,43,466
EvoR,17,time,org.joda.time.LocalDateTime,org.joda.time.format.DateTimeFormatter,0.0922746781116,43,466
EvoR,18,time,org.joda.time.LocalDateTime,org.joda.time.format.DateTimeFormatter,0.0858369098712,40,466
EvoR,19,time,org.joda.time.LocalDateTime,org.joda.time.format.DateTimeFormatter,0.0922746781116,43,466
EvoR,20,time,org.joda.time.LocalDateTime,org.joda.time.format.DateTimeFormatter,0.0965665236052,45,466
EvoR,1,time,org.joda.time.format.DateTimeFormat,org.joda.time.format.DateTimeFormat$StyleFormatter,0.779220779221,60,77
EvoR,2,time,org.joda.time.format.DateTimeFormat,org.joda.time.format.DateTimeFormat$StyleFormatter,0.597402597403,46,77
EvoR,3,time,org.joda.time.format.DateTimeFormat,org.joda.time.format.DateTimeFormat$StyleFormatter,0.714285714286,55,77
EvoR,4,time,org.joda.time.format.DateTimeFormat,org.joda.time.format.DateTimeFormat$StyleFormatter,0.675324675325,52,77
EvoR,5,time,org.joda.time.format.DateTimeFormat,org.joda.time.format.DateTimeFormat$StyleFormatter,0.649350649351,50,77
EvoR,6,time,org.joda.time.format.DateTimeFormat,org.joda.time.format.DateTimeFormat$StyleFormatter,0.844155844156,65,77
EvoR,7,time,org.joda.time.format.DateTimeFormat,org.joda.time.format.DateTimeFormat$StyleFormatter,0.779220779221,60,77
EvoR,8,time,org.joda.time.format.DateTimeFormat,org.joda.time.format.DateTimeFormat$StyleFormatter,0.779220779221,60,77
EvoR,9,time,org.joda.time.format.DateTimeFormat,org.joda.time.format.DateTimeFormat$StyleFormatter,0.792207792208,61,77
EvoR,10,time,org.joda.time.format.DateTimeFormat,org.joda.time.format.DateTimeFormat$StyleFormatter,0.753246753247,58,77
EvoR,11,time,org.joda.time.format.DateTimeFormat,org.joda.time.format.DateTimeFormat$StyleFormatter,0.467532467532,36,77
EvoR,12,time,org.joda.time.format.DateTimeFormat,org.joda.time.format.DateTimeFormat$StyleFormatter,0.402597402597,31,77
EvoR,13,time,org.joda.time.format.DateTimeFormat,org.joda.time.format.DateTimeFormat$StyleFormatter,0.558441558442,43,77
EvoR,14,time,org.joda.time.format.DateTimeFormat,org.joda.time.format.DateTimeFormat$StyleFormatter,0.649350649351,50,77
EvoR,15,time,org.joda.time.format.DateTimeFormat,org.joda.time.format.DateTimeFormat$StyleFormatter,0.545454545455,42,77
EvoR,16,time,org.joda.time.format.DateTimeFormat,org.joda.time.format.DateTimeFormat$StyleFormatter,0.480519480519,37,77
EvoR,17,time,org.joda.time.format.DateTimeFormat,org.joda.time.format.DateTimeFormat$StyleFormatter,0.441558441558,34,77
EvoR,18,time,org.joda.time.format.DateTimeFormat,org.joda.time.format.DateTimeFormat$StyleFormatter,0.558441558442,43,77
EvoR,19,time,org.joda.time.format.DateTimeFormat,org.joda.time.format.DateTimeFormat$StyleFormatter,0.415584415584,32,77
EvoR,20,time,org.joda.time.format.DateTimeFormat,org.joda.time.format.DateTimeFormat$StyleFormatter,0.558441558442,43,77
EvoR,1,time,org.joda.time.format.ISODateTimeFormat,org.joda.time.format.DateTimeFormatterBuilder,0.721183800623,463,642
EvoR,2,time,org.joda.time.format.ISODateTimeFormat,org.joda.time.format.DateTimeFormatterBuilder,0.69937694704,449,642
EvoR,3,time,org.joda.time.format.ISODateTimeFormat,org.joda.time.format.DateTimeFormatterBuilder,0.736760124611,473,642
EvoR,4,time,org.joda.time.format.ISODateTimeFormat,org.joda.time.format.DateTimeFormatterBuilder,0.732087227414,470,642
EvoR,5,time,org.joda.time.format.ISODateTimeFormat,org.joda.time.format.DateTimeFormatterBuilder,0.755451713396,485,642
EvoR,6,time,org.joda.time.format.ISODateTimeFormat,org.joda.time.format.DateTimeFormatterBuilder,0.676012461059,434,642
EvoR,7,time,org.joda.time.format.ISODateTimeFormat,org.joda.time.format.DateTimeFormatterBuilder,0.738317757009,474,642
EvoR,8,time,org.joda.time.format.ISODateTimeFormat,org.joda.time.format.DateTimeFormatterBuilder,0.35046728972,225,642
EvoR,9,time,org.joda.time.format.ISODateTimeFormat,org.joda.time.format.DateTimeFormatterBuilder,0.714953271028,459,642
EvoR,10,time,org.joda.time.format.ISODateTimeFormat,org.joda.time.format.DateTimeFormatterBuilder,0.827102803738,531,642
EvoR,11,time,org.joda.time.format.ISODateTimeFormat,org.joda.time.format.DateTimeFormatterBuilder,0.35046728972,225,642
EvoR,12,time,org.joda.time.format.ISODateTimeFormat,org.joda.time.format.DateTimeFormatterBuilder,0.347352024922,223,642
EvoR,13,time,org.joda.time.format.ISODateTimeFormat,org.joda.time.format.DateTimeFormatterBuilder,0.347352024922,223,642
EvoR,14,time,org.joda.time.format.ISODateTimeFormat,org.joda.time.format.DateTimeFormatterBuilder,0.35046728972,225,642
EvoR,15,time,org.joda.time.format.ISODateTimeFormat,org.joda.time.format.DateTimeFormatterBuilder,0.35046728972,225,642
EvoR,16,time,org.joda.time.format.ISODateTimeFormat,org.joda.time.format.DateTimeFormatterBuilder,0.35046728972,225,642
EvoR,17,time,org.joda.time.format.ISODateTimeFormat,org.joda.time.format.DateTimeFormatterBuilder,0.347352024922,223,642
EvoR,18,time,org.joda.time.format.ISODateTimeFormat,org.joda.time.format.DateTimeFormatterBuilder,0.347352024922,223,642
EvoR,19,time,org.joda.time.format.ISODateTimeFormat,org.joda.time.format.DateTimeFormatterBuilder,0.35046728972,225,642
EvoR,20,time,org.joda.time.format.ISODateTimeFormat,org.joda.time.format.DateTimeFormatterBuilder,0.35046728972,225,642
EvoR,1,time,org.joda.time.format.DateTimeFormatter,org.joda.time.format.DateTimeParserBucket,0.689781021898,189,274
EvoR,2,time,org.joda.time.format.DateTimeFormatter,org.joda.time.format.DateTimeParserBucket,0.642335766423,176,274
EvoR,3,time,org.joda.time.format.DateTimeFormatter,org.joda.time.format.DateTimeParserBucket,0.631386861314,173,274
EvoR,4,time,org.joda.time.format.DateTimeFormatter,org.joda.time.format.DateTimeParserBucket,0.56204379562,154,274
EvoR,5,time,org.joda.time.format.DateTimeFormatter,org.joda.time.format.DateTimeParserBucket,0.631386861314,173,274
EvoR,6,time,org.joda.time.format.DateTimeFormatter,org.joda.time.format.DateTimeParserBucket,0.540145985401,148,274
EvoR,7,time,org.joda.time.format.DateTimeFormatter,org.joda.time.format.DateTimeParserBucket,0.638686131387,175,274
EvoR,8,time,org.joda.time.format.DateTimeFormatter,org.joda.time.format.DateTimeParserBucket,0.64598540146,177,274
EvoR,9,time,org.joda.time.format.DateTimeFormatter,org.joda.time.format.DateTimeParserBucket,0.642335766423,176,274
EvoR,10,time,org.joda.time.format.DateTimeFormatter,org.joda.time.format.DateTimeParserBucket,0.653284671533,179,274
EvoR,11,time,org.joda.time.format.DateTimeFormatter,org.joda.time.format.DateTimeParserBucket,0.116788321168,32,274
EvoR,12,time,org.joda.time.format.DateTimeFormatter,org.joda.time.format.DateTimeParserBucket,0.116788321168,32,274
EvoR,13,time,org.joda.time.format.DateTimeFormatter,org.joda.time.format.DateTimeParserBucket,0.0875912408759,24,274
EvoR,14,time,org.joda.time.format.DateTimeFormatter,org.joda.time.format.DateTimeParserBucket,0.182481751825,50,274
EvoR,15,time,org.joda.time.format.DateTimeFormatter,org.joda.time.format.DateTimeParserBucket,0.120437956204,33,274
EvoR,16,time,org.joda.time.format.DateTimeFormatter,org.joda.time.format.DateTimeParserBucket,0.116788321168,32,274
EvoR,17,time,org.joda.time.format.DateTimeFormatter,org.joda.time.format.DateTimeParserBucket,0.0985401459854,27,274
EvoR,18,time,org.joda.time.format.DateTimeFormatter,org.joda.time.format.DateTimeParserBucket,0.149635036496,41,274
EvoR,19,time,org.joda.time.format.DateTimeFormatter,org.joda.time.format.DateTimeParserBucket,0.105839416058,29,274
EvoR,20,time,org.joda.time.format.DateTimeFormatter,org.joda.time.format.DateTimeParserBucket,0.109489051095,30,274
EvoR,1,time,org.joda.time.format.DateTimeFormatterBuilder$PaddedNumber,org.joda.time.format.DateTimeFormatterBuilder,0.725856697819,466,642
EvoR,2,time,org.joda.time.format.DateTimeFormatterBuilder$PaddedNumber,org.joda.time.format.DateTimeFormatterBuilder,0.702492211838,451,642
EvoR,3,time,org.joda.time.format.DateTimeFormatterBuilder$PaddedNumber,org.joda.time.format.DateTimeFormatterBuilder,0.732087227414,470,642
EvoR,4,time,org.joda.time.format.DateTimeFormatterBuilder$PaddedNumber,org.joda.time.format.DateTimeFormatterBuilder,0.733644859813,471,642
EvoR,5,time,org.joda.time.format.DateTimeFormatterBuilder$PaddedNumber,org.joda.time.format.DateTimeFormatterBuilder,0.757009345794,486,642
EvoR,6,time,org.joda.time.format.DateTimeFormatterBuilder$PaddedNumber,org.joda.time.format.DateTimeFormatterBuilder,0.679127725857,436,642
EvoR,7,time,org.joda.time.format.DateTimeFormatterBuilder$PaddedNumber,org.joda.time.format.DateTimeFormatterBuilder,0.738317757009,474,642
EvoR,8,time,org.joda.time.format.DateTimeFormatterBuilder$PaddedNumber,org.joda.time.format.DateTimeFormatterBuilder,0.227414330218,146,642
EvoR,9,time,org.joda.time.format.DateTimeFormatterBuilder$PaddedNumber,org.joda.time.format.DateTimeFormatterBuilder,0.714953271028,459,642
EvoR,10,time,org.joda.time.format.DateTimeFormatterBuilder$PaddedNumber,org.joda.time.format.DateTimeFormatterBuilder,0.827102803738,531,642
EvoR,11,time,org.joda.time.format.DateTimeFormatterBuilder$PaddedNumber,org.joda.time.format.DateTimeFormatterBuilder,0.397196261682,255,642
EvoR,12,time,org.joda.time.format.DateTimeFormatterBuilder$PaddedNumber,org.joda.time.format.DateTimeFormatterBuilder,0.224299065421,144,642
EvoR,13,time,org.joda.time.format.DateTimeFormatterBuilder$PaddedNumber,org.joda.time.format.DateTimeFormatterBuilder,0.00467289719626,3,642
EvoR,14,time,org.joda.time.format.DateTimeFormatterBuilder$PaddedNumber,org.joda.time.format.DateTimeFormatterBuilder,0.397196261682,255,642
EvoR,15,time,org.joda.time.format.DateTimeFormatterBuilder$PaddedNumber,org.joda.time.format.DateTimeFormatterBuilder,0.0109034267913,7,642
EvoR,16,time,org.joda.time.format.DateTimeFormatterBuilder$PaddedNumber,org.joda.time.format.DateTimeFormatterBuilder,0.395638629283,254,642
EvoR,17,time,org.joda.time.format.DateTimeFormatterBuilder$PaddedNumber,org.joda.time.format.DateTimeFormatterBuilder,0.19937694704,128,642
EvoR,18,time,org.joda.time.format.DateTimeFormatterBuilder$PaddedNumber,org.joda.time.format.DateTimeFormatterBuilder,0.0218068535826,14,642
EvoR,19,time,org.joda.time.format.DateTimeFormatterBuilder$PaddedNumber,org.joda.time.format.DateTimeFormatterBuilder,0.0155763239875,10,642
EvoR,20,time,org.joda.time.format.DateTimeFormatterBuilder$PaddedNumber,org.joda.time.format.DateTimeFormatterBuilder,0.00311526479751,2,642
EvoR,1,time,org.joda.time.format.DateTimeFormat,org.joda.time.format.DateTimeFormatterBuilder,0.735202492212,472,642
EvoR,2,time,org.joda.time.format.DateTimeFormat,org.joda.time.format.DateTimeFormatterBuilder,0.702492211838,451,642
EvoR,3,time,org.joda.time.format.DateTimeFormat,org.joda.time.format.DateTimeFormatterBuilder,0.730529595016,469,642
EvoR,4,time,org.joda.time.format.DateTimeFormat,org.joda.time.format.DateTimeFormatterBuilder,0.733644859813,471,642
EvoR,5,time,org.joda.time.format.DateTimeFormat,org.joda.time.format.DateTimeFormatterBuilder,0.758566978193,487,642
EvoR,6,time,org.joda.time.format.DateTimeFormat,org.joda.time.format.DateTimeFormatterBuilder,0.68691588785,441,642
EvoR,7,time,org.joda.time.format.DateTimeFormat,org.joda.time.format.DateTimeFormatterBuilder,0.741433021807,476,642
EvoR,8,time,org.joda.time.format.DateTimeFormat,org.joda.time.format.DateTimeFormatterBuilder,0.155763239875,100,642
EvoR,9,time,org.joda.time.format.DateTimeFormat,org.joda.time.format.DateTimeFormatterBuilder,0.713395638629,458,642
EvoR,10,time,org.joda.time.format.DateTimeFormat,org.joda.time.format.DateTimeFormatterBuilder,0.830218068536,533,642
EvoR,11,time,org.joda.time.format.DateTimeFormat,org.joda.time.format.DateTimeFormatterBuilder,0.314641744548,202,642
EvoR,12,time,org.joda.time.format.DateTimeFormat,org.joda.time.format.DateTimeFormatterBuilder,0.123052959502,79,642
EvoR,13,time,org.joda.time.format.DateTimeFormat,org.joda.time.format.DateTimeFormatterBuilder,0.188473520249,121,642
EvoR,14,time,org.joda.time.format.DateTimeFormat,org.joda.time.format.DateTimeFormatterBuilder,0.17445482866,112,642
EvoR,15,time,org.joda.time.format.DateTimeFormat,org.joda.time.format.DateTimeFormatterBuilder,0.121495327103,78,642
EvoR,16,time,org.joda.time.format.DateTimeFormat,org.joda.time.format.DateTimeFormatterBuilder,0.14953271028,96,642
EvoR,17,time,org.joda.time.format.DateTimeFormat,org.joda.time.format.DateTimeFormatterBuilder,0.196261682243,126,642
EvoR,18,time,org.joda.time.format.DateTimeFormat,org.joda.time.format.DateTimeFormatterBuilder,0.147975077882,95,642
EvoR,19,time,org.joda.time.format.DateTimeFormat,org.joda.time.format.DateTimeFormatterBuilder,0.151090342679,97,642
EvoR,20,time,org.joda.time.format.DateTimeFormat,org.joda.time.format.DateTimeFormatterBuilder,0.140186915888,90,642
EvoR,1,time,org.joda.time.format.DateTimeFormatterBuilder,org.joda.time.format.DateTimeFormatterBuilder$TextField,0.321212121212,53,165
EvoR,2,time,org.joda.time.format.DateTimeFormatterBuilder,org.joda.time.format.DateTimeFormatterBuilder$TextField,0.369696969697,61,165
EvoR,3,time,org.joda.time.format.DateTimeFormatterBuilder,org.joda.time.format.DateTimeFormatterBuilder$TextField,0.490909090909,81,165
EvoR,4,time,org.joda.time.format.DateTimeFormatterBuilder,org.joda.time.format.DateTimeFormatterBuilder$TextField,0.381818181818,63,165
EvoR,5,time,org.joda.time.format.DateTimeFormatterBuilder,org.joda.time.format.DateTimeFormatterBuilder$TextField,0.484848484848,80,165
EvoR,6,time,org.joda.time.format.DateTimeFormatterBuilder,org.joda.time.format.DateTimeFormatterBuilder$TextField,0.357575757576,59,165
EvoR,7,time,org.joda.time.format.DateTimeFormatterBuilder,org.joda.time.format.DateTimeFormatterBuilder$TextField,0.272727272727,45,165
EvoR,8,time,org.joda.time.format.DateTimeFormatterBuilder,org.joda.time.format.DateTimeFormatterBuilder$TextField,0.175757575758,29,165
EvoR,9,time,org.joda.time.format.DateTimeFormatterBuilder,org.joda.time.format.DateTimeFormatterBuilder$TextField,0.309090909091,51,165
EvoR,10,time,org.joda.time.format.DateTimeFormatterBuilder,org.joda.time.format.DateTimeFormatterBuilder$TextField,0.50303030303,83,165
EvoR,11,time,org.joda.time.format.DateTimeFormatterBuilder,org.joda.time.format.DateTimeFormatterBuilder$TextField,0.0727272727273,12,165
EvoR,12,time,org.joda.time.format.DateTimeFormatterBuilder,org.joda.time.format.DateTimeFormatterBuilder$TextField,0.0727272727273,12,165
EvoR,13,time,org.joda.time.format.DateTimeFormatterBuilder,org.joda.time.format.DateTimeFormatterBuilder$TextField,0.10303030303,17,165
EvoR,14,time,org.joda.time.format.DateTimeFormatterBuilder,org.joda.time.format.DateTimeFormatterBuilder$TextField,0.387878787879,64,165
EvoR,15,time,org.joda.time.format.DateTimeFormatterBuilder,org.joda.time.format.DateTimeFormatterBuilder$TextField,0.393939393939,65,165
EvoR,16,time,org.joda.time.format.DateTimeFormatterBuilder,org.joda.time.format.DateTimeFormatterBuilder$TextField,0.266666666667,44,165
EvoR,17,time,org.joda.time.format.DateTimeFormatterBuilder,org.joda.time.format.DateTimeFormatterBuilder$TextField,0.393939393939,65,165
EvoR,18,time,org.joda.time.format.DateTimeFormatterBuilder,org.joda.time.format.DateTimeFormatterBuilder$TextField,0.284848484848,47,165
EvoR,19,time,org.joda.time.format.DateTimeFormatterBuilder,org.joda.time.format.DateTimeFormatterBuilder$TextField,0.0787878787879,13,165
EvoR,20,time,org.joda.time.format.DateTimeFormatterBuilder,org.joda.time.format.DateTimeFormatterBuilder$TextField,0.236363636364,39,165
EvoR,1,time,org.joda.time.format.DateTimeFormatterBuilder$TextField,org.joda.time.format.DateTimeParserBucket,0.689781021898,189,274
EvoR,2,time,org.joda.time.format.DateTimeFormatterBuilder$TextField,org.joda.time.format.DateTimeParserBucket,0.63503649635,174,274
EvoR,3,time,org.joda.time.format.DateTimeFormatterBuilder$TextField,org.joda.time.format.DateTimeParserBucket,0.63503649635,174,274
EvoR,4,time,org.joda.time.format.DateTimeFormatterBuilder$TextField,org.joda.time.format.DateTimeParserBucket,0.56204379562,154,274
EvoR,5,time,org.joda.time.format.DateTimeFormatterBuilder$TextField,org.joda.time.format.DateTimeParserBucket,0.642335766423,176,274
EvoR,6,time,org.joda.time.format.DateTimeFormatterBuilder$TextField,org.joda.time.format.DateTimeParserBucket,0.540145985401,148,274
EvoR,7,time,org.joda.time.format.DateTimeFormatterBuilder$TextField,org.joda.time.format.DateTimeParserBucket,0.64598540146,177,274
EvoR,8,time,org.joda.time.format.DateTimeFormatterBuilder$TextField,org.joda.time.format.DateTimeParserBucket,0.649635036496,178,274
EvoR,9,time,org.joda.time.format.DateTimeFormatterBuilder$TextField,org.joda.time.format.DateTimeParserBucket,0.660583941606,181,274
EvoR,10,time,org.joda.time.format.DateTimeFormatterBuilder$TextField,org.joda.time.format.DateTimeParserBucket,0.64598540146,177,274
EvoR,11,time,org.joda.time.format.DateTimeFormatterBuilder$TextField,org.joda.time.format.DateTimeParserBucket,0.021897810219,6,274
EvoR,12,time,org.joda.time.format.DateTimeFormatterBuilder$TextField,org.joda.time.format.DateTimeParserBucket,0.0875912408759,24,274
EvoR,13,time,org.joda.time.format.DateTimeFormatterBuilder$TextField,org.joda.time.format.DateTimeParserBucket,0.029197080292,8,274
EvoR,14,time,org.joda.time.format.DateTimeFormatterBuilder$TextField,org.joda.time.format.DateTimeParserBucket,0.029197080292,8,274
EvoR,15,time,org.joda.time.format.DateTimeFormatterBuilder$TextField,org.joda.time.format.DateTimeParserBucket,0.029197080292,8,274
EvoR,16,time,org.joda.time.format.DateTimeFormatterBuilder$TextField,org.joda.time.format.DateTimeParserBucket,0.029197080292,8,274
EvoR,17,time,org.joda.time.format.DateTimeFormatterBuilder$TextField,org.joda.time.format.DateTimeParserBucket,0.0255474452555,7,274
EvoR,18,time,org.joda.time.format.DateTimeFormatterBuilder$TextField,org.joda.time.format.DateTimeParserBucket,0.021897810219,6,274
EvoR,19,time,org.joda.time.format.DateTimeFormatterBuilder$TextField,org.joda.time.format.DateTimeParserBucket,0.189781021898,52,274
EvoR,20,time,org.joda.time.format.DateTimeFormatterBuilder$TextField,org.joda.time.format.DateTimeParserBucket,0.0182481751825,5,274
EvoR,1,time,org.joda.time.format.DateTimeParserBucket$SavedState,org.joda.time.format.DateTimeParserBucket,0.686131386861,188,274
EvoR,2,time,org.joda.time.format.DateTimeParserBucket$SavedState,org.joda.time.format.DateTimeParserBucket,0.642335766423,176,274
EvoR,3,time,org.joda.time.format.DateTimeParserBucket$SavedState,org.joda.time.format.DateTimeParserBucket,0.627737226277,172,274
EvoR,4,time,org.joda.time.format.DateTimeParserBucket$SavedState,org.joda.time.format.DateTimeParserBucket,0.551094890511,151,274
EvoR,5,time,org.joda.time.format.DateTimeParserBucket$SavedState,org.joda.time.format.DateTimeParserBucket,0.63503649635,174,274
EvoR,6,time,org.joda.time.format.DateTimeParserBucket$SavedState,org.joda.time.format.DateTimeParserBucket,0.536496350365,147,274
EvoR,7,time,org.joda.time.format.DateTimeParserBucket$SavedState,org.joda.time.format.DateTimeParserBucket,0.631386861314,173,274
EvoR,8,time,org.joda.time.format.DateTimeParserBucket$SavedState,org.joda.time.format.DateTimeParserBucket,0.642335766423,176,274
EvoR,9,time,org.joda.time.format.DateTimeParserBucket$SavedState,org.joda.time.format.DateTimeParserBucket,0.63503649635,174,274
EvoR,10,time,org.joda.time.format.DateTimeParserBucket$SavedState,org.joda.time.format.DateTimeParserBucket,0.638686131387,175,274
EvoR,11,time,org.joda.time.format.DateTimeParserBucket$SavedState,org.joda.time.format.DateTimeParserBucket,0.0109489051095,3,274
EvoR,12,time,org.joda.time.format.DateTimeParserBucket$SavedState,org.joda.time.format.DateTimeParserBucket,0.0109489051095,3,274
EvoR,13,time,org.joda.time.format.DateTimeParserBucket$SavedState,org.joda.time.format.DateTimeParserBucket,0.0109489051095,3,274
EvoR,14,time,org.joda.time.format.DateTimeParserBucket$SavedState,org.joda.time.format.DateTimeParserBucket,0.0109489051095,3,274
EvoR,15,time,org.joda.time.format.DateTimeParserBucket$SavedState,org.joda.time.format.DateTimeParserBucket,0.00729927007299,2,274
EvoR,16,time,org.joda.time.format.DateTimeParserBucket$SavedState,org.joda.time.format.DateTimeParserBucket,0.0109489051095,3,274
EvoR,17,time,org.joda.time.format.DateTimeParserBucket$SavedState,org.joda.time.format.DateTimeParserBucket,0.0109489051095,3,274
EvoR,18,time,org.joda.time.format.DateTimeParserBucket$SavedState,org.joda.time.format.DateTimeParserBucket,0.00729927007299,2,274
EvoR,19,time,org.joda.time.format.DateTimeParserBucket$SavedState,org.joda.time.format.DateTimeParserBucket,0.00729927007299,2,274
EvoR,20,time,org.joda.time.format.DateTimeParserBucket$SavedState,org.joda.time.format.DateTimeParserBucket,0.00729927007299,2,274
EvoR,1,closure,com.google.javascript.rhino.jstype.JSType,com.google.javascript.rhino.jstype.ProxyObjectType,0.542028985507,187,345
EvoR,2,closure,com.google.javascript.rhino.jstype.JSType,com.google.javascript.rhino.jstype.ProxyObjectType,0.582608695652,201,345
EvoR,3,closure,com.google.javascript.rhino.jstype.JSType,com.google.javascript.rhino.jstype.ProxyObjectType,0.571014492754,197,345
EvoR,4,closure,com.google.javascript.rhino.jstype.JSType,com.google.javascript.rhino.jstype.ProxyObjectType,0.515942028986,178,345
EvoR,5,closure,com.google.javascript.rhino.jstype.JSType,com.google.javascript.rhino.jstype.ProxyObjectType,0.588405797101,203,345
EvoR,6,closure,com.google.javascript.rhino.jstype.JSType,com.google.javascript.rhino.jstype.ProxyObjectType,0.579710144928,200,345
EvoR,7,closure,com.google.javascript.rhino.jstype.JSType,com.google.javascript.rhino.jstype.ProxyObjectType,0.559420289855,193,345
EvoR,8,closure,com.google.javascript.rhino.jstype.JSType,com.google.javascript.rhino.jstype.ProxyObjectType,0.515942028986,178,345
EvoR,9,closure,com.google.javascript.rhino.jstype.JSType,com.google.javascript.rhino.jstype.ProxyObjectType,0.559420289855,193,345
EvoR,10,closure,com.google.javascript.rhino.jstype.JSType,com.google.javascript.rhino.jstype.ProxyObjectType,0.550724637681,190,345
EvoR,11,closure,com.google.javascript.rhino.jstype.JSType,com.google.javascript.rhino.jstype.ProxyObjectType,0.249275362319,86,345
EvoR,12,closure,com.google.javascript.rhino.jstype.JSType,com.google.javascript.rhino.jstype.ProxyObjectType,0.153623188406,53,345
EvoR,13,closure,com.google.javascript.rhino.jstype.JSType,com.google.javascript.rhino.jstype.ProxyObjectType,0.0927536231884,32,345
EvoR,14,closure,com.google.javascript.rhino.jstype.JSType,com.google.javascript.rhino.jstype.ProxyObjectType,0.284057971014,98,345
EvoR,15,closure,com.google.javascript.rhino.jstype.JSType,com.google.javascript.rhino.jstype.ProxyObjectType,0.136231884058,47,345
EvoR,16,closure,com.google.javascript.rhino.jstype.JSType,com.google.javascript.rhino.jstype.ProxyObjectType,0.133333333333,46,345
EvoR,17,closure,com.google.javascript.rhino.jstype.JSType,com.google.javascript.rhino.jstype.ProxyObjectType,0.115942028986,40,345
EvoR,18,closure,com.google.javascript.rhino.jstype.JSType,com.google.javascript.rhino.jstype.ProxyObjectType,0.208695652174,72,345
EvoR,19,closure,com.google.javascript.rhino.jstype.JSType,com.google.javascript.rhino.jstype.ProxyObjectType,0.150724637681,52,345
EvoR,20,closure,com.google.javascript.rhino.jstype.JSType,com.google.javascript.rhino.jstype.ProxyObjectType,0.214492753623,74,345
EvoR,1,closure,com.google.javascript.rhino.head.IdScriptableObject,com.google.javascript.rhino.head.ScriptableObject,0.367041198502,882,2403
EvoR,2,closure,com.google.javascript.rhino.head.IdScriptableObject,com.google.javascript.rhino.head.ScriptableObject,0.306699958385,737,2403
EvoR,3,closure,com.google.javascript.rhino.head.IdScriptableObject,com.google.javascript.rhino.head.ScriptableObject,0.33874323762,814,2403
EvoR,4,closure,com.google.javascript.rhino.head.IdScriptableObject,com.google.javascript.rhino.head.ScriptableObject,0.280066583437,673,2403
EvoR,5,closure,com.google.javascript.rhino.head.IdScriptableObject,com.google.javascript.rhino.head.ScriptableObject,0.238035788598,572,2403
EvoR,6,closure,com.google.javascript.rhino.head.IdScriptableObject,com.google.javascript.rhino.head.ScriptableObject,0.255930087391,615,2403
EvoR,7,closure,com.google.javascript.rhino.head.IdScriptableObject,com.google.javascript.rhino.head.ScriptableObject,0.340407823554,818,2403
EvoR,8,closure,com.google.javascript.rhino.head.IdScriptableObject,com.google.javascript.rhino.head.ScriptableObject,0.297128589263,714,2403
EvoR,9,closure,com.google.javascript.rhino.head.IdScriptableObject,com.google.javascript.rhino.head.ScriptableObject,0.281315022888,676,2403
EvoR,10,closure,com.google.javascript.rhino.head.IdScriptableObject,com.google.javascript.rhino.head.ScriptableObject,0.267582188931,643,2403
EvoR,11,closure,com.google.javascript.rhino.head.IdScriptableObject,com.google.javascript.rhino.head.ScriptableObject,0.103204327923,248,2403
EvoR,12,closure,com.google.javascript.rhino.head.IdScriptableObject,com.google.javascript.rhino.head.ScriptableObject,0.124427798585,299,2403
EvoR,13,closure,com.google.javascript.rhino.head.IdScriptableObject,com.google.javascript.rhino.head.ScriptableObject,0.105701206825,254,2403
EvoR,14,closure,com.google.javascript.rhino.head.IdScriptableObject,com.google.javascript.rhino.head.ScriptableObject,0.124427798585,299,2403
EvoR,15,closure,com.google.javascript.rhino.head.IdScriptableObject,com.google.javascript.rhino.head.ScriptableObject,0.115272575947,277,2403
EvoR,16,closure,com.google.javascript.rhino.head.IdScriptableObject,com.google.javascript.rhino.head.ScriptableObject,0.11568872243,278,2403
EvoR,17,closure,com.google.javascript.rhino.head.IdScriptableObject,com.google.javascript.rhino.head.ScriptableObject,0.15771951727,379,2403
EvoR,18,closure,com.google.javascript.rhino.head.IdScriptableObject,com.google.javascript.rhino.head.ScriptableObject,0.116521015397,280,2403
EvoR,19,closure,com.google.javascript.rhino.head.IdScriptableObject,com.google.javascript.rhino.head.ScriptableObject,0.105285060341,253,2403
EvoR,20,closure,com.google.javascript.rhino.head.IdScriptableObject,com.google.javascript.rhino.head.ScriptableObject,0.108198085726,260,2403
EvoR,1,closure,com.google.javascript.rhino.jstype.PrototypeObjectType,com.google.javascript.rhino.jstype.JSType,0.611170784103,569,931
EvoR,2,closure,com.google.javascript.rhino.jstype.PrototypeObjectType,com.google.javascript.rhino.jstype.JSType,0.633727175081,590,931
EvoR,3,closure,com.google.javascript.rhino.jstype.PrototypeObjectType,com.google.javascript.rhino.jstype.JSType,0.632653061224,589,931
EvoR,4,closure,com.google.javascript.rhino.jstype.PrototypeObjectType,com.google.javascript.rhino.jstype.JSType,0.655209452202,610,931
EvoR,5,closure,com.google.javascript.rhino.jstype.PrototypeObjectType,com.google.javascript.rhino.jstype.JSType,0.654135338346,609,931
EvoR,6,closure,com.google.javascript.rhino.jstype.PrototypeObjectType,com.google.javascript.rhino.jstype.JSType,0.616541353383,574,931
EvoR,7,closure,com.google.javascript.rhino.jstype.PrototypeObjectType,com.google.javascript.rhino.jstype.JSType,0.30612244898,285,931
EvoR,8,closure,com.google.javascript.rhino.jstype.PrototypeObjectType,com.google.javascript.rhino.jstype.JSType,0.660580021482,615,931
EvoR,9,closure,com.google.javascript.rhino.jstype.PrototypeObjectType,com.google.javascript.rhino.jstype.JSType,0.639097744361,595,931
EvoR,10,closure,com.google.javascript.rhino.jstype.PrototypeObjectType,com.google.javascript.rhino.jstype.JSType,0.636949516649,593,931
EvoR,11,closure,com.google.javascript.rhino.jstype.PrototypeObjectType,com.google.javascript.rhino.jstype.JSType,0.149301825994,139,931
EvoR,12,closure,com.google.javascript.rhino.jstype.PrototypeObjectType,com.google.javascript.rhino.jstype.JSType,0.140708915145,131,931
EvoR,13,closure,com.google.javascript.rhino.jstype.PrototypeObjectType,com.google.javascript.rhino.jstype.JSType,0.143931256713,134,931
EvoR,14,closure,com.google.javascript.rhino.jstype.PrototypeObjectType,com.google.javascript.rhino.jstype.JSType,0.137486573577,128,931
EvoR,15,closure,com.google.javascript.rhino.jstype.PrototypeObjectType,com.google.javascript.rhino.jstype.JSType,0.143931256713,134,931
EvoR,16,closure,com.google.javascript.rhino.jstype.PrototypeObjectType,com.google.javascript.rhino.jstype.JSType,0.15037593985,140,931
EvoR,17,closure,com.google.javascript.rhino.jstype.PrototypeObjectType,com.google.javascript.rhino.jstype.JSType,0.235230934479,219,931
EvoR,18,closure,com.google.javascript.rhino.jstype.PrototypeObjectType,com.google.javascript.rhino.jstype.JSType,0.160042964554,149,931
EvoR,19,closure,com.google.javascript.rhino.jstype.PrototypeObjectType,com.google.javascript.rhino.jstype.JSType,0.0665950590763,62,931
EvoR,20,closure,com.google.javascript.rhino.jstype.PrototypeObjectType,com.google.javascript.rhino.jstype.JSType,0.158968850698,148,931
EvoR,1,closure,com.google.javascript.rhino.jstype.JSType,com.google.javascript.rhino.jstype.UnionType,0.556935817805,269,483
EvoR,2,closure,com.google.javascript.rhino.jstype.JSType,com.google.javascript.rhino.jstype.UnionType,0.63768115942,308,483
EvoR,3,closure,com.google.javascript.rhino.jstype.JSType,com.google.javascript.rhino.jstype.UnionType,0.629399585921,304,483
EvoR,4,closure,com.google.javascript.rhino.jstype.JSType,com.google.javascript.rhino.jstype.UnionType,0.645962732919,312,483
EvoR,5,closure,com.google.javascript.rhino.jstype.JSType,com.google.javascript.rhino.jstype.UnionType,0.623188405797,301,483
EvoR,6,closure,com.google.javascript.rhino.jstype.JSType,com.google.javascript.rhino.jstype.UnionType,0.610766045549,295,483
EvoR,7,closure,com.google.javascript.rhino.jstype.JSType,com.google.javascript.rhino.jstype.UnionType,0.668737060041,323,483
EvoR,8,closure,com.google.javascript.rhino.jstype.JSType,com.google.javascript.rhino.jstype.UnionType,0.619047619048,299,483
EvoR,9,closure,com.google.javascript.rhino.jstype.JSType,com.google.javascript.rhino.jstype.UnionType,0.625258799172,302,483
EvoR,10,closure,com.google.javascript.rhino.jstype.JSType,com.google.javascript.rhino.jstype.UnionType,0.5983436853,289,483
EvoR,11,closure,com.google.javascript.rhino.jstype.JSType,com.google.javascript.rhino.jstype.UnionType,0.0952380952381,46,483
EvoR,12,closure,com.google.javascript.rhino.jstype.JSType,com.google.javascript.rhino.jstype.UnionType,0.182194616977,88,483
EvoR,13,closure,com.google.javascript.rhino.jstype.JSType,com.google.javascript.rhino.jstype.UnionType,0.258799171843,125,483
EvoR,14,closure,com.google.javascript.rhino.jstype.JSType,com.google.javascript.rhino.jstype.UnionType,0.256728778468,124,483
EvoR,15,closure,com.google.javascript.rhino.jstype.JSType,com.google.javascript.rhino.jstype.UnionType,0.24016563147,116,483
EvoR,16,closure,com.google.javascript.rhino.jstype.JSType,com.google.javascript.rhino.jstype.UnionType,0.194616977226,94,483
EvoR,17,closure,com.google.javascript.rhino.jstype.JSType,com.google.javascript.rhino.jstype.UnionType,0.163561076605,79,483
EvoR,18,closure,com.google.javascript.rhino.jstype.JSType,com.google.javascript.rhino.jstype.UnionType,0.227743271222,110,483
EvoR,19,closure,com.google.javascript.rhino.jstype.JSType,com.google.javascript.rhino.jstype.UnionType,0.306418219462,148,483
EvoR,20,closure,com.google.javascript.rhino.jstype.JSType,com.google.javascript.rhino.jstype.UnionType,0.155279503106,75,483
EvoR,1,closure,com.google.javascript.rhino.head.NativeObject,com.google.javascript.rhino.head.ScriptableObject,0.372034956305,894,2403
EvoR,2,closure,com.google.javascript.rhino.head.NativeObject,com.google.javascript.rhino.head.ScriptableObject,0.318768206409,766,2403
EvoR,3,closure,com.google.javascript.rhino.head.NativeObject,com.google.javascript.rhino.head.ScriptableObject,0.357053682896,858,2403
EvoR,4,closure,com.google.javascript.rhino.head.NativeObject,com.google.javascript.rhino.head.ScriptableObject,0.298377028714,717,2403
EvoR,5,closure,com.google.javascript.rhino.head.NativeObject,com.google.javascript.rhino.head.ScriptableObject,0.26050769871,626,2403
EvoR,6,closure,com.google.javascript.rhino.head.NativeObject,com.google.javascript.rhino.head.ScriptableObject,0.246774864752,593,2403
EvoR,7,closure,com.google.javascript.rhino.head.NativeObject,com.google.javascript.rhino.head.ScriptableObject,0.341240116521,820,2403
EvoR,8,closure,com.google.javascript.rhino.head.NativeObject,com.google.javascript.rhino.head.ScriptableObject,0.315855181024,759,2403
EvoR,9,closure,com.google.javascript.rhino.head.NativeObject,com.google.javascript.rhino.head.ScriptableObject,0.297544735747,715,2403
EvoR,10,closure,com.google.javascript.rhino.head.NativeObject,com.google.javascript.rhino.head.ScriptableObject,0.293799417395,706,2403
EvoR,11,closure,com.google.javascript.rhino.head.NativeObject,com.google.javascript.rhino.head.ScriptableObject,0.083645443196,201,2403
EvoR,12,closure,com.google.javascript.rhino.head.NativeObject,com.google.javascript.rhino.head.ScriptableObject,0.083645443196,201,2403
EvoR,13,closure,com.google.javascript.rhino.head.NativeObject,com.google.javascript.rhino.head.ScriptableObject,0.0574282147316,138,2403
EvoR,14,closure,com.google.javascript.rhino.head.NativeObject,com.google.javascript.rhino.head.ScriptableObject,0.0865584685809,208,2403
EvoR,15,closure,com.google.javascript.rhino.head.NativeObject,com.google.javascript.rhino.head.ScriptableObject,0.0445276737412,107,2403
EvoR,16,closure,com.google.javascript.rhino.head.NativeObject,com.google.javascript.rhino.head.ScriptableObject,0.0603412401165,145,2403
EvoR,17,closure,com.google.javascript.rhino.head.NativeObject,com.google.javascript.rhino.head.ScriptableObject,0.0520183104453,125,2403
EvoR,18,closure,com.google.javascript.rhino.head.NativeObject,com.google.javascript.rhino.head.ScriptableObject,0.0470245526425,113,2403
EvoR,19,closure,com.google.javascript.rhino.head.NativeObject,com.google.javascript.rhino.head.ScriptableObject,0.0549313358302,132,2403
EvoR,20,closure,com.google.javascript.rhino.head.NativeObject,com.google.javascript.rhino.head.ScriptableObject,0.0649188514357,156,2403
EvoR,1,closure,com.google.javascript.rhino.head.ScriptableObject,com.google.javascript.rhino.head.FunctionObject,0.402750491159,205,509
EvoR,2,closure,com.google.javascript.rhino.head.ScriptableObject,com.google.javascript.rhino.head.FunctionObject,0.418467583497,213,509
EvoR,3,closure,com.google.javascript.rhino.head.ScriptableObject,com.google.javascript.rhino.head.FunctionObject,0.104125736739,53,509
EvoR,4,closure,com.google.javascript.rhino.head.ScriptableObject,com.google.javascript.rhino.head.FunctionObject,0.0628683693517,32,509
EvoR,5,closure,com.google.javascript.rhino.head.ScriptableObject,com.google.javascript.rhino.head.FunctionObject,0.398821218075,203,509
EvoR,6,closure,com.google.javascript.rhino.head.ScriptableObject,com.google.javascript.rhino.head.FunctionObject,0.26326129666,134,509
EvoR,7,closure,com.google.javascript.rhino.head.ScriptableObject,com.google.javascript.rhino.head.FunctionObject,0.424361493124,216,509
EvoR,8,closure,com.google.javascript.rhino.head.ScriptableObject,com.google.javascript.rhino.head.FunctionObject,0.369351669941,188,509
EvoR,9,closure,com.google.javascript.rhino.head.ScriptableObject,com.google.javascript.rhino.head.FunctionObject,0.453831041257,231,509
EvoR,10,closure,com.google.javascript.rhino.head.ScriptableObject,com.google.javascript.rhino.head.FunctionObject,0.485265225933,247,509
EvoR,11,closure,com.google.javascript.rhino.head.ScriptableObject,com.google.javascript.rhino.head.FunctionObject,0.115913555992,59,509
EvoR,12,closure,com.google.javascript.rhino.head.ScriptableObject,com.google.javascript.rhino.head.FunctionObject,0.115913555992,59,509
EvoR,13,closure,com.google.javascript.rhino.head.ScriptableObject,com.google.javascript.rhino.head.FunctionObject,0.11394891945,58,509
EvoR,14,closure,com.google.javascript.rhino.head.ScriptableObject,com.google.javascript.rhino.head.FunctionObject,0.121807465619,62,509
EvoR,15,closure,com.google.javascript.rhino.head.ScriptableObject,com.google.javascript.rhino.head.FunctionObject,0.117878192534,60,509
EvoR,16,closure,com.google.javascript.rhino.head.ScriptableObject,com.google.javascript.rhino.head.FunctionObject,0.0962671905697,49,509
EvoR,17,closure,com.google.javascript.rhino.head.ScriptableObject,com.google.javascript.rhino.head.FunctionObject,0.108055009823,55,509
EvoR,18,closure,com.google.javascript.rhino.head.ScriptableObject,com.google.javascript.rhino.head.FunctionObject,0.0943025540275,48,509
EvoR,19,closure,com.google.javascript.rhino.head.ScriptableObject,com.google.javascript.rhino.head.FunctionObject,0.135559921415,69,509
EvoR,20,closure,com.google.javascript.rhino.head.ScriptableObject,com.google.javascript.rhino.head.FunctionObject,0.127701375246,65,509
EvoR,1,closure,com.google.javascript.rhino.head.NativeArray,com.google.javascript.rhino.head.IdScriptableObject,0.350305498982,172,491
EvoR,2,closure,com.google.javascript.rhino.head.NativeArray,com.google.javascript.rhino.head.IdScriptableObject,0.331975560081,163,491
EvoR,3,closure,com.google.javascript.rhino.head.NativeArray,com.google.javascript.rhino.head.IdScriptableObject,0.0,0,491
EvoR,4,closure,com.google.javascript.rhino.head.NativeArray,com.google.javascript.rhino.head.IdScriptableObject,0.260692464358,128,491
EvoR,5,closure,com.google.javascript.rhino.head.NativeArray,com.google.javascript.rhino.head.IdScriptableObject,0.252545824847,124,491
EvoR,6,closure,com.google.javascript.rhino.head.NativeArray,com.google.javascript.rhino.head.IdScriptableObject,0.295315682281,145,491
EvoR,7,closure,com.google.javascript.rhino.head.NativeArray,com.google.javascript.rhino.head.IdScriptableObject,0.136456211813,67,491
EvoR,8,closure,com.google.javascript.rhino.head.NativeArray,com.google.javascript.rhino.head.IdScriptableObject,0.246435845214,121,491
EvoR,9,closure,com.google.javascript.rhino.head.NativeArray,com.google.javascript.rhino.head.IdScriptableObject,0.293279022403,144,491
EvoR,10,closure,com.google.javascript.rhino.head.NativeArray,com.google.javascript.rhino.head.IdScriptableObject,0.250509164969,123,491
EvoR,11,closure,com.google.javascript.rhino.head.NativeArray,com.google.javascript.rhino.head.IdScriptableObject,0.260692464358,128,491
EvoR,12,closure,com.google.javascript.rhino.head.NativeArray,com.google.javascript.rhino.head.IdScriptableObject,0.0,0,491
EvoR,13,closure,com.google.javascript.rhino.head.NativeArray,com.google.javascript.rhino.head.IdScriptableObject,0.0,0,491
EvoR,14,closure,com.google.javascript.rhino.head.NativeArray,com.google.javascript.rhino.head.IdScriptableObject,0.0,0,491
EvoR,15,closure,com.google.javascript.rhino.head.NativeArray,com.google.javascript.rhino.head.IdScriptableObject,0.0,0,491
EvoR,16,closure,com.google.javascript.rhino.head.NativeArray,com.google.javascript.rhino.head.IdScriptableObject,0.0,0,491
EvoR,17,closure,com.google.javascript.rhino.head.NativeArray,com.google.javascript.rhino.head.IdScriptableObject,0.0,0,491
EvoR,18,closure,com.google.javascript.rhino.head.NativeArray,com.google.javascript.rhino.head.IdScriptableObject,0.0,0,491
EvoR,19,closure,com.google.javascript.rhino.head.NativeArray,com.google.javascript.rhino.head.IdScriptableObject,0.230142566191,113,491
EvoR,20,closure,com.google.javascript.rhino.head.NativeArray,com.google.javascript.rhino.head.IdScriptableObject,0.242362525458,119,491
EvoR,1,closure,com.google.javascript.rhino.head.NativeArray,com.google.javascript.rhino.head.ScriptableObject,0.360382854765,866,2403
EvoR,2,closure,com.google.javascript.rhino.head.NativeArray,com.google.javascript.rhino.head.ScriptableObject,0.305867665418,735,2403
EvoR,3,closure,com.google.javascript.rhino.head.NativeArray,com.google.javascript.rhino.head.ScriptableObject,0.342072409488,822,2403
EvoR,4,closure,com.google.javascript.rhino.head.NativeArray,com.google.javascript.rhino.head.ScriptableObject,0.0657511444028,158,2403
EvoR,5,closure,com.google.javascript.rhino.head.NativeArray,com.google.javascript.rhino.head.ScriptableObject,0.251352476072,604,2403
EvoR,6,closure,com.google.javascript.rhino.head.NativeArray,com.google.javascript.rhino.head.ScriptableObject,0.245110278818,589,2403
EvoR,7,closure,com.google.javascript.rhino.head.NativeArray,com.google.javascript.rhino.head.ScriptableObject,0.341240116521,820,2403
EvoR,8,closure,com.google.javascript.rhino.head.NativeArray,com.google.javascript.rhino.head.ScriptableObject,0.30253849355,727,2403
EvoR,9,closure,com.google.javascript.rhino.head.NativeArray,com.google.javascript.rhino.head.ScriptableObject,0.289221806076,695,2403
EvoR,10,closure,com.google.javascript.rhino.head.NativeArray,com.google.javascript.rhino.head.ScriptableObject,0.295047856846,709,2403
EvoR,11,closure,com.google.javascript.rhino.head.NativeArray,com.google.javascript.rhino.head.ScriptableObject,0.119434040782,287,2403
EvoR,12,closure,com.google.javascript.rhino.head.NativeArray,com.google.javascript.rhino.head.ScriptableObject,0.0507698709946,122,2403
EvoR,13,closure,com.google.javascript.rhino.head.NativeArray,com.google.javascript.rhino.head.ScriptableObject,0.0482729920932,116,2403
EvoR,14,closure,com.google.javascript.rhino.head.NativeArray,com.google.javascript.rhino.head.ScriptableObject,0.0461922596754,111,2403
EvoR,15,closure,com.google.javascript.rhino.head.NativeArray,com.google.javascript.rhino.head.ScriptableObject,0.0316271327507,76,2403
EvoR,16,closure,com.google.javascript.rhino.head.NativeArray,com.google.javascript.rhino.head.ScriptableObject,0.0595089471494,143,2403
EvoR,17,closure,com.google.javascript.rhino.head.NativeArray,com.google.javascript.rhino.head.ScriptableObject,0.0749063670412,180,2403
EvoR,18,closure,com.google.javascript.rhino.head.NativeArray,com.google.javascript.rhino.head.ScriptableObject,0.0765709529754,184,2403
EvoR,19,closure,com.google.javascript.rhino.head.NativeArray,com.google.javascript.rhino.head.ScriptableObject,0.0615896795672,148,2403
EvoR,20,closure,com.google.javascript.rhino.head.NativeArray,com.google.javascript.rhino.head.ScriptableObject,0.129421556388,311,2403
EvoR,1,closure,com.google.javascript.rhino.head.IRFactory,com.google.javascript.rhino.head.Parser,0.246673238048,1001,4058
EvoR,2,closure,com.google.javascript.rhino.head.IRFactory,com.google.javascript.rhino.head.Parser,0.278708723509,1131,4058
EvoR,3,closure,com.google.javascript.rhino.head.IRFactory,com.google.javascript.rhino.head.Parser,0.275258748152,1117,4058
EvoR,4,closure,com.google.javascript.rhino.head.IRFactory,com.google.javascript.rhino.head.Parser,0.270576638738,1098,4058
EvoR,5,closure,com.google.javascript.rhino.head.IRFactory,com.google.javascript.rhino.head.Parser,0.263923114835,1071,4058
EvoR,6,closure,com.google.javascript.rhino.head.IRFactory,com.google.javascript.rhino.head.Parser,0.278462296698,1130,4058
EvoR,7,closure,com.google.javascript.rhino.head.IRFactory,com.google.javascript.rhino.head.Parser,0.265155248891,1076,4058
EvoR,8,closure,com.google.javascript.rhino.head.IRFactory,com.google.javascript.rhino.head.Parser,0.259733859044,1054,4058
EvoR,9,closure,com.google.javascript.rhino.head.IRFactory,com.google.javascript.rhino.head.Parser,0.254312469197,1032,4058
EvoR,10,closure,com.google.javascript.rhino.head.IRFactory,com.google.javascript.rhino.head.Parser,0.270576638738,1098,4058
EvoR,11,closure,com.google.javascript.rhino.head.IRFactory,com.google.javascript.rhino.head.Parser,0.0537210448497,218,4058
EvoR,12,closure,com.google.javascript.rhino.head.IRFactory,com.google.javascript.rhino.head.Parser,0.0438639724002,178,4058
EvoR,13,closure,com.google.javascript.rhino.head.IRFactory,com.google.javascript.rhino.head.Parser,0.0588960078857,239,4058
EvoR,14,closure,com.google.javascript.rhino.head.IRFactory,com.google.javascript.rhino.head.Parser,0.0564317397733,229,4058
EvoR,15,closure,com.google.javascript.rhino.head.IRFactory,com.google.javascript.rhino.head.Parser,0.0620995564317,252,4058
EvoR,16,closure,com.google.javascript.rhino.head.IRFactory,com.google.javascript.rhino.head.Parser,0.0601281419418,244,4058
EvoR,17,closure,com.google.javascript.rhino.head.IRFactory,com.google.javascript.rhino.head.Parser,0.0608674223756,247,4058
EvoR,18,closure,com.google.javascript.rhino.head.IRFactory,com.google.javascript.rhino.head.Parser,0.0911779201577,370,4058
EvoR,19,closure,com.google.javascript.rhino.head.IRFactory,com.google.javascript.rhino.head.Parser,0.0655495317891,266,4058
EvoR,20,closure,com.google.javascript.rhino.head.IRFactory,com.google.javascript.rhino.head.Parser,0.00369640216856,15,4058
EvoR,1,closure,com.google.javascript.jscomp.CommandLineRunner,com.google.javascript.jscomp.AbstractCommandLineRunner,0.0,0,1641
EvoR,2,closure,com.google.javascript.jscomp.CommandLineRunner,com.google.javascript.jscomp.AbstractCommandLineRunner,0.0,0,1641
EvoR,3,closure,com.google.javascript.jscomp.CommandLineRunner,com.google.javascript.jscomp.AbstractCommandLineRunner,0.0,0,1641
EvoR,4,closure,com.google.javascript.jscomp.CommandLineRunner,com.google.javascript.jscomp.AbstractCommandLineRunner,0.0,0,1641
EvoR,5,closure,com.google.javascript.jscomp.CommandLineRunner,com.google.javascript.jscomp.AbstractCommandLineRunner,0.0,0,1641
EvoR,6,closure,com.google.javascript.jscomp.CommandLineRunner,com.google.javascript.jscomp.AbstractCommandLineRunner,0.0,0,1641
EvoR,7,closure,com.google.javascript.jscomp.CommandLineRunner,com.google.javascript.jscomp.AbstractCommandLineRunner,0.0,0,1641
EvoR,8,closure,com.google.javascript.jscomp.CommandLineRunner,com.google.javascript.jscomp.AbstractCommandLineRunner,0.0,0,1641
EvoR,9,closure,com.google.javascript.jscomp.CommandLineRunner,com.google.javascript.jscomp.AbstractCommandLineRunner,0.0,0,1641
EvoR,10,closure,com.google.javascript.jscomp.CommandLineRunner,com.google.javascript.jscomp.AbstractCommandLineRunner,0.0,0,1641
EvoR,11,closure,com.google.javascript.jscomp.CommandLineRunner,com.google.javascript.jscomp.AbstractCommandLineRunner,0.0,0,1641
EvoR,12,closure,com.google.javascript.jscomp.CommandLineRunner,com.google.javascript.jscomp.AbstractCommandLineRunner,0.0,0,1641
EvoR,13,closure,com.google.javascript.jscomp.CommandLineRunner,com.google.javascript.jscomp.AbstractCommandLineRunner,0.00243753808653,4,1641
EvoR,14,closure,com.google.javascript.jscomp.CommandLineRunner,com.google.javascript.jscomp.AbstractCommandLineRunner,0.0,0,1641
EvoR,15,closure,com.google.javascript.jscomp.CommandLineRunner,com.google.javascript.jscomp.AbstractCommandLineRunner,0.0,0,1641
EvoR,16,closure,com.google.javascript.jscomp.CommandLineRunner,com.google.javascript.jscomp.AbstractCommandLineRunner,0.0,0,1641
EvoR,17,closure,com.google.javascript.jscomp.CommandLineRunner,com.google.javascript.jscomp.AbstractCommandLineRunner,0.00243753808653,4,1641
EvoR,18,closure,com.google.javascript.jscomp.CommandLineRunner,com.google.javascript.jscomp.AbstractCommandLineRunner,0.0,0,1641
EvoR,19,closure,com.google.javascript.jscomp.CommandLineRunner,com.google.javascript.jscomp.AbstractCommandLineRunner,0.0,0,1641
EvoR,20,closure,com.google.javascript.jscomp.CommandLineRunner,com.google.javascript.jscomp.AbstractCommandLineRunner,0.00243753808653,4,1641
EvoR,1,closure,com.google.javascript.rhino.jstype.JSType,com.google.javascript.rhino.jstype.FunctionType,0.454032258065,563,1240
EvoR,2,closure,com.google.javascript.rhino.jstype.JSType,com.google.javascript.rhino.jstype.FunctionType,0.638709677419,792,1240
EvoR,3,closure,com.google.javascript.rhino.jstype.JSType,com.google.javascript.rhino.jstype.FunctionType,0.652419354839,809,1240
EvoR,4,closure,com.google.javascript.rhino.jstype.JSType,com.google.javascript.rhino.jstype.FunctionType,0.621774193548,771,1240
EvoR,5,closure,com.google.javascript.rhino.jstype.JSType,com.google.javascript.rhino.jstype.FunctionType,0.660483870968,819,1240
EvoR,6,closure,com.google.javascript.rhino.jstype.JSType,com.google.javascript.rhino.jstype.FunctionType,0.654032258065,811,1240
EvoR,7,closure,com.google.javascript.rhino.jstype.JSType,com.google.javascript.rhino.jstype.FunctionType,0.625806451613,776,1240
EvoR,8,closure,com.google.javascript.rhino.jstype.JSType,com.google.javascript.rhino.jstype.FunctionType,0.653225806452,810,1240
EvoR,9,closure,com.google.javascript.rhino.jstype.JSType,com.google.javascript.rhino.jstype.FunctionType,0.61935483871,768,1240
EvoR,10,closure,com.google.javascript.rhino.jstype.JSType,com.google.javascript.rhino.jstype.FunctionType,0.656451612903,814,1240
EvoR,11,closure,com.google.javascript.rhino.jstype.JSType,com.google.javascript.rhino.jstype.FunctionType,0.141129032258,175,1240
EvoR,12,closure,com.google.javascript.rhino.jstype.JSType,com.google.javascript.rhino.jstype.FunctionType,0.123387096774,153,1240
EvoR,13,closure,com.google.javascript.rhino.jstype.JSType,com.google.javascript.rhino.jstype.FunctionType,0.0685483870968,85,1240
EvoR,14,closure,com.google.javascript.rhino.jstype.JSType,com.google.javascript.rhino.jstype.FunctionType,0.129838709677,161,1240
EvoR,15,closure,com.google.javascript.rhino.jstype.JSType,com.google.javascript.rhino.jstype.FunctionType,0.0540322580645,67,1240
EvoR,16,closure,com.google.javascript.rhino.jstype.JSType,com.google.javascript.rhino.jstype.FunctionType,0.166935483871,207,1240
EvoR,17,closure,com.google.javascript.rhino.jstype.JSType,com.google.javascript.rhino.jstype.FunctionType,0.145161290323,180,1240
EvoR,18,closure,com.google.javascript.rhino.jstype.JSType,com.google.javascript.rhino.jstype.FunctionType,0.0564516129032,70,1240
EvoR,19,closure,com.google.javascript.rhino.jstype.JSType,com.google.javascript.rhino.jstype.FunctionType,0.0637096774194,79,1240
EvoR,20,closure,com.google.javascript.rhino.jstype.JSType,com.google.javascript.rhino.jstype.FunctionType,0.133064516129,165,1240
EvoR,1,closure,com.google.javascript.jscomp.NodeUtil,com.google.javascript.rhino.Node,0.704623287671,1646,2336
EvoR,2,closure,com.google.javascript.jscomp.NodeUtil,com.google.javascript.rhino.Node,0.689212328767,1610,2336
EvoR,3,closure,com.google.javascript.jscomp.NodeUtil,com.google.javascript.rhino.Node,0.736301369863,1720,2336
EvoR,4,closure,com.google.javascript.jscomp.NodeUtil,com.google.javascript.rhino.Node,0.722602739726,1688,2336
EvoR,5,closure,com.google.javascript.jscomp.NodeUtil,com.google.javascript.rhino.Node,0.726883561644,1698,2336
EvoR,6,closure,com.google.javascript.jscomp.NodeUtil,com.google.javascript.rhino.Node,0.66352739726,1550,2336
EvoR,7,closure,com.google.javascript.jscomp.NodeUtil,com.google.javascript.rhino.Node,0.66095890411,1544,2336
EvoR,8,closure,com.google.javascript.jscomp.NodeUtil,com.google.javascript.rhino.Node,0.749143835616,1750,2336
EvoR,9,closure,com.google.javascript.jscomp.NodeUtil,com.google.javascript.rhino.Node,0.708476027397,1655,2336
EvoR,10,closure,com.google.javascript.jscomp.NodeUtil,com.google.javascript.rhino.Node,0.719606164384,1681,2336
EvoR,11,closure,com.google.javascript.jscomp.NodeUtil,com.google.javascript.rhino.Node,0.338613013699,791,2336
EvoR,12,closure,com.google.javascript.jscomp.NodeUtil,com.google.javascript.rhino.Node,0.0,0,2336
EvoR,13,closure,com.google.javascript.jscomp.NodeUtil,com.google.javascript.rhino.Node,0.0,0,2336
EvoR,14,closure,com.google.javascript.jscomp.NodeUtil,com.google.javascript.rhino.Node,0.0,0,2336
EvoR,15,closure,com.google.javascript.jscomp.NodeUtil,com.google.javascript.rhino.Node,0.0,0,2336
EvoR,16,closure,com.google.javascript.jscomp.NodeUtil,com.google.javascript.rhino.Node,0.351455479452,821,2336
EvoR,17,closure,com.google.javascript.jscomp.NodeUtil,com.google.javascript.rhino.Node,0.323630136986,756,2336
EvoR,18,closure,com.google.javascript.jscomp.NodeUtil,com.google.javascript.rhino.Node,0.0,0,2336
EvoR,19,closure,com.google.javascript.jscomp.NodeUtil,com.google.javascript.rhino.Node,0.395547945205,924,2336
EvoR,20,closure,com.google.javascript.jscomp.NodeUtil,com.google.javascript.rhino.Node,0.360873287671,843,2336
EvoR,1,closure,com.google.javascript.rhino.JSDocInfoBuilder,com.google.javascript.rhino.JSDocInfo,0.488469601677,466,954
EvoR,2,closure,com.google.javascript.rhino.JSDocInfoBuilder,com.google.javascript.rhino.JSDocInfo,0.503144654088,480,954
EvoR,3,closure,com.google.javascript.rhino.JSDocInfoBuilder,com.google.javascript.rhino.JSDocInfo,0.497903563941,475,954
EvoR,4,closure,com.google.javascript.rhino.JSDocInfoBuilder,com.google.javascript.rhino.JSDocInfo,0.508385744235,485,954
EvoR,5,closure,com.google.javascript.rhino.JSDocInfoBuilder,com.google.javascript.rhino.JSDocInfo,0.496855345912,474,954
EvoR,6,closure,com.google.javascript.rhino.JSDocInfoBuilder,com.google.javascript.rhino.JSDocInfo,0.495807127883,473,954
EvoR,7,closure,com.google.javascript.rhino.JSDocInfoBuilder,com.google.javascript.rhino.JSDocInfo,0.505241090147,482,954
EvoR,8,closure,com.google.javascript.rhino.JSDocInfoBuilder,com.google.javascript.rhino.JSDocInfo,0.496855345912,474,954
EvoR,9,closure,com.google.javascript.rhino.JSDocInfoBuilder,com.google.javascript.rhino.JSDocInfo,0.498951781971,476,954
EvoR,10,closure,com.google.javascript.rhino.JSDocInfoBuilder,com.google.javascript.rhino.JSDocInfo,0.497903563941,475,954
EvoR,11,closure,com.google.javascript.rhino.JSDocInfoBuilder,com.google.javascript.rhino.JSDocInfo,0.497903563941,475,954
EvoR,12,closure,com.google.javascript.rhino.JSDocInfoBuilder,com.google.javascript.rhino.JSDocInfo,0.502096436059,479,954
EvoR,13,closure,com.google.javascript.rhino.JSDocInfoBuilder,com.google.javascript.rhino.JSDocInfo,0.497903563941,475,954
EvoR,14,closure,com.google.javascript.rhino.JSDocInfoBuilder,com.google.javascript.rhino.JSDocInfo,0.497903563941,475,954
EvoR,15,closure,com.google.javascript.rhino.JSDocInfoBuilder,com.google.javascript.rhino.JSDocInfo,0.496855345912,474,954
EvoR,16,closure,com.google.javascript.rhino.JSDocInfoBuilder,com.google.javascript.rhino.JSDocInfo,0.509433962264,486,954
EvoR,17,closure,com.google.javascript.rhino.JSDocInfoBuilder,com.google.javascript.rhino.JSDocInfo,0.503144654088,480,954
EvoR,18,closure,com.google.javascript.rhino.JSDocInfoBuilder,com.google.javascript.rhino.JSDocInfo,0.491614255765,469,954
EvoR,19,closure,com.google.javascript.rhino.JSDocInfoBuilder,com.google.javascript.rhino.JSDocInfo,0.503144654088,480,954
EvoR,20,closure,com.google.javascript.rhino.JSDocInfoBuilder,com.google.javascript.rhino.JSDocInfo,0.502096436059,479,954
EvoR,1,closure,com.google.javascript.rhino.head.Parser,com.google.javascript.rhino.head.CompilerEnvirons,0.635761589404,96,151
EvoR,2,closure,com.google.javascript.rhino.head.Parser,com.google.javascript.rhino.head.CompilerEnvirons,0.754966887417,114,151
EvoR,3,closure,com.google.javascript.rhino.head.Parser,com.google.javascript.rhino.head.CompilerEnvirons,0.695364238411,105,151
EvoR,4,closure,com.google.javascript.rhino.head.Parser,com.google.javascript.rhino.head.CompilerEnvirons,0.688741721854,104,151
EvoR,5,closure,com.google.javascript.rhino.head.Parser,com.google.javascript.rhino.head.CompilerEnvirons,0.701986754967,106,151
EvoR,6,closure,com.google.javascript.rhino.head.Parser,com.google.javascript.rhino.head.CompilerEnvirons,0.569536423841,86,151
EvoR,7,closure,com.google.javascript.rhino.head.Parser,com.google.javascript.rhino.head.CompilerEnvirons,0.662251655629,100,151
EvoR,8,closure,com.google.javascript.rhino.head.Parser,com.google.javascript.rhino.head.CompilerEnvirons,0.728476821192,110,151
EvoR,9,closure,com.google.javascript.rhino.head.Parser,com.google.javascript.rhino.head.CompilerEnvirons,0.675496688742,102,151
EvoR,10,closure,com.google.javascript.rhino.head.Parser,com.google.javascript.rhino.head.CompilerEnvirons,0.635761589404,96,151
EvoR,11,closure,com.google.javascript.rhino.head.Parser,com.google.javascript.rhino.head.CompilerEnvirons,0.211920529801,32,151
EvoR,12,closure,com.google.javascript.rhino.head.Parser,com.google.javascript.rhino.head.CompilerEnvirons,0.569536423841,86,151
EvoR,13,closure,com.google.javascript.rhino.head.Parser,com.google.javascript.rhino.head.CompilerEnvirons,0.543046357616,82,151
EvoR,14,closure,com.google.javascript.rhino.head.Parser,com.google.javascript.rhino.head.CompilerEnvirons,0.556291390728,84,151
EvoR,15,closure,com.google.javascript.rhino.head.Parser,com.google.javascript.rhino.head.CompilerEnvirons,0.556291390728,84,151
EvoR,16,closure,com.google.javascript.rhino.head.Parser,com.google.javascript.rhino.head.CompilerEnvirons,0.556291390728,84,151
EvoR,17,closure,com.google.javascript.rhino.head.Parser,com.google.javascript.rhino.head.CompilerEnvirons,0.225165562914,34,151
EvoR,18,closure,com.google.javascript.rhino.head.Parser,com.google.javascript.rhino.head.CompilerEnvirons,0.556291390728,84,151
EvoR,19,closure,com.google.javascript.rhino.head.Parser,com.google.javascript.rhino.head.CompilerEnvirons,0.569536423841,86,151
EvoR,20,closure,com.google.javascript.rhino.head.Parser,com.google.javascript.rhino.head.CompilerEnvirons,0.23178807947,35,151
EvoR,1,closure,com.google.javascript.rhino.head.Interpreter,com.google.javascript.rhino.head.Context,0.376039933444,452,1202
EvoR,2,closure,com.google.javascript.rhino.head.Interpreter,com.google.javascript.rhino.head.Context,0.390183028286,469,1202
EvoR,3,closure,com.google.javascript.rhino.head.Interpreter,com.google.javascript.rhino.head.Context,0.426788685524,513,1202
EvoR,4,closure,com.google.javascript.rhino.head.Interpreter,com.google.javascript.rhino.head.Context,0.434276206323,522,1202
EvoR,5,closure,com.google.javascript.rhino.head.Interpreter,com.google.javascript.rhino.head.Context,0.461730449251,555,1202
EvoR,6,closure,com.google.javascript.rhino.head.Interpreter,com.google.javascript.rhino.head.Context,0.385191347754,463,1202
EvoR,7,closure,com.google.javascript.rhino.head.Interpreter,com.google.javascript.rhino.head.Context,0.413477537438,497,1202
EvoR,8,closure,com.google.javascript.rhino.head.Interpreter,com.google.javascript.rhino.head.Context,0.0366056572379,44,1202
EvoR,9,closure,com.google.javascript.rhino.head.Interpreter,com.google.javascript.rhino.head.Context,0.431780366057,519,1202
EvoR,10,closure,com.google.javascript.rhino.head.Interpreter,com.google.javascript.rhino.head.Context,0.386023294509,464,1202
EvoR,11,closure,com.google.javascript.rhino.head.Interpreter,com.google.javascript.rhino.head.Context,0.0207986688852,25,1202
EvoR,12,closure,com.google.javascript.rhino.head.Interpreter,com.google.javascript.rhino.head.Context,0.0374376039933,45,1202
EvoR,13,closure,com.google.javascript.rhino.head.Interpreter,com.google.javascript.rhino.head.Context,0.0366056572379,44,1202
EvoR,14,closure,com.google.javascript.rhino.head.Interpreter,com.google.javascript.rhino.head.Context,0.0133111480865,16,1202
EvoR,15,closure,com.google.javascript.rhino.head.Interpreter,com.google.javascript.rhino.head.Context,0.0207986688852,25,1202
EvoR,16,closure,com.google.javascript.rhino.head.Interpreter,com.google.javascript.rhino.head.Context,0.0207986688852,25,1202
EvoR,17,closure,com.google.javascript.rhino.head.Interpreter,com.google.javascript.rhino.head.Context,0.022462562396,27,1202
EvoR,18,closure,com.google.javascript.rhino.head.Interpreter,com.google.javascript.rhino.head.Context,0.0191347753744,23,1202
EvoR,19,closure,com.google.javascript.rhino.head.Interpreter,com.google.javascript.rhino.head.Context,0.0382695507488,46,1202
EvoR,20,closure,com.google.javascript.rhino.head.Interpreter,com.google.javascript.rhino.head.Context,0.0207986688852,25,1202
EvoR,1,closure,com.google.javascript.rhino.head.IRFactory,com.google.javascript.rhino.head.Decompiler,0.583990980834,518,887
EvoR,2,closure,com.google.javascript.rhino.head.IRFactory,com.google.javascript.rhino.head.Decompiler,0.506200676437,449,887
EvoR,3,closure,com.google.javascript.rhino.head.IRFactory,com.google.javascript.rhino.head.Decompiler,0.51634723788,458,887
EvoR,4,closure,com.google.javascript.rhino.head.IRFactory,com.google.javascript.rhino.head.Decompiler,0.552423900789,490,887
EvoR,5,closure,com.google.javascript.rhino.head.IRFactory,com.google.javascript.rhino.head.Decompiler,0.493799323563,438,887
EvoR,6,closure,com.google.javascript.rhino.head.IRFactory,com.google.javascript.rhino.head.Decompiler,0.567080045096,503,887
EvoR,7,closure,com.google.javascript.rhino.head.IRFactory,com.google.javascript.rhino.head.Decompiler,0.50281848929,446,887
EvoR,8,closure,com.google.javascript.rhino.head.IRFactory,com.google.javascript.rhino.head.Decompiler,0.511837655017,454,887
EvoR,9,closure,com.google.javascript.rhino.head.IRFactory,com.google.javascript.rhino.head.Decompiler,0.529875986471,470,887
EvoR,10,closure,com.google.javascript.rhino.head.IRFactory,com.google.javascript.rhino.head.Decompiler,0.538895152198,478,887
EvoR,11,closure,com.google.javascript.rhino.head.IRFactory,com.google.javascript.rhino.head.Decompiler,0.0518602029312,46,887
EvoR,12,closure,com.google.javascript.rhino.head.IRFactory,com.google.javascript.rhino.head.Decompiler,0.0518602029312,46,887
EvoR,13,closure,com.google.javascript.rhino.head.IRFactory,com.google.javascript.rhino.head.Decompiler,0.0721533258174,64,887
EvoR,14,closure,com.google.javascript.rhino.head.IRFactory,com.google.javascript.rhino.head.Decompiler,0.0417136414882,37,887
EvoR,15,closure,com.google.javascript.rhino.head.IRFactory,com.google.javascript.rhino.head.Decompiler,0.04396843292,39,887
EvoR,16,closure,com.google.javascript.rhino.head.IRFactory,com.google.javascript.rhino.head.Decompiler,0.0608793686584,54,887
EvoR,17,closure,com.google.javascript.rhino.head.IRFactory,com.google.javascript.rhino.head.Decompiler,0.0417136414882,37,887
EvoR,18,closure,com.google.javascript.rhino.head.IRFactory,com.google.javascript.rhino.head.Decompiler,0.0834272829763,74,887
EvoR,19,closure,com.google.javascript.rhino.head.IRFactory,com.google.javascript.rhino.head.Decompiler,0.0394588500564,35,887
EvoR,20,closure,com.google.javascript.rhino.head.IRFactory,com.google.javascript.rhino.head.Decompiler,0.0507328072153,45,887
EvoR,1,closure,com.google.javascript.rhino.head.IRFactory,com.google.javascript.rhino.head.Node,0.446268656716,299,670
EvoR,2,closure,com.google.javascript.rhino.head.IRFactory,com.google.javascript.rhino.head.Node,0.458208955224,307,670
EvoR,3,closure,com.google.javascript.rhino.head.IRFactory,com.google.javascript.rhino.head.Node,0.498507462687,334,670
EvoR,4,closure,com.google.javascript.rhino.head.IRFactory,com.google.javascript.rhino.head.Node,0.477611940299,320,670
EvoR,5,closure,com.google.javascript.rhino.head.IRFactory,com.google.javascript.rhino.head.Node,0.431343283582,289,670
EvoR,6,closure,com.google.javascript.rhino.head.IRFactory,com.google.javascript.rhino.head.Node,0.420895522388,282,670
EvoR,7,closure,com.google.javascript.rhino.head.IRFactory,com.google.javascript.rhino.head.Node,0.464179104478,311,670
EvoR,8,closure,com.google.javascript.rhino.head.IRFactory,com.google.javascript.rhino.head.Node,0.467164179104,313,670
EvoR,9,closure,com.google.javascript.rhino.head.IRFactory,com.google.javascript.rhino.head.Node,0.485074626866,325,670
EvoR,10,closure,com.google.javascript.rhino.head.IRFactory,com.google.javascript.rhino.head.Node,0.429850746269,288,670
EvoR,11,closure,com.google.javascript.rhino.head.IRFactory,com.google.javascript.rhino.head.Node,0.0850746268657,57,670
EvoR,12,closure,com.google.javascript.rhino.head.IRFactory,com.google.javascript.rhino.head.Node,0.0791044776119,53,670
EvoR,13,closure,com.google.javascript.rhino.head.IRFactory,com.google.javascript.rhino.head.Node,0.0835820895522,56,670
EvoR,14,closure,com.google.javascript.rhino.head.IRFactory,com.google.javascript.rhino.head.Node,0.0805970149254,54,670
EvoR,15,closure,com.google.javascript.rhino.head.IRFactory,com.google.javascript.rhino.head.Node,0.0865671641791,58,670
EvoR,16,closure,com.google.javascript.rhino.head.IRFactory,com.google.javascript.rhino.head.Node,0.0791044776119,53,670
EvoR,17,closure,com.google.javascript.rhino.head.IRFactory,com.google.javascript.rhino.head.Node,0.0791044776119,53,670
EvoR,18,closure,com.google.javascript.rhino.head.IRFactory,com.google.javascript.rhino.head.Node,0.0850746268657,57,670
EvoR,19,closure,com.google.javascript.rhino.head.IRFactory,com.google.javascript.rhino.head.Node,0.089552238806,60,670
EvoR,20,closure,com.google.javascript.rhino.head.IRFactory,com.google.javascript.rhino.head.Node,0.0776119402985,52,670
EvoR,1,closure,com.google.javascript.rhino.head.Interpreter,com.google.javascript.rhino.head.ScriptableObject,0.356637536413,857,2403
EvoR,2,closure,com.google.javascript.rhino.head.Interpreter,com.google.javascript.rhino.head.ScriptableObject,0.301706200583,725,2403
EvoR,3,closure,com.google.javascript.rhino.head.Interpreter,com.google.javascript.rhino.head.ScriptableObject,0.33874323762,814,2403
EvoR,4,closure,com.google.javascript.rhino.head.Interpreter,com.google.javascript.rhino.head.ScriptableObject,0.279650436954,672,2403
EvoR,5,closure,com.google.javascript.rhino.head.Interpreter,com.google.javascript.rhino.head.ScriptableObject,0.236371202663,568,2403
EvoR,6,closure,com.google.javascript.rhino.head.Interpreter,com.google.javascript.rhino.head.ScriptableObject,0.232625884311,559,2403
EvoR,7,closure,com.google.javascript.rhino.head.Interpreter,com.google.javascript.rhino.head.ScriptableObject,0.339575530587,816,2403
EvoR,8,closure,com.google.javascript.rhino.head.Interpreter,com.google.javascript.rhino.head.ScriptableObject,0.297544735747,715,2403
EvoR,9,closure,com.google.javascript.rhino.head.Interpreter,com.google.javascript.rhino.head.ScriptableObject,0.282979608822,680,2403
EvoR,10,closure,com.google.javascript.rhino.head.Interpreter,com.google.javascript.rhino.head.ScriptableObject,0.268414481898,645,2403
EvoR,11,closure,com.google.javascript.rhino.head.Interpreter,com.google.javascript.rhino.head.ScriptableObject,0.0,0,2403
EvoR,12,closure,com.google.javascript.rhino.head.Interpreter,com.google.javascript.rhino.head.ScriptableObject,0.0,0,2403
EvoR,13,closure,com.google.javascript.rhino.head.Interpreter,com.google.javascript.rhino.head.ScriptableObject,0.00208073241781,5,2403
EvoR,14,closure,com.google.javascript.rhino.head.Interpreter,com.google.javascript.rhino.head.ScriptableObject,0.0,0,2403
EvoR,15,closure,com.google.javascript.rhino.head.Interpreter,com.google.javascript.rhino.head.ScriptableObject,0.0,0,2403
EvoR,16,closure,com.google.javascript.rhino.head.Interpreter,com.google.javascript.rhino.head.ScriptableObject,0.0,0,2403
EvoR,17,closure,com.google.javascript.rhino.head.Interpreter,com.google.javascript.rhino.head.ScriptableObject,0.0,0,2403
EvoR,18,closure,com.google.javascript.rhino.head.Interpreter,com.google.javascript.rhino.head.ScriptableObject,0.0,0,2403
EvoR,19,closure,com.google.javascript.rhino.head.Interpreter,com.google.javascript.rhino.head.ScriptableObject,0.0,0,2403
EvoR,20,closure,com.google.javascript.rhino.head.Interpreter,com.google.javascript.rhino.head.ScriptableObject,0.0,0,2403
EvoR,1,closure,com.google.javascript.rhino.head.ScriptRuntime,com.google.javascript.rhino.head.ScriptableObject,0.371618809821,893,2403
EvoR,2,closure,com.google.javascript.rhino.head.ScriptRuntime,com.google.javascript.rhino.head.ScriptableObject,0.327923429047,788,2403
EvoR,3,closure,com.google.javascript.rhino.head.ScriptRuntime,com.google.javascript.rhino.head.ScriptableObject,0.362879733666,872,2403
EvoR,4,closure,com.google.javascript.rhino.head.ScriptRuntime,com.google.javascript.rhino.head.ScriptableObject,0.305451518935,734,2403
EvoR,5,closure,com.google.javascript.rhino.head.ScriptRuntime,com.google.javascript.rhino.head.ScriptableObject,0.27923429047,671,2403
EvoR,6,closure,com.google.javascript.rhino.head.ScriptRuntime,com.google.javascript.rhino.head.ScriptableObject,0.261756138161,629,2403
EvoR,7,closure,com.google.javascript.rhino.head.ScriptRuntime,com.google.javascript.rhino.head.ScriptableObject,0.37037037037,890,2403
EvoR,8,closure,com.google.javascript.rhino.head.ScriptRuntime,com.google.javascript.rhino.head.ScriptableObject,0.302954640033,728,2403
EvoR,9,closure,com.google.javascript.rhino.head.ScriptRuntime,com.google.javascript.rhino.head.ScriptableObject,0.294215563878,707,2403
EvoR,10,closure,com.google.javascript.rhino.head.ScriptRuntime,com.google.javascript.rhino.head.ScriptableObject,0.281731169372,677,2403
EvoR,11,closure,com.google.javascript.rhino.head.ScriptRuntime,com.google.javascript.rhino.head.ScriptableObject,0.149396587599,359,2403
EvoR,12,closure,com.google.javascript.rhino.head.ScriptRuntime,com.google.javascript.rhino.head.ScriptableObject,0.134831460674,324,2403
EvoR,13,closure,com.google.javascript.rhino.head.ScriptRuntime,com.google.javascript.rhino.head.ScriptableObject,0.161464835622,388,2403
EvoR,14,closure,com.google.javascript.rhino.head.ScriptRuntime,com.google.javascript.rhino.head.ScriptableObject,0.144402829796,347,2403
EvoR,15,closure,com.google.javascript.rhino.head.ScriptRuntime,com.google.javascript.rhino.head.ScriptableObject,0.139409071993,335,2403
EvoR,16,closure,com.google.javascript.rhino.head.ScriptRuntime,com.google.javascript.rhino.head.ScriptableObject,0.161464835622,388,2403
EvoR,17,closure,com.google.javascript.rhino.head.ScriptRuntime,com.google.javascript.rhino.head.ScriptableObject,0.176029962547,423,2403
EvoR,18,closure,com.google.javascript.rhino.head.ScriptRuntime,com.google.javascript.rhino.head.ScriptableObject,0.156887224303,377,2403
EvoR,19,closure,com.google.javascript.rhino.head.ScriptRuntime,com.google.javascript.rhino.head.ScriptableObject,0.161464835622,388,2403
EvoR,20,closure,com.google.javascript.rhino.head.ScriptRuntime,com.google.javascript.rhino.head.ScriptableObject,0.174365376613,419,2403
EvoR,1,closure,com.google.javascript.rhino.head.Interpreter,com.google.javascript.rhino.head.InterpretedFunction,0.238095238095,25,105
EvoR,2,closure,com.google.javascript.rhino.head.Interpreter,com.google.javascript.rhino.head.InterpretedFunction,0.161904761905,17,105
EvoR,3,closure,com.google.javascript.rhino.head.Interpreter,com.google.javascript.rhino.head.InterpretedFunction,0.419047619048,44,105
EvoR,4,closure,com.google.javascript.rhino.head.Interpreter,com.google.javascript.rhino.head.InterpretedFunction,0.238095238095,25,105
EvoR,5,closure,com.google.javascript.rhino.head.Interpreter,com.google.javascript.rhino.head.InterpretedFunction,0.0,0,105
EvoR,6,closure,com.google.javascript.rhino.head.Interpreter,com.google.javascript.rhino.head.InterpretedFunction,0.0190476190476,2,105
EvoR,7,closure,com.google.javascript.rhino.head.Interpreter,com.google.javascript.rhino.head.InterpretedFunction,0.0952380952381,10,105
EvoR,8,closure,com.google.javascript.rhino.head.Interpreter,com.google.javascript.rhino.head.InterpretedFunction,0.2,21,105
EvoR,9,closure,com.google.javascript.rhino.head.Interpreter,com.google.javascript.rhino.head.InterpretedFunction,0.285714285714,30,105
EvoR,10,closure,com.google.javascript.rhino.head.Interpreter,com.google.javascript.rhino.head.InterpretedFunction,0.333333333333,35,105
EvoR,11,closure,com.google.javascript.rhino.head.Interpreter,com.google.javascript.rhino.head.InterpretedFunction,0.0,0,105
EvoR,12,closure,com.google.javascript.rhino.head.Interpreter,com.google.javascript.rhino.head.InterpretedFunction,0.0,0,105
EvoR,13,closure,com.google.javascript.rhino.head.Interpreter,com.google.javascript.rhino.head.InterpretedFunction,0.0761904761905,8,105
EvoR,14,closure,com.google.javascript.rhino.head.Interpreter,com.google.javascript.rhino.head.InterpretedFunction,0.0,0,105
EvoR,15,closure,com.google.javascript.rhino.head.Interpreter,com.google.javascript.rhino.head.InterpretedFunction,0.0,0,105
EvoR,16,closure,com.google.javascript.rhino.head.Interpreter,com.google.javascript.rhino.head.InterpretedFunction,0.0,0,105
EvoR,17,closure,com.google.javascript.rhino.head.Interpreter,com.google.javascript.rhino.head.InterpretedFunction,0.0,0,105
EvoR,18,closure,com.google.javascript.rhino.head.Interpreter,com.google.javascript.rhino.head.InterpretedFunction,0.0,0,105
EvoR,19,closure,com.google.javascript.rhino.head.Interpreter,com.google.javascript.rhino.head.InterpretedFunction,0.047619047619,5,105
EvoR,20,closure,com.google.javascript.rhino.head.Interpreter,com.google.javascript.rhino.head.InterpretedFunction,0.0,0,105
EvoR,1,closure,com.google.javascript.rhino.head.Interpreter,com.google.javascript.rhino.head.NativeContinuation,0.69696969697,46,66
EvoR,2,closure,com.google.javascript.rhino.head.Interpreter,com.google.javascript.rhino.head.NativeContinuation,0.69696969697,46,66
EvoR,3,closure,com.google.javascript.rhino.head.Interpreter,com.google.javascript.rhino.head.NativeContinuation,0.530303030303,35,66
EvoR,4,closure,com.google.javascript.rhino.head.Interpreter,com.google.javascript.rhino.head.NativeContinuation,0.651515151515,43,66
EvoR,5,closure,com.google.javascript.rhino.head.Interpreter,com.google.javascript.rhino.head.NativeContinuation,0.651515151515,43,66
EvoR,6,closure,com.google.javascript.rhino.head.Interpreter,com.google.javascript.rhino.head.NativeContinuation,0.0,0,66
EvoR,7,closure,com.google.javascript.rhino.head.Interpreter,com.google.javascript.rhino.head.NativeContinuation,0.560606060606,37,66
EvoR,8,closure,com.google.javascript.rhino.head.Interpreter,com.google.javascript.rhino.head.NativeContinuation,0.681818181818,45,66
EvoR,9,closure,com.google.javascript.rhino.head.Interpreter,com.google.javascript.rhino.head.NativeContinuation,0.454545454545,30,66
EvoR,10,closure,com.google.javascript.rhino.head.Interpreter,com.google.javascript.rhino.head.NativeContinuation,0.69696969697,46,66
EvoR,11,closure,com.google.javascript.rhino.head.Interpreter,com.google.javascript.rhino.head.NativeContinuation,0.0,0,66
EvoR,12,closure,com.google.javascript.rhino.head.Interpreter,com.google.javascript.rhino.head.NativeContinuation,0.0,0,66
EvoR,13,closure,com.google.javascript.rhino.head.Interpreter,com.google.javascript.rhino.head.NativeContinuation,0.0151515151515,1,66
EvoR,14,closure,com.google.javascript.rhino.head.Interpreter,com.google.javascript.rhino.head.NativeContinuation,0.0,0,66
EvoR,15,closure,com.google.javascript.rhino.head.Interpreter,com.google.javascript.rhino.head.NativeContinuation,0.0,0,66
EvoR,16,closure,com.google.javascript.rhino.head.Interpreter,com.google.javascript.rhino.head.NativeContinuation,0.0,0,66
EvoR,17,closure,com.google.javascript.rhino.head.Interpreter,com.google.javascript.rhino.head.NativeContinuation,0.0,0,66
EvoR,18,closure,com.google.javascript.rhino.head.Interpreter,com.google.javascript.rhino.head.NativeContinuation,0.0,0,66
EvoR,19,closure,com.google.javascript.rhino.head.Interpreter,com.google.javascript.rhino.head.NativeContinuation,0.0,0,66
EvoR,20,closure,com.google.javascript.rhino.head.Interpreter,com.google.javascript.rhino.head.NativeContinuation,0.0,0,66
EvoR,1,closure,com.google.javascript.rhino.head.NativeArray,com.google.javascript.rhino.head.ScriptRuntime,0.36554158394,1657,4533
EvoR,2,closure,com.google.javascript.rhino.head.NativeArray,com.google.javascript.rhino.head.ScriptRuntime,0.313037723362,1419,4533
EvoR,3,closure,com.google.javascript.rhino.head.NativeArray,com.google.javascript.rhino.head.ScriptRuntime,0.0,0,4533
EvoR,4,closure,com.google.javascript.rhino.head.NativeArray,com.google.javascript.rhino.head.ScriptRuntime,0.358923450254,1627,4533
EvoR,5,closure,com.google.javascript.rhino.head.NativeArray,com.google.javascript.rhino.head.ScriptRuntime,0.320979483786,1455,4533
EvoR,6,closure,com.google.javascript.rhino.head.NativeArray,com.google.javascript.rhino.head.ScriptRuntime,0.350099272005,1587,4533
EvoR,7,closure,com.google.javascript.rhino.head.NativeArray,com.google.javascript.rhino.head.ScriptRuntime,0.365762188396,1658,4533
EvoR,8,closure,com.google.javascript.rhino.head.NativeArray,com.google.javascript.rhino.head.ScriptRuntime,0.316346790205,1434,4533
EvoR,9,closure,com.google.javascript.rhino.head.NativeArray,com.google.javascript.rhino.head.ScriptRuntime,0.130818442533,593,4533
EvoR,10,closure,com.google.javascript.rhino.head.NativeArray,com.google.javascript.rhino.head.ScriptRuntime,0.332230311052,1506,4533
EvoR,11,closure,com.google.javascript.rhino.head.NativeArray,com.google.javascript.rhino.head.ScriptRuntime,0.0313258327818,142,4533
EvoR,12,closure,com.google.javascript.rhino.head.NativeArray,com.google.javascript.rhino.head.ScriptRuntime,0.02735495257,124,4533
EvoR,13,closure,com.google.javascript.rhino.head.NativeArray,com.google.javascript.rhino.head.ScriptRuntime,0.0189719832341,86,4533
EvoR,14,closure,com.google.javascript.rhino.head.NativeArray,com.google.javascript.rhino.head.ScriptRuntime,0.0229428634458,104,4533
EvoR,15,closure,com.google.javascript.rhino.head.NativeArray,com.google.javascript.rhino.head.ScriptRuntime,0.0150011030223,68,4533
EvoR,16,closure,com.google.javascript.rhino.head.NativeArray,com.google.javascript.rhino.head.ScriptRuntime,0.0229428634458,104,4533
EvoR,17,closure,com.google.javascript.rhino.head.NativeArray,com.google.javascript.rhino.head.ScriptRuntime,0.0538274873152,244,4533
EvoR,18,closure,com.google.javascript.rhino.head.NativeArray,com.google.javascript.rhino.head.ScriptRuntime,0.0233840723583,106,4533
EvoR,19,closure,com.google.javascript.rhino.head.NativeArray,com.google.javascript.rhino.head.ScriptRuntime,0.0271343481138,123,4533
EvoR,20,closure,com.google.javascript.rhino.head.NativeArray,com.google.javascript.rhino.head.ScriptRuntime,0.0238252812707,108,4533
EvoR,1,closure,com.google.javascript.rhino.head.optimizer.BodyCodegen,com.google.javascript.rhino.head.Node,0.453731343284,304,670
EvoR,2,closure,com.google.javascript.rhino.head.optimizer.BodyCodegen,com.google.javascript.rhino.head.Node,0.455223880597,305,670
EvoR,3,closure,com.google.javascript.rhino.head.optimizer.BodyCodegen,com.google.javascript.rhino.head.Node,0.49552238806,332,670
EvoR,4,closure,com.google.javascript.rhino.head.optimizer.BodyCodegen,com.google.javascript.rhino.head.Node,0.488059701493,327,670
EvoR,5,closure,com.google.javascript.rhino.head.optimizer.BodyCodegen,com.google.javascript.rhino.head.Node,0.429850746269,288,670
EvoR,6,closure,com.google.javascript.rhino.head.optimizer.BodyCodegen,com.google.javascript.rhino.head.Node,0.417910447761,280,670
EvoR,7,closure,com.google.javascript.rhino.head.optimizer.BodyCodegen,com.google.javascript.rhino.head.Node,0.459701492537,308,670
EvoR,8,closure,com.google.javascript.rhino.head.optimizer.BodyCodegen,com.google.javascript.rhino.head.Node,0.465671641791,312,670
EvoR,9,closure,com.google.javascript.rhino.head.optimizer.BodyCodegen,com.google.javascript.rhino.head.Node,0.486567164179,326,670
EvoR,10,closure,com.google.javascript.rhino.head.optimizer.BodyCodegen,com.google.javascript.rhino.head.Node,0.428358208955,287,670
EvoR,11,closure,com.google.javascript.rhino.head.optimizer.BodyCodegen,com.google.javascript.rhino.head.Node,0.0,0,670
EvoR,12,closure,com.google.javascript.rhino.head.optimizer.BodyCodegen,com.google.javascript.rhino.head.Node,0.0,0,670
EvoR,13,closure,com.google.javascript.rhino.head.optimizer.BodyCodegen,com.google.javascript.rhino.head.Node,0.0,0,670
EvoR,14,closure,com.google.javascript.rhino.head.optimizer.BodyCodegen,com.google.javascript.rhino.head.Node,0.00746268656716,5,670
EvoR,15,closure,com.google.javascript.rhino.head.optimizer.BodyCodegen,com.google.javascript.rhino.head.Node,0.0791044776119,53,670
EvoR,16,closure,com.google.javascript.rhino.head.optimizer.BodyCodegen,com.google.javascript.rhino.head.Node,0.0,0,670
EvoR,17,closure,com.google.javascript.rhino.head.optimizer.BodyCodegen,com.google.javascript.rhino.head.Node,0.0,0,670
EvoR,18,closure,com.google.javascript.rhino.head.optimizer.BodyCodegen,com.google.javascript.rhino.head.Node,0.0,0,670
EvoR,19,closure,com.google.javascript.rhino.head.optimizer.BodyCodegen,com.google.javascript.rhino.head.Node,0.120895522388,81,670
EvoR,20,closure,com.google.javascript.rhino.head.optimizer.BodyCodegen,com.google.javascript.rhino.head.Node,0.00298507462687,2,670
EvoR,1,closure,com.google.javascript.rhino.head.regexp.NativeRegExp,com.google.javascript.rhino.head.ScriptRuntime,0.365320979484,1656,4533
EvoR,2,closure,com.google.javascript.rhino.head.regexp.NativeRegExp,com.google.javascript.rhino.head.ScriptRuntime,0.313920141187,1423,4533
EvoR,3,closure,com.google.javascript.rhino.head.regexp.NativeRegExp,com.google.javascript.rhino.head.ScriptRuntime,0.379439664681,1720,4533
EvoR,4,closure,com.google.javascript.rhino.head.regexp.NativeRegExp,com.google.javascript.rhino.head.ScriptRuntime,0.353849547761,1604,4533
EvoR,5,closure,com.google.javascript.rhino.head.regexp.NativeRegExp,com.google.javascript.rhino.head.ScriptRuntime,0.318773439223,1445,4533
EvoR,6,closure,com.google.javascript.rhino.head.regexp.NativeRegExp,com.google.javascript.rhino.head.ScriptRuntime,0.347893227443,1577,4533
EvoR,7,closure,com.google.javascript.rhino.head.regexp.NativeRegExp,com.google.javascript.rhino.head.ScriptRuntime,0.365762188396,1658,4533
EvoR,8,closure,com.google.javascript.rhino.head.regexp.NativeRegExp,com.google.javascript.rhino.head.ScriptRuntime,0.315243767924,1429,4533
EvoR,9,closure,com.google.javascript.rhino.head.regexp.NativeRegExp,com.google.javascript.rhino.head.ScriptRuntime,0.12574454004,570,4533
EvoR,10,closure,com.google.javascript.rhino.head.regexp.NativeRegExp,com.google.javascript.rhino.head.ScriptRuntime,0.326715199647,1481,4533
EvoR,11,closure,com.google.javascript.rhino.head.regexp.NativeRegExp,com.google.javascript.rhino.head.ScriptRuntime,0.00992720052945,45,4533
EvoR,12,closure,com.google.javascript.rhino.head.regexp.NativeRegExp,com.google.javascript.rhino.head.ScriptRuntime,0.0227222589896,103,4533
EvoR,13,closure,com.google.javascript.rhino.head.regexp.NativeRegExp,com.google.javascript.rhino.head.ScriptRuntime,0.0,0,4533
EvoR,14,closure,com.google.javascript.rhino.head.regexp.NativeRegExp,com.google.javascript.rhino.head.ScriptRuntime,0.0119126406353,54,4533
EvoR,15,closure,com.google.javascript.rhino.head.regexp.NativeRegExp,com.google.javascript.rhino.head.ScriptRuntime,0.00838296933598,38,4533
EvoR,16,closure,com.google.javascript.rhino.head.regexp.NativeRegExp,com.google.javascript.rhino.head.ScriptRuntime,0.0127950584602,58,4533
EvoR,17,closure,com.google.javascript.rhino.head.regexp.NativeRegExp,com.google.javascript.rhino.head.ScriptRuntime,0.0132362673726,60,4533
EvoR,18,closure,com.google.javascript.rhino.head.regexp.NativeRegExp,com.google.javascript.rhino.head.ScriptRuntime,0.0161041253033,73,4533
EvoR,19,closure,com.google.javascript.rhino.head.regexp.NativeRegExp,com.google.javascript.rhino.head.ScriptRuntime,0.0152217074785,69,4533
EvoR,20,closure,com.google.javascript.rhino.head.regexp.NativeRegExp,com.google.javascript.rhino.head.ScriptRuntime,0.00727994705493,33,4533
EvoR,1,closure,com.google.javascript.rhino.head.tools.debugger.Dim,com.google.javascript.rhino.head.ScriptRuntime,0.363114934922,1646,4533
EvoR,2,closure,com.google.javascript.rhino.head.tools.debugger.Dim,com.google.javascript.rhino.head.ScriptRuntime,0.309949260975,1405,4533
EvoR,3,closure,com.google.javascript.rhino.head.tools.debugger.Dim,com.google.javascript.rhino.head.ScriptRuntime,0.377013015663,1709,4533
EvoR,4,closure,com.google.javascript.rhino.head.tools.debugger.Dim,com.google.javascript.rhino.head.ScriptRuntime,0.359585263622,1630,4533
EvoR,5,closure,com.google.javascript.rhino.head.tools.debugger.Dim,com.google.javascript.rhino.head.ScriptRuntime,0.315023163468,1428,4533
EvoR,6,closure,com.google.javascript.rhino.head.tools.debugger.Dim,com.google.javascript.rhino.head.ScriptRuntime,0.354731965586,1608,4533
EvoR,7,closure,com.google.javascript.rhino.head.tools.debugger.Dim,com.google.javascript.rhino.head.ScriptRuntime,0.364659166115,1653,4533
EvoR,8,closure,com.google.javascript.rhino.head.tools.debugger.Dim,com.google.javascript.rhino.head.ScriptRuntime,0.313920141187,1423,4533
EvoR,9,closure,com.google.javascript.rhino.head.tools.debugger.Dim,com.google.javascript.rhino.head.ScriptRuntime,0.124200308846,563,4533
EvoR,10,closure,com.google.javascript.rhino.head.tools.debugger.Dim,com.google.javascript.rhino.head.ScriptRuntime,0.335098168983,1519,4533
EvoR,11,closure,com.google.javascript.rhino.head.tools.debugger.Dim,com.google.javascript.rhino.head.ScriptRuntime,0.017868960953,81,4533
EvoR,12,closure,com.google.javascript.rhino.head.tools.debugger.Dim,com.google.javascript.rhino.head.ScriptRuntime,0.00617692477388,28,4533
EvoR,13,closure,com.google.javascript.rhino.head.tools.debugger.Dim,com.google.javascript.rhino.head.ScriptRuntime,0.00683873814251,31,4533
EvoR,14,closure,com.google.javascript.rhino.head.tools.debugger.Dim,com.google.javascript.rhino.head.ScriptRuntime,0.0152217074785,69,4533
EvoR,15,closure,com.google.javascript.rhino.head.tools.debugger.Dim,com.google.javascript.rhino.head.ScriptRuntime,0.00794176042356,36,4533
EvoR,16,closure,com.google.javascript.rhino.head.tools.debugger.Dim,com.google.javascript.rhino.head.ScriptRuntime,0.00860357379219,39,4533
EvoR,17,closure,com.google.javascript.rhino.head.tools.debugger.Dim,com.google.javascript.rhino.head.ScriptRuntime,0.0,0,4533
EvoR,18,closure,com.google.javascript.rhino.head.tools.debugger.Dim,com.google.javascript.rhino.head.ScriptRuntime,0.0,0,4533
EvoR,19,closure,com.google.javascript.rhino.head.tools.debugger.Dim,com.google.javascript.rhino.head.ScriptRuntime,0.0066181336863,30,4533
EvoR,20,closure,com.google.javascript.rhino.head.tools.debugger.Dim,com.google.javascript.rhino.head.ScriptRuntime,0.0,0,4533
EvoR,1,closure,com.google.javascript.rhino.head.tools.shell.Global,com.google.javascript.rhino.head.ScriptRuntime,0.367968232958,1668,4533
EvoR,2,closure,com.google.javascript.rhino.head.tools.shell.Global,com.google.javascript.rhino.head.ScriptRuntime,0.311934701081,1414,4533
EvoR,3,closure,com.google.javascript.rhino.head.tools.shell.Global,com.google.javascript.rhino.head.ScriptRuntime,0.378557246856,1716,4533
EvoR,4,closure,com.google.javascript.rhino.head.tools.shell.Global,com.google.javascript.rhino.head.ScriptRuntime,0.00154423119347,7,4533
EvoR,5,closure,com.google.javascript.rhino.head.tools.shell.Global,com.google.javascript.rhino.head.ScriptRuntime,0.318773439223,1445,4533
EvoR,6,closure,com.google.javascript.rhino.head.tools.shell.Global,com.google.javascript.rhino.head.ScriptRuntime,0.348113831899,1578,4533
EvoR,7,closure,com.google.javascript.rhino.head.tools.shell.Global,com.google.javascript.rhino.head.ScriptRuntime,0.366424001765,1661,4533
EvoR,8,closure,com.google.javascript.rhino.head.tools.shell.Global,com.google.javascript.rhino.head.ScriptRuntime,0.315905581293,1432,4533
EvoR,9,closure,com.google.javascript.rhino.head.tools.shell.Global,com.google.javascript.rhino.head.ScriptRuntime,0.126406353408,573,4533
EvoR,10,closure,com.google.javascript.rhino.head.tools.shell.Global,com.google.javascript.rhino.head.ScriptRuntime,0.328259430841,1488,4533
EvoR,11,closure,com.google.javascript.rhino.head.tools.shell.Global,com.google.javascript.rhino.head.ScriptRuntime,0.0,0,4533
EvoR,12,closure,com.google.javascript.rhino.head.tools.shell.Global,com.google.javascript.rhino.head.ScriptRuntime,0.00573571586146,26,4533
EvoR,13,closure,com.google.javascript.rhino.head.tools.shell.Global,com.google.javascript.rhino.head.ScriptRuntime,0.00816236487977,37,4533
EvoR,14,closure,com.google.javascript.rhino.head.tools.shell.Global,com.google.javascript.rhino.head.ScriptRuntime,0.00110302228105,5,4533
EvoR,15,closure,com.google.javascript.rhino.head.tools.shell.Global,com.google.javascript.rhino.head.ScriptRuntime,0.0,0,4533
EvoR,16,closure,com.google.javascript.rhino.head.tools.shell.Global,com.google.javascript.rhino.head.ScriptRuntime,0.0022060445621,10,4533
EvoR,17,closure,com.google.javascript.rhino.head.tools.shell.Global,com.google.javascript.rhino.head.ScriptRuntime,0.00132362673726,6,4533
EvoR,18,closure,com.google.javascript.rhino.head.tools.shell.Global,com.google.javascript.rhino.head.ScriptRuntime,0.00022060445621,1,4533
EvoR,19,closure,com.google.javascript.rhino.head.tools.shell.Global,com.google.javascript.rhino.head.ScriptRuntime,0.00595632031767,27,4533
EvoR,20,closure,com.google.javascript.rhino.head.tools.shell.Global,com.google.javascript.rhino.head.ScriptRuntime,0.00507390249283,23,4533
