tool,project,execution_id,caller_class,callee_class,totalMutants,killedMutants,perc
CER,closure,1,com.google.javascript.rhino.head.IdScriptableObject,com.google.javascript.rhino.head.ScriptableObject,2405,15,0.006237006237006237
CER,closure,1,com.google.javascript.rhino.head.IRFactory,com.google.javascript.rhino.head.Parser,4058,2,0.0004928536224741252
CER,closure,1,com.google.javascript.rhino.head.NativeArray,com.google.javascript.rhino.head.ScriptableObject,2405,3,0.0012474012474012475
CER,closure,1,com.google.javascript.rhino.head.NativeObject,com.google.javascript.rhino.head.ScriptableObject,2405,11,0.004573804573804574
CER,closure,1,com.google.javascript.rhino.head.regexp.NativeRegExp,com.google.javascript.rhino.head.ScriptRuntime,4535,26,0.005733186328555678
CER,closure,1,com.google.javascript.rhino.head.tools.debugger.Dim,com.google.javascript.rhino.head.ScriptRuntime,4535,2,0.0004410143329658214
CER,closure,1,com.google.javascript.rhino.jstype.JSType,com.google.javascript.rhino.jstype.FunctionType,1240,47,0.03790322580645161
CER,closure,1,com.google.javascript.rhino.jstype.JSType,com.google.javascript.rhino.jstype.ProxyObjectType,345,2,0.005797101449275362
CER,lang,1,org.apache.commons.lang3.builder.ReflectionToStringBuilder,org.apache.commons.lang3.builder.ToStringBuilder,222,2,0.009009009009009009
CER,lang,1,org.apache.commons.lang3.builder.ToStringBuilder,org.apache.commons.lang3.builder.ToStringStyle,793,4,0.005044136191677175
CER,lang,1,org.apache.commons.lang3.concurrent.MultiBackgroundInitializer,org.apache.commons.lang3.concurrent.BackgroundInitializer,63,13,0.20634920634920634
CER,lang,1,org.apache.commons.lang3.text.StrBuilder$StrBuilderReader,org.apache.commons.lang3.text.StrBuilder,2104,2,0.0009505703422053232
CER,lang,1,org.apache.commons.lang3.text.StrSubstitutor,org.apache.commons.lang3.text.StrBuilder,2104,22,0.010456273764258554
CER,lang,1,org.apache.commons.lang3.text.translate.UnicodeEscaper,org.apache.commons.lang3.text.translate.CharSequenceTranslator,76,7,0.09210526315789473
CER,math,1,org.apache.commons.math.analysis.LaguerreSolver,org.apache.commons.math.complex.Complex,635,21,0.03307086614173228
CER,math,1,org.apache.commons.math.analysis.MullerSolver,org.apache.commons.math.analysis.UnivariateRealSolverImpl,159,52,0.3270440251572327
CER,math,1,org.apache.commons.math.distribution.AbstractIntegerDistribution,org.apache.commons.math.distribution.HypergeometricDistributionImpl,150,2,0.013333333333333334
CER,math,1,org.apache.commons.math.geometry.Rotation,org.apache.commons.math.geometry.Vector3D,294,7,0.023809523809523808
CER,math,1,org.apache.commons.math.linear.MatrixUtils,org.apache.commons.math.linear.BigMatrixImpl,1175,1,0.000851063829787234
CER,math,1,org.apache.commons.math.ode.AbstractStepInterpolator,org.apache.commons.math.ode.DormandPrince853StepInterpolator,398,34,0.08542713567839195
CER,math,1,org.apache.commons.math.ode.EmbeddedRungeKuttaIntegrator,org.apache.commons.math.ode.DormandPrince853Integrator,115,4,0.034782608695652174
CER,math,1,org.apache.commons.math.ode.EmbeddedRungeKuttaIntegrator,org.apache.commons.math.ode.HighamHall54Integrator,50,1,0.02
CER,math,1,org.apache.commons.math.ode.GraggBulirschStoerIntegrator,org.apache.commons.math.ode.AdaptiveStepsizeIntegrator,278,10,0.03597122302158273
CER,math,1,org.apache.commons.math.ode.GraggBulirschStoerStepInterpolator,org.apache.commons.math.ode.AbstractStepInterpolator,131,16,0.12213740458015267
CER,math,1,org.apache.commons.math.ode.SwitchingFunctionsHandler,org.apache.commons.math.ode.SwitchState,188,23,0.12234042553191489
CER,math,1,org.apache.commons.math.ode.SwitchState,org.apache.commons.math.analysis.BrentSolver,283,1,0.0035335689045936395
CER,math,1,org.apache.commons.math.optimization.NelderMead,org.apache.commons.math.optimization.DirectSearchOptimizer,223,62,0.27802690582959644
CER,math,1,org.apache.commons.math.random.EmpiricalDistributionImpl,org.apache.commons.math.stat.descriptive.SummaryStatistics,363,1,0.0027548209366391185
CER,math,1,org.apache.commons.math.stat.descriptive.AbstractStorelessUnivariateStatistic,org.apache.commons.math.stat.descriptive.moment.Variance,150,5,0.03333333333333333
CER,math,1,org.apache.commons.math.stat.descriptive.DescriptiveStatistics,org.apache.commons.math.util.ResizableDoubleArray,305,24,0.07868852459016394
CER,math,1,org.apache.commons.math.stat.inference.TTestImpl,org.apache.commons.math.stat.StatUtils,127,2,0.015748031496062992
CER,math,1,org.apache.commons.math.transform.FastFourierTransformer,org.apache.commons.math.complex.Complex,635,25,0.03937007874015748
CER,mockito,1,org.mockito.asm.AnnotationWriter,org.mockito.asm.ClassWriter,883,33,0.03737259343148358
CER,mockito,1,org.mockito.asm.MethodWriter,org.mockito.asm.ByteVector,300,15,0.05
CER,mockito,1,org.mockito.cglib.core.ClassEmitter,org.mockito.cglib.transform.impl.InterceptFieldTransformer,188,8,0.0425531914893617
CER,mockito,1,org.mockito.cglib.core.CodeEmitter,org.mockito.cglib.core.TypeUtils,725,3,0.004137931034482759
CER,mockito,1,org.mockito.cglib.core.EmitUtils,org.mockito.cglib.core.CodeEmitter,745,12,0.016107382550335572
CER,mockito,1,org.mockito.cglib.proxy.Enhancer,org.mockito.cglib.core.ReflectUtils,518,35,0.06756756756756757
CER,mockito,1,org.mockito.cglib.proxy.Mixin$Generator,org.mockito.cglib.core.ReflectUtils,518,54,0.10424710424710425
CER,time,1,org.joda.time.base.AbstractPartial,org.joda.time.MonthDay,286,13,0.045454545454545456
CER,time,1,org.joda.time.base.BasePeriod,org.joda.time.base.AbstractPeriod,132,2,0.015151515151515152
CER,time,1,org.joda.time.chrono.BasicChronology,org.joda.time.chrono.EthiopicChronology,133,1,0.007518796992481203
CER,time,1,org.joda.time.chrono.BasicChronology,org.joda.time.chrono.IslamicChronology,352,52,0.14772727272727273
CER,time,1,org.joda.time.chrono.BasicWeekyearDateTimeField,org.joda.time.chrono.BasicChronology,503,51,0.10139165009940358
CER,time,1,org.joda.time.chrono.CopticChronology,org.joda.time.DateTimeZone,734,12,0.01634877384196185
CER,time,1,org.joda.time.chrono.GJChronology,org.joda.time.chrono.JulianChronology,157,5,0.03184713375796178
CER,time,1,org.joda.time.chrono.ISOChronology,org.joda.time.chrono.AssembledChronology,359,2,0.005571030640668524
CER,time,1,org.joda.time.chrono.ISOChronology,org.joda.time.DateTimeZone,734,70,0.09536784741144415
CER,time,1,org.joda.time.chrono.ZonedChronology,org.joda.time.DateTimeZone,734,1,0.0013623978201634877
CER,time,1,org.joda.time.DateTimeUtils,org.joda.time.DateTimeZone,734,12,0.01634877384196185
CER,time,1,org.joda.time.DateTimeZone,org.joda.time.format.DateTimeFormat,642,1,0.001557632398753894
CER,time,1,org.joda.time.format.DateTimeFormatterBuilder$TextField,org.joda.time.format.DateTimeParserBucket,275,4,0.014545454545454545
CER,time,1,org.joda.time.format.DateTimeParserBucket$SavedState,org.joda.time.format.DateTimeParserBucket,275,1,0.0036363636363636364
CER,time,1,org.joda.time.Hours,org.joda.time.base.BaseSingleFieldPeriod,228,6,0.02631578947368421
CER,time,1,org.joda.time.LocalDate,org.joda.time.format.ISODateTimeFormat,1510,3,0.001986754966887417
CER,time,1,org.joda.time.LocalDateTime,org.joda.time.DateTimeZone,734,10,0.013623978201634877
CER,time,1,org.joda.time.LocalDateTime,org.joda.time.format.DateTimeFormatter,466,6,0.012875536480686695
CER,time,1,org.joda.time.LocalTime$Property,org.joda.time.LocalTime,729,3,0.00411522633744856
CER,time,1,org.joda.time.Minutes,org.joda.time.base.BaseSingleFieldPeriod,228,9,0.039473684210526314
CER,time,1,org.joda.time.MutableInterval,org.joda.time.base.BaseInterval,109,1,0.009174311926605505
CER,time,1,org.joda.time.MutablePeriod,org.joda.time.base.BasePeriod,350,11,0.03142857142857143
CER,time,1,org.joda.time.Period,org.joda.time.base.BasePeriod,350,8,0.022857142857142857
CER,time,1,org.joda.time.Period,org.joda.time.PeriodType,907,496,0.5468577728776185
CER,time,1,org.joda.time.Seconds,org.joda.time.base.BaseSingleFieldPeriod,228,3,0.013157894736842105
CER,time,1,org.joda.time.Weeks,org.joda.time.base.BaseSingleFieldPeriod,228,10,0.043859649122807015
CER,time,1,org.joda.time.YearMonthDay,org.joda.time.base.BasePartial,84,3,0.03571428571428571
CER,closure,2,com.google.javascript.rhino.head.IdScriptableObject,com.google.javascript.rhino.head.ScriptableObject,2406,18,0.007481296758104738
CER,closure,2,com.google.javascript.rhino.head.Interpreter,com.google.javascript.rhino.head.ScriptableObject,2406,1,0.00041562759767248546
CER,closure,2,com.google.javascript.rhino.head.IRFactory,com.google.javascript.rhino.head.Node,670,4,0.005970149253731343
CER,closure,2,com.google.javascript.rhino.head.IRFactory,com.google.javascript.rhino.head.Parser,4058,2,0.0004928536224741252
CER,closure,2,com.google.javascript.rhino.head.NativeArray,com.google.javascript.rhino.head.ScriptableObject,2406,7,0.0029093931837073984
CER,closure,2,com.google.javascript.rhino.head.NativeArray,com.google.javascript.rhino.head.ScriptRuntime,4533,13,0.002867857930730201
CER,closure,2,com.google.javascript.rhino.head.NativeObject,com.google.javascript.rhino.head.ScriptableObject,2406,16,0.006650041562759767
CER,closure,2,com.google.javascript.rhino.jstype.JSType,com.google.javascript.rhino.jstype.UnionType,483,9,0.018633540372670808
CER,lang,2,org.apache.commons.lang3.builder.ReflectionToStringBuilder,org.apache.commons.lang3.builder.ToStringBuilder,222,1,0.0045045045045045045
CER,lang,2,org.apache.commons.lang3.builder.ToStringBuilder,org.apache.commons.lang3.builder.ToStringStyle,793,5,0.006305170239596469
CER,lang,2,org.apache.commons.lang3.concurrent.MultiBackgroundInitializer,org.apache.commons.lang3.concurrent.BackgroundInitializer,63,12,0.19047619047619047
CER,lang,2,org.apache.commons.lang3.text.StrBuilder$StrBuilderReader,org.apache.commons.lang3.text.StrBuilder,2104,2,0.0009505703422053232
CER,lang,2,org.apache.commons.lang3.text.StrSubstitutor,org.apache.commons.lang3.text.StrBuilder,2104,21,0.009980988593155894
CER,lang,2,org.apache.commons.lang3.text.translate.UnicodeEscaper,org.apache.commons.lang3.text.translate.CharSequenceTranslator,76,5,0.06578947368421052
CER,math,2,org.apache.commons.math.analysis.LaguerreSolver,org.apache.commons.math.complex.Complex,635,22,0.03464566929133858
CER,math,2,org.apache.commons.math.analysis.MullerSolver,org.apache.commons.math.analysis.UnivariateRealSolverImpl,159,50,0.31446540880503143
CER,math,2,org.apache.commons.math.distribution.AbstractIntegerDistribution,org.apache.commons.math.distribution.HypergeometricDistributionImpl,150,2,0.013333333333333334
CER,math,2,org.apache.commons.math.fraction.ProperFractionFormat,org.apache.commons.math.fraction.FractionFormat,171,1,0.005847953216374269
CER,math,2,org.apache.commons.math.geometry.Rotation,org.apache.commons.math.geometry.Vector3D,294,3,0.01020408163265306
CER,math,2,org.apache.commons.math.linear.MatrixUtils,org.apache.commons.math.linear.BigMatrixImpl,1175,1,0.000851063829787234
CER,math,2,org.apache.commons.math.ode.AbstractStepInterpolator,org.apache.commons.math.ode.DormandPrince853StepInterpolator,398,22,0.05527638190954774
CER,math,2,org.apache.commons.math.ode.ContinuousOutputModel,org.apache.commons.math.ode.AbstractStepInterpolator,131,4,0.030534351145038167
CER,math,2,org.apache.commons.math.ode.EmbeddedRungeKuttaIntegrator,org.apache.commons.math.ode.DormandPrince853Integrator,115,2,0.017391304347826087
CER,math,2,org.apache.commons.math.ode.EmbeddedRungeKuttaIntegrator,org.apache.commons.math.ode.HighamHall54Integrator,50,6,0.12
CER,math,2,org.apache.commons.math.ode.GraggBulirschStoerIntegrator,org.apache.commons.math.ode.AdaptiveStepsizeIntegrator,278,10,0.03597122302158273
CER,math,2,org.apache.commons.math.ode.GraggBulirschStoerStepInterpolator,org.apache.commons.math.ode.AbstractStepInterpolator,131,6,0.04580152671755725
CER,math,2,org.apache.commons.math.ode.SwitchingFunctionsHandler,org.apache.commons.math.ode.SwitchState,188,22,0.11702127659574468
CER,math,2,org.apache.commons.math.optimization.NelderMead,org.apache.commons.math.optimization.DirectSearchOptimizer,223,12,0.053811659192825115
CER,math,2,org.apache.commons.math.stat.descriptive.AbstractStorelessUnivariateStatistic,org.apache.commons.math.stat.descriptive.moment.Variance,150,8,0.05333333333333334
CER,math,2,org.apache.commons.math.stat.descriptive.DescriptiveStatistics,org.apache.commons.math.util.ResizableDoubleArray,305,8,0.02622950819672131
CER,math,2,org.apache.commons.math.transform.FastFourierTransformer,org.apache.commons.math.complex.Complex,635,15,0.023622047244094488
CER,mockito,2,org.mockito.asm.AnnotationWriter,org.mockito.asm.ClassWriter,883,36,0.04077010192525481
CER,mockito,2,org.mockito.cglib.core.CodeEmitter,org.mockito.cglib.core.TypeUtils,725,14,0.019310344827586208
CER,mockito,2,org.mockito.cglib.core.EmitUtils,org.mockito.cglib.core.CodeEmitter,745,8,0.010738255033557046
CER,mockito,2,org.mockito.cglib.proxy.Enhancer,org.mockito.cglib.core.CodeEmitter,745,174,0.23355704697986576
CER,mockito,2,org.mockito.cglib.proxy.Enhancer,org.mockito.cglib.core.ReflectUtils,519,40,0.07707129094412331
CER,time,2,org.joda.time.base.AbstractPartial,org.joda.time.YearMonth,299,2,0.006688963210702341
CER,time,2,org.joda.time.base.BasePeriod,org.joda.time.base.AbstractPeriod,132,30,0.22727272727272727
CER,time,2,org.joda.time.chrono.BasicChronology,org.joda.time.chrono.CopticChronology,136,9,0.0661764705882353
CER,time,2,org.joda.time.chrono.BasicChronology,org.joda.time.chrono.EthiopicChronology,133,1,0.007518796992481203
CER,time,2,org.joda.time.chrono.BasicChronology,org.joda.time.chrono.IslamicChronology,352,11,0.03125
CER,time,2,org.joda.time.chrono.BasicWeekyearDateTimeField,org.joda.time.chrono.BasicChronology,503,5,0.009940357852882704
CER,time,2,org.joda.time.chrono.CopticChronology,org.joda.time.DateTimeZone,734,41,0.055858310626702996
CER,time,2,org.joda.time.chrono.GJChronology,org.joda.time.chrono.GJChronology$CutoverField,367,2,0.005449591280653951
CER,time,2,org.joda.time.chrono.GJChronology,org.joda.time.chrono.JulianChronology,157,7,0.044585987261146494
CER,time,2,org.joda.time.chrono.ISOChronology,org.joda.time.chrono.AssembledChronology,359,14,0.03899721448467967
CER,time,2,org.joda.time.chrono.ZonedChronology,org.joda.time.DateTimeZone,734,2,0.0027247956403269754
CER,time,2,org.joda.time.chrono.ZonedChronology$ZonedDateTimeField,org.joda.time.DateTimeZone,734,23,0.031335149863760216
CER,time,2,org.joda.time.DateTimeUtils,org.joda.time.DateTimeZone,734,55,0.07493188010899182
CER,time,2,org.joda.time.DateTimeZone,org.joda.time.format.FormatUtils,542,1,0.0018450184501845018
CER,time,2,org.joda.time.Days,org.joda.time.base.BaseSingleFieldPeriod,228,2,0.008771929824561403
CER,time,2,org.joda.time.format.DateTimeFormat,org.joda.time.format.DateTimeFormat$StyleFormatter,77,4,0.05194805194805195
CER,time,2,org.joda.time.format.DateTimeFormatter,org.joda.time.DateTimeZone,734,21,0.02861035422343324
CER,time,2,org.joda.time.format.DateTimeFormatter,org.joda.time.format.DateTimeParserBucket,274,1,0.0036496350364963502
CER,time,2,org.joda.time.format.DateTimeParserBucket$SavedState,org.joda.time.format.DateTimeParserBucket,274,1,0.0036496350364963502
CER,time,2,org.joda.time.Hours,org.joda.time.base.BaseSingleFieldPeriod,228,4,0.017543859649122806
CER,time,2,org.joda.time.LocalDate,org.joda.time.format.ISODateTimeFormat,1510,1,0.0006622516556291391
CER,time,2,org.joda.time.LocalDateTime,org.joda.time.DateTimeZone,734,72,0.09809264305177112
CER,time,2,org.joda.time.LocalTime$Property,org.joda.time.LocalTime,729,3,0.00411522633744856
CER,time,2,org.joda.time.Minutes,org.joda.time.base.BaseSingleFieldPeriod,228,8,0.03508771929824561
CER,time,2,org.joda.time.MutablePeriod,org.joda.time.base.BasePeriod,350,1,0.002857142857142857
CER,time,2,org.joda.time.Period,org.joda.time.base.AbstractPeriod,132,2,0.015151515151515152
CER,time,2,org.joda.time.Period,org.joda.time.base.BasePeriod,350,1,0.002857142857142857
CER,time,2,org.joda.time.Period,org.joda.time.PeriodType,907,531,0.5854465270121278
CER,time,2,org.joda.time.Seconds,org.joda.time.base.BaseSingleFieldPeriod,228,6,0.02631578947368421
CER,time,2,org.joda.time.tz.ZoneInfoCompiler,org.joda.time.DateTimeZone,734,76,0.10354223433242507
CER,time,2,org.joda.time.Weeks,org.joda.time.base.BaseSingleFieldPeriod,228,11,0.04824561403508772
CER,time,2,org.joda.time.YearMonthDay,org.joda.time.base.BasePartial,84,6,0.07142857142857142
CER,closure,3,com.google.javascript.jscomp.NodeUtil,com.google.javascript.rhino.Node,2336,1,0.0004280821917808219
CER,closure,3,com.google.javascript.rhino.head.IdScriptableObject,com.google.javascript.rhino.head.ScriptableObject,2403,9,0.003745318352059925
CER,closure,3,com.google.javascript.rhino.head.Interpreter,com.google.javascript.rhino.head.ScriptableObject,2403,2,0.0008322929671244278
CER,closure,3,com.google.javascript.rhino.head.IRFactory,com.google.javascript.rhino.head.Parser,4058,1,0.0002464268112370626
CER,closure,3,com.google.javascript.rhino.head.Parser,com.google.javascript.rhino.head.CompilerEnvirons,151,2,0.013245033112582781
CER,closure,3,com.google.javascript.rhino.head.ScriptRuntime,com.google.javascript.rhino.head.ScriptableObject,2403,3,0.0012484394506866417
CER,closure,3,com.google.javascript.rhino.head.tools.debugger.Dim,com.google.javascript.rhino.head.ScriptRuntime,4533,2,0.00044120891242003087
CER,closure,3,com.google.javascript.rhino.head.tools.shell.Global,com.google.javascript.rhino.head.ScriptRuntime,4533,3,0.0006618133686300463
CER,closure,3,com.google.javascript.rhino.JSDocInfoBuilder,com.google.javascript.rhino.JSDocInfo,954,134,0.14046121593291405
CER,closure,3,com.google.javascript.rhino.jstype.JSType,com.google.javascript.rhino.jstype.UnionType,483,1,0.002070393374741201
CER,lang,3,org.apache.commons.lang3.builder.ReflectionToStringBuilder,org.apache.commons.lang3.builder.ToStringBuilder,222,1,0.0045045045045045045
CER,lang,3,org.apache.commons.lang3.builder.ToStringBuilder,org.apache.commons.lang3.builder.ToStringStyle,793,19,0.02395964691046658
CER,lang,3,org.apache.commons.lang3.concurrent.MultiBackgroundInitializer,org.apache.commons.lang3.concurrent.BackgroundInitializer,63,8,0.12698412698412698
CER,lang,3,org.apache.commons.lang3.text.StrBuilder$StrBuilderReader,org.apache.commons.lang3.text.StrBuilder,2104,2,0.0009505703422053232
CER,lang,3,org.apache.commons.lang3.text.StrSubstitutor,org.apache.commons.lang3.text.StrBuilder,2104,16,0.0076045627376425855
CER,lang,3,org.apache.commons.lang3.text.translate.UnicodeEscaper,org.apache.commons.lang3.text.translate.CharSequenceTranslator,76,1,0.013157894736842105
CER,math,3,org.apache.commons.math.analysis.LaguerreSolver,org.apache.commons.math.complex.Complex,635,10,0.015748031496062992
CER,math,3,org.apache.commons.math.analysis.MullerSolver,org.apache.commons.math.analysis.UnivariateRealSolverImpl,159,58,0.36477987421383645
CER,math,3,org.apache.commons.math.geometry.Rotation,org.apache.commons.math.geometry.Vector3D,294,2,0.006802721088435374
CER,math,3,org.apache.commons.math.linear.MatrixUtils,org.apache.commons.math.linear.BigMatrixImpl,1175,1,0.000851063829787234
CER,math,3,org.apache.commons.math.ode.AbstractStepInterpolator,org.apache.commons.math.ode.DormandPrince853StepInterpolator,398,18,0.04522613065326633
CER,math,3,org.apache.commons.math.ode.ContinuousOutputModel,org.apache.commons.math.ode.AbstractStepInterpolator,131,3,0.022900763358778626
CER,math,3,org.apache.commons.math.ode.EmbeddedRungeKuttaIntegrator,org.apache.commons.math.ode.DormandPrince853Integrator,115,1,0.008695652173913044
CER,math,3,org.apache.commons.math.ode.EmbeddedRungeKuttaIntegrator,org.apache.commons.math.ode.HighamHall54Integrator,50,3,0.06
CER,math,3,org.apache.commons.math.ode.GraggBulirschStoerIntegrator,org.apache.commons.math.ode.AdaptiveStepsizeIntegrator,278,17,0.06115107913669065
CER,math,3,org.apache.commons.math.ode.GraggBulirschStoerIntegrator,org.apache.commons.math.ode.SwitchingFunctionsHandler,117,3,0.02564102564102564
CER,math,3,org.apache.commons.math.ode.GraggBulirschStoerStepInterpolator,org.apache.commons.math.ode.AbstractStepInterpolator,131,9,0.06870229007633588
CER,math,3,org.apache.commons.math.ode.SwitchingFunctionsHandler,org.apache.commons.math.ode.SwitchState,188,9,0.047872340425531915
CER,math,3,org.apache.commons.math.ode.SwitchState,org.apache.commons.math.analysis.BrentSolver,283,3,0.01060070671378092
CER,math,3,org.apache.commons.math.optimization.NelderMead,org.apache.commons.math.optimization.DirectSearchOptimizer,223,58,0.2600896860986547
CER,math,3,org.apache.commons.math.random.EmpiricalDistributionImpl,org.apache.commons.math.stat.descriptive.SummaryStatistics,363,1,0.0027548209366391185
CER,math,3,org.apache.commons.math.stat.descriptive.AbstractStorelessUnivariateStatistic,org.apache.commons.math.stat.descriptive.moment.Variance,150,2,0.013333333333333334
CER,math,3,org.apache.commons.math.stat.descriptive.DescriptiveStatistics,org.apache.commons.math.util.ResizableDoubleArray,305,8,0.02622950819672131
CER,math,3,org.apache.commons.math.transform.FastFourierTransformer,org.apache.commons.math.complex.Complex,635,50,0.07874015748031496
CER,mockito,3,org.mockito.asm.AnnotationWriter,org.mockito.asm.ClassWriter,883,36,0.04077010192525481
CER,mockito,3,org.mockito.asm.MethodWriter,org.mockito.asm.ByteVector,300,44,0.14666666666666667
CER,mockito,3,org.mockito.cglib.core.ClassEmitter,org.mockito.cglib.transform.impl.InterceptFieldTransformer,188,5,0.026595744680851064
CER,mockito,3,org.mockito.cglib.core.CodeEmitter,org.mockito.cglib.core.TypeUtils,725,7,0.009655172413793104
CER,mockito,3,org.mockito.cglib.core.EmitUtils,org.mockito.cglib.core.CodeEmitter,745,10,0.013422818791946308
CER,mockito,3,org.mockito.cglib.proxy.Enhancer,org.mockito.cglib.core.ReflectUtils,518,37,0.07142857142857142
CER,mockito,3,org.mockito.cglib.proxy.Mixin$Generator,org.mockito.cglib.core.AbstractClassGenerator,126,2,0.015873015873015872
CER,time,3,org.joda.time.base.AbstractPartial,org.joda.time.MonthDay,286,31,0.10839160839160839
CER,time,3,org.joda.time.base.AbstractPartial,org.joda.time.YearMonth,299,2,0.006688963210702341
CER,time,3,org.joda.time.base.BasePeriod,org.joda.time.base.AbstractPeriod,132,4,0.030303030303030304
CER,time,3,org.joda.time.chrono.BasicChronology,org.joda.time.chrono.CopticChronology,136,68,0.5
CER,time,3,org.joda.time.chrono.BasicChronology,org.joda.time.chrono.IslamicChronology,352,6,0.017045454545454544
CER,time,3,org.joda.time.chrono.BasicWeekyearDateTimeField,org.joda.time.chrono.BasicChronology,503,14,0.027833001988071572
CER,time,3,org.joda.time.chrono.CopticChronology,org.joda.time.DateTimeZone,734,17,0.02316076294277929
CER,time,3,org.joda.time.chrono.GJChronology,org.joda.time.chrono.GJChronology$CutoverField,367,8,0.021798365122615803
CER,time,3,org.joda.time.chrono.GJChronology,org.joda.time.chrono.JulianChronology,157,1,0.006369426751592357
CER,time,3,org.joda.time.chrono.ISOChronology,org.joda.time.chrono.AssembledChronology,359,33,0.09192200557103064
CER,time,3,org.joda.time.chrono.ISOChronology,org.joda.time.DateTimeZone,734,22,0.02997275204359673
CER,time,3,org.joda.time.chrono.ZonedChronology,org.joda.time.DateTimeZone,734,1,0.0013623978201634877
CER,time,3,org.joda.time.chrono.ZonedChronology$ZonedDateTimeField,org.joda.time.DateTimeZone,734,3,0.004087193460490463
CER,time,3,org.joda.time.DateTimeUtils,org.joda.time.DateTimeZone,734,30,0.04087193460490463
CER,time,3,org.joda.time.Days,org.joda.time.base.BaseSingleFieldPeriod,228,5,0.021929824561403508
CER,time,3,org.joda.time.format.DateTimeFormatter,org.joda.time.format.DateTimeParserBucket,275,3,0.01090909090909091
CER,time,3,org.joda.time.format.DateTimeFormatterBuilder$TextField,org.joda.time.format.DateTimeParserBucket,275,7,0.025454545454545455
CER,time,3,org.joda.time.format.ISODateTimeFormat,org.joda.time.format.DateTimeFormatterBuilder,643,1,0.0015552099533437014
CER,time,3,org.joda.time.Hours,org.joda.time.base.BaseSingleFieldPeriod,228,1,0.0043859649122807015
CER,time,3,org.joda.time.LocalDate,org.joda.time.format.ISODateTimeFormat,1510,33,0.02185430463576159
CER,time,3,org.joda.time.LocalDateTime,org.joda.time.DateTimeZone,734,58,0.07901907356948229
CER,time,3,org.joda.time.Minutes,org.joda.time.base.BaseSingleFieldPeriod,228,5,0.021929824561403508
CER,time,3,org.joda.time.MutableInterval,org.joda.time.base.BaseInterval,109,6,0.05504587155963303
CER,time,3,org.joda.time.MutablePeriod,org.joda.time.base.BasePeriod,350,3,0.008571428571428572
CER,time,3,org.joda.time.Period,org.joda.time.base.BasePeriod,350,11,0.03142857142857143
CER,time,3,org.joda.time.Period,org.joda.time.PeriodType,907,95,0.10474090407938258
CER,time,3,org.joda.time.Seconds,org.joda.time.base.BaseSingleFieldPeriod,228,1,0.0043859649122807015
CER,time,3,org.joda.time.tz.ZoneInfoCompiler,org.joda.time.DateTimeZone,734,3,0.004087193460490463
CER,time,3,org.joda.time.Weeks,org.joda.time.base.BaseSingleFieldPeriod,228,5,0.021929824561403508
CER,time,3,org.joda.time.YearMonthDay,org.joda.time.base.BasePartial,84,3,0.03571428571428571
CER,closure,4,com.google.javascript.rhino.head.IdScriptableObject,com.google.javascript.rhino.head.ScriptableObject,2404,8,0.0033277870216306157
CER,closure,4,com.google.javascript.rhino.head.Interpreter,com.google.javascript.rhino.head.InterpretedFunction,105,1,0.009523809523809525
CER,closure,4,com.google.javascript.rhino.head.IRFactory,com.google.javascript.rhino.head.Node,670,7,0.010447761194029851
CER,closure,4,com.google.javascript.rhino.head.IRFactory,com.google.javascript.rhino.head.Parser,4058,6,0.0014785608674223755
CER,closure,4,com.google.javascript.rhino.head.NativeArray,com.google.javascript.rhino.head.ScriptableObject,2404,23,0.00956738768718802
CER,closure,4,com.google.javascript.rhino.head.NativeObject,com.google.javascript.rhino.head.ScriptableObject,2404,8,0.0033277870216306157
CER,closure,4,com.google.javascript.rhino.head.tools.debugger.Dim,com.google.javascript.rhino.head.ScriptRuntime,4533,6,0.0013236267372600927
CER,closure,4,com.google.javascript.rhino.head.tools.shell.Global,com.google.javascript.rhino.head.ScriptRuntime,4533,3,0.0006618133686300463
CER,lang,4,org.apache.commons.lang3.builder.ReflectionToStringBuilder,org.apache.commons.lang3.builder.ToStringBuilder,222,4,0.018018018018018018
CER,lang,4,org.apache.commons.lang3.builder.ToStringBuilder,org.apache.commons.lang3.builder.ToStringStyle,793,5,0.006305170239596469
CER,lang,4,org.apache.commons.lang3.text.StrBuilder$StrBuilderReader,org.apache.commons.lang3.text.StrBuilder,2104,2,0.0009505703422053232
CER,lang,4,org.apache.commons.lang3.text.StrSubstitutor,org.apache.commons.lang3.text.StrBuilder,2104,24,0.011406844106463879
CER,math,4,org.apache.commons.math.analysis.MullerSolver,org.apache.commons.math.analysis.UnivariateRealSolverImpl,159,52,0.3270440251572327
CER,math,4,org.apache.commons.math.distribution.AbstractIntegerDistribution,org.apache.commons.math.distribution.HypergeometricDistributionImpl,150,4,0.02666666666666667
CER,math,4,org.apache.commons.math.fraction.ProperFractionFormat,org.apache.commons.math.fraction.FractionFormat,171,1,0.005847953216374269
CER,math,4,org.apache.commons.math.geometry.Rotation,org.apache.commons.math.geometry.Vector3D,294,6,0.02040816326530612
CER,math,4,org.apache.commons.math.linear.MatrixUtils,org.apache.commons.math.linear.BigMatrixImpl,1175,12,0.010212765957446808
CER,math,4,org.apache.commons.math.ode.AbstractStepInterpolator,org.apache.commons.math.ode.DormandPrince853StepInterpolator,398,21,0.052763819095477386
CER,math,4,org.apache.commons.math.ode.ContinuousOutputModel,org.apache.commons.math.ode.AbstractStepInterpolator,131,1,0.007633587786259542
CER,math,4,org.apache.commons.math.ode.EmbeddedRungeKuttaIntegrator,org.apache.commons.math.ode.DormandPrince853Integrator,115,6,0.05217391304347826
CER,math,4,org.apache.commons.math.ode.EmbeddedRungeKuttaIntegrator,org.apache.commons.math.ode.HighamHall54Integrator,50,3,0.06
CER,math,4,org.apache.commons.math.ode.GraggBulirschStoerIntegrator,org.apache.commons.math.ode.AdaptiveStepsizeIntegrator,278,13,0.046762589928057555
CER,math,4,org.apache.commons.math.ode.GraggBulirschStoerStepInterpolator,org.apache.commons.math.ode.AbstractStepInterpolator,131,15,0.11450381679389313
CER,math,4,org.apache.commons.math.ode.SwitchingFunctionsHandler,org.apache.commons.math.ode.SwitchState,188,28,0.14893617021276595
CER,math,4,org.apache.commons.math.ode.SwitchState,org.apache.commons.math.analysis.BrentSolver,283,8,0.028268551236749116
CER,math,4,org.apache.commons.math.optimization.NelderMead,org.apache.commons.math.optimization.DirectSearchOptimizer,223,43,0.19282511210762332
CER,math,4,org.apache.commons.math.stat.descriptive.AbstractStorelessUnivariateStatistic,org.apache.commons.math.stat.descriptive.moment.Variance,150,3,0.02
CER,math,4,org.apache.commons.math.stat.descriptive.DescriptiveStatistics,org.apache.commons.math.util.ResizableDoubleArray,305,12,0.03934426229508197
CER,math,4,org.apache.commons.math.stat.inference.TTestImpl,org.apache.commons.math.stat.StatUtils,127,2,0.015748031496062992
CER,math,4,org.apache.commons.math.transform.FastFourierTransformer,org.apache.commons.math.complex.Complex,635,37,0.05826771653543307
CER,mockito,4,org.mockito.asm.AnnotationWriter,org.mockito.asm.ClassWriter,883,48,0.05436013590033975
CER,mockito,4,org.mockito.asm.MethodWriter,org.mockito.asm.ByteVector,300,49,0.16333333333333333
CER,mockito,4,org.mockito.asm.MethodWriter,org.mockito.asm.ClassWriter,883,3,0.0033975084937712344
CER,mockito,4,org.mockito.asm.tree.analysis.BasicVerifier,org.mockito.asm.tree.analysis.BasicInterpreter,413,2,0.004842615012106538
CER,mockito,4,org.mockito.cglib.core.CodeEmitter,org.mockito.cglib.core.TypeUtils,725,12,0.016551724137931035
CER,mockito,4,org.mockito.cglib.core.EmitUtils,org.mockito.cglib.core.CodeEmitter,745,20,0.026845637583892617
CER,mockito,4,org.mockito.cglib.proxy.Enhancer,org.mockito.cglib.core.CodeEmitter,745,159,0.2134228187919463
CER,mockito,4,org.mockito.cglib.proxy.Enhancer,org.mockito.cglib.core.ReflectUtils,519,46,0.08863198458574181
CER,mockito,4,org.mockito.cglib.proxy.Mixin$Generator,org.mockito.cglib.core.AbstractClassGenerator,126,3,0.023809523809523808
CER,mockito,4,org.mockito.cglib.proxy.Mixin$Generator,org.mockito.cglib.core.ReflectUtils,519,68,0.13102119460500963
CER,time,4,org.joda.time.base.AbstractPartial,org.joda.time.MonthDay,286,4,0.013986013986013986
CER,time,4,org.joda.time.chrono.BasicChronology,org.joda.time.chrono.EthiopicChronology,133,2,0.015037593984962405
CER,time,4,org.joda.time.chrono.BasicChronology,org.joda.time.chrono.IslamicChronology,352,9,0.02556818181818182
CER,time,4,org.joda.time.chrono.BasicWeekyearDateTimeField,org.joda.time.chrono.BasicChronology,503,3,0.005964214711729622
CER,time,4,org.joda.time.chrono.CopticChronology,org.joda.time.DateTimeZone,734,52,0.07084468664850137
CER,time,4,org.joda.time.chrono.GJChronology,org.joda.time.chrono.GJChronology$CutoverField,367,4,0.010899182561307902
CER,time,4,org.joda.time.chrono.GJChronology,org.joda.time.chrono.JulianChronology,157,16,0.10191082802547771
CER,time,4,org.joda.time.chrono.ISOChronology,org.joda.time.chrono.AssembledChronology,359,15,0.04178272980501393
CER,time,4,org.joda.time.chrono.ISOChronology,org.joda.time.DateTimeZone,734,175,0.23841961852861035
CER,time,4,org.joda.time.chrono.ZonedChronology,org.joda.time.DateTimeZone,734,24,0.0326975476839237
CER,time,4,org.joda.time.chrono.ZonedChronology$ZonedDateTimeField,org.joda.time.DateTimeZone,734,34,0.04632152588555858
CER,time,4,org.joda.time.DateTimeUtils,org.joda.time.DateTimeZone,734,6,0.008174386920980926
CER,time,4,org.joda.time.Days,org.joda.time.base.BaseSingleFieldPeriod,228,6,0.02631578947368421
CER,time,4,org.joda.time.format.DateTimeFormat,org.joda.time.format.DateTimeFormatterBuilder,642,2,0.003115264797507788
CER,time,4,org.joda.time.format.DateTimeFormatter,org.joda.time.DateTimeZone,734,16,0.021798365122615803
CER,time,4,org.joda.time.format.DateTimeFormatter,org.joda.time.format.DateTimeParserBucket,274,11,0.040145985401459854
CER,time,4,org.joda.time.format.DateTimeFormatterBuilder$TextField,org.joda.time.format.DateTimeParserBucket,274,4,0.014598540145985401
CER,time,4,org.joda.time.format.DateTimeParserBucket$SavedState,org.joda.time.format.DateTimeParserBucket,274,3,0.010948905109489052
CER,time,4,org.joda.time.Hours,org.joda.time.base.BaseSingleFieldPeriod,228,5,0.021929824561403508
CER,time,4,org.joda.time.LocalDate,org.joda.time.format.ISODateTimeFormat,1510,6,0.003973509933774834
CER,time,4,org.joda.time.LocalDateTime,org.joda.time.DateTimeZone,734,14,0.01907356948228883
CER,time,4,org.joda.time.LocalDateTime,org.joda.time.format.DateTimeFormatter,466,3,0.006437768240343348
CER,time,4,org.joda.time.Minutes,org.joda.time.base.BaseSingleFieldPeriod,228,7,0.03070175438596491
CER,time,4,org.joda.time.MutableInterval,org.joda.time.base.BaseInterval,109,5,0.045871559633027525
CER,time,4,org.joda.time.MutablePeriod,org.joda.time.base.BasePeriod,350,3,0.008571428571428572
CER,time,4,org.joda.time.Period,org.joda.time.base.AbstractPeriod,132,2,0.015151515151515152
CER,time,4,org.joda.time.Period,org.joda.time.base.BasePeriod,350,19,0.054285714285714284
CER,time,4,org.joda.time.Period,org.joda.time.PeriodType,907,14,0.015435501653803748
CER,time,4,org.joda.time.Seconds,org.joda.time.base.BaseSingleFieldPeriod,228,4,0.017543859649122806
CER,time,4,org.joda.time.tz.ZoneInfoCompiler,org.joda.time.DateTimeZone,734,139,0.1893732970027248
CER,time,4,org.joda.time.Weeks,org.joda.time.base.BaseSingleFieldPeriod,228,7,0.03070175438596491
CER,time,4,org.joda.time.YearMonthDay,org.joda.time.base.BasePartial,84,3,0.03571428571428571
CER,closure,5,com.google.javascript.jscomp.NodeUtil,com.google.javascript.rhino.Node,2336,3,0.0012842465753424657
CER,closure,5,com.google.javascript.rhino.head.Interpreter,com.google.javascript.rhino.head.ScriptableObject,2403,38,0.01581356637536413
CER,closure,5,com.google.javascript.rhino.head.IRFactory,com.google.javascript.rhino.head.Parser,4058,7,0.0017249876786594382
CER,closure,5,com.google.javascript.rhino.head.NativeArray,com.google.javascript.rhino.head.IdScriptableObject,491,1,0.002036659877800407
CER,closure,5,com.google.javascript.rhino.head.NativeArray,com.google.javascript.rhino.head.ScriptRuntime,4533,7,0.001544231193470108
CER,closure,5,com.google.javascript.rhino.head.NativeObject,com.google.javascript.rhino.head.ScriptableObject,2403,80,0.033291718684977115
CER,closure,5,com.google.javascript.rhino.head.ScriptRuntime,com.google.javascript.rhino.head.ScriptableObject,2403,10,0.004161464835622139
CER,closure,5,com.google.javascript.rhino.head.tools.debugger.Dim,com.google.javascript.rhino.head.ScriptRuntime,4533,1,0.00022060445621001543
CER,lang,5,org.apache.commons.lang3.builder.ToStringBuilder,org.apache.commons.lang3.builder.ToStringStyle,793,1,0.0012610340479192938
CER,lang,5,org.apache.commons.lang3.concurrent.MultiBackgroundInitializer,org.apache.commons.lang3.concurrent.BackgroundInitializer,63,5,0.07936507936507936
CER,lang,5,org.apache.commons.lang3.text.StrBuilder$StrBuilderReader,org.apache.commons.lang3.text.StrBuilder,2105,5,0.0023752969121140144
CER,lang,5,org.apache.commons.lang3.text.StrSubstitutor,org.apache.commons.lang3.text.StrBuilder,2105,36,0.0171021377672209
CER,lang,5,org.apache.commons.lang3.text.StrTokenizer,org.apache.commons.lang3.text.StrMatcher,80,2,0.025
CER,lang,5,org.apache.commons.lang3.text.translate.UnicodeEscaper,org.apache.commons.lang3.text.translate.CharSequenceTranslator,76,31,0.40789473684210525
CER,math,5,org.apache.commons.math.analysis.LaguerreSolver,org.apache.commons.math.complex.Complex,635,39,0.06141732283464567
CER,math,5,org.apache.commons.math.analysis.MullerSolver,org.apache.commons.math.analysis.UnivariateRealSolverImpl,159,56,0.3522012578616352
CER,math,5,org.apache.commons.math.distribution.AbstractIntegerDistribution,org.apache.commons.math.distribution.HypergeometricDistributionImpl,150,4,0.02666666666666667
CER,math,5,org.apache.commons.math.geometry.Rotation,org.apache.commons.math.geometry.Vector3D,294,3,0.01020408163265306
CER,math,5,org.apache.commons.math.linear.MatrixUtils,org.apache.commons.math.linear.BigMatrixImpl,1175,1,0.000851063829787234
CER,math,5,org.apache.commons.math.ode.AbstractStepInterpolator,org.apache.commons.math.ode.DormandPrince853StepInterpolator,398,27,0.0678391959798995
CER,math,5,org.apache.commons.math.ode.EmbeddedRungeKuttaIntegrator,org.apache.commons.math.ode.DormandPrince853Integrator,115,5,0.043478260869565216
CER,math,5,org.apache.commons.math.ode.EmbeddedRungeKuttaIntegrator,org.apache.commons.math.ode.HighamHall54Integrator,50,1,0.02
CER,math,5,org.apache.commons.math.ode.GraggBulirschStoerIntegrator,org.apache.commons.math.ode.AdaptiveStepsizeIntegrator,278,15,0.0539568345323741
CER,math,5,org.apache.commons.math.ode.GraggBulirschStoerStepInterpolator,org.apache.commons.math.ode.AbstractStepInterpolator,131,8,0.061068702290076333
CER,math,5,org.apache.commons.math.ode.SwitchingFunctionsHandler,org.apache.commons.math.ode.SwitchState,188,27,0.14361702127659576
CER,math,5,org.apache.commons.math.ode.SwitchState,org.apache.commons.math.analysis.BrentSolver,283,10,0.0353356890459364
CER,math,5,org.apache.commons.math.optimization.NelderMead,org.apache.commons.math.optimization.DirectSearchOptimizer,223,17,0.07623318385650224
CER,math,5,org.apache.commons.math.stat.descriptive.AbstractStorelessUnivariateStatistic,org.apache.commons.math.stat.descriptive.moment.Variance,150,1,0.006666666666666667
CER,math,5,org.apache.commons.math.stat.descriptive.DescriptiveStatistics,org.apache.commons.math.util.ResizableDoubleArray,305,9,0.029508196721311476
CER,math,5,org.apache.commons.math.stat.inference.TTestImpl,org.apache.commons.math.stat.StatUtils,127,1,0.007874015748031496
CER,math,5,org.apache.commons.math.transform.FastFourierTransformer,org.apache.commons.math.complex.Complex,635,23,0.03622047244094488
CER,mockito,5,org.mockito.asm.AnnotationWriter,org.mockito.asm.ClassWriter,884,38,0.042986425339366516
CER,mockito,5,org.mockito.asm.MethodWriter,org.mockito.asm.ByteVector,300,33,0.11
CER,mockito,5,org.mockito.cglib.core.CodeEmitter,org.mockito.cglib.core.TypeUtils,725,79,0.10896551724137932
CER,mockito,5,org.mockito.cglib.core.EmitUtils,org.mockito.cglib.core.CodeEmitter,745,16,0.021476510067114093
CER,mockito,5,org.mockito.cglib.proxy.Enhancer,org.mockito.cglib.core.ReflectUtils,518,35,0.06756756756756757
CER,mockito,5,org.mockito.cglib.proxy.Mixin$Generator,org.mockito.cglib.core.ReflectUtils,518,25,0.04826254826254826
CER,time,5,org.joda.time.base.AbstractPartial,org.joda.time.YearMonth,299,7,0.023411371237458192
CER,time,5,org.joda.time.base.BasePeriod,org.joda.time.base.AbstractPeriod,132,7,0.05303030303030303
CER,time,5,org.joda.time.chrono.BasicChronology,org.joda.time.chrono.CopticChronology,136,48,0.35294117647058826
CER,time,5,org.joda.time.chrono.BasicChronology,org.joda.time.chrono.IslamicChronology,352,3,0.008522727272727272
CER,time,5,org.joda.time.chrono.BasicWeekyearDateTimeField,org.joda.time.chrono.BasicChronology,503,3,0.005964214711729622
CER,time,5,org.joda.time.chrono.CopticChronology,org.joda.time.DateTimeZone,734,36,0.04904632152588556
CER,time,5,org.joda.time.chrono.GJChronology,org.joda.time.chrono.GJChronology$CutoverField,367,1,0.0027247956403269754
CER,time,5,org.joda.time.chrono.GJChronology,org.joda.time.chrono.JulianChronology,157,5,0.03184713375796178
CER,time,5,org.joda.time.chrono.ISOChronology,org.joda.time.chrono.AssembledChronology,359,2,0.005571030640668524
CER,time,5,org.joda.time.chrono.ISOChronology,org.joda.time.DateTimeZone,734,32,0.043596730245231606
CER,time,5,org.joda.time.chrono.ZonedChronology,org.joda.time.DateTimeZone,734,17,0.02316076294277929
CER,time,5,org.joda.time.chrono.ZonedChronology$ZonedDateTimeField,org.joda.time.DateTimeZone,734,40,0.05449591280653951
CER,time,5,org.joda.time.DateTimeUtils,org.joda.time.DateTimeZone,734,11,0.014986376021798364
CER,time,5,org.joda.time.DateTimeZone,org.joda.time.format.FormatUtils,542,5,0.00922509225092251
CER,time,5,org.joda.time.Days,org.joda.time.base.BaseSingleFieldPeriod,228,8,0.03508771929824561
CER,time,5,org.joda.time.format.DateTimeFormat,org.joda.time.format.DateTimeFormatterBuilder,643,2,0.003110419906687403
CER,time,5,org.joda.time.format.DateTimeFormatter,org.joda.time.DateTimeZone,734,34,0.04632152588555858
CER,time,5,org.joda.time.format.DateTimeFormatterBuilder$PaddedNumber,org.joda.time.format.DateTimeFormatterBuilder,643,3,0.004665629860031105
CER,time,5,org.joda.time.format.DateTimeFormatterBuilder$TextField,org.joda.time.format.DateTimeParserBucket,274,5,0.01824817518248175
CER,time,5,org.joda.time.format.DateTimeParserBucket$SavedState,org.joda.time.format.DateTimeParserBucket,274,1,0.0036496350364963502
CER,time,5,org.joda.time.Hours,org.joda.time.base.BaseSingleFieldPeriod,228,4,0.017543859649122806
CER,time,5,org.joda.time.LocalDate,org.joda.time.format.ISODateTimeFormat,1510,1,0.0006622516556291391
CER,time,5,org.joda.time.LocalDateTime,org.joda.time.DateTimeZone,734,213,0.2901907356948229
CER,time,5,org.joda.time.LocalTime$Property,org.joda.time.LocalTime,729,3,0.00411522633744856
CER,time,5,org.joda.time.Minutes,org.joda.time.base.BaseSingleFieldPeriod,228,8,0.03508771929824561
CER,time,5,org.joda.time.MutableInterval,org.joda.time.base.BaseInterval,109,1,0.009174311926605505
CER,time,5,org.joda.time.MutablePeriod,org.joda.time.base.BasePeriod,350,5,0.014285714285714285
CER,time,5,org.joda.time.Period,org.joda.time.base.BasePeriod,350,7,0.02
CER,time,5,org.joda.time.Period,org.joda.time.PeriodType,907,513,0.565600882028666
CER,time,5,org.joda.time.Seconds,org.joda.time.base.BaseSingleFieldPeriod,228,4,0.017543859649122806
CER,time,5,org.joda.time.tz.ZoneInfoCompiler,org.joda.time.DateTimeZone,734,35,0.047683923705722074
CER,time,5,org.joda.time.Weeks,org.joda.time.base.BaseSingleFieldPeriod,228,5,0.021929824561403508
CER,time,5,org.joda.time.YearMonthDay,org.joda.time.base.BasePartial,84,6,0.07142857142857142
CER,closure,6,com.google.javascript.rhino.head.IRFactory,com.google.javascript.rhino.head.Node,670,6,0.008955223880597015
CER,closure,6,com.google.javascript.rhino.head.NativeArray,com.google.javascript.rhino.head.IdScriptableObject,491,8,0.016293279022403257
CER,closure,6,com.google.javascript.rhino.head.NativeObject,com.google.javascript.rhino.head.ScriptableObject,2403,33,0.01373283395755306
CER,closure,6,com.google.javascript.rhino.head.ScriptRuntime,com.google.javascript.rhino.head.ScriptableObject,2403,14,0.005826050769870994
CER,closure,6,com.google.javascript.rhino.head.tools.shell.Global,com.google.javascript.rhino.head.ScriptRuntime,4537,1,0.00022040996253030638
CER,lang,6,org.apache.commons.lang3.builder.ReflectionToStringBuilder,org.apache.commons.lang3.builder.ToStringBuilder,222,5,0.02252252252252252
CER,lang,6,org.apache.commons.lang3.builder.ToStringBuilder,org.apache.commons.lang3.builder.ToStringStyle,793,1,0.0012610340479192938
CER,lang,6,org.apache.commons.lang3.text.StrBuilder$StrBuilderReader,org.apache.commons.lang3.text.StrBuilder,2104,6,0.0028517110266159697
CER,lang,6,org.apache.commons.lang3.text.StrSubstitutor,org.apache.commons.lang3.text.StrBuilder,2104,28,0.013307984790874524
CER,math,6,org.apache.commons.math.analysis.LaguerreSolver,org.apache.commons.math.complex.Complex,635,113,0.17795275590551182
CER,math,6,org.apache.commons.math.analysis.MullerSolver,org.apache.commons.math.analysis.UnivariateRealSolverImpl,159,53,0.3333333333333333
CER,math,6,org.apache.commons.math.distribution.AbstractIntegerDistribution,org.apache.commons.math.distribution.HypergeometricDistributionImpl,150,3,0.02
CER,math,6,org.apache.commons.math.geometry.Rotation,org.apache.commons.math.geometry.Vector3D,294,5,0.017006802721088437
CER,math,6,org.apache.commons.math.linear.MatrixUtils,org.apache.commons.math.linear.BigMatrixImpl,1175,1,0.000851063829787234
CER,math,6,org.apache.commons.math.ode.AbstractStepInterpolator,org.apache.commons.math.ode.DormandPrince853StepInterpolator,398,24,0.06030150753768844
CER,math,6,org.apache.commons.math.ode.ContinuousOutputModel,org.apache.commons.math.ode.AbstractStepInterpolator,131,4,0.030534351145038167
CER,math,6,org.apache.commons.math.ode.EmbeddedRungeKuttaIntegrator,org.apache.commons.math.ode.DormandPrince853Integrator,115,1,0.008695652173913044
CER,math,6,org.apache.commons.math.ode.EmbeddedRungeKuttaIntegrator,org.apache.commons.math.ode.HighamHall54Integrator,50,4,0.08
CER,math,6,org.apache.commons.math.ode.GraggBulirschStoerIntegrator,org.apache.commons.math.ode.AdaptiveStepsizeIntegrator,278,13,0.046762589928057555
CER,math,6,org.apache.commons.math.ode.GraggBulirschStoerStepInterpolator,org.apache.commons.math.ode.AbstractStepInterpolator,131,7,0.05343511450381679
CER,math,6,org.apache.commons.math.ode.SwitchingFunctionsHandler,org.apache.commons.math.ode.SwitchState,188,25,0.13297872340425532
CER,math,6,org.apache.commons.math.ode.SwitchState,org.apache.commons.math.analysis.BrentSolver,283,24,0.08480565371024736
CER,math,6,org.apache.commons.math.optimization.NelderMead,org.apache.commons.math.optimization.DirectSearchOptimizer,223,6,0.026905829596412557
CER,math,6,org.apache.commons.math.stat.descriptive.AbstractStorelessUnivariateStatistic,org.apache.commons.math.stat.descriptive.moment.Variance,150,2,0.013333333333333334
CER,math,6,org.apache.commons.math.stat.descriptive.DescriptiveStatistics,org.apache.commons.math.util.ResizableDoubleArray,305,16,0.05245901639344262
CER,math,6,org.apache.commons.math.stat.inference.TTestImpl,org.apache.commons.math.stat.StatUtils,127,1,0.007874015748031496
CER,math,6,org.apache.commons.math.transform.FastFourierTransformer,org.apache.commons.math.complex.Complex,635,250,0.3937007874015748
CER,mockito,6,org.mockito.asm.AnnotationWriter,org.mockito.asm.ClassWriter,883,44,0.04983012457531144
CER,mockito,6,org.mockito.asm.MethodWriter,org.mockito.asm.ByteVector,300,41,0.13666666666666666
CER,mockito,6,org.mockito.cglib.core.CodeEmitter,org.mockito.cglib.core.TypeUtils,725,9,0.012413793103448275
CER,mockito,6,org.mockito.cglib.core.EmitUtils,org.mockito.cglib.core.CodeEmitter,745,12,0.016107382550335572
CER,mockito,6,org.mockito.cglib.proxy.Enhancer,org.mockito.cglib.core.ReflectUtils,518,37,0.07142857142857142
CER,mockito,6,org.mockito.cglib.proxy.Mixin$Generator,org.mockito.cglib.core.ReflectUtils,518,60,0.11583011583011583
CER,time,6,org.joda.time.base.AbstractPartial,org.joda.time.YearMonth,299,1,0.0033444816053511705
CER,time,6,org.joda.time.base.BasePeriod,org.joda.time.base.AbstractPeriod,132,1,0.007575757575757576
CER,time,6,org.joda.time.chrono.BasicChronology,org.joda.time.chrono.CopticChronology,136,49,0.3602941176470588
CER,time,6,org.joda.time.chrono.BasicChronology,org.joda.time.chrono.IslamicChronology,352,30,0.08522727272727272
CER,time,6,org.joda.time.chrono.BasicWeekyearDateTimeField,org.joda.time.chrono.BasicChronology,503,5,0.009940357852882704
CER,time,6,org.joda.time.chrono.CopticChronology,org.joda.time.DateTimeZone,734,18,0.02452316076294278
CER,time,6,org.joda.time.chrono.GJChronology,org.joda.time.chrono.JulianChronology,157,11,0.07006369426751592
CER,time,6,org.joda.time.chrono.ISOChronology,org.joda.time.chrono.AssembledChronology,359,10,0.027855153203342618
CER,time,6,org.joda.time.chrono.ISOChronology,org.joda.time.DateTimeZone,734,108,0.14713896457765668
CER,time,6,org.joda.time.chrono.ZonedChronology,org.joda.time.DateTimeZone,734,11,0.014986376021798364
CER,time,6,org.joda.time.chrono.ZonedChronology$ZonedDateTimeField,org.joda.time.DateTimeZone,734,13,0.017711171662125342
CER,time,6,org.joda.time.DateTimeUtils,org.joda.time.DateTimeZone,734,7,0.009536784741144414
CER,time,6,org.joda.time.DateTimeZone,org.joda.time.format.FormatUtils,542,2,0.0036900369003690036
CER,time,6,org.joda.time.Days,org.joda.time.base.BaseSingleFieldPeriod,228,1,0.0043859649122807015
CER,time,6,org.joda.time.format.DateTimeFormat,org.joda.time.format.DateTimeFormatterBuilder,642,4,0.006230529595015576
CER,time,6,org.joda.time.format.DateTimeFormatter,org.joda.time.DateTimeZone,734,1,0.0013623978201634877
CER,time,6,org.joda.time.format.DateTimeFormatter,org.joda.time.format.DateTimeParserBucket,274,12,0.043795620437956206
CER,time,6,org.joda.time.format.DateTimeFormatterBuilder$PaddedNumber,org.joda.time.format.DateTimeFormatterBuilder,642,7,0.010903426791277258
CER,time,6,org.joda.time.format.DateTimeFormatterBuilder$TextField,org.joda.time.format.DateTimeParserBucket,274,6,0.021897810218978103
CER,time,6,org.joda.time.format.DateTimeParserBucket$SavedState,org.joda.time.format.DateTimeParserBucket,274,2,0.0072992700729927005
CER,time,6,org.joda.time.format.ISODateTimeFormat,org.joda.time.format.DateTimeFormatterBuilder,642,1,0.001557632398753894
CER,time,6,org.joda.time.Hours,org.joda.time.base.BaseSingleFieldPeriod,228,2,0.008771929824561403
CER,time,6,org.joda.time.LocalDate,org.joda.time.format.ISODateTimeFormat,1510,35,0.023178807947019868
CER,time,6,org.joda.time.LocalDateTime,org.joda.time.DateTimeZone,734,33,0.04495912806539509
CER,time,6,org.joda.time.LocalDateTime,org.joda.time.format.DateTimeFormatter,466,3,0.006437768240343348
CER,time,6,org.joda.time.LocalTime$Property,org.joda.time.LocalTime,729,3,0.00411522633744856
CER,time,6,org.joda.time.Minutes,org.joda.time.base.BaseSingleFieldPeriod,228,5,0.021929824561403508
CER,time,6,org.joda.time.MutableInterval,org.joda.time.base.BaseInterval,109,2,0.01834862385321101
CER,time,6,org.joda.time.MutablePeriod,org.joda.time.base.BasePeriod,350,7,0.02
CER,time,6,org.joda.time.Period,org.joda.time.base.AbstractPeriod,132,1,0.007575757575757576
CER,time,6,org.joda.time.Period,org.joda.time.base.BasePeriod,350,7,0.02
CER,time,6,org.joda.time.Period,org.joda.time.PeriodType,907,21,0.023153252480705624
CER,time,6,org.joda.time.Seconds,org.joda.time.base.BaseSingleFieldPeriod,228,10,0.043859649122807015
CER,time,6,org.joda.time.tz.ZoneInfoCompiler,org.joda.time.DateTimeZone,734,8,0.010899182561307902
CER,time,6,org.joda.time.Weeks,org.joda.time.base.BaseSingleFieldPeriod,228,5,0.021929824561403508
CER,time,6,org.joda.time.YearMonthDay,org.joda.time.base.BasePartial,84,6,0.07142857142857142
CER,closure,7,com.google.javascript.rhino.head.IdScriptableObject,com.google.javascript.rhino.head.ScriptableObject,2403,25,0.010403662089055347
CER,closure,7,com.google.javascript.rhino.head.NativeArray,com.google.javascript.rhino.head.IdScriptableObject,491,38,0.07739307535641547
CER,closure,7,com.google.javascript.rhino.head.NativeArray,com.google.javascript.rhino.head.ScriptableObject,2403,39,0.016229712858926344
CER,closure,7,com.google.javascript.rhino.head.NativeArray,com.google.javascript.rhino.head.ScriptRuntime,4535,8,0.0017640573318632856
CER,closure,7,com.google.javascript.rhino.head.tools.shell.Global,com.google.javascript.rhino.head.ScriptRuntime,4535,3,0.000661521499448732
CER,closure,7,com.google.javascript.rhino.JSDocInfoBuilder,com.google.javascript.rhino.JSDocInfo,954,128,0.13417190775681342
CER,closure,7,com.google.javascript.rhino.jstype.JSType,com.google.javascript.rhino.jstype.UnionType,483,3,0.006211180124223602
CER,lang,7,org.apache.commons.lang3.builder.ReflectionToStringBuilder,org.apache.commons.lang3.builder.ToStringBuilder,222,3,0.013513513513513514
CER,lang,7,org.apache.commons.lang3.concurrent.MultiBackgroundInitializer,org.apache.commons.lang3.concurrent.BackgroundInitializer,63,6,0.09523809523809523
CER,lang,7,org.apache.commons.lang3.text.StrBuilder$StrBuilderReader,org.apache.commons.lang3.text.StrBuilder,2104,2,0.0009505703422053232
CER,lang,7,org.apache.commons.lang3.text.StrSubstitutor,org.apache.commons.lang3.text.StrBuilder,2104,12,0.005703422053231939
CER,lang,7,org.apache.commons.lang3.text.translate.UnicodeEscaper,org.apache.commons.lang3.text.translate.CharSequenceTranslator,76,1,0.013157894736842105
CER,math,7,org.apache.commons.math.analysis.LaguerreSolver,org.apache.commons.math.complex.Complex,635,16,0.025196850393700787
CER,math,7,org.apache.commons.math.analysis.MullerSolver,org.apache.commons.math.analysis.UnivariateRealSolverImpl,159,54,0.33962264150943394
CER,math,7,org.apache.commons.math.distribution.AbstractIntegerDistribution,org.apache.commons.math.distribution.HypergeometricDistributionImpl,150,2,0.013333333333333334
CER,math,7,org.apache.commons.math.fraction.ProperFractionFormat,org.apache.commons.math.fraction.FractionFormat,171,1,0.005847953216374269
CER,math,7,org.apache.commons.math.geometry.Rotation,org.apache.commons.math.geometry.Vector3D,294,18,0.061224489795918366
CER,math,7,org.apache.commons.math.linear.MatrixUtils,org.apache.commons.math.linear.BigMatrixImpl,1175,1,0.000851063829787234
CER,math,7,org.apache.commons.math.ode.AbstractStepInterpolator,org.apache.commons.math.ode.DormandPrince853StepInterpolator,398,26,0.06532663316582915
CER,math,7,org.apache.commons.math.ode.ContinuousOutputModel,org.apache.commons.math.ode.AbstractStepInterpolator,131,1,0.007633587786259542
CER,math,7,org.apache.commons.math.ode.EmbeddedRungeKuttaIntegrator,org.apache.commons.math.ode.DormandPrince853Integrator,115,4,0.034782608695652174
CER,math,7,org.apache.commons.math.ode.EmbeddedRungeKuttaIntegrator,org.apache.commons.math.ode.HighamHall54Integrator,50,3,0.06
CER,math,7,org.apache.commons.math.ode.GraggBulirschStoerIntegrator,org.apache.commons.math.ode.AdaptiveStepsizeIntegrator,278,24,0.08633093525179857
CER,math,7,org.apache.commons.math.ode.GraggBulirschStoerStepInterpolator,org.apache.commons.math.ode.AbstractStepInterpolator,131,9,0.06870229007633588
CER,math,7,org.apache.commons.math.ode.SwitchingFunctionsHandler,org.apache.commons.math.ode.SwitchState,188,11,0.05851063829787234
CER,math,7,org.apache.commons.math.optimization.NelderMead,org.apache.commons.math.optimization.DirectSearchOptimizer,223,48,0.21524663677130046
CER,math,7,org.apache.commons.math.stat.descriptive.AbstractStorelessUnivariateStatistic,org.apache.commons.math.stat.descriptive.moment.Variance,150,3,0.02
CER,math,7,org.apache.commons.math.stat.descriptive.DescriptiveStatistics,org.apache.commons.math.util.ResizableDoubleArray,305,25,0.08196721311475409
CER,math,7,org.apache.commons.math.transform.FastFourierTransformer,org.apache.commons.math.complex.Complex,635,19,0.029921259842519685
CER,mockito,7,org.mockito.asm.AnnotationWriter,org.mockito.asm.ClassWriter,884,65,0.07352941176470588
CER,mockito,7,org.mockito.asm.MethodWriter,org.mockito.asm.ByteVector,300,26,0.08666666666666667
CER,mockito,7,org.mockito.asm.MethodWriter,org.mockito.asm.ClassWriter,884,1,0.0011312217194570137
CER,mockito,7,org.mockito.asm.tree.analysis.BasicVerifier,org.mockito.asm.tree.analysis.BasicInterpreter,413,5,0.012106537530266344
CER,mockito,7,org.mockito.cglib.core.ClassEmitter,org.mockito.cglib.transform.impl.InterceptFieldTransformer,188,10,0.05319148936170213
CER,mockito,7,org.mockito.cglib.core.CodeEmitter,org.mockito.cglib.core.TypeUtils,725,7,0.009655172413793104
CER,mockito,7,org.mockito.cglib.core.EmitUtils,org.mockito.cglib.core.CodeEmitter,745,2,0.0026845637583892616
CER,mockito,7,org.mockito.cglib.proxy.Enhancer,org.mockito.cglib.core.ReflectUtils,518,43,0.08301158301158301
CER,time,7,org.joda.time.base.AbstractPartial,org.joda.time.MonthDay,286,9,0.03146853146853147
CER,time,7,org.joda.time.chrono.BasicChronology,org.joda.time.chrono.CopticChronology,136,13,0.09558823529411764
CER,time,7,org.joda.time.chrono.BasicChronology,org.joda.time.chrono.EthiopicChronology,133,21,0.15789473684210525
CER,time,7,org.joda.time.chrono.BasicWeekyearDateTimeField,org.joda.time.chrono.BasicChronology,503,8,0.015904572564612324
CER,time,7,org.joda.time.chrono.CopticChronology,org.joda.time.DateTimeZone,734,15,0.020435967302452316
CER,time,7,org.joda.time.chrono.GJChronology,org.joda.time.chrono.JulianChronology,157,1,0.006369426751592357
CER,time,7,org.joda.time.chrono.ISOChronology,org.joda.time.chrono.AssembledChronology,359,3,0.008356545961002786
CER,time,7,org.joda.time.chrono.ISOChronology,org.joda.time.DateTimeZone,734,35,0.047683923705722074
CER,time,7,org.joda.time.chrono.ZonedChronology,org.joda.time.chrono.AssembledChronology,359,2,0.005571030640668524
CER,time,7,org.joda.time.chrono.ZonedChronology$ZonedDateTimeField,org.joda.time.DateTimeZone,734,5,0.006811989100817439
CER,time,7,org.joda.time.DateTimeUtils,org.joda.time.DateTimeZone,734,10,0.013623978201634877
CER,time,7,org.joda.time.Days,org.joda.time.base.BaseSingleFieldPeriod,228,4,0.017543859649122806
CER,time,7,org.joda.time.format.DateTimeFormat,org.joda.time.format.DateTimeFormatterBuilder,642,1,0.001557632398753894
CER,time,7,org.joda.time.format.DateTimeFormatter,org.joda.time.format.DateTimeParserBucket,274,4,0.014598540145985401
CER,time,7,org.joda.time.format.DateTimeFormatterBuilder$PaddedNumber,org.joda.time.format.DateTimeFormatterBuilder,642,3,0.004672897196261682
CER,time,7,org.joda.time.format.DateTimeParserBucket$SavedState,org.joda.time.format.DateTimeParserBucket,274,5,0.01824817518248175
CER,time,7,org.joda.time.Hours,org.joda.time.base.BaseSingleFieldPeriod,228,5,0.021929824561403508
CER,time,7,org.joda.time.LocalDate,org.joda.time.format.ISODateTimeFormat,1510,1,0.0006622516556291391
CER,time,7,org.joda.time.LocalDateTime,org.joda.time.DateTimeZone,734,19,0.025885558583106268
CER,time,7,org.joda.time.LocalDateTime,org.joda.time.format.DateTimeFormatter,466,3,0.006437768240343348
CER,time,7,org.joda.time.LocalTime$Property,org.joda.time.LocalTime,729,31,0.04252400548696845
CER,time,7,org.joda.time.Minutes,org.joda.time.base.BaseSingleFieldPeriod,228,1,0.0043859649122807015
CER,time,7,org.joda.time.MutableInterval,org.joda.time.base.BaseInterval,109,2,0.01834862385321101
CER,time,7,org.joda.time.MutablePeriod,org.joda.time.base.BasePeriod,350,1,0.002857142857142857
CER,time,7,org.joda.time.Period,org.joda.time.base.AbstractPeriod,132,1,0.007575757575757576
CER,time,7,org.joda.time.Period,org.joda.time.base.BasePeriod,350,1,0.002857142857142857
CER,time,7,org.joda.time.Period,org.joda.time.PeriodType,907,13,0.014332965821389196
CER,time,7,org.joda.time.Seconds,org.joda.time.base.BaseSingleFieldPeriod,228,1,0.0043859649122807015
CER,time,7,org.joda.time.tz.ZoneInfoCompiler,org.joda.time.DateTimeZone,734,11,0.014986376021798364
CER,time,7,org.joda.time.Weeks,org.joda.time.base.BaseSingleFieldPeriod,228,5,0.021929824561403508
CER,time,7,org.joda.time.YearMonthDay,org.joda.time.base.BasePartial,84,6,0.07142857142857142
CER,closure,8,com.google.javascript.rhino.head.IdScriptableObject,com.google.javascript.rhino.head.ScriptableObject,2405,20,0.008316008316008316
CER,closure,8,com.google.javascript.rhino.head.Interpreter,com.google.javascript.rhino.head.ScriptableObject,2405,7,0.0029106029106029108
CER,closure,8,com.google.javascript.rhino.head.IRFactory,com.google.javascript.rhino.head.Parser,4058,1,0.0002464268112370626
CER,closure,8,com.google.javascript.rhino.head.regexp.NativeRegExp,com.google.javascript.rhino.head.ScriptRuntime,4534,12,0.002646669607410675
CER,closure,8,com.google.javascript.rhino.head.tools.debugger.Dim,com.google.javascript.rhino.head.ScriptRuntime,4534,3,0.0006616674018526688
CER,closure,8,com.google.javascript.rhino.head.tools.shell.Global,com.google.javascript.rhino.head.ScriptRuntime,4534,1,0.00022055580061755624
CER,closure,8,com.google.javascript.rhino.jstype.JSType,com.google.javascript.rhino.jstype.ProxyObjectType,345,3,0.008695652173913044
CER,lang,8,org.apache.commons.lang3.builder.ToStringBuilder,org.apache.commons.lang3.builder.ToStringStyle,793,102,0.12862547288776796
CER,lang,8,org.apache.commons.lang3.builder.ToStringStyle,org.apache.commons.lang3.ClassUtils,830,1,0.0012048192771084338
CER,lang,8,org.apache.commons.lang3.concurrent.MultiBackgroundInitializer,org.apache.commons.lang3.concurrent.BackgroundInitializer,63,3,0.047619047619047616
CER,lang,8,org.apache.commons.lang3.text.StrBuilder$StrBuilderReader,org.apache.commons.lang3.text.StrBuilder,2104,108,0.051330798479087454
CER,lang,8,org.apache.commons.lang3.text.StrSubstitutor,org.apache.commons.lang3.text.StrBuilder,2104,203,0.09648288973384031
CER,math,8,org.apache.commons.math.analysis.LaguerreSolver,org.apache.commons.math.complex.Complex,635,5,0.007874015748031496
CER,math,8,org.apache.commons.math.analysis.MullerSolver,org.apache.commons.math.analysis.UnivariateRealSolverImpl,159,50,0.31446540880503143
CER,math,8,org.apache.commons.math.distribution.AbstractIntegerDistribution,org.apache.commons.math.distribution.HypergeometricDistributionImpl,150,3,0.02
CER,math,8,org.apache.commons.math.fraction.ProperFractionFormat,org.apache.commons.math.fraction.FractionFormat,171,2,0.011695906432748537
CER,math,8,org.apache.commons.math.geometry.Rotation,org.apache.commons.math.geometry.Vector3D,294,4,0.013605442176870748
CER,math,8,org.apache.commons.math.linear.MatrixUtils,org.apache.commons.math.linear.BigMatrixImpl,1175,1,0.000851063829787234
CER,math,8,org.apache.commons.math.ode.AbstractStepInterpolator,org.apache.commons.math.ode.DormandPrince853StepInterpolator,398,77,0.1934673366834171
CER,math,8,org.apache.commons.math.ode.EmbeddedRungeKuttaIntegrator,org.apache.commons.math.ode.DormandPrince853Integrator,115,4,0.034782608695652174
CER,math,8,org.apache.commons.math.ode.GraggBulirschStoerIntegrator,org.apache.commons.math.ode.AdaptiveStepsizeIntegrator,278,14,0.050359712230215826
CER,math,8,org.apache.commons.math.ode.GraggBulirschStoerIntegrator,org.apache.commons.math.ode.SwitchingFunctionsHandler,117,8,0.06837606837606838
CER,math,8,org.apache.commons.math.ode.GraggBulirschStoerStepInterpolator,org.apache.commons.math.ode.AbstractStepInterpolator,131,9,0.06870229007633588
CER,math,8,org.apache.commons.math.ode.SwitchingFunctionsHandler,org.apache.commons.math.ode.SwitchState,188,4,0.02127659574468085
CER,math,8,org.apache.commons.math.ode.SwitchState,org.apache.commons.math.analysis.BrentSolver,283,10,0.0353356890459364
CER,math,8,org.apache.commons.math.optimization.NelderMead,org.apache.commons.math.optimization.DirectSearchOptimizer,223,24,0.10762331838565023
CER,math,8,org.apache.commons.math.stat.descriptive.AbstractStorelessUnivariateStatistic,org.apache.commons.math.stat.descriptive.moment.Variance,150,2,0.013333333333333334
CER,math,8,org.apache.commons.math.stat.descriptive.DescriptiveStatistics,org.apache.commons.math.util.ResizableDoubleArray,305,14,0.04590163934426229
CER,math,8,org.apache.commons.math.stat.inference.TTestImpl,org.apache.commons.math.stat.StatUtils,127,2,0.015748031496062992
CER,math,8,org.apache.commons.math.transform.FastFourierTransformer,org.apache.commons.math.complex.Complex,635,17,0.026771653543307086
CER,mockito,8,org.mockito.asm.AnnotationWriter,org.mockito.asm.ClassWriter,883,30,0.03397508493771234
CER,mockito,8,org.mockito.asm.MethodWriter,org.mockito.asm.ByteVector,300,25,0.08333333333333333
CER,mockito,8,org.mockito.asm.tree.analysis.BasicVerifier,org.mockito.asm.tree.analysis.BasicInterpreter,413,2,0.004842615012106538
CER,mockito,8,org.mockito.cglib.core.ClassEmitter,org.mockito.cglib.transform.impl.InterceptFieldTransformer,188,8,0.0425531914893617
CER,mockito,8,org.mockito.cglib.core.CodeEmitter,org.mockito.cglib.core.TypeUtils,725,10,0.013793103448275862
CER,mockito,8,org.mockito.cglib.core.EmitUtils,org.mockito.cglib.core.CodeEmitter,745,13,0.0174496644295302
CER,mockito,8,org.mockito.cglib.proxy.Enhancer,org.mockito.cglib.core.ReflectUtils,519,41,0.0789980732177264
CER,mockito,8,org.mockito.cglib.proxy.Mixin$Generator,org.mockito.cglib.core.AbstractClassGenerator,126,3,0.023809523809523808
CER,mockito,8,org.mockito.cglib.proxy.Mixin$Generator,org.mockito.cglib.core.ReflectUtils,519,29,0.055876685934489405
CER,time,8,org.joda.time.base.AbstractPartial,org.joda.time.YearMonth,299,8,0.026755852842809364
CER,time,8,org.joda.time.base.BasePeriod,org.joda.time.base.AbstractPeriod,132,10,0.07575757575757576
CER,time,8,org.joda.time.chrono.BasicChronology,org.joda.time.chrono.IslamicChronology,352,71,0.20170454545454544
CER,time,8,org.joda.time.chrono.BasicWeekyearDateTimeField,org.joda.time.chrono.BasicChronology,503,54,0.1073558648111332
CER,time,8,org.joda.time.chrono.CopticChronology,org.joda.time.DateTimeZone,734,17,0.02316076294277929
CER,time,8,org.joda.time.chrono.GJChronology,org.joda.time.chrono.JulianChronology,157,5,0.03184713375796178
CER,time,8,org.joda.time.chrono.ISOChronology,org.joda.time.chrono.AssembledChronology,359,82,0.22841225626740946
CER,time,8,org.joda.time.chrono.ISOChronology,org.joda.time.DateTimeZone,734,23,0.031335149863760216
CER,time,8,org.joda.time.chrono.ZonedChronology,org.joda.time.DateTimeZone,734,170,0.23160762942779292
CER,time,8,org.joda.time.chrono.ZonedChronology$ZonedDateTimeField,org.joda.time.DateTimeZone,734,16,0.021798365122615803
CER,time,8,org.joda.time.DateTimeUtils,org.joda.time.DateTimeZone,734,58,0.07901907356948229
CER,time,8,org.joda.time.DateTimeZone,org.joda.time.format.FormatUtils,542,1,0.0018450184501845018
CER,time,8,org.joda.time.Days,org.joda.time.base.BaseSingleFieldPeriod,228,3,0.013157894736842105
CER,time,8,org.joda.time.format.DateTimeFormat,org.joda.time.format.DateTimeFormatterBuilder,642,29,0.045171339563862926
CER,time,8,org.joda.time.format.DateTimeFormatter,org.joda.time.DateTimeZone,734,4,0.005449591280653951
CER,time,8,org.joda.time.format.DateTimeFormatter,org.joda.time.format.DateTimeParserBucket,274,3,0.010948905109489052
CER,time,8,org.joda.time.format.DateTimeFormatterBuilder$PaddedNumber,org.joda.time.format.DateTimeFormatterBuilder,642,15,0.02336448598130841
CER,time,8,org.joda.time.format.DateTimeFormatterBuilder$TextField,org.joda.time.format.DateTimeParserBucket,274,8,0.029197080291970802
CER,time,8,org.joda.time.Hours,org.joda.time.base.BaseSingleFieldPeriod,228,6,0.02631578947368421
CER,time,8,org.joda.time.LocalDate,org.joda.time.format.ISODateTimeFormat,1510,1,0.0006622516556291391
CER,time,8,org.joda.time.LocalDateTime,org.joda.time.DateTimeZone,734,9,0.01226158038147139
CER,time,8,org.joda.time.LocalDateTime,org.joda.time.format.DateTimeFormatter,466,6,0.012875536480686695
CER,time,8,org.joda.time.Minutes,org.joda.time.base.BaseSingleFieldPeriod,228,6,0.02631578947368421
CER,time,8,org.joda.time.MutableInterval,org.joda.time.base.BaseInterval,109,2,0.01834862385321101
CER,time,8,org.joda.time.MutablePeriod,org.joda.time.base.BasePeriod,350,3,0.008571428571428572
CER,time,8,org.joda.time.Period,org.joda.time.base.AbstractPeriod,132,4,0.030303030303030304
CER,time,8,org.joda.time.Period,org.joda.time.base.BasePeriod,350,6,0.017142857142857144
CER,time,8,org.joda.time.Period,org.joda.time.PeriodType,907,22,0.024255788313120176
CER,time,8,org.joda.time.Seconds,org.joda.time.base.BaseSingleFieldPeriod,228,4,0.017543859649122806
CER,time,8,org.joda.time.tz.ZoneInfoCompiler,org.joda.time.DateTimeZone,734,20,0.027247956403269755
CER,time,8,org.joda.time.Weeks,org.joda.time.base.BaseSingleFieldPeriod,228,9,0.039473684210526314
CER,time,8,org.joda.time.YearMonthDay,org.joda.time.base.BasePartial,84,15,0.17857142857142858
CER,closure,9,com.google.javascript.rhino.head.IRFactory,com.google.javascript.rhino.head.Parser,4058,2,0.0004928536224741252
CER,closure,9,com.google.javascript.rhino.head.NativeArray,com.google.javascript.rhino.head.IdScriptableObject,491,12,0.024439918533604887
CER,closure,9,com.google.javascript.rhino.head.NativeObject,com.google.javascript.rhino.head.ScriptableObject,2403,78,0.03245942571785269
CER,closure,9,com.google.javascript.rhino.head.ScriptableObject,com.google.javascript.rhino.head.FunctionObject,509,3,0.005893909626719057
CER,closure,9,com.google.javascript.rhino.head.tools.shell.Global,com.google.javascript.rhino.head.ScriptRuntime,4533,7,0.001544231193470108
CER,closure,9,com.google.javascript.rhino.jstype.JSType,com.google.javascript.rhino.jstype.FunctionType,1240,11,0.008870967741935484
CER,lang,9,org.apache.commons.lang3.builder.ToStringBuilder,org.apache.commons.lang3.builder.ToStringStyle,793,2,0.0025220680958385876
CER,lang,9,org.apache.commons.lang3.concurrent.MultiBackgroundInitializer,org.apache.commons.lang3.concurrent.BackgroundInitializer,63,6,0.09523809523809523
CER,lang,9,org.apache.commons.lang3.text.StrBuilder$StrBuilderReader,org.apache.commons.lang3.text.StrBuilder,2106,3,0.0014245014245014246
CER,lang,9,org.apache.commons.lang3.text.StrSubstitutor,org.apache.commons.lang3.text.StrBuilder,2106,25,0.011870845204178538
CER,math,9,org.apache.commons.math.analysis.LaguerreSolver,org.apache.commons.math.complex.Complex,635,24,0.03779527559055118
CER,math,9,org.apache.commons.math.analysis.MullerSolver,org.apache.commons.math.analysis.UnivariateRealSolverImpl,159,54,0.33962264150943394
CER,math,9,org.apache.commons.math.distribution.AbstractIntegerDistribution,org.apache.commons.math.distribution.HypergeometricDistributionImpl,150,13,0.08666666666666667
CER,math,9,org.apache.commons.math.fraction.ProperFractionFormat,org.apache.commons.math.fraction.FractionFormat,171,4,0.023391812865497075
CER,math,9,org.apache.commons.math.geometry.Rotation,org.apache.commons.math.geometry.Vector3D,294,4,0.013605442176870748
CER,math,9,org.apache.commons.math.linear.MatrixUtils,org.apache.commons.math.linear.BigMatrixImpl,1175,1,0.000851063829787234
CER,math,9,org.apache.commons.math.ode.AbstractStepInterpolator,org.apache.commons.math.ode.DormandPrince853StepInterpolator,398,32,0.08040201005025126
CER,math,9,org.apache.commons.math.ode.EmbeddedRungeKuttaIntegrator,org.apache.commons.math.ode.DormandPrince853Integrator,115,1,0.008695652173913044
CER,math,9,org.apache.commons.math.ode.EmbeddedRungeKuttaIntegrator,org.apache.commons.math.ode.HighamHall54Integrator,50,8,0.16
CER,math,9,org.apache.commons.math.ode.GraggBulirschStoerIntegrator,org.apache.commons.math.ode.AdaptiveStepsizeIntegrator,278,25,0.08992805755395683
CER,math,9,org.apache.commons.math.ode.GraggBulirschStoerIntegrator,org.apache.commons.math.ode.SwitchingFunctionsHandler,117,13,0.1111111111111111
CER,math,9,org.apache.commons.math.ode.GraggBulirschStoerStepInterpolator,org.apache.commons.math.ode.AbstractStepInterpolator,131,9,0.06870229007633588
CER,math,9,org.apache.commons.math.ode.SwitchingFunctionsHandler,org.apache.commons.math.ode.SwitchState,188,29,0.15425531914893617
CER,math,9,org.apache.commons.math.ode.SwitchState,org.apache.commons.math.analysis.BrentSolver,283,12,0.04240282685512368
CER,math,9,org.apache.commons.math.optimization.NelderMead,org.apache.commons.math.optimization.DirectSearchOptimizer,223,29,0.13004484304932734
CER,math,9,org.apache.commons.math.stat.descriptive.AbstractStorelessUnivariateStatistic,org.apache.commons.math.stat.descriptive.moment.Variance,150,6,0.04
CER,math,9,org.apache.commons.math.stat.descriptive.DescriptiveStatistics,org.apache.commons.math.util.ResizableDoubleArray,305,11,0.036065573770491806
CER,math,9,org.apache.commons.math.transform.FastFourierTransformer,org.apache.commons.math.complex.Complex,635,16,0.025196850393700787
CER,mockito,9,org.mockito.asm.AnnotationWriter,org.mockito.asm.ClassWriter,883,35,0.039637599093997736
CER,mockito,9,org.mockito.asm.MethodWriter,org.mockito.asm.ByteVector,300,14,0.04666666666666667
CER,mockito,9,org.mockito.cglib.core.CodeEmitter,org.mockito.cglib.core.TypeUtils,725,11,0.015172413793103448
CER,mockito,9,org.mockito.cglib.core.EmitUtils,org.mockito.cglib.core.CodeEmitter,745,19,0.025503355704697986
CER,mockito,9,org.mockito.cglib.proxy.Enhancer,org.mockito.cglib.core.CodeEmitter,745,171,0.2295302013422819
CER,mockito,9,org.mockito.cglib.proxy.Enhancer,org.mockito.cglib.core.ReflectUtils,519,50,0.09633911368015415
CER,mockito,9,org.mockito.cglib.proxy.Mixin$Generator,org.mockito.cglib.core.ReflectUtils,519,69,0.1329479768786127
CER,time,9,org.joda.time.base.AbstractPartial,org.joda.time.TimeOfDay,327,2,0.0061162079510703364
CER,time,9,org.joda.time.base.AbstractPartial,org.joda.time.YearMonth,299,1,0.0033444816053511705
CER,time,9,org.joda.time.chrono.BasicChronology,org.joda.time.chrono.CopticChronology,136,14,0.10294117647058823
CER,time,9,org.joda.time.chrono.BasicChronology,org.joda.time.chrono.EthiopicChronology,133,1,0.007518796992481203
CER,time,9,org.joda.time.chrono.BasicChronology,org.joda.time.chrono.IslamicChronology,352,8,0.022727272727272728
CER,time,9,org.joda.time.chrono.BasicWeekyearDateTimeField,org.joda.time.chrono.BasicChronology,503,41,0.08151093439363817
CER,time,9,org.joda.time.chrono.CopticChronology,org.joda.time.DateTimeZone,734,21,0.02861035422343324
CER,time,9,org.joda.time.chrono.GJChronology,org.joda.time.chrono.GJChronology$CutoverField,367,7,0.01907356948228883
CER,time,9,org.joda.time.chrono.ISOChronology,org.joda.time.chrono.AssembledChronology,359,8,0.022284122562674095
CER,time,9,org.joda.time.chrono.ISOChronology,org.joda.time.DateTimeZone,734,29,0.039509536784741145
CER,time,9,org.joda.time.chrono.ZonedChronology,org.joda.time.DateTimeZone,734,149,0.20299727520435967
CER,time,9,org.joda.time.chrono.ZonedChronology$ZonedDateTimeField,org.joda.time.DateTimeZone,734,21,0.02861035422343324
CER,time,9,org.joda.time.Days,org.joda.time.base.BaseSingleFieldPeriod,228,2,0.008771929824561403
CER,time,9,org.joda.time.format.DateTimeFormat,org.joda.time.format.DateTimeFormatterBuilder,643,1,0.0015552099533437014
CER,time,9,org.joda.time.format.DateTimeFormatter,org.joda.time.DateTimeZone,734,2,0.0027247956403269754
CER,time,9,org.joda.time.format.DateTimeFormatter,org.joda.time.format.DateTimeParserBucket,274,1,0.0036496350364963502
CER,time,9,org.joda.time.format.DateTimeFormatterBuilder$PaddedNumber,org.joda.time.format.DateTimeFormatterBuilder,643,52,0.08087091757387248
CER,time,9,org.joda.time.format.DateTimeFormatterBuilder$TextField,org.joda.time.format.DateTimeParserBucket,274,5,0.01824817518248175
CER,time,9,org.joda.time.Hours,org.joda.time.base.BaseSingleFieldPeriod,228,8,0.03508771929824561
CER,time,9,org.joda.time.LocalDate,org.joda.time.DateTime,801,5,0.006242197253433208
CER,time,9,org.joda.time.LocalDate,org.joda.time.format.ISODateTimeFormat,1510,5,0.0033112582781456954
CER,time,9,org.joda.time.LocalDateTime,org.joda.time.DateTimeZone,734,23,0.031335149863760216
CER,time,9,org.joda.time.LocalDateTime,org.joda.time.format.DateTimeFormatter,466,3,0.006437768240343348
CER,time,9,org.joda.time.LocalTime$Property,org.joda.time.LocalTime,729,5,0.006858710562414266
CER,time,9,org.joda.time.Minutes,org.joda.time.base.BaseSingleFieldPeriod,228,1,0.0043859649122807015
CER,time,9,org.joda.time.MutableInterval,org.joda.time.base.BaseInterval,109,2,0.01834862385321101
CER,time,9,org.joda.time.MutablePeriod,org.joda.time.base.BasePeriod,350,8,0.022857142857142857
CER,time,9,org.joda.time.Period,org.joda.time.base.AbstractPeriod,132,1,0.007575757575757576
CER,time,9,org.joda.time.Period,org.joda.time.base.BasePeriod,350,7,0.02
CER,time,9,org.joda.time.Period,org.joda.time.PeriodType,907,544,0.5997794928335171
CER,time,9,org.joda.time.Seconds,org.joda.time.base.BaseSingleFieldPeriod,228,2,0.008771929824561403
CER,time,9,org.joda.time.tz.ZoneInfoCompiler,org.joda.time.DateTimeZone,734,63,0.08583106267029973
CER,time,9,org.joda.time.Weeks,org.joda.time.base.BaseSingleFieldPeriod,228,8,0.03508771929824561
CER,time,9,org.joda.time.YearMonthDay,org.joda.time.base.BasePartial,84,6,0.07142857142857142
CER,closure,10,com.google.javascript.jscomp.NodeUtil,com.google.javascript.rhino.Node,2336,16,0.00684931506849315
CER,closure,10,com.google.javascript.rhino.head.IdScriptableObject,com.google.javascript.rhino.head.ScriptableObject,2405,18,0.007484407484407485
CER,closure,10,com.google.javascript.rhino.head.IRFactory,com.google.javascript.rhino.head.Parser,4058,4,0.0009857072449482504
CER,closure,10,com.google.javascript.rhino.head.NativeArray,com.google.javascript.rhino.head.IdScriptableObject,491,3,0.006109979633401222
CER,closure,10,com.google.javascript.rhino.head.ScriptableObject,com.google.javascript.rhino.head.FunctionObject,509,1,0.0019646365422396855
CER,closure,10,com.google.javascript.rhino.head.tools.debugger.Dim,com.google.javascript.rhino.head.ScriptRuntime,4538,2,0.00044072278536800354
CER,closure,10,com.google.javascript.rhino.head.tools.shell.Global,com.google.javascript.rhino.head.ScriptRuntime,4538,1,0.00022036139268400177
CER,closure,10,com.google.javascript.rhino.jstype.JSType,com.google.javascript.rhino.jstype.FunctionType,1240,9,0.007258064516129033
CER,closure,10,com.google.javascript.rhino.jstype.JSType,com.google.javascript.rhino.jstype.UnionType,483,1,0.002070393374741201
CER,lang,10,org.apache.commons.lang3.builder.ReflectionToStringBuilder,org.apache.commons.lang3.builder.ToStringBuilder,222,1,0.0045045045045045045
CER,lang,10,org.apache.commons.lang3.builder.ToStringBuilder,org.apache.commons.lang3.builder.ToStringStyle,793,12,0.015132408575031526
CER,lang,10,org.apache.commons.lang3.concurrent.MultiBackgroundInitializer,org.apache.commons.lang3.concurrent.BackgroundInitializer,63,8,0.12698412698412698
CER,lang,10,org.apache.commons.lang3.text.StrBuilder$StrBuilderReader,org.apache.commons.lang3.text.StrBuilder,2105,2,0.0009501187648456057
CER,lang,10,org.apache.commons.lang3.text.StrSubstitutor,org.apache.commons.lang3.text.StrBuilder,2105,6,0.0028503562945368173
CER,lang,10,org.apache.commons.lang3.text.translate.UnicodeEscaper,org.apache.commons.lang3.text.translate.CharSequenceTranslator,76,1,0.013157894736842105
CER,math,10,org.apache.commons.math.analysis.LaguerreSolver,org.apache.commons.math.complex.Complex,635,3,0.004724409448818898
CER,math,10,org.apache.commons.math.analysis.MullerSolver,org.apache.commons.math.analysis.UnivariateRealSolverImpl,159,55,0.34591194968553457
CER,math,10,org.apache.commons.math.distribution.AbstractIntegerDistribution,org.apache.commons.math.distribution.HypergeometricDistributionImpl,150,3,0.02
CER,math,10,org.apache.commons.math.geometry.Rotation,org.apache.commons.math.geometry.Vector3D,294,1,0.003401360544217687
CER,math,10,org.apache.commons.math.linear.MatrixUtils,org.apache.commons.math.linear.BigMatrixImpl,1175,1,0.000851063829787234
CER,math,10,org.apache.commons.math.ode.AbstractStepInterpolator,org.apache.commons.math.ode.DormandPrince853StepInterpolator,398,26,0.06532663316582915
CER,math,10,org.apache.commons.math.ode.EmbeddedRungeKuttaIntegrator,org.apache.commons.math.ode.DormandPrince853Integrator,115,2,0.017391304347826087
CER,math,10,org.apache.commons.math.ode.EmbeddedRungeKuttaIntegrator,org.apache.commons.math.ode.HighamHall54Integrator,50,3,0.06
CER,math,10,org.apache.commons.math.ode.GraggBulirschStoerIntegrator,org.apache.commons.math.ode.AdaptiveStepsizeIntegrator,278,18,0.06474820143884892
CER,math,10,org.apache.commons.math.ode.GraggBulirschStoerStepInterpolator,org.apache.commons.math.ode.AbstractStepInterpolator,131,8,0.061068702290076333
CER,math,10,org.apache.commons.math.ode.SwitchingFunctionsHandler,org.apache.commons.math.ode.SwitchState,188,8,0.0425531914893617
CER,math,10,org.apache.commons.math.ode.SwitchState,org.apache.commons.math.analysis.BrentSolver,283,2,0.007067137809187279
CER,math,10,org.apache.commons.math.optimization.NelderMead,org.apache.commons.math.optimization.DirectSearchOptimizer,223,16,0.07174887892376682
CER,math,10,org.apache.commons.math.stat.descriptive.AbstractStorelessUnivariateStatistic,org.apache.commons.math.stat.descriptive.moment.Variance,150,3,0.02
CER,math,10,org.apache.commons.math.stat.descriptive.DescriptiveStatistics,org.apache.commons.math.util.ResizableDoubleArray,305,13,0.04262295081967213
CER,math,10,org.apache.commons.math.transform.FastFourierTransformer,org.apache.commons.math.complex.Complex,635,12,0.01889763779527559
CER,mockito,10,org.mockito.asm.AnnotationWriter,org.mockito.asm.ClassWriter,883,44,0.04983012457531144
CER,mockito,10,org.mockito.asm.MethodWriter,org.mockito.asm.ByteVector,300,16,0.05333333333333334
CER,mockito,10,org.mockito.cglib.core.CodeEmitter,org.mockito.cglib.core.TypeUtils,725,16,0.022068965517241378
CER,mockito,10,org.mockito.cglib.core.EmitUtils,org.mockito.cglib.core.CodeEmitter,745,17,0.022818791946308724
CER,mockito,10,org.mockito.cglib.proxy.Enhancer,org.mockito.cglib.core.CodeEmitter,745,168,0.22550335570469798
CER,mockito,10,org.mockito.cglib.proxy.Enhancer,org.mockito.cglib.core.ReflectUtils,518,46,0.0888030888030888
CER,time,10,org.joda.time.base.AbstractPartial,org.joda.time.MonthDay,286,25,0.08741258741258741
CER,time,10,org.joda.time.base.AbstractPartial,org.joda.time.YearMonth,299,20,0.06688963210702341
CER,time,10,org.joda.time.chrono.BasicChronology,org.joda.time.chrono.CopticChronology,136,6,0.04411764705882353
CER,time,10,org.joda.time.chrono.BasicChronology,org.joda.time.chrono.IslamicChronology,352,18,0.05113636363636364
CER,time,10,org.joda.time.chrono.BasicWeekyearDateTimeField,org.joda.time.chrono.BasicChronology,503,8,0.015904572564612324
CER,time,10,org.joda.time.chrono.CopticChronology,org.joda.time.DateTimeZone,734,54,0.07356948228882834
CER,time,10,org.joda.time.chrono.GJChronology,org.joda.time.chrono.JulianChronology,157,8,0.050955414012738856
CER,time,10,org.joda.time.chrono.ISOChronology,org.joda.time.chrono.AssembledChronology,359,9,0.025069637883008356
CER,time,10,org.joda.time.chrono.ISOChronology,org.joda.time.DateTimeZone,734,32,0.043596730245231606
CER,time,10,org.joda.time.chrono.ZonedChronology,org.joda.time.chrono.AssembledChronology,359,1,0.002785515320334262
CER,time,10,org.joda.time.chrono.ZonedChronology,org.joda.time.DateTimeZone,734,36,0.04904632152588556
CER,time,10,org.joda.time.chrono.ZonedChronology$ZonedDateTimeField,org.joda.time.DateTimeZone,734,52,0.07084468664850137
CER,time,10,org.joda.time.DateTimeUtils,org.joda.time.DateTimeZone,734,11,0.014986376021798364
CER,time,10,org.joda.time.Days,org.joda.time.base.BaseSingleFieldPeriod,228,7,0.03070175438596491
CER,time,10,org.joda.time.format.DateTimeFormatter,org.joda.time.DateTimeZone,734,22,0.02997275204359673
CER,time,10,org.joda.time.format.DateTimeFormatter,org.joda.time.format.DateTimeParserBucket,274,12,0.043795620437956206
CER,time,10,org.joda.time.format.DateTimeFormatterBuilder$PaddedNumber,org.joda.time.format.DateTimeFormatterBuilder,642,6,0.009345794392523364
CER,time,10,org.joda.time.format.DateTimeFormatterBuilder$TextField,org.joda.time.format.DateTimeParserBucket,274,6,0.021897810218978103
CER,time,10,org.joda.time.Hours,org.joda.time.base.BaseSingleFieldPeriod,228,4,0.017543859649122806
CER,time,10,org.joda.time.LocalDate,org.joda.time.format.ISODateTimeFormat,1510,3,0.001986754966887417
CER,time,10,org.joda.time.LocalDateTime,org.joda.time.DateTimeZone,734,98,0.1335149863760218
CER,time,10,org.joda.time.LocalDateTime,org.joda.time.format.DateTimeFormatter,466,1,0.002145922746781116
CER,time,10,org.joda.time.LocalTime$Property,org.joda.time.LocalTime,729,3,0.00411522633744856
CER,time,10,org.joda.time.Minutes,org.joda.time.base.BaseSingleFieldPeriod,228,7,0.03070175438596491
CER,time,10,org.joda.time.MutableInterval,org.joda.time.base.BaseInterval,109,1,0.009174311926605505
CER,time,10,org.joda.time.MutablePeriod,org.joda.time.base.BasePeriod,350,1,0.002857142857142857
CER,time,10,org.joda.time.Period,org.joda.time.base.BasePeriod,350,5,0.014285714285714285
CER,time,10,org.joda.time.Period,org.joda.time.PeriodType,907,85,0.09371554575523705
CER,time,10,org.joda.time.Seconds,org.joda.time.base.BaseSingleFieldPeriod,228,1,0.0043859649122807015
CER,time,10,org.joda.time.tz.ZoneInfoCompiler,org.joda.time.DateTimeZone,734,68,0.09264305177111716
CER,time,10,org.joda.time.Weeks,org.joda.time.base.BaseSingleFieldPeriod,228,9,0.039473684210526314
CER,time,10,org.joda.time.YearMonthDay,org.joda.time.base.BasePartial,84,6,0.07142857142857142
CER,closure,11,com.google.javascript.rhino.head.IdScriptableObject,com.google.javascript.rhino.head.ScriptableObject,2507,12,0.004786597526924611
CER,closure,11,com.google.javascript.rhino.head.Interpreter,com.google.javascript.rhino.head.ScriptableObject,2507,52,0.020741922616673316
CER,closure,11,com.google.javascript.rhino.head.IRFactory,com.google.javascript.rhino.head.Parser,4058,4,0.0009857072449482504
CER,closure,11,com.google.javascript.rhino.head.NativeArray,com.google.javascript.rhino.head.IdScriptableObject,491,1,0.002036659877800407
CER,closure,11,com.google.javascript.rhino.head.NativeArray,com.google.javascript.rhino.head.ScriptableObject,2507,18,0.007179896290386917
CER,closure,11,com.google.javascript.rhino.head.NativeArray,com.google.javascript.rhino.head.ScriptRuntime,4570,13,0.0028446389496717722
CER,closure,11,com.google.javascript.rhino.head.NativeObject,com.google.javascript.rhino.head.ScriptableObject,2507,150,0.059832469086557635
CER,closure,11,com.google.javascript.rhino.head.regexp.NativeRegExp,com.google.javascript.rhino.head.ScriptRuntime,4570,9,0.0019693654266958426
CER,closure,11,com.google.javascript.rhino.head.ScriptRuntime,com.google.javascript.rhino.head.ScriptableObject,2507,8,0.0031910650179497405
CER,closure,11,com.google.javascript.rhino.head.tools.debugger.Dim,com.google.javascript.rhino.head.ScriptRuntime,4570,14,0.003063457330415755
CER,lang,11,org.apache.commons.lang3.builder.ReflectionToStringBuilder,org.apache.commons.lang3.builder.ToStringBuilder,222,2,0.009009009009009009
CER,lang,11,org.apache.commons.lang3.builder.ToStringBuilder,org.apache.commons.lang3.builder.ToStringStyle,793,15,0.018915510718789406
CER,lang,11,org.apache.commons.lang3.concurrent.MultiBackgroundInitializer,org.apache.commons.lang3.concurrent.BackgroundInitializer,63,8,0.12698412698412698
CER,lang,11,org.apache.commons.lang3.text.StrBuilder$StrBuilderReader,org.apache.commons.lang3.text.StrBuilder,2104,67,0.03184410646387833
CER,lang,11,org.apache.commons.lang3.text.StrSubstitutor,org.apache.commons.lang3.text.StrBuilder,2104,267,0.12690114068441063
CER,lang,11,org.apache.commons.lang3.text.translate.UnicodeEscaper,org.apache.commons.lang3.text.translate.CharSequenceTranslator,76,3,0.039473684210526314
CER,math,11,org.apache.commons.math.analysis.LaguerreSolver,org.apache.commons.math.complex.Complex,635,18,0.028346456692913385
CER,math,11,org.apache.commons.math.analysis.MullerSolver,org.apache.commons.math.analysis.UnivariateRealSolverImpl,159,58,0.36477987421383645
CER,math,11,org.apache.commons.math.distribution.AbstractIntegerDistribution,org.apache.commons.math.distribution.HypergeometricDistributionImpl,150,45,0.3
CER,math,11,org.apache.commons.math.fraction.ProperFractionFormat,org.apache.commons.math.fraction.FractionFormat,171,41,0.23976608187134502
CER,math,11,org.apache.commons.math.geometry.Rotation,org.apache.commons.math.geometry.Vector3D,294,66,0.22448979591836735
CER,math,11,org.apache.commons.math.linear.MatrixUtils,org.apache.commons.math.linear.BigMatrixImpl,1175,17,0.01446808510638298
CER,math,11,org.apache.commons.math.ode.AbstractStepInterpolator,org.apache.commons.math.ode.DormandPrince853StepInterpolator,398,66,0.1658291457286432
CER,math,11,org.apache.commons.math.ode.EmbeddedRungeKuttaIntegrator,org.apache.commons.math.ode.DormandPrince853Integrator,115,5,0.043478260869565216
CER,math,11,org.apache.commons.math.ode.GraggBulirschStoerIntegrator,org.apache.commons.math.ode.AdaptiveStepsizeIntegrator,278,40,0.14388489208633093
CER,math,11,org.apache.commons.math.ode.GraggBulirschStoerStepInterpolator,org.apache.commons.math.ode.AbstractStepInterpolator,131,12,0.0916030534351145
CER,math,11,org.apache.commons.math.ode.SwitchingFunctionsHandler,org.apache.commons.math.ode.SwitchState,188,12,0.06382978723404255
CER,math,11,org.apache.commons.math.ode.SwitchState,org.apache.commons.math.analysis.BrentSolver,283,1,0.0035335689045936395
CER,math,11,org.apache.commons.math.optimization.NelderMead,org.apache.commons.math.optimization.DirectSearchOptimizer,223,51,0.22869955156950672
CER,math,11,org.apache.commons.math.stat.descriptive.AbstractStorelessUnivariateStatistic,org.apache.commons.math.stat.descriptive.moment.Variance,150,26,0.17333333333333334
CER,math,11,org.apache.commons.math.stat.descriptive.DescriptiveStatistics,org.apache.commons.math.util.ResizableDoubleArray,305,77,0.25245901639344265
CER,math,11,org.apache.commons.math.stat.inference.TTestImpl,org.apache.commons.math.stat.StatUtils,127,2,0.015748031496062992
CER,math,11,org.apache.commons.math.transform.FastFourierTransformer,org.apache.commons.math.complex.Complex,635,37,0.05826771653543307
CER,mockito,11,org.mockito.asm.AnnotationWriter,org.mockito.asm.ClassWriter,883,420,0.47565118912797283
CER,mockito,11,org.mockito.asm.MethodWriter,org.mockito.asm.ByteVector,300,28,0.09333333333333334
CER,mockito,11,org.mockito.asm.MethodWriter,org.mockito.asm.ClassWriter,883,17,0.01925254813137033
CER,mockito,11,org.mockito.asm.tree.analysis.BasicVerifier,org.mockito.asm.tree.analysis.BasicInterpreter,413,25,0.06053268765133172
CER,mockito,11,org.mockito.asm.tree.analysis.BasicVerifier,org.mockito.asm.tree.analysis.SimpleVerifier,347,10,0.02881844380403458
CER,mockito,11,org.mockito.cglib.core.CodeEmitter,org.mockito.cglib.core.TypeUtils,725,81,0.11172413793103449
CER,mockito,11,org.mockito.cglib.core.EmitUtils,org.mockito.cglib.core.CodeEmitter,745,5,0.006711409395973154
CER,mockito,11,org.mockito.cglib.proxy.Enhancer,org.mockito.cglib.core.CodeEmitter,745,187,0.25100671140939596
CER,mockito,11,org.mockito.cglib.proxy.Enhancer,org.mockito.cglib.core.ReflectUtils,519,40,0.07707129094412331
CER,mockito,11,org.mockito.cglib.proxy.Mixin$Generator,org.mockito.cglib.core.AbstractClassGenerator,127,2,0.015748031496062992
CER,mockito,11,org.mockito.cglib.proxy.Mixin$Generator,org.mockito.cglib.core.ReflectUtils,519,50,0.09633911368015415
CER,time,11,org.joda.time.base.AbstractPartial,org.joda.time.MonthDay,286,22,0.07692307692307693
CER,time,11,org.joda.time.base.AbstractPartial,org.joda.time.TimeOfDay,327,32,0.09785932721712538
CER,time,11,org.joda.time.base.AbstractPartial,org.joda.time.YearMonth,299,19,0.06354515050167224
CER,time,11,org.joda.time.base.BasePeriod,org.joda.time.base.AbstractPeriod,132,52,0.3939393939393939
CER,time,11,org.joda.time.chrono.BasicChronology,org.joda.time.chrono.EthiopicChronology,133,1,0.007518796992481203
CER,time,11,org.joda.time.chrono.BasicChronology,org.joda.time.chrono.IslamicChronology,352,158,0.44886363636363635
CER,time,11,org.joda.time.chrono.BasicWeekyearDateTimeField,org.joda.time.chrono.BasicChronology,503,48,0.09542743538767395
CER,time,11,org.joda.time.chrono.CopticChronology,org.joda.time.DateTimeZone,734,16,0.021798365122615803
CER,time,11,org.joda.time.chrono.GJChronology,org.joda.time.chrono.GJChronology$CutoverField,367,14,0.03814713896457766
CER,time,11,org.joda.time.chrono.GJChronology,org.joda.time.chrono.JulianChronology,157,37,0.2356687898089172
CER,time,11,org.joda.time.chrono.ISOChronology,org.joda.time.chrono.AssembledChronology,359,25,0.06963788300835655
CER,time,11,org.joda.time.chrono.ISOChronology,org.joda.time.DateTimeZone,734,26,0.035422343324250684
CER,time,11,org.joda.time.chrono.ZonedChronology,org.joda.time.chrono.AssembledChronology,359,2,0.005571030640668524
CER,time,11,org.joda.time.chrono.ZonedChronology,org.joda.time.DateTimeZone,734,36,0.04904632152588556
CER,time,11,org.joda.time.chrono.ZonedChronology$ZonedDateTimeField,org.joda.time.DateTimeZone,734,5,0.006811989100817439
CER,time,11,org.joda.time.DateTimeUtils,org.joda.time.DateTimeZone,734,9,0.01226158038147139
CER,time,11,org.joda.time.Days,org.joda.time.base.BaseSingleFieldPeriod,228,58,0.2543859649122807
CER,time,11,org.joda.time.format.DateTimeFormat,org.joda.time.format.DateTimeFormat$StyleFormatter,77,2,0.025974025974025976
CER,time,11,org.joda.time.format.DateTimeFormat,org.joda.time.format.DateTimeFormatterBuilder,644,2,0.003105590062111801
CER,time,11,org.joda.time.format.DateTimeFormatter,org.joda.time.DateTimeZone,734,5,0.006811989100817439
CER,time,11,org.joda.time.format.DateTimeFormatter,org.joda.time.format.DateTimeParserBucket,274,37,0.13503649635036497
CER,time,11,org.joda.time.format.DateTimeFormatterBuilder$PaddedNumber,org.joda.time.format.DateTimeFormatterBuilder,644,15,0.023291925465838508
CER,time,11,org.joda.time.format.DateTimeFormatterBuilder$TextField,org.joda.time.format.DateTimeParserBucket,274,48,0.17518248175182483
CER,time,11,org.joda.time.format.DateTimeParserBucket$SavedState,org.joda.time.format.DateTimeParserBucket,274,15,0.05474452554744526
CER,time,11,org.joda.time.Hours,org.joda.time.base.BaseSingleFieldPeriod,228,47,0.20614035087719298
CER,time,11,org.joda.time.LocalDateTime,org.joda.time.DateTimeZone,734,9,0.01226158038147139
CER,time,11,org.joda.time.LocalDateTime,org.joda.time.format.DateTimeFormatter,466,3,0.006437768240343348
CER,time,11,org.joda.time.LocalTime$Property,org.joda.time.LocalTime,729,16,0.02194787379972565
CER,time,11,org.joda.time.Minutes,org.joda.time.base.BaseSingleFieldPeriod,228,59,0.25877192982456143
CER,time,11,org.joda.time.MutableInterval,org.joda.time.base.BaseInterval,109,3,0.027522935779816515
CER,time,11,org.joda.time.MutablePeriod,org.joda.time.base.BasePeriod,350,21,0.06
CER,time,11,org.joda.time.Period,org.joda.time.base.AbstractPeriod,132,26,0.19696969696969696
CER,time,11,org.joda.time.Period,org.joda.time.base.BasePeriod,350,18,0.05142857142857143
CER,time,11,org.joda.time.Period,org.joda.time.PeriodType,907,12,0.013230429988974642
CER,time,11,org.joda.time.Seconds,org.joda.time.base.BaseSingleFieldPeriod,228,50,0.21929824561403508
CER,time,11,org.joda.time.tz.ZoneInfoCompiler,org.joda.time.DateTimeZone,734,7,0.009536784741144414
CER,time,11,org.joda.time.Weeks,org.joda.time.base.BaseSingleFieldPeriod,228,68,0.2982456140350877
CER,time,11,org.joda.time.YearMonthDay,org.joda.time.base.BasePartial,84,3,0.03571428571428571
CER,closure,12,com.google.javascript.rhino.head.IdScriptableObject,com.google.javascript.rhino.head.ScriptableObject,2446,83,0.0339329517579722
CER,closure,12,com.google.javascript.rhino.head.IRFactory,com.google.javascript.rhino.head.Node,670,29,0.04328358208955224
CER,closure,12,com.google.javascript.rhino.head.IRFactory,com.google.javascript.rhino.head.Parser,4058,1,0.0002464268112370626
CER,closure,12,com.google.javascript.rhino.head.NativeArray,com.google.javascript.rhino.head.IdScriptableObject,491,4,0.008146639511201629
CER,closure,12,com.google.javascript.rhino.head.NativeArray,com.google.javascript.rhino.head.ScriptableObject,2446,16,0.006541291905151268
CER,closure,12,com.google.javascript.rhino.head.NativeObject,com.google.javascript.rhino.head.ScriptableObject,2446,188,0.07686017988552739
CER,closure,12,com.google.javascript.rhino.head.regexp.NativeRegExp,com.google.javascript.rhino.head.ScriptRuntime,4533,3,0.0006618133686300463
CER,closure,12,com.google.javascript.rhino.head.ScriptRuntime,com.google.javascript.rhino.head.ScriptableObject,2446,48,0.019623875715453803
CER,closure,12,com.google.javascript.rhino.head.tools.debugger.Dim,com.google.javascript.rhino.head.ScriptRuntime,4533,1,0.00022060445621001543
CER,closure,12,com.google.javascript.rhino.jstype.JSType,com.google.javascript.rhino.jstype.UnionType,483,47,0.09730848861283643
CER,lang,12,org.apache.commons.lang3.builder.ReflectionToStringBuilder,org.apache.commons.lang3.builder.ToStringBuilder,222,1,0.0045045045045045045
CER,lang,12,org.apache.commons.lang3.builder.ToStringBuilder,org.apache.commons.lang3.builder.ToStringStyle,793,7,0.008827238335435058
CER,lang,12,org.apache.commons.lang3.concurrent.MultiBackgroundInitializer,org.apache.commons.lang3.concurrent.BackgroundInitializer,63,3,0.047619047619047616
CER,lang,12,org.apache.commons.lang3.text.StrBuilder$StrBuilderReader,org.apache.commons.lang3.text.StrBuilder,2104,76,0.03612167300380228
CER,lang,12,org.apache.commons.lang3.text.StrSubstitutor,org.apache.commons.lang3.text.StrBuilder,2104,271,0.1288022813688213
CER,lang,12,org.apache.commons.lang3.text.translate.UnicodeEscaper,org.apache.commons.lang3.text.translate.CharSequenceTranslator,76,31,0.40789473684210525
CER,math,12,org.apache.commons.math.analysis.LaguerreSolver,org.apache.commons.math.complex.Complex,635,4,0.006299212598425197
CER,math,12,org.apache.commons.math.analysis.MullerSolver,org.apache.commons.math.analysis.UnivariateRealSolverImpl,159,53,0.3333333333333333
CER,math,12,org.apache.commons.math.distribution.AbstractIntegerDistribution,org.apache.commons.math.distribution.HypergeometricDistributionImpl,150,73,0.4866666666666667
CER,math,12,org.apache.commons.math.fraction.ProperFractionFormat,org.apache.commons.math.fraction.FractionFormat,171,48,0.2807017543859649
CER,math,12,org.apache.commons.math.geometry.Rotation,org.apache.commons.math.geometry.Vector3D,294,83,0.282312925170068
CER,math,12,org.apache.commons.math.linear.MatrixUtils,org.apache.commons.math.linear.BigMatrixImpl,1175,1,0.000851063829787234
CER,math,12,org.apache.commons.math.ode.AbstractStepInterpolator,org.apache.commons.math.ode.DormandPrince853StepInterpolator,398,65,0.16331658291457288
CER,math,12,org.apache.commons.math.ode.ContinuousOutputModel,org.apache.commons.math.ode.AbstractStepInterpolator,131,8,0.061068702290076333
CER,math,12,org.apache.commons.math.ode.EmbeddedRungeKuttaIntegrator,org.apache.commons.math.ode.DormandPrince853Integrator,115,23,0.2
CER,math,12,org.apache.commons.math.ode.EmbeddedRungeKuttaIntegrator,org.apache.commons.math.ode.HighamHall54Integrator,50,2,0.04
CER,math,12,org.apache.commons.math.ode.GraggBulirschStoerIntegrator,org.apache.commons.math.ode.AdaptiveStepsizeIntegrator,278,41,0.1474820143884892
CER,math,12,org.apache.commons.math.ode.GraggBulirschStoerIntegrator,org.apache.commons.math.ode.SwitchingFunctionsHandler,117,9,0.07692307692307693
CER,math,12,org.apache.commons.math.ode.GraggBulirschStoerStepInterpolator,org.apache.commons.math.ode.AbstractStepInterpolator,131,4,0.030534351145038167
CER,math,12,org.apache.commons.math.ode.SwitchingFunctionsHandler,org.apache.commons.math.ode.SwitchState,188,6,0.031914893617021274
CER,math,12,org.apache.commons.math.ode.SwitchState,org.apache.commons.math.analysis.BrentSolver,283,4,0.014134275618374558
CER,math,12,org.apache.commons.math.optimization.NelderMead,org.apache.commons.math.optimization.DirectSearchOptimizer,223,69,0.3094170403587444
CER,math,12,org.apache.commons.math.random.EmpiricalDistributionImpl,org.apache.commons.math.stat.descriptive.SummaryStatistics,363,4,0.011019283746556474
CER,math,12,org.apache.commons.math.stat.descriptive.AbstractStorelessUnivariateStatistic,org.apache.commons.math.stat.descriptive.moment.Variance,150,71,0.47333333333333333
CER,math,12,org.apache.commons.math.stat.descriptive.DescriptiveStatistics,org.apache.commons.math.util.ResizableDoubleArray,305,89,0.29180327868852457
CER,math,12,org.apache.commons.math.stat.inference.TTestImpl,org.apache.commons.math.stat.StatUtils,127,1,0.007874015748031496
CER,math,12,org.apache.commons.math.transform.FastFourierTransformer,org.apache.commons.math.complex.Complex,635,32,0.050393700787401574
CER,mockito,12,org.mockito.asm.AnnotationWriter,org.mockito.asm.ClassWriter,883,379,0.4292185730464326
CER,mockito,12,org.mockito.asm.MethodWriter,org.mockito.asm.ByteVector,300,30,0.1
CER,mockito,12,org.mockito.asm.MethodWriter,org.mockito.asm.ClassWriter,883,4,0.004530011325028313
CER,mockito,12,org.mockito.asm.tree.analysis.BasicVerifier,org.mockito.asm.tree.analysis.BasicInterpreter,413,18,0.043583535108958835
CER,mockito,12,org.mockito.asm.tree.analysis.BasicVerifier,org.mockito.asm.tree.analysis.SimpleVerifier,347,8,0.023054755043227664
CER,mockito,12,org.mockito.asm.util.ASMifierClassVisitor,org.mockito.asm.util.ASMifierAbstractVisitor,328,16,0.04878048780487805
CER,mockito,12,org.mockito.cglib.core.CodeEmitter,org.mockito.cglib.core.TypeUtils,725,77,0.10620689655172413
CER,mockito,12,org.mockito.cglib.core.EmitUtils,org.mockito.cglib.core.CodeEmitter,746,13,0.01742627345844504
CER,mockito,12,org.mockito.cglib.proxy.Enhancer,org.mockito.cglib.core.ReflectUtils,518,36,0.0694980694980695
CER,mockito,12,org.mockito.cglib.proxy.Mixin$Generator,org.mockito.cglib.core.ReflectUtils,518,65,0.12548262548262548
CER,time,12,org.joda.time.base.AbstractPartial,org.joda.time.MonthDay,286,44,0.15384615384615385
CER,time,12,org.joda.time.base.AbstractPartial,org.joda.time.TimeOfDay,327,1,0.0030581039755351682
CER,time,12,org.joda.time.base.AbstractPartial,org.joda.time.YearMonth,299,1,0.0033444816053511705
CER,time,12,org.joda.time.base.BasePeriod,org.joda.time.base.AbstractPeriod,132,62,0.4696969696969697
CER,time,12,org.joda.time.chrono.BasicChronology,org.joda.time.chrono.EthiopicChronology,133,7,0.05263157894736842
CER,time,12,org.joda.time.chrono.BasicChronology,org.joda.time.chrono.IslamicChronology,352,9,0.02556818181818182
CER,time,12,org.joda.time.chrono.BasicWeekyearDateTimeField,org.joda.time.chrono.BasicChronology,503,111,0.220675944333996
CER,time,12,org.joda.time.chrono.CopticChronology,org.joda.time.DateTimeZone,737,45,0.06105834464043419
CER,time,12,org.joda.time.chrono.GJChronology,org.joda.time.chrono.JulianChronology,157,22,0.14012738853503184
CER,time,12,org.joda.time.chrono.ISOChronology,org.joda.time.chrono.AssembledChronology,359,34,0.0947075208913649
CER,time,12,org.joda.time.chrono.ZonedChronology,org.joda.time.chrono.AssembledChronology,359,9,0.025069637883008356
CER,time,12,org.joda.time.chrono.ZonedChronology,org.joda.time.DateTimeZone,737,38,0.051560379918588875
CER,time,12,org.joda.time.chrono.ZonedChronology$ZonedDateTimeField,org.joda.time.DateTimeZone,737,41,0.05563093622795115
CER,time,12,org.joda.time.DateTimeUtils,org.joda.time.DateTimeZone,737,13,0.017639077340569877
CER,time,12,org.joda.time.DateTimeZone,org.joda.time.format.FormatUtils,542,1,0.0018450184501845018
CER,time,12,org.joda.time.Days,org.joda.time.base.BaseSingleFieldPeriod,228,63,0.27631578947368424
CER,time,12,org.joda.time.format.DateTimeFormat,org.joda.time.format.DateTimeFormatterBuilder,644,10,0.015527950310559006
CER,time,12,org.joda.time.format.DateTimeFormatter,org.joda.time.DateTimeZone,737,37,0.050203527815468114
CER,time,12,org.joda.time.format.DateTimeFormatter,org.joda.time.format.DateTimeParserBucket,274,65,0.23722627737226276
CER,time,12,org.joda.time.format.DateTimeFormatterBuilder$PaddedNumber,org.joda.time.format.DateTimeFormatterBuilder,644,15,0.023291925465838508
CER,time,12,org.joda.time.format.DateTimeFormatterBuilder$TextField,org.joda.time.format.DateTimeParserBucket,274,75,0.2737226277372263
CER,time,12,org.joda.time.format.DateTimeFormatterBuilder$TextField,org.joda.time.MutableDateTime,462,20,0.04329004329004329
CER,time,12,org.joda.time.format.DateTimeParserBucket$SavedState,org.joda.time.format.DateTimeParserBucket,274,15,0.05474452554744526
CER,time,12,org.joda.time.Hours,org.joda.time.base.BaseSingleFieldPeriod,228,38,0.16666666666666666
CER,time,12,org.joda.time.LocalDate,org.joda.time.format.ISODateTimeFormat,1510,2,0.0013245033112582781
CER,time,12,org.joda.time.LocalDateTime,org.joda.time.DateTimeZone,737,144,0.19538670284938942
CER,time,12,org.joda.time.LocalDateTime,org.joda.time.format.DateTimeFormatter,466,2,0.004291845493562232
CER,time,12,org.joda.time.LocalTime$Property,org.joda.time.LocalTime,729,8,0.010973936899862825
CER,time,12,org.joda.time.Minutes,org.joda.time.base.BaseSingleFieldPeriod,228,58,0.2543859649122807
CER,time,12,org.joda.time.MutablePeriod,org.joda.time.base.BasePeriod,350,19,0.054285714285714284
CER,time,12,org.joda.time.Period,org.joda.time.base.AbstractPeriod,132,6,0.045454545454545456
CER,time,12,org.joda.time.Period,org.joda.time.base.BasePeriod,350,5,0.014285714285714285
CER,time,12,org.joda.time.Period,org.joda.time.PeriodType,907,88,0.0970231532524807
CER,time,12,org.joda.time.Seconds,org.joda.time.base.BaseSingleFieldPeriod,228,74,0.32456140350877194
CER,time,12,org.joda.time.Weeks,org.joda.time.base.BaseSingleFieldPeriod,228,81,0.35526315789473684
CER,time,12,org.joda.time.YearMonthDay,org.joda.time.base.BasePartial,84,6,0.07142857142857142
CER,closure,13,com.google.javascript.rhino.head.Interpreter,com.google.javascript.rhino.head.ScriptableObject,2492,69,0.02768860353130016
CER,closure,13,com.google.javascript.rhino.head.IRFactory,com.google.javascript.rhino.head.Node,670,17,0.025373134328358207
CER,closure,13,com.google.javascript.rhino.head.NativeArray,com.google.javascript.rhino.head.IdScriptableObject,491,7,0.014256619144602852
CER,closure,13,com.google.javascript.rhino.head.NativeArray,com.google.javascript.rhino.head.ScriptableObject,2492,43,0.01725521669341894
CER,closure,13,com.google.javascript.rhino.head.NativeObject,com.google.javascript.rhino.head.ScriptableObject,2492,180,0.07223113964686999
CER,closure,13,com.google.javascript.rhino.head.regexp.NativeRegExp,com.google.javascript.rhino.head.ScriptRuntime,4533,16,0.003529671299360247
CER,closure,13,com.google.javascript.rhino.head.tools.debugger.Dim,com.google.javascript.rhino.head.ScriptRuntime,4533,5,0.0011030222810500773
CER,closure,13,com.google.javascript.rhino.JSDocInfoBuilder,com.google.javascript.rhino.JSDocInfo,954,123,0.1289308176100629
CER,closure,13,com.google.javascript.rhino.jstype.JSType,com.google.javascript.rhino.jstype.UnionType,483,6,0.012422360248447204
CER,lang,13,org.apache.commons.lang3.concurrent.MultiBackgroundInitializer,org.apache.commons.lang3.concurrent.BackgroundInitializer,63,6,0.09523809523809523
CER,lang,13,org.apache.commons.lang3.text.StrBuilder$StrBuilderReader,org.apache.commons.lang3.text.StrBuilder,2104,66,0.03136882129277566
CER,lang,13,org.apache.commons.lang3.text.StrSubstitutor,org.apache.commons.lang3.text.StrBuilder,2104,186,0.08840304182509506
CER,math,13,org.apache.commons.math.analysis.LaguerreSolver,org.apache.commons.math.complex.Complex,635,31,0.048818897637795275
CER,math,13,org.apache.commons.math.analysis.MullerSolver,org.apache.commons.math.analysis.UnivariateRealSolverImpl,159,58,0.36477987421383645
CER,math,13,org.apache.commons.math.distribution.AbstractIntegerDistribution,org.apache.commons.math.distribution.HypergeometricDistributionImpl,150,38,0.25333333333333335
CER,math,13,org.apache.commons.math.fraction.ProperFractionFormat,org.apache.commons.math.fraction.FractionFormat,171,29,0.1695906432748538
CER,math,13,org.apache.commons.math.geometry.Rotation,org.apache.commons.math.geometry.Vector3D,294,83,0.282312925170068
CER,math,13,org.apache.commons.math.linear.MatrixUtils,org.apache.commons.math.linear.BigMatrixImpl,1175,15,0.01276595744680851
CER,math,13,org.apache.commons.math.ode.AbstractStepInterpolator,org.apache.commons.math.ode.DormandPrince853StepInterpolator,398,64,0.16080402010050251
CER,math,13,org.apache.commons.math.ode.EmbeddedRungeKuttaIntegrator,org.apache.commons.math.ode.DormandPrince853Integrator,115,5,0.043478260869565216
CER,math,13,org.apache.commons.math.ode.EmbeddedRungeKuttaIntegrator,org.apache.commons.math.ode.HighamHall54Integrator,50,2,0.04
CER,math,13,org.apache.commons.math.ode.GraggBulirschStoerIntegrator,org.apache.commons.math.ode.AdaptiveStepsizeIntegrator,278,66,0.23741007194244604
CER,math,13,org.apache.commons.math.ode.GraggBulirschStoerIntegrator,org.apache.commons.math.ode.SwitchingFunctionsHandler,117,8,0.06837606837606838
CER,math,13,org.apache.commons.math.ode.GraggBulirschStoerStepInterpolator,org.apache.commons.math.ode.AbstractStepInterpolator,131,13,0.09923664122137404
CER,math,13,org.apache.commons.math.ode.SwitchingFunctionsHandler,org.apache.commons.math.ode.SwitchState,188,21,0.11170212765957446
CER,math,13,org.apache.commons.math.ode.SwitchState,org.apache.commons.math.analysis.BrentSolver,283,27,0.09540636042402827
CER,math,13,org.apache.commons.math.optimization.NelderMead,org.apache.commons.math.optimization.DirectSearchOptimizer,223,61,0.273542600896861
CER,math,13,org.apache.commons.math.stat.descriptive.AbstractStorelessUnivariateStatistic,org.apache.commons.math.stat.descriptive.moment.Variance,150,36,0.24
CER,math,13,org.apache.commons.math.stat.descriptive.DescriptiveStatistics,org.apache.commons.math.util.ResizableDoubleArray,305,116,0.380327868852459
CER,math,13,org.apache.commons.math.stat.inference.TTestImpl,org.apache.commons.math.stat.StatUtils,127,2,0.015748031496062992
CER,math,13,org.apache.commons.math.transform.FastFourierTransformer,org.apache.commons.math.complex.Complex,635,20,0.031496062992125984
CER,mockito,13,org.mockito.asm.AnnotationWriter,org.mockito.asm.ClassWriter,883,268,0.3035107587768969
CER,mockito,13,org.mockito.asm.MethodWriter,org.mockito.asm.ByteVector,300,36,0.12
CER,mockito,13,org.mockito.asm.MethodWriter,org.mockito.asm.ClassWriter,883,8,0.009060022650056626
CER,mockito,13,org.mockito.asm.tree.analysis.BasicVerifier,org.mockito.asm.tree.analysis.BasicInterpreter,413,2,0.004842615012106538
CER,mockito,13,org.mockito.asm.util.ASMifierClassVisitor,org.mockito.asm.util.ASMifierAbstractVisitor,328,24,0.07317073170731707
CER,mockito,13,org.mockito.cglib.core.ClassEmitter,org.mockito.cglib.transform.impl.InterceptFieldTransformer,188,10,0.05319148936170213
CER,mockito,13,org.mockito.cglib.core.CodeEmitter,org.mockito.cglib.core.TypeUtils,725,7,0.009655172413793104
CER,mockito,13,org.mockito.cglib.core.EmitUtils,org.mockito.cglib.core.CodeEmitter,745,65,0.087248322147651
CER,mockito,13,org.mockito.cglib.proxy.Enhancer,org.mockito.cglib.core.ReflectUtils,518,37,0.07142857142857142
CER,time,13,org.joda.time.base.AbstractPartial,org.joda.time.MonthDay,286,40,0.13986013986013987
CER,time,13,org.joda.time.base.AbstractPartial,org.joda.time.TimeOfDay,327,41,0.12538226299694188
CER,time,13,org.joda.time.base.BasePeriod,org.joda.time.base.AbstractPeriod,132,39,0.29545454545454547
CER,time,13,org.joda.time.chrono.BasicChronology,org.joda.time.chrono.CopticChronology,136,5,0.03676470588235294
CER,time,13,org.joda.time.chrono.BasicChronology,org.joda.time.chrono.EthiopicChronology,133,22,0.16541353383458646
CER,time,13,org.joda.time.chrono.BasicChronology,org.joda.time.chrono.IslamicChronology,352,15,0.04261363636363636
CER,time,13,org.joda.time.chrono.BasicWeekyearDateTimeField,org.joda.time.chrono.BasicChronology,503,14,0.027833001988071572
CER,time,13,org.joda.time.chrono.CopticChronology,org.joda.time.DateTimeZone,734,23,0.031335149863760216
CER,time,13,org.joda.time.chrono.GJChronology,org.joda.time.chrono.GJChronology$CutoverField,367,2,0.005449591280653951
CER,time,13,org.joda.time.chrono.GJChronology,org.joda.time.chrono.JulianChronology,157,41,0.2611464968152866
CER,time,13,org.joda.time.chrono.ISOChronology,org.joda.time.chrono.AssembledChronology,359,89,0.2479108635097493
CER,time,13,org.joda.time.chrono.ISOChronology,org.joda.time.DateTimeZone,734,10,0.013623978201634877
CER,time,13,org.joda.time.chrono.ZonedChronology,org.joda.time.chrono.AssembledChronology,359,13,0.036211699164345405
CER,time,13,org.joda.time.chrono.ZonedChronology,org.joda.time.DateTimeZone,734,2,0.0027247956403269754
CER,time,13,org.joda.time.chrono.ZonedChronology$ZonedDateTimeField,org.joda.time.DateTimeZone,734,22,0.02997275204359673
CER,time,13,org.joda.time.DateTimeUtils,org.joda.time.DateTimeZone,734,9,0.01226158038147139
CER,time,13,org.joda.time.DateTimeZone,org.joda.time.field.FieldUtils,323,1,0.0030959752321981426
CER,time,13,org.joda.time.Days,org.joda.time.base.BaseSingleFieldPeriod,228,68,0.2982456140350877
CER,time,13,org.joda.time.format.DateTimeFormatter,org.joda.time.DateTimeZone,734,23,0.031335149863760216
CER,time,13,org.joda.time.format.DateTimeFormatter,org.joda.time.format.DateTimeParserBucket,274,69,0.2518248175182482
CER,time,13,org.joda.time.format.DateTimeFormatterBuilder$PaddedNumber,org.joda.time.format.DateTimeFormatterBuilder,643,14,0.02177293934681182
CER,time,13,org.joda.time.format.DateTimeFormatterBuilder$TextField,org.joda.time.format.DateTimeParserBucket,274,86,0.31386861313868614
CER,time,13,org.joda.time.format.DateTimeFormatterBuilder$TextField,org.joda.time.MutableDateTime,462,4,0.008658008658008658
CER,time,13,org.joda.time.format.DateTimeParserBucket$SavedState,org.joda.time.format.DateTimeParserBucket,274,34,0.12408759124087591
CER,time,13,org.joda.time.Hours,org.joda.time.base.BaseSingleFieldPeriod,228,53,0.2324561403508772
CER,time,13,org.joda.time.LocalDate,org.joda.time.DateTime,801,8,0.009987515605493134
CER,time,13,org.joda.time.LocalDate,org.joda.time.format.ISODateTimeFormat,1510,2,0.0013245033112582781
CER,time,13,org.joda.time.LocalDateTime,org.joda.time.DateTimeZone,734,14,0.01907356948228883
CER,time,13,org.joda.time.LocalDateTime,org.joda.time.format.DateTimeFormatter,466,4,0.008583690987124463
CER,time,13,org.joda.time.LocalTime$Property,org.joda.time.LocalTime,729,125,0.17146776406035666
CER,time,13,org.joda.time.Minutes,org.joda.time.base.BaseSingleFieldPeriod,228,59,0.25877192982456143
CER,time,13,org.joda.time.MutableInterval,org.joda.time.base.BaseInterval,109,6,0.05504587155963303
CER,time,13,org.joda.time.MutablePeriod,org.joda.time.base.BasePeriod,350,14,0.04
CER,time,13,org.joda.time.Period,org.joda.time.base.AbstractPeriod,132,22,0.16666666666666666
CER,time,13,org.joda.time.Period,org.joda.time.base.BasePeriod,350,3,0.008571428571428572
CER,time,13,org.joda.time.Period,org.joda.time.PeriodType,907,22,0.024255788313120176
CER,time,13,org.joda.time.Seconds,org.joda.time.base.BaseSingleFieldPeriod,228,50,0.21929824561403508
CER,time,13,org.joda.time.tz.ZoneInfoCompiler,org.joda.time.DateTimeZone,734,24,0.0326975476839237
CER,time,13,org.joda.time.Weeks,org.joda.time.base.BaseSingleFieldPeriod,228,49,0.2149122807017544
CER,time,13,org.joda.time.YearMonthDay,org.joda.time.base.BasePartial,84,6,0.07142857142857142
CER,closure,14,com.google.javascript.rhino.head.IdScriptableObject,com.google.javascript.rhino.head.ScriptableObject,2418,81,0.033498759305210915
CER,closure,14,com.google.javascript.rhino.head.Interpreter,com.google.javascript.rhino.head.ScriptableObject,2418,74,0.030603804797353185
CER,closure,14,com.google.javascript.rhino.head.IRFactory,com.google.javascript.rhino.head.Node,670,22,0.03283582089552239
CER,closure,14,com.google.javascript.rhino.head.NativeArray,com.google.javascript.rhino.head.ScriptableObject,2418,27,0.011166253101736972
CER,closure,14,com.google.javascript.rhino.head.NativeArray,com.google.javascript.rhino.head.ScriptRuntime,4533,21,0.004632693580410324
CER,closure,14,com.google.javascript.rhino.head.ScriptRuntime,com.google.javascript.rhino.head.ScriptableObject,2418,19,0.007857733664185277
CER,closure,14,com.google.javascript.rhino.jstype.JSType,com.google.javascript.rhino.jstype.FunctionType,1240,135,0.10887096774193548
CER,lang,14,org.apache.commons.lang3.builder.ToStringBuilder,org.apache.commons.lang3.builder.ToStringStyle,793,2,0.0025220680958385876
CER,lang,14,org.apache.commons.lang3.builder.ToStringStyle,org.apache.commons.lang3.ClassUtils,830,1,0.0012048192771084338
CER,lang,14,org.apache.commons.lang3.concurrent.MultiBackgroundInitializer,org.apache.commons.lang3.concurrent.BackgroundInitializer,63,5,0.07936507936507936
CER,lang,14,org.apache.commons.lang3.text.StrBuilder$StrBuilderReader,org.apache.commons.lang3.text.StrBuilder,2104,95,0.04515209125475285
CER,lang,14,org.apache.commons.lang3.text.StrSubstitutor,org.apache.commons.lang3.text.StrBuilder,2104,245,0.11644486692015209
CER,lang,14,org.apache.commons.lang3.text.translate.UnicodeEscaper,org.apache.commons.lang3.text.translate.CharSequenceTranslator,76,9,0.11842105263157894
CER,lang,14,org.apache.commons.lang3.time.DurationFormatUtils,org.apache.commons.lang3.time.DurationFormatUtils$Token,79,2,0.02531645569620253
CER,math,14,org.apache.commons.math.analysis.LaguerreSolver,org.apache.commons.math.complex.Complex,635,18,0.028346456692913385
CER,math,14,org.apache.commons.math.analysis.MullerSolver,org.apache.commons.math.analysis.UnivariateRealSolverImpl,159,52,0.3270440251572327
CER,math,14,org.apache.commons.math.distribution.AbstractIntegerDistribution,org.apache.commons.math.distribution.HypergeometricDistributionImpl,150,35,0.23333333333333334
CER,math,14,org.apache.commons.math.fraction.ProperFractionFormat,org.apache.commons.math.fraction.FractionFormat,171,29,0.1695906432748538
CER,math,14,org.apache.commons.math.geometry.Rotation,org.apache.commons.math.geometry.Vector3D,294,57,0.19387755102040816
CER,math,14,org.apache.commons.math.linear.MatrixUtils,org.apache.commons.math.linear.BigMatrixImpl,1175,7,0.005957446808510639
CER,math,14,org.apache.commons.math.ode.AbstractStepInterpolator,org.apache.commons.math.ode.DormandPrince853StepInterpolator,398,73,0.18341708542713567
CER,math,14,org.apache.commons.math.ode.EmbeddedRungeKuttaIntegrator,org.apache.commons.math.ode.DormandPrince853Integrator,115,14,0.12173913043478261
CER,math,14,org.apache.commons.math.ode.EmbeddedRungeKuttaIntegrator,org.apache.commons.math.ode.HighamHall54Integrator,50,2,0.04
CER,math,14,org.apache.commons.math.ode.GraggBulirschStoerIntegrator,org.apache.commons.math.ode.AdaptiveStepsizeIntegrator,278,46,0.16546762589928057
CER,math,14,org.apache.commons.math.ode.GraggBulirschStoerStepInterpolator,org.apache.commons.math.ode.AbstractStepInterpolator,131,6,0.04580152671755725
CER,math,14,org.apache.commons.math.ode.SwitchingFunctionsHandler,org.apache.commons.math.ode.SwitchState,188,7,0.03723404255319149
CER,math,14,org.apache.commons.math.ode.SwitchState,org.apache.commons.math.analysis.BrentSolver,283,1,0.0035335689045936395
CER,math,14,org.apache.commons.math.optimization.NelderMead,org.apache.commons.math.optimization.DirectSearchOptimizer,223,76,0.34080717488789236
CER,math,14,org.apache.commons.math.random.EmpiricalDistributionImpl,org.apache.commons.math.stat.descriptive.SummaryStatistics,363,1,0.0027548209366391185
CER,math,14,org.apache.commons.math.stat.descriptive.AbstractStorelessUnivariateStatistic,org.apache.commons.math.stat.descriptive.moment.Variance,150,45,0.3
CER,math,14,org.apache.commons.math.stat.descriptive.DescriptiveStatistics,org.apache.commons.math.util.ResizableDoubleArray,305,90,0.29508196721311475
CER,math,14,org.apache.commons.math.stat.inference.TTestImpl,org.apache.commons.math.stat.StatUtils,127,1,0.007874015748031496
CER,math,14,org.apache.commons.math.transform.FastFourierTransformer,org.apache.commons.math.complex.Complex,635,24,0.03779527559055118
CER,mockito,14,org.mockito.asm.AnnotationWriter,org.mockito.asm.ClassWriter,883,403,0.4563986409966025
CER,mockito,14,org.mockito.asm.MethodWriter,org.mockito.asm.ByteVector,300,25,0.08333333333333333
CER,mockito,14,org.mockito.asm.tree.analysis.BasicVerifier,org.mockito.asm.tree.analysis.BasicInterpreter,413,23,0.05569007263922518
CER,mockito,14,org.mockito.cglib.core.CodeEmitter,org.mockito.cglib.core.TypeUtils,725,104,0.14344827586206896
CER,mockito,14,org.mockito.cglib.proxy.Enhancer,org.mockito.cglib.core.ReflectUtils,518,37,0.07142857142857142
CER,mockito,14,org.mockito.cglib.proxy.Mixin$Generator,org.mockito.cglib.core.AbstractClassGenerator,126,5,0.03968253968253968
CER,mockito,14,org.mockito.cglib.proxy.Mixin$Generator,org.mockito.cglib.core.ReflectUtils,518,21,0.04054054054054054
CER,time,14,org.joda.time.base.AbstractPartial,org.joda.time.MonthDay,286,6,0.02097902097902098
CER,time,14,org.joda.time.base.AbstractPartial,org.joda.time.TimeOfDay,327,1,0.0030581039755351682
CER,time,14,org.joda.time.base.AbstractPartial,org.joda.time.YearMonth,299,33,0.11036789297658862
CER,time,14,org.joda.time.base.BasePeriod,org.joda.time.base.AbstractPeriod,132,67,0.5075757575757576
CER,time,14,org.joda.time.chrono.BasicChronology,org.joda.time.chrono.CopticChronology,136,1,0.007352941176470588
CER,time,14,org.joda.time.chrono.BasicChronology,org.joda.time.chrono.EthiopicChronology,133,10,0.07518796992481203
CER,time,14,org.joda.time.chrono.BasicChronology,org.joda.time.chrono.IslamicChronology,352,21,0.05965909090909091
CER,time,14,org.joda.time.chrono.CopticChronology,org.joda.time.DateTimeZone,743,18,0.024226110363391656
CER,time,14,org.joda.time.chrono.GJChronology,org.joda.time.chrono.JulianChronology,157,88,0.5605095541401274
CER,time,14,org.joda.time.chrono.ISOChronology,org.joda.time.chrono.AssembledChronology,359,30,0.08356545961002786
CER,time,14,org.joda.time.chrono.ISOChronology,org.joda.time.DateTimeZone,743,28,0.03768506056527591
CER,time,14,org.joda.time.chrono.ZonedChronology,org.joda.time.DateTimeZone,743,124,0.16689098250336473
CER,time,14,org.joda.time.chrono.ZonedChronology$ZonedDateTimeField,org.joda.time.DateTimeZone,743,7,0.009421265141318977
CER,time,14,org.joda.time.DateTimeUtils,org.joda.time.DateTimeZone,743,63,0.0847913862718708
CER,time,14,org.joda.time.Days,org.joda.time.base.BaseSingleFieldPeriod,228,45,0.19736842105263158
CER,time,14,org.joda.time.format.DateTimeFormat,org.joda.time.format.DateTimeFormat$StyleFormatter,77,2,0.025974025974025976
CER,time,14,org.joda.time.format.DateTimeFormat,org.joda.time.format.DateTimeFormatterBuilder,643,2,0.003110419906687403
CER,time,14,org.joda.time.format.DateTimeFormatter,org.joda.time.DateTimeZone,743,7,0.009421265141318977
CER,time,14,org.joda.time.format.DateTimeFormatter,org.joda.time.format.DateTimeParserBucket,274,62,0.22627737226277372
CER,time,14,org.joda.time.format.DateTimeFormatterBuilder$TextField,org.joda.time.format.DateTimeParserBucket,274,100,0.36496350364963503
CER,time,14,org.joda.time.format.DateTimeFormatterBuilder$TextField,org.joda.time.MutableDateTime,462,2,0.004329004329004329
CER,time,14,org.joda.time.format.DateTimeParserBucket$SavedState,org.joda.time.format.DateTimeParserBucket,274,15,0.05474452554744526
CER,time,14,org.joda.time.Hours,org.joda.time.base.BaseSingleFieldPeriod,228,46,0.20175438596491227
CER,time,14,org.joda.time.LocalDate,org.joda.time.DateTime,801,8,0.009987515605493134
CER,time,14,org.joda.time.LocalDateTime,org.joda.time.DateTimeZone,743,13,0.017496635262449527
CER,time,14,org.joda.time.LocalTime$Property,org.joda.time.LocalTime,729,14,0.019204389574759947
CER,time,14,org.joda.time.Minutes,org.joda.time.base.BaseSingleFieldPeriod,228,44,0.19298245614035087
CER,time,14,org.joda.time.MutableInterval,org.joda.time.base.BaseInterval,109,2,0.01834862385321101
CER,time,14,org.joda.time.MutablePeriod,org.joda.time.base.BasePeriod,350,2,0.005714285714285714
CER,time,14,org.joda.time.Period,org.joda.time.base.AbstractPeriod,132,11,0.08333333333333333
CER,time,14,org.joda.time.Period,org.joda.time.base.BasePeriod,350,6,0.017142857142857144
CER,time,14,org.joda.time.Period,org.joda.time.PeriodType,907,113,0.12458654906284454
CER,time,14,org.joda.time.Seconds,org.joda.time.base.BaseSingleFieldPeriod,228,73,0.3201754385964912
CER,time,14,org.joda.time.tz.ZoneInfoCompiler,org.joda.time.DateTimeZone,743,1,0.0013458950201884253
CER,time,14,org.joda.time.Weeks,org.joda.time.base.BaseSingleFieldPeriod,228,78,0.34210526315789475
CER,time,14,org.joda.time.YearMonthDay,org.joda.time.base.BasePartial,84,6,0.07142857142857142
CER,closure,15,com.google.javascript.rhino.head.IdScriptableObject,com.google.javascript.rhino.head.ScriptableObject,2403,31,0.012900540990428632
CER,closure,15,com.google.javascript.rhino.head.Interpreter,com.google.javascript.rhino.head.ScriptableObject,2403,36,0.0149812734082397
CER,closure,15,com.google.javascript.rhino.head.IRFactory,com.google.javascript.rhino.head.Decompiler,887,24,0.02705749718151071
CER,closure,15,com.google.javascript.rhino.head.NativeArray,com.google.javascript.rhino.head.ScriptableObject,2403,4,0.0016645859342488557
CER,closure,15,com.google.javascript.rhino.head.NativeObject,com.google.javascript.rhino.head.ScriptableObject,2403,28,0.011652101539741989
CER,closure,15,com.google.javascript.rhino.head.regexp.NativeRegExp,com.google.javascript.rhino.head.ScriptRuntime,4533,4,0.0008824178248400617
CER,closure,15,com.google.javascript.rhino.head.tools.debugger.Dim,com.google.javascript.rhino.head.ScriptRuntime,4533,3,0.0006618133686300463
CER,closure,15,com.google.javascript.rhino.jstype.JSType,com.google.javascript.rhino.jstype.ProxyObjectType,345,2,0.005797101449275362
CER,closure,15,com.google.javascript.rhino.jstype.JSType,com.google.javascript.rhino.jstype.UnionType,483,8,0.016563146997929608
CER,lang,15,org.apache.commons.lang3.builder.ReflectionToStringBuilder,org.apache.commons.lang3.builder.ToStringBuilder,222,3,0.013513513513513514
CER,lang,15,org.apache.commons.lang3.builder.ToStringBuilder,org.apache.commons.lang3.builder.ToStringStyle,793,11,0.013871374527112233
CER,lang,15,org.apache.commons.lang3.concurrent.MultiBackgroundInitializer,org.apache.commons.lang3.concurrent.BackgroundInitializer,63,3,0.047619047619047616
CER,lang,15,org.apache.commons.lang3.text.StrBuilder$StrBuilderReader,org.apache.commons.lang3.text.StrBuilder,2104,79,0.03754752851711027
CER,lang,15,org.apache.commons.lang3.text.StrSubstitutor,org.apache.commons.lang3.text.StrBuilder,2104,223,0.10598859315589354
CER,lang,15,org.apache.commons.lang3.text.StrTokenizer,org.apache.commons.lang3.text.StrMatcher,80,2,0.025
CER,lang,15,org.apache.commons.lang3.text.translate.UnicodeEscaper,org.apache.commons.lang3.text.translate.CharSequenceTranslator,76,6,0.07894736842105263
CER,math,15,org.apache.commons.math.analysis.LaguerreSolver,org.apache.commons.math.complex.Complex,635,21,0.03307086614173228
CER,math,15,org.apache.commons.math.analysis.MullerSolver,org.apache.commons.math.analysis.UnivariateRealSolverImpl,159,51,0.32075471698113206
CER,math,15,org.apache.commons.math.distribution.AbstractIntegerDistribution,org.apache.commons.math.distribution.HypergeometricDistributionImpl,150,2,0.013333333333333334
CER,math,15,org.apache.commons.math.fraction.ProperFractionFormat,org.apache.commons.math.fraction.FractionFormat,171,51,0.2982456140350877
CER,math,15,org.apache.commons.math.geometry.Rotation,org.apache.commons.math.geometry.Vector3D,294,69,0.23469387755102042
CER,math,15,org.apache.commons.math.linear.MatrixUtils,org.apache.commons.math.linear.BigMatrixImpl,1175,24,0.020425531914893616
CER,math,15,org.apache.commons.math.ode.AbstractStepInterpolator,org.apache.commons.math.ode.DormandPrince853StepInterpolator,398,74,0.18592964824120603
CER,math,15,org.apache.commons.math.ode.ContinuousOutputModel,org.apache.commons.math.ode.AbstractStepInterpolator,131,1,0.007633587786259542
CER,math,15,org.apache.commons.math.ode.EmbeddedRungeKuttaIntegrator,org.apache.commons.math.ode.DormandPrince853Integrator,115,14,0.12173913043478261
CER,math,15,org.apache.commons.math.ode.EmbeddedRungeKuttaIntegrator,org.apache.commons.math.ode.HighamHall54Integrator,50,1,0.02
CER,math,15,org.apache.commons.math.ode.GraggBulirschStoerIntegrator,org.apache.commons.math.ode.AdaptiveStepsizeIntegrator,278,39,0.14028776978417265
CER,math,15,org.apache.commons.math.ode.GraggBulirschStoerIntegrator,org.apache.commons.math.ode.SwitchingFunctionsHandler,117,12,0.10256410256410256
CER,math,15,org.apache.commons.math.ode.GraggBulirschStoerStepInterpolator,org.apache.commons.math.ode.AbstractStepInterpolator,131,7,0.05343511450381679
CER,math,15,org.apache.commons.math.ode.SwitchingFunctionsHandler,org.apache.commons.math.ode.SwitchState,188,21,0.11170212765957446
CER,math,15,org.apache.commons.math.ode.SwitchState,org.apache.commons.math.analysis.BrentSolver,283,1,0.0035335689045936395
CER,math,15,org.apache.commons.math.optimization.NelderMead,org.apache.commons.math.optimization.DirectSearchOptimizer,223,24,0.10762331838565023
CER,math,15,org.apache.commons.math.stat.descriptive.AbstractStorelessUnivariateStatistic,org.apache.commons.math.stat.descriptive.moment.Variance,150,35,0.23333333333333334
CER,math,15,org.apache.commons.math.stat.descriptive.DescriptiveStatistics,org.apache.commons.math.util.ResizableDoubleArray,305,126,0.4131147540983607
CER,math,15,org.apache.commons.math.stat.inference.TTestImpl,org.apache.commons.math.stat.StatUtils,127,1,0.007874015748031496
CER,math,15,org.apache.commons.math.transform.FastFourierTransformer,org.apache.commons.math.complex.Complex,635,33,0.05196850393700787
CER,mockito,15,org.mockito.asm.AnnotationWriter,org.mockito.asm.ClassWriter,883,325,0.36806342015855037
CER,mockito,15,org.mockito.asm.MethodWriter,org.mockito.asm.ByteVector,300,44,0.14666666666666667
CER,mockito,15,org.mockito.asm.tree.analysis.BasicVerifier,org.mockito.asm.tree.analysis.BasicInterpreter,413,19,0.04600484261501211
CER,mockito,15,org.mockito.asm.tree.analysis.BasicVerifier,org.mockito.asm.tree.analysis.SimpleVerifier,347,21,0.06051873198847262
CER,mockito,15,org.mockito.cglib.core.ClassEmitter,org.mockito.cglib.transform.impl.InterceptFieldTransformer,188,9,0.047872340425531915
CER,mockito,15,org.mockito.cglib.core.CodeEmitter,org.mockito.cglib.core.TypeUtils,725,107,0.14758620689655172
CER,mockito,15,org.mockito.cglib.core.EmitUtils,org.mockito.cglib.core.CodeEmitter,745,7,0.009395973154362415
CER,mockito,15,org.mockito.cglib.proxy.Enhancer,org.mockito.cglib.core.ReflectUtils,518,37,0.07142857142857142
CER,mockito,15,org.mockito.cglib.proxy.Mixin$Generator,org.mockito.cglib.core.AbstractClassGenerator,126,2,0.015873015873015872
CER,time,15,org.joda.time.base.AbstractPartial,org.joda.time.MonthDay,286,21,0.07342657342657342
CER,time,15,org.joda.time.base.AbstractPartial,org.joda.time.TimeOfDay,327,42,0.12844036697247707
CER,time,15,org.joda.time.base.AbstractPartial,org.joda.time.YearMonth,299,26,0.08695652173913043
CER,time,15,org.joda.time.base.BasePeriod,org.joda.time.base.AbstractPeriod,132,30,0.22727272727272727
CER,time,15,org.joda.time.chrono.BasicChronology,org.joda.time.chrono.CopticChronology,136,2,0.014705882352941176
CER,time,15,org.joda.time.chrono.BasicChronology,org.joda.time.chrono.EthiopicChronology,133,8,0.06015037593984962
CER,time,15,org.joda.time.chrono.BasicChronology,org.joda.time.chrono.IslamicChronology,352,14,0.03977272727272727
CER,time,15,org.joda.time.chrono.BasicWeekyearDateTimeField,org.joda.time.chrono.BasicChronology,503,7,0.013916500994035786
CER,time,15,org.joda.time.chrono.CopticChronology,org.joda.time.DateTimeZone,734,45,0.06130790190735695
CER,time,15,org.joda.time.chrono.GJChronology,org.joda.time.chrono.JulianChronology,157,7,0.044585987261146494
CER,time,15,org.joda.time.chrono.ISOChronology,org.joda.time.chrono.AssembledChronology,359,22,0.06128133704735376
CER,time,15,org.joda.time.chrono.ISOChronology,org.joda.time.DateTimeZone,734,26,0.035422343324250684
CER,time,15,org.joda.time.chrono.ZonedChronology,org.joda.time.chrono.AssembledChronology,359,5,0.013927576601671309
CER,time,15,org.joda.time.chrono.ZonedChronology,org.joda.time.DateTimeZone,734,24,0.0326975476839237
CER,time,15,org.joda.time.chrono.ZonedChronology$ZonedDateTimeField,org.joda.time.DateTimeZone,734,35,0.047683923705722074
CER,time,15,org.joda.time.DateTimeUtils,org.joda.time.DateTimeZone,734,93,0.12670299727520437
CER,time,15,org.joda.time.DateTimeZone,org.joda.time.field.FieldUtils,323,6,0.018575851393188854
CER,time,15,org.joda.time.DateTimeZone,org.joda.time.format.DateTimeFormat,642,7,0.010903426791277258
CER,time,15,org.joda.time.Days,org.joda.time.base.BaseSingleFieldPeriod,228,35,0.15350877192982457
CER,time,15,org.joda.time.format.DateTimeFormat,org.joda.time.format.DateTimeFormatterBuilder,643,1,0.0015552099533437014
CER,time,15,org.joda.time.format.DateTimeFormatter,org.joda.time.DateTimeZone,734,27,0.03678474114441417
CER,time,15,org.joda.time.format.DateTimeFormatter,org.joda.time.format.DateTimeParserBucket,274,64,0.23357664233576642
CER,time,15,org.joda.time.format.DateTimeFormatterBuilder$PaddedNumber,org.joda.time.format.DateTimeFormatterBuilder,643,2,0.003110419906687403
CER,time,15,org.joda.time.format.DateTimeFormatterBuilder$TextField,org.joda.time.format.DateTimeParserBucket,274,83,0.3029197080291971
CER,time,15,org.joda.time.format.DateTimeFormatterBuilder$TextField,org.joda.time.MutableDateTime,462,4,0.008658008658008658
CER,time,15,org.joda.time.format.DateTimeParserBucket$SavedState,org.joda.time.format.DateTimeParserBucket,274,16,0.058394160583941604
CER,time,15,org.joda.time.Hours,org.joda.time.base.BaseSingleFieldPeriod,228,50,0.21929824561403508
CER,time,15,org.joda.time.LocalDateTime,org.joda.time.DateTimeZone,734,134,0.18256130790190736
CER,time,15,org.joda.time.LocalDateTime,org.joda.time.format.DateTimeFormatter,466,1,0.002145922746781116
CER,time,15,org.joda.time.LocalTime$Property,org.joda.time.LocalTime,729,8,0.010973936899862825
CER,time,15,org.joda.time.Minutes,org.joda.time.base.BaseSingleFieldPeriod,228,57,0.25
CER,time,15,org.joda.time.MutableInterval,org.joda.time.base.BaseInterval,109,8,0.07339449541284404
CER,time,15,org.joda.time.MutablePeriod,org.joda.time.base.BasePeriod,350,5,0.014285714285714285
CER,time,15,org.joda.time.Period,org.joda.time.base.AbstractPeriod,132,17,0.12878787878787878
CER,time,15,org.joda.time.Period,org.joda.time.base.BasePeriod,350,10,0.02857142857142857
CER,time,15,org.joda.time.Period,org.joda.time.PeriodType,907,83,0.09151047409040794
CER,time,15,org.joda.time.Seconds,org.joda.time.base.BaseSingleFieldPeriod,228,49,0.2149122807017544
CER,time,15,org.joda.time.tz.ZoneInfoCompiler,org.joda.time.DateTimeZone,734,106,0.1444141689373297
CER,time,15,org.joda.time.Weeks,org.joda.time.base.BaseSingleFieldPeriod,228,76,0.3333333333333333
CER,time,15,org.joda.time.YearMonthDay,org.joda.time.base.BasePartial,84,6,0.07142857142857142
CER,closure,16,com.google.javascript.rhino.head.IRFactory,com.google.javascript.rhino.head.Node,670,28,0.041791044776119404
CER,closure,16,com.google.javascript.rhino.head.IRFactory,com.google.javascript.rhino.head.Parser,4058,2,0.0004928536224741252
CER,closure,16,com.google.javascript.rhino.head.NativeObject,com.google.javascript.rhino.head.ScriptableObject,2512,225,0.08957006369426751
CER,closure,16,com.google.javascript.rhino.head.ScriptableObject,com.google.javascript.rhino.head.FunctionObject,509,5,0.009823182711198428
CER,closure,16,com.google.javascript.rhino.head.tools.debugger.Dim,com.google.javascript.rhino.head.ScriptRuntime,4536,1,0.0002204585537918871
CER,closure,16,com.google.javascript.rhino.jstype.JSType,com.google.javascript.rhino.jstype.FunctionType,1240,131,0.10564516129032259
CER,closure,16,com.google.javascript.rhino.jstype.JSType,com.google.javascript.rhino.jstype.UnionType,483,19,0.039337474120082816
CER,lang,16,org.apache.commons.lang3.builder.ReflectionToStringBuilder,org.apache.commons.lang3.builder.ToStringBuilder,222,1,0.0045045045045045045
CER,lang,16,org.apache.commons.lang3.builder.ToStringBuilder,org.apache.commons.lang3.builder.ToStringStyle,793,14,0.017654476670870115
CER,lang,16,org.apache.commons.lang3.concurrent.MultiBackgroundInitializer,org.apache.commons.lang3.concurrent.BackgroundInitializer,63,6,0.09523809523809523
CER,lang,16,org.apache.commons.lang3.text.StrBuilder$StrBuilderReader,org.apache.commons.lang3.text.StrBuilder,2104,92,0.043726235741444866
CER,lang,16,org.apache.commons.lang3.text.StrSubstitutor,org.apache.commons.lang3.text.StrBuilder,2104,163,0.07747148288973384
CER,lang,16,org.apache.commons.lang3.text.translate.UnicodeEscaper,org.apache.commons.lang3.text.translate.CharSequenceTranslator,76,31,0.40789473684210525
CER,math,16,org.apache.commons.math.analysis.LaguerreSolver,org.apache.commons.math.complex.Complex,635,16,0.025196850393700787
CER,math,16,org.apache.commons.math.analysis.MullerSolver,org.apache.commons.math.analysis.UnivariateRealSolverImpl,159,57,0.3584905660377358
CER,math,16,org.apache.commons.math.distribution.AbstractIntegerDistribution,org.apache.commons.math.distribution.HypergeometricDistributionImpl,150,69,0.46
CER,math,16,org.apache.commons.math.fraction.ProperFractionFormat,org.apache.commons.math.fraction.FractionFormat,171,34,0.19883040935672514
CER,math,16,org.apache.commons.math.geometry.Rotation,org.apache.commons.math.geometry.Vector3D,294,72,0.24489795918367346
CER,math,16,org.apache.commons.math.linear.MatrixUtils,org.apache.commons.math.linear.BigMatrixImpl,1175,14,0.011914893617021277
CER,math,16,org.apache.commons.math.ode.AbstractStepInterpolator,org.apache.commons.math.ode.DormandPrince853StepInterpolator,398,76,0.19095477386934673
CER,math,16,org.apache.commons.math.ode.EmbeddedRungeKuttaIntegrator,org.apache.commons.math.ode.DormandPrince853Integrator,115,1,0.008695652173913044
CER,math,16,org.apache.commons.math.ode.GraggBulirschStoerIntegrator,org.apache.commons.math.ode.AdaptiveStepsizeIntegrator,278,46,0.16546762589928057
CER,math,16,org.apache.commons.math.ode.GraggBulirschStoerIntegrator,org.apache.commons.math.ode.SwitchingFunctionsHandler,117,12,0.10256410256410256
CER,math,16,org.apache.commons.math.ode.GraggBulirschStoerStepInterpolator,org.apache.commons.math.ode.AbstractStepInterpolator,131,4,0.030534351145038167
CER,math,16,org.apache.commons.math.ode.SwitchingFunctionsHandler,org.apache.commons.math.ode.SwitchState,188,6,0.031914893617021274
CER,math,16,org.apache.commons.math.ode.SwitchState,org.apache.commons.math.analysis.BrentSolver,283,3,0.01060070671378092
CER,math,16,org.apache.commons.math.optimization.NelderMead,org.apache.commons.math.optimization.DirectSearchOptimizer,223,63,0.2825112107623318
CER,math,16,org.apache.commons.math.stat.descriptive.AbstractStorelessUnivariateStatistic,org.apache.commons.math.stat.descriptive.moment.Variance,150,51,0.34
CER,math,16,org.apache.commons.math.stat.descriptive.DescriptiveStatistics,org.apache.commons.math.util.ResizableDoubleArray,305,95,0.3114754098360656
CER,math,16,org.apache.commons.math.transform.FastFourierTransformer,org.apache.commons.math.complex.Complex,635,17,0.026771653543307086
CER,mockito,16,org.mockito.asm.AnnotationWriter,org.mockito.asm.ClassWriter,883,356,0.4031710079275198
CER,mockito,16,org.mockito.asm.MethodWriter,org.mockito.asm.ByteVector,300,32,0.10666666666666667
CER,mockito,16,org.mockito.asm.tree.analysis.BasicVerifier,org.mockito.asm.tree.analysis.BasicInterpreter,413,6,0.014527845036319613
CER,mockito,16,org.mockito.asm.tree.analysis.BasicVerifier,org.mockito.asm.tree.analysis.SimpleVerifier,347,23,0.06628242074927954
CER,mockito,16,org.mockito.asm.util.ASMifierClassVisitor,org.mockito.asm.util.ASMifierAbstractVisitor,328,24,0.07317073170731707
CER,mockito,16,org.mockito.cglib.core.CodeEmitter,org.mockito.cglib.core.TypeUtils,725,78,0.10758620689655173
CER,mockito,16,org.mockito.cglib.core.EmitUtils,org.mockito.cglib.core.CodeEmitter,745,46,0.06174496644295302
CER,mockito,16,org.mockito.cglib.proxy.Enhancer,org.mockito.cglib.core.ReflectUtils,519,39,0.07514450867052024
CER,mockito,16,org.mockito.cglib.proxy.Mixin$Generator,org.mockito.cglib.core.AbstractClassGenerator,126,3,0.023809523809523808
CER,time,16,org.joda.time.base.AbstractPartial,org.joda.time.MonthDay,286,1,0.0034965034965034965
CER,time,16,org.joda.time.base.AbstractPartial,org.joda.time.TimeOfDay,327,32,0.09785932721712538
CER,time,16,org.joda.time.base.AbstractPartial,org.joda.time.YearMonth,299,6,0.020066889632107024
CER,time,16,org.joda.time.base.BasePeriod,org.joda.time.base.AbstractPeriod,132,21,0.1590909090909091
CER,time,16,org.joda.time.chrono.BasicChronology,org.joda.time.chrono.CopticChronology,136,3,0.022058823529411766
CER,time,16,org.joda.time.chrono.BasicChronology,org.joda.time.chrono.EthiopicChronology,133,18,0.13533834586466165
CER,time,16,org.joda.time.chrono.BasicChronology,org.joda.time.chrono.IslamicChronology,352,4,0.011363636363636364
CER,time,16,org.joda.time.chrono.BasicWeekyearDateTimeField,org.joda.time.chrono.BasicChronology,503,98,0.19483101391650098
CER,time,16,org.joda.time.chrono.CopticChronology,org.joda.time.DateTimeZone,734,124,0.16893732970027248
CER,time,16,org.joda.time.chrono.GJChronology,org.joda.time.chrono.GJChronology$CutoverField,367,5,0.013623978201634877
CER,time,16,org.joda.time.chrono.GJChronology,org.joda.time.chrono.JulianChronology,157,17,0.10828025477707007
CER,time,16,org.joda.time.chrono.ISOChronology,org.joda.time.chrono.AssembledChronology,359,101,0.28133704735376047
CER,time,16,org.joda.time.chrono.ISOChronology,org.joda.time.DateTimeZone,734,31,0.04223433242506812
CER,time,16,org.joda.time.chrono.ZonedChronology,org.joda.time.DateTimeZone,734,34,0.04632152588555858
CER,time,16,org.joda.time.chrono.ZonedChronology$ZonedDateTimeField,org.joda.time.DateTimeZone,734,53,0.07220708446866485
CER,time,16,org.joda.time.DateTimeUtils,org.joda.time.DateTimeZone,734,18,0.02452316076294278
CER,time,16,org.joda.time.DateTimeZone,org.joda.time.format.FormatUtils,542,3,0.005535055350553505
CER,time,16,org.joda.time.Days,org.joda.time.base.BaseSingleFieldPeriod,228,46,0.20175438596491227
CER,time,16,org.joda.time.format.DateTimeFormatter,org.joda.time.DateTimeZone,734,12,0.01634877384196185
CER,time,16,org.joda.time.format.DateTimeFormatter,org.joda.time.format.DateTimeParserBucket,274,24,0.08759124087591241
CER,time,16,org.joda.time.format.DateTimeFormatterBuilder$PaddedNumber,org.joda.time.format.DateTimeFormatterBuilder,643,1,0.0015552099533437014
CER,time,16,org.joda.time.format.DateTimeFormatterBuilder$TextField,org.joda.time.format.DateTimeParserBucket,274,87,0.3175182481751825
CER,time,16,org.joda.time.format.DateTimeFormatterBuilder$TextField,org.joda.time.MutableDateTime,462,4,0.008658008658008658
CER,time,16,org.joda.time.format.DateTimeParserBucket$SavedState,org.joda.time.format.DateTimeParserBucket,274,15,0.05474452554744526
CER,time,16,org.joda.time.Hours,org.joda.time.base.BaseSingleFieldPeriod,228,52,0.22807017543859648
CER,time,16,org.joda.time.LocalDate,org.joda.time.DateTime,801,2,0.0024968789013732834
CER,time,16,org.joda.time.LocalDateTime,org.joda.time.DateTimeZone,734,22,0.02997275204359673
CER,time,16,org.joda.time.LocalTime$Property,org.joda.time.LocalTime,729,22,0.03017832647462277
CER,time,16,org.joda.time.Minutes,org.joda.time.base.BaseSingleFieldPeriod,228,77,0.33771929824561403
CER,time,16,org.joda.time.MutableInterval,org.joda.time.base.BaseInterval,109,2,0.01834862385321101
CER,time,16,org.joda.time.MutablePeriod,org.joda.time.base.BasePeriod,350,2,0.005714285714285714
CER,time,16,org.joda.time.Period,org.joda.time.base.AbstractPeriod,132,27,0.20454545454545456
CER,time,16,org.joda.time.Period,org.joda.time.base.BasePeriod,350,12,0.03428571428571429
CER,time,16,org.joda.time.Period,org.joda.time.PeriodType,907,23,0.025358324145534728
CER,time,16,org.joda.time.Seconds,org.joda.time.base.BaseSingleFieldPeriod,228,66,0.2894736842105263
CER,time,16,org.joda.time.tz.ZoneInfoCompiler,org.joda.time.DateTimeZone,734,81,0.11035422343324251
CER,time,16,org.joda.time.Weeks,org.joda.time.base.BaseSingleFieldPeriod,228,56,0.24561403508771928
CER,time,16,org.joda.time.YearMonthDay,org.joda.time.base.BasePartial,84,6,0.07142857142857142
CER,closure,17,com.google.javascript.jscomp.NodeUtil,com.google.javascript.rhino.Node,2336,97,0.041523972602739725
CER,closure,17,com.google.javascript.rhino.head.IdScriptableObject,com.google.javascript.rhino.head.ScriptableObject,2420,6,0.0024793388429752068
CER,closure,17,com.google.javascript.rhino.head.Interpreter,com.google.javascript.rhino.head.ScriptableObject,2420,11,0.004545454545454545
CER,closure,17,com.google.javascript.rhino.head.IRFactory,com.google.javascript.rhino.head.Parser,4058,17,0.004189255791030064
CER,closure,17,com.google.javascript.rhino.head.NativeArray,com.google.javascript.rhino.head.IdScriptableObject,491,14,0.028513238289205704
CER,closure,17,com.google.javascript.rhino.head.NativeArray,com.google.javascript.rhino.head.ScriptableObject,2420,8,0.003305785123966942
CER,closure,17,com.google.javascript.rhino.head.NativeObject,com.google.javascript.rhino.head.ScriptableObject,2420,162,0.06694214876033058
CER,closure,17,com.google.javascript.rhino.head.ScriptableObject,com.google.javascript.rhino.head.FunctionObject,509,9,0.01768172888015717
CER,closure,17,com.google.javascript.rhino.jstype.JSType,com.google.javascript.rhino.jstype.UnionType,483,10,0.020703933747412008
CER,lang,17,org.apache.commons.lang3.builder.ToStringBuilder,org.apache.commons.lang3.builder.ToStringStyle,793,2,0.0025220680958385876
CER,lang,17,org.apache.commons.lang3.concurrent.MultiBackgroundInitializer,org.apache.commons.lang3.concurrent.BackgroundInitializer,63,6,0.09523809523809523
CER,lang,17,org.apache.commons.lang3.text.StrBuilder$StrBuilderReader,org.apache.commons.lang3.text.StrBuilder,2104,62,0.029467680608365018
CER,lang,17,org.apache.commons.lang3.text.StrSubstitutor,org.apache.commons.lang3.text.StrBuilder,2104,173,0.08222433460076045
CER,math,17,org.apache.commons.math.analysis.LaguerreSolver,org.apache.commons.math.complex.Complex,635,8,0.012598425196850394
CER,math,17,org.apache.commons.math.analysis.MullerSolver,org.apache.commons.math.analysis.UnivariateRealSolverImpl,159,52,0.3270440251572327
CER,math,17,org.apache.commons.math.distribution.AbstractIntegerDistribution,org.apache.commons.math.distribution.HypergeometricDistributionImpl,150,65,0.43333333333333335
CER,math,17,org.apache.commons.math.fraction.ProperFractionFormat,org.apache.commons.math.fraction.FractionFormat,171,12,0.07017543859649122
CER,math,17,org.apache.commons.math.geometry.Rotation,org.apache.commons.math.geometry.Vector3D,294,85,0.2891156462585034
CER,math,17,org.apache.commons.math.linear.MatrixUtils,org.apache.commons.math.linear.BigMatrixImpl,1175,29,0.02468085106382979
CER,math,17,org.apache.commons.math.ode.AbstractStepInterpolator,org.apache.commons.math.ode.DormandPrince853StepInterpolator,398,68,0.1708542713567839
CER,math,17,org.apache.commons.math.ode.EmbeddedRungeKuttaIntegrator,org.apache.commons.math.ode.DormandPrince853Integrator,115,10,0.08695652173913043
CER,math,17,org.apache.commons.math.ode.GraggBulirschStoerIntegrator,org.apache.commons.math.ode.AdaptiveStepsizeIntegrator,278,43,0.15467625899280577
CER,math,17,org.apache.commons.math.ode.GraggBulirschStoerIntegrator,org.apache.commons.math.ode.SwitchingFunctionsHandler,117,9,0.07692307692307693
CER,math,17,org.apache.commons.math.ode.GraggBulirschStoerStepInterpolator,org.apache.commons.math.ode.AbstractStepInterpolator,131,2,0.015267175572519083
CER,math,17,org.apache.commons.math.ode.SwitchingFunctionsHandler,org.apache.commons.math.ode.SwitchState,188,26,0.13829787234042554
CER,math,17,org.apache.commons.math.ode.SwitchState,org.apache.commons.math.analysis.BrentSolver,283,1,0.0035335689045936395
CER,math,17,org.apache.commons.math.optimization.NelderMead,org.apache.commons.math.optimization.DirectSearchOptimizer,223,43,0.19282511210762332
CER,math,17,org.apache.commons.math.random.EmpiricalDistributionImpl,org.apache.commons.math.stat.descriptive.SummaryStatistics,363,5,0.013774104683195593
CER,math,17,org.apache.commons.math.stat.descriptive.AbstractStorelessUnivariateStatistic,org.apache.commons.math.stat.descriptive.moment.Variance,150,55,0.36666666666666664
CER,math,17,org.apache.commons.math.stat.descriptive.DescriptiveStatistics,org.apache.commons.math.util.ResizableDoubleArray,305,121,0.39672131147540984
CER,math,17,org.apache.commons.math.transform.FastFourierTransformer,org.apache.commons.math.complex.Complex,635,23,0.03622047244094488
CER,mockito,17,org.mockito.asm.AnnotationWriter,org.mockito.asm.ClassWriter,883,418,0.4733861834654587
CER,mockito,17,org.mockito.asm.MethodWriter,org.mockito.asm.ByteVector,300,1,0.0033333333333333335
CER,mockito,17,org.mockito.asm.MethodWriter,org.mockito.asm.ClassWriter,883,4,0.004530011325028313
CER,mockito,17,org.mockito.asm.tree.analysis.BasicVerifier,org.mockito.asm.tree.analysis.BasicInterpreter,413,26,0.06295399515738499
CER,mockito,17,org.mockito.asm.tree.analysis.BasicVerifier,org.mockito.asm.tree.analysis.SimpleVerifier,347,10,0.02881844380403458
CER,mockito,17,org.mockito.asm.util.ASMifierClassVisitor,org.mockito.asm.util.ASMifierAbstractVisitor,328,16,0.04878048780487805
CER,mockito,17,org.mockito.cglib.core.CodeEmitter,org.mockito.cglib.core.TypeUtils,725,24,0.03310344827586207
CER,mockito,17,org.mockito.cglib.core.EmitUtils,org.mockito.cglib.core.CodeEmitter,745,13,0.0174496644295302
CER,mockito,17,org.mockito.cglib.proxy.Enhancer,org.mockito.cglib.core.ReflectUtils,519,41,0.0789980732177264
CER,time,17,org.joda.time.base.AbstractPartial,org.joda.time.MonthDay,286,34,0.11888111888111888
CER,time,17,org.joda.time.base.AbstractPartial,org.joda.time.TimeOfDay,327,6,0.01834862385321101
CER,time,17,org.joda.time.base.AbstractPartial,org.joda.time.YearMonth,299,6,0.020066889632107024
CER,time,17,org.joda.time.base.BasePeriod,org.joda.time.base.AbstractPeriod,132,36,0.2727272727272727
CER,time,17,org.joda.time.chrono.BasicChronology,org.joda.time.chrono.EthiopicChronology,133,3,0.022556390977443608
CER,time,17,org.joda.time.chrono.BasicChronology,org.joda.time.chrono.IslamicChronology,352,13,0.036931818181818184
CER,time,17,org.joda.time.chrono.BasicWeekyearDateTimeField,org.joda.time.chrono.BasicChronology,503,4,0.007952286282306162
CER,time,17,org.joda.time.chrono.CopticChronology,org.joda.time.DateTimeZone,734,53,0.07220708446866485
CER,time,17,org.joda.time.chrono.GJChronology,org.joda.time.chrono.JulianChronology,157,26,0.16560509554140126
CER,time,17,org.joda.time.chrono.ISOChronology,org.joda.time.chrono.AssembledChronology,359,58,0.1615598885793872
CER,time,17,org.joda.time.chrono.ISOChronology,org.joda.time.DateTimeZone,734,64,0.08719346049046321
CER,time,17,org.joda.time.chrono.ZonedChronology,org.joda.time.chrono.AssembledChronology,359,14,0.03899721448467967
CER,time,17,org.joda.time.chrono.ZonedChronology$ZonedDateTimeField,org.joda.time.DateTimeZone,734,13,0.017711171662125342
CER,time,17,org.joda.time.DateTimeUtils,org.joda.time.DateTimeZone,734,92,0.12534059945504086
CER,time,17,org.joda.time.DateTimeZone,org.joda.time.format.DateTimeFormat,642,2,0.003115264797507788
CER,time,17,org.joda.time.DateTimeZone,org.joda.time.format.FormatUtils,542,13,0.023985239852398525
CER,time,17,org.joda.time.Days,org.joda.time.base.BaseSingleFieldPeriod,228,67,0.29385964912280704
CER,time,17,org.joda.time.format.DateTimeFormat,org.joda.time.format.DateTimeFormatterBuilder,643,6,0.00933125972006221
CER,time,17,org.joda.time.format.DateTimeFormatter,org.joda.time.DateTimeZone,734,5,0.006811989100817439
CER,time,17,org.joda.time.format.DateTimeFormatter,org.joda.time.format.DateTimeParserBucket,274,20,0.072992700729927
CER,time,17,org.joda.time.format.DateTimeFormatterBuilder$PaddedNumber,org.joda.time.format.DateTimeFormatterBuilder,643,1,0.0015552099533437014
CER,time,17,org.joda.time.format.DateTimeFormatterBuilder$TextField,org.joda.time.format.DateTimeParserBucket,274,65,0.23722627737226276
CER,time,17,org.joda.time.format.DateTimeFormatterBuilder$TextField,org.joda.time.MutableDateTime,462,6,0.012987012987012988
CER,time,17,org.joda.time.format.DateTimeParserBucket$SavedState,org.joda.time.format.DateTimeParserBucket,274,15,0.05474452554744526
CER,time,17,org.joda.time.format.ISODateTimeFormat,org.joda.time.format.DateTimeFormatterBuilder,643,3,0.004665629860031105
CER,time,17,org.joda.time.Hours,org.joda.time.base.BaseSingleFieldPeriod,228,49,0.2149122807017544
CER,time,17,org.joda.time.LocalDateTime,org.joda.time.DateTimeZone,734,107,0.14577656675749318
CER,time,17,org.joda.time.LocalTime$Property,org.joda.time.LocalTime,729,3,0.00411522633744856
CER,time,17,org.joda.time.Minutes,org.joda.time.base.BaseSingleFieldPeriod,228,58,0.2543859649122807
CER,time,17,org.joda.time.MutableInterval,org.joda.time.base.BaseInterval,109,6,0.05504587155963303
CER,time,17,org.joda.time.MutablePeriod,org.joda.time.base.BasePeriod,350,3,0.008571428571428572
CER,time,17,org.joda.time.Period,org.joda.time.base.AbstractPeriod,132,22,0.16666666666666666
CER,time,17,org.joda.time.Period,org.joda.time.base.BasePeriod,350,9,0.025714285714285714
CER,time,17,org.joda.time.Period,org.joda.time.PeriodType,907,540,0.5953693495038589
CER,time,17,org.joda.time.Seconds,org.joda.time.base.BaseSingleFieldPeriod,228,50,0.21929824561403508
CER,time,17,org.joda.time.tz.ZoneInfoCompiler,org.joda.time.DateTimeZone,734,65,0.0885558583106267
CER,time,17,org.joda.time.Weeks,org.joda.time.base.BaseSingleFieldPeriod,228,45,0.19736842105263158
CER,time,17,org.joda.time.YearMonthDay,org.joda.time.base.BasePartial,84,4,0.047619047619047616
CER,closure,18,com.google.javascript.rhino.head.IdScriptableObject,com.google.javascript.rhino.head.ScriptableObject,2403,137,0.0570120682480233
CER,closure,18,com.google.javascript.rhino.head.IRFactory,com.google.javascript.rhino.head.Parser,4058,9,0.0022178413011335633
CER,closure,18,com.google.javascript.rhino.head.NativeArray,com.google.javascript.rhino.head.ScriptableObject,2403,1,0.0004161464835622139
CER,closure,18,com.google.javascript.rhino.head.NativeArray,com.google.javascript.rhino.head.ScriptRuntime,4548,22,0.004837291116974494
CER,closure,18,com.google.javascript.rhino.head.regexp.NativeRegExp,com.google.javascript.rhino.head.ScriptRuntime,4548,22,0.004837291116974494
CER,closure,18,com.google.javascript.rhino.head.ScriptRuntime,com.google.javascript.rhino.head.ScriptableObject,2403,16,0.006658343736995423
CER,closure,18,com.google.javascript.rhino.head.tools.debugger.Dim,com.google.javascript.rhino.head.ScriptRuntime,4548,20,0.0043975373790677225
CER,closure,18,com.google.javascript.rhino.JSDocInfoBuilder,com.google.javascript.rhino.JSDocInfo,954,58,0.06079664570230608
CER,closure,18,com.google.javascript.rhino.jstype.JSType,com.google.javascript.rhino.jstype.FunctionType,1240,188,0.15161290322580645
CER,closure,18,com.google.javascript.rhino.jstype.JSType,com.google.javascript.rhino.jstype.UnionType,483,10,0.020703933747412008
CER,lang,18,org.apache.commons.lang3.builder.ReflectionToStringBuilder,org.apache.commons.lang3.builder.ToStringBuilder,222,7,0.03153153153153153
CER,lang,18,org.apache.commons.lang3.builder.ToStringBuilder,org.apache.commons.lang3.builder.ToStringStyle,793,2,0.0025220680958385876
CER,lang,18,org.apache.commons.lang3.concurrent.MultiBackgroundInitializer,org.apache.commons.lang3.concurrent.BackgroundInitializer,63,4,0.06349206349206349
CER,lang,18,org.apache.commons.lang3.StringUtils,org.apache.commons.lang3.ArrayUtils,3057,5,0.0016355904481517827
CER,lang,18,org.apache.commons.lang3.text.StrBuilder$StrBuilderReader,org.apache.commons.lang3.text.StrBuilder,2104,50,0.02376425855513308
CER,lang,18,org.apache.commons.lang3.text.StrSubstitutor,org.apache.commons.lang3.text.StrBuilder,2104,156,0.0741444866920152
CER,math,18,org.apache.commons.math.analysis.LaguerreSolver,org.apache.commons.math.complex.Complex,635,12,0.01889763779527559
CER,math,18,org.apache.commons.math.analysis.MullerSolver,org.apache.commons.math.analysis.UnivariateRealSolverImpl,159,55,0.34591194968553457
CER,math,18,org.apache.commons.math.distribution.AbstractIntegerDistribution,org.apache.commons.math.distribution.HypergeometricDistributionImpl,150,59,0.3933333333333333
CER,math,18,org.apache.commons.math.fraction.ProperFractionFormat,org.apache.commons.math.fraction.FractionFormat,171,37,0.21637426900584794
CER,math,18,org.apache.commons.math.geometry.Rotation,org.apache.commons.math.geometry.Vector3D,294,72,0.24489795918367346
CER,math,18,org.apache.commons.math.linear.MatrixUtils,org.apache.commons.math.linear.BigMatrixImpl,1175,22,0.01872340425531915
CER,math,18,org.apache.commons.math.ode.AbstractStepInterpolator,org.apache.commons.math.ode.DormandPrince853StepInterpolator,398,71,0.17839195979899497
CER,math,18,org.apache.commons.math.ode.ContinuousOutputModel,org.apache.commons.math.ode.AbstractStepInterpolator,131,4,0.030534351145038167
CER,math,18,org.apache.commons.math.ode.EmbeddedRungeKuttaIntegrator,org.apache.commons.math.ode.DormandPrince853Integrator,115,9,0.0782608695652174
CER,math,18,org.apache.commons.math.ode.EmbeddedRungeKuttaIntegrator,org.apache.commons.math.ode.HighamHall54Integrator,50,4,0.08
CER,math,18,org.apache.commons.math.ode.GraggBulirschStoerIntegrator,org.apache.commons.math.ode.AdaptiveStepsizeIntegrator,278,30,0.1079136690647482
CER,math,18,org.apache.commons.math.ode.GraggBulirschStoerStepInterpolator,org.apache.commons.math.ode.AbstractStepInterpolator,131,6,0.04580152671755725
CER,math,18,org.apache.commons.math.ode.SwitchingFunctionsHandler,org.apache.commons.math.ode.SwitchState,188,19,0.10106382978723404
CER,math,18,org.apache.commons.math.optimization.NelderMead,org.apache.commons.math.optimization.DirectSearchOptimizer,223,55,0.24663677130044842
CER,math,18,org.apache.commons.math.stat.descriptive.AbstractStorelessUnivariateStatistic,org.apache.commons.math.stat.descriptive.moment.Variance,150,31,0.20666666666666667
CER,math,18,org.apache.commons.math.stat.descriptive.DescriptiveStatistics,org.apache.commons.math.util.ResizableDoubleArray,305,109,0.35737704918032787
CER,math,18,org.apache.commons.math.stat.inference.TTestImpl,org.apache.commons.math.stat.StatUtils,127,2,0.015748031496062992
CER,math,18,org.apache.commons.math.transform.FastFourierTransformer,org.apache.commons.math.complex.Complex,635,16,0.025196850393700787
CER,mockito,18,org.mockito.asm.AnnotationWriter,org.mockito.asm.ClassWriter,883,353,0.39977349943374857
CER,mockito,18,org.mockito.asm.MethodWriter,org.mockito.asm.ByteVector,300,22,0.07333333333333333
CER,mockito,18,org.mockito.asm.MethodWriter,org.mockito.asm.ClassWriter,883,3,0.0033975084937712344
CER,mockito,18,org.mockito.asm.tree.analysis.BasicVerifier,org.mockito.asm.tree.analysis.BasicInterpreter,413,21,0.05084745762711865
CER,mockito,18,org.mockito.asm.tree.analysis.BasicVerifier,org.mockito.asm.tree.analysis.SimpleVerifier,347,14,0.040345821325648415
CER,mockito,18,org.mockito.cglib.core.CodeEmitter,org.mockito.cglib.core.TypeUtils,725,91,0.12551724137931033
CER,mockito,18,org.mockito.cglib.core.EmitUtils,org.mockito.cglib.core.CodeEmitter,745,16,0.021476510067114093
CER,mockito,18,org.mockito.cglib.proxy.Enhancer,org.mockito.cglib.core.ReflectUtils,519,37,0.07129094412331406
CER,mockito,18,org.mockito.cglib.proxy.Mixin$Generator,org.mockito.cglib.core.ReflectUtils,519,36,0.06936416184971098
CER,time,18,org.joda.time.base.AbstractPartial,org.joda.time.TimeOfDay,327,1,0.0030581039755351682
CER,time,18,org.joda.time.base.AbstractPartial,org.joda.time.YearMonth,299,18,0.06020066889632107
CER,time,18,org.joda.time.base.BasePeriod,org.joda.time.base.AbstractPeriod,132,57,0.4318181818181818
CER,time,18,org.joda.time.chrono.BasicChronology,org.joda.time.chrono.CopticChronology,136,22,0.16176470588235295
CER,time,18,org.joda.time.chrono.BasicChronology,org.joda.time.chrono.EthiopicChronology,133,18,0.13533834586466165
CER,time,18,org.joda.time.chrono.BasicChronology,org.joda.time.chrono.IslamicChronology,352,136,0.38636363636363635
CER,time,18,org.joda.time.chrono.BasicWeekyearDateTimeField,org.joda.time.chrono.BasicChronology,503,3,0.005964214711729622
CER,time,18,org.joda.time.chrono.CopticChronology,org.joda.time.DateTimeZone,735,51,0.06938775510204082
CER,time,18,org.joda.time.chrono.GJChronology,org.joda.time.chrono.JulianChronology,157,10,0.06369426751592357
CER,time,18,org.joda.time.chrono.ISOChronology,org.joda.time.chrono.AssembledChronology,359,103,0.28690807799442897
CER,time,18,org.joda.time.chrono.ISOChronology,org.joda.time.DateTimeZone,735,33,0.044897959183673466
CER,time,18,org.joda.time.chrono.ZonedChronology,org.joda.time.chrono.AssembledChronology,359,9,0.025069637883008356
CER,time,18,org.joda.time.chrono.ZonedChronology,org.joda.time.DateTimeZone,735,82,0.11156462585034013
CER,time,18,org.joda.time.chrono.ZonedChronology$ZonedDateTimeField,org.joda.time.DateTimeZone,735,35,0.047619047619047616
CER,time,18,org.joda.time.DateTimeUtils,org.joda.time.DateTimeZone,735,68,0.09251700680272108
CER,time,18,org.joda.time.DateTimeZone,org.joda.time.format.FormatUtils,542,7,0.012915129151291513
CER,time,18,org.joda.time.Days,org.joda.time.base.BaseSingleFieldPeriod,228,48,0.21052631578947367
CER,time,18,org.joda.time.format.DateTimeFormat,org.joda.time.format.DateTimeFormat$StyleFormatter,77,1,0.012987012987012988
CER,time,18,org.joda.time.format.DateTimeFormat,org.joda.time.format.DateTimeFormatterBuilder,642,3,0.004672897196261682
CER,time,18,org.joda.time.format.DateTimeFormatter,org.joda.time.DateTimeZone,735,12,0.0163265306122449
CER,time,18,org.joda.time.format.DateTimeFormatter,org.joda.time.format.DateTimeParserBucket,274,37,0.13503649635036497
CER,time,18,org.joda.time.format.DateTimeFormatterBuilder$PaddedNumber,org.joda.time.format.DateTimeFormatterBuilder,642,9,0.014018691588785047
CER,time,18,org.joda.time.format.DateTimeFormatterBuilder$TextField,org.joda.time.format.DateTimeParserBucket,274,42,0.15328467153284672
CER,time,18,org.joda.time.format.DateTimeFormatterBuilder$TextField,org.joda.time.MutableDateTime,462,6,0.012987012987012988
CER,time,18,org.joda.time.format.DateTimeParserBucket$SavedState,org.joda.time.format.DateTimeParserBucket,274,15,0.05474452554744526
CER,time,18,org.joda.time.Hours,org.joda.time.base.BaseSingleFieldPeriod,228,74,0.32456140350877194
CER,time,18,org.joda.time.LocalDate,org.joda.time.format.ISODateTimeFormat,1510,3,0.001986754966887417
CER,time,18,org.joda.time.LocalDateTime,org.joda.time.DateTimeZone,735,45,0.061224489795918366
CER,time,18,org.joda.time.LocalTime$Property,org.joda.time.LocalTime,729,8,0.010973936899862825
CER,time,18,org.joda.time.Minutes,org.joda.time.base.BaseSingleFieldPeriod,228,86,0.37719298245614036
CER,time,18,org.joda.time.MutableInterval,org.joda.time.base.BaseInterval,109,5,0.045871559633027525
CER,time,18,org.joda.time.MutablePeriod,org.joda.time.base.BasePeriod,350,7,0.02
CER,time,18,org.joda.time.Period,org.joda.time.base.AbstractPeriod,132,18,0.13636363636363635
CER,time,18,org.joda.time.Period,org.joda.time.base.BasePeriod,350,5,0.014285714285714285
CER,time,18,org.joda.time.Period,org.joda.time.PeriodType,907,26,0.02866593164277839
CER,time,18,org.joda.time.Seconds,org.joda.time.base.BaseSingleFieldPeriod,228,53,0.2324561403508772
CER,time,18,org.joda.time.tz.ZoneInfoCompiler,org.joda.time.DateTimeZone,735,110,0.14965986394557823
CER,time,18,org.joda.time.Weeks,org.joda.time.base.BaseSingleFieldPeriod,228,48,0.21052631578947367
CER,time,18,org.joda.time.YearMonthDay,org.joda.time.base.BasePartial,84,3,0.03571428571428571
CER,closure,19,com.google.javascript.rhino.head.IdScriptableObject,com.google.javascript.rhino.head.ScriptableObject,2404,83,0.034525790349417634
CER,closure,19,com.google.javascript.rhino.head.NativeArray,com.google.javascript.rhino.head.IdScriptableObject,491,6,0.012219959266802444
CER,closure,19,com.google.javascript.rhino.head.NativeArray,com.google.javascript.rhino.head.ScriptableObject,2404,2,0.0008319467554076539
CER,closure,19,com.google.javascript.rhino.head.regexp.NativeRegExp,com.google.javascript.rhino.head.ScriptRuntime,4564,9,0.001971954425942156
CER,closure,19,com.google.javascript.rhino.head.ScriptableObject,com.google.javascript.rhino.head.FunctionObject,509,3,0.005893909626719057
CER,closure,19,com.google.javascript.rhino.head.tools.debugger.Dim,com.google.javascript.rhino.head.ScriptRuntime,4564,5,0.0010955302366345311
CER,closure,19,com.google.javascript.rhino.jstype.JSType,com.google.javascript.rhino.jstype.UnionType,483,14,0.028985507246376812
CER,lang,19,org.apache.commons.lang3.builder.ReflectionToStringBuilder,org.apache.commons.lang3.builder.ToStringBuilder,222,2,0.009009009009009009
CER,lang,19,org.apache.commons.lang3.concurrent.MultiBackgroundInitializer,org.apache.commons.lang3.concurrent.BackgroundInitializer,63,3,0.047619047619047616
CER,lang,19,org.apache.commons.lang3.text.StrBuilder$StrBuilderReader,org.apache.commons.lang3.text.StrBuilder,2104,68,0.03231939163498099
CER,lang,19,org.apache.commons.lang3.text.StrSubstitutor,org.apache.commons.lang3.text.StrBuilder,2104,227,0.10788973384030419
CER,lang,19,org.apache.commons.lang3.text.translate.UnicodeEscaper,org.apache.commons.lang3.text.translate.CharSequenceTranslator,76,31,0.40789473684210525
CER,math,19,org.apache.commons.math.analysis.LaguerreSolver,org.apache.commons.math.complex.Complex,635,20,0.031496062992125984
CER,math,19,org.apache.commons.math.analysis.MullerSolver,org.apache.commons.math.analysis.UnivariateRealSolverImpl,159,57,0.3584905660377358
CER,math,19,org.apache.commons.math.distribution.AbstractIntegerDistribution,org.apache.commons.math.distribution.HypergeometricDistributionImpl,150,49,0.32666666666666666
CER,math,19,org.apache.commons.math.fraction.ProperFractionFormat,org.apache.commons.math.fraction.FractionFormat,171,49,0.28654970760233917
CER,math,19,org.apache.commons.math.geometry.Rotation,org.apache.commons.math.geometry.Vector3D,294,89,0.30272108843537415
CER,math,19,org.apache.commons.math.linear.MatrixUtils,org.apache.commons.math.linear.BigMatrixImpl,1175,1,0.000851063829787234
CER,math,19,org.apache.commons.math.ode.AbstractStepInterpolator,org.apache.commons.math.ode.DormandPrince853StepInterpolator,398,69,0.17336683417085427
CER,math,19,org.apache.commons.math.ode.ContinuousOutputModel,org.apache.commons.math.ode.AbstractStepInterpolator,131,1,0.007633587786259542
CER,math,19,org.apache.commons.math.ode.EmbeddedRungeKuttaIntegrator,org.apache.commons.math.ode.DormandPrince853Integrator,115,6,0.05217391304347826
CER,math,19,org.apache.commons.math.ode.GraggBulirschStoerIntegrator,org.apache.commons.math.ode.AdaptiveStepsizeIntegrator,278,31,0.11151079136690648
CER,math,19,org.apache.commons.math.ode.GraggBulirschStoerIntegrator,org.apache.commons.math.ode.SwitchingFunctionsHandler,117,8,0.06837606837606838
CER,math,19,org.apache.commons.math.ode.GraggBulirschStoerStepInterpolator,org.apache.commons.math.ode.AbstractStepInterpolator,131,7,0.05343511450381679
CER,math,19,org.apache.commons.math.ode.SwitchingFunctionsHandler,org.apache.commons.math.ode.SwitchState,188,25,0.13297872340425532
CER,math,19,org.apache.commons.math.ode.SwitchState,org.apache.commons.math.analysis.BrentSolver,283,6,0.02120141342756184
CER,math,19,org.apache.commons.math.optimization.NelderMead,org.apache.commons.math.optimization.DirectSearchOptimizer,223,93,0.4170403587443946
CER,math,19,org.apache.commons.math.stat.descriptive.AbstractStorelessUnivariateStatistic,org.apache.commons.math.stat.descriptive.moment.Variance,150,59,0.3933333333333333
CER,math,19,org.apache.commons.math.stat.descriptive.DescriptiveStatistics,org.apache.commons.math.util.ResizableDoubleArray,305,97,0.3180327868852459
CER,math,19,org.apache.commons.math.transform.FastFourierTransformer,org.apache.commons.math.complex.Complex,635,25,0.03937007874015748
CER,mockito,19,org.mockito.asm.AnnotationWriter,org.mockito.asm.ClassWriter,883,445,0.5039637599093998
CER,mockito,19,org.mockito.asm.MethodWriter,org.mockito.asm.ByteVector,300,21,0.07
CER,mockito,19,org.mockito.asm.MethodWriter,org.mockito.asm.ClassWriter,883,15,0.01698754246885617
CER,mockito,19,org.mockito.asm.tree.analysis.BasicVerifier,org.mockito.asm.tree.analysis.BasicInterpreter,413,18,0.043583535108958835
CER,mockito,19,org.mockito.asm.tree.analysis.BasicVerifier,org.mockito.asm.tree.analysis.SimpleVerifier,347,11,0.03170028818443804
CER,mockito,19,org.mockito.asm.util.ASMifierClassVisitor,org.mockito.asm.util.ASMifierAbstractVisitor,328,16,0.04878048780487805
CER,mockito,19,org.mockito.cglib.core.ClassEmitter,org.mockito.cglib.transform.impl.InterceptFieldTransformer,188,10,0.05319148936170213
CER,mockito,19,org.mockito.cglib.core.CodeEmitter,org.mockito.cglib.core.TypeUtils,725,103,0.14206896551724138
CER,mockito,19,org.mockito.cglib.core.EmitUtils,org.mockito.cglib.core.CodeEmitter,745,14,0.01879194630872483
CER,mockito,19,org.mockito.cglib.proxy.Enhancer,org.mockito.cglib.core.ReflectUtils,519,42,0.08092485549132948
CER,mockito,19,org.mockito.cglib.proxy.Mixin$Generator,org.mockito.cglib.core.AbstractClassGenerator,126,2,0.015873015873015872
CER,mockito,19,org.mockito.cglib.proxy.Mixin$Generator,org.mockito.cglib.core.ReflectUtils,519,67,0.12909441233140656
CER,time,19,org.joda.time.base.AbstractPartial,org.joda.time.MonthDay,286,1,0.0034965034965034965
CER,time,19,org.joda.time.base.AbstractPartial,org.joda.time.TimeOfDay,327,4,0.012232415902140673
CER,time,19,org.joda.time.base.AbstractPartial,org.joda.time.YearMonth,299,19,0.06354515050167224
CER,time,19,org.joda.time.base.BasePeriod,org.joda.time.base.AbstractPeriod,132,42,0.3181818181818182
CER,time,19,org.joda.time.chrono.BasicChronology,org.joda.time.chrono.CopticChronology,136,4,0.029411764705882353
CER,time,19,org.joda.time.chrono.BasicChronology,org.joda.time.chrono.EthiopicChronology,133,2,0.015037593984962405
CER,time,19,org.joda.time.chrono.BasicChronology,org.joda.time.chrono.IslamicChronology,352,142,0.4034090909090909
CER,time,19,org.joda.time.chrono.BasicWeekyearDateTimeField,org.joda.time.chrono.BasicChronology,503,2,0.003976143141153081
CER,time,19,org.joda.time.chrono.CopticChronology,org.joda.time.DateTimeZone,734,22,0.02997275204359673
CER,time,19,org.joda.time.chrono.GJChronology,org.joda.time.chrono.GJChronology$CutoverField,367,8,0.021798365122615803
CER,time,19,org.joda.time.chrono.GJChronology,org.joda.time.chrono.JulianChronology,157,12,0.07643312101910828
CER,time,19,org.joda.time.chrono.ISOChronology,org.joda.time.chrono.AssembledChronology,359,50,0.1392757660167131
CER,time,19,org.joda.time.chrono.ISOChronology,org.joda.time.DateTimeZone,734,21,0.02861035422343324
CER,time,19,org.joda.time.chrono.ZonedChronology,org.joda.time.chrono.AssembledChronology,359,5,0.013927576601671309
CER,time,19,org.joda.time.chrono.ZonedChronology$ZonedDateTimeField,org.joda.time.DateTimeZone,734,34,0.04632152588555858
CER,time,19,org.joda.time.DateTimeUtils,org.joda.time.DateTimeZone,734,10,0.013623978201634877
CER,time,19,org.joda.time.DateTimeZone,org.joda.time.field.FieldUtils,323,1,0.0030959752321981426
CER,time,19,org.joda.time.DateTimeZone,org.joda.time.format.FormatUtils,542,2,0.0036900369003690036
CER,time,19,org.joda.time.Days,org.joda.time.base.BaseSingleFieldPeriod,228,39,0.17105263157894737
CER,time,19,org.joda.time.format.DateTimeFormat,org.joda.time.format.DateTimeFormatterBuilder,642,9,0.014018691588785047
CER,time,19,org.joda.time.format.DateTimeFormatter,org.joda.time.DateTimeZone,734,24,0.0326975476839237
CER,time,19,org.joda.time.format.DateTimeFormatter,org.joda.time.format.DateTimeParserBucket,274,7,0.025547445255474453
CER,time,19,org.joda.time.format.DateTimeFormatterBuilder$PaddedNumber,org.joda.time.format.DateTimeFormatterBuilder,642,70,0.10903426791277258
CER,time,19,org.joda.time.format.DateTimeFormatterBuilder$TextField,org.joda.time.format.DateTimeParserBucket,274,32,0.11678832116788321
CER,time,19,org.joda.time.format.DateTimeFormatterBuilder$TextField,org.joda.time.MutableDateTime,462,2,0.004329004329004329
CER,time,19,org.joda.time.format.DateTimeParserBucket$SavedState,org.joda.time.format.DateTimeParserBucket,274,16,0.058394160583941604
CER,time,19,org.joda.time.Hours,org.joda.time.base.BaseSingleFieldPeriod,228,34,0.14912280701754385
CER,time,19,org.joda.time.LocalDateTime,org.joda.time.DateTimeZone,734,21,0.02861035422343324
CER,time,19,org.joda.time.LocalDateTime,org.joda.time.format.DateTimeFormatter,466,3,0.006437768240343348
CER,time,19,org.joda.time.LocalTime$Property,org.joda.time.LocalTime,729,91,0.12482853223593965
CER,time,19,org.joda.time.Minutes,org.joda.time.base.BaseSingleFieldPeriod,228,64,0.2807017543859649
CER,time,19,org.joda.time.MutableInterval,org.joda.time.base.BaseInterval,109,11,0.10091743119266056
CER,time,19,org.joda.time.MutablePeriod,org.joda.time.base.BasePeriod,350,6,0.017142857142857144
CER,time,19,org.joda.time.Period,org.joda.time.base.AbstractPeriod,132,34,0.25757575757575757
CER,time,19,org.joda.time.Period,org.joda.time.base.BasePeriod,350,1,0.002857142857142857
CER,time,19,org.joda.time.Period,org.joda.time.PeriodType,907,507,0.5589856670341786
CER,time,19,org.joda.time.Seconds,org.joda.time.base.BaseSingleFieldPeriod,228,64,0.2807017543859649
CER,time,19,org.joda.time.tz.ZoneInfoCompiler,org.joda.time.DateTimeZone,734,80,0.10899182561307902
CER,time,19,org.joda.time.Weeks,org.joda.time.base.BaseSingleFieldPeriod,228,57,0.25
CER,time,19,org.joda.time.YearMonthDay,org.joda.time.base.BasePartial,84,6,0.07142857142857142
CER,closure,20,com.google.javascript.rhino.head.IdScriptableObject,com.google.javascript.rhino.head.ScriptableObject,2404,7,0.0029118136439267887
CER,closure,20,com.google.javascript.rhino.head.IRFactory,com.google.javascript.rhino.head.Node,670,26,0.03880597014925373
CER,closure,20,com.google.javascript.rhino.head.IRFactory,com.google.javascript.rhino.head.Parser,4058,10,0.0024642681123706258
CER,closure,20,com.google.javascript.rhino.head.NativeArray,com.google.javascript.rhino.head.IdScriptableObject,491,4,0.008146639511201629
CER,closure,20,com.google.javascript.rhino.head.NativeArray,com.google.javascript.rhino.head.ScriptableObject,2404,19,0.007903494176372712
CER,closure,20,com.google.javascript.rhino.head.regexp.NativeRegExp,com.google.javascript.rhino.head.ScriptRuntime,4599,15,0.0032615786040443573
CER,closure,20,com.google.javascript.rhino.head.ScriptableObject,com.google.javascript.rhino.head.FunctionObject,509,5,0.009823182711198428
CER,closure,20,com.google.javascript.rhino.JSDocInfoBuilder,com.google.javascript.rhino.JSDocInfo,954,125,0.1310272536687631
CER,closure,20,com.google.javascript.rhino.jstype.JSType,com.google.javascript.rhino.jstype.ProxyObjectType,345,3,0.008695652173913044
CER,closure,20,com.google.javascript.rhino.jstype.JSType,com.google.javascript.rhino.jstype.UnionType,483,4,0.008281573498964804
CER,lang,20,org.apache.commons.lang3.builder.ToStringBuilder,org.apache.commons.lang3.builder.ToStringStyle,793,3,0.0037831021437578815
CER,lang,20,org.apache.commons.lang3.concurrent.MultiBackgroundInitializer,org.apache.commons.lang3.concurrent.BackgroundInitializer,63,3,0.047619047619047616
CER,lang,20,org.apache.commons.lang3.text.StrBuilder$StrBuilderReader,org.apache.commons.lang3.text.StrBuilder,2104,53,0.025190114068441065
CER,lang,20,org.apache.commons.lang3.text.StrSubstitutor,org.apache.commons.lang3.text.StrBuilder,2104,179,0.08507604562737643
CER,lang,20,org.apache.commons.lang3.time.DurationFormatUtils,org.apache.commons.lang3.time.DurationFormatUtils$Token,79,1,0.012658227848101266
CER,math,20,org.apache.commons.math.analysis.MullerSolver,org.apache.commons.math.analysis.UnivariateRealSolverImpl,159,59,0.3710691823899371
CER,math,20,org.apache.commons.math.distribution.AbstractIntegerDistribution,org.apache.commons.math.distribution.HypergeometricDistributionImpl,150,55,0.36666666666666664
CER,math,20,org.apache.commons.math.fraction.ProperFractionFormat,org.apache.commons.math.fraction.FractionFormat,171,37,0.21637426900584794
CER,math,20,org.apache.commons.math.geometry.Rotation,org.apache.commons.math.geometry.Vector3D,294,59,0.20068027210884354
CER,math,20,org.apache.commons.math.linear.MatrixUtils,org.apache.commons.math.linear.BigMatrixImpl,1175,19,0.016170212765957447
CER,math,20,org.apache.commons.math.ode.AbstractStepInterpolator,org.apache.commons.math.ode.DormandPrince853StepInterpolator,398,66,0.1658291457286432
CER,math,20,org.apache.commons.math.ode.ContinuousOutputModel,org.apache.commons.math.ode.AbstractStepInterpolator,131,2,0.015267175572519083
CER,math,20,org.apache.commons.math.ode.EmbeddedRungeKuttaIntegrator,org.apache.commons.math.ode.DormandPrince853Integrator,115,10,0.08695652173913043
CER,math,20,org.apache.commons.math.ode.GraggBulirschStoerIntegrator,org.apache.commons.math.ode.AdaptiveStepsizeIntegrator,278,38,0.1366906474820144
CER,math,20,org.apache.commons.math.ode.GraggBulirschStoerStepInterpolator,org.apache.commons.math.ode.AbstractStepInterpolator,131,7,0.05343511450381679
CER,math,20,org.apache.commons.math.ode.SwitchingFunctionsHandler,org.apache.commons.math.ode.SwitchState,188,14,0.07446808510638298
CER,math,20,org.apache.commons.math.ode.SwitchState,org.apache.commons.math.analysis.BrentSolver,283,1,0.0035335689045936395
CER,math,20,org.apache.commons.math.optimization.NelderMead,org.apache.commons.math.optimization.DirectSearchOptimizer,223,55,0.24663677130044842
CER,math,20,org.apache.commons.math.stat.descriptive.AbstractStorelessUnivariateStatistic,org.apache.commons.math.stat.descriptive.moment.Variance,150,65,0.43333333333333335
CER,math,20,org.apache.commons.math.stat.descriptive.DescriptiveStatistics,org.apache.commons.math.util.ResizableDoubleArray,305,100,0.32786885245901637
CER,math,20,org.apache.commons.math.transform.FastFourierTransformer,org.apache.commons.math.complex.Complex,635,7,0.011023622047244094
CER,mockito,20,org.mockito.asm.AnnotationWriter,org.mockito.asm.ClassWriter,883,387,0.43827859569648925
CER,mockito,20,org.mockito.asm.MethodWriter,org.mockito.asm.ByteVector,300,28,0.09333333333333334
CER,mockito,20,org.mockito.asm.MethodWriter,org.mockito.asm.ClassWriter,883,4,0.004530011325028313
CER,mockito,20,org.mockito.asm.tree.analysis.BasicVerifier,org.mockito.asm.tree.analysis.BasicInterpreter,413,32,0.0774818401937046
CER,mockito,20,org.mockito.asm.tree.analysis.BasicVerifier,org.mockito.asm.tree.analysis.SimpleVerifier,347,8,0.023054755043227664
CER,mockito,20,org.mockito.cglib.core.CodeEmitter,org.mockito.cglib.core.TypeUtils,725,89,0.12275862068965518
CER,mockito,20,org.mockito.cglib.core.EmitUtils,org.mockito.cglib.core.CodeEmitter,745,4,0.005369127516778523
CER,mockito,20,org.mockito.cglib.proxy.Enhancer,org.mockito.cglib.core.ReflectUtils,519,38,0.07321772639691715
CER,mockito,20,org.mockito.cglib.proxy.Mixin$Generator,org.mockito.cglib.core.ReflectUtils,519,37,0.07129094412331406
CER,time,20,org.joda.time.base.AbstractPartial,org.joda.time.MonthDay,286,14,0.04895104895104895
CER,time,20,org.joda.time.base.AbstractPartial,org.joda.time.TimeOfDay,327,22,0.0672782874617737
CER,time,20,org.joda.time.base.AbstractPartial,org.joda.time.YearMonth,299,45,0.1505016722408027
CER,time,20,org.joda.time.base.BasePeriod,org.joda.time.base.AbstractPeriod,132,34,0.25757575757575757
CER,time,20,org.joda.time.chrono.BasicChronology,org.joda.time.chrono.CopticChronology,136,3,0.022058823529411766
CER,time,20,org.joda.time.chrono.BasicChronology,org.joda.time.chrono.IslamicChronology,352,59,0.16761363636363635
CER,time,20,org.joda.time.chrono.BasicWeekyearDateTimeField,org.joda.time.chrono.BasicChronology,503,5,0.009940357852882704
CER,time,20,org.joda.time.chrono.CopticChronology,org.joda.time.DateTimeZone,734,68,0.09264305177111716
CER,time,20,org.joda.time.chrono.GJChronology,org.joda.time.chrono.JulianChronology,157,21,0.1337579617834395
CER,time,20,org.joda.time.chrono.ISOChronology,org.joda.time.chrono.AssembledChronology,359,120,0.3342618384401114
CER,time,20,org.joda.time.chrono.ZonedChronology,org.joda.time.chrono.AssembledChronology,359,5,0.013927576601671309
CER,time,20,org.joda.time.chrono.ZonedChronology,org.joda.time.DateTimeZone,734,18,0.02452316076294278
CER,time,20,org.joda.time.chrono.ZonedChronology$ZonedDateTimeField,org.joda.time.DateTimeZone,734,28,0.03814713896457766
CER,time,20,org.joda.time.DateTimeUtils,org.joda.time.DateTimeZone,734,19,0.025885558583106268
CER,time,20,org.joda.time.DateTimeZone,org.joda.time.field.FieldUtils,323,6,0.018575851393188854
CER,time,20,org.joda.time.DateTimeZone,org.joda.time.format.FormatUtils,542,5,0.00922509225092251
CER,time,20,org.joda.time.Days,org.joda.time.base.BaseSingleFieldPeriod,228,68,0.2982456140350877
CER,time,20,org.joda.time.format.DateTimeFormat,org.joda.time.format.DateTimeFormat$StyleFormatter,77,4,0.05194805194805195
CER,time,20,org.joda.time.format.DateTimeFormat,org.joda.time.format.DateTimeFormatterBuilder,642,4,0.006230529595015576
CER,time,20,org.joda.time.format.DateTimeFormatter,org.joda.time.DateTimeZone,734,17,0.02316076294277929
CER,time,20,org.joda.time.format.DateTimeFormatter,org.joda.time.format.DateTimeParserBucket,274,8,0.029197080291970802
CER,time,20,org.joda.time.format.DateTimeFormatterBuilder$TextField,org.joda.time.format.DateTimeParserBucket,274,30,0.10948905109489052
CER,time,20,org.joda.time.format.DateTimeFormatterBuilder$TextField,org.joda.time.MutableDateTime,462,2,0.004329004329004329
CER,time,20,org.joda.time.format.DateTimeParserBucket$SavedState,org.joda.time.format.DateTimeParserBucket,274,16,0.058394160583941604
CER,time,20,org.joda.time.Hours,org.joda.time.base.BaseSingleFieldPeriod,228,43,0.18859649122807018
CER,time,20,org.joda.time.LocalDate,org.joda.time.format.ISODateTimeFormat,1510,2,0.0013245033112582781
CER,time,20,org.joda.time.LocalTime$Property,org.joda.time.LocalTime,729,13,0.01783264746227709
CER,time,20,org.joda.time.Minutes,org.joda.time.base.BaseSingleFieldPeriod,228,53,0.2324561403508772
CER,time,20,org.joda.time.MutableInterval,org.joda.time.base.BaseInterval,109,2,0.01834862385321101
CER,time,20,org.joda.time.MutablePeriod,org.joda.time.base.BasePeriod,350,1,0.002857142857142857
CER,time,20,org.joda.time.Period,org.joda.time.base.AbstractPeriod,132,23,0.17424242424242425
CER,time,20,org.joda.time.Period,org.joda.time.base.BasePeriod,350,1,0.002857142857142857
CER,time,20,org.joda.time.Period,org.joda.time.PeriodType,907,505,0.5567805953693495
CER,time,20,org.joda.time.Seconds,org.joda.time.base.BaseSingleFieldPeriod,228,48,0.21052631578947367
CER,time,20,org.joda.time.tz.ZoneInfoCompiler,org.joda.time.DateTimeZone,734,36,0.04904632152588556
CER,time,20,org.joda.time.Weeks,org.joda.time.base.BaseSingleFieldPeriod,228,51,0.2236842105263158
CER,time,20,org.joda.time.YearMonthDay,org.joda.time.base.BasePartial,84,7,0.08333333333333333
CE,closure,1,com.google.javascript.rhino.head.IdScriptableObject,com.google.javascript.rhino.head.ScriptableObject,2405,16,0.006652806652806653
CE,closure,1,com.google.javascript.rhino.head.IRFactory,com.google.javascript.rhino.head.Parser,4058,4,0.0009857072449482504
CE,closure,1,com.google.javascript.rhino.head.NativeArray,com.google.javascript.rhino.head.ScriptableObject,2405,3,0.0012474012474012475
CE,closure,1,com.google.javascript.rhino.head.NativeObject,com.google.javascript.rhino.head.ScriptableObject,2405,11,0.004573804573804574
CE,closure,1,com.google.javascript.rhino.head.regexp.NativeRegExp,com.google.javascript.rhino.head.ScriptRuntime,4535,28,0.006174200661521499
CE,closure,1,com.google.javascript.rhino.head.tools.debugger.Dim,com.google.javascript.rhino.head.ScriptRuntime,4535,2,0.0004410143329658214
CE,closure,1,com.google.javascript.rhino.jstype.JSType,com.google.javascript.rhino.jstype.FunctionType,1240,190,0.1532258064516129
CE,closure,1,com.google.javascript.rhino.jstype.JSType,com.google.javascript.rhino.jstype.ProxyObjectType,345,2,0.005797101449275362
CE,lang,1,org.apache.commons.lang3.builder.ReflectionToStringBuilder,org.apache.commons.lang3.builder.ToStringBuilder,222,2,0.009009009009009009
CE,lang,1,org.apache.commons.lang3.builder.ToStringBuilder,org.apache.commons.lang3.builder.ToStringStyle,793,5,0.006305170239596469
CE,lang,1,org.apache.commons.lang3.concurrent.MultiBackgroundInitializer,org.apache.commons.lang3.concurrent.BackgroundInitializer,63,49,0.7777777777777778
CE,lang,1,org.apache.commons.lang3.text.StrBuilder$StrBuilderReader,org.apache.commons.lang3.text.StrBuilder,2104,5,0.002376425855513308
CE,lang,1,org.apache.commons.lang3.text.StrSubstitutor,org.apache.commons.lang3.text.StrBuilder,2104,22,0.010456273764258554
CE,lang,1,org.apache.commons.lang3.text.translate.UnicodeEscaper,org.apache.commons.lang3.text.translate.CharSequenceTranslator,76,9,0.11842105263157894
CE,lang,1,org.apache.commons.lang3.time.FastDateFormat,org.apache.commons.lang3.time.FastDateFormat$TextField,20,12,0.6
CE,math,1,org.apache.commons.math.analysis.LaguerreSolver,org.apache.commons.math.complex.Complex,635,33,0.05196850393700787
CE,math,1,org.apache.commons.math.analysis.MullerSolver,org.apache.commons.math.analysis.UnivariateRealSolverImpl,159,98,0.6163522012578616
CE,math,1,org.apache.commons.math.distribution.AbstractIntegerDistribution,org.apache.commons.math.distribution.HypergeometricDistributionImpl,150,2,0.013333333333333334
CE,math,1,org.apache.commons.math.geometry.Rotation,org.apache.commons.math.geometry.Vector3D,294,7,0.023809523809523808
CE,math,1,org.apache.commons.math.linear.MatrixUtils,org.apache.commons.math.linear.BigMatrixImpl,1175,2,0.001702127659574468
CE,math,1,org.apache.commons.math.ode.AbstractStepInterpolator,org.apache.commons.math.ode.DormandPrince853StepInterpolator,398,34,0.08542713567839195
CE,math,1,org.apache.commons.math.ode.ContinuousOutputModel,org.apache.commons.math.ode.AbstractStepInterpolator,131,10,0.07633587786259542
CE,math,1,org.apache.commons.math.ode.EmbeddedRungeKuttaIntegrator,org.apache.commons.math.ode.DormandPrince853Integrator,115,5,0.043478260869565216
CE,math,1,org.apache.commons.math.ode.EmbeddedRungeKuttaIntegrator,org.apache.commons.math.ode.HighamHall54Integrator,50,1,0.02
CE,math,1,org.apache.commons.math.ode.GraggBulirschStoerIntegrator,org.apache.commons.math.ode.AdaptiveStepsizeIntegrator,278,10,0.03597122302158273
CE,math,1,org.apache.commons.math.ode.GraggBulirschStoerIntegrator,org.apache.commons.math.ode.SwitchingFunctionsHandler,117,3,0.02564102564102564
CE,math,1,org.apache.commons.math.ode.GraggBulirschStoerStepInterpolator,org.apache.commons.math.ode.AbstractStepInterpolator,131,19,0.1450381679389313
CE,math,1,org.apache.commons.math.ode.SwitchingFunctionsHandler,org.apache.commons.math.ode.SwitchState,188,35,0.18617021276595744
CE,math,1,org.apache.commons.math.ode.SwitchState,org.apache.commons.math.analysis.BrentSolver,283,1,0.0035335689045936395
CE,math,1,org.apache.commons.math.optimization.NelderMead,org.apache.commons.math.optimization.DirectSearchOptimizer,223,110,0.49327354260089684
CE,math,1,org.apache.commons.math.random.EmpiricalDistributionImpl,org.apache.commons.math.stat.descriptive.SummaryStatistics,363,36,0.09917355371900827
CE,math,1,org.apache.commons.math.stat.descriptive.AbstractStorelessUnivariateStatistic,org.apache.commons.math.stat.descriptive.moment.Variance,150,5,0.03333333333333333
CE,math,1,org.apache.commons.math.stat.descriptive.DescriptiveStatistics,org.apache.commons.math.util.ResizableDoubleArray,305,27,0.08852459016393442
CE,math,1,org.apache.commons.math.stat.inference.TTestImpl,org.apache.commons.math.stat.StatUtils,127,2,0.015748031496062992
CE,math,1,org.apache.commons.math.transform.FastFourierTransformer,org.apache.commons.math.complex.Complex,635,25,0.03937007874015748
CE,mockito,1,org.mockito.asm.AnnotationWriter,org.mockito.asm.ClassWriter,883,33,0.03737259343148358
CE,mockito,1,org.mockito.asm.MethodWriter,org.mockito.asm.ByteVector,300,92,0.30666666666666664
CE,mockito,1,org.mockito.cglib.core.ClassEmitter,org.mockito.cglib.transform.impl.InterceptFieldTransformer,188,8,0.0425531914893617
CE,mockito,1,org.mockito.cglib.core.CodeEmitter,org.mockito.cglib.core.ClassEmitter,212,1,0.0047169811320754715
CE,mockito,1,org.mockito.cglib.core.CodeEmitter,org.mockito.cglib.core.TypeUtils,725,17,0.023448275862068966
CE,mockito,1,org.mockito.cglib.core.EmitUtils,org.mockito.cglib.core.CodeEmitter,745,12,0.016107382550335572
CE,mockito,1,org.mockito.cglib.proxy.Enhancer,org.mockito.cglib.core.ReflectUtils,518,35,0.06756756756756757
CE,mockito,1,org.mockito.cglib.proxy.Mixin$Generator,org.mockito.cglib.core.ReflectUtils,518,58,0.11196911196911197
CE,time,1,org.joda.time.base.AbstractPartial,org.joda.time.MonthDay,286,18,0.06293706293706294
CE,time,1,org.joda.time.base.BasePeriod,org.joda.time.base.AbstractPeriod,132,10,0.07575757575757576
CE,time,1,org.joda.time.chrono.BasicChronology,org.joda.time.chrono.EthiopicChronology,133,2,0.015037593984962405
CE,time,1,org.joda.time.chrono.BasicChronology,org.joda.time.chrono.IslamicChronology,352,52,0.14772727272727273
CE,time,1,org.joda.time.chrono.BasicWeekyearDateTimeField,org.joda.time.chrono.BasicChronology,503,68,0.13518886679920478
CE,time,1,org.joda.time.chrono.CopticChronology,org.joda.time.DateTimeZone,734,12,0.01634877384196185
CE,time,1,org.joda.time.chrono.GJChronology,org.joda.time.chrono.GJChronology$CutoverField,367,27,0.07356948228882834
CE,time,1,org.joda.time.chrono.GJChronology,org.joda.time.chrono.JulianChronology,157,14,0.08917197452229299
CE,time,1,org.joda.time.chrono.ISOChronology,org.joda.time.chrono.AssembledChronology,359,9,0.025069637883008356
CE,time,1,org.joda.time.chrono.ISOChronology,org.joda.time.DateTimeZone,734,70,0.09536784741144415
CE,time,1,org.joda.time.chrono.ZonedChronology,org.joda.time.chrono.AssembledChronology,359,12,0.033426183844011144
CE,time,1,org.joda.time.chrono.ZonedChronology,org.joda.time.DateTimeZone,734,1,0.0013623978201634877
CE,time,1,org.joda.time.DateTimeUtils,org.joda.time.DateTimeZone,734,12,0.01634877384196185
CE,time,1,org.joda.time.DateTimeZone,org.joda.time.format.DateTimeFormat,642,1,0.001557632398753894
CE,time,1,org.joda.time.Days,org.joda.time.base.BaseSingleFieldPeriod,228,10,0.043859649122807015
CE,time,1,org.joda.time.format.DateTimeFormat,org.joda.time.format.DateTimeFormat$StyleFormatter,77,3,0.03896103896103896
CE,time,1,org.joda.time.format.DateTimeFormat,org.joda.time.format.DateTimeFormatterBuilder,642,4,0.006230529595015576
CE,time,1,org.joda.time.format.DateTimeFormatter,org.joda.time.format.DateTimeParserBucket,275,1,0.0036363636363636364
CE,time,1,org.joda.time.format.DateTimeFormatterBuilder$TextField,org.joda.time.format.DateTimeParserBucket,275,5,0.01818181818181818
CE,time,1,org.joda.time.format.DateTimeParserBucket$SavedState,org.joda.time.format.DateTimeParserBucket,275,1,0.0036363636363636364
CE,time,1,org.joda.time.format.ISODateTimeFormat,org.joda.time.format.DateTimeFormatterBuilder,642,1,0.001557632398753894
CE,time,1,org.joda.time.Hours,org.joda.time.base.BaseSingleFieldPeriod,228,12,0.05263157894736842
CE,time,1,org.joda.time.LocalDate,org.joda.time.format.ISODateTimeFormat,1510,5,0.0033112582781456954
CE,time,1,org.joda.time.LocalDateTime,org.joda.time.DateTimeZone,734,10,0.013623978201634877
CE,time,1,org.joda.time.LocalDateTime,org.joda.time.format.DateTimeFormatter,466,6,0.012875536480686695
CE,time,1,org.joda.time.LocalTime$Property,org.joda.time.LocalTime,729,3,0.00411522633744856
CE,time,1,org.joda.time.Minutes,org.joda.time.base.BaseSingleFieldPeriod,228,19,0.08333333333333333
CE,time,1,org.joda.time.MutableInterval,org.joda.time.base.BaseInterval,109,5,0.045871559633027525
CE,time,1,org.joda.time.MutablePeriod,org.joda.time.base.BasePeriod,350,14,0.04
CE,time,1,org.joda.time.Period,org.joda.time.base.AbstractPeriod,132,8,0.06060606060606061
CE,time,1,org.joda.time.Period,org.joda.time.base.BasePeriod,350,9,0.025714285714285714
CE,time,1,org.joda.time.Period,org.joda.time.PeriodType,907,813,0.896361631753032
CE,time,1,org.joda.time.Seconds,org.joda.time.base.BaseSingleFieldPeriod,228,10,0.043859649122807015
CE,time,1,org.joda.time.Weeks,org.joda.time.base.BaseSingleFieldPeriod,228,18,0.07894736842105263
CE,time,1,org.joda.time.YearMonthDay,org.joda.time.base.BasePartial,84,3,0.03571428571428571
CE,closure,2,com.google.javascript.rhino.head.IdScriptableObject,com.google.javascript.rhino.head.ScriptableObject,2406,21,0.008728179551122194
CE,closure,2,com.google.javascript.rhino.head.Interpreter,com.google.javascript.rhino.head.ScriptableObject,2406,4,0.0016625103906899418
CE,closure,2,com.google.javascript.rhino.head.IRFactory,com.google.javascript.rhino.head.Node,670,6,0.008955223880597015
CE,closure,2,com.google.javascript.rhino.head.IRFactory,com.google.javascript.rhino.head.Parser,4058,2,0.0004928536224741252
CE,closure,2,com.google.javascript.rhino.head.NativeArray,com.google.javascript.rhino.head.ScriptableObject,2406,7,0.0029093931837073984
CE,closure,2,com.google.javascript.rhino.head.NativeArray,com.google.javascript.rhino.head.ScriptRuntime,4533,18,0.003970880211780278
CE,closure,2,com.google.javascript.rhino.head.NativeObject,com.google.javascript.rhino.head.ScriptableObject,2406,16,0.006650041562759767
CE,closure,2,com.google.javascript.rhino.jstype.JSType,com.google.javascript.rhino.jstype.UnionType,483,11,0.022774327122153208
CE,closure,2,com.google.javascript.rhino.jstype.PrototypeObjectType,com.google.javascript.rhino.jstype.JSType,931,2,0.0021482277121374865
CE,lang,2,org.apache.commons.lang3.builder.ReflectionToStringBuilder,org.apache.commons.lang3.builder.ToStringBuilder,222,2,0.009009009009009009
CE,lang,2,org.apache.commons.lang3.builder.ToStringBuilder,org.apache.commons.lang3.builder.ToStringStyle,793,6,0.007566204287515763
CE,lang,2,org.apache.commons.lang3.concurrent.MultiBackgroundInitializer,org.apache.commons.lang3.concurrent.BackgroundInitializer,63,12,0.19047619047619047
CE,lang,2,org.apache.commons.lang3.text.StrBuilder$StrBuilderReader,org.apache.commons.lang3.text.StrBuilder,2104,2,0.0009505703422053232
CE,lang,2,org.apache.commons.lang3.text.StrSubstitutor,org.apache.commons.lang3.text.StrBuilder,2104,27,0.012832699619771864
CE,lang,2,org.apache.commons.lang3.text.StrTokenizer,org.apache.commons.lang3.text.StrMatcher,80,2,0.025
CE,lang,2,org.apache.commons.lang3.text.translate.UnicodeEscaper,org.apache.commons.lang3.text.translate.CharSequenceTranslator,76,35,0.4605263157894737
CE,lang,2,org.apache.commons.lang3.time.DurationFormatUtils,org.apache.commons.lang3.time.DurationFormatUtils$Token,79,20,0.25316455696202533
CE,lang,2,org.apache.commons.lang3.time.FastDateFormat,org.apache.commons.lang3.time.FastDateFormat$TextField,20,16,0.8
CE,math,2,org.apache.commons.math.analysis.LaguerreSolver,org.apache.commons.math.complex.Complex,635,58,0.09133858267716535
CE,math,2,org.apache.commons.math.analysis.MullerSolver,org.apache.commons.math.analysis.UnivariateRealSolverImpl,159,98,0.6163522012578616
CE,math,2,org.apache.commons.math.distribution.AbstractIntegerDistribution,org.apache.commons.math.distribution.HypergeometricDistributionImpl,150,6,0.04
CE,math,2,org.apache.commons.math.fraction.ProperFractionFormat,org.apache.commons.math.fraction.FractionFormat,171,2,0.011695906432748537
CE,math,2,org.apache.commons.math.geometry.Rotation,org.apache.commons.math.geometry.Vector3D,294,4,0.013605442176870748
CE,math,2,org.apache.commons.math.linear.MatrixUtils,org.apache.commons.math.linear.BigMatrixImpl,1175,4,0.003404255319148936
CE,math,2,org.apache.commons.math.ode.AbstractStepInterpolator,org.apache.commons.math.ode.DormandPrince853StepInterpolator,398,23,0.05778894472361809
CE,math,2,org.apache.commons.math.ode.ContinuousOutputModel,org.apache.commons.math.ode.AbstractStepInterpolator,131,17,0.1297709923664122
CE,math,2,org.apache.commons.math.ode.EmbeddedRungeKuttaIntegrator,org.apache.commons.math.ode.DormandPrince853Integrator,115,5,0.043478260869565216
CE,math,2,org.apache.commons.math.ode.EmbeddedRungeKuttaIntegrator,org.apache.commons.math.ode.HighamHall54Integrator,50,6,0.12
CE,math,2,org.apache.commons.math.ode.GraggBulirschStoerIntegrator,org.apache.commons.math.ode.AdaptiveStepsizeIntegrator,278,11,0.039568345323741004
CE,math,2,org.apache.commons.math.ode.GraggBulirschStoerIntegrator,org.apache.commons.math.ode.SwitchingFunctionsHandler,117,17,0.1452991452991453
CE,math,2,org.apache.commons.math.ode.GraggBulirschStoerStepInterpolator,org.apache.commons.math.ode.AbstractStepInterpolator,131,10,0.07633587786259542
CE,math,2,org.apache.commons.math.ode.SwitchingFunctionsHandler,org.apache.commons.math.ode.SwitchState,188,22,0.11702127659574468
CE,math,2,org.apache.commons.math.ode.SwitchState,org.apache.commons.math.analysis.BrentSolver,283,2,0.007067137809187279
CE,math,2,org.apache.commons.math.optimization.NelderMead,org.apache.commons.math.optimization.DirectSearchOptimizer,223,12,0.053811659192825115
CE,math,2,org.apache.commons.math.stat.descriptive.AbstractStorelessUnivariateStatistic,org.apache.commons.math.stat.descriptive.moment.Variance,150,8,0.05333333333333334
CE,math,2,org.apache.commons.math.stat.descriptive.DescriptiveStatistics,org.apache.commons.math.util.ResizableDoubleArray,305,10,0.03278688524590164
CE,math,2,org.apache.commons.math.transform.FastFourierTransformer,org.apache.commons.math.complex.Complex,635,15,0.023622047244094488
CE,mockito,2,org.mockito.asm.AnnotationWriter,org.mockito.asm.ClassWriter,883,36,0.04077010192525481
CE,mockito,2,org.mockito.asm.MethodWriter,org.mockito.asm.ByteVector,300,71,0.23666666666666666
CE,mockito,2,org.mockito.cglib.core.CodeEmitter,org.mockito.cglib.core.TypeUtils,725,21,0.028965517241379312
CE,mockito,2,org.mockito.cglib.core.EmitUtils,org.mockito.cglib.core.CodeEmitter,745,8,0.010738255033557046
CE,mockito,2,org.mockito.cglib.proxy.Enhancer,org.mockito.cglib.core.CodeEmitter,745,174,0.23355704697986576
CE,mockito,2,org.mockito.cglib.proxy.Enhancer,org.mockito.cglib.core.ReflectUtils,519,40,0.07707129094412331
CE,time,2,org.joda.time.base.AbstractPartial,org.joda.time.YearMonth,299,2,0.006688963210702341
CE,time,2,org.joda.time.base.BasePeriod,org.joda.time.base.AbstractPeriod,132,35,0.26515151515151514
CE,time,2,org.joda.time.chrono.BasicChronology,org.joda.time.chrono.CopticChronology,136,10,0.07352941176470588
CE,time,2,org.joda.time.chrono.BasicChronology,org.joda.time.chrono.EthiopicChronology,133,2,0.015037593984962405
CE,time,2,org.joda.time.chrono.BasicChronology,org.joda.time.chrono.IslamicChronology,352,11,0.03125
CE,time,2,org.joda.time.chrono.BasicWeekyearDateTimeField,org.joda.time.chrono.BasicChronology,503,10,0.019880715705765408
CE,time,2,org.joda.time.chrono.CopticChronology,org.joda.time.DateTimeZone,734,41,0.055858310626702996
CE,time,2,org.joda.time.chrono.GJChronology,org.joda.time.chrono.GJChronology$CutoverField,367,26,0.07084468664850137
CE,time,2,org.joda.time.chrono.GJChronology,org.joda.time.chrono.JulianChronology,157,14,0.08917197452229299
CE,time,2,org.joda.time.chrono.ISOChronology,org.joda.time.chrono.AssembledChronology,359,15,0.04178272980501393
CE,time,2,org.joda.time.chrono.ZonedChronology,org.joda.time.chrono.AssembledChronology,359,9,0.025069637883008356
CE,time,2,org.joda.time.chrono.ZonedChronology,org.joda.time.DateTimeZone,734,12,0.01634877384196185
CE,time,2,org.joda.time.chrono.ZonedChronology$ZonedDateTimeField,org.joda.time.DateTimeZone,734,35,0.047683923705722074
CE,time,2,org.joda.time.DateTimeUtils,org.joda.time.DateTimeZone,734,75,0.10217983651226158
CE,time,2,org.joda.time.DateTimeZone,org.joda.time.format.DateTimeFormat,642,1,0.001557632398753894
CE,time,2,org.joda.time.DateTimeZone,org.joda.time.format.FormatUtils,542,5,0.00922509225092251
CE,time,2,org.joda.time.DateTimeZone,org.joda.time.tz.FixedDateTimeZone,83,3,0.03614457831325301
CE,time,2,org.joda.time.Days,org.joda.time.base.BaseSingleFieldPeriod,228,3,0.013157894736842105
CE,time,2,org.joda.time.format.DateTimeFormat,org.joda.time.format.DateTimeFormat$StyleFormatter,77,22,0.2857142857142857
CE,time,2,org.joda.time.format.DateTimeFormatter,org.joda.time.DateTimeZone,734,28,0.03814713896457766
CE,time,2,org.joda.time.format.DateTimeFormatter,org.joda.time.format.DateTimeParserBucket,274,1,0.0036496350364963502
CE,time,2,org.joda.time.format.DateTimeParserBucket$SavedState,org.joda.time.format.DateTimeParserBucket,274,1,0.0036496350364963502
CE,time,2,org.joda.time.Hours,org.joda.time.base.BaseSingleFieldPeriod,228,5,0.021929824561403508
CE,time,2,org.joda.time.LocalDate,org.joda.time.format.ISODateTimeFormat,1510,1,0.0006622516556291391
CE,time,2,org.joda.time.LocalDateTime,org.joda.time.DateTimeZone,734,96,0.1307901907356948
CE,time,2,org.joda.time.LocalTime$Property,org.joda.time.LocalTime,729,3,0.00411522633744856
CE,time,2,org.joda.time.Minutes,org.joda.time.base.BaseSingleFieldPeriod,228,9,0.039473684210526314
CE,time,2,org.joda.time.MutablePeriod,org.joda.time.base.BasePeriod,350,1,0.002857142857142857
CE,time,2,org.joda.time.Period,org.joda.time.base.AbstractPeriod,132,28,0.21212121212121213
CE,time,2,org.joda.time.Period,org.joda.time.base.BasePeriod,350,1,0.002857142857142857
CE,time,2,org.joda.time.Period,org.joda.time.PeriodType,907,837,0.9228224917309813
CE,time,2,org.joda.time.Seconds,org.joda.time.base.BaseSingleFieldPeriod,228,6,0.02631578947368421
CE,time,2,org.joda.time.tz.ZoneInfoCompiler,org.joda.time.DateTimeZone,734,82,0.11171662125340599
CE,time,2,org.joda.time.Weeks,org.joda.time.base.BaseSingleFieldPeriod,228,11,0.04824561403508772
CE,time,2,org.joda.time.YearMonthDay,org.joda.time.base.BasePartial,84,6,0.07142857142857142
CE,closure,3,com.google.javascript.jscomp.NodeUtil,com.google.javascript.rhino.Node,2336,5,0.0021404109589041095
CE,closure,3,com.google.javascript.rhino.head.IdScriptableObject,com.google.javascript.rhino.head.ScriptableObject,2403,17,0.0070744902205576365
CE,closure,3,com.google.javascript.rhino.head.Interpreter,com.google.javascript.rhino.head.ScriptableObject,2403,3,0.0012484394506866417
CE,closure,3,com.google.javascript.rhino.head.IRFactory,com.google.javascript.rhino.head.Parser,4058,1,0.0002464268112370626
CE,closure,3,com.google.javascript.rhino.head.Parser,com.google.javascript.rhino.head.CompilerEnvirons,151,8,0.052980132450331126
CE,closure,3,com.google.javascript.rhino.head.ScriptRuntime,com.google.javascript.rhino.head.ScriptableObject,2403,11,0.004577611319184353
CE,closure,3,com.google.javascript.rhino.head.tools.debugger.Dim,com.google.javascript.rhino.head.ScriptRuntime,4533,2,0.00044120891242003087
CE,closure,3,com.google.javascript.rhino.head.tools.shell.Global,com.google.javascript.rhino.head.ScriptRuntime,4533,6,0.0013236267372600927
CE,closure,3,com.google.javascript.rhino.JSDocInfoBuilder,com.google.javascript.rhino.JSDocInfo,954,545,0.5712788259958071
CE,closure,3,com.google.javascript.rhino.jstype.JSType,com.google.javascript.rhino.jstype.UnionType,483,1,0.002070393374741201
CE,lang,3,org.apache.commons.lang3.builder.ReflectionToStringBuilder,org.apache.commons.lang3.builder.ToStringBuilder,222,1,0.0045045045045045045
CE,lang,3,org.apache.commons.lang3.builder.ToStringBuilder,org.apache.commons.lang3.builder.ToStringStyle,793,25,0.031525851197982346
CE,lang,3,org.apache.commons.lang3.concurrent.MultiBackgroundInitializer,org.apache.commons.lang3.concurrent.BackgroundInitializer,63,40,0.6349206349206349
CE,lang,3,org.apache.commons.lang3.StringUtils,org.apache.commons.lang3.ArrayUtils,3057,5,0.0016355904481517827
CE,lang,3,org.apache.commons.lang3.text.StrBuilder$StrBuilderReader,org.apache.commons.lang3.text.StrBuilder,2104,2,0.0009505703422053232
CE,lang,3,org.apache.commons.lang3.text.StrSubstitutor,org.apache.commons.lang3.text.StrBuilder,2104,23,0.010931558935361217
CE,lang,3,org.apache.commons.lang3.text.StrTokenizer,org.apache.commons.lang3.text.StrMatcher,80,2,0.025
CE,lang,3,org.apache.commons.lang3.text.translate.UnicodeEscaper,org.apache.commons.lang3.text.translate.CharSequenceTranslator,76,1,0.013157894736842105
CE,lang,3,org.apache.commons.lang3.time.FastDateFormat,org.apache.commons.lang3.time.FastDateFormat$TextField,20,4,0.2
CE,math,3,org.apache.commons.math.analysis.LaguerreSolver,org.apache.commons.math.complex.Complex,635,82,0.12913385826771653
CE,math,3,org.apache.commons.math.analysis.MullerSolver,org.apache.commons.math.analysis.UnivariateRealSolverImpl,159,107,0.6729559748427673
CE,math,3,org.apache.commons.math.geometry.Rotation,org.apache.commons.math.geometry.Vector3D,294,4,0.013605442176870748
CE,math,3,org.apache.commons.math.linear.MatrixUtils,org.apache.commons.math.linear.BigMatrixImpl,1175,2,0.001702127659574468
CE,math,3,org.apache.commons.math.ode.AbstractStepInterpolator,org.apache.commons.math.ode.DormandPrince853StepInterpolator,398,18,0.04522613065326633
CE,math,3,org.apache.commons.math.ode.ContinuousOutputModel,org.apache.commons.math.ode.AbstractStepInterpolator,131,12,0.0916030534351145
CE,math,3,org.apache.commons.math.ode.EmbeddedRungeKuttaIntegrator,org.apache.commons.math.ode.DormandPrince853Integrator,115,1,0.008695652173913044
CE,math,3,org.apache.commons.math.ode.EmbeddedRungeKuttaIntegrator,org.apache.commons.math.ode.HighamHall54Integrator,50,3,0.06
CE,math,3,org.apache.commons.math.ode.GraggBulirschStoerIntegrator,org.apache.commons.math.ode.AdaptiveStepsizeIntegrator,278,21,0.07553956834532374
CE,math,3,org.apache.commons.math.ode.GraggBulirschStoerIntegrator,org.apache.commons.math.ode.SwitchingFunctionsHandler,117,3,0.02564102564102564
CE,math,3,org.apache.commons.math.ode.GraggBulirschStoerStepInterpolator,org.apache.commons.math.ode.AbstractStepInterpolator,131,13,0.09923664122137404
CE,math,3,org.apache.commons.math.ode.SwitchingFunctionsHandler,org.apache.commons.math.ode.SwitchState,188,23,0.12234042553191489
CE,math,3,org.apache.commons.math.ode.SwitchState,org.apache.commons.math.analysis.BrentSolver,283,4,0.014134275618374558
CE,math,3,org.apache.commons.math.optimization.NelderMead,org.apache.commons.math.optimization.DirectSearchOptimizer,223,86,0.38565022421524664
CE,math,3,org.apache.commons.math.random.EmpiricalDistributionImpl,org.apache.commons.math.stat.descriptive.SummaryStatistics,363,2,0.005509641873278237
CE,math,3,org.apache.commons.math.stat.descriptive.AbstractStorelessUnivariateStatistic,org.apache.commons.math.stat.descriptive.moment.Variance,150,2,0.013333333333333334
CE,math,3,org.apache.commons.math.stat.descriptive.DescriptiveStatistics,org.apache.commons.math.util.ResizableDoubleArray,305,8,0.02622950819672131
CE,math,3,org.apache.commons.math.transform.FastFourierTransformer,org.apache.commons.math.complex.Complex,635,50,0.07874015748031496
CE,mockito,3,org.mockito.asm.AnnotationWriter,org.mockito.asm.ClassWriter,883,36,0.04077010192525481
CE,mockito,3,org.mockito.asm.MethodWriter,org.mockito.asm.ByteVector,300,88,0.29333333333333333
CE,mockito,3,org.mockito.cglib.core.ClassEmitter,org.mockito.cglib.transform.impl.InterceptFieldTransformer,188,5,0.026595744680851064
CE,mockito,3,org.mockito.cglib.core.CodeEmitter,org.mockito.cglib.core.ClassEmitter,212,1,0.0047169811320754715
CE,mockito,3,org.mockito.cglib.core.CodeEmitter,org.mockito.cglib.core.TypeUtils,725,16,0.022068965517241378
CE,mockito,3,org.mockito.cglib.core.EmitUtils,org.mockito.cglib.core.CodeEmitter,745,10,0.013422818791946308
CE,mockito,3,org.mockito.cglib.proxy.Enhancer,org.mockito.cglib.core.ReflectUtils,518,37,0.07142857142857142
CE,mockito,3,org.mockito.cglib.proxy.Mixin$Generator,org.mockito.cglib.core.AbstractClassGenerator,126,2,0.015873015873015872
CE,time,3,org.joda.time.base.AbstractPartial,org.joda.time.MonthDay,286,42,0.14685314685314685
CE,time,3,org.joda.time.base.AbstractPartial,org.joda.time.YearMonth,299,2,0.006688963210702341
CE,time,3,org.joda.time.base.BasePeriod,org.joda.time.base.AbstractPeriod,132,7,0.05303030303030303
CE,time,3,org.joda.time.chrono.BasicChronology,org.joda.time.chrono.CopticChronology,136,68,0.5
CE,time,3,org.joda.time.chrono.BasicChronology,org.joda.time.chrono.IslamicChronology,352,6,0.017045454545454544
CE,time,3,org.joda.time.chrono.BasicWeekyearDateTimeField,org.joda.time.chrono.BasicChronology,503,41,0.08151093439363817
CE,time,3,org.joda.time.chrono.CopticChronology,org.joda.time.DateTimeZone,734,17,0.02316076294277929
CE,time,3,org.joda.time.chrono.GJChronology,org.joda.time.chrono.GJChronology$CutoverField,367,57,0.1553133514986376
CE,time,3,org.joda.time.chrono.GJChronology,org.joda.time.chrono.JulianChronology,157,5,0.03184713375796178
CE,time,3,org.joda.time.chrono.ISOChronology,org.joda.time.chrono.AssembledChronology,359,33,0.09192200557103064
CE,time,3,org.joda.time.chrono.ISOChronology,org.joda.time.DateTimeZone,734,23,0.031335149863760216
CE,time,3,org.joda.time.chrono.ZonedChronology,org.joda.time.chrono.AssembledChronology,359,7,0.019498607242339833
CE,time,3,org.joda.time.chrono.ZonedChronology,org.joda.time.DateTimeZone,734,1,0.0013623978201634877
CE,time,3,org.joda.time.chrono.ZonedChronology$ZonedDateTimeField,org.joda.time.DateTimeZone,734,3,0.004087193460490463
CE,time,3,org.joda.time.DateTimeUtils,org.joda.time.DateTimeZone,734,32,0.043596730245231606
CE,time,3,org.joda.time.DateTimeZone,org.joda.time.tz.FixedDateTimeZone,83,3,0.03614457831325301
CE,time,3,org.joda.time.Days,org.joda.time.base.BaseSingleFieldPeriod,228,5,0.021929824561403508
CE,time,3,org.joda.time.format.DateTimeFormatter,org.joda.time.format.DateTimeParserBucket,275,4,0.014545454545454545
CE,time,3,org.joda.time.format.DateTimeFormatterBuilder$TextField,org.joda.time.format.DateTimeParserBucket,275,7,0.025454545454545455
CE,time,3,org.joda.time.format.ISODateTimeFormat,org.joda.time.format.DateTimeFormatterBuilder,643,1,0.0015552099533437014
CE,time,3,org.joda.time.Hours,org.joda.time.base.BaseSingleFieldPeriod,228,2,0.008771929824561403
CE,time,3,org.joda.time.LocalDate,org.joda.time.format.ISODateTimeFormat,1510,36,0.02384105960264901
CE,time,3,org.joda.time.LocalDateTime,org.joda.time.DateTimeZone,734,61,0.08310626702997276
CE,time,3,org.joda.time.Minutes,org.joda.time.base.BaseSingleFieldPeriod,228,5,0.021929824561403508
CE,time,3,org.joda.time.MutableInterval,org.joda.time.base.BaseInterval,109,12,0.11009174311926606
CE,time,3,org.joda.time.MutablePeriod,org.joda.time.base.BasePeriod,350,3,0.008571428571428572
CE,time,3,org.joda.time.Period,org.joda.time.base.AbstractPeriod,132,3,0.022727272727272728
CE,time,3,org.joda.time.Period,org.joda.time.base.BasePeriod,350,11,0.03142857142857143
CE,time,3,org.joda.time.Period,org.joda.time.PeriodType,907,829,0.9140022050716649
CE,time,3,org.joda.time.Seconds,org.joda.time.base.BaseSingleFieldPeriod,228,5,0.021929824561403508
CE,time,3,org.joda.time.tz.ZoneInfoCompiler,org.joda.time.DateTimeZone,734,13,0.017711171662125342
CE,time,3,org.joda.time.Weeks,org.joda.time.base.BaseSingleFieldPeriod,228,7,0.03070175438596491
CE,time,3,org.joda.time.YearMonthDay,org.joda.time.base.BasePartial,84,3,0.03571428571428571
CE,closure,4,com.google.javascript.rhino.head.IdScriptableObject,com.google.javascript.rhino.head.ScriptableObject,2404,8,0.0033277870216306157
CE,closure,4,com.google.javascript.rhino.head.Interpreter,com.google.javascript.rhino.head.InterpretedFunction,105,1,0.009523809523809525
CE,closure,4,com.google.javascript.rhino.head.IRFactory,com.google.javascript.rhino.head.Node,670,7,0.010447761194029851
CE,closure,4,com.google.javascript.rhino.head.IRFactory,com.google.javascript.rhino.head.Parser,4058,6,0.0014785608674223755
CE,closure,4,com.google.javascript.rhino.head.NativeArray,com.google.javascript.rhino.head.ScriptableObject,2404,25,0.010399334442595673
CE,closure,4,com.google.javascript.rhino.head.NativeObject,com.google.javascript.rhino.head.ScriptableObject,2404,8,0.0033277870216306157
CE,closure,4,com.google.javascript.rhino.head.ScriptableObject,com.google.javascript.rhino.head.FunctionObject,509,15,0.029469548133595286
CE,closure,4,com.google.javascript.rhino.head.tools.debugger.Dim,com.google.javascript.rhino.head.ScriptRuntime,4533,7,0.001544231193470108
CE,closure,4,com.google.javascript.rhino.head.tools.shell.Global,com.google.javascript.rhino.head.ScriptRuntime,4533,3,0.0006618133686300463
CE,lang,4,org.apache.commons.lang3.builder.ReflectionToStringBuilder,org.apache.commons.lang3.builder.ToStringBuilder,222,4,0.018018018018018018
CE,lang,4,org.apache.commons.lang3.builder.ToStringBuilder,org.apache.commons.lang3.builder.ToStringStyle,793,6,0.007566204287515763
CE,lang,4,org.apache.commons.lang3.concurrent.MultiBackgroundInitializer,org.apache.commons.lang3.concurrent.BackgroundInitializer,63,3,0.047619047619047616
CE,lang,4,org.apache.commons.lang3.text.StrBuilder$StrBuilderReader,org.apache.commons.lang3.text.StrBuilder,2104,2,0.0009505703422053232
CE,lang,4,org.apache.commons.lang3.text.StrSubstitutor,org.apache.commons.lang3.text.StrBuilder,2104,30,0.014258555133079848
CE,lang,4,org.apache.commons.lang3.time.FastDateFormat,org.apache.commons.lang3.time.FastDateFormat$TextField,20,4,0.2
CE,math,4,org.apache.commons.math.analysis.LaguerreSolver,org.apache.commons.math.complex.Complex,635,5,0.007874015748031496
CE,math,4,org.apache.commons.math.analysis.MullerSolver,org.apache.commons.math.analysis.UnivariateRealSolverImpl,159,102,0.6415094339622641
CE,math,4,org.apache.commons.math.distribution.AbstractIntegerDistribution,org.apache.commons.math.distribution.HypergeometricDistributionImpl,150,4,0.02666666666666667
CE,math,4,org.apache.commons.math.fraction.ProperFractionFormat,org.apache.commons.math.fraction.FractionFormat,171,1,0.005847953216374269
CE,math,4,org.apache.commons.math.geometry.Rotation,org.apache.commons.math.geometry.Vector3D,294,7,0.023809523809523808
CE,math,4,org.apache.commons.math.linear.MatrixUtils,org.apache.commons.math.linear.BigMatrixImpl,1175,108,0.09191489361702128
CE,math,4,org.apache.commons.math.ode.AbstractStepInterpolator,org.apache.commons.math.ode.DormandPrince853StepInterpolator,398,21,0.052763819095477386
CE,math,4,org.apache.commons.math.ode.ContinuousOutputModel,org.apache.commons.math.ode.AbstractStepInterpolator,131,11,0.08396946564885496
CE,math,4,org.apache.commons.math.ode.EmbeddedRungeKuttaIntegrator,org.apache.commons.math.ode.DormandPrince853Integrator,115,6,0.05217391304347826
CE,math,4,org.apache.commons.math.ode.EmbeddedRungeKuttaIntegrator,org.apache.commons.math.ode.HighamHall54Integrator,50,3,0.06
CE,math,4,org.apache.commons.math.ode.GraggBulirschStoerIntegrator,org.apache.commons.math.ode.AdaptiveStepsizeIntegrator,278,33,0.11870503597122302
CE,math,4,org.apache.commons.math.ode.GraggBulirschStoerIntegrator,org.apache.commons.math.ode.SwitchingFunctionsHandler,117,4,0.03418803418803419
CE,math,4,org.apache.commons.math.ode.GraggBulirschStoerStepInterpolator,org.apache.commons.math.ode.AbstractStepInterpolator,131,18,0.13740458015267176
CE,math,4,org.apache.commons.math.ode.SwitchingFunctionsHandler,org.apache.commons.math.ode.SwitchState,188,31,0.16489361702127658
CE,math,4,org.apache.commons.math.ode.SwitchState,org.apache.commons.math.analysis.BrentSolver,283,10,0.0353356890459364
CE,math,4,org.apache.commons.math.optimization.NelderMead,org.apache.commons.math.optimization.DirectSearchOptimizer,223,43,0.19282511210762332
CE,math,4,org.apache.commons.math.random.EmpiricalDistributionImpl,org.apache.commons.math.stat.descriptive.SummaryStatistics,363,2,0.005509641873278237
CE,math,4,org.apache.commons.math.stat.descriptive.AbstractStorelessUnivariateStatistic,org.apache.commons.math.stat.descriptive.moment.Variance,150,3,0.02
CE,math,4,org.apache.commons.math.stat.descriptive.DescriptiveStatistics,org.apache.commons.math.util.ResizableDoubleArray,305,15,0.04918032786885246
CE,math,4,org.apache.commons.math.stat.inference.TTestImpl,org.apache.commons.math.stat.StatUtils,127,2,0.015748031496062992
CE,math,4,org.apache.commons.math.transform.FastFourierTransformer,org.apache.commons.math.complex.Complex,635,37,0.05826771653543307
CE,mockito,4,org.mockito.asm.AnnotationWriter,org.mockito.asm.ClassWriter,883,48,0.05436013590033975
CE,mockito,4,org.mockito.asm.MethodWriter,org.mockito.asm.ByteVector,300,103,0.3433333333333333
CE,mockito,4,org.mockito.asm.MethodWriter,org.mockito.asm.ClassWriter,883,3,0.0033975084937712344
CE,mockito,4,org.mockito.asm.tree.analysis.BasicVerifier,org.mockito.asm.tree.analysis.BasicInterpreter,413,2,0.004842615012106538
CE,mockito,4,org.mockito.cglib.core.CodeEmitter,org.mockito.cglib.core.ClassEmitter,212,1,0.0047169811320754715
CE,mockito,4,org.mockito.cglib.core.CodeEmitter,org.mockito.cglib.core.TypeUtils,725,21,0.028965517241379312
CE,mockito,4,org.mockito.cglib.core.EmitUtils,org.mockito.cglib.core.CodeEmitter,745,24,0.032214765100671144
CE,mockito,4,org.mockito.cglib.proxy.Enhancer,org.mockito.cglib.core.CodeEmitter,745,159,0.2134228187919463
CE,mockito,4,org.mockito.cglib.proxy.Enhancer,org.mockito.cglib.core.ReflectUtils,519,46,0.08863198458574181
CE,mockito,4,org.mockito.cglib.proxy.Mixin$Generator,org.mockito.cglib.core.AbstractClassGenerator,126,3,0.023809523809523808
CE,mockito,4,org.mockito.cglib.proxy.Mixin$Generator,org.mockito.cglib.core.ReflectUtils,519,68,0.13102119460500963
CE,time,4,org.joda.time.base.AbstractPartial,org.joda.time.MonthDay,286,4,0.013986013986013986
CE,time,4,org.joda.time.base.BasePeriod,org.joda.time.base.AbstractPeriod,132,1,0.007575757575757576
CE,time,4,org.joda.time.chrono.BasicChronology,org.joda.time.chrono.EthiopicChronology,133,2,0.015037593984962405
CE,time,4,org.joda.time.chrono.BasicChronology,org.joda.time.chrono.IslamicChronology,352,9,0.02556818181818182
CE,time,4,org.joda.time.chrono.BasicWeekyearDateTimeField,org.joda.time.chrono.BasicChronology,503,10,0.019880715705765408
CE,time,4,org.joda.time.chrono.CopticChronology,org.joda.time.DateTimeZone,734,52,0.07084468664850137
CE,time,4,org.joda.time.chrono.GJChronology,org.joda.time.chrono.GJChronology$CutoverField,367,53,0.1444141689373297
CE,time,4,org.joda.time.chrono.GJChronology,org.joda.time.chrono.JulianChronology,157,26,0.16560509554140126
CE,time,4,org.joda.time.chrono.ISOChronology,org.joda.time.chrono.AssembledChronology,359,37,0.10306406685236769
CE,time,4,org.joda.time.chrono.ISOChronology,org.joda.time.DateTimeZone,734,175,0.23841961852861035
CE,time,4,org.joda.time.chrono.ZonedChronology,org.joda.time.chrono.AssembledChronology,359,92,0.2562674094707521
CE,time,4,org.joda.time.chrono.ZonedChronology,org.joda.time.DateTimeZone,734,28,0.03814713896457766
CE,time,4,org.joda.time.chrono.ZonedChronology$ZonedDateTimeField,org.joda.time.DateTimeZone,734,52,0.07084468664850137
CE,time,4,org.joda.time.DateTimeUtils,org.joda.time.DateTimeZone,734,6,0.008174386920980926
CE,time,4,org.joda.time.DateTimeZone,org.joda.time.format.FormatUtils,542,12,0.02214022140221402
CE,time,4,org.joda.time.DateTimeZone,org.joda.time.tz.FixedDateTimeZone,83,8,0.0963855421686747
CE,time,4,org.joda.time.Days,org.joda.time.base.BaseSingleFieldPeriod,228,17,0.07456140350877193
CE,time,4,org.joda.time.format.DateTimeFormat,org.joda.time.format.DateTimeFormatterBuilder,642,2,0.003115264797507788
CE,time,4,org.joda.time.format.DateTimeFormatter,org.joda.time.DateTimeZone,734,17,0.02316076294277929
CE,time,4,org.joda.time.format.DateTimeFormatter,org.joda.time.format.DateTimeParserBucket,274,11,0.040145985401459854
CE,time,4,org.joda.time.format.DateTimeFormatterBuilder$TextField,org.joda.time.format.DateTimeParserBucket,274,5,0.01824817518248175
CE,time,4,org.joda.time.format.DateTimeParserBucket$SavedState,org.joda.time.format.DateTimeParserBucket,274,3,0.010948905109489052
CE,time,4,org.joda.time.Hours,org.joda.time.base.BaseSingleFieldPeriod,228,13,0.05701754385964912
CE,time,4,org.joda.time.LocalDate,org.joda.time.format.ISODateTimeFormat,1510,6,0.003973509933774834
CE,time,4,org.joda.time.LocalDateTime,org.joda.time.DateTimeZone,734,30,0.04087193460490463
CE,time,4,org.joda.time.LocalDateTime,org.joda.time.format.DateTimeFormatter,466,8,0.017167381974248927
CE,time,4,org.joda.time.Minutes,org.joda.time.base.BaseSingleFieldPeriod,228,14,0.06140350877192982
CE,time,4,org.joda.time.MutableInterval,org.joda.time.base.BaseInterval,109,5,0.045871559633027525
CE,time,4,org.joda.time.MutablePeriod,org.joda.time.base.BasePeriod,350,5,0.014285714285714285
CE,time,4,org.joda.time.Period,org.joda.time.base.AbstractPeriod,132,4,0.030303030303030304
CE,time,4,org.joda.time.Period,org.joda.time.base.BasePeriod,350,19,0.054285714285714284
CE,time,4,org.joda.time.Period,org.joda.time.PeriodType,907,101,0.1113561190738699
CE,time,4,org.joda.time.Seconds,org.joda.time.base.BaseSingleFieldPeriod,228,14,0.06140350877192982
CE,time,4,org.joda.time.tz.ZoneInfoCompiler,org.joda.time.DateTimeZone,734,146,0.1989100817438692
CE,time,4,org.joda.time.Weeks,org.joda.time.base.BaseSingleFieldPeriod,228,16,0.07017543859649122
CE,time,4,org.joda.time.YearMonthDay,org.joda.time.base.BasePartial,84,3,0.03571428571428571
CE,closure,5,com.google.javascript.jscomp.NodeUtil,com.google.javascript.rhino.Node,2336,19,0.008133561643835616
CE,closure,5,com.google.javascript.rhino.head.Interpreter,com.google.javascript.rhino.head.ScriptableObject,2403,38,0.01581356637536413
CE,closure,5,com.google.javascript.rhino.head.IRFactory,com.google.javascript.rhino.head.Parser,4058,9,0.0022178413011335633
CE,closure,5,com.google.javascript.rhino.head.NativeArray,com.google.javascript.rhino.head.IdScriptableObject,491,5,0.010183299389002037
CE,closure,5,com.google.javascript.rhino.head.NativeArray,com.google.javascript.rhino.head.ScriptRuntime,4533,17,0.0037502757555702626
CE,closure,5,com.google.javascript.rhino.head.NativeObject,com.google.javascript.rhino.head.ScriptableObject,2403,84,0.03495630461922597
CE,closure,5,com.google.javascript.rhino.head.ScriptRuntime,com.google.javascript.rhino.head.ScriptableObject,2403,46,0.01914273824386184
CE,closure,5,com.google.javascript.rhino.head.tools.debugger.Dim,com.google.javascript.rhino.head.ScriptRuntime,4533,1,0.00022060445621001543
CE,closure,5,com.google.javascript.rhino.head.tools.shell.Global,com.google.javascript.rhino.head.ScriptRuntime,4533,1,0.00022060445621001543
CE,lang,5,org.apache.commons.lang3.builder.ReflectionToStringBuilder,org.apache.commons.lang3.builder.ToStringBuilder,222,1,0.0045045045045045045
CE,lang,5,org.apache.commons.lang3.builder.ToStringBuilder,org.apache.commons.lang3.builder.ToStringStyle,793,1,0.0012610340479192938
CE,lang,5,org.apache.commons.lang3.builder.ToStringStyle,org.apache.commons.lang3.ClassUtils,830,1,0.0012048192771084338
CE,lang,5,org.apache.commons.lang3.concurrent.MultiBackgroundInitializer,org.apache.commons.lang3.concurrent.BackgroundInitializer,63,38,0.6031746031746031
CE,lang,5,org.apache.commons.lang3.text.StrBuilder$StrBuilderReader,org.apache.commons.lang3.text.StrBuilder,2105,7,0.00332541567695962
CE,lang,5,org.apache.commons.lang3.text.StrSubstitutor,org.apache.commons.lang3.text.StrBuilder,2105,41,0.019477434679334917
CE,lang,5,org.apache.commons.lang3.text.StrTokenizer,org.apache.commons.lang3.text.StrMatcher,80,2,0.025
CE,lang,5,org.apache.commons.lang3.text.translate.UnicodeEscaper,org.apache.commons.lang3.text.translate.CharSequenceTranslator,76,35,0.4605263157894737
CE,lang,5,org.apache.commons.lang3.time.FastDateFormat,org.apache.commons.lang3.time.FastDateFormat$TextField,20,4,0.2
CE,math,5,org.apache.commons.math.analysis.LaguerreSolver,org.apache.commons.math.complex.Complex,635,45,0.07086614173228346
CE,math,5,org.apache.commons.math.analysis.MullerSolver,org.apache.commons.math.analysis.UnivariateRealSolverImpl,159,103,0.6477987421383647
CE,math,5,org.apache.commons.math.distribution.AbstractIntegerDistribution,org.apache.commons.math.distribution.HypergeometricDistributionImpl,150,4,0.02666666666666667
CE,math,5,org.apache.commons.math.fraction.ProperFractionFormat,org.apache.commons.math.fraction.FractionFormat,171,1,0.005847953216374269
CE,math,5,org.apache.commons.math.geometry.Rotation,org.apache.commons.math.geometry.Vector3D,294,3,0.01020408163265306
CE,math,5,org.apache.commons.math.linear.MatrixUtils,org.apache.commons.math.linear.BigMatrixImpl,1175,3,0.002553191489361702
CE,math,5,org.apache.commons.math.ode.AbstractStepInterpolator,org.apache.commons.math.ode.DormandPrince853StepInterpolator,398,27,0.0678391959798995
CE,math,5,org.apache.commons.math.ode.ContinuousOutputModel,org.apache.commons.math.ode.AbstractStepInterpolator,131,7,0.05343511450381679
CE,math,5,org.apache.commons.math.ode.EmbeddedRungeKuttaIntegrator,org.apache.commons.math.ode.DormandPrince853Integrator,115,5,0.043478260869565216
CE,math,5,org.apache.commons.math.ode.EmbeddedRungeKuttaIntegrator,org.apache.commons.math.ode.HighamHall54Integrator,50,1,0.02
CE,math,5,org.apache.commons.math.ode.GraggBulirschStoerIntegrator,org.apache.commons.math.ode.AdaptiveStepsizeIntegrator,278,17,0.06115107913669065
CE,math,5,org.apache.commons.math.ode.GraggBulirschStoerStepInterpolator,org.apache.commons.math.ode.AbstractStepInterpolator,131,10,0.07633587786259542
CE,math,5,org.apache.commons.math.ode.SwitchingFunctionsHandler,org.apache.commons.math.ode.SwitchState,188,78,0.4148936170212766
CE,math,5,org.apache.commons.math.ode.SwitchState,org.apache.commons.math.analysis.BrentSolver,283,10,0.0353356890459364
CE,math,5,org.apache.commons.math.optimization.NelderMead,org.apache.commons.math.optimization.DirectSearchOptimizer,223,17,0.07623318385650224
CE,math,5,org.apache.commons.math.random.EmpiricalDistributionImpl,org.apache.commons.math.stat.descriptive.SummaryStatistics,363,31,0.08539944903581267
CE,math,5,org.apache.commons.math.stat.descriptive.AbstractStorelessUnivariateStatistic,org.apache.commons.math.stat.descriptive.moment.Variance,150,1,0.006666666666666667
CE,math,5,org.apache.commons.math.stat.descriptive.DescriptiveStatistics,org.apache.commons.math.util.ResizableDoubleArray,305,12,0.03934426229508197
CE,math,5,org.apache.commons.math.stat.inference.TTestImpl,org.apache.commons.math.stat.StatUtils,127,10,0.07874015748031496
CE,math,5,org.apache.commons.math.transform.FastFourierTransformer,org.apache.commons.math.complex.Complex,635,23,0.03622047244094488
CE,mockito,5,org.mockito.asm.AnnotationWriter,org.mockito.asm.ClassWriter,884,38,0.042986425339366516
CE,mockito,5,org.mockito.asm.MethodWriter,org.mockito.asm.ByteVector,300,86,0.2866666666666667
CE,mockito,5,org.mockito.cglib.core.CodeEmitter,org.mockito.cglib.core.ClassEmitter,212,1,0.0047169811320754715
CE,mockito,5,org.mockito.cglib.core.CodeEmitter,org.mockito.cglib.core.TypeUtils,725,202,0.2786206896551724
CE,mockito,5,org.mockito.cglib.core.EmitUtils,org.mockito.cglib.core.CodeEmitter,745,16,0.021476510067114093
CE,mockito,5,org.mockito.cglib.proxy.Enhancer,org.mockito.cglib.core.ReflectUtils,518,35,0.06756756756756757
CE,mockito,5,org.mockito.cglib.proxy.Mixin$Generator,org.mockito.cglib.core.ReflectUtils,518,53,0.10231660231660232
CE,time,5,org.joda.time.base.AbstractPartial,org.joda.time.YearMonth,299,7,0.023411371237458192
CE,time,5,org.joda.time.base.BasePeriod,org.joda.time.base.AbstractPeriod,132,10,0.07575757575757576
CE,time,5,org.joda.time.chrono.BasicChronology,org.joda.time.chrono.CopticChronology,136,51,0.375
CE,time,5,org.joda.time.chrono.BasicChronology,org.joda.time.chrono.IslamicChronology,352,3,0.008522727272727272
CE,time,5,org.joda.time.chrono.BasicWeekyearDateTimeField,org.joda.time.chrono.BasicChronology,503,10,0.019880715705765408
CE,time,5,org.joda.time.chrono.CopticChronology,org.joda.time.DateTimeZone,734,36,0.04904632152588556
CE,time,5,org.joda.time.chrono.GJChronology,org.joda.time.chrono.GJChronology$CutoverField,367,31,0.08446866485013624
CE,time,5,org.joda.time.chrono.GJChronology,org.joda.time.chrono.JulianChronology,157,10,0.06369426751592357
CE,time,5,org.joda.time.chrono.ISOChronology,org.joda.time.chrono.AssembledChronology,359,14,0.03899721448467967
CE,time,5,org.joda.time.chrono.ISOChronology,org.joda.time.DateTimeZone,734,32,0.043596730245231606
CE,time,5,org.joda.time.chrono.ZonedChronology,org.joda.time.chrono.AssembledChronology,359,81,0.22562674094707522
CE,time,5,org.joda.time.chrono.ZonedChronology,org.joda.time.DateTimeZone,734,25,0.0340599455040872
CE,time,5,org.joda.time.chrono.ZonedChronology$ZonedDateTimeField,org.joda.time.DateTimeZone,734,68,0.09264305177111716
CE,time,5,org.joda.time.DateTimeUtils,org.joda.time.DateTimeZone,734,13,0.017711171662125342
CE,time,5,org.joda.time.DateTimeZone,org.joda.time.format.FormatUtils,542,26,0.04797047970479705
CE,time,5,org.joda.time.DateTimeZone,org.joda.time.tz.FixedDateTimeZone,83,3,0.03614457831325301
CE,time,5,org.joda.time.Days,org.joda.time.base.BaseSingleFieldPeriod,228,8,0.03508771929824561
CE,time,5,org.joda.time.format.DateTimeFormat,org.joda.time.format.DateTimeFormatterBuilder,643,2,0.003110419906687403
CE,time,5,org.joda.time.format.DateTimeFormatter,org.joda.time.DateTimeZone,734,43,0.05858310626702997
CE,time,5,org.joda.time.format.DateTimeFormatterBuilder$PaddedNumber,org.joda.time.format.DateTimeFormatterBuilder,643,3,0.004665629860031105
CE,time,5,org.joda.time.format.DateTimeFormatterBuilder$TextField,org.joda.time.format.DateTimeParserBucket,274,5,0.01824817518248175
CE,time,5,org.joda.time.format.DateTimeParserBucket$SavedState,org.joda.time.format.DateTimeParserBucket,274,1,0.0036496350364963502
CE,time,5,org.joda.time.Hours,org.joda.time.base.BaseSingleFieldPeriod,228,4,0.017543859649122806
CE,time,5,org.joda.time.LocalDate,org.joda.time.format.ISODateTimeFormat,1510,1,0.0006622516556291391
CE,time,5,org.joda.time.LocalDateTime,org.joda.time.DateTimeZone,734,253,0.3446866485013624
CE,time,5,org.joda.time.LocalDateTime,org.joda.time.format.DateTimeFormatter,466,5,0.01072961373390558
CE,time,5,org.joda.time.LocalTime$Property,org.joda.time.LocalTime,729,3,0.00411522633744856
CE,time,5,org.joda.time.Minutes,org.joda.time.base.BaseSingleFieldPeriod,228,8,0.03508771929824561
CE,time,5,org.joda.time.MutableInterval,org.joda.time.base.BaseInterval,109,2,0.01834862385321101
CE,time,5,org.joda.time.MutablePeriod,org.joda.time.base.BasePeriod,350,9,0.025714285714285714
CE,time,5,org.joda.time.Period,org.joda.time.base.AbstractPeriod,132,2,0.015151515151515152
CE,time,5,org.joda.time.Period,org.joda.time.base.BasePeriod,350,12,0.03428571428571429
CE,time,5,org.joda.time.Period,org.joda.time.PeriodType,907,840,0.9261300992282249
CE,time,5,org.joda.time.Seconds,org.joda.time.base.BaseSingleFieldPeriod,228,4,0.017543859649122806
CE,time,5,org.joda.time.tz.ZoneInfoCompiler,org.joda.time.DateTimeZone,734,36,0.04904632152588556
CE,time,5,org.joda.time.Weeks,org.joda.time.base.BaseSingleFieldPeriod,228,5,0.021929824561403508
CE,time,5,org.joda.time.YearMonthDay,org.joda.time.base.BasePartial,84,6,0.07142857142857142
CE,closure,6,com.google.javascript.rhino.head.IRFactory,com.google.javascript.rhino.head.Node,670,7,0.010447761194029851
CE,closure,6,com.google.javascript.rhino.head.NativeArray,com.google.javascript.rhino.head.IdScriptableObject,491,9,0.018329938900203666
CE,closure,6,com.google.javascript.rhino.head.NativeObject,com.google.javascript.rhino.head.ScriptableObject,2403,34,0.014148980441115273
CE,closure,6,com.google.javascript.rhino.head.ScriptRuntime,com.google.javascript.rhino.head.ScriptableObject,2403,20,0.008322929671244279
CE,closure,6,com.google.javascript.rhino.head.tools.shell.Global,com.google.javascript.rhino.head.ScriptRuntime,4537,2,0.00044081992506061276
CE,lang,6,org.apache.commons.lang3.builder.ReflectionToStringBuilder,org.apache.commons.lang3.builder.ToStringBuilder,222,5,0.02252252252252252
CE,lang,6,org.apache.commons.lang3.builder.ToStringBuilder,org.apache.commons.lang3.builder.ToStringStyle,793,2,0.0025220680958385876
CE,lang,6,org.apache.commons.lang3.text.StrBuilder$StrBuilderReader,org.apache.commons.lang3.text.StrBuilder,2104,7,0.003326996197718631
CE,lang,6,org.apache.commons.lang3.text.StrSubstitutor,org.apache.commons.lang3.text.StrBuilder,2104,33,0.01568441064638783
CE,lang,6,org.apache.commons.lang3.text.translate.UnicodeEscaper,org.apache.commons.lang3.text.translate.CharSequenceTranslator,76,6,0.07894736842105263
CE,lang,6,org.apache.commons.lang3.time.FastDateFormat,org.apache.commons.lang3.time.FastDateFormat$TextField,20,12,0.6
CE,math,6,org.apache.commons.math.analysis.LaguerreSolver,org.apache.commons.math.complex.Complex,635,291,0.4582677165354331
CE,math,6,org.apache.commons.math.analysis.MullerSolver,org.apache.commons.math.analysis.UnivariateRealSolverImpl,159,101,0.6352201257861635
CE,math,6,org.apache.commons.math.distribution.AbstractIntegerDistribution,org.apache.commons.math.distribution.HypergeometricDistributionImpl,150,3,0.02
CE,math,6,org.apache.commons.math.geometry.Rotation,org.apache.commons.math.geometry.Vector3D,294,7,0.023809523809523808
CE,math,6,org.apache.commons.math.linear.MatrixUtils,org.apache.commons.math.linear.BigMatrixImpl,1175,3,0.002553191489361702
CE,math,6,org.apache.commons.math.ode.AbstractStepInterpolator,org.apache.commons.math.ode.DormandPrince853StepInterpolator,398,24,0.06030150753768844
CE,math,6,org.apache.commons.math.ode.ContinuousOutputModel,org.apache.commons.math.ode.AbstractStepInterpolator,131,12,0.0916030534351145
CE,math,6,org.apache.commons.math.ode.EmbeddedRungeKuttaIntegrator,org.apache.commons.math.ode.DormandPrince853Integrator,115,4,0.034782608695652174
CE,math,6,org.apache.commons.math.ode.EmbeddedRungeKuttaIntegrator,org.apache.commons.math.ode.HighamHall54Integrator,50,4,0.08
CE,math,6,org.apache.commons.math.ode.GraggBulirschStoerIntegrator,org.apache.commons.math.ode.AdaptiveStepsizeIntegrator,278,15,0.0539568345323741
CE,math,6,org.apache.commons.math.ode.GraggBulirschStoerIntegrator,org.apache.commons.math.ode.SwitchingFunctionsHandler,117,3,0.02564102564102564
CE,math,6,org.apache.commons.math.ode.GraggBulirschStoerStepInterpolator,org.apache.commons.math.ode.AbstractStepInterpolator,131,10,0.07633587786259542
CE,math,6,org.apache.commons.math.ode.SwitchingFunctionsHandler,org.apache.commons.math.ode.SwitchState,188,37,0.19680851063829788
CE,math,6,org.apache.commons.math.ode.SwitchState,org.apache.commons.math.analysis.BrentSolver,283,25,0.08833922261484099
CE,math,6,org.apache.commons.math.optimization.NelderMead,org.apache.commons.math.optimization.DirectSearchOptimizer,223,9,0.04035874439461883
CE,math,6,org.apache.commons.math.stat.descriptive.AbstractStorelessUnivariateStatistic,org.apache.commons.math.stat.descriptive.moment.Variance,150,2,0.013333333333333334
CE,math,6,org.apache.commons.math.stat.descriptive.DescriptiveStatistics,org.apache.commons.math.util.ResizableDoubleArray,305,18,0.05901639344262295
CE,math,6,org.apache.commons.math.stat.inference.TTestImpl,org.apache.commons.math.stat.StatUtils,127,10,0.07874015748031496
CE,math,6,org.apache.commons.math.transform.FastFourierTransformer,org.apache.commons.math.complex.Complex,635,274,0.431496062992126
CE,mockito,6,org.mockito.asm.AnnotationWriter,org.mockito.asm.ClassWriter,883,44,0.04983012457531144
CE,mockito,6,org.mockito.asm.MethodWriter,org.mockito.asm.ByteVector,300,74,0.24666666666666667
CE,mockito,6,org.mockito.asm.MethodWriter,org.mockito.asm.ClassWriter,883,4,0.004530011325028313
CE,mockito,6,org.mockito.asm.util.ASMifierClassVisitor,org.mockito.asm.util.ASMifierAbstractVisitor,328,2,0.006097560975609756
CE,mockito,6,org.mockito.cglib.core.CodeEmitter,org.mockito.cglib.core.TypeUtils,725,27,0.037241379310344824
CE,mockito,6,org.mockito.cglib.core.EmitUtils,org.mockito.cglib.core.CodeEmitter,745,12,0.016107382550335572
CE,mockito,6,org.mockito.cglib.proxy.Enhancer,org.mockito.cglib.core.ReflectUtils,518,37,0.07142857142857142
CE,mockito,6,org.mockito.cglib.proxy.Mixin$Generator,org.mockito.cglib.core.AbstractClassGenerator,126,2,0.015873015873015872
CE,mockito,6,org.mockito.cglib.proxy.Mixin$Generator,org.mockito.cglib.core.ReflectUtils,518,60,0.11583011583011583
CE,time,6,org.joda.time.base.AbstractPartial,org.joda.time.YearMonth,299,1,0.0033444816053511705
CE,time,6,org.joda.time.base.BasePeriod,org.joda.time.base.AbstractPeriod,132,9,0.06818181818181818
CE,time,6,org.joda.time.chrono.BasicChronology,org.joda.time.chrono.CopticChronology,136,50,0.36764705882352944
CE,time,6,org.joda.time.chrono.BasicChronology,org.joda.time.chrono.IslamicChronology,352,35,0.09943181818181818
CE,time,6,org.joda.time.chrono.BasicWeekyearDateTimeField,org.joda.time.chrono.BasicChronology,503,77,0.15308151093439365
CE,time,6,org.joda.time.chrono.CopticChronology,org.joda.time.DateTimeZone,734,18,0.02452316076294278
CE,time,6,org.joda.time.chrono.GJChronology,org.joda.time.chrono.GJChronology$CutoverField,367,19,0.051771117166212535
CE,time,6,org.joda.time.chrono.GJChronology,org.joda.time.chrono.JulianChronology,157,26,0.16560509554140126
CE,time,6,org.joda.time.chrono.ISOChronology,org.joda.time.chrono.AssembledChronology,359,10,0.027855153203342618
CE,time,6,org.joda.time.chrono.ISOChronology,org.joda.time.DateTimeZone,734,108,0.14713896457765668
CE,time,6,org.joda.time.chrono.ZonedChronology,org.joda.time.DateTimeZone,734,11,0.014986376021798364
CE,time,6,org.joda.time.chrono.ZonedChronology$ZonedDateTimeField,org.joda.time.DateTimeZone,734,13,0.017711171662125342
CE,time,6,org.joda.time.DateTimeUtils,org.joda.time.DateTimeZone,734,7,0.009536784741144414
CE,time,6,org.joda.time.DateTimeZone,org.joda.time.format.FormatUtils,542,3,0.005535055350553505
CE,time,6,org.joda.time.DateTimeZone,org.joda.time.tz.FixedDateTimeZone,83,3,0.03614457831325301
CE,time,6,org.joda.time.Days,org.joda.time.base.BaseSingleFieldPeriod,228,9,0.039473684210526314
CE,time,6,org.joda.time.format.DateTimeFormat,org.joda.time.format.DateTimeFormatterBuilder,642,4,0.006230529595015576
CE,time,6,org.joda.time.format.DateTimeFormatter,org.joda.time.DateTimeZone,734,1,0.0013623978201634877
CE,time,6,org.joda.time.format.DateTimeFormatter,org.joda.time.format.DateTimeParserBucket,274,15,0.05474452554744526
CE,time,6,org.joda.time.format.DateTimeFormatterBuilder$PaddedNumber,org.joda.time.format.DateTimeFormatterBuilder,642,9,0.014018691588785047
CE,time,6,org.joda.time.format.DateTimeFormatterBuilder$TextField,org.joda.time.format.DateTimeParserBucket,274,6,0.021897810218978103
CE,time,6,org.joda.time.format.DateTimeParserBucket$SavedState,org.joda.time.format.DateTimeParserBucket,274,2,0.0072992700729927005
CE,time,6,org.joda.time.format.ISODateTimeFormat,org.joda.time.format.DateTimeFormatterBuilder,642,1,0.001557632398753894
CE,time,6,org.joda.time.Hours,org.joda.time.base.BaseSingleFieldPeriod,228,9,0.039473684210526314
CE,time,6,org.joda.time.LocalDate,org.joda.time.format.ISODateTimeFormat,1510,37,0.024503311258278145
CE,time,6,org.joda.time.LocalDateTime,org.joda.time.DateTimeZone,734,42,0.05722070844686648
CE,time,6,org.joda.time.LocalDateTime,org.joda.time.format.DateTimeFormatter,466,8,0.017167381974248927
CE,time,6,org.joda.time.LocalTime$Property,org.joda.time.LocalTime,729,3,0.00411522633744856
CE,time,6,org.joda.time.Minutes,org.joda.time.base.BaseSingleFieldPeriod,228,11,0.04824561403508772
CE,time,6,org.joda.time.MutableInterval,org.joda.time.base.BaseInterval,109,4,0.03669724770642202
CE,time,6,org.joda.time.MutablePeriod,org.joda.time.base.BasePeriod,350,12,0.03428571428571429
CE,time,6,org.joda.time.Period,org.joda.time.base.AbstractPeriod,132,7,0.05303030303030303
CE,time,6,org.joda.time.Period,org.joda.time.base.BasePeriod,350,7,0.02
CE,time,6,org.joda.time.Period,org.joda.time.PeriodType,907,837,0.9228224917309813
CE,time,6,org.joda.time.Seconds,org.joda.time.base.BaseSingleFieldPeriod,228,16,0.07017543859649122
CE,time,6,org.joda.time.tz.ZoneInfoCompiler,org.joda.time.DateTimeZone,734,8,0.010899182561307902
CE,time,6,org.joda.time.Weeks,org.joda.time.base.BaseSingleFieldPeriod,228,13,0.05701754385964912
CE,time,6,org.joda.time.YearMonthDay,org.joda.time.base.BasePartial,84,6,0.07142857142857142
CE,closure,7,com.google.javascript.rhino.head.IdScriptableObject,com.google.javascript.rhino.head.ScriptableObject,2403,26,0.010819808572617561
CE,closure,7,com.google.javascript.rhino.head.NativeArray,com.google.javascript.rhino.head.IdScriptableObject,491,99,0.20162932790224034
CE,closure,7,com.google.javascript.rhino.head.NativeArray,com.google.javascript.rhino.head.ScriptableObject,2403,39,0.016229712858926344
CE,closure,7,com.google.javascript.rhino.head.NativeArray,com.google.javascript.rhino.head.ScriptRuntime,4535,10,0.002205071664829107
CE,closure,7,com.google.javascript.rhino.head.tools.shell.Global,com.google.javascript.rhino.head.ScriptRuntime,4535,6,0.001323042998897464
CE,closure,7,com.google.javascript.rhino.JSDocInfoBuilder,com.google.javascript.rhino.JSDocInfo,954,547,0.5733752620545073
CE,closure,7,com.google.javascript.rhino.jstype.JSType,com.google.javascript.rhino.jstype.UnionType,483,3,0.006211180124223602
CE,lang,7,org.apache.commons.lang3.builder.ReflectionToStringBuilder,org.apache.commons.lang3.builder.ToStringBuilder,222,3,0.013513513513513514
CE,lang,7,org.apache.commons.lang3.concurrent.MultiBackgroundInitializer,org.apache.commons.lang3.concurrent.BackgroundInitializer,63,10,0.15873015873015872
CE,lang,7,org.apache.commons.lang3.text.StrBuilder$StrBuilderReader,org.apache.commons.lang3.text.StrBuilder,2104,2,0.0009505703422053232
CE,lang,7,org.apache.commons.lang3.text.StrSubstitutor,org.apache.commons.lang3.text.StrBuilder,2104,18,0.008555133079847909
CE,lang,7,org.apache.commons.lang3.text.translate.UnicodeEscaper,org.apache.commons.lang3.text.translate.CharSequenceTranslator,76,1,0.013157894736842105
CE,lang,7,org.apache.commons.lang3.time.FastDateFormat,org.apache.commons.lang3.time.FastDateFormat$TextField,20,12,0.6
CE,math,7,org.apache.commons.math.analysis.LaguerreSolver,org.apache.commons.math.complex.Complex,635,40,0.06299212598425197
CE,math,7,org.apache.commons.math.analysis.MullerSolver,org.apache.commons.math.analysis.UnivariateRealSolverImpl,159,102,0.6415094339622641
CE,math,7,org.apache.commons.math.distribution.AbstractIntegerDistribution,org.apache.commons.math.distribution.HypergeometricDistributionImpl,150,3,0.02
CE,math,7,org.apache.commons.math.fraction.ProperFractionFormat,org.apache.commons.math.fraction.FractionFormat,171,3,0.017543859649122806
CE,math,7,org.apache.commons.math.geometry.Rotation,org.apache.commons.math.geometry.Vector3D,294,26,0.08843537414965986
CE,math,7,org.apache.commons.math.linear.MatrixUtils,org.apache.commons.math.linear.BigMatrixImpl,1175,2,0.001702127659574468
CE,math,7,org.apache.commons.math.ode.AbstractStepInterpolator,org.apache.commons.math.ode.DormandPrince853StepInterpolator,398,26,0.06532663316582915
CE,math,7,org.apache.commons.math.ode.ContinuousOutputModel,org.apache.commons.math.ode.AbstractStepInterpolator,131,20,0.15267175572519084
CE,math,7,org.apache.commons.math.ode.EmbeddedRungeKuttaIntegrator,org.apache.commons.math.ode.DormandPrince853Integrator,115,8,0.06956521739130435
CE,math,7,org.apache.commons.math.ode.EmbeddedRungeKuttaIntegrator,org.apache.commons.math.ode.HighamHall54Integrator,50,3,0.06
CE,math,7,org.apache.commons.math.ode.GraggBulirschStoerIntegrator,org.apache.commons.math.ode.AdaptiveStepsizeIntegrator,278,25,0.08992805755395683
CE,math,7,org.apache.commons.math.ode.GraggBulirschStoerIntegrator,org.apache.commons.math.ode.SwitchingFunctionsHandler,117,4,0.03418803418803419
CE,math,7,org.apache.commons.math.ode.GraggBulirschStoerStepInterpolator,org.apache.commons.math.ode.AbstractStepInterpolator,131,14,0.10687022900763359
CE,math,7,org.apache.commons.math.ode.SwitchingFunctionsHandler,org.apache.commons.math.ode.SwitchState,188,25,0.13297872340425532
CE,math,7,org.apache.commons.math.optimization.NelderMead,org.apache.commons.math.optimization.DirectSearchOptimizer,223,107,0.4798206278026906
CE,math,7,org.apache.commons.math.random.EmpiricalDistributionImpl,org.apache.commons.math.stat.descriptive.SummaryStatistics,363,2,0.005509641873278237
CE,math,7,org.apache.commons.math.stat.descriptive.AbstractStorelessUnivariateStatistic,org.apache.commons.math.stat.descriptive.moment.Variance,150,3,0.02
CE,math,7,org.apache.commons.math.stat.descriptive.DescriptiveStatistics,org.apache.commons.math.util.ResizableDoubleArray,305,25,0.08196721311475409
CE,math,7,org.apache.commons.math.stat.inference.TTestImpl,org.apache.commons.math.stat.StatUtils,127,14,0.11023622047244094
CE,math,7,org.apache.commons.math.transform.FastFourierTransformer,org.apache.commons.math.complex.Complex,635,19,0.029921259842519685
CE,mockito,7,org.mockito.asm.AnnotationWriter,org.mockito.asm.ClassWriter,884,65,0.07352941176470588
CE,mockito,7,org.mockito.asm.MethodWriter,org.mockito.asm.ByteVector,300,78,0.26
CE,mockito,7,org.mockito.asm.MethodWriter,org.mockito.asm.ClassWriter,884,1,0.0011312217194570137
CE,mockito,7,org.mockito.asm.tree.analysis.BasicVerifier,org.mockito.asm.tree.analysis.BasicInterpreter,413,5,0.012106537530266344
CE,mockito,7,org.mockito.cglib.core.ClassEmitter,org.mockito.cglib.transform.impl.InterceptFieldTransformer,188,10,0.05319148936170213
CE,mockito,7,org.mockito.cglib.core.CodeEmitter,org.mockito.cglib.core.ClassEmitter,212,1,0.0047169811320754715
CE,mockito,7,org.mockito.cglib.core.CodeEmitter,org.mockito.cglib.core.TypeUtils,725,22,0.030344827586206897
CE,mockito,7,org.mockito.cglib.core.EmitUtils,org.mockito.cglib.core.CodeEmitter,745,2,0.0026845637583892616
CE,mockito,7,org.mockito.cglib.proxy.Enhancer,org.mockito.cglib.core.ReflectUtils,518,43,0.08301158301158301
CE,time,7,org.joda.time.base.AbstractPartial,org.joda.time.MonthDay,286,9,0.03146853146853147
CE,time,7,org.joda.time.base.BasePeriod,org.joda.time.base.AbstractPeriod,132,1,0.007575757575757576
CE,time,7,org.joda.time.chrono.BasicChronology,org.joda.time.chrono.CopticChronology,136,13,0.09558823529411764
CE,time,7,org.joda.time.chrono.BasicChronology,org.joda.time.chrono.EthiopicChronology,133,21,0.15789473684210525
CE,time,7,org.joda.time.chrono.BasicWeekyearDateTimeField,org.joda.time.chrono.BasicChronology,503,67,0.13320079522862824
CE,time,7,org.joda.time.chrono.CopticChronology,org.joda.time.DateTimeZone,734,15,0.020435967302452316
CE,time,7,org.joda.time.chrono.GJChronology,org.joda.time.chrono.JulianChronology,157,5,0.03184713375796178
CE,time,7,org.joda.time.chrono.ISOChronology,org.joda.time.chrono.AssembledChronology,359,3,0.008356545961002786
CE,time,7,org.joda.time.chrono.ISOChronology,org.joda.time.DateTimeZone,734,39,0.05313351498637602
CE,time,7,org.joda.time.chrono.ZonedChronology,org.joda.time.chrono.AssembledChronology,359,3,0.008356545961002786
CE,time,7,org.joda.time.chrono.ZonedChronology$ZonedDateTimeField,org.joda.time.DateTimeZone,734,5,0.006811989100817439
CE,time,7,org.joda.time.DateTimeUtils,org.joda.time.DateTimeZone,734,10,0.013623978201634877
CE,time,7,org.joda.time.DateTimeZone,org.joda.time.format.DateTimeFormat,642,2,0.003115264797507788
CE,time,7,org.joda.time.DateTimeZone,org.joda.time.tz.FixedDateTimeZone,83,3,0.03614457831325301
CE,time,7,org.joda.time.Days,org.joda.time.base.BaseSingleFieldPeriod,228,8,0.03508771929824561
CE,time,7,org.joda.time.format.DateTimeFormat,org.joda.time.format.DateTimeFormat$StyleFormatter,77,3,0.03896103896103896
CE,time,7,org.joda.time.format.DateTimeFormat,org.joda.time.format.DateTimeFormatterBuilder,642,1,0.001557632398753894
CE,time,7,org.joda.time.format.DateTimeFormatter,org.joda.time.format.DateTimeParserBucket,274,5,0.01824817518248175
CE,time,7,org.joda.time.format.DateTimeFormatterBuilder$PaddedNumber,org.joda.time.format.DateTimeFormatterBuilder,642,3,0.004672897196261682
CE,time,7,org.joda.time.format.DateTimeParserBucket$SavedState,org.joda.time.format.DateTimeParserBucket,274,5,0.01824817518248175
CE,time,7,org.joda.time.Hours,org.joda.time.base.BaseSingleFieldPeriod,228,8,0.03508771929824561
CE,time,7,org.joda.time.LocalDate,org.joda.time.format.ISODateTimeFormat,1510,1,0.0006622516556291391
CE,time,7,org.joda.time.LocalDateTime,org.joda.time.DateTimeZone,734,19,0.025885558583106268
CE,time,7,org.joda.time.LocalDateTime,org.joda.time.format.DateTimeFormatter,466,3,0.006437768240343348
CE,time,7,org.joda.time.LocalTime$Property,org.joda.time.LocalTime,729,53,0.07270233196159122
CE,time,7,org.joda.time.Minutes,org.joda.time.base.BaseSingleFieldPeriod,228,7,0.03070175438596491
CE,time,7,org.joda.time.MutableInterval,org.joda.time.base.BaseInterval,109,4,0.03669724770642202
CE,time,7,org.joda.time.MutablePeriod,org.joda.time.base.BasePeriod,350,4,0.011428571428571429
CE,time,7,org.joda.time.Period,org.joda.time.base.AbstractPeriod,132,7,0.05303030303030303
CE,time,7,org.joda.time.Period,org.joda.time.base.BasePeriod,350,4,0.011428571428571429
CE,time,7,org.joda.time.Period,org.joda.time.PeriodType,907,834,0.9195148842337376
CE,time,7,org.joda.time.Seconds,org.joda.time.base.BaseSingleFieldPeriod,228,7,0.03070175438596491
CE,time,7,org.joda.time.tz.ZoneInfoCompiler,org.joda.time.DateTimeZone,734,11,0.014986376021798364
CE,time,7,org.joda.time.Weeks,org.joda.time.base.BaseSingleFieldPeriod,228,10,0.043859649122807015
CE,time,7,org.joda.time.YearMonthDay,org.joda.time.base.BasePartial,84,14,0.16666666666666666
CE,closure,8,com.google.javascript.rhino.head.IdScriptableObject,com.google.javascript.rhino.head.ScriptableObject,2405,20,0.008316008316008316
CE,closure,8,com.google.javascript.rhino.head.Interpreter,com.google.javascript.rhino.head.ScriptableObject,2405,14,0.0058212058212058215
CE,closure,8,com.google.javascript.rhino.head.IRFactory,com.google.javascript.rhino.head.Parser,4058,5,0.0012321340561853129
CE,closure,8,com.google.javascript.rhino.head.regexp.NativeRegExp,com.google.javascript.rhino.head.ScriptRuntime,4534,12,0.002646669607410675
CE,closure,8,com.google.javascript.rhino.head.tools.debugger.Dim,com.google.javascript.rhino.head.ScriptRuntime,4534,3,0.0006616674018526688
CE,closure,8,com.google.javascript.rhino.head.tools.shell.Global,com.google.javascript.rhino.head.ScriptRuntime,4534,1,0.00022055580061755624
CE,closure,8,com.google.javascript.rhino.jstype.JSType,com.google.javascript.rhino.jstype.FunctionType,1240,108,0.08709677419354839
CE,closure,8,com.google.javascript.rhino.jstype.JSType,com.google.javascript.rhino.jstype.ProxyObjectType,345,3,0.008695652173913044
CE,lang,8,org.apache.commons.lang3.builder.ReflectionToStringBuilder,org.apache.commons.lang3.builder.ToStringBuilder,222,1,0.0045045045045045045
CE,lang,8,org.apache.commons.lang3.builder.ToStringBuilder,org.apache.commons.lang3.builder.ToStringStyle,793,178,0.2244640605296343
CE,lang,8,org.apache.commons.lang3.builder.ToStringStyle,org.apache.commons.lang3.ClassUtils,830,1,0.0012048192771084338
CE,lang,8,org.apache.commons.lang3.concurrent.MultiBackgroundInitializer,org.apache.commons.lang3.concurrent.BackgroundInitializer,63,3,0.047619047619047616
CE,lang,8,org.apache.commons.lang3.text.StrBuilder$StrBuilderReader,org.apache.commons.lang3.text.StrBuilder,2104,135,0.06416349809885931
CE,lang,8,org.apache.commons.lang3.text.StrSubstitutor,org.apache.commons.lang3.text.StrBuilder,2104,278,0.13212927756653992
CE,lang,8,org.apache.commons.lang3.text.translate.UnicodeEscaper,org.apache.commons.lang3.text.translate.CharSequenceTranslator,76,6,0.07894736842105263
CE,lang,8,org.apache.commons.lang3.time.FastDateFormat,org.apache.commons.lang3.time.FastDateFormat$TextField,20,11,0.55
CE,math,8,org.apache.commons.math.analysis.LaguerreSolver,org.apache.commons.math.complex.Complex,635,15,0.023622047244094488
CE,math,8,org.apache.commons.math.analysis.MullerSolver,org.apache.commons.math.analysis.UnivariateRealSolverImpl,159,97,0.610062893081761
CE,math,8,org.apache.commons.math.distribution.AbstractIntegerDistribution,org.apache.commons.math.distribution.HypergeometricDistributionImpl,150,3,0.02
CE,math,8,org.apache.commons.math.fraction.ProperFractionFormat,org.apache.commons.math.fraction.FractionFormat,171,2,0.011695906432748537
CE,math,8,org.apache.commons.math.geometry.Rotation,org.apache.commons.math.geometry.Vector3D,294,4,0.013605442176870748
CE,math,8,org.apache.commons.math.linear.MatrixUtils,org.apache.commons.math.linear.BigMatrixImpl,1175,2,0.001702127659574468
CE,math,8,org.apache.commons.math.ode.AbstractStepInterpolator,org.apache.commons.math.ode.DormandPrince853StepInterpolator,398,77,0.1934673366834171
CE,math,8,org.apache.commons.math.ode.ContinuousOutputModel,org.apache.commons.math.ode.AbstractStepInterpolator,131,11,0.08396946564885496
CE,math,8,org.apache.commons.math.ode.EmbeddedRungeKuttaIntegrator,org.apache.commons.math.ode.DormandPrince853Integrator,115,4,0.034782608695652174
CE,math,8,org.apache.commons.math.ode.GraggBulirschStoerIntegrator,org.apache.commons.math.ode.AdaptiveStepsizeIntegrator,278,15,0.0539568345323741
CE,math,8,org.apache.commons.math.ode.GraggBulirschStoerIntegrator,org.apache.commons.math.ode.SwitchingFunctionsHandler,117,12,0.10256410256410256
CE,math,8,org.apache.commons.math.ode.GraggBulirschStoerStepInterpolator,org.apache.commons.math.ode.AbstractStepInterpolator,131,12,0.0916030534351145
CE,math,8,org.apache.commons.math.ode.SwitchingFunctionsHandler,org.apache.commons.math.ode.SwitchState,188,15,0.0797872340425532
CE,math,8,org.apache.commons.math.ode.SwitchState,org.apache.commons.math.analysis.BrentSolver,283,11,0.038869257950530034
CE,math,8,org.apache.commons.math.optimization.NelderMead,org.apache.commons.math.optimization.DirectSearchOptimizer,223,26,0.11659192825112108
CE,math,8,org.apache.commons.math.random.EmpiricalDistributionImpl,org.apache.commons.math.stat.descriptive.SummaryStatistics,363,2,0.005509641873278237
CE,math,8,org.apache.commons.math.stat.descriptive.AbstractStorelessUnivariateStatistic,org.apache.commons.math.stat.descriptive.moment.Variance,150,2,0.013333333333333334
CE,math,8,org.apache.commons.math.stat.descriptive.DescriptiveStatistics,org.apache.commons.math.util.ResizableDoubleArray,305,17,0.05573770491803279
CE,math,8,org.apache.commons.math.stat.inference.TTestImpl,org.apache.commons.math.stat.StatUtils,127,2,0.015748031496062992
CE,math,8,org.apache.commons.math.transform.FastFourierTransformer,org.apache.commons.math.complex.Complex,635,17,0.026771653543307086
CE,mockito,8,org.mockito.asm.AnnotationWriter,org.mockito.asm.ClassWriter,883,30,0.03397508493771234
CE,mockito,8,org.mockito.asm.MethodWriter,org.mockito.asm.ByteVector,300,93,0.31
CE,mockito,8,org.mockito.asm.tree.analysis.BasicVerifier,org.mockito.asm.tree.analysis.BasicInterpreter,413,2,0.004842615012106538
CE,mockito,8,org.mockito.cglib.core.ClassEmitter,org.mockito.cglib.transform.impl.InterceptFieldTransformer,188,8,0.0425531914893617
CE,mockito,8,org.mockito.cglib.core.CodeEmitter,org.mockito.cglib.core.ClassEmitter,212,1,0.0047169811320754715
CE,mockito,8,org.mockito.cglib.core.CodeEmitter,org.mockito.cglib.core.TypeUtils,725,19,0.02620689655172414
CE,mockito,8,org.mockito.cglib.core.EmitUtils,org.mockito.cglib.core.CodeEmitter,745,13,0.0174496644295302
CE,mockito,8,org.mockito.cglib.proxy.Enhancer,org.mockito.cglib.core.ReflectUtils,519,41,0.0789980732177264
CE,mockito,8,org.mockito.cglib.proxy.Mixin$Generator,org.mockito.cglib.core.AbstractClassGenerator,126,3,0.023809523809523808
CE,mockito,8,org.mockito.cglib.proxy.Mixin$Generator,org.mockito.cglib.core.ReflectUtils,519,55,0.10597302504816955
CE,time,8,org.joda.time.base.AbstractPartial,org.joda.time.YearMonth,299,8,0.026755852842809364
CE,time,8,org.joda.time.base.BasePeriod,org.joda.time.base.AbstractPeriod,132,15,0.11363636363636363
CE,time,8,org.joda.time.chrono.BasicChronology,org.joda.time.chrono.IslamicChronology,352,71,0.20170454545454544
CE,time,8,org.joda.time.chrono.BasicWeekyearDateTimeField,org.joda.time.chrono.BasicChronology,503,164,0.3260437375745527
CE,time,8,org.joda.time.chrono.CopticChronology,org.joda.time.DateTimeZone,734,17,0.02316076294277929
CE,time,8,org.joda.time.chrono.GJChronology,org.joda.time.chrono.GJChronology$CutoverField,367,29,0.07901907356948229
CE,time,8,org.joda.time.chrono.GJChronology,org.joda.time.chrono.JulianChronology,157,8,0.050955414012738856
CE,time,8,org.joda.time.chrono.ISOChronology,org.joda.time.chrono.AssembledChronology,359,82,0.22841225626740946
CE,time,8,org.joda.time.chrono.ISOChronology,org.joda.time.DateTimeZone,734,23,0.031335149863760216
CE,time,8,org.joda.time.chrono.ZonedChronology,org.joda.time.chrono.AssembledChronology,359,6,0.016713091922005572
CE,time,8,org.joda.time.chrono.ZonedChronology,org.joda.time.DateTimeZone,734,170,0.23160762942779292
CE,time,8,org.joda.time.chrono.ZonedChronology$ZonedDateTimeField,org.joda.time.DateTimeZone,734,16,0.021798365122615803
CE,time,8,org.joda.time.DateTimeUtils,org.joda.time.DateTimeZone,734,58,0.07901907356948229
CE,time,8,org.joda.time.DateTimeZone,org.joda.time.format.FormatUtils,542,5,0.00922509225092251
CE,time,8,org.joda.time.DateTimeZone,org.joda.time.tz.FixedDateTimeZone,83,3,0.03614457831325301
CE,time,8,org.joda.time.Days,org.joda.time.base.BaseSingleFieldPeriod,228,12,0.05263157894736842
CE,time,8,org.joda.time.format.DateTimeFormat,org.joda.time.format.DateTimeFormat$StyleFormatter,77,3,0.03896103896103896
CE,time,8,org.joda.time.format.DateTimeFormat,org.joda.time.format.DateTimeFormatterBuilder,642,79,0.12305295950155763
CE,time,8,org.joda.time.format.DateTimeFormatter,org.joda.time.DateTimeZone,734,4,0.005449591280653951
CE,time,8,org.joda.time.format.DateTimeFormatter,org.joda.time.format.DateTimeParserBucket,274,5,0.01824817518248175
CE,time,8,org.joda.time.format.DateTimeFormatterBuilder$PaddedNumber,org.joda.time.format.DateTimeFormatterBuilder,642,29,0.045171339563862926
CE,time,8,org.joda.time.format.DateTimeFormatterBuilder$TextField,org.joda.time.format.DateTimeParserBucket,274,8,0.029197080291970802
CE,time,8,org.joda.time.format.ISODateTimeFormat,org.joda.time.format.DateTimeFormatterBuilder,642,225,0.35046728971962615
CE,time,8,org.joda.time.Hours,org.joda.time.base.BaseSingleFieldPeriod,228,13,0.05701754385964912
CE,time,8,org.joda.time.LocalDate,org.joda.time.format.ISODateTimeFormat,1510,1,0.0006622516556291391
CE,time,8,org.joda.time.LocalDateTime,org.joda.time.DateTimeZone,734,9,0.01226158038147139
CE,time,8,org.joda.time.LocalDateTime,org.joda.time.format.DateTimeFormatter,466,8,0.017167381974248927
CE,time,8,org.joda.time.Minutes,org.joda.time.base.BaseSingleFieldPeriod,228,12,0.05263157894736842
CE,time,8,org.joda.time.MutableInterval,org.joda.time.base.BaseInterval,109,4,0.03669724770642202
CE,time,8,org.joda.time.MutablePeriod,org.joda.time.base.BasePeriod,350,3,0.008571428571428572
CE,time,8,org.joda.time.Period,org.joda.time.base.AbstractPeriod,132,9,0.06818181818181818
CE,time,8,org.joda.time.Period,org.joda.time.base.BasePeriod,350,7,0.02
CE,time,8,org.joda.time.Period,org.joda.time.PeriodType,907,829,0.9140022050716649
CE,time,8,org.joda.time.Seconds,org.joda.time.base.BaseSingleFieldPeriod,228,15,0.06578947368421052
CE,time,8,org.joda.time.tz.ZoneInfoCompiler,org.joda.time.DateTimeZone,734,20,0.027247956403269755
CE,time,8,org.joda.time.Weeks,org.joda.time.base.BaseSingleFieldPeriod,228,17,0.07456140350877193
CE,time,8,org.joda.time.YearMonthDay,org.joda.time.base.BasePartial,84,15,0.17857142857142858
CE,closure,9,com.google.javascript.rhino.head.IRFactory,com.google.javascript.rhino.head.Node,670,3,0.004477611940298508
CE,closure,9,com.google.javascript.rhino.head.IRFactory,com.google.javascript.rhino.head.Parser,4058,15,0.003696402168555939
CE,closure,9,com.google.javascript.rhino.head.NativeArray,com.google.javascript.rhino.head.IdScriptableObject,491,17,0.034623217922606926
CE,closure,9,com.google.javascript.rhino.head.NativeObject,com.google.javascript.rhino.head.ScriptableObject,2403,103,0.042863087806908035
CE,closure,9,com.google.javascript.rhino.head.ScriptableObject,com.google.javascript.rhino.head.FunctionObject,509,3,0.005893909626719057
CE,closure,9,com.google.javascript.rhino.head.tools.shell.Global,com.google.javascript.rhino.head.ScriptRuntime,4533,12,0.0026472534745201853
CE,closure,9,com.google.javascript.rhino.jstype.JSType,com.google.javascript.rhino.jstype.FunctionType,1240,143,0.1153225806451613
CE,lang,9,org.apache.commons.lang3.builder.ReflectionToStringBuilder,org.apache.commons.lang3.builder.ToStringBuilder,222,4,0.018018018018018018
CE,lang,9,org.apache.commons.lang3.builder.ToStringBuilder,org.apache.commons.lang3.builder.ToStringStyle,793,9,0.011349306431273645
CE,lang,9,org.apache.commons.lang3.concurrent.MultiBackgroundInitializer,org.apache.commons.lang3.concurrent.BackgroundInitializer,63,6,0.09523809523809523
CE,lang,9,org.apache.commons.lang3.text.StrBuilder$StrBuilderReader,org.apache.commons.lang3.text.StrBuilder,2106,3,0.0014245014245014246
CE,lang,9,org.apache.commons.lang3.text.StrSubstitutor,org.apache.commons.lang3.text.StrBuilder,2106,30,0.014245014245014245
CE,lang,9,org.apache.commons.lang3.text.translate.UnicodeEscaper,org.apache.commons.lang3.text.translate.CharSequenceTranslator,76,1,0.013157894736842105
CE,lang,9,org.apache.commons.lang3.time.DurationFormatUtils,org.apache.commons.lang3.time.DurationFormatUtils$Token,79,20,0.25316455696202533
CE,lang,9,org.apache.commons.lang3.time.FastDateFormat,org.apache.commons.lang3.time.FastDateFormat$TextField,20,4,0.2
CE,math,9,org.apache.commons.math.analysis.LaguerreSolver,org.apache.commons.math.complex.Complex,635,31,0.048818897637795275
CE,math,9,org.apache.commons.math.analysis.MullerSolver,org.apache.commons.math.analysis.UnivariateRealSolverImpl,159,102,0.6415094339622641
CE,math,9,org.apache.commons.math.distribution.AbstractIntegerDistribution,org.apache.commons.math.distribution.HypergeometricDistributionImpl,150,13,0.08666666666666667
CE,math,9,org.apache.commons.math.fraction.ProperFractionFormat,org.apache.commons.math.fraction.FractionFormat,171,4,0.023391812865497075
CE,math,9,org.apache.commons.math.geometry.Rotation,org.apache.commons.math.geometry.Vector3D,294,5,0.017006802721088437
CE,math,9,org.apache.commons.math.linear.MatrixUtils,org.apache.commons.math.linear.BigMatrixImpl,1175,3,0.002553191489361702
CE,math,9,org.apache.commons.math.ode.AbstractStepInterpolator,org.apache.commons.math.ode.DormandPrince853StepInterpolator,398,32,0.08040201005025126
CE,math,9,org.apache.commons.math.ode.ContinuousOutputModel,org.apache.commons.math.ode.AbstractStepInterpolator,131,8,0.061068702290076333
CE,math,9,org.apache.commons.math.ode.EmbeddedRungeKuttaIntegrator,org.apache.commons.math.ode.DormandPrince853Integrator,115,7,0.06086956521739131
CE,math,9,org.apache.commons.math.ode.EmbeddedRungeKuttaIntegrator,org.apache.commons.math.ode.HighamHall54Integrator,50,8,0.16
CE,math,9,org.apache.commons.math.ode.GraggBulirschStoerIntegrator,org.apache.commons.math.ode.AdaptiveStepsizeIntegrator,278,25,0.08992805755395683
CE,math,9,org.apache.commons.math.ode.GraggBulirschStoerIntegrator,org.apache.commons.math.ode.SwitchingFunctionsHandler,117,24,0.20512820512820512
CE,math,9,org.apache.commons.math.ode.GraggBulirschStoerStepInterpolator,org.apache.commons.math.ode.AbstractStepInterpolator,131,13,0.09923664122137404
CE,math,9,org.apache.commons.math.ode.SwitchingFunctionsHandler,org.apache.commons.math.ode.SwitchState,188,29,0.15425531914893617
CE,math,9,org.apache.commons.math.ode.SwitchState,org.apache.commons.math.analysis.BrentSolver,283,28,0.0989399293286219
CE,math,9,org.apache.commons.math.optimization.NelderMead,org.apache.commons.math.optimization.DirectSearchOptimizer,223,38,0.17040358744394618
CE,math,9,org.apache.commons.math.random.EmpiricalDistributionImpl,org.apache.commons.math.stat.descriptive.SummaryStatistics,363,2,0.005509641873278237
CE,math,9,org.apache.commons.math.stat.descriptive.AbstractStorelessUnivariateStatistic,org.apache.commons.math.stat.descriptive.moment.Variance,150,6,0.04
CE,math,9,org.apache.commons.math.stat.descriptive.DescriptiveStatistics,org.apache.commons.math.util.ResizableDoubleArray,305,11,0.036065573770491806
CE,math,9,org.apache.commons.math.transform.FastFourierTransformer,org.apache.commons.math.complex.Complex,635,16,0.025196850393700787
CE,mockito,9,org.mockito.asm.AnnotationWriter,org.mockito.asm.ClassWriter,883,35,0.039637599093997736
CE,mockito,9,org.mockito.asm.MethodWriter,org.mockito.asm.ByteVector,300,53,0.17666666666666667
CE,mockito,9,org.mockito.cglib.core.CodeEmitter,org.mockito.cglib.core.TypeUtils,725,22,0.030344827586206897
CE,mockito,9,org.mockito.cglib.core.EmitUtils,org.mockito.cglib.core.CodeEmitter,745,23,0.03087248322147651
CE,mockito,9,org.mockito.cglib.proxy.Enhancer,org.mockito.cglib.core.CodeEmitter,745,171,0.2295302013422819
CE,mockito,9,org.mockito.cglib.proxy.Enhancer,org.mockito.cglib.core.ReflectUtils,519,50,0.09633911368015415
CE,mockito,9,org.mockito.cglib.proxy.Mixin$Generator,org.mockito.cglib.core.AbstractClassGenerator,126,2,0.015873015873015872
CE,mockito,9,org.mockito.cglib.proxy.Mixin$Generator,org.mockito.cglib.core.ReflectUtils,519,69,0.1329479768786127
CE,time,9,org.joda.time.base.AbstractPartial,org.joda.time.TimeOfDay,327,2,0.0061162079510703364
CE,time,9,org.joda.time.base.AbstractPartial,org.joda.time.YearMonth,299,2,0.006688963210702341
CE,time,9,org.joda.time.chrono.BasicChronology,org.joda.time.chrono.CopticChronology,136,14,0.10294117647058823
CE,time,9,org.joda.time.chrono.BasicChronology,org.joda.time.chrono.EthiopicChronology,133,10,0.07518796992481203
CE,time,9,org.joda.time.chrono.BasicChronology,org.joda.time.chrono.IslamicChronology,352,185,0.5255681818181818
CE,time,9,org.joda.time.chrono.BasicWeekyearDateTimeField,org.joda.time.chrono.BasicChronology,503,62,0.12326043737574553
CE,time,9,org.joda.time.chrono.CopticChronology,org.joda.time.DateTimeZone,734,21,0.02861035422343324
CE,time,9,org.joda.time.chrono.GJChronology,org.joda.time.chrono.GJChronology$CutoverField,367,53,0.1444141689373297
CE,time,9,org.joda.time.chrono.GJChronology,org.joda.time.chrono.JulianChronology,157,5,0.03184713375796178
CE,time,9,org.joda.time.chrono.ISOChronology,org.joda.time.chrono.AssembledChronology,359,8,0.022284122562674095
CE,time,9,org.joda.time.chrono.ISOChronology,org.joda.time.DateTimeZone,734,29,0.039509536784741145
CE,time,9,org.joda.time.chrono.ZonedChronology,org.joda.time.chrono.AssembledChronology,359,76,0.2116991643454039
CE,time,9,org.joda.time.chrono.ZonedChronology,org.joda.time.DateTimeZone,734,169,0.23024523160762944
CE,time,9,org.joda.time.chrono.ZonedChronology$ZonedDateTimeField,org.joda.time.DateTimeZone,734,21,0.02861035422343324
CE,time,9,org.joda.time.DateTimeZone,org.joda.time.field.FieldUtils,323,1,0.0030959752321981426
CE,time,9,org.joda.time.DateTimeZone,org.joda.time.format.FormatUtils,542,12,0.02214022140221402
CE,time,9,org.joda.time.DateTimeZone,org.joda.time.tz.FixedDateTimeZone,83,3,0.03614457831325301
CE,time,9,org.joda.time.Days,org.joda.time.base.BaseSingleFieldPeriod,228,3,0.013157894736842105
CE,time,9,org.joda.time.format.DateTimeFormat,org.joda.time.format.DateTimeFormat$StyleFormatter,77,3,0.03896103896103896
CE,time,9,org.joda.time.format.DateTimeFormat,org.joda.time.format.DateTimeFormatterBuilder,643,1,0.0015552099533437014
CE,time,9,org.joda.time.format.DateTimeFormatter,org.joda.time.DateTimeZone,734,2,0.0027247956403269754
CE,time,9,org.joda.time.format.DateTimeFormatter,org.joda.time.format.DateTimeParserBucket,274,2,0.0072992700729927005
CE,time,9,org.joda.time.format.DateTimeFormatterBuilder$PaddedNumber,org.joda.time.format.DateTimeFormatterBuilder,643,55,0.08553654743390357
CE,time,9,org.joda.time.format.DateTimeFormatterBuilder$TextField,org.joda.time.format.DateTimeParserBucket,274,8,0.029197080291970802
CE,time,9,org.joda.time.format.ISODateTimeFormat,org.joda.time.format.DateTimeFormatterBuilder,643,1,0.0015552099533437014
CE,time,9,org.joda.time.Hours,org.joda.time.base.BaseSingleFieldPeriod,228,9,0.039473684210526314
CE,time,9,org.joda.time.LocalDate,org.joda.time.DateTime,801,5,0.006242197253433208
CE,time,9,org.joda.time.LocalDate,org.joda.time.format.ISODateTimeFormat,1510,5,0.0033112582781456954
CE,time,9,org.joda.time.LocalDateTime,org.joda.time.DateTimeZone,734,23,0.031335149863760216
CE,time,9,org.joda.time.LocalDateTime,org.joda.time.format.DateTimeFormatter,466,11,0.023605150214592276
CE,time,9,org.joda.time.LocalTime$Property,org.joda.time.LocalTime,729,5,0.006858710562414266
CE,time,9,org.joda.time.Minutes,org.joda.time.base.BaseSingleFieldPeriod,228,2,0.008771929824561403
CE,time,9,org.joda.time.MutableInterval,org.joda.time.base.BaseInterval,109,4,0.03669724770642202
CE,time,9,org.joda.time.MutablePeriod,org.joda.time.base.BasePeriod,350,8,0.022857142857142857
CE,time,9,org.joda.time.Period,org.joda.time.base.AbstractPeriod,132,3,0.022727272727272728
CE,time,9,org.joda.time.Period,org.joda.time.base.BasePeriod,350,7,0.02
CE,time,9,org.joda.time.Period,org.joda.time.PeriodType,907,832,0.9173098125689085
CE,time,9,org.joda.time.Seconds,org.joda.time.base.BaseSingleFieldPeriod,228,4,0.017543859649122806
CE,time,9,org.joda.time.tz.ZoneInfoCompiler,org.joda.time.DateTimeZone,734,65,0.0885558583106267
CE,time,9,org.joda.time.Weeks,org.joda.time.base.BaseSingleFieldPeriod,228,9,0.039473684210526314
CE,time,9,org.joda.time.YearMonthDay,org.joda.time.base.BasePartial,84,6,0.07142857142857142
CE,closure,10,com.google.javascript.jscomp.NodeUtil,com.google.javascript.rhino.Node,2336,16,0.00684931506849315
CE,closure,10,com.google.javascript.rhino.head.IdScriptableObject,com.google.javascript.rhino.head.ScriptableObject,2405,34,0.014137214137214138
CE,closure,10,com.google.javascript.rhino.head.IRFactory,com.google.javascript.rhino.head.Parser,4058,4,0.0009857072449482504
CE,closure,10,com.google.javascript.rhino.head.NativeArray,com.google.javascript.rhino.head.IdScriptableObject,491,36,0.07331975560081466
CE,closure,10,com.google.javascript.rhino.head.ScriptableObject,com.google.javascript.rhino.head.FunctionObject,509,1,0.0019646365422396855
CE,closure,10,com.google.javascript.rhino.head.tools.debugger.Dim,com.google.javascript.rhino.head.ScriptRuntime,4538,2,0.00044072278536800354
CE,closure,10,com.google.javascript.rhino.head.tools.shell.Global,com.google.javascript.rhino.head.ScriptRuntime,4538,2,0.00044072278536800354
CE,closure,10,com.google.javascript.rhino.jstype.JSType,com.google.javascript.rhino.jstype.FunctionType,1240,18,0.014516129032258065
CE,closure,10,com.google.javascript.rhino.jstype.JSType,com.google.javascript.rhino.jstype.UnionType,483,2,0.004140786749482402
CE,lang,10,org.apache.commons.lang3.builder.ReflectionToStringBuilder,org.apache.commons.lang3.builder.ToStringBuilder,222,3,0.013513513513513514
CE,lang,10,org.apache.commons.lang3.builder.ToStringBuilder,org.apache.commons.lang3.builder.ToStringStyle,793,16,0.0201765447667087
CE,lang,10,org.apache.commons.lang3.concurrent.MultiBackgroundInitializer,org.apache.commons.lang3.concurrent.BackgroundInitializer,63,40,0.6349206349206349
CE,lang,10,org.apache.commons.lang3.text.StrBuilder$StrBuilderReader,org.apache.commons.lang3.text.StrBuilder,2105,2,0.0009501187648456057
CE,lang,10,org.apache.commons.lang3.text.StrSubstitutor,org.apache.commons.lang3.text.StrBuilder,2105,7,0.00332541567695962
CE,lang,10,org.apache.commons.lang3.text.StrTokenizer,org.apache.commons.lang3.text.StrMatcher,80,2,0.025
CE,lang,10,org.apache.commons.lang3.text.translate.UnicodeEscaper,org.apache.commons.lang3.text.translate.CharSequenceTranslator,76,1,0.013157894736842105
CE,lang,10,org.apache.commons.lang3.time.FastDateFormat,org.apache.commons.lang3.time.FastDateFormat$TextField,20,11,0.55
CE,math,10,org.apache.commons.math.analysis.LaguerreSolver,org.apache.commons.math.complex.Complex,635,7,0.011023622047244094
CE,math,10,org.apache.commons.math.analysis.MullerSolver,org.apache.commons.math.analysis.UnivariateRealSolverImpl,159,104,0.6540880503144654
CE,math,10,org.apache.commons.math.distribution.AbstractIntegerDistribution,org.apache.commons.math.distribution.HypergeometricDistributionImpl,150,3,0.02
CE,math,10,org.apache.commons.math.geometry.Rotation,org.apache.commons.math.geometry.Vector3D,294,1,0.003401360544217687
CE,math,10,org.apache.commons.math.linear.MatrixUtils,org.apache.commons.math.linear.BigMatrixImpl,1175,2,0.001702127659574468
CE,math,10,org.apache.commons.math.ode.AbstractStepInterpolator,org.apache.commons.math.ode.DormandPrince853StepInterpolator,398,26,0.06532663316582915
CE,math,10,org.apache.commons.math.ode.ContinuousOutputModel,org.apache.commons.math.ode.AbstractStepInterpolator,131,12,0.0916030534351145
CE,math,10,org.apache.commons.math.ode.EmbeddedRungeKuttaIntegrator,org.apache.commons.math.ode.DormandPrince853Integrator,115,4,0.034782608695652174
CE,math,10,org.apache.commons.math.ode.EmbeddedRungeKuttaIntegrator,org.apache.commons.math.ode.HighamHall54Integrator,50,4,0.08
CE,math,10,org.apache.commons.math.ode.GraggBulirschStoerIntegrator,org.apache.commons.math.ode.AdaptiveStepsizeIntegrator,278,22,0.07913669064748201
CE,math,10,org.apache.commons.math.ode.GraggBulirschStoerIntegrator,org.apache.commons.math.ode.SwitchingFunctionsHandler,117,2,0.017094017094017096
CE,math,10,org.apache.commons.math.ode.GraggBulirschStoerStepInterpolator,org.apache.commons.math.ode.AbstractStepInterpolator,131,11,0.08396946564885496
CE,math,10,org.apache.commons.math.ode.SwitchingFunctionsHandler,org.apache.commons.math.ode.SwitchState,188,19,0.10106382978723404
CE,math,10,org.apache.commons.math.ode.SwitchState,org.apache.commons.math.analysis.BrentSolver,283,3,0.01060070671378092
CE,math,10,org.apache.commons.math.optimization.NelderMead,org.apache.commons.math.optimization.DirectSearchOptimizer,223,23,0.1031390134529148
CE,math,10,org.apache.commons.math.random.EmpiricalDistributionImpl,org.apache.commons.math.stat.descriptive.SummaryStatistics,363,1,0.0027548209366391185
CE,math,10,org.apache.commons.math.stat.descriptive.AbstractStorelessUnivariateStatistic,org.apache.commons.math.stat.descriptive.moment.Variance,150,4,0.02666666666666667
CE,math,10,org.apache.commons.math.stat.descriptive.DescriptiveStatistics,org.apache.commons.math.util.ResizableDoubleArray,305,16,0.05245901639344262
CE,math,10,org.apache.commons.math.transform.FastFourierTransformer,org.apache.commons.math.complex.Complex,635,12,0.01889763779527559
CE,mockito,10,org.mockito.asm.AnnotationWriter,org.mockito.asm.ClassWriter,883,44,0.04983012457531144
CE,mockito,10,org.mockito.asm.MethodWriter,org.mockito.asm.ByteVector,300,64,0.21333333333333335
CE,mockito,10,org.mockito.cglib.core.CodeEmitter,org.mockito.cglib.core.TypeUtils,725,25,0.034482758620689655
CE,mockito,10,org.mockito.cglib.core.EmitUtils,org.mockito.cglib.core.CodeEmitter,745,19,0.025503355704697986
CE,mockito,10,org.mockito.cglib.proxy.Enhancer,org.mockito.cglib.core.CodeEmitter,745,168,0.22550335570469798
CE,mockito,10,org.mockito.cglib.proxy.Enhancer,org.mockito.cglib.core.ReflectUtils,518,47,0.09073359073359073
CE,time,10,org.joda.time.base.AbstractPartial,org.joda.time.MonthDay,286,28,0.0979020979020979
CE,time,10,org.joda.time.base.AbstractPartial,org.joda.time.YearMonth,299,33,0.11036789297658862
CE,time,10,org.joda.time.base.BasePeriod,org.joda.time.base.AbstractPeriod,132,3,0.022727272727272728
CE,time,10,org.joda.time.chrono.BasicChronology,org.joda.time.chrono.CopticChronology,136,6,0.04411764705882353
CE,time,10,org.joda.time.chrono.BasicChronology,org.joda.time.chrono.EthiopicChronology,133,2,0.015037593984962405
CE,time,10,org.joda.time.chrono.BasicChronology,org.joda.time.chrono.IslamicChronology,352,18,0.05113636363636364
CE,time,10,org.joda.time.chrono.BasicWeekyearDateTimeField,org.joda.time.chrono.BasicChronology,503,30,0.05964214711729622
CE,time,10,org.joda.time.chrono.CopticChronology,org.joda.time.DateTimeZone,734,54,0.07356948228882834
CE,time,10,org.joda.time.chrono.GJChronology,org.joda.time.chrono.JulianChronology,157,14,0.08917197452229299
CE,time,10,org.joda.time.chrono.ISOChronology,org.joda.time.chrono.AssembledChronology,359,9,0.025069637883008356
CE,time,10,org.joda.time.chrono.ISOChronology,org.joda.time.DateTimeZone,734,32,0.043596730245231606
CE,time,10,org.joda.time.chrono.ZonedChronology,org.joda.time.chrono.AssembledChronology,359,8,0.022284122562674095
CE,time,10,org.joda.time.chrono.ZonedChronology,org.joda.time.DateTimeZone,734,36,0.04904632152588556
CE,time,10,org.joda.time.chrono.ZonedChronology$ZonedDateTimeField,org.joda.time.DateTimeZone,734,61,0.08310626702997276
CE,time,10,org.joda.time.DateTimeUtils,org.joda.time.DateTimeZone,734,11,0.014986376021798364
CE,time,10,org.joda.time.DateTimeZone,org.joda.time.tz.FixedDateTimeZone,83,21,0.25301204819277107
CE,time,10,org.joda.time.Days,org.joda.time.base.BaseSingleFieldPeriod,228,7,0.03070175438596491
CE,time,10,org.joda.time.format.DateTimeFormat,org.joda.time.format.DateTimeFormat$StyleFormatter,77,1,0.012987012987012988
CE,time,10,org.joda.time.format.DateTimeFormatter,org.joda.time.DateTimeZone,734,22,0.02997275204359673
CE,time,10,org.joda.time.format.DateTimeFormatter,org.joda.time.format.DateTimeParserBucket,274,15,0.05474452554744526
CE,time,10,org.joda.time.format.DateTimeFormatterBuilder$PaddedNumber,org.joda.time.format.DateTimeFormatterBuilder,642,7,0.010903426791277258
CE,time,10,org.joda.time.format.DateTimeFormatterBuilder$TextField,org.joda.time.format.DateTimeParserBucket,274,6,0.021897810218978103
CE,time,10,org.joda.time.format.ISODateTimeFormat,org.joda.time.format.DateTimeFormatterBuilder,642,1,0.001557632398753894
CE,time,10,org.joda.time.Hours,org.joda.time.base.BaseSingleFieldPeriod,228,4,0.017543859649122806
CE,time,10,org.joda.time.LocalDate,org.joda.time.format.ISODateTimeFormat,1510,3,0.001986754966887417
CE,time,10,org.joda.time.LocalDateTime,org.joda.time.DateTimeZone,734,109,0.14850136239782016
CE,time,10,org.joda.time.LocalDateTime,org.joda.time.format.DateTimeFormatter,466,1,0.002145922746781116
CE,time,10,org.joda.time.LocalTime$Property,org.joda.time.LocalTime,729,3,0.00411522633744856
CE,time,10,org.joda.time.Minutes,org.joda.time.base.BaseSingleFieldPeriod,228,7,0.03070175438596491
CE,time,10,org.joda.time.MutableInterval,org.joda.time.base.BaseInterval,109,3,0.027522935779816515
CE,time,10,org.joda.time.MutablePeriod,org.joda.time.base.BasePeriod,350,3,0.008571428571428572
CE,time,10,org.joda.time.Period,org.joda.time.base.AbstractPeriod,132,6,0.045454545454545456
CE,time,10,org.joda.time.Period,org.joda.time.base.BasePeriod,350,8,0.022857142857142857
CE,time,10,org.joda.time.Period,org.joda.time.PeriodType,907,820,0.9040793825799338
CE,time,10,org.joda.time.Seconds,org.joda.time.base.BaseSingleFieldPeriod,228,2,0.008771929824561403
CE,time,10,org.joda.time.tz.ZoneInfoCompiler,org.joda.time.DateTimeZone,734,76,0.10354223433242507
CE,time,10,org.joda.time.Weeks,org.joda.time.base.BaseSingleFieldPeriod,228,9,0.039473684210526314
CE,time,10,org.joda.time.YearMonthDay,org.joda.time.base.BasePartial,84,6,0.07142857142857142
CE,closure,11,com.google.javascript.rhino.head.IdScriptableObject,com.google.javascript.rhino.head.ScriptableObject,2507,29,0.011567610690067811
CE,closure,11,com.google.javascript.rhino.head.Interpreter,com.google.javascript.rhino.head.ScriptableObject,2507,52,0.020741922616673316
CE,closure,11,com.google.javascript.rhino.head.IRFactory,com.google.javascript.rhino.head.Parser,4058,4,0.0009857072449482504
CE,closure,11,com.google.javascript.rhino.head.NativeArray,com.google.javascript.rhino.head.IdScriptableObject,491,15,0.03054989816700611
CE,closure,11,com.google.javascript.rhino.head.NativeArray,com.google.javascript.rhino.head.ScriptableObject,2507,106,0.04228161148783406
CE,closure,11,com.google.javascript.rhino.head.NativeArray,com.google.javascript.rhino.head.ScriptRuntime,4570,35,0.007658643326039387
CE,closure,11,com.google.javascript.rhino.head.NativeObject,com.google.javascript.rhino.head.ScriptableObject,2507,210,0.0837654567211807
CE,closure,11,com.google.javascript.rhino.head.regexp.NativeRegExp,com.google.javascript.rhino.head.ScriptRuntime,4570,9,0.0019693654266958426
CE,closure,11,com.google.javascript.rhino.head.ScriptRuntime,com.google.javascript.rhino.head.ScriptableObject,2507,56,0.022337455125648185
CE,closure,11,com.google.javascript.rhino.head.tools.debugger.Dim,com.google.javascript.rhino.head.ScriptRuntime,4570,14,0.003063457330415755
CE,lang,11,org.apache.commons.lang3.builder.ReflectionToStringBuilder,org.apache.commons.lang3.builder.ToStringBuilder,222,2,0.009009009009009009
CE,lang,11,org.apache.commons.lang3.builder.ToStringBuilder,org.apache.commons.lang3.builder.ToStringStyle,793,18,0.02269861286254729
CE,lang,11,org.apache.commons.lang3.CharUtils,org.apache.commons.lang3.StringUtils,4174,3,0.0007187350263536176
CE,lang,11,org.apache.commons.lang3.concurrent.MultiBackgroundInitializer,org.apache.commons.lang3.concurrent.BackgroundInitializer,63,8,0.12698412698412698
CE,lang,11,org.apache.commons.lang3.text.StrBuilder$StrBuilderReader,org.apache.commons.lang3.text.StrBuilder,2104,99,0.0470532319391635
CE,lang,11,org.apache.commons.lang3.text.StrSubstitutor,org.apache.commons.lang3.text.StrBuilder,2104,325,0.15446768060836502
CE,lang,11,org.apache.commons.lang3.text.StrTokenizer,org.apache.commons.lang3.text.StrMatcher,80,2,0.025
CE,lang,11,org.apache.commons.lang3.text.translate.UnicodeEscaper,org.apache.commons.lang3.text.translate.CharSequenceTranslator,76,16,0.21052631578947367
CE,lang,11,org.apache.commons.lang3.time.DurationFormatUtils,org.apache.commons.lang3.time.DurationFormatUtils$Token,79,8,0.10126582278481013
CE,lang,11,org.apache.commons.lang3.time.FastDateFormat,org.apache.commons.lang3.time.FastDateFormat$TextField,20,4,0.2
CE,math,11,org.apache.commons.math.analysis.LaguerreSolver,org.apache.commons.math.complex.Complex,635,25,0.03937007874015748
CE,math,11,org.apache.commons.math.analysis.MullerSolver,org.apache.commons.math.analysis.UnivariateRealSolverImpl,159,106,0.6666666666666666
CE,math,11,org.apache.commons.math.distribution.AbstractIntegerDistribution,org.apache.commons.math.distribution.HypergeometricDistributionImpl,150,45,0.3
CE,math,11,org.apache.commons.math.fraction.ProperFractionFormat,org.apache.commons.math.fraction.FractionFormat,171,96,0.5614035087719298
CE,math,11,org.apache.commons.math.geometry.Rotation,org.apache.commons.math.geometry.Vector3D,294,124,0.4217687074829932
CE,math,11,org.apache.commons.math.linear.MatrixUtils,org.apache.commons.math.linear.BigMatrixImpl,1175,106,0.0902127659574468
CE,math,11,org.apache.commons.math.ode.AbstractStepInterpolator,org.apache.commons.math.ode.DormandPrince853StepInterpolator,398,66,0.1658291457286432
CE,math,11,org.apache.commons.math.ode.ContinuousOutputModel,org.apache.commons.math.ode.AbstractStepInterpolator,131,10,0.07633587786259542
CE,math,11,org.apache.commons.math.ode.EmbeddedRungeKuttaIntegrator,org.apache.commons.math.ode.DormandPrince853Integrator,115,5,0.043478260869565216
CE,math,11,org.apache.commons.math.ode.GraggBulirschStoerIntegrator,org.apache.commons.math.ode.AdaptiveStepsizeIntegrator,278,80,0.28776978417266186
CE,math,11,org.apache.commons.math.ode.GraggBulirschStoerIntegrator,org.apache.commons.math.ode.SwitchingFunctionsHandler,117,3,0.02564102564102564
CE,math,11,org.apache.commons.math.ode.GraggBulirschStoerStepInterpolator,org.apache.commons.math.ode.AbstractStepInterpolator,131,16,0.12213740458015267
CE,math,11,org.apache.commons.math.ode.SwitchingFunctionsHandler,org.apache.commons.math.ode.SwitchState,188,14,0.07446808510638298
CE,math,11,org.apache.commons.math.ode.SwitchState,org.apache.commons.math.analysis.BrentSolver,283,5,0.0176678445229682
CE,math,11,org.apache.commons.math.optimization.NelderMead,org.apache.commons.math.optimization.DirectSearchOptimizer,223,104,0.4663677130044843
CE,math,11,org.apache.commons.math.random.EmpiricalDistributionImpl,org.apache.commons.math.stat.descriptive.SummaryStatistics,363,1,0.0027548209366391185
CE,math,11,org.apache.commons.math.stat.descriptive.AbstractStorelessUnivariateStatistic,org.apache.commons.math.stat.descriptive.moment.Variance,150,26,0.17333333333333334
CE,math,11,org.apache.commons.math.stat.descriptive.DescriptiveStatistics,org.apache.commons.math.util.ResizableDoubleArray,305,108,0.3540983606557377
CE,math,11,org.apache.commons.math.stat.inference.TTestImpl,org.apache.commons.math.stat.StatUtils,127,20,0.15748031496062992
CE,math,11,org.apache.commons.math.transform.FastFourierTransformer,org.apache.commons.math.complex.Complex,635,37,0.05826771653543307
CE,mockito,11,org.mockito.asm.AnnotationWriter,org.mockito.asm.ClassWriter,883,470,0.5322763306908267
CE,mockito,11,org.mockito.asm.MethodWriter,org.mockito.asm.ByteVector,300,74,0.24666666666666667
CE,mockito,11,org.mockito.asm.MethodWriter,org.mockito.asm.ClassWriter,883,90,0.10192525481313704
CE,mockito,11,org.mockito.asm.tree.analysis.BasicVerifier,org.mockito.asm.tree.analysis.BasicInterpreter,413,33,0.07990314769975787
CE,mockito,11,org.mockito.asm.tree.analysis.BasicVerifier,org.mockito.asm.tree.analysis.SimpleVerifier,347,10,0.02881844380403458
CE,mockito,11,org.mockito.asm.util.ASMifierClassVisitor,org.mockito.asm.util.ASMifierAbstractVisitor,328,24,0.07317073170731707
CE,mockito,11,org.mockito.cglib.core.CodeEmitter,org.mockito.cglib.core.ClassEmitter,212,1,0.0047169811320754715
CE,mockito,11,org.mockito.cglib.core.CodeEmitter,org.mockito.cglib.core.TypeUtils,725,222,0.3062068965517241
CE,mockito,11,org.mockito.cglib.core.EmitUtils,org.mockito.cglib.core.CodeEmitter,745,7,0.009395973154362415
CE,mockito,11,org.mockito.cglib.proxy.Enhancer,org.mockito.cglib.core.CodeEmitter,745,187,0.25100671140939596
CE,mockito,11,org.mockito.cglib.proxy.Enhancer,org.mockito.cglib.core.ReflectUtils,519,41,0.0789980732177264
CE,mockito,11,org.mockito.cglib.proxy.Mixin$Generator,org.mockito.cglib.core.AbstractClassGenerator,127,2,0.015748031496062992
CE,mockito,11,org.mockito.cglib.proxy.Mixin$Generator,org.mockito.cglib.core.ReflectUtils,519,54,0.10404624277456648
CE,time,11,org.joda.time.base.AbstractPartial,org.joda.time.MonthDay,286,22,0.07692307692307693
CE,time,11,org.joda.time.base.AbstractPartial,org.joda.time.TimeOfDay,327,32,0.09785932721712538
CE,time,11,org.joda.time.base.AbstractPartial,org.joda.time.YearMonth,299,29,0.09698996655518395
CE,time,11,org.joda.time.base.BasePeriod,org.joda.time.base.AbstractPeriod,132,70,0.5303030303030303
CE,time,11,org.joda.time.chrono.BasicChronology,org.joda.time.chrono.CopticChronology,136,1,0.007352941176470588
CE,time,11,org.joda.time.chrono.BasicChronology,org.joda.time.chrono.EthiopicChronology,133,7,0.05263157894736842
CE,time,11,org.joda.time.chrono.BasicChronology,org.joda.time.chrono.IslamicChronology,352,158,0.44886363636363635
CE,time,11,org.joda.time.chrono.BasicWeekyearDateTimeField,org.joda.time.chrono.BasicChronology,503,63,0.12524850894632206
CE,time,11,org.joda.time.chrono.CopticChronology,org.joda.time.DateTimeZone,734,16,0.021798365122615803
CE,time,11,org.joda.time.chrono.GJChronology,org.joda.time.chrono.GJChronology$CutoverField,367,67,0.18256130790190736
CE,time,11,org.joda.time.chrono.GJChronology,org.joda.time.chrono.JulianChronology,157,65,0.4140127388535032
CE,time,11,org.joda.time.chrono.ISOChronology,org.joda.time.chrono.AssembledChronology,359,44,0.12256267409470752
CE,time,11,org.joda.time.chrono.ISOChronology,org.joda.time.DateTimeZone,734,26,0.035422343324250684
CE,time,11,org.joda.time.chrono.ZonedChronology,org.joda.time.chrono.AssembledChronology,359,62,0.17270194986072424
CE,time,11,org.joda.time.chrono.ZonedChronology,org.joda.time.DateTimeZone,734,36,0.04904632152588556
CE,time,11,org.joda.time.chrono.ZonedChronology$ZonedDateTimeField,org.joda.time.DateTimeZone,734,5,0.006811989100817439
CE,time,11,org.joda.time.DateTimeUtils,org.joda.time.DateTimeZone,734,10,0.013623978201634877
CE,time,11,org.joda.time.DateTimeZone,org.joda.time.field.FieldUtils,323,12,0.03715170278637771
CE,time,11,org.joda.time.DateTimeZone,org.joda.time.tz.FixedDateTimeZone,83,21,0.25301204819277107
CE,time,11,org.joda.time.Days,org.joda.time.base.BaseSingleFieldPeriod,228,112,0.49122807017543857
CE,time,11,org.joda.time.format.DateTimeFormat,org.joda.time.format.DateTimeFormat$StyleFormatter,77,9,0.11688311688311688
CE,time,11,org.joda.time.format.DateTimeFormat,org.joda.time.format.DateTimeFormatterBuilder,644,2,0.003105590062111801
CE,time,11,org.joda.time.format.DateTimeFormatter,org.joda.time.DateTimeZone,734,5,0.006811989100817439
CE,time,11,org.joda.time.format.DateTimeFormatter,org.joda.time.format.DateTimeParserBucket,274,69,0.2518248175182482
CE,time,11,org.joda.time.format.DateTimeFormatterBuilder$PaddedNumber,org.joda.time.format.DateTimeFormatterBuilder,644,23,0.03571428571428571
CE,time,11,org.joda.time.format.DateTimeFormatterBuilder$TextField,org.joda.time.format.DateTimeParserBucket,274,50,0.18248175182481752
CE,time,11,org.joda.time.format.DateTimeFormatterBuilder$TextField,org.joda.time.MutableDateTime,462,2,0.004329004329004329
CE,time,11,org.joda.time.format.DateTimeParserBucket$SavedState,org.joda.time.format.DateTimeParserBucket,274,15,0.05474452554744526
CE,time,11,org.joda.time.format.ISODateTimeFormat,org.joda.time.format.DateTimeFormatterBuilder,644,16,0.024844720496894408
CE,time,11,org.joda.time.Hours,org.joda.time.base.BaseSingleFieldPeriod,228,90,0.39473684210526316
CE,time,11,org.joda.time.LocalDate,org.joda.time.format.ISODateTimeFormat,1510,1,0.0006622516556291391
CE,time,11,org.joda.time.LocalDateTime,org.joda.time.DateTimeZone,734,10,0.013623978201634877
CE,time,11,org.joda.time.LocalDateTime,org.joda.time.format.DateTimeFormatter,466,9,0.019313304721030045
CE,time,11,org.joda.time.LocalTime$Property,org.joda.time.LocalTime,729,27,0.037037037037037035
CE,time,11,org.joda.time.Minutes,org.joda.time.base.BaseSingleFieldPeriod,228,125,0.5482456140350878
CE,time,11,org.joda.time.MutableInterval,org.joda.time.base.BaseInterval,109,9,0.08256880733944955
CE,time,11,org.joda.time.MutablePeriod,org.joda.time.base.BasePeriod,350,23,0.06571428571428571
CE,time,11,org.joda.time.Period,org.joda.time.base.AbstractPeriod,132,75,0.5681818181818182
CE,time,11,org.joda.time.Period,org.joda.time.base.BasePeriod,350,21,0.06
CE,time,11,org.joda.time.Period,org.joda.time.PeriodType,907,817,0.9007717750826902
CE,time,11,org.joda.time.Seconds,org.joda.time.base.BaseSingleFieldPeriod,228,127,0.5570175438596491
CE,time,11,org.joda.time.tz.ZoneInfoCompiler,org.joda.time.DateTimeZone,734,7,0.009536784741144414
CE,time,11,org.joda.time.Weeks,org.joda.time.base.BaseSingleFieldPeriod,228,120,0.5263157894736842
CE,time,11,org.joda.time.YearMonthDay,org.joda.time.base.BasePartial,84,5,0.05952380952380952
CE,closure,12,com.google.javascript.rhino.head.IdScriptableObject,com.google.javascript.rhino.head.ScriptableObject,2446,141,0.057645134914145545
CE,closure,12,com.google.javascript.rhino.head.IRFactory,com.google.javascript.rhino.head.Node,670,67,0.1
CE,closure,12,com.google.javascript.rhino.head.IRFactory,com.google.javascript.rhino.head.Parser,4058,1,0.0002464268112370626
CE,closure,12,com.google.javascript.rhino.head.NativeArray,com.google.javascript.rhino.head.IdScriptableObject,491,4,0.008146639511201629
CE,closure,12,com.google.javascript.rhino.head.NativeArray,com.google.javascript.rhino.head.ScriptableObject,2446,40,0.016353229762878167
CE,closure,12,com.google.javascript.rhino.head.NativeObject,com.google.javascript.rhino.head.ScriptableObject,2446,208,0.08503679476696648
CE,closure,12,com.google.javascript.rhino.head.regexp.NativeRegExp,com.google.javascript.rhino.head.ScriptRuntime,4533,3,0.0006618133686300463
CE,closure,12,com.google.javascript.rhino.head.ScriptRuntime,com.google.javascript.rhino.head.ScriptableObject,2446,98,0.04006541291905151
CE,closure,12,com.google.javascript.rhino.head.tools.debugger.Dim,com.google.javascript.rhino.head.ScriptRuntime,4533,1,0.00022060445621001543
CE,closure,12,com.google.javascript.rhino.jstype.JSType,com.google.javascript.rhino.jstype.UnionType,483,73,0.15113871635610765
CE,lang,12,org.apache.commons.lang3.builder.ReflectionToStringBuilder,org.apache.commons.lang3.builder.ToStringBuilder,222,1,0.0045045045045045045
CE,lang,12,org.apache.commons.lang3.builder.ToStringBuilder,org.apache.commons.lang3.builder.ToStringStyle,793,12,0.015132408575031526
CE,lang,12,org.apache.commons.lang3.concurrent.MultiBackgroundInitializer,org.apache.commons.lang3.concurrent.BackgroundInitializer,63,6,0.09523809523809523
CE,lang,12,org.apache.commons.lang3.text.StrBuilder$StrBuilderReader,org.apache.commons.lang3.text.StrBuilder,2104,107,0.05085551330798479
CE,lang,12,org.apache.commons.lang3.text.StrSubstitutor,org.apache.commons.lang3.text.StrBuilder,2104,354,0.1682509505703422
CE,lang,12,org.apache.commons.lang3.text.translate.UnicodeEscaper,org.apache.commons.lang3.text.translate.CharSequenceTranslator,76,35,0.4605263157894737
CE,lang,12,org.apache.commons.lang3.time.DurationFormatUtils,org.apache.commons.lang3.time.DurationFormatUtils$Token,79,21,0.26582278481012656
CE,lang,12,org.apache.commons.lang3.time.FastDateFormat,org.apache.commons.lang3.time.FastDateFormat$TextField,20,4,0.2
CE,math,12,org.apache.commons.math.analysis.LaguerreSolver,org.apache.commons.math.complex.Complex,635,30,0.047244094488188976
CE,math,12,org.apache.commons.math.analysis.MullerSolver,org.apache.commons.math.analysis.UnivariateRealSolverImpl,159,99,0.6226415094339622
CE,math,12,org.apache.commons.math.distribution.AbstractIntegerDistribution,org.apache.commons.math.distribution.HypergeometricDistributionImpl,150,73,0.4866666666666667
CE,math,12,org.apache.commons.math.fraction.ProperFractionFormat,org.apache.commons.math.fraction.FractionFormat,171,79,0.4619883040935672
CE,math,12,org.apache.commons.math.geometry.Rotation,org.apache.commons.math.geometry.Vector3D,294,150,0.5102040816326531
CE,math,12,org.apache.commons.math.linear.MatrixUtils,org.apache.commons.math.linear.BigMatrixImpl,1175,108,0.09191489361702128
CE,math,12,org.apache.commons.math.ode.AbstractStepInterpolator,org.apache.commons.math.ode.DormandPrince853StepInterpolator,398,65,0.16331658291457288
CE,math,12,org.apache.commons.math.ode.ContinuousOutputModel,org.apache.commons.math.ode.AbstractStepInterpolator,131,16,0.12213740458015267
CE,math,12,org.apache.commons.math.ode.EmbeddedRungeKuttaIntegrator,org.apache.commons.math.ode.DormandPrince853Integrator,115,23,0.2
CE,math,12,org.apache.commons.math.ode.EmbeddedRungeKuttaIntegrator,org.apache.commons.math.ode.HighamHall54Integrator,50,2,0.04
CE,math,12,org.apache.commons.math.ode.GraggBulirschStoerIntegrator,org.apache.commons.math.ode.AdaptiveStepsizeIntegrator,278,93,0.3345323741007194
CE,math,12,org.apache.commons.math.ode.GraggBulirschStoerIntegrator,org.apache.commons.math.ode.SwitchingFunctionsHandler,117,13,0.1111111111111111
CE,math,12,org.apache.commons.math.ode.GraggBulirschStoerStepInterpolator,org.apache.commons.math.ode.AbstractStepInterpolator,131,7,0.05343511450381679
CE,math,12,org.apache.commons.math.ode.SwitchingFunctionsHandler,org.apache.commons.math.ode.SwitchState,188,9,0.047872340425531915
CE,math,12,org.apache.commons.math.ode.SwitchState,org.apache.commons.math.analysis.BrentSolver,283,11,0.038869257950530034
CE,math,12,org.apache.commons.math.optimization.NelderMead,org.apache.commons.math.optimization.DirectSearchOptimizer,223,122,0.547085201793722
CE,math,12,org.apache.commons.math.random.EmpiricalDistributionImpl,org.apache.commons.math.stat.descriptive.SummaryStatistics,363,4,0.011019283746556474
CE,math,12,org.apache.commons.math.stat.descriptive.AbstractStorelessUnivariateStatistic,org.apache.commons.math.stat.descriptive.moment.Variance,150,71,0.47333333333333333
CE,math,12,org.apache.commons.math.stat.descriptive.DescriptiveStatistics,org.apache.commons.math.util.ResizableDoubleArray,305,113,0.3704918032786885
CE,math,12,org.apache.commons.math.stat.inference.TTestImpl,org.apache.commons.math.stat.StatUtils,127,34,0.2677165354330709
CE,math,12,org.apache.commons.math.transform.FastFourierTransformer,org.apache.commons.math.complex.Complex,635,32,0.050393700787401574
CE,mockito,12,org.mockito.asm.AnnotationWriter,org.mockito.asm.ClassWriter,883,429,0.48584371460928655
CE,mockito,12,org.mockito.asm.MethodWriter,org.mockito.asm.ByteVector,300,80,0.26666666666666666
CE,mockito,12,org.mockito.asm.MethodWriter,org.mockito.asm.ClassWriter,883,102,0.11551528878822197
CE,mockito,12,org.mockito.asm.tree.analysis.BasicVerifier,org.mockito.asm.tree.analysis.BasicInterpreter,413,25,0.06053268765133172
CE,mockito,12,org.mockito.asm.tree.analysis.BasicVerifier,org.mockito.asm.tree.analysis.SimpleVerifier,347,8,0.023054755043227664
CE,mockito,12,org.mockito.asm.util.ASMifierClassVisitor,org.mockito.asm.util.ASMifierAbstractVisitor,328,24,0.07317073170731707
CE,mockito,12,org.mockito.cglib.core.CodeEmitter,org.mockito.cglib.core.ClassEmitter,212,1,0.0047169811320754715
CE,mockito,12,org.mockito.cglib.core.CodeEmitter,org.mockito.cglib.core.TypeUtils,725,221,0.30482758620689654
CE,mockito,12,org.mockito.cglib.core.EmitUtils,org.mockito.cglib.core.CodeEmitter,746,13,0.01742627345844504
CE,mockito,12,org.mockito.cglib.proxy.Enhancer,org.mockito.cglib.core.ReflectUtils,518,36,0.0694980694980695
CE,mockito,12,org.mockito.cglib.proxy.Mixin$Generator,org.mockito.cglib.core.AbstractClassGenerator,127,2,0.015748031496062992
CE,mockito,12,org.mockito.cglib.proxy.Mixin$Generator,org.mockito.cglib.core.ReflectUtils,518,65,0.12548262548262548
CE,time,12,org.joda.time.base.AbstractPartial,org.joda.time.MonthDay,286,49,0.17132867132867133
CE,time,12,org.joda.time.base.AbstractPartial,org.joda.time.TimeOfDay,327,1,0.0030581039755351682
CE,time,12,org.joda.time.base.AbstractPartial,org.joda.time.YearMonth,299,4,0.013377926421404682
CE,time,12,org.joda.time.base.BasePeriod,org.joda.time.base.AbstractPeriod,132,84,0.6363636363636364
CE,time,12,org.joda.time.chrono.BasicChronology,org.joda.time.chrono.EthiopicChronology,133,7,0.05263157894736842
CE,time,12,org.joda.time.chrono.BasicChronology,org.joda.time.chrono.IslamicChronology,352,35,0.09943181818181818
CE,time,12,org.joda.time.chrono.BasicWeekyearDateTimeField,org.joda.time.chrono.BasicChronology,503,150,0.2982107355864811
CE,time,12,org.joda.time.chrono.CopticChronology,org.joda.time.DateTimeZone,737,57,0.0773405698778833
CE,time,12,org.joda.time.chrono.GJChronology,org.joda.time.chrono.GJChronology$CutoverField,367,14,0.03814713896457766
CE,time,12,org.joda.time.chrono.GJChronology,org.joda.time.chrono.JulianChronology,157,48,0.3057324840764331
CE,time,12,org.joda.time.chrono.ISOChronology,org.joda.time.chrono.AssembledChronology,359,64,0.17827298050139276
CE,time,12,org.joda.time.chrono.ZonedChronology,org.joda.time.chrono.AssembledChronology,359,102,0.2841225626740947
CE,time,12,org.joda.time.chrono.ZonedChronology,org.joda.time.DateTimeZone,737,46,0.06241519674355495
CE,time,12,org.joda.time.chrono.ZonedChronology$ZonedDateTimeField,org.joda.time.DateTimeZone,737,48,0.06512890094979647
CE,time,12,org.joda.time.DateTimeUtils,org.joda.time.DateTimeZone,737,17,0.023066485753052916
CE,time,12,org.joda.time.DateTimeZone,org.joda.time.field.FieldUtils,323,12,0.03715170278637771
CE,time,12,org.joda.time.DateTimeZone,org.joda.time.format.FormatUtils,542,46,0.08487084870848709
CE,time,12,org.joda.time.DateTimeZone,org.joda.time.tz.FixedDateTimeZone,83,18,0.21686746987951808
CE,time,12,org.joda.time.Days,org.joda.time.base.BaseSingleFieldPeriod,228,109,0.4780701754385965
CE,time,12,org.joda.time.format.DateTimeFormat,org.joda.time.format.DateTimeFormat$StyleFormatter,77,8,0.1038961038961039
CE,time,12,org.joda.time.format.DateTimeFormat,org.joda.time.format.DateTimeFormatterBuilder,644,10,0.015527950310559006
CE,time,12,org.joda.time.format.DateTimeFormatter,org.joda.time.DateTimeZone,737,43,0.05834464043419267
CE,time,12,org.joda.time.format.DateTimeFormatter,org.joda.time.format.DateTimeParserBucket,274,95,0.3467153284671533
CE,time,12,org.joda.time.format.DateTimeFormatterBuilder$PaddedNumber,org.joda.time.format.DateTimeFormatterBuilder,644,15,0.023291925465838508
CE,time,12,org.joda.time.format.DateTimeFormatterBuilder$TextField,org.joda.time.format.DateTimeParserBucket,274,88,0.32116788321167883
CE,time,12,org.joda.time.format.DateTimeFormatterBuilder$TextField,org.joda.time.MutableDateTime,462,21,0.045454545454545456
CE,time,12,org.joda.time.format.DateTimeParserBucket$SavedState,org.joda.time.format.DateTimeParserBucket,274,15,0.05474452554744526
CE,time,12,org.joda.time.format.ISODateTimeFormat,org.joda.time.format.DateTimeFormatterBuilder,644,9,0.013975155279503106
CE,time,12,org.joda.time.Hours,org.joda.time.base.BaseSingleFieldPeriod,228,89,0.39035087719298245
CE,time,12,org.joda.time.LocalDate,org.joda.time.format.ISODateTimeFormat,1510,3,0.001986754966887417
CE,time,12,org.joda.time.LocalDateTime,org.joda.time.DateTimeZone,737,166,0.22523744911804613
CE,time,12,org.joda.time.LocalDateTime,org.joda.time.format.DateTimeFormatter,466,2,0.004291845493562232
CE,time,12,org.joda.time.LocalTime$Property,org.joda.time.LocalTime,729,21,0.02880658436213992
CE,time,12,org.joda.time.Minutes,org.joda.time.base.BaseSingleFieldPeriod,228,123,0.5394736842105263
CE,time,12,org.joda.time.MutablePeriod,org.joda.time.base.BasePeriod,350,23,0.06571428571428571
CE,time,12,org.joda.time.Period,org.joda.time.base.AbstractPeriod,132,46,0.3484848484848485
CE,time,12,org.joda.time.Period,org.joda.time.base.BasePeriod,350,11,0.03142857142857143
CE,time,12,org.joda.time.Period,org.joda.time.PeriodType,907,825,0.9095920617420066
CE,time,12,org.joda.time.Seconds,org.joda.time.base.BaseSingleFieldPeriod,228,128,0.5614035087719298
CE,time,12,org.joda.time.Weeks,org.joda.time.base.BaseSingleFieldPeriod,228,126,0.5526315789473685
CE,time,12,org.joda.time.YearMonthDay,org.joda.time.base.BasePartial,84,8,0.09523809523809523
CE,closure,13,com.google.javascript.rhino.head.Interpreter,com.google.javascript.rhino.head.ScriptableObject,2492,72,0.028892455858747994
CE,closure,13,com.google.javascript.rhino.head.IRFactory,com.google.javascript.rhino.head.Node,670,48,0.07164179104477612
CE,closure,13,com.google.javascript.rhino.head.NativeArray,com.google.javascript.rhino.head.IdScriptableObject,491,7,0.014256619144602852
CE,closure,13,com.google.javascript.rhino.head.NativeArray,com.google.javascript.rhino.head.ScriptableObject,2492,84,0.033707865168539325
CE,closure,13,com.google.javascript.rhino.head.NativeObject,com.google.javascript.rhino.head.ScriptableObject,2492,198,0.07945425361155699
CE,closure,13,com.google.javascript.rhino.head.regexp.NativeRegExp,com.google.javascript.rhino.head.ScriptRuntime,4533,16,0.003529671299360247
CE,closure,13,com.google.javascript.rhino.head.ScriptableObject,com.google.javascript.rhino.head.FunctionObject,509,19,0.03732809430255403
CE,closure,13,com.google.javascript.rhino.head.tools.debugger.Dim,com.google.javascript.rhino.head.ScriptRuntime,4533,5,0.0011030222810500773
CE,closure,13,com.google.javascript.rhino.JSDocInfoBuilder,com.google.javascript.rhino.JSDocInfo,954,533,0.5587002096436059
CE,closure,13,com.google.javascript.rhino.jstype.JSType,com.google.javascript.rhino.jstype.UnionType,483,24,0.049689440993788817
CE,lang,13,org.apache.commons.lang3.builder.ToStringBuilder,org.apache.commons.lang3.builder.ToStringStyle,793,1,0.0012610340479192938
CE,lang,13,org.apache.commons.lang3.concurrent.MultiBackgroundInitializer,org.apache.commons.lang3.concurrent.BackgroundInitializer,63,6,0.09523809523809523
CE,lang,13,org.apache.commons.lang3.text.StrBuilder$StrBuilderReader,org.apache.commons.lang3.text.StrBuilder,2104,96,0.045627376425855515
CE,lang,13,org.apache.commons.lang3.text.StrSubstitutor,org.apache.commons.lang3.text.StrBuilder,2104,306,0.14543726235741444
CE,lang,13,org.apache.commons.lang3.text.translate.UnicodeEscaper,org.apache.commons.lang3.text.translate.CharSequenceTranslator,76,31,0.40789473684210525
CE,lang,13,org.apache.commons.lang3.time.DurationFormatUtils,org.apache.commons.lang3.time.DurationFormatUtils$Token,79,9,0.11392405063291139
CE,lang,13,org.apache.commons.lang3.time.FastDateFormat,org.apache.commons.lang3.time.FastDateFormat$TextField,20,4,0.2
CE,math,13,org.apache.commons.math.analysis.LaguerreSolver,org.apache.commons.math.complex.Complex,635,38,0.05984251968503937
CE,math,13,org.apache.commons.math.analysis.MullerSolver,org.apache.commons.math.analysis.UnivariateRealSolverImpl,159,105,0.660377358490566
CE,math,13,org.apache.commons.math.distribution.AbstractIntegerDistribution,org.apache.commons.math.distribution.HypergeometricDistributionImpl,150,38,0.25333333333333335
CE,math,13,org.apache.commons.math.fraction.ProperFractionFormat,org.apache.commons.math.fraction.FractionFormat,171,77,0.4502923976608187
CE,math,13,org.apache.commons.math.geometry.Rotation,org.apache.commons.math.geometry.Vector3D,294,149,0.5068027210884354
CE,math,13,org.apache.commons.math.linear.MatrixUtils,org.apache.commons.math.linear.BigMatrixImpl,1175,109,0.09276595744680852
CE,math,13,org.apache.commons.math.ode.AbstractStepInterpolator,org.apache.commons.math.ode.DormandPrince853StepInterpolator,398,64,0.16080402010050251
CE,math,13,org.apache.commons.math.ode.ContinuousOutputModel,org.apache.commons.math.ode.AbstractStepInterpolator,131,12,0.0916030534351145
CE,math,13,org.apache.commons.math.ode.EmbeddedRungeKuttaIntegrator,org.apache.commons.math.ode.DormandPrince853Integrator,115,5,0.043478260869565216
CE,math,13,org.apache.commons.math.ode.EmbeddedRungeKuttaIntegrator,org.apache.commons.math.ode.HighamHall54Integrator,50,2,0.04
CE,math,13,org.apache.commons.math.ode.GraggBulirschStoerIntegrator,org.apache.commons.math.ode.AdaptiveStepsizeIntegrator,278,117,0.420863309352518
CE,math,13,org.apache.commons.math.ode.GraggBulirschStoerIntegrator,org.apache.commons.math.ode.SwitchingFunctionsHandler,117,9,0.07692307692307693
CE,math,13,org.apache.commons.math.ode.GraggBulirschStoerStepInterpolator,org.apache.commons.math.ode.AbstractStepInterpolator,131,16,0.12213740458015267
CE,math,13,org.apache.commons.math.ode.SwitchingFunctionsHandler,org.apache.commons.math.ode.SwitchState,188,33,0.17553191489361702
CE,math,13,org.apache.commons.math.ode.SwitchState,org.apache.commons.math.analysis.BrentSolver,283,27,0.09540636042402827
CE,math,13,org.apache.commons.math.optimization.NelderMead,org.apache.commons.math.optimization.DirectSearchOptimizer,223,105,0.47085201793721976
CE,math,13,org.apache.commons.math.random.EmpiricalDistributionImpl,org.apache.commons.math.stat.descriptive.SummaryStatistics,363,2,0.005509641873278237
CE,math,13,org.apache.commons.math.stat.descriptive.AbstractStorelessUnivariateStatistic,org.apache.commons.math.stat.descriptive.moment.Variance,150,41,0.2733333333333333
CE,math,13,org.apache.commons.math.stat.descriptive.DescriptiveStatistics,org.apache.commons.math.util.ResizableDoubleArray,305,137,0.4491803278688525
CE,math,13,org.apache.commons.math.stat.inference.TTestImpl,org.apache.commons.math.stat.StatUtils,127,20,0.15748031496062992
CE,math,13,org.apache.commons.math.transform.FastFourierTransformer,org.apache.commons.math.complex.Complex,635,20,0.031496062992125984
CE,mockito,13,org.mockito.asm.AnnotationWriter,org.mockito.asm.ClassWriter,883,401,0.45413363533408835
CE,mockito,13,org.mockito.asm.MethodWriter,org.mockito.asm.ByteVector,300,71,0.23666666666666666
CE,mockito,13,org.mockito.asm.MethodWriter,org.mockito.asm.ClassWriter,883,88,0.09966024915062288
CE,mockito,13,org.mockito.asm.tree.analysis.BasicVerifier,org.mockito.asm.tree.analysis.BasicInterpreter,413,2,0.004842615012106538
CE,mockito,13,org.mockito.asm.util.ASMifierClassVisitor,org.mockito.asm.util.ASMifierAbstractVisitor,328,24,0.07317073170731707
CE,mockito,13,org.mockito.cglib.core.ClassEmitter,org.mockito.cglib.transform.impl.InterceptFieldTransformer,188,10,0.05319148936170213
CE,mockito,13,org.mockito.cglib.core.CodeEmitter,org.mockito.cglib.core.TypeUtils,725,113,0.15586206896551724
CE,mockito,13,org.mockito.cglib.core.EmitUtils,org.mockito.cglib.core.CodeEmitter,745,68,0.0912751677852349
CE,mockito,13,org.mockito.cglib.proxy.Enhancer,org.mockito.cglib.core.ReflectUtils,518,37,0.07142857142857142
CE,mockito,13,org.mockito.cglib.proxy.Mixin$Generator,org.mockito.cglib.core.AbstractClassGenerator,126,2,0.015873015873015872
CE,time,13,org.joda.time.base.AbstractPartial,org.joda.time.MonthDay,286,40,0.13986013986013987
CE,time,13,org.joda.time.base.AbstractPartial,org.joda.time.TimeOfDay,327,41,0.12538226299694188
CE,time,13,org.joda.time.base.AbstractPartial,org.joda.time.YearMonth,299,7,0.023411371237458192
CE,time,13,org.joda.time.base.BasePeriod,org.joda.time.base.AbstractPeriod,132,61,0.4621212121212121
CE,time,13,org.joda.time.chrono.BasicChronology,org.joda.time.chrono.CopticChronology,136,9,0.0661764705882353
CE,time,13,org.joda.time.chrono.BasicChronology,org.joda.time.chrono.EthiopicChronology,133,22,0.16541353383458646
CE,time,13,org.joda.time.chrono.BasicChronology,org.joda.time.chrono.IslamicChronology,352,31,0.08806818181818182
CE,time,13,org.joda.time.chrono.BasicWeekyearDateTimeField,org.joda.time.chrono.BasicChronology,503,42,0.08349900596421471
CE,time,13,org.joda.time.chrono.CopticChronology,org.joda.time.DateTimeZone,734,23,0.031335149863760216
CE,time,13,org.joda.time.chrono.GJChronology,org.joda.time.chrono.GJChronology$CutoverField,367,34,0.09264305177111716
CE,time,13,org.joda.time.chrono.GJChronology,org.joda.time.chrono.JulianChronology,157,60,0.3821656050955414
CE,time,13,org.joda.time.chrono.ISOChronology,org.joda.time.chrono.AssembledChronology,359,118,0.3286908077994429
CE,time,13,org.joda.time.chrono.ISOChronology,org.joda.time.DateTimeZone,734,10,0.013623978201634877
CE,time,13,org.joda.time.chrono.ZonedChronology,org.joda.time.chrono.AssembledChronology,359,268,0.7465181058495822
CE,time,13,org.joda.time.chrono.ZonedChronology,org.joda.time.DateTimeZone,734,7,0.009536784741144414
CE,time,13,org.joda.time.chrono.ZonedChronology$ZonedDateTimeField,org.joda.time.DateTimeZone,734,25,0.0340599455040872
CE,time,13,org.joda.time.DateTimeUtils,org.joda.time.DateTimeZone,734,10,0.013623978201634877
CE,time,13,org.joda.time.DateTimeZone,org.joda.time.field.FieldUtils,323,12,0.03715170278637771
CE,time,13,org.joda.time.DateTimeZone,org.joda.time.tz.FixedDateTimeZone,83,21,0.25301204819277107
CE,time,13,org.joda.time.Days,org.joda.time.base.BaseSingleFieldPeriod,228,115,0.5043859649122807
CE,time,13,org.joda.time.format.DateTimeFormat,org.joda.time.format.DateTimeFormat$StyleFormatter,77,9,0.11688311688311688
CE,time,13,org.joda.time.format.DateTimeFormatter,org.joda.time.DateTimeZone,734,25,0.0340599455040872
CE,time,13,org.joda.time.format.DateTimeFormatter,org.joda.time.format.DateTimeParserBucket,274,90,0.3284671532846715
CE,time,13,org.joda.time.format.DateTimeFormatterBuilder$PaddedNumber,org.joda.time.format.DateTimeFormatterBuilder,643,16,0.024883359253499222
CE,time,13,org.joda.time.format.DateTimeFormatterBuilder$TextField,org.joda.time.format.DateTimeParserBucket,274,88,0.32116788321167883
CE,time,13,org.joda.time.format.DateTimeFormatterBuilder$TextField,org.joda.time.MutableDateTime,462,13,0.02813852813852814
CE,time,13,org.joda.time.format.DateTimeParserBucket$SavedState,org.joda.time.format.DateTimeParserBucket,274,36,0.13138686131386862
CE,time,13,org.joda.time.format.ISODateTimeFormat,org.joda.time.format.DateTimeFormatterBuilder,643,6,0.00933125972006221
CE,time,13,org.joda.time.Hours,org.joda.time.base.BaseSingleFieldPeriod,228,96,0.42105263157894735
CE,time,13,org.joda.time.LocalDate,org.joda.time.DateTime,801,8,0.009987515605493134
CE,time,13,org.joda.time.LocalDate,org.joda.time.format.ISODateTimeFormat,1510,3,0.001986754966887417
CE,time,13,org.joda.time.LocalDateTime,org.joda.time.DateTimeZone,734,30,0.04087193460490463
CE,time,13,org.joda.time.LocalDateTime,org.joda.time.format.DateTimeFormatter,466,7,0.015021459227467811
CE,time,13,org.joda.time.LocalTime$Property,org.joda.time.LocalTime,729,131,0.17969821673525377
CE,time,13,org.joda.time.Minutes,org.joda.time.base.BaseSingleFieldPeriod,228,138,0.6052631578947368
CE,time,13,org.joda.time.MutableInterval,org.joda.time.base.BaseInterval,109,16,0.14678899082568808
CE,time,13,org.joda.time.MutablePeriod,org.joda.time.base.BasePeriod,350,14,0.04
CE,time,13,org.joda.time.Period,org.joda.time.base.AbstractPeriod,132,81,0.6136363636363636
CE,time,13,org.joda.time.Period,org.joda.time.base.BasePeriod,350,27,0.07714285714285714
CE,time,13,org.joda.time.Period,org.joda.time.PeriodType,907,848,0.9349503858875413
CE,time,13,org.joda.time.Seconds,org.joda.time.base.BaseSingleFieldPeriod,228,123,0.5394736842105263
CE,time,13,org.joda.time.tz.ZoneInfoCompiler,org.joda.time.DateTimeZone,734,27,0.03678474114441417
CE,time,13,org.joda.time.Weeks,org.joda.time.base.BaseSingleFieldPeriod,228,134,0.5877192982456141
CE,time,13,org.joda.time.YearMonthDay,org.joda.time.base.BasePartial,84,8,0.09523809523809523
CE,closure,14,com.google.javascript.rhino.head.IdScriptableObject,com.google.javascript.rhino.head.ScriptableObject,2418,131,0.054177005789909014
CE,closure,14,com.google.javascript.rhino.head.Interpreter,com.google.javascript.rhino.head.ScriptableObject,2418,74,0.030603804797353185
CE,closure,14,com.google.javascript.rhino.head.IRFactory,com.google.javascript.rhino.head.Node,670,60,0.08955223880597014
CE,closure,14,com.google.javascript.rhino.head.NativeArray,com.google.javascript.rhino.head.ScriptableObject,2418,44,0.018196856906534328
CE,closure,14,com.google.javascript.rhino.head.NativeArray,com.google.javascript.rhino.head.ScriptRuntime,4533,38,0.008382969335980588
CE,closure,14,com.google.javascript.rhino.head.ScriptRuntime,com.google.javascript.rhino.head.ScriptableObject,2418,31,0.01282051282051282
CE,closure,14,com.google.javascript.rhino.jstype.JSType,com.google.javascript.rhino.jstype.FunctionType,1240,266,0.21451612903225806
CE,lang,14,org.apache.commons.lang3.builder.ToStringBuilder,org.apache.commons.lang3.builder.ToStringStyle,793,2,0.0025220680958385876
CE,lang,14,org.apache.commons.lang3.builder.ToStringStyle,org.apache.commons.lang3.ClassUtils,830,1,0.0012048192771084338
CE,lang,14,org.apache.commons.lang3.concurrent.MultiBackgroundInitializer,org.apache.commons.lang3.concurrent.BackgroundInitializer,63,5,0.07936507936507936
CE,lang,14,org.apache.commons.lang3.text.StrBuilder$StrBuilderReader,org.apache.commons.lang3.text.StrBuilder,2104,119,0.05655893536121673
CE,lang,14,org.apache.commons.lang3.text.StrSubstitutor,org.apache.commons.lang3.text.StrBuilder,2104,315,0.1497148288973384
CE,lang,14,org.apache.commons.lang3.text.StrTokenizer,org.apache.commons.lang3.text.StrMatcher,80,2,0.025
CE,lang,14,org.apache.commons.lang3.text.translate.UnicodeEscaper,org.apache.commons.lang3.text.translate.CharSequenceTranslator,76,35,0.4605263157894737
CE,lang,14,org.apache.commons.lang3.time.DurationFormatUtils,org.apache.commons.lang3.time.DurationFormatUtils$Token,79,23,0.2911392405063291
CE,lang,14,org.apache.commons.lang3.time.FastDateFormat,org.apache.commons.lang3.time.FastDateFormat$TextField,20,12,0.6
CE,math,14,org.apache.commons.math.analysis.LaguerreSolver,org.apache.commons.math.complex.Complex,635,39,0.06141732283464567
CE,math,14,org.apache.commons.math.analysis.MullerSolver,org.apache.commons.math.analysis.UnivariateRealSolverImpl,159,98,0.6163522012578616
CE,math,14,org.apache.commons.math.distribution.AbstractIntegerDistribution,org.apache.commons.math.distribution.HypergeometricDistributionImpl,150,46,0.30666666666666664
CE,math,14,org.apache.commons.math.fraction.ProperFractionFormat,org.apache.commons.math.fraction.FractionFormat,171,92,0.5380116959064327
CE,math,14,org.apache.commons.math.geometry.Rotation,org.apache.commons.math.geometry.Vector3D,294,144,0.4897959183673469
CE,math,14,org.apache.commons.math.linear.MatrixUtils,org.apache.commons.math.linear.BigMatrixImpl,1175,112,0.09531914893617022
CE,math,14,org.apache.commons.math.ode.AbstractStepInterpolator,org.apache.commons.math.ode.DormandPrince853StepInterpolator,398,73,0.18341708542713567
CE,math,14,org.apache.commons.math.ode.ContinuousOutputModel,org.apache.commons.math.ode.AbstractStepInterpolator,131,12,0.0916030534351145
CE,math,14,org.apache.commons.math.ode.EmbeddedRungeKuttaIntegrator,org.apache.commons.math.ode.DormandPrince853Integrator,115,14,0.12173913043478261
CE,math,14,org.apache.commons.math.ode.EmbeddedRungeKuttaIntegrator,org.apache.commons.math.ode.HighamHall54Integrator,50,3,0.06
CE,math,14,org.apache.commons.math.ode.GraggBulirschStoerIntegrator,org.apache.commons.math.ode.AdaptiveStepsizeIntegrator,278,100,0.3597122302158273
CE,math,14,org.apache.commons.math.ode.GraggBulirschStoerIntegrator,org.apache.commons.math.ode.SwitchingFunctionsHandler,117,1,0.008547008547008548
CE,math,14,org.apache.commons.math.ode.GraggBulirschStoerStepInterpolator,org.apache.commons.math.ode.AbstractStepInterpolator,131,10,0.07633587786259542
CE,math,14,org.apache.commons.math.ode.SwitchingFunctionsHandler,org.apache.commons.math.ode.SwitchState,188,21,0.11170212765957446
CE,math,14,org.apache.commons.math.ode.SwitchState,org.apache.commons.math.analysis.BrentSolver,283,2,0.007067137809187279
CE,math,14,org.apache.commons.math.optimization.NelderMead,org.apache.commons.math.optimization.DirectSearchOptimizer,223,137,0.6143497757847534
CE,math,14,org.apache.commons.math.random.EmpiricalDistributionImpl,org.apache.commons.math.stat.descriptive.SummaryStatistics,363,3,0.008264462809917356
CE,math,14,org.apache.commons.math.stat.descriptive.AbstractStorelessUnivariateStatistic,org.apache.commons.math.stat.descriptive.moment.Variance,150,45,0.3
CE,math,14,org.apache.commons.math.stat.descriptive.DescriptiveStatistics,org.apache.commons.math.util.ResizableDoubleArray,305,117,0.3836065573770492
CE,math,14,org.apache.commons.math.stat.inference.TTestImpl,org.apache.commons.math.stat.StatUtils,127,30,0.23622047244094488
CE,math,14,org.apache.commons.math.transform.FastFourierTransformer,org.apache.commons.math.complex.Complex,635,27,0.04251968503937008
CE,mockito,14,org.mockito.asm.AnnotationWriter,org.mockito.asm.ClassWriter,883,453,0.5130237825594564
CE,mockito,14,org.mockito.asm.MethodWriter,org.mockito.asm.ByteVector,300,98,0.32666666666666666
CE,mockito,14,org.mockito.asm.MethodWriter,org.mockito.asm.ClassWriter,883,36,0.04077010192525481
CE,mockito,14,org.mockito.asm.tree.analysis.BasicVerifier,org.mockito.asm.tree.analysis.BasicInterpreter,413,37,0.08958837772397095
CE,mockito,14,org.mockito.asm.util.ASMifierClassVisitor,org.mockito.asm.util.ASMifierAbstractVisitor,328,24,0.07317073170731707
CE,mockito,14,org.mockito.cglib.core.CodeEmitter,org.mockito.cglib.core.ClassEmitter,212,1,0.0047169811320754715
CE,mockito,14,org.mockito.cglib.core.CodeEmitter,org.mockito.cglib.core.TypeUtils,725,237,0.32689655172413795
CE,mockito,14,org.mockito.cglib.proxy.Enhancer,org.mockito.cglib.core.ReflectUtils,518,37,0.07142857142857142
CE,mockito,14,org.mockito.cglib.proxy.Mixin$Generator,org.mockito.cglib.core.AbstractClassGenerator,126,5,0.03968253968253968
CE,mockito,14,org.mockito.cglib.proxy.Mixin$Generator,org.mockito.cglib.core.ReflectUtils,518,51,0.09845559845559845
CE,time,14,org.joda.time.base.AbstractPartial,org.joda.time.MonthDay,286,12,0.04195804195804196
CE,time,14,org.joda.time.base.AbstractPartial,org.joda.time.TimeOfDay,327,1,0.0030581039755351682
CE,time,14,org.joda.time.base.AbstractPartial,org.joda.time.YearMonth,299,36,0.12040133779264214
CE,time,14,org.joda.time.base.BasePeriod,org.joda.time.base.AbstractPeriod,132,84,0.6363636363636364
CE,time,14,org.joda.time.chrono.BasicChronology,org.joda.time.chrono.CopticChronology,136,1,0.007352941176470588
CE,time,14,org.joda.time.chrono.BasicChronology,org.joda.time.chrono.EthiopicChronology,133,15,0.11278195488721804
CE,time,14,org.joda.time.chrono.BasicChronology,org.joda.time.chrono.IslamicChronology,352,27,0.07670454545454546
CE,time,14,org.joda.time.chrono.BasicWeekyearDateTimeField,org.joda.time.chrono.BasicChronology,503,2,0.003976143141153081
CE,time,14,org.joda.time.chrono.CopticChronology,org.joda.time.DateTimeZone,743,18,0.024226110363391656
CE,time,14,org.joda.time.chrono.GJChronology,org.joda.time.chrono.GJChronology$CutoverField,367,14,0.03814713896457766
CE,time,14,org.joda.time.chrono.GJChronology,org.joda.time.chrono.JulianChronology,157,116,0.7388535031847133
CE,time,14,org.joda.time.chrono.ISOChronology,org.joda.time.chrono.AssembledChronology,359,60,0.1671309192200557
CE,time,14,org.joda.time.chrono.ISOChronology,org.joda.time.DateTimeZone,743,28,0.03768506056527591
CE,time,14,org.joda.time.chrono.ZonedChronology,org.joda.time.chrono.AssembledChronology,359,34,0.0947075208913649
CE,time,14,org.joda.time.chrono.ZonedChronology,org.joda.time.DateTimeZone,743,134,0.180349932705249
CE,time,14,org.joda.time.chrono.ZonedChronology$ZonedDateTimeField,org.joda.time.DateTimeZone,743,8,0.010767160161507403
CE,time,14,org.joda.time.DateTimeUtils,org.joda.time.DateTimeZone,743,64,0.08613728129205922
CE,time,14,org.joda.time.DateTimeZone,org.joda.time.field.FieldUtils,323,12,0.03715170278637771
CE,time,14,org.joda.time.DateTimeZone,org.joda.time.tz.FixedDateTimeZone,83,18,0.21686746987951808
CE,time,14,org.joda.time.Days,org.joda.time.base.BaseSingleFieldPeriod,228,111,0.4868421052631579
CE,time,14,org.joda.time.format.DateTimeFormat,org.joda.time.format.DateTimeFormat$StyleFormatter,77,10,0.12987012987012986
CE,time,14,org.joda.time.format.DateTimeFormat,org.joda.time.format.DateTimeFormatterBuilder,643,2,0.003110419906687403
CE,time,14,org.joda.time.format.DateTimeFormatter,org.joda.time.DateTimeZone,743,9,0.012113055181695828
CE,time,14,org.joda.time.format.DateTimeFormatter,org.joda.time.format.DateTimeParserBucket,274,113,0.4124087591240876
CE,time,14,org.joda.time.format.DateTimeFormatterBuilder$PaddedNumber,org.joda.time.format.DateTimeFormatterBuilder,643,1,0.0015552099533437014
CE,time,14,org.joda.time.format.DateTimeFormatterBuilder$TextField,org.joda.time.format.DateTimeParserBucket,274,102,0.3722627737226277
CE,time,14,org.joda.time.format.DateTimeFormatterBuilder$TextField,org.joda.time.MutableDateTime,462,8,0.017316017316017316
CE,time,14,org.joda.time.format.DateTimeParserBucket$SavedState,org.joda.time.format.DateTimeParserBucket,274,15,0.05474452554744526
CE,time,14,org.joda.time.format.ISODateTimeFormat,org.joda.time.format.DateTimeFormatterBuilder,643,1,0.0015552099533437014
CE,time,14,org.joda.time.Hours,org.joda.time.base.BaseSingleFieldPeriod,228,88,0.38596491228070173
CE,time,14,org.joda.time.LocalDate,org.joda.time.DateTime,801,8,0.009987515605493134
CE,time,14,org.joda.time.LocalDate,org.joda.time.format.ISODateTimeFormat,1510,1,0.0006622516556291391
CE,time,14,org.joda.time.LocalDateTime,org.joda.time.DateTimeZone,743,13,0.017496635262449527
CE,time,14,org.joda.time.LocalTime$Property,org.joda.time.LocalTime,729,19,0.02606310013717421
CE,time,14,org.joda.time.Minutes,org.joda.time.base.BaseSingleFieldPeriod,228,112,0.49122807017543857
CE,time,14,org.joda.time.MutableInterval,org.joda.time.base.BaseInterval,109,7,0.06422018348623854
CE,time,14,org.joda.time.MutablePeriod,org.joda.time.base.BasePeriod,350,4,0.011428571428571429
CE,time,14,org.joda.time.Period,org.joda.time.base.AbstractPeriod,132,38,0.2878787878787879
CE,time,14,org.joda.time.Period,org.joda.time.base.BasePeriod,350,12,0.03428571428571429
CE,time,14,org.joda.time.Period,org.joda.time.PeriodType,907,867,0.9558985667034179
CE,time,14,org.joda.time.Seconds,org.joda.time.base.BaseSingleFieldPeriod,228,124,0.543859649122807
CE,time,14,org.joda.time.tz.ZoneInfoCompiler,org.joda.time.DateTimeZone,743,1,0.0013458950201884253
CE,time,14,org.joda.time.Weeks,org.joda.time.base.BaseSingleFieldPeriod,228,128,0.5614035087719298
CE,time,14,org.joda.time.YearMonthDay,org.joda.time.base.BasePartial,84,8,0.09523809523809523
CE,closure,15,com.google.javascript.rhino.head.IdScriptableObject,com.google.javascript.rhino.head.ScriptableObject,2403,40,0.016645859342488557
CE,closure,15,com.google.javascript.rhino.head.Interpreter,com.google.javascript.rhino.head.ScriptableObject,2403,36,0.0149812734082397
CE,closure,15,com.google.javascript.rhino.head.IRFactory,com.google.javascript.rhino.head.Decompiler,887,61,0.06877113866967305
CE,closure,15,com.google.javascript.rhino.head.NativeArray,com.google.javascript.rhino.head.ScriptableObject,2403,7,0.002913025384935497
CE,closure,15,com.google.javascript.rhino.head.NativeObject,com.google.javascript.rhino.head.ScriptableObject,2403,35,0.014565126924677487
CE,closure,15,com.google.javascript.rhino.head.regexp.NativeRegExp,com.google.javascript.rhino.head.ScriptRuntime,4533,4,0.0008824178248400617
CE,closure,15,com.google.javascript.rhino.head.ScriptableObject,com.google.javascript.rhino.head.FunctionObject,509,7,0.0137524557956778
CE,closure,15,com.google.javascript.rhino.head.tools.debugger.Dim,com.google.javascript.rhino.head.ScriptRuntime,4533,3,0.0006618133686300463
CE,closure,15,com.google.javascript.rhino.jstype.JSType,com.google.javascript.rhino.jstype.ProxyObjectType,345,2,0.005797101449275362
CE,closure,15,com.google.javascript.rhino.jstype.JSType,com.google.javascript.rhino.jstype.UnionType,483,22,0.045548654244306416
CE,lang,15,org.apache.commons.lang3.builder.ReflectionToStringBuilder,org.apache.commons.lang3.builder.ToStringBuilder,222,3,0.013513513513513514
CE,lang,15,org.apache.commons.lang3.builder.ToStringBuilder,org.apache.commons.lang3.builder.ToStringStyle,793,14,0.017654476670870115
CE,lang,15,org.apache.commons.lang3.concurrent.MultiBackgroundInitializer,org.apache.commons.lang3.concurrent.BackgroundInitializer,63,3,0.047619047619047616
CE,lang,15,org.apache.commons.lang3.text.StrBuilder$StrBuilderReader,org.apache.commons.lang3.text.StrBuilder,2104,107,0.05085551330798479
CE,lang,15,org.apache.commons.lang3.text.StrSubstitutor,org.apache.commons.lang3.text.StrBuilder,2104,311,0.14781368821292776
CE,lang,15,org.apache.commons.lang3.text.StrTokenizer,org.apache.commons.lang3.text.StrMatcher,80,2,0.025
CE,lang,15,org.apache.commons.lang3.text.translate.UnicodeEscaper,org.apache.commons.lang3.text.translate.CharSequenceTranslator,76,16,0.21052631578947367
CE,lang,15,org.apache.commons.lang3.time.DurationFormatUtils,org.apache.commons.lang3.time.DurationFormatUtils$Token,79,24,0.3037974683544304
CE,lang,15,org.apache.commons.lang3.time.FastDateFormat,org.apache.commons.lang3.time.FastDateFormat$TextField,20,4,0.2
CE,math,15,org.apache.commons.math.analysis.LaguerreSolver,org.apache.commons.math.complex.Complex,635,43,0.06771653543307087
CE,math,15,org.apache.commons.math.analysis.MullerSolver,org.apache.commons.math.analysis.UnivariateRealSolverImpl,159,100,0.6289308176100629
CE,math,15,org.apache.commons.math.distribution.AbstractIntegerDistribution,org.apache.commons.math.distribution.HypergeometricDistributionImpl,150,69,0.46
CE,math,15,org.apache.commons.math.fraction.ProperFractionFormat,org.apache.commons.math.fraction.FractionFormat,171,82,0.47953216374269003
CE,math,15,org.apache.commons.math.geometry.Rotation,org.apache.commons.math.geometry.Vector3D,294,124,0.4217687074829932
CE,math,15,org.apache.commons.math.linear.MatrixUtils,org.apache.commons.math.linear.BigMatrixImpl,1175,108,0.09191489361702128
CE,math,15,org.apache.commons.math.ode.AbstractStepInterpolator,org.apache.commons.math.ode.DormandPrince853StepInterpolator,398,74,0.18592964824120603
CE,math,15,org.apache.commons.math.ode.ContinuousOutputModel,org.apache.commons.math.ode.AbstractStepInterpolator,131,8,0.061068702290076333
CE,math,15,org.apache.commons.math.ode.EmbeddedRungeKuttaIntegrator,org.apache.commons.math.ode.DormandPrince853Integrator,115,20,0.17391304347826086
CE,math,15,org.apache.commons.math.ode.EmbeddedRungeKuttaIntegrator,org.apache.commons.math.ode.HighamHall54Integrator,50,1,0.02
CE,math,15,org.apache.commons.math.ode.GraggBulirschStoerIntegrator,org.apache.commons.math.ode.AdaptiveStepsizeIntegrator,278,90,0.3237410071942446
CE,math,15,org.apache.commons.math.ode.GraggBulirschStoerIntegrator,org.apache.commons.math.ode.SwitchingFunctionsHandler,117,14,0.11965811965811966
CE,math,15,org.apache.commons.math.ode.GraggBulirschStoerStepInterpolator,org.apache.commons.math.ode.AbstractStepInterpolator,131,11,0.08396946564885496
CE,math,15,org.apache.commons.math.ode.SwitchingFunctionsHandler,org.apache.commons.math.ode.SwitchState,188,32,0.1702127659574468
CE,math,15,org.apache.commons.math.ode.SwitchState,org.apache.commons.math.analysis.BrentSolver,283,2,0.007067137809187279
CE,math,15,org.apache.commons.math.optimization.NelderMead,org.apache.commons.math.optimization.DirectSearchOptimizer,223,126,0.5650224215246636
CE,math,15,org.apache.commons.math.random.EmpiricalDistributionImpl,org.apache.commons.math.stat.descriptive.SummaryStatistics,363,2,0.005509641873278237
CE,math,15,org.apache.commons.math.stat.descriptive.AbstractStorelessUnivariateStatistic,org.apache.commons.math.stat.descriptive.moment.Variance,150,36,0.24
CE,math,15,org.apache.commons.math.stat.descriptive.DescriptiveStatistics,org.apache.commons.math.util.ResizableDoubleArray,305,154,0.5049180327868853
CE,math,15,org.apache.commons.math.stat.inference.TTestImpl,org.apache.commons.math.stat.StatUtils,127,37,0.29133858267716534
CE,math,15,org.apache.commons.math.transform.FastFourierTransformer,org.apache.commons.math.complex.Complex,635,33,0.05196850393700787
CE,mockito,15,org.mockito.asm.AnnotationWriter,org.mockito.asm.ClassWriter,883,375,0.4246885617214043
CE,mockito,15,org.mockito.asm.MethodWriter,org.mockito.asm.ByteVector,300,90,0.3
CE,mockito,15,org.mockito.asm.MethodWriter,org.mockito.asm.ClassWriter,883,53,0.06002265005662514
CE,mockito,15,org.mockito.asm.tree.analysis.BasicVerifier,org.mockito.asm.tree.analysis.BasicInterpreter,413,28,0.06779661016949153
CE,mockito,15,org.mockito.asm.tree.analysis.BasicVerifier,org.mockito.asm.tree.analysis.SimpleVerifier,347,21,0.06051873198847262
CE,mockito,15,org.mockito.cglib.core.ClassEmitter,org.mockito.cglib.transform.impl.InterceptFieldTransformer,188,9,0.047872340425531915
CE,mockito,15,org.mockito.cglib.core.CodeEmitter,org.mockito.cglib.core.ClassEmitter,212,1,0.0047169811320754715
CE,mockito,15,org.mockito.cglib.core.CodeEmitter,org.mockito.cglib.core.TypeUtils,725,237,0.32689655172413795
CE,mockito,15,org.mockito.cglib.core.EmitUtils,org.mockito.cglib.core.CodeEmitter,745,9,0.012080536912751677
CE,mockito,15,org.mockito.cglib.proxy.Enhancer,org.mockito.cglib.core.ReflectUtils,518,37,0.07142857142857142
CE,mockito,15,org.mockito.cglib.proxy.Mixin$Generator,org.mockito.cglib.core.AbstractClassGenerator,126,2,0.015873015873015872
CE,time,15,org.joda.time.base.AbstractPartial,org.joda.time.MonthDay,286,27,0.0944055944055944
CE,time,15,org.joda.time.base.AbstractPartial,org.joda.time.TimeOfDay,327,42,0.12844036697247707
CE,time,15,org.joda.time.base.AbstractPartial,org.joda.time.YearMonth,299,39,0.13043478260869565
CE,time,15,org.joda.time.base.BasePeriod,org.joda.time.base.AbstractPeriod,132,52,0.3939393939393939
CE,time,15,org.joda.time.chrono.BasicChronology,org.joda.time.chrono.CopticChronology,136,2,0.014705882352941176
CE,time,15,org.joda.time.chrono.BasicChronology,org.joda.time.chrono.EthiopicChronology,133,8,0.06015037593984962
CE,time,15,org.joda.time.chrono.BasicChronology,org.joda.time.chrono.IslamicChronology,352,91,0.2585227272727273
CE,time,15,org.joda.time.chrono.BasicWeekyearDateTimeField,org.joda.time.chrono.BasicChronology,503,22,0.0437375745526839
CE,time,15,org.joda.time.chrono.CopticChronology,org.joda.time.DateTimeZone,734,45,0.06130790190735695
CE,time,15,org.joda.time.chrono.GJChronology,org.joda.time.chrono.JulianChronology,157,38,0.24203821656050956
CE,time,15,org.joda.time.chrono.ISOChronology,org.joda.time.chrono.AssembledChronology,359,52,0.14484679665738162
CE,time,15,org.joda.time.chrono.ISOChronology,org.joda.time.DateTimeZone,734,43,0.05858310626702997
CE,time,15,org.joda.time.chrono.ZonedChronology,org.joda.time.chrono.AssembledChronology,359,67,0.18662952646239556
CE,time,15,org.joda.time.chrono.ZonedChronology,org.joda.time.DateTimeZone,734,30,0.04087193460490463
CE,time,15,org.joda.time.chrono.ZonedChronology$ZonedDateTimeField,org.joda.time.DateTimeZone,734,41,0.055858310626702996
CE,time,15,org.joda.time.DateTimeUtils,org.joda.time.DateTimeZone,734,99,0.13487738419618528
CE,time,15,org.joda.time.DateTimeZone,org.joda.time.field.FieldUtils,323,12,0.03715170278637771
CE,time,15,org.joda.time.DateTimeZone,org.joda.time.format.DateTimeFormat,642,7,0.010903426791277258
CE,time,15,org.joda.time.DateTimeZone,org.joda.time.tz.FixedDateTimeZone,83,18,0.21686746987951808
CE,time,15,org.joda.time.Days,org.joda.time.base.BaseSingleFieldPeriod,228,114,0.5
CE,time,15,org.joda.time.format.DateTimeFormat,org.joda.time.format.DateTimeFormat$StyleFormatter,77,9,0.11688311688311688
CE,time,15,org.joda.time.format.DateTimeFormat,org.joda.time.format.DateTimeFormatterBuilder,643,1,0.0015552099533437014
CE,time,15,org.joda.time.format.DateTimeFormatter,org.joda.time.DateTimeZone,734,32,0.043596730245231606
CE,time,15,org.joda.time.format.DateTimeFormatter,org.joda.time.format.DateTimeParserBucket,274,94,0.34306569343065696
CE,time,15,org.joda.time.format.DateTimeFormatterBuilder$PaddedNumber,org.joda.time.format.DateTimeFormatterBuilder,643,2,0.003110419906687403
CE,time,15,org.joda.time.format.DateTimeFormatterBuilder$TextField,org.joda.time.format.DateTimeParserBucket,274,88,0.32116788321167883
CE,time,15,org.joda.time.format.DateTimeFormatterBuilder$TextField,org.joda.time.MutableDateTime,462,9,0.01948051948051948
CE,time,15,org.joda.time.format.DateTimeParserBucket$SavedState,org.joda.time.format.DateTimeParserBucket,274,16,0.058394160583941604
CE,time,15,org.joda.time.format.ISODateTimeFormat,org.joda.time.format.DateTimeFormatterBuilder,643,1,0.0015552099533437014
CE,time,15,org.joda.time.Hours,org.joda.time.base.BaseSingleFieldPeriod,228,93,0.40789473684210525
CE,time,15,org.joda.time.LocalDate,org.joda.time.format.ISODateTimeFormat,1510,1,0.0006622516556291391
CE,time,15,org.joda.time.LocalDateTime,org.joda.time.DateTimeZone,734,152,0.20708446866485014
CE,time,15,org.joda.time.LocalDateTime,org.joda.time.format.DateTimeFormatter,466,3,0.006437768240343348
CE,time,15,org.joda.time.LocalTime$Property,org.joda.time.LocalTime,729,18,0.024691358024691357
CE,time,15,org.joda.time.Minutes,org.joda.time.base.BaseSingleFieldPeriod,228,134,0.5877192982456141
CE,time,15,org.joda.time.MutableInterval,org.joda.time.base.BaseInterval,109,19,0.1743119266055046
CE,time,15,org.joda.time.MutablePeriod,org.joda.time.base.BasePeriod,350,11,0.03142857142857143
CE,time,15,org.joda.time.Period,org.joda.time.base.AbstractPeriod,132,57,0.4318181818181818
CE,time,15,org.joda.time.Period,org.joda.time.base.BasePeriod,350,11,0.03142857142857143
CE,time,15,org.joda.time.Period,org.joda.time.PeriodType,907,831,0.9162072767364939
CE,time,15,org.joda.time.Seconds,org.joda.time.base.BaseSingleFieldPeriod,228,125,0.5482456140350878
CE,time,15,org.joda.time.tz.ZoneInfoCompiler,org.joda.time.DateTimeZone,734,106,0.1444141689373297
CE,time,15,org.joda.time.Weeks,org.joda.time.base.BaseSingleFieldPeriod,228,129,0.5657894736842105
CE,time,15,org.joda.time.YearMonthDay,org.joda.time.base.BasePartial,84,8,0.09523809523809523
CE,closure,16,com.google.javascript.rhino.head.IRFactory,com.google.javascript.rhino.head.Node,670,55,0.08208955223880597
CE,closure,16,com.google.javascript.rhino.head.IRFactory,com.google.javascript.rhino.head.Parser,4058,3,0.0007392804337111878
CE,closure,16,com.google.javascript.rhino.head.NativeArray,com.google.javascript.rhino.head.ScriptableObject,2512,13,0.0051751592356687895
CE,closure,16,com.google.javascript.rhino.head.NativeObject,com.google.javascript.rhino.head.ScriptableObject,2512,230,0.09156050955414012
CE,closure,16,com.google.javascript.rhino.head.ScriptableObject,com.google.javascript.rhino.head.FunctionObject,509,24,0.047151277013752456
CE,closure,16,com.google.javascript.rhino.head.tools.debugger.Dim,com.google.javascript.rhino.head.ScriptRuntime,4536,2,0.0004409171075837742
CE,closure,16,com.google.javascript.rhino.jstype.JSType,com.google.javascript.rhino.jstype.FunctionType,1240,290,0.23387096774193547
CE,closure,16,com.google.javascript.rhino.jstype.JSType,com.google.javascript.rhino.jstype.UnionType,483,55,0.11387163561076605
CE,lang,16,org.apache.commons.lang3.builder.ReflectionToStringBuilder,org.apache.commons.lang3.builder.ToStringBuilder,222,1,0.0045045045045045045
CE,lang,16,org.apache.commons.lang3.builder.ToStringBuilder,org.apache.commons.lang3.builder.ToStringStyle,793,21,0.02648171500630517
CE,lang,16,org.apache.commons.lang3.CharUtils,org.apache.commons.lang3.StringUtils,4172,1,0.00023969319271332693
CE,lang,16,org.apache.commons.lang3.concurrent.MultiBackgroundInitializer,org.apache.commons.lang3.concurrent.BackgroundInitializer,63,6,0.09523809523809523
CE,lang,16,org.apache.commons.lang3.text.StrBuilder$StrBuilderReader,org.apache.commons.lang3.text.StrBuilder,2104,122,0.05798479087452472
CE,lang,16,org.apache.commons.lang3.text.StrSubstitutor,org.apache.commons.lang3.text.StrBuilder,2104,229,0.1088403041825095
CE,lang,16,org.apache.commons.lang3.text.translate.UnicodeEscaper,org.apache.commons.lang3.text.translate.CharSequenceTranslator,76,35,0.4605263157894737
CE,lang,16,org.apache.commons.lang3.time.DurationFormatUtils,org.apache.commons.lang3.time.DurationFormatUtils$Token,79,8,0.10126582278481013
CE,lang,16,org.apache.commons.lang3.time.FastDateFormat,org.apache.commons.lang3.time.FastDateFormat$TextField,20,4,0.2
CE,math,16,org.apache.commons.math.analysis.LaguerreSolver,org.apache.commons.math.complex.Complex,635,26,0.04094488188976378
CE,math,16,org.apache.commons.math.analysis.MullerSolver,org.apache.commons.math.analysis.UnivariateRealSolverImpl,159,100,0.6289308176100629
CE,math,16,org.apache.commons.math.distribution.AbstractIntegerDistribution,org.apache.commons.math.distribution.HypergeometricDistributionImpl,150,69,0.46
CE,math,16,org.apache.commons.math.fraction.ProperFractionFormat,org.apache.commons.math.fraction.FractionFormat,171,79,0.4619883040935672
CE,math,16,org.apache.commons.math.geometry.Rotation,org.apache.commons.math.geometry.Vector3D,294,128,0.43537414965986393
CE,math,16,org.apache.commons.math.linear.MatrixUtils,org.apache.commons.math.linear.BigMatrixImpl,1175,110,0.09361702127659574
CE,math,16,org.apache.commons.math.ode.AbstractStepInterpolator,org.apache.commons.math.ode.DormandPrince853StepInterpolator,398,76,0.19095477386934673
CE,math,16,org.apache.commons.math.ode.ContinuousOutputModel,org.apache.commons.math.ode.AbstractStepInterpolator,131,10,0.07633587786259542
CE,math,16,org.apache.commons.math.ode.EmbeddedRungeKuttaIntegrator,org.apache.commons.math.ode.DormandPrince853Integrator,115,10,0.08695652173913043
CE,math,16,org.apache.commons.math.ode.GraggBulirschStoerIntegrator,org.apache.commons.math.ode.AdaptiveStepsizeIntegrator,278,99,0.35611510791366907
CE,math,16,org.apache.commons.math.ode.GraggBulirschStoerIntegrator,org.apache.commons.math.ode.SwitchingFunctionsHandler,117,15,0.1282051282051282
CE,math,16,org.apache.commons.math.ode.GraggBulirschStoerStepInterpolator,org.apache.commons.math.ode.AbstractStepInterpolator,131,7,0.05343511450381679
CE,math,16,org.apache.commons.math.ode.SwitchingFunctionsHandler,org.apache.commons.math.ode.SwitchState,188,13,0.06914893617021277
CE,math,16,org.apache.commons.math.ode.SwitchState,org.apache.commons.math.analysis.BrentSolver,283,10,0.0353356890459364
CE,math,16,org.apache.commons.math.optimization.NelderMead,org.apache.commons.math.optimization.DirectSearchOptimizer,223,114,0.5112107623318386
CE,math,16,org.apache.commons.math.random.EmpiricalDistributionImpl,org.apache.commons.math.stat.descriptive.SummaryStatistics,363,1,0.0027548209366391185
CE,math,16,org.apache.commons.math.stat.descriptive.AbstractStorelessUnivariateStatistic,org.apache.commons.math.stat.descriptive.moment.Variance,150,54,0.36
CE,math,16,org.apache.commons.math.stat.descriptive.DescriptiveStatistics,org.apache.commons.math.util.ResizableDoubleArray,305,119,0.3901639344262295
CE,math,16,org.apache.commons.math.stat.inference.TTestImpl,org.apache.commons.math.stat.StatUtils,127,18,0.14173228346456693
CE,math,16,org.apache.commons.math.transform.FastFourierTransformer,org.apache.commons.math.complex.Complex,635,17,0.026771653543307086
CE,mockito,16,org.mockito.asm.AnnotationWriter,org.mockito.asm.ClassWriter,883,406,0.45979614949037373
CE,mockito,16,org.mockito.asm.MethodWriter,org.mockito.asm.ByteVector,300,62,0.20666666666666667
CE,mockito,16,org.mockito.asm.MethodWriter,org.mockito.asm.ClassWriter,883,36,0.04077010192525481
CE,mockito,16,org.mockito.asm.tree.analysis.BasicVerifier,org.mockito.asm.tree.analysis.BasicInterpreter,413,6,0.014527845036319613
CE,mockito,16,org.mockito.asm.tree.analysis.BasicVerifier,org.mockito.asm.tree.analysis.SimpleVerifier,347,23,0.06628242074927954
CE,mockito,16,org.mockito.asm.util.ASMifierClassVisitor,org.mockito.asm.util.ASMifierAbstractVisitor,328,24,0.07317073170731707
CE,mockito,16,org.mockito.cglib.core.CodeEmitter,org.mockito.cglib.core.ClassEmitter,212,1,0.0047169811320754715
CE,mockito,16,org.mockito.cglib.core.CodeEmitter,org.mockito.cglib.core.TypeUtils,725,209,0.2882758620689655
CE,mockito,16,org.mockito.cglib.core.EmitUtils,org.mockito.cglib.core.CodeEmitter,745,46,0.06174496644295302
CE,mockito,16,org.mockito.cglib.proxy.Enhancer,org.mockito.cglib.core.CodeEmitter,745,171,0.2295302013422819
CE,mockito,16,org.mockito.cglib.proxy.Enhancer,org.mockito.cglib.core.ReflectUtils,519,40,0.07707129094412331
CE,mockito,16,org.mockito.cglib.proxy.Mixin$Generator,org.mockito.cglib.core.AbstractClassGenerator,126,3,0.023809523809523808
CE,time,16,org.joda.time.base.AbstractPartial,org.joda.time.MonthDay,286,5,0.017482517482517484
CE,time,16,org.joda.time.base.AbstractPartial,org.joda.time.TimeOfDay,327,32,0.09785932721712538
CE,time,16,org.joda.time.base.AbstractPartial,org.joda.time.YearMonth,299,9,0.030100334448160536
CE,time,16,org.joda.time.base.BasePeriod,org.joda.time.base.AbstractPeriod,132,59,0.44696969696969696
CE,time,16,org.joda.time.chrono.BasicChronology,org.joda.time.chrono.CopticChronology,136,3,0.022058823529411766
CE,time,16,org.joda.time.chrono.BasicChronology,org.joda.time.chrono.EthiopicChronology,133,18,0.13533834586466165
CE,time,16,org.joda.time.chrono.BasicChronology,org.joda.time.chrono.IslamicChronology,352,22,0.0625
CE,time,16,org.joda.time.chrono.BasicWeekyearDateTimeField,org.joda.time.chrono.BasicChronology,503,106,0.21073558648111332
CE,time,16,org.joda.time.chrono.CopticChronology,org.joda.time.DateTimeZone,734,125,0.17029972752043596
CE,time,16,org.joda.time.chrono.GJChronology,org.joda.time.chrono.GJChronology$CutoverField,367,40,0.10899182561307902
CE,time,16,org.joda.time.chrono.GJChronology,org.joda.time.chrono.JulianChronology,157,45,0.28662420382165604
CE,time,16,org.joda.time.chrono.ISOChronology,org.joda.time.chrono.AssembledChronology,359,135,0.37604456824512533
CE,time,16,org.joda.time.chrono.ISOChronology,org.joda.time.DateTimeZone,734,31,0.04223433242506812
CE,time,16,org.joda.time.chrono.ZonedChronology,org.joda.time.chrono.AssembledChronology,359,62,0.17270194986072424
CE,time,16,org.joda.time.chrono.ZonedChronology,org.joda.time.DateTimeZone,734,34,0.04632152588555858
CE,time,16,org.joda.time.chrono.ZonedChronology$ZonedDateTimeField,org.joda.time.DateTimeZone,734,62,0.08446866485013624
CE,time,16,org.joda.time.DateTimeUtils,org.joda.time.DateTimeZone,734,19,0.025885558583106268
CE,time,16,org.joda.time.DateTimeZone,org.joda.time.field.FieldUtils,323,12,0.03715170278637771
CE,time,16,org.joda.time.DateTimeZone,org.joda.time.format.FormatUtils,542,65,0.11992619926199262
CE,time,16,org.joda.time.DateTimeZone,org.joda.time.tz.FixedDateTimeZone,83,18,0.21686746987951808
CE,time,16,org.joda.time.Days,org.joda.time.base.BaseSingleFieldPeriod,228,89,0.39035087719298245
CE,time,16,org.joda.time.format.DateTimeFormat,org.joda.time.format.DateTimeFormat$StyleFormatter,77,8,0.1038961038961039
CE,time,16,org.joda.time.format.DateTimeFormatter,org.joda.time.DateTimeZone,734,14,0.01907356948228883
CE,time,16,org.joda.time.format.DateTimeFormatter,org.joda.time.format.DateTimeParserBucket,274,56,0.20437956204379562
CE,time,16,org.joda.time.format.DateTimeFormatterBuilder$PaddedNumber,org.joda.time.format.DateTimeFormatterBuilder,643,4,0.006220839813374806
CE,time,16,org.joda.time.format.DateTimeFormatterBuilder$TextField,org.joda.time.format.DateTimeParserBucket,274,89,0.3248175182481752
CE,time,16,org.joda.time.format.DateTimeFormatterBuilder$TextField,org.joda.time.MutableDateTime,462,9,0.01948051948051948
CE,time,16,org.joda.time.format.DateTimeParserBucket$SavedState,org.joda.time.format.DateTimeParserBucket,274,15,0.05474452554744526
CE,time,16,org.joda.time.format.ISODateTimeFormat,org.joda.time.format.DateTimeFormatterBuilder,643,5,0.007776049766718507
CE,time,16,org.joda.time.Hours,org.joda.time.base.BaseSingleFieldPeriod,228,95,0.4166666666666667
CE,time,16,org.joda.time.LocalDate,org.joda.time.DateTime,801,2,0.0024968789013732834
CE,time,16,org.joda.time.LocalDateTime,org.joda.time.DateTimeZone,734,30,0.04087193460490463
CE,time,16,org.joda.time.LocalTime$Property,org.joda.time.LocalTime,729,34,0.04663923182441701
CE,time,16,org.joda.time.Minutes,org.joda.time.base.BaseSingleFieldPeriod,228,131,0.5745614035087719
CE,time,16,org.joda.time.MutableInterval,org.joda.time.base.BaseInterval,109,17,0.1559633027522936
CE,time,16,org.joda.time.MutablePeriod,org.joda.time.base.BasePeriod,350,13,0.037142857142857144
CE,time,16,org.joda.time.Period,org.joda.time.base.AbstractPeriod,132,70,0.5303030303030303
CE,time,16,org.joda.time.Period,org.joda.time.base.BasePeriod,350,17,0.04857142857142857
CE,time,16,org.joda.time.Period,org.joda.time.PeriodType,907,572,0.6306504961411246
CE,time,16,org.joda.time.Seconds,org.joda.time.base.BaseSingleFieldPeriod,228,113,0.4956140350877193
CE,time,16,org.joda.time.tz.ZoneInfoCompiler,org.joda.time.DateTimeZone,734,91,0.12397820163487738
CE,time,16,org.joda.time.Weeks,org.joda.time.base.BaseSingleFieldPeriod,228,134,0.5877192982456141
CE,time,16,org.joda.time.YearMonthDay,org.joda.time.base.BasePartial,84,8,0.09523809523809523
CE,closure,17,com.google.javascript.jscomp.NodeUtil,com.google.javascript.rhino.Node,2336,391,0.16738013698630136
CE,closure,17,com.google.javascript.rhino.head.IdScriptableObject,com.google.javascript.rhino.head.ScriptableObject,2420,12,0.0049586776859504135
CE,closure,17,com.google.javascript.rhino.head.Interpreter,com.google.javascript.rhino.head.ScriptableObject,2420,11,0.004545454545454545
CE,closure,17,com.google.javascript.rhino.head.IRFactory,com.google.javascript.rhino.head.Parser,4058,20,0.0049285362247412515
CE,closure,17,com.google.javascript.rhino.head.NativeArray,com.google.javascript.rhino.head.IdScriptableObject,491,14,0.028513238289205704
CE,closure,17,com.google.javascript.rhino.head.NativeArray,com.google.javascript.rhino.head.ScriptableObject,2420,17,0.0070247933884297524
CE,closure,17,com.google.javascript.rhino.head.NativeObject,com.google.javascript.rhino.head.ScriptableObject,2420,167,0.06900826446280992
CE,closure,17,com.google.javascript.rhino.head.ScriptableObject,com.google.javascript.rhino.head.FunctionObject,509,12,0.023575638506876228
CE,closure,17,com.google.javascript.rhino.jstype.JSType,com.google.javascript.rhino.jstype.UnionType,483,25,0.051759834368530024
CE,lang,17,org.apache.commons.lang3.builder.ToStringBuilder,org.apache.commons.lang3.builder.ToStringStyle,793,7,0.008827238335435058
CE,lang,17,org.apache.commons.lang3.concurrent.MultiBackgroundInitializer,org.apache.commons.lang3.concurrent.BackgroundInitializer,63,6,0.09523809523809523
CE,lang,17,org.apache.commons.lang3.StringUtils,org.apache.commons.lang3.ArrayUtils,3057,2,0.0006542361792607131
CE,lang,17,org.apache.commons.lang3.text.StrBuilder$StrBuilderReader,org.apache.commons.lang3.text.StrBuilder,2104,88,0.04182509505703422
CE,lang,17,org.apache.commons.lang3.text.StrSubstitutor,org.apache.commons.lang3.text.StrBuilder,2104,246,0.11692015209125475
CE,lang,17,org.apache.commons.lang3.text.translate.UnicodeEscaper,org.apache.commons.lang3.text.translate.CharSequenceTranslator,76,35,0.4605263157894737
CE,lang,17,org.apache.commons.lang3.time.DurationFormatUtils,org.apache.commons.lang3.time.DurationFormatUtils$Token,79,9,0.11392405063291139
CE,lang,17,org.apache.commons.lang3.time.FastDateFormat,org.apache.commons.lang3.time.FastDateFormat$TextField,20,11,0.55
CE,math,17,org.apache.commons.math.analysis.LaguerreSolver,org.apache.commons.math.complex.Complex,635,15,0.023622047244094488
CE,math,17,org.apache.commons.math.analysis.MullerSolver,org.apache.commons.math.analysis.UnivariateRealSolverImpl,159,100,0.6289308176100629
CE,math,17,org.apache.commons.math.distribution.AbstractIntegerDistribution,org.apache.commons.math.distribution.HypergeometricDistributionImpl,150,65,0.43333333333333335
CE,math,17,org.apache.commons.math.fraction.ProperFractionFormat,org.apache.commons.math.fraction.FractionFormat,171,48,0.2807017543859649
CE,math,17,org.apache.commons.math.geometry.Rotation,org.apache.commons.math.geometry.Vector3D,294,141,0.47959183673469385
CE,math,17,org.apache.commons.math.linear.MatrixUtils,org.apache.commons.math.linear.BigMatrixImpl,1175,113,0.09617021276595744
CE,math,17,org.apache.commons.math.ode.AbstractStepInterpolator,org.apache.commons.math.ode.DormandPrince853StepInterpolator,398,68,0.1708542713567839
CE,math,17,org.apache.commons.math.ode.ContinuousOutputModel,org.apache.commons.math.ode.AbstractStepInterpolator,131,8,0.061068702290076333
CE,math,17,org.apache.commons.math.ode.EmbeddedRungeKuttaIntegrator,org.apache.commons.math.ode.DormandPrince853Integrator,115,12,0.10434782608695652
CE,math,17,org.apache.commons.math.ode.GraggBulirschStoerIntegrator,org.apache.commons.math.ode.AdaptiveStepsizeIntegrator,278,90,0.3237410071942446
CE,math,17,org.apache.commons.math.ode.GraggBulirschStoerIntegrator,org.apache.commons.math.ode.SwitchingFunctionsHandler,117,12,0.10256410256410256
CE,math,17,org.apache.commons.math.ode.GraggBulirschStoerStepInterpolator,org.apache.commons.math.ode.AbstractStepInterpolator,131,5,0.03816793893129771
CE,math,17,org.apache.commons.math.ode.SwitchingFunctionsHandler,org.apache.commons.math.ode.SwitchState,188,30,0.1595744680851064
CE,math,17,org.apache.commons.math.ode.SwitchState,org.apache.commons.math.analysis.BrentSolver,283,2,0.007067137809187279
CE,math,17,org.apache.commons.math.optimization.NelderMead,org.apache.commons.math.optimization.DirectSearchOptimizer,223,92,0.4125560538116592
CE,math,17,org.apache.commons.math.random.EmpiricalDistributionImpl,org.apache.commons.math.stat.descriptive.SummaryStatistics,363,5,0.013774104683195593
CE,math,17,org.apache.commons.math.stat.descriptive.AbstractStorelessUnivariateStatistic,org.apache.commons.math.stat.descriptive.moment.Variance,150,60,0.4
CE,math,17,org.apache.commons.math.stat.descriptive.DescriptiveStatistics,org.apache.commons.math.util.ResizableDoubleArray,305,149,0.4885245901639344
CE,math,17,org.apache.commons.math.stat.inference.TTestImpl,org.apache.commons.math.stat.StatUtils,127,18,0.14173228346456693
CE,math,17,org.apache.commons.math.transform.FastFourierTransformer,org.apache.commons.math.complex.Complex,635,23,0.03622047244094488
CE,mockito,17,org.mockito.asm.AnnotationWriter,org.mockito.asm.ClassWriter,883,468,0.5300113250283126
CE,mockito,17,org.mockito.asm.MethodWriter,org.mockito.asm.ByteVector,300,56,0.18666666666666668
CE,mockito,17,org.mockito.asm.MethodWriter,org.mockito.asm.ClassWriter,883,54,0.061155152887882216
CE,mockito,17,org.mockito.asm.tree.analysis.BasicVerifier,org.mockito.asm.tree.analysis.BasicInterpreter,413,35,0.0847457627118644
CE,mockito,17,org.mockito.asm.tree.analysis.BasicVerifier,org.mockito.asm.tree.analysis.SimpleVerifier,347,10,0.02881844380403458
CE,mockito,17,org.mockito.asm.util.ASMifierClassVisitor,org.mockito.asm.util.ASMifierAbstractVisitor,328,24,0.07317073170731707
CE,mockito,17,org.mockito.cglib.core.CodeEmitter,org.mockito.cglib.core.TypeUtils,725,216,0.2979310344827586
CE,mockito,17,org.mockito.cglib.core.EmitUtils,org.mockito.cglib.core.CodeEmitter,745,13,0.0174496644295302
CE,mockito,17,org.mockito.cglib.proxy.Enhancer,org.mockito.cglib.core.CodeEmitter,745,1,0.0013422818791946308
CE,mockito,17,org.mockito.cglib.proxy.Enhancer,org.mockito.cglib.core.ReflectUtils,519,41,0.0789980732177264
CE,time,17,org.joda.time.base.AbstractPartial,org.joda.time.MonthDay,286,34,0.11888111888111888
CE,time,17,org.joda.time.base.AbstractPartial,org.joda.time.TimeOfDay,327,6,0.01834862385321101
CE,time,17,org.joda.time.base.AbstractPartial,org.joda.time.YearMonth,299,12,0.04013377926421405
CE,time,17,org.joda.time.base.BasePeriod,org.joda.time.base.AbstractPeriod,132,79,0.5984848484848485
CE,time,17,org.joda.time.chrono.BasicChronology,org.joda.time.chrono.EthiopicChronology,133,8,0.06015037593984962
CE,time,17,org.joda.time.chrono.BasicChronology,org.joda.time.chrono.IslamicChronology,352,27,0.07670454545454546
CE,time,17,org.joda.time.chrono.BasicWeekyearDateTimeField,org.joda.time.chrono.BasicChronology,503,31,0.061630218687872766
CE,time,17,org.joda.time.chrono.CopticChronology,org.joda.time.DateTimeZone,734,54,0.07356948228882834
CE,time,17,org.joda.time.chrono.GJChronology,org.joda.time.chrono.GJChronology$CutoverField,367,13,0.035422343324250684
CE,time,17,org.joda.time.chrono.GJChronology,org.joda.time.chrono.JulianChronology,157,49,0.31210191082802546
CE,time,17,org.joda.time.chrono.ISOChronology,org.joda.time.chrono.AssembledChronology,359,78,0.21727019498607242
CE,time,17,org.joda.time.chrono.ISOChronology,org.joda.time.DateTimeZone,734,65,0.0885558583106267
CE,time,17,org.joda.time.chrono.ZonedChronology,org.joda.time.chrono.AssembledChronology,359,66,0.18384401114206128
CE,time,17,org.joda.time.chrono.ZonedChronology$ZonedDateTimeField,org.joda.time.DateTimeZone,734,25,0.0340599455040872
CE,time,17,org.joda.time.DateTimeUtils,org.joda.time.DateTimeZone,734,98,0.1335149863760218
CE,time,17,org.joda.time.DateTimeZone,org.joda.time.field.FieldUtils,323,12,0.03715170278637771
CE,time,17,org.joda.time.DateTimeZone,org.joda.time.format.DateTimeFormat,642,2,0.003115264797507788
CE,time,17,org.joda.time.DateTimeZone,org.joda.time.format.FormatUtils,542,61,0.11254612546125461
CE,time,17,org.joda.time.DateTimeZone,org.joda.time.tz.FixedDateTimeZone,83,21,0.25301204819277107
CE,time,17,org.joda.time.Days,org.joda.time.base.BaseSingleFieldPeriod,228,112,0.49122807017543857
CE,time,17,org.joda.time.format.DateTimeFormat,org.joda.time.format.DateTimeFormatterBuilder,643,6,0.00933125972006221
CE,time,17,org.joda.time.format.DateTimeFormatter,org.joda.time.DateTimeZone,734,5,0.006811989100817439
CE,time,17,org.joda.time.format.DateTimeFormatter,org.joda.time.format.DateTimeParserBucket,274,47,0.17153284671532848
CE,time,17,org.joda.time.format.DateTimeFormatterBuilder$PaddedNumber,org.joda.time.format.DateTimeFormatterBuilder,643,2,0.003110419906687403
CE,time,17,org.joda.time.format.DateTimeFormatterBuilder$TextField,org.joda.time.format.DateTimeParserBucket,274,66,0.24087591240875914
CE,time,17,org.joda.time.format.DateTimeFormatterBuilder$TextField,org.joda.time.MutableDateTime,462,11,0.023809523809523808
CE,time,17,org.joda.time.format.DateTimeParserBucket$SavedState,org.joda.time.format.DateTimeParserBucket,274,15,0.05474452554744526
CE,time,17,org.joda.time.format.ISODateTimeFormat,org.joda.time.format.DateTimeFormatterBuilder,643,4,0.006220839813374806
CE,time,17,org.joda.time.Hours,org.joda.time.base.BaseSingleFieldPeriod,228,91,0.3991228070175439
CE,time,17,org.joda.time.LocalDate,org.joda.time.format.ISODateTimeFormat,1510,1,0.0006622516556291391
CE,time,17,org.joda.time.LocalDateTime,org.joda.time.DateTimeZone,734,121,0.164850136239782
CE,time,17,org.joda.time.LocalDateTime,org.joda.time.format.DateTimeFormatter,466,5,0.01072961373390558
CE,time,17,org.joda.time.LocalTime$Property,org.joda.time.LocalTime,729,8,0.010973936899862825
CE,time,17,org.joda.time.Minutes,org.joda.time.base.BaseSingleFieldPeriod,228,110,0.4824561403508772
CE,time,17,org.joda.time.MutableInterval,org.joda.time.base.BaseInterval,109,19,0.1743119266055046
CE,time,17,org.joda.time.MutablePeriod,org.joda.time.base.BasePeriod,350,11,0.03142857142857143
CE,time,17,org.joda.time.Period,org.joda.time.base.AbstractPeriod,132,72,0.5454545454545454
CE,time,17,org.joda.time.Period,org.joda.time.base.BasePeriod,350,11,0.03142857142857143
CE,time,17,org.joda.time.Period,org.joda.time.PeriodType,907,831,0.9162072767364939
CE,time,17,org.joda.time.Seconds,org.joda.time.base.BaseSingleFieldPeriod,228,120,0.5263157894736842
CE,time,17,org.joda.time.tz.ZoneInfoCompiler,org.joda.time.DateTimeZone,734,72,0.09809264305177112
CE,time,17,org.joda.time.Weeks,org.joda.time.base.BaseSingleFieldPeriod,228,123,0.5394736842105263
CE,time,17,org.joda.time.YearMonthDay,org.joda.time.base.BasePartial,84,12,0.14285714285714285
CE,closure,18,com.google.javascript.rhino.head.IdScriptableObject,com.google.javascript.rhino.head.ScriptableObject,2403,155,0.06450270495214315
CE,closure,18,com.google.javascript.rhino.head.IRFactory,com.google.javascript.rhino.head.Parser,4058,13,0.0032035485460818135
CE,closure,18,com.google.javascript.rhino.head.NativeArray,com.google.javascript.rhino.head.ScriptableObject,2403,2,0.0008322929671244278
CE,closure,18,com.google.javascript.rhino.head.NativeArray,com.google.javascript.rhino.head.ScriptRuntime,4548,33,0.007255936675461741
CE,closure,18,com.google.javascript.rhino.head.regexp.NativeRegExp,com.google.javascript.rhino.head.ScriptRuntime,4548,25,0.005496921723834653
CE,closure,18,com.google.javascript.rhino.head.ScriptRuntime,com.google.javascript.rhino.head.ScriptableObject,2403,20,0.008322929671244279
CE,closure,18,com.google.javascript.rhino.head.tools.debugger.Dim,com.google.javascript.rhino.head.ScriptRuntime,4548,20,0.0043975373790677225
CE,closure,18,com.google.javascript.rhino.JSDocInfoBuilder,com.google.javascript.rhino.JSDocInfo,954,274,0.28721174004192873
CE,closure,18,com.google.javascript.rhino.jstype.JSType,com.google.javascript.rhino.jstype.FunctionType,1240,264,0.2129032258064516
CE,closure,18,com.google.javascript.rhino.jstype.JSType,com.google.javascript.rhino.jstype.UnionType,483,26,0.053830227743271224
CE,lang,18,org.apache.commons.lang3.builder.ReflectionToStringBuilder,org.apache.commons.lang3.builder.ToStringBuilder,222,7,0.03153153153153153
CE,lang,18,org.apache.commons.lang3.builder.ToStringBuilder,org.apache.commons.lang3.builder.ToStringStyle,793,2,0.0025220680958385876
CE,lang,18,org.apache.commons.lang3.concurrent.MultiBackgroundInitializer,org.apache.commons.lang3.concurrent.BackgroundInitializer,63,4,0.06349206349206349
CE,lang,18,org.apache.commons.lang3.StringUtils,org.apache.commons.lang3.ArrayUtils,3057,5,0.0016355904481517827
CE,lang,18,org.apache.commons.lang3.text.StrBuilder$StrBuilderReader,org.apache.commons.lang3.text.StrBuilder,2104,81,0.03849809885931559
CE,lang,18,org.apache.commons.lang3.text.StrSubstitutor,org.apache.commons.lang3.text.StrBuilder,2104,234,0.1112167300380228
CE,lang,18,org.apache.commons.lang3.text.translate.UnicodeEscaper,org.apache.commons.lang3.text.translate.CharSequenceTranslator,76,35,0.4605263157894737
CE,lang,18,org.apache.commons.lang3.time.DurationFormatUtils,org.apache.commons.lang3.time.DurationFormatUtils$Token,79,20,0.25316455696202533
CE,lang,18,org.apache.commons.lang3.time.FastDateFormat,org.apache.commons.lang3.time.FastDateFormat$TextField,20,4,0.2
CE,math,18,org.apache.commons.math.analysis.LaguerreSolver,org.apache.commons.math.complex.Complex,635,17,0.026771653543307086
CE,math,18,org.apache.commons.math.analysis.MullerSolver,org.apache.commons.math.analysis.UnivariateRealSolverImpl,159,100,0.6289308176100629
CE,math,18,org.apache.commons.math.distribution.AbstractIntegerDistribution,org.apache.commons.math.distribution.HypergeometricDistributionImpl,150,59,0.3933333333333333
CE,math,18,org.apache.commons.math.fraction.ProperFractionFormat,org.apache.commons.math.fraction.FractionFormat,171,91,0.5321637426900585
CE,math,18,org.apache.commons.math.geometry.Rotation,org.apache.commons.math.geometry.Vector3D,294,137,0.46598639455782315
CE,math,18,org.apache.commons.math.linear.MatrixUtils,org.apache.commons.math.linear.BigMatrixImpl,1175,111,0.09446808510638298
CE,math,18,org.apache.commons.math.ode.AbstractStepInterpolator,org.apache.commons.math.ode.DormandPrince853StepInterpolator,398,71,0.17839195979899497
CE,math,18,org.apache.commons.math.ode.ContinuousOutputModel,org.apache.commons.math.ode.AbstractStepInterpolator,131,9,0.06870229007633588
CE,math,18,org.apache.commons.math.ode.EmbeddedRungeKuttaIntegrator,org.apache.commons.math.ode.DormandPrince853Integrator,115,9,0.0782608695652174
CE,math,18,org.apache.commons.math.ode.EmbeddedRungeKuttaIntegrator,org.apache.commons.math.ode.HighamHall54Integrator,50,4,0.08
CE,math,18,org.apache.commons.math.ode.GraggBulirschStoerIntegrator,org.apache.commons.math.ode.AdaptiveStepsizeIntegrator,278,84,0.302158273381295
CE,math,18,org.apache.commons.math.ode.GraggBulirschStoerIntegrator,org.apache.commons.math.ode.SwitchingFunctionsHandler,117,3,0.02564102564102564
CE,math,18,org.apache.commons.math.ode.GraggBulirschStoerStepInterpolator,org.apache.commons.math.ode.AbstractStepInterpolator,131,6,0.04580152671755725
CE,math,18,org.apache.commons.math.ode.SwitchingFunctionsHandler,org.apache.commons.math.ode.SwitchState,188,29,0.15425531914893617
CE,math,18,org.apache.commons.math.optimization.NelderMead,org.apache.commons.math.optimization.DirectSearchOptimizer,223,110,0.49327354260089684
CE,math,18,org.apache.commons.math.random.EmpiricalDistributionImpl,org.apache.commons.math.stat.descriptive.SummaryStatistics,363,2,0.005509641873278237
CE,math,18,org.apache.commons.math.stat.descriptive.AbstractStorelessUnivariateStatistic,org.apache.commons.math.stat.descriptive.moment.Variance,150,31,0.20666666666666667
CE,math,18,org.apache.commons.math.stat.descriptive.DescriptiveStatistics,org.apache.commons.math.util.ResizableDoubleArray,305,135,0.4426229508196721
CE,math,18,org.apache.commons.math.stat.inference.TTestImpl,org.apache.commons.math.stat.StatUtils,127,31,0.2440944881889764
CE,math,18,org.apache.commons.math.transform.FastFourierTransformer,org.apache.commons.math.complex.Complex,635,16,0.025196850393700787
CE,mockito,18,org.mockito.asm.AnnotationWriter,org.mockito.asm.ClassWriter,883,403,0.4563986409966025
CE,mockito,18,org.mockito.asm.MethodWriter,org.mockito.asm.ByteVector,300,92,0.30666666666666664
CE,mockito,18,org.mockito.asm.MethodWriter,org.mockito.asm.ClassWriter,883,77,0.08720271800679502
CE,mockito,18,org.mockito.asm.tree.analysis.BasicVerifier,org.mockito.asm.tree.analysis.BasicInterpreter,413,31,0.07506053268765134
CE,mockito,18,org.mockito.asm.tree.analysis.BasicVerifier,org.mockito.asm.tree.analysis.SimpleVerifier,347,14,0.040345821325648415
CE,mockito,18,org.mockito.cglib.core.CodeEmitter,org.mockito.cglib.core.TypeUtils,725,222,0.3062068965517241
CE,mockito,18,org.mockito.cglib.core.EmitUtils,org.mockito.cglib.core.CodeEmitter,745,18,0.024161073825503355
CE,mockito,18,org.mockito.cglib.proxy.Enhancer,org.mockito.cglib.core.ReflectUtils,519,37,0.07129094412331406
CE,mockito,18,org.mockito.cglib.proxy.Mixin$Generator,org.mockito.cglib.core.ReflectUtils,519,73,0.14065510597302505
CE,time,18,org.joda.time.base.AbstractPartial,org.joda.time.MonthDay,286,5,0.017482517482517484
CE,time,18,org.joda.time.base.AbstractPartial,org.joda.time.TimeOfDay,327,1,0.0030581039755351682
CE,time,18,org.joda.time.base.AbstractPartial,org.joda.time.YearMonth,299,22,0.07357859531772576
CE,time,18,org.joda.time.base.BasePeriod,org.joda.time.base.AbstractPeriod,132,82,0.6212121212121212
CE,time,18,org.joda.time.chrono.BasicChronology,org.joda.time.chrono.CopticChronology,136,22,0.16176470588235295
CE,time,18,org.joda.time.chrono.BasicChronology,org.joda.time.chrono.EthiopicChronology,133,18,0.13533834586466165
CE,time,18,org.joda.time.chrono.BasicChronology,org.joda.time.chrono.IslamicChronology,352,172,0.48863636363636365
CE,time,18,org.joda.time.chrono.BasicWeekyearDateTimeField,org.joda.time.chrono.BasicChronology,503,5,0.009940357852882704
CE,time,18,org.joda.time.chrono.CopticChronology,org.joda.time.DateTimeZone,735,51,0.06938775510204082
CE,time,18,org.joda.time.chrono.GJChronology,org.joda.time.chrono.GJChronology$CutoverField,367,38,0.10354223433242507
CE,time,18,org.joda.time.chrono.GJChronology,org.joda.time.chrono.JulianChronology,157,25,0.1592356687898089
CE,time,18,org.joda.time.chrono.ISOChronology,org.joda.time.chrono.AssembledChronology,359,133,0.37047353760445684
CE,time,18,org.joda.time.chrono.ISOChronology,org.joda.time.DateTimeZone,735,33,0.044897959183673466
CE,time,18,org.joda.time.chrono.ZonedChronology,org.joda.time.chrono.AssembledChronology,359,45,0.12534818941504178
CE,time,18,org.joda.time.chrono.ZonedChronology,org.joda.time.DateTimeZone,735,91,0.12380952380952381
CE,time,18,org.joda.time.chrono.ZonedChronology$ZonedDateTimeField,org.joda.time.DateTimeZone,735,41,0.055782312925170066
CE,time,18,org.joda.time.DateTimeUtils,org.joda.time.DateTimeZone,735,69,0.09387755102040816
CE,time,18,org.joda.time.DateTimeZone,org.joda.time.field.FieldUtils,323,12,0.03715170278637771
CE,time,18,org.joda.time.DateTimeZone,org.joda.time.format.FormatUtils,542,56,0.1033210332103321
CE,time,18,org.joda.time.DateTimeZone,org.joda.time.tz.FixedDateTimeZone,83,21,0.25301204819277107
CE,time,18,org.joda.time.Days,org.joda.time.base.BaseSingleFieldPeriod,228,112,0.49122807017543857
CE,time,18,org.joda.time.format.DateTimeFormat,org.joda.time.format.DateTimeFormat$StyleFormatter,77,17,0.22077922077922077
CE,time,18,org.joda.time.format.DateTimeFormat,org.joda.time.format.DateTimeFormatterBuilder,642,3,0.004672897196261682
CE,time,18,org.joda.time.format.DateTimeFormatter,org.joda.time.DateTimeZone,735,19,0.02585034013605442
CE,time,18,org.joda.time.format.DateTimeFormatter,org.joda.time.format.DateTimeParserBucket,274,71,0.2591240875912409
CE,time,18,org.joda.time.format.DateTimeFormatterBuilder$PaddedNumber,org.joda.time.format.DateTimeFormatterBuilder,642,18,0.028037383177570093
CE,time,18,org.joda.time.format.DateTimeFormatterBuilder$TextField,org.joda.time.format.DateTimeParserBucket,274,44,0.16058394160583941
CE,time,18,org.joda.time.format.DateTimeFormatterBuilder$TextField,org.joda.time.MutableDateTime,462,11,0.023809523809523808
CE,time,18,org.joda.time.format.DateTimeParserBucket$SavedState,org.joda.time.format.DateTimeParserBucket,274,15,0.05474452554744526
CE,time,18,org.joda.time.format.ISODateTimeFormat,org.joda.time.format.DateTimeFormatterBuilder,642,14,0.021806853582554516
CE,time,18,org.joda.time.Hours,org.joda.time.base.BaseSingleFieldPeriod,228,123,0.5394736842105263
CE,time,18,org.joda.time.LocalDate,org.joda.time.format.ISODateTimeFormat,1510,4,0.0026490066225165563
CE,time,18,org.joda.time.LocalDateTime,org.joda.time.DateTimeZone,735,62,0.08435374149659863
CE,time,18,org.joda.time.LocalTime$Property,org.joda.time.LocalTime,729,18,0.024691358024691357
CE,time,18,org.joda.time.Minutes,org.joda.time.base.BaseSingleFieldPeriod,228,136,0.5964912280701754
CE,time,18,org.joda.time.MutableInterval,org.joda.time.base.BaseInterval,109,12,0.11009174311926606
CE,time,18,org.joda.time.MutablePeriod,org.joda.time.base.BasePeriod,350,20,0.05714285714285714
CE,time,18,org.joda.time.Period,org.joda.time.base.AbstractPeriod,132,68,0.5151515151515151
CE,time,18,org.joda.time.Period,org.joda.time.base.BasePeriod,350,5,0.014285714285714285
CE,time,18,org.joda.time.Period,org.joda.time.PeriodType,907,839,0.9250275633958104
CE,time,18,org.joda.time.Seconds,org.joda.time.base.BaseSingleFieldPeriod,228,129,0.5657894736842105
CE,time,18,org.joda.time.tz.ZoneInfoCompiler,org.joda.time.DateTimeZone,735,119,0.1619047619047619
CE,time,18,org.joda.time.Weeks,org.joda.time.base.BaseSingleFieldPeriod,228,100,0.43859649122807015
CE,time,18,org.joda.time.YearMonthDay,org.joda.time.base.BasePartial,84,5,0.05952380952380952
CE,closure,19,com.google.javascript.rhino.head.IdScriptableObject,com.google.javascript.rhino.head.ScriptableObject,2404,94,0.039101497504159734
CE,closure,19,com.google.javascript.rhino.head.NativeArray,com.google.javascript.rhino.head.IdScriptableObject,491,18,0.03665987780040733
CE,closure,19,com.google.javascript.rhino.head.NativeArray,com.google.javascript.rhino.head.ScriptableObject,2404,4,0.0016638935108153079
CE,closure,19,com.google.javascript.rhino.head.regexp.NativeRegExp,com.google.javascript.rhino.head.ScriptRuntime,4564,15,0.003286590709903593
CE,closure,19,com.google.javascript.rhino.head.ScriptableObject,com.google.javascript.rhino.head.FunctionObject,509,20,0.03929273084479371
CE,closure,19,com.google.javascript.rhino.head.tools.debugger.Dim,com.google.javascript.rhino.head.ScriptRuntime,4564,11,0.0024101665205959683
CE,closure,19,com.google.javascript.rhino.jstype.JSType,com.google.javascript.rhino.jstype.UnionType,483,28,0.057971014492753624
CE,lang,19,org.apache.commons.lang3.builder.ReflectionToStringBuilder,org.apache.commons.lang3.builder.ToStringBuilder,222,2,0.009009009009009009
CE,lang,19,org.apache.commons.lang3.concurrent.MultiBackgroundInitializer,org.apache.commons.lang3.concurrent.BackgroundInitializer,63,3,0.047619047619047616
CE,lang,19,org.apache.commons.lang3.text.StrBuilder$StrBuilderReader,org.apache.commons.lang3.text.StrBuilder,2104,93,0.04420152091254753
CE,lang,19,org.apache.commons.lang3.text.StrSubstitutor,org.apache.commons.lang3.text.StrBuilder,2104,307,0.14591254752851712
CE,lang,19,org.apache.commons.lang3.text.translate.UnicodeEscaper,org.apache.commons.lang3.text.translate.CharSequenceTranslator,76,35,0.4605263157894737
CE,lang,19,org.apache.commons.lang3.time.DurationFormatUtils,org.apache.commons.lang3.time.DurationFormatUtils$Token,79,20,0.25316455696202533
CE,lang,19,org.apache.commons.lang3.time.FastDateFormat,org.apache.commons.lang3.time.FastDateFormat$TextField,20,12,0.6
CE,math,19,org.apache.commons.math.analysis.LaguerreSolver,org.apache.commons.math.complex.Complex,635,36,0.05669291338582677
CE,math,19,org.apache.commons.math.analysis.MullerSolver,org.apache.commons.math.analysis.UnivariateRealSolverImpl,159,106,0.6666666666666666
CE,math,19,org.apache.commons.math.distribution.AbstractIntegerDistribution,org.apache.commons.math.distribution.HypergeometricDistributionImpl,150,49,0.32666666666666666
CE,math,19,org.apache.commons.math.fraction.ProperFractionFormat,org.apache.commons.math.fraction.FractionFormat,171,97,0.5672514619883041
CE,math,19,org.apache.commons.math.geometry.Rotation,org.apache.commons.math.geometry.Vector3D,294,161,0.5476190476190477
CE,math,19,org.apache.commons.math.linear.MatrixUtils,org.apache.commons.math.linear.BigMatrixImpl,1175,108,0.09191489361702128
CE,math,19,org.apache.commons.math.ode.AbstractStepInterpolator,org.apache.commons.math.ode.DormandPrince853StepInterpolator,398,70,0.17587939698492464
CE,math,19,org.apache.commons.math.ode.ContinuousOutputModel,org.apache.commons.math.ode.AbstractStepInterpolator,131,7,0.05343511450381679
CE,math,19,org.apache.commons.math.ode.EmbeddedRungeKuttaIntegrator,org.apache.commons.math.ode.DormandPrince853Integrator,115,12,0.10434782608695652
CE,math,19,org.apache.commons.math.ode.GraggBulirschStoerIntegrator,org.apache.commons.math.ode.AdaptiveStepsizeIntegrator,278,83,0.29856115107913667
CE,math,19,org.apache.commons.math.ode.GraggBulirschStoerIntegrator,org.apache.commons.math.ode.SwitchingFunctionsHandler,117,11,0.09401709401709402
CE,math,19,org.apache.commons.math.ode.GraggBulirschStoerStepInterpolator,org.apache.commons.math.ode.AbstractStepInterpolator,131,10,0.07633587786259542
CE,math,19,org.apache.commons.math.ode.SwitchingFunctionsHandler,org.apache.commons.math.ode.SwitchState,188,36,0.19148936170212766
CE,math,19,org.apache.commons.math.ode.SwitchState,org.apache.commons.math.analysis.BrentSolver,283,8,0.028268551236749116
CE,math,19,org.apache.commons.math.optimization.NelderMead,org.apache.commons.math.optimization.DirectSearchOptimizer,223,135,0.6053811659192825
CE,math,19,org.apache.commons.math.random.EmpiricalDistributionImpl,org.apache.commons.math.stat.descriptive.SummaryStatistics,363,2,0.005509641873278237
CE,math,19,org.apache.commons.math.stat.descriptive.AbstractStorelessUnivariateStatistic,org.apache.commons.math.stat.descriptive.moment.Variance,150,59,0.3933333333333333
CE,math,19,org.apache.commons.math.stat.descriptive.DescriptiveStatistics,org.apache.commons.math.util.ResizableDoubleArray,305,120,0.39344262295081966
CE,math,19,org.apache.commons.math.stat.inference.TTestImpl,org.apache.commons.math.stat.StatUtils,127,20,0.15748031496062992
CE,math,19,org.apache.commons.math.transform.FastFourierTransformer,org.apache.commons.math.complex.Complex,635,25,0.03937007874015748
CE,mockito,19,org.mockito.asm.AnnotationWriter,org.mockito.asm.ClassWriter,883,495,0.5605889014722537
CE,mockito,19,org.mockito.asm.MethodWriter,org.mockito.asm.ByteVector,300,87,0.29
CE,mockito,19,org.mockito.asm.MethodWriter,org.mockito.asm.ClassWriter,883,95,0.10758776896942242
CE,mockito,19,org.mockito.asm.tree.analysis.BasicVerifier,org.mockito.asm.tree.analysis.BasicInterpreter,413,25,0.06053268765133172
CE,mockito,19,org.mockito.asm.tree.analysis.BasicVerifier,org.mockito.asm.tree.analysis.SimpleVerifier,347,11,0.03170028818443804
CE,mockito,19,org.mockito.asm.util.ASMifierClassVisitor,org.mockito.asm.util.ASMifierAbstractVisitor,328,24,0.07317073170731707
CE,mockito,19,org.mockito.cglib.core.ClassEmitter,org.mockito.cglib.transform.impl.InterceptFieldTransformer,188,10,0.05319148936170213
CE,mockito,19,org.mockito.cglib.core.CodeEmitter,org.mockito.cglib.core.ClassEmitter,212,1,0.0047169811320754715
CE,mockito,19,org.mockito.cglib.core.CodeEmitter,org.mockito.cglib.core.TypeUtils,725,228,0.31448275862068964
CE,mockito,19,org.mockito.cglib.core.EmitUtils,org.mockito.cglib.core.CodeEmitter,745,14,0.01879194630872483
CE,mockito,19,org.mockito.cglib.proxy.Enhancer,org.mockito.cglib.core.ReflectUtils,519,43,0.08285163776493257
CE,mockito,19,org.mockito.cglib.proxy.Mixin$Generator,org.mockito.cglib.core.AbstractClassGenerator,126,2,0.015873015873015872
CE,mockito,19,org.mockito.cglib.proxy.Mixin$Generator,org.mockito.cglib.core.ReflectUtils,519,71,0.13680154142581888
CE,time,19,org.joda.time.base.AbstractPartial,org.joda.time.MonthDay,286,8,0.027972027972027972
CE,time,19,org.joda.time.base.AbstractPartial,org.joda.time.TimeOfDay,327,4,0.012232415902140673
CE,time,19,org.joda.time.base.AbstractPartial,org.joda.time.YearMonth,299,39,0.13043478260869565
CE,time,19,org.joda.time.base.BasePeriod,org.joda.time.base.AbstractPeriod,132,80,0.6060606060606061
CE,time,19,org.joda.time.chrono.BasicChronology,org.joda.time.chrono.CopticChronology,136,4,0.029411764705882353
CE,time,19,org.joda.time.chrono.BasicChronology,org.joda.time.chrono.EthiopicChronology,133,8,0.06015037593984962
CE,time,19,org.joda.time.chrono.BasicChronology,org.joda.time.chrono.IslamicChronology,352,165,0.46875
CE,time,19,org.joda.time.chrono.BasicWeekyearDateTimeField,org.joda.time.chrono.BasicChronology,503,12,0.02385685884691849
CE,time,19,org.joda.time.chrono.CopticChronology,org.joda.time.DateTimeZone,734,22,0.02997275204359673
CE,time,19,org.joda.time.chrono.GJChronology,org.joda.time.chrono.GJChronology$CutoverField,367,32,0.08719346049046321
CE,time,19,org.joda.time.chrono.GJChronology,org.joda.time.chrono.JulianChronology,157,39,0.2484076433121019
CE,time,19,org.joda.time.chrono.ISOChronology,org.joda.time.chrono.AssembledChronology,359,80,0.22284122562674094
CE,time,19,org.joda.time.chrono.ISOChronology,org.joda.time.DateTimeZone,734,21,0.02861035422343324
CE,time,19,org.joda.time.chrono.ZonedChronology,org.joda.time.chrono.AssembledChronology,359,146,0.40668523676880225
CE,time,19,org.joda.time.chrono.ZonedChronology$ZonedDateTimeField,org.joda.time.DateTimeZone,734,37,0.05040871934604905
CE,time,19,org.joda.time.DateTimeUtils,org.joda.time.DateTimeZone,734,12,0.01634877384196185
CE,time,19,org.joda.time.DateTimeZone,org.joda.time.field.FieldUtils,323,12,0.03715170278637771
CE,time,19,org.joda.time.DateTimeZone,org.joda.time.format.FormatUtils,542,52,0.0959409594095941
CE,time,19,org.joda.time.DateTimeZone,org.joda.time.tz.FixedDateTimeZone,83,18,0.21686746987951808
CE,time,19,org.joda.time.Days,org.joda.time.base.BaseSingleFieldPeriod,228,111,0.4868421052631579
CE,time,19,org.joda.time.format.DateTimeFormat,org.joda.time.format.DateTimeFormat$StyleFormatter,77,8,0.1038961038961039
CE,time,19,org.joda.time.format.DateTimeFormat,org.joda.time.format.DateTimeFormatterBuilder,642,9,0.014018691588785047
CE,time,19,org.joda.time.format.DateTimeFormatter,org.joda.time.DateTimeZone,734,25,0.0340599455040872
CE,time,19,org.joda.time.format.DateTimeFormatter,org.joda.time.format.DateTimeParserBucket,274,35,0.12773722627737227
CE,time,19,org.joda.time.format.DateTimeFormatterBuilder$PaddedNumber,org.joda.time.format.DateTimeFormatterBuilder,642,72,0.11214953271028037
CE,time,19,org.joda.time.format.DateTimeFormatterBuilder$TextField,org.joda.time.format.DateTimeParserBucket,274,63,0.22992700729927007
CE,time,19,org.joda.time.format.DateTimeFormatterBuilder$TextField,org.joda.time.MutableDateTime,462,8,0.017316017316017316
CE,time,19,org.joda.time.format.DateTimeParserBucket$SavedState,org.joda.time.format.DateTimeParserBucket,274,16,0.058394160583941604
CE,time,19,org.joda.time.format.ISODateTimeFormat,org.joda.time.format.DateTimeFormatterBuilder,642,13,0.020249221183800622
CE,time,19,org.joda.time.Hours,org.joda.time.base.BaseSingleFieldPeriod,228,77,0.33771929824561403
CE,time,19,org.joda.time.LocalDate,org.joda.time.format.ISODateTimeFormat,1510,1,0.0006622516556291391
CE,time,19,org.joda.time.LocalDateTime,org.joda.time.DateTimeZone,734,30,0.04087193460490463
CE,time,19,org.joda.time.LocalDateTime,org.joda.time.format.DateTimeFormatter,466,3,0.006437768240343348
CE,time,19,org.joda.time.LocalTime$Property,org.joda.time.LocalTime,729,109,0.149519890260631
CE,time,19,org.joda.time.Minutes,org.joda.time.base.BaseSingleFieldPeriod,228,141,0.618421052631579
CE,time,19,org.joda.time.MutableInterval,org.joda.time.base.BaseInterval,109,21,0.1926605504587156
CE,time,19,org.joda.time.MutablePeriod,org.joda.time.base.BasePeriod,350,8,0.022857142857142857
CE,time,19,org.joda.time.Period,org.joda.time.base.AbstractPeriod,132,73,0.553030303030303
CE,time,19,org.joda.time.Period,org.joda.time.base.BasePeriod,350,2,0.005714285714285714
CE,time,19,org.joda.time.Period,org.joda.time.PeriodType,907,824,0.9084895259095921
CE,time,19,org.joda.time.Seconds,org.joda.time.base.BaseSingleFieldPeriod,228,140,0.6140350877192983
CE,time,19,org.joda.time.tz.ZoneInfoCompiler,org.joda.time.DateTimeZone,734,80,0.10899182561307902
CE,time,19,org.joda.time.Weeks,org.joda.time.base.BaseSingleFieldPeriod,228,117,0.5131578947368421
CE,time,19,org.joda.time.YearMonthDay,org.joda.time.base.BasePartial,84,8,0.09523809523809523
CE,closure,20,com.google.javascript.rhino.head.IdScriptableObject,com.google.javascript.rhino.head.ScriptableObject,2404,8,0.0033277870216306157
CE,closure,20,com.google.javascript.rhino.head.IRFactory,com.google.javascript.rhino.head.Node,670,61,0.09104477611940298
CE,closure,20,com.google.javascript.rhino.head.IRFactory,com.google.javascript.rhino.head.Parser,4058,10,0.0024642681123706258
CE,closure,20,com.google.javascript.rhino.head.NativeArray,com.google.javascript.rhino.head.IdScriptableObject,491,11,0.02240325865580448
CE,closure,20,com.google.javascript.rhino.head.NativeArray,com.google.javascript.rhino.head.ScriptableObject,2404,19,0.007903494176372712
CE,closure,20,com.google.javascript.rhino.head.regexp.NativeRegExp,com.google.javascript.rhino.head.ScriptRuntime,4599,16,0.0034790171776473144
CE,closure,20,com.google.javascript.rhino.head.ScriptableObject,com.google.javascript.rhino.head.FunctionObject,509,24,0.047151277013752456
CE,closure,20,com.google.javascript.rhino.JSDocInfoBuilder,com.google.javascript.rhino.JSDocInfo,954,527,0.5524109014675053
CE,closure,20,com.google.javascript.rhino.jstype.JSType,com.google.javascript.rhino.jstype.ProxyObjectType,345,4,0.011594202898550725
CE,closure,20,com.google.javascript.rhino.jstype.JSType,com.google.javascript.rhino.jstype.UnionType,483,5,0.010351966873706004
CE,lang,20,org.apache.commons.lang3.builder.ToStringBuilder,org.apache.commons.lang3.builder.ToStringStyle,793,5,0.006305170239596469
CE,lang,20,org.apache.commons.lang3.concurrent.MultiBackgroundInitializer,org.apache.commons.lang3.concurrent.BackgroundInitializer,63,7,0.1111111111111111
CE,lang,20,org.apache.commons.lang3.text.StrBuilder$StrBuilderReader,org.apache.commons.lang3.text.StrBuilder,2104,69,0.03279467680608365
CE,lang,20,org.apache.commons.lang3.text.StrSubstitutor,org.apache.commons.lang3.text.StrBuilder,2104,260,0.12357414448669202
CE,lang,20,org.apache.commons.lang3.text.translate.UnicodeEscaper,org.apache.commons.lang3.text.translate.CharSequenceTranslator,76,35,0.4605263157894737
CE,lang,20,org.apache.commons.lang3.time.DurationFormatUtils,org.apache.commons.lang3.time.DurationFormatUtils$Token,79,15,0.189873417721519
CE,lang,20,org.apache.commons.lang3.time.FastDateFormat,org.apache.commons.lang3.time.FastDateFormat$TextField,20,4,0.2
CE,math,20,org.apache.commons.math.analysis.LaguerreSolver,org.apache.commons.math.complex.Complex,635,2,0.0031496062992125984
CE,math,20,org.apache.commons.math.analysis.MullerSolver,org.apache.commons.math.analysis.UnivariateRealSolverImpl,159,106,0.6666666666666666
CE,math,20,org.apache.commons.math.distribution.AbstractIntegerDistribution,org.apache.commons.math.distribution.HypergeometricDistributionImpl,150,55,0.36666666666666664
CE,math,20,org.apache.commons.math.fraction.ProperFractionFormat,org.apache.commons.math.fraction.FractionFormat,171,93,0.543859649122807
CE,math,20,org.apache.commons.math.geometry.Rotation,org.apache.commons.math.geometry.Vector3D,294,115,0.391156462585034
CE,math,20,org.apache.commons.math.linear.MatrixUtils,org.apache.commons.math.linear.BigMatrixImpl,1175,102,0.08680851063829788
CE,math,20,org.apache.commons.math.ode.AbstractStepInterpolator,org.apache.commons.math.ode.DormandPrince853StepInterpolator,398,66,0.1658291457286432
CE,math,20,org.apache.commons.math.ode.ContinuousOutputModel,org.apache.commons.math.ode.AbstractStepInterpolator,131,8,0.061068702290076333
CE,math,20,org.apache.commons.math.ode.EmbeddedRungeKuttaIntegrator,org.apache.commons.math.ode.DormandPrince853Integrator,115,11,0.09565217391304348
CE,math,20,org.apache.commons.math.ode.EmbeddedRungeKuttaIntegrator,org.apache.commons.math.ode.HighamHall54Integrator,50,5,0.1
CE,math,20,org.apache.commons.math.ode.GraggBulirschStoerIntegrator,org.apache.commons.math.ode.AdaptiveStepsizeIntegrator,278,88,0.31654676258992803
CE,math,20,org.apache.commons.math.ode.GraggBulirschStoerIntegrator,org.apache.commons.math.ode.SwitchingFunctionsHandler,117,4,0.03418803418803419
CE,math,20,org.apache.commons.math.ode.GraggBulirschStoerStepInterpolator,org.apache.commons.math.ode.AbstractStepInterpolator,131,10,0.07633587786259542
CE,math,20,org.apache.commons.math.ode.SwitchingFunctionsHandler,org.apache.commons.math.ode.SwitchState,188,23,0.12234042553191489
CE,math,20,org.apache.commons.math.ode.SwitchState,org.apache.commons.math.analysis.BrentSolver,283,6,0.02120141342756184
CE,math,20,org.apache.commons.math.optimization.NelderMead,org.apache.commons.math.optimization.DirectSearchOptimizer,223,107,0.4798206278026906
CE,math,20,org.apache.commons.math.random.EmpiricalDistributionImpl,org.apache.commons.math.stat.descriptive.SummaryStatistics,363,1,0.0027548209366391185
CE,math,20,org.apache.commons.math.stat.descriptive.AbstractStorelessUnivariateStatistic,org.apache.commons.math.stat.descriptive.moment.Variance,150,65,0.43333333333333335
CE,math,20,org.apache.commons.math.stat.descriptive.DescriptiveStatistics,org.apache.commons.math.util.ResizableDoubleArray,305,127,0.4163934426229508
CE,math,20,org.apache.commons.math.stat.inference.TTestImpl,org.apache.commons.math.stat.StatUtils,127,32,0.25196850393700787
CE,math,20,org.apache.commons.math.transform.FastFourierTransformer,org.apache.commons.math.complex.Complex,635,7,0.011023622047244094
CE,mockito,20,org.mockito.asm.AnnotationWriter,org.mockito.asm.ClassWriter,883,437,0.49490373725934317
CE,mockito,20,org.mockito.asm.MethodWriter,org.mockito.asm.ByteVector,300,76,0.25333333333333335
CE,mockito,20,org.mockito.asm.MethodWriter,org.mockito.asm.ClassWriter,883,47,0.053227633069082674
CE,mockito,20,org.mockito.asm.tree.analysis.BasicVerifier,org.mockito.asm.tree.analysis.BasicInterpreter,413,43,0.10411622276029056
CE,mockito,20,org.mockito.asm.tree.analysis.BasicVerifier,org.mockito.asm.tree.analysis.SimpleVerifier,347,8,0.023054755043227664
CE,mockito,20,org.mockito.asm.util.ASMifierClassVisitor,org.mockito.asm.util.ASMifierAbstractVisitor,328,24,0.07317073170731707
CE,mockito,20,org.mockito.cglib.core.CodeEmitter,org.mockito.cglib.core.ClassEmitter,212,1,0.0047169811320754715
CE,mockito,20,org.mockito.cglib.core.CodeEmitter,org.mockito.cglib.core.TypeUtils,725,222,0.3062068965517241
CE,mockito,20,org.mockito.cglib.core.EmitUtils,org.mockito.cglib.core.CodeEmitter,745,4,0.005369127516778523
CE,mockito,20,org.mockito.cglib.proxy.Enhancer,org.mockito.cglib.core.CodeEmitter,745,190,0.2550335570469799
CE,mockito,20,org.mockito.cglib.proxy.Enhancer,org.mockito.cglib.core.ReflectUtils,519,39,0.07514450867052024
CE,mockito,20,org.mockito.cglib.proxy.Mixin$Generator,org.mockito.cglib.core.ReflectUtils,519,68,0.13102119460500963
CE,time,20,org.joda.time.base.AbstractPartial,org.joda.time.MonthDay,286,30,0.1048951048951049
CE,time,20,org.joda.time.base.AbstractPartial,org.joda.time.TimeOfDay,327,22,0.0672782874617737
CE,time,20,org.joda.time.base.AbstractPartial,org.joda.time.YearMonth,299,48,0.1605351170568562
CE,time,20,org.joda.time.base.BasePeriod,org.joda.time.base.AbstractPeriod,132,62,0.4696969696969697
CE,time,20,org.joda.time.chrono.BasicChronology,org.joda.time.chrono.CopticChronology,136,3,0.022058823529411766
CE,time,20,org.joda.time.chrono.BasicChronology,org.joda.time.chrono.EthiopicChronology,133,8,0.06015037593984962
CE,time,20,org.joda.time.chrono.BasicChronology,org.joda.time.chrono.IslamicChronology,352,59,0.16761363636363635
CE,time,20,org.joda.time.chrono.BasicWeekyearDateTimeField,org.joda.time.chrono.BasicChronology,503,9,0.017892644135188866
CE,time,20,org.joda.time.chrono.CopticChronology,org.joda.time.DateTimeZone,734,69,0.09400544959128065
CE,time,20,org.joda.time.chrono.GJChronology,org.joda.time.chrono.JulianChronology,157,41,0.2611464968152866
CE,time,20,org.joda.time.chrono.ISOChronology,org.joda.time.chrono.AssembledChronology,359,150,0.4178272980501393
CE,time,20,org.joda.time.chrono.ZonedChronology,org.joda.time.chrono.AssembledChronology,359,69,0.19220055710306408
CE,time,20,org.joda.time.chrono.ZonedChronology,org.joda.time.DateTimeZone,734,26,0.035422343324250684
CE,time,20,org.joda.time.chrono.ZonedChronology$ZonedDateTimeField,org.joda.time.DateTimeZone,734,44,0.05994550408719346
CE,time,20,org.joda.time.DateTimeUtils,org.joda.time.DateTimeZone,734,27,0.03678474114441417
CE,time,20,org.joda.time.DateTimeZone,org.joda.time.field.FieldUtils,323,22,0.06811145510835913
CE,time,20,org.joda.time.DateTimeZone,org.joda.time.format.FormatUtils,542,41,0.07564575645756458
CE,time,20,org.joda.time.DateTimeZone,org.joda.time.tz.FixedDateTimeZone,83,21,0.25301204819277107
CE,time,20,org.joda.time.Days,org.joda.time.base.BaseSingleFieldPeriod,228,121,0.5307017543859649
CE,time,20,org.joda.time.format.DateTimeFormat,org.joda.time.format.DateTimeFormat$StyleFormatter,77,19,0.24675324675324675
CE,time,20,org.joda.time.format.DateTimeFormat,org.joda.time.format.DateTimeFormatterBuilder,642,4,0.006230529595015576
CE,time,20,org.joda.time.format.DateTimeFormatter,org.joda.time.DateTimeZone,734,24,0.0326975476839237
CE,time,20,org.joda.time.format.DateTimeFormatter,org.joda.time.format.DateTimeParserBucket,274,35,0.12773722627737227
CE,time,20,org.joda.time.format.DateTimeFormatterBuilder$TextField,org.joda.time.format.DateTimeParserBucket,274,32,0.11678832116788321
CE,time,20,org.joda.time.format.DateTimeFormatterBuilder$TextField,org.joda.time.MutableDateTime,462,8,0.017316017316017316
CE,time,20,org.joda.time.format.DateTimeParserBucket$SavedState,org.joda.time.format.DateTimeParserBucket,274,16,0.058394160583941604
CE,time,20,org.joda.time.Hours,org.joda.time.base.BaseSingleFieldPeriod,228,93,0.40789473684210525
CE,time,20,org.joda.time.LocalDate,org.joda.time.format.ISODateTimeFormat,1510,3,0.001986754966887417
CE,time,20,org.joda.time.LocalDateTime,org.joda.time.format.DateTimeFormatter,466,1,0.002145922746781116
CE,time,20,org.joda.time.LocalTime$Property,org.joda.time.LocalTime,729,23,0.03155006858710562
CE,time,20,org.joda.time.Minutes,org.joda.time.base.BaseSingleFieldPeriod,228,109,0.4780701754385965
CE,time,20,org.joda.time.MutableInterval,org.joda.time.base.BaseInterval,109,10,0.09174311926605505
CE,time,20,org.joda.time.MutablePeriod,org.joda.time.base.BasePeriod,350,8,0.022857142857142857
CE,time,20,org.joda.time.Period,org.joda.time.base.AbstractPeriod,132,76,0.5757575757575758
CE,time,20,org.joda.time.Period,org.joda.time.base.BasePeriod,350,2,0.005714285714285714
CE,time,20,org.joda.time.Period,org.joda.time.PeriodType,907,818,0.9018743109151047
CE,time,20,org.joda.time.Seconds,org.joda.time.base.BaseSingleFieldPeriod,228,120,0.5263157894736842
CE,time,20,org.joda.time.tz.ZoneInfoCompiler,org.joda.time.DateTimeZone,734,39,0.05313351498637602
CE,time,20,org.joda.time.Weeks,org.joda.time.base.BaseSingleFieldPeriod,228,112,0.49122807017543857
CE,time,20,org.joda.time.YearMonthDay,org.joda.time.base.BasePartial,84,15,0.17857142857142858
CR,closure,1,com.google.javascript.rhino.head.IdScriptableObject,com.google.javascript.rhino.head.ScriptableObject,2405,15,0.006237006237006237
CR,closure,1,com.google.javascript.rhino.head.IRFactory,com.google.javascript.rhino.head.Parser,4058,2,0.0004928536224741252
CR,closure,1,com.google.javascript.rhino.head.NativeArray,com.google.javascript.rhino.head.ScriptableObject,2405,3,0.0012474012474012475
CR,closure,1,com.google.javascript.rhino.head.NativeObject,com.google.javascript.rhino.head.ScriptableObject,2405,11,0.004573804573804574
CR,closure,1,com.google.javascript.rhino.head.regexp.NativeRegExp,com.google.javascript.rhino.head.ScriptRuntime,4535,26,0.005733186328555678
CR,closure,1,com.google.javascript.rhino.head.tools.debugger.Dim,com.google.javascript.rhino.head.ScriptRuntime,4535,2,0.0004410143329658214
CR,closure,1,com.google.javascript.rhino.jstype.JSType,com.google.javascript.rhino.jstype.FunctionType,1240,47,0.03790322580645161
CR,closure,1,com.google.javascript.rhino.jstype.JSType,com.google.javascript.rhino.jstype.ProxyObjectType,345,2,0.005797101449275362
CR,lang,1,org.apache.commons.lang3.builder.ReflectionToStringBuilder,org.apache.commons.lang3.builder.ToStringBuilder,222,4,0.018018018018018018
CR,lang,1,org.apache.commons.lang3.builder.ToStringBuilder,org.apache.commons.lang3.builder.ToStringStyle,793,34,0.04287515762925599
CR,lang,1,org.apache.commons.lang3.concurrent.MultiBackgroundInitializer,org.apache.commons.lang3.concurrent.BackgroundInitializer,63,13,0.20634920634920634
CR,lang,1,org.apache.commons.lang3.text.StrBuilder$StrBuilderReader,org.apache.commons.lang3.text.StrBuilder,2104,2,0.0009505703422053232
CR,lang,1,org.apache.commons.lang3.text.StrSubstitutor,org.apache.commons.lang3.text.StrBuilder,2104,23,0.010931558935361217
CR,lang,1,org.apache.commons.lang3.text.translate.UnicodeEscaper,org.apache.commons.lang3.text.translate.CharSequenceTranslator,76,7,0.09210526315789473
CR,math,1,org.apache.commons.math.analysis.LaguerreSolver,org.apache.commons.math.complex.Complex,635,21,0.03307086614173228
CR,math,1,org.apache.commons.math.analysis.MullerSolver,org.apache.commons.math.analysis.UnivariateRealSolverImpl,159,52,0.3270440251572327
CR,math,1,org.apache.commons.math.distribution.AbstractIntegerDistribution,org.apache.commons.math.distribution.HypergeometricDistributionImpl,150,2,0.013333333333333334
CR,math,1,org.apache.commons.math.geometry.Rotation,org.apache.commons.math.geometry.Vector3D,294,7,0.023809523809523808
CR,math,1,org.apache.commons.math.linear.MatrixUtils,org.apache.commons.math.linear.BigMatrixImpl,1175,1,0.000851063829787234
CR,math,1,org.apache.commons.math.ode.AbstractStepInterpolator,org.apache.commons.math.ode.DormandPrince853StepInterpolator,398,34,0.08542713567839195
CR,math,1,org.apache.commons.math.ode.ContinuousOutputModel,org.apache.commons.math.ode.AbstractStepInterpolator,131,2,0.015267175572519083
CR,math,1,org.apache.commons.math.ode.EmbeddedRungeKuttaIntegrator,org.apache.commons.math.ode.DormandPrince853Integrator,115,7,0.06086956521739131
CR,math,1,org.apache.commons.math.ode.EmbeddedRungeKuttaIntegrator,org.apache.commons.math.ode.HighamHall54Integrator,50,1,0.02
CR,math,1,org.apache.commons.math.ode.GraggBulirschStoerIntegrator,org.apache.commons.math.ode.AdaptiveStepsizeIntegrator,278,10,0.03597122302158273
CR,math,1,org.apache.commons.math.ode.GraggBulirschStoerStepInterpolator,org.apache.commons.math.ode.AbstractStepInterpolator,131,26,0.1984732824427481
CR,math,1,org.apache.commons.math.ode.SwitchingFunctionsHandler,org.apache.commons.math.ode.SwitchState,188,23,0.12234042553191489
CR,math,1,org.apache.commons.math.ode.SwitchState,org.apache.commons.math.analysis.BrentSolver,283,1,0.0035335689045936395
CR,math,1,org.apache.commons.math.optimization.NelderMead,org.apache.commons.math.optimization.DirectSearchOptimizer,223,62,0.27802690582959644
CR,math,1,org.apache.commons.math.random.EmpiricalDistributionImpl,org.apache.commons.math.stat.descriptive.SummaryStatistics,363,1,0.0027548209366391185
CR,math,1,org.apache.commons.math.stat.descriptive.AbstractStorelessUnivariateStatistic,org.apache.commons.math.stat.descriptive.moment.Variance,150,5,0.03333333333333333
CR,math,1,org.apache.commons.math.stat.descriptive.DescriptiveStatistics,org.apache.commons.math.util.ResizableDoubleArray,305,24,0.07868852459016394
CR,math,1,org.apache.commons.math.stat.inference.TTestImpl,org.apache.commons.math.stat.StatUtils,127,2,0.015748031496062992
CR,math,1,org.apache.commons.math.transform.FastFourierTransformer,org.apache.commons.math.complex.Complex,635,314,0.494488188976378
CR,mockito,1,org.mockito.asm.AnnotationWriter,org.mockito.asm.ClassWriter,883,454,0.5141562853907135
CR,mockito,1,org.mockito.asm.MethodWriter,org.mockito.asm.ByteVector,300,15,0.05
CR,mockito,1,org.mockito.cglib.core.ClassEmitter,org.mockito.cglib.transform.impl.InterceptFieldTransformer,188,8,0.0425531914893617
CR,mockito,1,org.mockito.cglib.core.CodeEmitter,org.mockito.cglib.core.TypeUtils,725,3,0.004137931034482759
CR,mockito,1,org.mockito.cglib.core.EmitUtils,org.mockito.cglib.core.CodeEmitter,745,12,0.016107382550335572
CR,mockito,1,org.mockito.cglib.proxy.Enhancer,org.mockito.cglib.core.ReflectUtils,518,91,0.17567567567567569
CR,mockito,1,org.mockito.cglib.proxy.Mixin$Generator,org.mockito.cglib.core.ReflectUtils,518,54,0.10424710424710425
CR,time,1,org.joda.time.base.AbstractPartial,org.joda.time.MonthDay,286,13,0.045454545454545456
CR,time,1,org.joda.time.base.BasePeriod,org.joda.time.base.AbstractPeriod,132,2,0.015151515151515152
CR,time,1,org.joda.time.chrono.BasicChronology,org.joda.time.chrono.EthiopicChronology,133,1,0.007518796992481203
CR,time,1,org.joda.time.chrono.BasicChronology,org.joda.time.chrono.IslamicChronology,352,52,0.14772727272727273
CR,time,1,org.joda.time.chrono.BasicWeekyearDateTimeField,org.joda.time.chrono.BasicChronology,503,54,0.1073558648111332
CR,time,1,org.joda.time.chrono.CopticChronology,org.joda.time.DateTimeZone,734,12,0.01634877384196185
CR,time,1,org.joda.time.chrono.GJChronology,org.joda.time.chrono.JulianChronology,157,5,0.03184713375796178
CR,time,1,org.joda.time.chrono.ISOChronology,org.joda.time.chrono.AssembledChronology,359,2,0.005571030640668524
CR,time,1,org.joda.time.chrono.ISOChronology,org.joda.time.DateTimeZone,734,73,0.0994550408719346
CR,time,1,org.joda.time.chrono.ZonedChronology,org.joda.time.DateTimeZone,734,1,0.0013623978201634877
CR,time,1,org.joda.time.DateTimeUtils,org.joda.time.DateTimeZone,734,12,0.01634877384196185
CR,time,1,org.joda.time.DateTimeZone,org.joda.time.format.DateTimeFormat,642,39,0.06074766355140187
CR,time,1,org.joda.time.format.DateTimeFormatterBuilder$TextField,org.joda.time.format.DateTimeParserBucket,275,4,0.014545454545454545
CR,time,1,org.joda.time.format.DateTimeParserBucket$SavedState,org.joda.time.format.DateTimeParserBucket,275,1,0.0036363636363636364
CR,time,1,org.joda.time.Hours,org.joda.time.base.BaseSingleFieldPeriod,228,6,0.02631578947368421
CR,time,1,org.joda.time.LocalDate,org.joda.time.format.ISODateTimeFormat,1510,3,0.001986754966887417
CR,time,1,org.joda.time.LocalDateTime,org.joda.time.DateTimeZone,734,10,0.013623978201634877
CR,time,1,org.joda.time.LocalDateTime,org.joda.time.format.DateTimeFormatter,466,6,0.012875536480686695
CR,time,1,org.joda.time.LocalTime$Property,org.joda.time.LocalTime,729,3,0.00411522633744856
CR,time,1,org.joda.time.Minutes,org.joda.time.base.BaseSingleFieldPeriod,228,9,0.039473684210526314
CR,time,1,org.joda.time.MutableInterval,org.joda.time.base.BaseInterval,109,2,0.01834862385321101
CR,time,1,org.joda.time.MutablePeriod,org.joda.time.base.BasePeriod,350,12,0.03428571428571429
CR,time,1,org.joda.time.Period,org.joda.time.base.BasePeriod,350,8,0.022857142857142857
CR,time,1,org.joda.time.Period,org.joda.time.PeriodType,907,496,0.5468577728776185
CR,time,1,org.joda.time.Seconds,org.joda.time.base.BaseSingleFieldPeriod,228,4,0.017543859649122806
CR,time,1,org.joda.time.Weeks,org.joda.time.base.BaseSingleFieldPeriod,228,10,0.043859649122807015
CR,time,1,org.joda.time.YearMonthDay,org.joda.time.base.BasePartial,84,3,0.03571428571428571
CR,closure,2,com.google.javascript.rhino.head.IdScriptableObject,com.google.javascript.rhino.head.ScriptableObject,2406,18,0.007481296758104738
CR,closure,2,com.google.javascript.rhino.head.Interpreter,com.google.javascript.rhino.head.ScriptableObject,2406,1,0.00041562759767248546
CR,closure,2,com.google.javascript.rhino.head.IRFactory,com.google.javascript.rhino.head.Node,670,4,0.005970149253731343
CR,closure,2,com.google.javascript.rhino.head.IRFactory,com.google.javascript.rhino.head.Parser,4058,2,0.0004928536224741252
CR,closure,2,com.google.javascript.rhino.head.NativeArray,com.google.javascript.rhino.head.ScriptableObject,2406,7,0.0029093931837073984
CR,closure,2,com.google.javascript.rhino.head.NativeArray,com.google.javascript.rhino.head.ScriptRuntime,4533,13,0.002867857930730201
CR,closure,2,com.google.javascript.rhino.head.NativeObject,com.google.javascript.rhino.head.ScriptableObject,2406,16,0.006650041562759767
CR,closure,2,com.google.javascript.rhino.jstype.JSType,com.google.javascript.rhino.jstype.UnionType,483,9,0.018633540372670808
CR,lang,2,org.apache.commons.lang3.builder.ReflectionToStringBuilder,org.apache.commons.lang3.builder.ToStringBuilder,222,1,0.0045045045045045045
CR,lang,2,org.apache.commons.lang3.builder.ToStringBuilder,org.apache.commons.lang3.builder.ToStringStyle,793,82,0.1034047919293821
CR,lang,2,org.apache.commons.lang3.concurrent.MultiBackgroundInitializer,org.apache.commons.lang3.concurrent.BackgroundInitializer,63,12,0.19047619047619047
CR,lang,2,org.apache.commons.lang3.text.StrBuilder$StrBuilderReader,org.apache.commons.lang3.text.StrBuilder,2104,2,0.0009505703422053232
CR,lang,2,org.apache.commons.lang3.text.StrSubstitutor,org.apache.commons.lang3.text.StrBuilder,2104,21,0.009980988593155894
CR,lang,2,org.apache.commons.lang3.text.translate.UnicodeEscaper,org.apache.commons.lang3.text.translate.CharSequenceTranslator,76,5,0.06578947368421052
CR,math,2,org.apache.commons.math.analysis.LaguerreSolver,org.apache.commons.math.complex.Complex,635,22,0.03464566929133858
CR,math,2,org.apache.commons.math.analysis.MullerSolver,org.apache.commons.math.analysis.UnivariateRealSolverImpl,159,50,0.31446540880503143
CR,math,2,org.apache.commons.math.distribution.AbstractIntegerDistribution,org.apache.commons.math.distribution.HypergeometricDistributionImpl,150,2,0.013333333333333334
CR,math,2,org.apache.commons.math.fraction.ProperFractionFormat,org.apache.commons.math.fraction.FractionFormat,171,1,0.005847953216374269
CR,math,2,org.apache.commons.math.geometry.Rotation,org.apache.commons.math.geometry.Vector3D,294,3,0.01020408163265306
CR,math,2,org.apache.commons.math.linear.MatrixUtils,org.apache.commons.math.linear.BigMatrixImpl,1175,1,0.000851063829787234
CR,math,2,org.apache.commons.math.ode.AbstractStepInterpolator,org.apache.commons.math.ode.DormandPrince853StepInterpolator,398,22,0.05527638190954774
CR,math,2,org.apache.commons.math.ode.ContinuousOutputModel,org.apache.commons.math.ode.AbstractStepInterpolator,131,10,0.07633587786259542
CR,math,2,org.apache.commons.math.ode.EmbeddedRungeKuttaIntegrator,org.apache.commons.math.ode.DormandPrince853Integrator,115,2,0.017391304347826087
CR,math,2,org.apache.commons.math.ode.EmbeddedRungeKuttaIntegrator,org.apache.commons.math.ode.HighamHall54Integrator,50,7,0.14
CR,math,2,org.apache.commons.math.ode.GraggBulirschStoerIntegrator,org.apache.commons.math.ode.AdaptiveStepsizeIntegrator,278,10,0.03597122302158273
CR,math,2,org.apache.commons.math.ode.GraggBulirschStoerStepInterpolator,org.apache.commons.math.ode.AbstractStepInterpolator,131,6,0.04580152671755725
CR,math,2,org.apache.commons.math.ode.SwitchingFunctionsHandler,org.apache.commons.math.ode.SwitchState,188,22,0.11702127659574468
CR,math,2,org.apache.commons.math.optimization.NelderMead,org.apache.commons.math.optimization.DirectSearchOptimizer,223,12,0.053811659192825115
CR,math,2,org.apache.commons.math.stat.descriptive.AbstractStorelessUnivariateStatistic,org.apache.commons.math.stat.descriptive.moment.Variance,150,8,0.05333333333333334
CR,math,2,org.apache.commons.math.stat.descriptive.DescriptiveStatistics,org.apache.commons.math.util.ResizableDoubleArray,305,8,0.02622950819672131
CR,math,2,org.apache.commons.math.transform.FastFourierTransformer,org.apache.commons.math.complex.Complex,635,294,0.462992125984252
CR,mockito,2,org.mockito.asm.AnnotationWriter,org.mockito.asm.ClassWriter,883,418,0.4733861834654587
CR,mockito,2,org.mockito.cglib.core.CodeEmitter,org.mockito.cglib.core.TypeUtils,725,16,0.022068965517241378
CR,mockito,2,org.mockito.cglib.core.EmitUtils,org.mockito.cglib.core.CodeEmitter,745,8,0.010738255033557046
CR,mockito,2,org.mockito.cglib.proxy.Enhancer,org.mockito.cglib.core.CodeEmitter,745,174,0.23355704697986576
CR,mockito,2,org.mockito.cglib.proxy.Enhancer,org.mockito.cglib.core.ReflectUtils,519,91,0.17533718689788053
CR,time,2,org.joda.time.base.AbstractPartial,org.joda.time.YearMonth,299,2,0.006688963210702341
CR,time,2,org.joda.time.base.BasePeriod,org.joda.time.base.AbstractPeriod,132,30,0.22727272727272727
CR,time,2,org.joda.time.chrono.BasicChronology,org.joda.time.chrono.CopticChronology,136,9,0.0661764705882353
CR,time,2,org.joda.time.chrono.BasicChronology,org.joda.time.chrono.EthiopicChronology,133,2,0.015037593984962405
CR,time,2,org.joda.time.chrono.BasicChronology,org.joda.time.chrono.IslamicChronology,352,11,0.03125
CR,time,2,org.joda.time.chrono.BasicWeekyearDateTimeField,org.joda.time.chrono.BasicChronology,503,10,0.019880715705765408
CR,time,2,org.joda.time.chrono.CopticChronology,org.joda.time.DateTimeZone,734,41,0.055858310626702996
CR,time,2,org.joda.time.chrono.GJChronology,org.joda.time.chrono.GJChronology$CutoverField,367,2,0.005449591280653951
CR,time,2,org.joda.time.chrono.GJChronology,org.joda.time.chrono.JulianChronology,157,7,0.044585987261146494
CR,time,2,org.joda.time.chrono.ISOChronology,org.joda.time.chrono.AssembledChronology,359,14,0.03899721448467967
CR,time,2,org.joda.time.chrono.ZonedChronology,org.joda.time.DateTimeZone,734,2,0.0027247956403269754
CR,time,2,org.joda.time.chrono.ZonedChronology$ZonedDateTimeField,org.joda.time.DateTimeZone,734,23,0.031335149863760216
CR,time,2,org.joda.time.DateTimeUtils,org.joda.time.DateTimeZone,734,55,0.07493188010899182
CR,time,2,org.joda.time.DateTimeZone,org.joda.time.format.DateTimeFormat,642,1,0.001557632398753894
CR,time,2,org.joda.time.DateTimeZone,org.joda.time.format.FormatUtils,542,1,0.0018450184501845018
CR,time,2,org.joda.time.Days,org.joda.time.base.BaseSingleFieldPeriod,228,2,0.008771929824561403
CR,time,2,org.joda.time.format.DateTimeFormat,org.joda.time.format.DateTimeFormat$StyleFormatter,77,4,0.05194805194805195
CR,time,2,org.joda.time.format.DateTimeFormatter,org.joda.time.DateTimeZone,734,21,0.02861035422343324
CR,time,2,org.joda.time.format.DateTimeFormatter,org.joda.time.format.DateTimeParserBucket,274,1,0.0036496350364963502
CR,time,2,org.joda.time.format.DateTimeParserBucket$SavedState,org.joda.time.format.DateTimeParserBucket,274,1,0.0036496350364963502
CR,time,2,org.joda.time.Hours,org.joda.time.base.BaseSingleFieldPeriod,228,4,0.017543859649122806
CR,time,2,org.joda.time.LocalDate,org.joda.time.format.ISODateTimeFormat,1510,1,0.0006622516556291391
CR,time,2,org.joda.time.LocalDateTime,org.joda.time.DateTimeZone,734,75,0.10217983651226158
CR,time,2,org.joda.time.LocalTime$Property,org.joda.time.LocalTime,729,3,0.00411522633744856
CR,time,2,org.joda.time.Minutes,org.joda.time.base.BaseSingleFieldPeriod,228,8,0.03508771929824561
CR,time,2,org.joda.time.MutablePeriod,org.joda.time.base.BasePeriod,350,1,0.002857142857142857
CR,time,2,org.joda.time.Period,org.joda.time.base.AbstractPeriod,132,2,0.015151515151515152
CR,time,2,org.joda.time.Period,org.joda.time.base.BasePeriod,350,1,0.002857142857142857
CR,time,2,org.joda.time.Period,org.joda.time.PeriodType,907,531,0.5854465270121278
CR,time,2,org.joda.time.Seconds,org.joda.time.base.BaseSingleFieldPeriod,228,6,0.02631578947368421
CR,time,2,org.joda.time.tz.ZoneInfoCompiler,org.joda.time.DateTimeZone,734,77,0.10490463215258855
CR,time,2,org.joda.time.Weeks,org.joda.time.base.BaseSingleFieldPeriod,228,11,0.04824561403508772
CR,time,2,org.joda.time.YearMonthDay,org.joda.time.base.BasePartial,84,6,0.07142857142857142
CR,closure,3,com.google.javascript.jscomp.NodeUtil,com.google.javascript.rhino.Node,2336,1,0.0004280821917808219
CR,closure,3,com.google.javascript.rhino.head.IdScriptableObject,com.google.javascript.rhino.head.ScriptableObject,2403,10,0.004161464835622139
CR,closure,3,com.google.javascript.rhino.head.Interpreter,com.google.javascript.rhino.head.ScriptableObject,2403,2,0.0008322929671244278
CR,closure,3,com.google.javascript.rhino.head.IRFactory,com.google.javascript.rhino.head.Parser,4058,1,0.0002464268112370626
CR,closure,3,com.google.javascript.rhino.head.Parser,com.google.javascript.rhino.head.CompilerEnvirons,151,2,0.013245033112582781
CR,closure,3,com.google.javascript.rhino.head.ScriptRuntime,com.google.javascript.rhino.head.ScriptableObject,2403,3,0.0012484394506866417
CR,closure,3,com.google.javascript.rhino.head.tools.debugger.Dim,com.google.javascript.rhino.head.ScriptRuntime,4533,2,0.00044120891242003087
CR,closure,3,com.google.javascript.rhino.head.tools.shell.Global,com.google.javascript.rhino.head.ScriptRuntime,4533,3,0.0006618133686300463
CR,closure,3,com.google.javascript.rhino.JSDocInfoBuilder,com.google.javascript.rhino.JSDocInfo,954,134,0.14046121593291405
CR,closure,3,com.google.javascript.rhino.jstype.JSType,com.google.javascript.rhino.jstype.UnionType,483,1,0.002070393374741201
CR,lang,3,org.apache.commons.lang3.builder.ReflectionToStringBuilder,org.apache.commons.lang3.builder.ToStringBuilder,222,3,0.013513513513513514
CR,lang,3,org.apache.commons.lang3.builder.ToStringBuilder,org.apache.commons.lang3.builder.ToStringStyle,793,19,0.02395964691046658
CR,lang,3,org.apache.commons.lang3.concurrent.MultiBackgroundInitializer,org.apache.commons.lang3.concurrent.BackgroundInitializer,63,8,0.12698412698412698
CR,lang,3,org.apache.commons.lang3.text.StrBuilder$StrBuilderReader,org.apache.commons.lang3.text.StrBuilder,2104,4,0.0019011406844106464
CR,lang,3,org.apache.commons.lang3.text.StrSubstitutor,org.apache.commons.lang3.text.StrBuilder,2104,16,0.0076045627376425855
CR,lang,3,org.apache.commons.lang3.text.translate.UnicodeEscaper,org.apache.commons.lang3.text.translate.CharSequenceTranslator,76,1,0.013157894736842105
CR,math,3,org.apache.commons.math.analysis.LaguerreSolver,org.apache.commons.math.complex.Complex,635,10,0.015748031496062992
CR,math,3,org.apache.commons.math.analysis.MullerSolver,org.apache.commons.math.analysis.UnivariateRealSolverImpl,159,58,0.36477987421383645
CR,math,3,org.apache.commons.math.fraction.ProperFractionFormat,org.apache.commons.math.fraction.FractionFormat,171,1,0.005847953216374269
CR,math,3,org.apache.commons.math.geometry.Rotation,org.apache.commons.math.geometry.Vector3D,294,2,0.006802721088435374
CR,math,3,org.apache.commons.math.linear.MatrixUtils,org.apache.commons.math.linear.BigMatrixImpl,1175,1,0.000851063829787234
CR,math,3,org.apache.commons.math.ode.AbstractStepInterpolator,org.apache.commons.math.ode.DormandPrince853StepInterpolator,398,19,0.04773869346733668
CR,math,3,org.apache.commons.math.ode.ContinuousOutputModel,org.apache.commons.math.ode.AbstractStepInterpolator,131,20,0.15267175572519084
CR,math,3,org.apache.commons.math.ode.EmbeddedRungeKuttaIntegrator,org.apache.commons.math.ode.DormandPrince853Integrator,115,1,0.008695652173913044
CR,math,3,org.apache.commons.math.ode.EmbeddedRungeKuttaIntegrator,org.apache.commons.math.ode.HighamHall54Integrator,50,3,0.06
CR,math,3,org.apache.commons.math.ode.GraggBulirschStoerIntegrator,org.apache.commons.math.ode.AdaptiveStepsizeIntegrator,278,17,0.06115107913669065
CR,math,3,org.apache.commons.math.ode.GraggBulirschStoerIntegrator,org.apache.commons.math.ode.SwitchingFunctionsHandler,117,3,0.02564102564102564
CR,math,3,org.apache.commons.math.ode.GraggBulirschStoerStepInterpolator,org.apache.commons.math.ode.AbstractStepInterpolator,131,20,0.15267175572519084
CR,math,3,org.apache.commons.math.ode.SwitchingFunctionsHandler,org.apache.commons.math.ode.SwitchState,188,10,0.05319148936170213
CR,math,3,org.apache.commons.math.ode.SwitchState,org.apache.commons.math.analysis.BrentSolver,283,4,0.014134275618374558
CR,math,3,org.apache.commons.math.optimization.NelderMead,org.apache.commons.math.optimization.DirectSearchOptimizer,223,58,0.2600896860986547
CR,math,3,org.apache.commons.math.random.EmpiricalDistributionImpl,org.apache.commons.math.stat.descriptive.SummaryStatistics,363,1,0.0027548209366391185
CR,math,3,org.apache.commons.math.stat.descriptive.AbstractStorelessUnivariateStatistic,org.apache.commons.math.stat.descriptive.moment.Variance,150,2,0.013333333333333334
CR,math,3,org.apache.commons.math.stat.descriptive.DescriptiveStatistics,org.apache.commons.math.util.ResizableDoubleArray,305,8,0.02622950819672131
CR,math,3,org.apache.commons.math.transform.FastFourierTransformer,org.apache.commons.math.complex.Complex,635,335,0.5275590551181102
CR,mockito,3,org.mockito.asm.AnnotationWriter,org.mockito.asm.ClassWriter,883,432,0.48924122310305773
CR,mockito,3,org.mockito.asm.MethodWriter,org.mockito.asm.ByteVector,300,44,0.14666666666666667
CR,mockito,3,org.mockito.cglib.core.ClassEmitter,org.mockito.cglib.transform.impl.InterceptFieldTransformer,188,5,0.026595744680851064
CR,mockito,3,org.mockito.cglib.core.CodeEmitter,org.mockito.cglib.core.TypeUtils,725,7,0.009655172413793104
CR,mockito,3,org.mockito.cglib.core.EmitUtils,org.mockito.cglib.core.CodeEmitter,745,10,0.013422818791946308
CR,mockito,3,org.mockito.cglib.proxy.Enhancer,org.mockito.cglib.core.ReflectUtils,518,90,0.17374517374517376
CR,mockito,3,org.mockito.cglib.proxy.Mixin$Generator,org.mockito.cglib.core.AbstractClassGenerator,126,2,0.015873015873015872
CR,time,3,org.joda.time.base.AbstractPartial,org.joda.time.MonthDay,286,31,0.10839160839160839
CR,time,3,org.joda.time.base.AbstractPartial,org.joda.time.YearMonth,299,2,0.006688963210702341
CR,time,3,org.joda.time.base.BasePeriod,org.joda.time.base.AbstractPeriod,132,4,0.030303030303030304
CR,time,3,org.joda.time.chrono.BasicChronology,org.joda.time.chrono.CopticChronology,136,68,0.5
CR,time,3,org.joda.time.chrono.BasicChronology,org.joda.time.chrono.IslamicChronology,352,6,0.017045454545454544
CR,time,3,org.joda.time.chrono.BasicWeekyearDateTimeField,org.joda.time.chrono.BasicChronology,503,37,0.073558648111332
CR,time,3,org.joda.time.chrono.CopticChronology,org.joda.time.DateTimeZone,734,17,0.02316076294277929
CR,time,3,org.joda.time.chrono.GJChronology,org.joda.time.chrono.GJChronology$CutoverField,367,8,0.021798365122615803
CR,time,3,org.joda.time.chrono.GJChronology,org.joda.time.chrono.JulianChronology,157,1,0.006369426751592357
CR,time,3,org.joda.time.chrono.ISOChronology,org.joda.time.chrono.AssembledChronology,359,33,0.09192200557103064
CR,time,3,org.joda.time.chrono.ISOChronology,org.joda.time.DateTimeZone,734,22,0.02997275204359673
CR,time,3,org.joda.time.chrono.ZonedChronology,org.joda.time.DateTimeZone,734,1,0.0013623978201634877
CR,time,3,org.joda.time.chrono.ZonedChronology$ZonedDateTimeField,org.joda.time.DateTimeZone,734,3,0.004087193460490463
CR,time,3,org.joda.time.DateTimeUtils,org.joda.time.DateTimeZone,734,30,0.04087193460490463
CR,time,3,org.joda.time.Days,org.joda.time.base.BaseSingleFieldPeriod,228,5,0.021929824561403508
CR,time,3,org.joda.time.format.DateTimeFormatter,org.joda.time.format.DateTimeParserBucket,275,3,0.01090909090909091
CR,time,3,org.joda.time.format.DateTimeFormatterBuilder$TextField,org.joda.time.format.DateTimeParserBucket,275,8,0.02909090909090909
CR,time,3,org.joda.time.format.ISODateTimeFormat,org.joda.time.format.DateTimeFormatterBuilder,643,1,0.0015552099533437014
CR,time,3,org.joda.time.Hours,org.joda.time.base.BaseSingleFieldPeriod,228,1,0.0043859649122807015
CR,time,3,org.joda.time.LocalDate,org.joda.time.format.ISODateTimeFormat,1510,33,0.02185430463576159
CR,time,3,org.joda.time.LocalDateTime,org.joda.time.DateTimeZone,734,58,0.07901907356948229
CR,time,3,org.joda.time.Minutes,org.joda.time.base.BaseSingleFieldPeriod,228,5,0.021929824561403508
CR,time,3,org.joda.time.MutableInterval,org.joda.time.base.BaseInterval,109,6,0.05504587155963303
CR,time,3,org.joda.time.MutablePeriod,org.joda.time.base.BasePeriod,350,4,0.011428571428571429
CR,time,3,org.joda.time.Period,org.joda.time.base.BasePeriod,350,11,0.03142857142857143
CR,time,3,org.joda.time.Period,org.joda.time.PeriodType,907,95,0.10474090407938258
CR,time,3,org.joda.time.Seconds,org.joda.time.base.BaseSingleFieldPeriod,228,1,0.0043859649122807015
CR,time,3,org.joda.time.tz.ZoneInfoCompiler,org.joda.time.DateTimeZone,734,3,0.004087193460490463
CR,time,3,org.joda.time.Weeks,org.joda.time.base.BaseSingleFieldPeriod,228,5,0.021929824561403508
CR,time,3,org.joda.time.YearMonthDay,org.joda.time.base.BasePartial,84,3,0.03571428571428571
CR,closure,4,com.google.javascript.rhino.head.IdScriptableObject,com.google.javascript.rhino.head.ScriptableObject,2404,8,0.0033277870216306157
CR,closure,4,com.google.javascript.rhino.head.Interpreter,com.google.javascript.rhino.head.InterpretedFunction,105,1,0.009523809523809525
CR,closure,4,com.google.javascript.rhino.head.IRFactory,com.google.javascript.rhino.head.Node,670,7,0.010447761194029851
CR,closure,4,com.google.javascript.rhino.head.IRFactory,com.google.javascript.rhino.head.Parser,4058,6,0.0014785608674223755
CR,closure,4,com.google.javascript.rhino.head.NativeArray,com.google.javascript.rhino.head.ScriptableObject,2404,122,0.050748752079866885
CR,closure,4,com.google.javascript.rhino.head.NativeObject,com.google.javascript.rhino.head.ScriptableObject,2404,8,0.0033277870216306157
CR,closure,4,com.google.javascript.rhino.head.tools.debugger.Dim,com.google.javascript.rhino.head.ScriptRuntime,4533,6,0.0013236267372600927
CR,closure,4,com.google.javascript.rhino.head.tools.shell.Global,com.google.javascript.rhino.head.ScriptRuntime,4533,27,0.005956320317670417
CR,lang,4,org.apache.commons.lang3.builder.ReflectionToStringBuilder,org.apache.commons.lang3.builder.ToStringBuilder,222,4,0.018018018018018018
CR,lang,4,org.apache.commons.lang3.builder.ToStringBuilder,org.apache.commons.lang3.builder.ToStringStyle,793,92,0.11601513240857503
CR,lang,4,org.apache.commons.lang3.text.StrBuilder$StrBuilderReader,org.apache.commons.lang3.text.StrBuilder,2104,2,0.0009505703422053232
CR,lang,4,org.apache.commons.lang3.text.StrSubstitutor,org.apache.commons.lang3.text.StrBuilder,2104,24,0.011406844106463879
CR,math,4,org.apache.commons.math.analysis.MullerSolver,org.apache.commons.math.analysis.UnivariateRealSolverImpl,159,52,0.3270440251572327
CR,math,4,org.apache.commons.math.distribution.AbstractIntegerDistribution,org.apache.commons.math.distribution.HypergeometricDistributionImpl,150,4,0.02666666666666667
CR,math,4,org.apache.commons.math.fraction.ProperFractionFormat,org.apache.commons.math.fraction.FractionFormat,171,1,0.005847953216374269
CR,math,4,org.apache.commons.math.geometry.Rotation,org.apache.commons.math.geometry.Vector3D,294,6,0.02040816326530612
CR,math,4,org.apache.commons.math.linear.MatrixUtils,org.apache.commons.math.linear.BigMatrixImpl,1175,12,0.010212765957446808
CR,math,4,org.apache.commons.math.ode.AbstractStepInterpolator,org.apache.commons.math.ode.DormandPrince853StepInterpolator,398,21,0.052763819095477386
CR,math,4,org.apache.commons.math.ode.ContinuousOutputModel,org.apache.commons.math.ode.AbstractStepInterpolator,131,9,0.06870229007633588
CR,math,4,org.apache.commons.math.ode.EmbeddedRungeKuttaIntegrator,org.apache.commons.math.ode.DormandPrince853Integrator,115,6,0.05217391304347826
CR,math,4,org.apache.commons.math.ode.EmbeddedRungeKuttaIntegrator,org.apache.commons.math.ode.HighamHall54Integrator,50,3,0.06
CR,math,4,org.apache.commons.math.ode.GraggBulirschStoerIntegrator,org.apache.commons.math.ode.AdaptiveStepsizeIntegrator,278,13,0.046762589928057555
CR,math,4,org.apache.commons.math.ode.GraggBulirschStoerStepInterpolator,org.apache.commons.math.ode.AbstractStepInterpolator,131,24,0.183206106870229
CR,math,4,org.apache.commons.math.ode.SwitchingFunctionsHandler,org.apache.commons.math.ode.SwitchState,188,28,0.14893617021276595
CR,math,4,org.apache.commons.math.ode.SwitchState,org.apache.commons.math.analysis.BrentSolver,283,8,0.028268551236749116
CR,math,4,org.apache.commons.math.optimization.NelderMead,org.apache.commons.math.optimization.DirectSearchOptimizer,223,44,0.19730941704035873
CR,math,4,org.apache.commons.math.stat.descriptive.AbstractStorelessUnivariateStatistic,org.apache.commons.math.stat.descriptive.moment.Variance,150,3,0.02
CR,math,4,org.apache.commons.math.stat.descriptive.DescriptiveStatistics,org.apache.commons.math.util.ResizableDoubleArray,305,12,0.03934426229508197
CR,math,4,org.apache.commons.math.stat.inference.TTestImpl,org.apache.commons.math.stat.StatUtils,127,2,0.015748031496062992
CR,math,4,org.apache.commons.math.transform.FastFourierTransformer,org.apache.commons.math.complex.Complex,635,342,0.5385826771653544
CR,mockito,4,org.mockito.asm.AnnotationWriter,org.mockito.asm.ClassWriter,883,421,0.47678369195922987
CR,mockito,4,org.mockito.asm.MethodWriter,org.mockito.asm.ByteVector,300,49,0.16333333333333333
CR,mockito,4,org.mockito.asm.MethodWriter,org.mockito.asm.ClassWriter,883,3,0.0033975084937712344
CR,mockito,4,org.mockito.asm.tree.analysis.BasicVerifier,org.mockito.asm.tree.analysis.BasicInterpreter,413,2,0.004842615012106538
CR,mockito,4,org.mockito.cglib.core.CodeEmitter,org.mockito.cglib.core.TypeUtils,725,12,0.016551724137931035
CR,mockito,4,org.mockito.cglib.core.EmitUtils,org.mockito.cglib.core.CodeEmitter,745,20,0.026845637583892617
CR,mockito,4,org.mockito.cglib.proxy.Enhancer,org.mockito.cglib.core.CodeEmitter,745,159,0.2134228187919463
CR,mockito,4,org.mockito.cglib.proxy.Enhancer,org.mockito.cglib.core.ReflectUtils,519,82,0.1579961464354528
CR,mockito,4,org.mockito.cglib.proxy.Mixin$Generator,org.mockito.cglib.core.AbstractClassGenerator,126,3,0.023809523809523808
CR,mockito,4,org.mockito.cglib.proxy.Mixin$Generator,org.mockito.cglib.core.ReflectUtils,519,68,0.13102119460500963
CR,time,4,org.joda.time.base.AbstractPartial,org.joda.time.MonthDay,286,4,0.013986013986013986
CR,time,4,org.joda.time.chrono.BasicChronology,org.joda.time.chrono.EthiopicChronology,133,2,0.015037593984962405
CR,time,4,org.joda.time.chrono.BasicChronology,org.joda.time.chrono.IslamicChronology,352,9,0.02556818181818182
CR,time,4,org.joda.time.chrono.BasicWeekyearDateTimeField,org.joda.time.chrono.BasicChronology,503,3,0.005964214711729622
CR,time,4,org.joda.time.chrono.CopticChronology,org.joda.time.DateTimeZone,734,52,0.07084468664850137
CR,time,4,org.joda.time.chrono.GJChronology,org.joda.time.chrono.GJChronology$CutoverField,367,4,0.010899182561307902
CR,time,4,org.joda.time.chrono.GJChronology,org.joda.time.chrono.JulianChronology,157,16,0.10191082802547771
CR,time,4,org.joda.time.chrono.ISOChronology,org.joda.time.chrono.AssembledChronology,359,15,0.04178272980501393
CR,time,4,org.joda.time.chrono.ISOChronology,org.joda.time.DateTimeZone,734,175,0.23841961852861035
CR,time,4,org.joda.time.chrono.ZonedChronology,org.joda.time.DateTimeZone,734,24,0.0326975476839237
CR,time,4,org.joda.time.chrono.ZonedChronology$ZonedDateTimeField,org.joda.time.DateTimeZone,734,34,0.04632152588555858
CR,time,4,org.joda.time.DateTimeUtils,org.joda.time.DateTimeZone,734,6,0.008174386920980926
CR,time,4,org.joda.time.DateTimeZone,org.joda.time.format.FormatUtils,542,1,0.0018450184501845018
CR,time,4,org.joda.time.Days,org.joda.time.base.BaseSingleFieldPeriod,228,6,0.02631578947368421
CR,time,4,org.joda.time.format.DateTimeFormat,org.joda.time.format.DateTimeFormatterBuilder,642,2,0.003115264797507788
CR,time,4,org.joda.time.format.DateTimeFormatter,org.joda.time.DateTimeZone,734,16,0.021798365122615803
CR,time,4,org.joda.time.format.DateTimeFormatter,org.joda.time.format.DateTimeParserBucket,274,11,0.040145985401459854
CR,time,4,org.joda.time.format.DateTimeFormatterBuilder$TextField,org.joda.time.format.DateTimeParserBucket,274,4,0.014598540145985401
CR,time,4,org.joda.time.format.DateTimeParserBucket$SavedState,org.joda.time.format.DateTimeParserBucket,274,3,0.010948905109489052
CR,time,4,org.joda.time.Hours,org.joda.time.base.BaseSingleFieldPeriod,228,5,0.021929824561403508
CR,time,4,org.joda.time.LocalDate,org.joda.time.format.ISODateTimeFormat,1510,6,0.003973509933774834
CR,time,4,org.joda.time.LocalDateTime,org.joda.time.DateTimeZone,734,14,0.01907356948228883
CR,time,4,org.joda.time.LocalDateTime,org.joda.time.format.DateTimeFormatter,466,3,0.006437768240343348
CR,time,4,org.joda.time.Minutes,org.joda.time.base.BaseSingleFieldPeriod,228,7,0.03070175438596491
CR,time,4,org.joda.time.MutableInterval,org.joda.time.base.BaseInterval,109,5,0.045871559633027525
CR,time,4,org.joda.time.MutablePeriod,org.joda.time.base.BasePeriod,350,3,0.008571428571428572
CR,time,4,org.joda.time.Period,org.joda.time.base.AbstractPeriod,132,3,0.022727272727272728
CR,time,4,org.joda.time.Period,org.joda.time.base.BasePeriod,350,19,0.054285714285714284
CR,time,4,org.joda.time.Period,org.joda.time.PeriodType,907,14,0.015435501653803748
CR,time,4,org.joda.time.Seconds,org.joda.time.base.BaseSingleFieldPeriod,228,4,0.017543859649122806
CR,time,4,org.joda.time.tz.ZoneInfoCompiler,org.joda.time.DateTimeZone,734,139,0.1893732970027248
CR,time,4,org.joda.time.Weeks,org.joda.time.base.BaseSingleFieldPeriod,228,7,0.03070175438596491
CR,time,4,org.joda.time.YearMonthDay,org.joda.time.base.BasePartial,84,3,0.03571428571428571
CR,closure,5,com.google.javascript.jscomp.NodeUtil,com.google.javascript.rhino.Node,2336,3,0.0012842465753424657
CR,closure,5,com.google.javascript.rhino.head.Interpreter,com.google.javascript.rhino.head.ScriptableObject,2403,38,0.01581356637536413
CR,closure,5,com.google.javascript.rhino.head.IRFactory,com.google.javascript.rhino.head.Parser,4058,7,0.0017249876786594382
CR,closure,5,com.google.javascript.rhino.head.NativeArray,com.google.javascript.rhino.head.IdScriptableObject,491,3,0.006109979633401222
CR,closure,5,com.google.javascript.rhino.head.NativeArray,com.google.javascript.rhino.head.ScriptRuntime,4533,7,0.001544231193470108
CR,closure,5,com.google.javascript.rhino.head.NativeObject,com.google.javascript.rhino.head.ScriptableObject,2403,80,0.033291718684977115
CR,closure,5,com.google.javascript.rhino.head.ScriptRuntime,com.google.javascript.rhino.head.ScriptableObject,2403,10,0.004161464835622139
CR,closure,5,com.google.javascript.rhino.head.tools.debugger.Dim,com.google.javascript.rhino.head.ScriptRuntime,4533,1,0.00022060445621001543
CR,lang,5,org.apache.commons.lang3.builder.ToStringBuilder,org.apache.commons.lang3.builder.ToStringStyle,793,41,0.05170239596469105
CR,lang,5,org.apache.commons.lang3.concurrent.MultiBackgroundInitializer,org.apache.commons.lang3.concurrent.BackgroundInitializer,63,5,0.07936507936507936
CR,lang,5,org.apache.commons.lang3.text.StrBuilder$StrBuilderReader,org.apache.commons.lang3.text.StrBuilder,2105,5,0.0023752969121140144
CR,lang,5,org.apache.commons.lang3.text.StrSubstitutor,org.apache.commons.lang3.text.StrBuilder,2105,36,0.0171021377672209
CR,lang,5,org.apache.commons.lang3.text.StrTokenizer,org.apache.commons.lang3.text.StrMatcher,80,2,0.025
CR,lang,5,org.apache.commons.lang3.text.translate.UnicodeEscaper,org.apache.commons.lang3.text.translate.CharSequenceTranslator,76,31,0.40789473684210525
CR,math,5,org.apache.commons.math.analysis.LaguerreSolver,org.apache.commons.math.complex.Complex,635,39,0.06141732283464567
CR,math,5,org.apache.commons.math.analysis.MullerSolver,org.apache.commons.math.analysis.UnivariateRealSolverImpl,159,56,0.3522012578616352
CR,math,5,org.apache.commons.math.distribution.AbstractIntegerDistribution,org.apache.commons.math.distribution.HypergeometricDistributionImpl,150,4,0.02666666666666667
CR,math,5,org.apache.commons.math.geometry.Rotation,org.apache.commons.math.geometry.Vector3D,294,3,0.01020408163265306
CR,math,5,org.apache.commons.math.linear.MatrixUtils,org.apache.commons.math.linear.BigMatrixImpl,1175,1,0.000851063829787234
CR,math,5,org.apache.commons.math.ode.AbstractStepInterpolator,org.apache.commons.math.ode.DormandPrince853StepInterpolator,398,27,0.0678391959798995
CR,math,5,org.apache.commons.math.ode.ContinuousOutputModel,org.apache.commons.math.ode.AbstractStepInterpolator,131,2,0.015267175572519083
CR,math,5,org.apache.commons.math.ode.EmbeddedRungeKuttaIntegrator,org.apache.commons.math.ode.DormandPrince853Integrator,115,5,0.043478260869565216
CR,math,5,org.apache.commons.math.ode.EmbeddedRungeKuttaIntegrator,org.apache.commons.math.ode.HighamHall54Integrator,50,1,0.02
CR,math,5,org.apache.commons.math.ode.GraggBulirschStoerIntegrator,org.apache.commons.math.ode.AdaptiveStepsizeIntegrator,278,15,0.0539568345323741
CR,math,5,org.apache.commons.math.ode.GraggBulirschStoerStepInterpolator,org.apache.commons.math.ode.AbstractStepInterpolator,131,9,0.06870229007633588
CR,math,5,org.apache.commons.math.ode.SwitchingFunctionsHandler,org.apache.commons.math.ode.SwitchState,188,27,0.14361702127659576
CR,math,5,org.apache.commons.math.ode.SwitchState,org.apache.commons.math.analysis.BrentSolver,283,10,0.0353356890459364
CR,math,5,org.apache.commons.math.optimization.NelderMead,org.apache.commons.math.optimization.DirectSearchOptimizer,223,18,0.08071748878923767
CR,math,5,org.apache.commons.math.stat.descriptive.AbstractStorelessUnivariateStatistic,org.apache.commons.math.stat.descriptive.moment.Variance,150,1,0.006666666666666667
CR,math,5,org.apache.commons.math.stat.descriptive.DescriptiveStatistics,org.apache.commons.math.util.ResizableDoubleArray,305,10,0.03278688524590164
CR,math,5,org.apache.commons.math.stat.inference.TTestImpl,org.apache.commons.math.stat.StatUtils,127,1,0.007874015748031496
CR,math,5,org.apache.commons.math.transform.FastFourierTransformer,org.apache.commons.math.complex.Complex,635,316,0.49763779527559054
CR,mockito,5,org.mockito.asm.AnnotationWriter,org.mockito.asm.ClassWriter,884,379,0.4287330316742081
CR,mockito,5,org.mockito.asm.MethodWriter,org.mockito.asm.ByteVector,300,33,0.11
CR,mockito,5,org.mockito.cglib.core.CodeEmitter,org.mockito.cglib.core.TypeUtils,725,79,0.10896551724137932
CR,mockito,5,org.mockito.cglib.core.EmitUtils,org.mockito.cglib.core.CodeEmitter,745,16,0.021476510067114093
CR,mockito,5,org.mockito.cglib.proxy.Enhancer,org.mockito.cglib.core.ReflectUtils,518,91,0.17567567567567569
CR,mockito,5,org.mockito.cglib.proxy.Mixin$Generator,org.mockito.cglib.core.ReflectUtils,518,25,0.04826254826254826
CR,time,5,org.joda.time.base.AbstractPartial,org.joda.time.YearMonth,299,7,0.023411371237458192
CR,time,5,org.joda.time.base.BasePeriod,org.joda.time.base.AbstractPeriod,132,7,0.05303030303030303
CR,time,5,org.joda.time.chrono.BasicChronology,org.joda.time.chrono.CopticChronology,136,54,0.39705882352941174
CR,time,5,org.joda.time.chrono.BasicChronology,org.joda.time.chrono.IslamicChronology,352,10,0.028409090909090908
CR,time,5,org.joda.time.chrono.BasicWeekyearDateTimeField,org.joda.time.chrono.BasicChronology,503,3,0.005964214711729622
CR,time,5,org.joda.time.chrono.CopticChronology,org.joda.time.DateTimeZone,734,36,0.04904632152588556
CR,time,5,org.joda.time.chrono.GJChronology,org.joda.time.chrono.GJChronology$CutoverField,367,1,0.0027247956403269754
CR,time,5,org.joda.time.chrono.GJChronology,org.joda.time.chrono.JulianChronology,157,5,0.03184713375796178
CR,time,5,org.joda.time.chrono.ISOChronology,org.joda.time.chrono.AssembledChronology,359,2,0.005571030640668524
CR,time,5,org.joda.time.chrono.ISOChronology,org.joda.time.DateTimeZone,734,34,0.04632152588555858
CR,time,5,org.joda.time.chrono.ZonedChronology,org.joda.time.DateTimeZone,734,17,0.02316076294277929
CR,time,5,org.joda.time.chrono.ZonedChronology$ZonedDateTimeField,org.joda.time.DateTimeZone,734,40,0.05449591280653951
CR,time,5,org.joda.time.DateTimeUtils,org.joda.time.DateTimeZone,734,11,0.014986376021798364
CR,time,5,org.joda.time.DateTimeZone,org.joda.time.format.DateTimeFormat,642,5,0.00778816199376947
CR,time,5,org.joda.time.DateTimeZone,org.joda.time.format.FormatUtils,542,5,0.00922509225092251
CR,time,5,org.joda.time.Days,org.joda.time.base.BaseSingleFieldPeriod,228,8,0.03508771929824561
CR,time,5,org.joda.time.format.DateTimeFormat,org.joda.time.format.DateTimeFormatterBuilder,643,2,0.003110419906687403
CR,time,5,org.joda.time.format.DateTimeFormatter,org.joda.time.DateTimeZone,734,34,0.04632152588555858
CR,time,5,org.joda.time.format.DateTimeFormatterBuilder$PaddedNumber,org.joda.time.format.DateTimeFormatterBuilder,643,3,0.004665629860031105
CR,time,5,org.joda.time.format.DateTimeFormatterBuilder$TextField,org.joda.time.format.DateTimeParserBucket,274,5,0.01824817518248175
CR,time,5,org.joda.time.format.DateTimeParserBucket$SavedState,org.joda.time.format.DateTimeParserBucket,274,1,0.0036496350364963502
CR,time,5,org.joda.time.Hours,org.joda.time.base.BaseSingleFieldPeriod,228,4,0.017543859649122806
CR,time,5,org.joda.time.LocalDate,org.joda.time.format.ISODateTimeFormat,1510,1,0.0006622516556291391
CR,time,5,org.joda.time.LocalDateTime,org.joda.time.DateTimeZone,734,213,0.2901907356948229
CR,time,5,org.joda.time.LocalTime$Property,org.joda.time.LocalTime,729,3,0.00411522633744856
CR,time,5,org.joda.time.Minutes,org.joda.time.base.BaseSingleFieldPeriod,228,8,0.03508771929824561
CR,time,5,org.joda.time.MutableInterval,org.joda.time.base.BaseInterval,109,1,0.009174311926605505
CR,time,5,org.joda.time.MutablePeriod,org.joda.time.base.BasePeriod,350,5,0.014285714285714285
CR,time,5,org.joda.time.Period,org.joda.time.base.BasePeriod,350,7,0.02
CR,time,5,org.joda.time.Period,org.joda.time.PeriodType,907,513,0.565600882028666
CR,time,5,org.joda.time.Seconds,org.joda.time.base.BaseSingleFieldPeriod,228,4,0.017543859649122806
CR,time,5,org.joda.time.tz.ZoneInfoCompiler,org.joda.time.DateTimeZone,734,35,0.047683923705722074
CR,time,5,org.joda.time.Weeks,org.joda.time.base.BaseSingleFieldPeriod,228,5,0.021929824561403508
CR,time,5,org.joda.time.YearMonthDay,org.joda.time.base.BasePartial,84,6,0.07142857142857142
CR,closure,6,com.google.javascript.rhino.head.IRFactory,com.google.javascript.rhino.head.Node,670,6,0.008955223880597015
CR,closure,6,com.google.javascript.rhino.head.NativeArray,com.google.javascript.rhino.head.IdScriptableObject,491,9,0.018329938900203666
CR,closure,6,com.google.javascript.rhino.head.NativeObject,com.google.javascript.rhino.head.ScriptableObject,2403,34,0.014148980441115273
CR,closure,6,com.google.javascript.rhino.head.ScriptRuntime,com.google.javascript.rhino.head.ScriptableObject,2403,14,0.005826050769870994
CR,closure,6,com.google.javascript.rhino.head.tools.shell.Global,com.google.javascript.rhino.head.ScriptRuntime,4537,1,0.00022040996253030638
CR,lang,6,org.apache.commons.lang3.builder.ReflectionToStringBuilder,org.apache.commons.lang3.builder.ToStringBuilder,222,5,0.02252252252252252
CR,lang,6,org.apache.commons.lang3.builder.ToStringBuilder,org.apache.commons.lang3.builder.ToStringStyle,793,127,0.1601513240857503
CR,lang,6,org.apache.commons.lang3.text.StrBuilder$StrBuilderReader,org.apache.commons.lang3.text.StrBuilder,2104,6,0.0028517110266159697
CR,lang,6,org.apache.commons.lang3.text.StrSubstitutor,org.apache.commons.lang3.text.StrBuilder,2104,28,0.013307984790874524
CR,math,6,org.apache.commons.math.analysis.LaguerreSolver,org.apache.commons.math.complex.Complex,635,113,0.17795275590551182
CR,math,6,org.apache.commons.math.analysis.MullerSolver,org.apache.commons.math.analysis.UnivariateRealSolverImpl,159,53,0.3333333333333333
CR,math,6,org.apache.commons.math.distribution.AbstractIntegerDistribution,org.apache.commons.math.distribution.HypergeometricDistributionImpl,150,3,0.02
CR,math,6,org.apache.commons.math.geometry.Rotation,org.apache.commons.math.geometry.Vector3D,294,5,0.017006802721088437
CR,math,6,org.apache.commons.math.linear.MatrixUtils,org.apache.commons.math.linear.BigMatrixImpl,1175,1,0.000851063829787234
CR,math,6,org.apache.commons.math.ode.AbstractStepInterpolator,org.apache.commons.math.ode.DormandPrince853StepInterpolator,398,24,0.06030150753768844
CR,math,6,org.apache.commons.math.ode.ContinuousOutputModel,org.apache.commons.math.ode.AbstractStepInterpolator,131,6,0.04580152671755725
CR,math,6,org.apache.commons.math.ode.EmbeddedRungeKuttaIntegrator,org.apache.commons.math.ode.DormandPrince853Integrator,115,1,0.008695652173913044
CR,math,6,org.apache.commons.math.ode.EmbeddedRungeKuttaIntegrator,org.apache.commons.math.ode.HighamHall54Integrator,50,5,0.1
CR,math,6,org.apache.commons.math.ode.GraggBulirschStoerIntegrator,org.apache.commons.math.ode.AdaptiveStepsizeIntegrator,278,13,0.046762589928057555
CR,math,6,org.apache.commons.math.ode.GraggBulirschStoerStepInterpolator,org.apache.commons.math.ode.AbstractStepInterpolator,131,8,0.061068702290076333
CR,math,6,org.apache.commons.math.ode.SwitchingFunctionsHandler,org.apache.commons.math.ode.SwitchState,188,25,0.13297872340425532
CR,math,6,org.apache.commons.math.ode.SwitchState,org.apache.commons.math.analysis.BrentSolver,283,26,0.09187279151943463
CR,math,6,org.apache.commons.math.optimization.NelderMead,org.apache.commons.math.optimization.DirectSearchOptimizer,223,8,0.03587443946188341
CR,math,6,org.apache.commons.math.stat.descriptive.AbstractStorelessUnivariateStatistic,org.apache.commons.math.stat.descriptive.moment.Variance,150,2,0.013333333333333334
CR,math,6,org.apache.commons.math.stat.descriptive.DescriptiveStatistics,org.apache.commons.math.util.ResizableDoubleArray,305,16,0.05245901639344262
CR,math,6,org.apache.commons.math.stat.inference.TTestImpl,org.apache.commons.math.stat.StatUtils,127,1,0.007874015748031496
CR,math,6,org.apache.commons.math.transform.FastFourierTransformer,org.apache.commons.math.complex.Complex,635,250,0.3937007874015748
CR,mockito,6,org.mockito.asm.AnnotationWriter,org.mockito.asm.ClassWriter,883,368,0.41676104190260477
CR,mockito,6,org.mockito.asm.MethodWriter,org.mockito.asm.ByteVector,300,41,0.13666666666666666
CR,mockito,6,org.mockito.cglib.core.CodeEmitter,org.mockito.cglib.core.TypeUtils,725,10,0.013793103448275862
CR,mockito,6,org.mockito.cglib.core.EmitUtils,org.mockito.cglib.core.CodeEmitter,745,12,0.016107382550335572
CR,mockito,6,org.mockito.cglib.proxy.Enhancer,org.mockito.cglib.core.ReflectUtils,518,91,0.17567567567567569
CR,mockito,6,org.mockito.cglib.proxy.Mixin$Generator,org.mockito.cglib.core.ReflectUtils,518,60,0.11583011583011583
CR,time,6,org.joda.time.base.AbstractPartial,org.joda.time.YearMonth,299,1,0.0033444816053511705
CR,time,6,org.joda.time.base.BasePeriod,org.joda.time.base.AbstractPeriod,132,1,0.007575757575757576
CR,time,6,org.joda.time.chrono.BasicChronology,org.joda.time.chrono.CopticChronology,136,54,0.39705882352941174
CR,time,6,org.joda.time.chrono.BasicChronology,org.joda.time.chrono.IslamicChronology,352,30,0.08522727272727272
CR,time,6,org.joda.time.chrono.BasicWeekyearDateTimeField,org.joda.time.chrono.BasicChronology,503,5,0.009940357852882704
CR,time,6,org.joda.time.chrono.CopticChronology,org.joda.time.DateTimeZone,734,18,0.02452316076294278
CR,time,6,org.joda.time.chrono.GJChronology,org.joda.time.chrono.JulianChronology,157,11,0.07006369426751592
CR,time,6,org.joda.time.chrono.ISOChronology,org.joda.time.chrono.AssembledChronology,359,10,0.027855153203342618
CR,time,6,org.joda.time.chrono.ISOChronology,org.joda.time.DateTimeZone,734,119,0.16212534059945505
CR,time,6,org.joda.time.chrono.ZonedChronology,org.joda.time.DateTimeZone,734,11,0.014986376021798364
CR,time,6,org.joda.time.chrono.ZonedChronology$ZonedDateTimeField,org.joda.time.DateTimeZone,734,16,0.021798365122615803
CR,time,6,org.joda.time.DateTimeUtils,org.joda.time.DateTimeZone,734,7,0.009536784741144414
CR,time,6,org.joda.time.DateTimeZone,org.joda.time.format.FormatUtils,542,2,0.0036900369003690036
CR,time,6,org.joda.time.Days,org.joda.time.base.BaseSingleFieldPeriod,228,1,0.0043859649122807015
CR,time,6,org.joda.time.format.DateTimeFormat,org.joda.time.format.DateTimeFormatterBuilder,642,4,0.006230529595015576
CR,time,6,org.joda.time.format.DateTimeFormatter,org.joda.time.DateTimeZone,734,3,0.004087193460490463
CR,time,6,org.joda.time.format.DateTimeFormatter,org.joda.time.format.DateTimeParserBucket,274,13,0.04744525547445255
CR,time,6,org.joda.time.format.DateTimeFormatterBuilder$PaddedNumber,org.joda.time.format.DateTimeFormatterBuilder,642,7,0.010903426791277258
CR,time,6,org.joda.time.format.DateTimeFormatterBuilder$TextField,org.joda.time.format.DateTimeParserBucket,274,6,0.021897810218978103
CR,time,6,org.joda.time.format.DateTimeParserBucket$SavedState,org.joda.time.format.DateTimeParserBucket,274,2,0.0072992700729927005
CR,time,6,org.joda.time.format.ISODateTimeFormat,org.joda.time.format.DateTimeFormatterBuilder,642,1,0.001557632398753894
CR,time,6,org.joda.time.Hours,org.joda.time.base.BaseSingleFieldPeriod,228,2,0.008771929824561403
CR,time,6,org.joda.time.LocalDate,org.joda.time.format.ISODateTimeFormat,1510,35,0.023178807947019868
CR,time,6,org.joda.time.LocalDateTime,org.joda.time.DateTimeZone,734,45,0.06130790190735695
CR,time,6,org.joda.time.LocalDateTime,org.joda.time.format.DateTimeFormatter,466,3,0.006437768240343348
CR,time,6,org.joda.time.LocalTime$Property,org.joda.time.LocalTime,729,3,0.00411522633744856
CR,time,6,org.joda.time.Minutes,org.joda.time.base.BaseSingleFieldPeriod,228,5,0.021929824561403508
CR,time,6,org.joda.time.MutableInterval,org.joda.time.base.BaseInterval,109,2,0.01834862385321101
CR,time,6,org.joda.time.MutablePeriod,org.joda.time.base.BasePeriod,350,8,0.022857142857142857
CR,time,6,org.joda.time.Period,org.joda.time.base.AbstractPeriod,132,1,0.007575757575757576
CR,time,6,org.joda.time.Period,org.joda.time.base.BasePeriod,350,7,0.02
CR,time,6,org.joda.time.Period,org.joda.time.PeriodType,907,21,0.023153252480705624
CR,time,6,org.joda.time.Seconds,org.joda.time.base.BaseSingleFieldPeriod,228,10,0.043859649122807015
CR,time,6,org.joda.time.tz.ZoneInfoCompiler,org.joda.time.DateTimeZone,734,8,0.010899182561307902
CR,time,6,org.joda.time.Weeks,org.joda.time.base.BaseSingleFieldPeriod,228,5,0.021929824561403508
CR,time,6,org.joda.time.YearMonthDay,org.joda.time.base.BasePartial,84,6,0.07142857142857142
CR,closure,7,com.google.javascript.rhino.head.IdScriptableObject,com.google.javascript.rhino.head.ScriptableObject,2403,25,0.010403662089055347
CR,closure,7,com.google.javascript.rhino.head.NativeArray,com.google.javascript.rhino.head.IdScriptableObject,491,38,0.07739307535641547
CR,closure,7,com.google.javascript.rhino.head.NativeArray,com.google.javascript.rhino.head.ScriptableObject,2403,39,0.016229712858926344
CR,closure,7,com.google.javascript.rhino.head.NativeArray,com.google.javascript.rhino.head.ScriptRuntime,4535,8,0.0017640573318632856
CR,closure,7,com.google.javascript.rhino.head.tools.shell.Global,com.google.javascript.rhino.head.ScriptRuntime,4535,3,0.000661521499448732
CR,closure,7,com.google.javascript.rhino.JSDocInfoBuilder,com.google.javascript.rhino.JSDocInfo,954,128,0.13417190775681342
CR,closure,7,com.google.javascript.rhino.jstype.JSType,com.google.javascript.rhino.jstype.UnionType,483,3,0.006211180124223602
CR,lang,7,org.apache.commons.lang3.builder.ReflectionToStringBuilder,org.apache.commons.lang3.builder.ToStringBuilder,222,3,0.013513513513513514
CR,lang,7,org.apache.commons.lang3.builder.ToStringBuilder,org.apache.commons.lang3.builder.ToStringStyle,793,42,0.05296343001261034
CR,lang,7,org.apache.commons.lang3.concurrent.MultiBackgroundInitializer,org.apache.commons.lang3.concurrent.BackgroundInitializer,63,6,0.09523809523809523
CR,lang,7,org.apache.commons.lang3.text.StrBuilder$StrBuilderReader,org.apache.commons.lang3.text.StrBuilder,2104,2,0.0009505703422053232
CR,lang,7,org.apache.commons.lang3.text.StrSubstitutor,org.apache.commons.lang3.text.StrBuilder,2104,12,0.005703422053231939
CR,lang,7,org.apache.commons.lang3.text.translate.UnicodeEscaper,org.apache.commons.lang3.text.translate.CharSequenceTranslator,76,1,0.013157894736842105
CR,math,7,org.apache.commons.math.analysis.LaguerreSolver,org.apache.commons.math.complex.Complex,635,16,0.025196850393700787
CR,math,7,org.apache.commons.math.analysis.MullerSolver,org.apache.commons.math.analysis.UnivariateRealSolverImpl,159,54,0.33962264150943394
CR,math,7,org.apache.commons.math.distribution.AbstractIntegerDistribution,org.apache.commons.math.distribution.HypergeometricDistributionImpl,150,2,0.013333333333333334
CR,math,7,org.apache.commons.math.fraction.ProperFractionFormat,org.apache.commons.math.fraction.FractionFormat,171,1,0.005847953216374269
CR,math,7,org.apache.commons.math.geometry.Rotation,org.apache.commons.math.geometry.Vector3D,294,18,0.061224489795918366
CR,math,7,org.apache.commons.math.linear.MatrixUtils,org.apache.commons.math.linear.BigMatrixImpl,1175,1,0.000851063829787234
CR,math,7,org.apache.commons.math.ode.AbstractStepInterpolator,org.apache.commons.math.ode.DormandPrince853StepInterpolator,398,26,0.06532663316582915
CR,math,7,org.apache.commons.math.ode.ContinuousOutputModel,org.apache.commons.math.ode.AbstractStepInterpolator,131,12,0.0916030534351145
CR,math,7,org.apache.commons.math.ode.EmbeddedRungeKuttaIntegrator,org.apache.commons.math.ode.DormandPrince853Integrator,115,4,0.034782608695652174
CR,math,7,org.apache.commons.math.ode.EmbeddedRungeKuttaIntegrator,org.apache.commons.math.ode.HighamHall54Integrator,50,4,0.08
CR,math,7,org.apache.commons.math.ode.GraggBulirschStoerIntegrator,org.apache.commons.math.ode.AdaptiveStepsizeIntegrator,278,24,0.08633093525179857
CR,math,7,org.apache.commons.math.ode.GraggBulirschStoerStepInterpolator,org.apache.commons.math.ode.AbstractStepInterpolator,131,21,0.16030534351145037
CR,math,7,org.apache.commons.math.ode.SwitchingFunctionsHandler,org.apache.commons.math.ode.SwitchState,188,11,0.05851063829787234
CR,math,7,org.apache.commons.math.optimization.NelderMead,org.apache.commons.math.optimization.DirectSearchOptimizer,223,48,0.21524663677130046
CR,math,7,org.apache.commons.math.stat.descriptive.AbstractStorelessUnivariateStatistic,org.apache.commons.math.stat.descriptive.moment.Variance,150,3,0.02
CR,math,7,org.apache.commons.math.stat.descriptive.DescriptiveStatistics,org.apache.commons.math.util.ResizableDoubleArray,305,25,0.08196721311475409
CR,math,7,org.apache.commons.math.transform.FastFourierTransformer,org.apache.commons.math.complex.Complex,635,281,0.44251968503937006
CR,mockito,7,org.mockito.asm.AnnotationWriter,org.mockito.asm.ClassWriter,884,463,0.5237556561085973
CR,mockito,7,org.mockito.asm.MethodWriter,org.mockito.asm.ByteVector,300,26,0.08666666666666667
CR,mockito,7,org.mockito.asm.MethodWriter,org.mockito.asm.ClassWriter,884,1,0.0011312217194570137
CR,mockito,7,org.mockito.asm.tree.analysis.BasicVerifier,org.mockito.asm.tree.analysis.BasicInterpreter,413,5,0.012106537530266344
CR,mockito,7,org.mockito.cglib.core.ClassEmitter,org.mockito.cglib.transform.impl.InterceptFieldTransformer,188,10,0.05319148936170213
CR,mockito,7,org.mockito.cglib.core.CodeEmitter,org.mockito.cglib.core.TypeUtils,725,7,0.009655172413793104
CR,mockito,7,org.mockito.cglib.core.EmitUtils,org.mockito.cglib.core.CodeEmitter,745,2,0.0026845637583892616
CR,mockito,7,org.mockito.cglib.proxy.Enhancer,org.mockito.cglib.core.ReflectUtils,518,91,0.17567567567567569
CR,time,7,org.joda.time.base.AbstractPartial,org.joda.time.MonthDay,286,9,0.03146853146853147
CR,time,7,org.joda.time.chrono.BasicChronology,org.joda.time.chrono.CopticChronology,136,13,0.09558823529411764
CR,time,7,org.joda.time.chrono.BasicChronology,org.joda.time.chrono.EthiopicChronology,133,21,0.15789473684210525
CR,time,7,org.joda.time.chrono.BasicChronology,org.joda.time.chrono.IslamicChronology,352,10,0.028409090909090908
CR,time,7,org.joda.time.chrono.BasicWeekyearDateTimeField,org.joda.time.chrono.BasicChronology,503,66,0.1312127236580517
CR,time,7,org.joda.time.chrono.CopticChronology,org.joda.time.DateTimeZone,734,15,0.020435967302452316
CR,time,7,org.joda.time.chrono.GJChronology,org.joda.time.chrono.JulianChronology,157,1,0.006369426751592357
CR,time,7,org.joda.time.chrono.ISOChronology,org.joda.time.chrono.AssembledChronology,359,7,0.019498607242339833
CR,time,7,org.joda.time.chrono.ISOChronology,org.joda.time.DateTimeZone,734,36,0.04904632152588556
CR,time,7,org.joda.time.chrono.ZonedChronology,org.joda.time.chrono.AssembledChronology,359,2,0.005571030640668524
CR,time,7,org.joda.time.chrono.ZonedChronology$ZonedDateTimeField,org.joda.time.DateTimeZone,734,5,0.006811989100817439
CR,time,7,org.joda.time.DateTimeUtils,org.joda.time.DateTimeZone,734,11,0.014986376021798364
CR,time,7,org.joda.time.Days,org.joda.time.base.BaseSingleFieldPeriod,228,4,0.017543859649122806
CR,time,7,org.joda.time.format.DateTimeFormat,org.joda.time.format.DateTimeFormatterBuilder,642,1,0.001557632398753894
CR,time,7,org.joda.time.format.DateTimeFormatter,org.joda.time.format.DateTimeParserBucket,274,4,0.014598540145985401
CR,time,7,org.joda.time.format.DateTimeFormatterBuilder$PaddedNumber,org.joda.time.format.DateTimeFormatterBuilder,642,3,0.004672897196261682
CR,time,7,org.joda.time.format.DateTimeParserBucket$SavedState,org.joda.time.format.DateTimeParserBucket,274,5,0.01824817518248175
CR,time,7,org.joda.time.Hours,org.joda.time.base.BaseSingleFieldPeriod,228,5,0.021929824561403508
CR,time,7,org.joda.time.LocalDate,org.joda.time.format.ISODateTimeFormat,1510,1,0.0006622516556291391
CR,time,7,org.joda.time.LocalDateTime,org.joda.time.DateTimeZone,734,22,0.02997275204359673
CR,time,7,org.joda.time.LocalDateTime,org.joda.time.format.DateTimeFormatter,466,3,0.006437768240343348
CR,time,7,org.joda.time.LocalTime$Property,org.joda.time.LocalTime,729,31,0.04252400548696845
CR,time,7,org.joda.time.Minutes,org.joda.time.base.BaseSingleFieldPeriod,228,1,0.0043859649122807015
CR,time,7,org.joda.time.MutableInterval,org.joda.time.base.BaseInterval,109,2,0.01834862385321101
CR,time,7,org.joda.time.MutablePeriod,org.joda.time.base.BasePeriod,350,1,0.002857142857142857
CR,time,7,org.joda.time.Period,org.joda.time.base.AbstractPeriod,132,1,0.007575757575757576
CR,time,7,org.joda.time.Period,org.joda.time.base.BasePeriod,350,1,0.002857142857142857
CR,time,7,org.joda.time.Period,org.joda.time.PeriodType,907,13,0.014332965821389196
CR,time,7,org.joda.time.Seconds,org.joda.time.base.BaseSingleFieldPeriod,228,2,0.008771929824561403
CR,time,7,org.joda.time.tz.ZoneInfoCompiler,org.joda.time.DateTimeZone,734,14,0.01907356948228883
CR,time,7,org.joda.time.Weeks,org.joda.time.base.BaseSingleFieldPeriod,228,5,0.021929824561403508
CR,time,7,org.joda.time.YearMonthDay,org.joda.time.base.BasePartial,84,6,0.07142857142857142
CR,closure,8,com.google.javascript.rhino.head.IdScriptableObject,com.google.javascript.rhino.head.ScriptableObject,2405,23,0.009563409563409564
CR,closure,8,com.google.javascript.rhino.head.Interpreter,com.google.javascript.rhino.head.ScriptableObject,2405,7,0.0029106029106029108
CR,closure,8,com.google.javascript.rhino.head.IRFactory,com.google.javascript.rhino.head.Parser,4058,1,0.0002464268112370626
CR,closure,8,com.google.javascript.rhino.head.regexp.NativeRegExp,com.google.javascript.rhino.head.ScriptRuntime,4534,12,0.002646669607410675
CR,closure,8,com.google.javascript.rhino.head.tools.debugger.Dim,com.google.javascript.rhino.head.ScriptRuntime,4534,3,0.0006616674018526688
CR,closure,8,com.google.javascript.rhino.head.tools.shell.Global,com.google.javascript.rhino.head.ScriptRuntime,4534,1,0.00022055580061755624
CR,closure,8,com.google.javascript.rhino.jstype.JSType,com.google.javascript.rhino.jstype.ProxyObjectType,345,3,0.008695652173913044
CR,lang,8,org.apache.commons.lang3.builder.ToStringBuilder,org.apache.commons.lang3.builder.ToStringStyle,793,102,0.12862547288776796
CR,lang,8,org.apache.commons.lang3.builder.ToStringStyle,org.apache.commons.lang3.ClassUtils,830,1,0.0012048192771084338
CR,lang,8,org.apache.commons.lang3.concurrent.MultiBackgroundInitializer,org.apache.commons.lang3.concurrent.BackgroundInitializer,63,3,0.047619047619047616
CR,lang,8,org.apache.commons.lang3.text.StrBuilder$StrBuilderReader,org.apache.commons.lang3.text.StrBuilder,2104,108,0.051330798479087454
CR,lang,8,org.apache.commons.lang3.text.StrSubstitutor,org.apache.commons.lang3.text.StrBuilder,2104,203,0.09648288973384031
CR,math,8,org.apache.commons.math.analysis.LaguerreSolver,org.apache.commons.math.complex.Complex,635,5,0.007874015748031496
CR,math,8,org.apache.commons.math.analysis.MullerSolver,org.apache.commons.math.analysis.UnivariateRealSolverImpl,159,50,0.31446540880503143
CR,math,8,org.apache.commons.math.distribution.AbstractIntegerDistribution,org.apache.commons.math.distribution.HypergeometricDistributionImpl,150,3,0.02
CR,math,8,org.apache.commons.math.fraction.ProperFractionFormat,org.apache.commons.math.fraction.FractionFormat,171,2,0.011695906432748537
CR,math,8,org.apache.commons.math.geometry.Rotation,org.apache.commons.math.geometry.Vector3D,294,4,0.013605442176870748
CR,math,8,org.apache.commons.math.linear.MatrixUtils,org.apache.commons.math.linear.BigMatrixImpl,1175,1,0.000851063829787234
CR,math,8,org.apache.commons.math.ode.AbstractStepInterpolator,org.apache.commons.math.ode.DormandPrince853StepInterpolator,398,77,0.1934673366834171
CR,math,8,org.apache.commons.math.ode.ContinuousOutputModel,org.apache.commons.math.ode.AbstractStepInterpolator,131,8,0.061068702290076333
CR,math,8,org.apache.commons.math.ode.EmbeddedRungeKuttaIntegrator,org.apache.commons.math.ode.DormandPrince853Integrator,115,4,0.034782608695652174
CR,math,8,org.apache.commons.math.ode.GraggBulirschStoerIntegrator,org.apache.commons.math.ode.AdaptiveStepsizeIntegrator,278,14,0.050359712230215826
CR,math,8,org.apache.commons.math.ode.GraggBulirschStoerIntegrator,org.apache.commons.math.ode.SwitchingFunctionsHandler,117,8,0.06837606837606838
CR,math,8,org.apache.commons.math.ode.GraggBulirschStoerStepInterpolator,org.apache.commons.math.ode.AbstractStepInterpolator,131,19,0.1450381679389313
CR,math,8,org.apache.commons.math.ode.SwitchingFunctionsHandler,org.apache.commons.math.ode.SwitchState,188,4,0.02127659574468085
CR,math,8,org.apache.commons.math.ode.SwitchState,org.apache.commons.math.analysis.BrentSolver,283,10,0.0353356890459364
CR,math,8,org.apache.commons.math.optimization.NelderMead,org.apache.commons.math.optimization.DirectSearchOptimizer,223,28,0.12556053811659193
CR,math,8,org.apache.commons.math.stat.descriptive.AbstractStorelessUnivariateStatistic,org.apache.commons.math.stat.descriptive.moment.Variance,150,2,0.013333333333333334
CR,math,8,org.apache.commons.math.stat.descriptive.DescriptiveStatistics,org.apache.commons.math.util.ResizableDoubleArray,305,14,0.04590163934426229
CR,math,8,org.apache.commons.math.stat.inference.TTestImpl,org.apache.commons.math.stat.StatUtils,127,2,0.015748031496062992
CR,math,8,org.apache.commons.math.transform.FastFourierTransformer,org.apache.commons.math.complex.Complex,635,256,0.4031496062992126
CR,mockito,8,org.mockito.asm.AnnotationWriter,org.mockito.asm.ClassWriter,883,426,0.4824462061155153
CR,mockito,8,org.mockito.asm.MethodWriter,org.mockito.asm.ByteVector,300,25,0.08333333333333333
CR,mockito,8,org.mockito.asm.tree.analysis.BasicVerifier,org.mockito.asm.tree.analysis.BasicInterpreter,413,2,0.004842615012106538
CR,mockito,8,org.mockito.cglib.core.ClassEmitter,org.mockito.cglib.transform.impl.InterceptFieldTransformer,188,8,0.0425531914893617
CR,mockito,8,org.mockito.cglib.core.CodeEmitter,org.mockito.cglib.core.TypeUtils,725,10,0.013793103448275862
CR,mockito,8,org.mockito.cglib.core.EmitUtils,org.mockito.cglib.core.CodeEmitter,745,13,0.0174496644295302
CR,mockito,8,org.mockito.cglib.proxy.Enhancer,org.mockito.cglib.core.ReflectUtils,519,91,0.17533718689788053
CR,mockito,8,org.mockito.cglib.proxy.Mixin$Generator,org.mockito.cglib.core.AbstractClassGenerator,126,3,0.023809523809523808
CR,mockito,8,org.mockito.cglib.proxy.Mixin$Generator,org.mockito.cglib.core.ReflectUtils,519,29,0.055876685934489405
CR,time,8,org.joda.time.base.AbstractPartial,org.joda.time.YearMonth,299,8,0.026755852842809364
CR,time,8,org.joda.time.base.BasePeriod,org.joda.time.base.AbstractPeriod,132,10,0.07575757575757576
CR,time,8,org.joda.time.chrono.BasicChronology,org.joda.time.chrono.IslamicChronology,352,72,0.20454545454545456
CR,time,8,org.joda.time.chrono.BasicWeekyearDateTimeField,org.joda.time.chrono.BasicChronology,503,54,0.1073558648111332
CR,time,8,org.joda.time.chrono.CopticChronology,org.joda.time.DateTimeZone,734,17,0.02316076294277929
CR,time,8,org.joda.time.chrono.GJChronology,org.joda.time.chrono.JulianChronology,157,5,0.03184713375796178
CR,time,8,org.joda.time.chrono.ISOChronology,org.joda.time.chrono.AssembledChronology,359,99,0.2757660167130919
CR,time,8,org.joda.time.chrono.ISOChronology,org.joda.time.DateTimeZone,734,23,0.031335149863760216
CR,time,8,org.joda.time.chrono.ZonedChronology,org.joda.time.DateTimeZone,734,170,0.23160762942779292
CR,time,8,org.joda.time.chrono.ZonedChronology$ZonedDateTimeField,org.joda.time.DateTimeZone,734,16,0.021798365122615803
CR,time,8,org.joda.time.DateTimeUtils,org.joda.time.DateTimeZone,734,58,0.07901907356948229
CR,time,8,org.joda.time.DateTimeZone,org.joda.time.format.FormatUtils,542,1,0.0018450184501845018
CR,time,8,org.joda.time.Days,org.joda.time.base.BaseSingleFieldPeriod,228,3,0.013157894736842105
CR,time,8,org.joda.time.format.DateTimeFormat,org.joda.time.format.DateTimeFormatterBuilder,642,29,0.045171339563862926
CR,time,8,org.joda.time.format.DateTimeFormatter,org.joda.time.DateTimeZone,734,4,0.005449591280653951
CR,time,8,org.joda.time.format.DateTimeFormatter,org.joda.time.format.DateTimeParserBucket,274,3,0.010948905109489052
CR,time,8,org.joda.time.format.DateTimeFormatterBuilder$PaddedNumber,org.joda.time.format.DateTimeFormatterBuilder,642,15,0.02336448598130841
CR,time,8,org.joda.time.format.DateTimeFormatterBuilder$TextField,org.joda.time.format.DateTimeParserBucket,274,8,0.029197080291970802
CR,time,8,org.joda.time.Hours,org.joda.time.base.BaseSingleFieldPeriod,228,6,0.02631578947368421
CR,time,8,org.joda.time.LocalDate,org.joda.time.format.ISODateTimeFormat,1510,1,0.0006622516556291391
CR,time,8,org.joda.time.LocalDateTime,org.joda.time.DateTimeZone,734,9,0.01226158038147139
CR,time,8,org.joda.time.LocalDateTime,org.joda.time.format.DateTimeFormatter,466,6,0.012875536480686695
CR,time,8,org.joda.time.Minutes,org.joda.time.base.BaseSingleFieldPeriod,228,6,0.02631578947368421
CR,time,8,org.joda.time.MutableInterval,org.joda.time.base.BaseInterval,109,2,0.01834862385321101
CR,time,8,org.joda.time.MutablePeriod,org.joda.time.base.BasePeriod,350,3,0.008571428571428572
CR,time,8,org.joda.time.Period,org.joda.time.base.AbstractPeriod,132,4,0.030303030303030304
CR,time,8,org.joda.time.Period,org.joda.time.base.BasePeriod,350,6,0.017142857142857144
CR,time,8,org.joda.time.Period,org.joda.time.PeriodType,907,22,0.024255788313120176
CR,time,8,org.joda.time.Seconds,org.joda.time.base.BaseSingleFieldPeriod,228,4,0.017543859649122806
CR,time,8,org.joda.time.tz.ZoneInfoCompiler,org.joda.time.DateTimeZone,734,20,0.027247956403269755
CR,time,8,org.joda.time.Weeks,org.joda.time.base.BaseSingleFieldPeriod,228,9,0.039473684210526314
CR,time,8,org.joda.time.YearMonthDay,org.joda.time.base.BasePartial,84,15,0.17857142857142858
CR,closure,9,com.google.javascript.rhino.head.IRFactory,com.google.javascript.rhino.head.Parser,4058,2,0.0004928536224741252
CR,closure,9,com.google.javascript.rhino.head.NativeArray,com.google.javascript.rhino.head.IdScriptableObject,491,12,0.024439918533604887
CR,closure,9,com.google.javascript.rhino.head.NativeObject,com.google.javascript.rhino.head.ScriptableObject,2403,78,0.03245942571785269
CR,closure,9,com.google.javascript.rhino.head.ScriptableObject,com.google.javascript.rhino.head.FunctionObject,509,3,0.005893909626719057
CR,closure,9,com.google.javascript.rhino.head.tools.shell.Global,com.google.javascript.rhino.head.ScriptRuntime,4533,7,0.001544231193470108
CR,closure,9,com.google.javascript.rhino.jstype.JSType,com.google.javascript.rhino.jstype.FunctionType,1240,11,0.008870967741935484
CR,lang,9,org.apache.commons.lang3.builder.ToStringBuilder,org.apache.commons.lang3.builder.ToStringStyle,793,2,0.0025220680958385876
CR,lang,9,org.apache.commons.lang3.concurrent.MultiBackgroundInitializer,org.apache.commons.lang3.concurrent.BackgroundInitializer,63,6,0.09523809523809523
CR,lang,9,org.apache.commons.lang3.text.StrBuilder$StrBuilderReader,org.apache.commons.lang3.text.StrBuilder,2106,3,0.0014245014245014246
CR,lang,9,org.apache.commons.lang3.text.StrSubstitutor,org.apache.commons.lang3.text.StrBuilder,2106,25,0.011870845204178538
CR,math,9,org.apache.commons.math.analysis.LaguerreSolver,org.apache.commons.math.complex.Complex,635,24,0.03779527559055118
CR,math,9,org.apache.commons.math.analysis.MullerSolver,org.apache.commons.math.analysis.UnivariateRealSolverImpl,159,54,0.33962264150943394
CR,math,9,org.apache.commons.math.distribution.AbstractIntegerDistribution,org.apache.commons.math.distribution.HypergeometricDistributionImpl,150,13,0.08666666666666667
CR,math,9,org.apache.commons.math.fraction.ProperFractionFormat,org.apache.commons.math.fraction.FractionFormat,171,4,0.023391812865497075
CR,math,9,org.apache.commons.math.geometry.Rotation,org.apache.commons.math.geometry.Vector3D,294,4,0.013605442176870748
CR,math,9,org.apache.commons.math.linear.MatrixUtils,org.apache.commons.math.linear.BigMatrixImpl,1175,1,0.000851063829787234
CR,math,9,org.apache.commons.math.ode.AbstractStepInterpolator,org.apache.commons.math.ode.DormandPrince853StepInterpolator,398,32,0.08040201005025126
CR,math,9,org.apache.commons.math.ode.ContinuousOutputModel,org.apache.commons.math.ode.AbstractStepInterpolator,131,12,0.0916030534351145
CR,math,9,org.apache.commons.math.ode.EmbeddedRungeKuttaIntegrator,org.apache.commons.math.ode.DormandPrince853Integrator,115,1,0.008695652173913044
CR,math,9,org.apache.commons.math.ode.EmbeddedRungeKuttaIntegrator,org.apache.commons.math.ode.HighamHall54Integrator,50,8,0.16
CR,math,9,org.apache.commons.math.ode.GraggBulirschStoerIntegrator,org.apache.commons.math.ode.AdaptiveStepsizeIntegrator,278,25,0.08992805755395683
CR,math,9,org.apache.commons.math.ode.GraggBulirschStoerIntegrator,org.apache.commons.math.ode.SwitchingFunctionsHandler,117,13,0.1111111111111111
CR,math,9,org.apache.commons.math.ode.GraggBulirschStoerStepInterpolator,org.apache.commons.math.ode.AbstractStepInterpolator,131,19,0.1450381679389313
CR,math,9,org.apache.commons.math.ode.SwitchingFunctionsHandler,org.apache.commons.math.ode.SwitchState,188,30,0.1595744680851064
CR,math,9,org.apache.commons.math.ode.SwitchState,org.apache.commons.math.analysis.BrentSolver,283,12,0.04240282685512368
CR,math,9,org.apache.commons.math.optimization.NelderMead,org.apache.commons.math.optimization.DirectSearchOptimizer,223,30,0.13452914798206278
CR,math,9,org.apache.commons.math.stat.descriptive.AbstractStorelessUnivariateStatistic,org.apache.commons.math.stat.descriptive.moment.Variance,150,6,0.04
CR,math,9,org.apache.commons.math.stat.descriptive.DescriptiveStatistics,org.apache.commons.math.util.ResizableDoubleArray,305,11,0.036065573770491806
CR,math,9,org.apache.commons.math.transform.FastFourierTransformer,org.apache.commons.math.complex.Complex,635,318,0.5007874015748032
CR,mockito,9,org.mockito.asm.AnnotationWriter,org.mockito.asm.ClassWriter,883,399,0.45186862967157415
CR,mockito,9,org.mockito.asm.MethodWriter,org.mockito.asm.ByteVector,300,14,0.04666666666666667
CR,mockito,9,org.mockito.cglib.core.CodeEmitter,org.mockito.cglib.core.TypeUtils,725,11,0.015172413793103448
CR,mockito,9,org.mockito.cglib.core.EmitUtils,org.mockito.cglib.core.CodeEmitter,745,19,0.025503355704697986
CR,mockito,9,org.mockito.cglib.proxy.Enhancer,org.mockito.cglib.core.CodeEmitter,745,171,0.2295302013422819
CR,mockito,9,org.mockito.cglib.proxy.Enhancer,org.mockito.cglib.core.ReflectUtils,519,82,0.1579961464354528
CR,mockito,9,org.mockito.cglib.proxy.Mixin$Generator,org.mockito.cglib.core.ReflectUtils,519,69,0.1329479768786127
CR,time,9,org.joda.time.base.AbstractPartial,org.joda.time.TimeOfDay,327,2,0.0061162079510703364
CR,time,9,org.joda.time.base.AbstractPartial,org.joda.time.YearMonth,299,1,0.0033444816053511705
CR,time,9,org.joda.time.chrono.BasicChronology,org.joda.time.chrono.CopticChronology,136,14,0.10294117647058823
CR,time,9,org.joda.time.chrono.BasicChronology,org.joda.time.chrono.EthiopicChronology,133,1,0.007518796992481203
CR,time,9,org.joda.time.chrono.BasicChronology,org.joda.time.chrono.IslamicChronology,352,8,0.022727272727272728
CR,time,9,org.joda.time.chrono.BasicWeekyearDateTimeField,org.joda.time.chrono.BasicChronology,503,47,0.09343936381709742
CR,time,9,org.joda.time.chrono.CopticChronology,org.joda.time.DateTimeZone,734,21,0.02861035422343324
CR,time,9,org.joda.time.chrono.GJChronology,org.joda.time.chrono.GJChronology$CutoverField,367,7,0.01907356948228883
CR,time,9,org.joda.time.chrono.ISOChronology,org.joda.time.chrono.AssembledChronology,359,8,0.022284122562674095
CR,time,9,org.joda.time.chrono.ISOChronology,org.joda.time.DateTimeZone,734,29,0.039509536784741145
CR,time,9,org.joda.time.chrono.ZonedChronology,org.joda.time.DateTimeZone,734,150,0.20435967302452315
CR,time,9,org.joda.time.chrono.ZonedChronology$ZonedDateTimeField,org.joda.time.DateTimeZone,734,21,0.02861035422343324
CR,time,9,org.joda.time.Days,org.joda.time.base.BaseSingleFieldPeriod,228,2,0.008771929824561403
CR,time,9,org.joda.time.format.DateTimeFormat,org.joda.time.format.DateTimeFormatterBuilder,643,1,0.0015552099533437014
CR,time,9,org.joda.time.format.DateTimeFormatter,org.joda.time.DateTimeZone,734,2,0.0027247956403269754
CR,time,9,org.joda.time.format.DateTimeFormatter,org.joda.time.format.DateTimeParserBucket,274,1,0.0036496350364963502
CR,time,9,org.joda.time.format.DateTimeFormatterBuilder$PaddedNumber,org.joda.time.format.DateTimeFormatterBuilder,643,54,0.08398133748055987
CR,time,9,org.joda.time.format.DateTimeFormatterBuilder$TextField,org.joda.time.format.DateTimeParserBucket,274,5,0.01824817518248175
CR,time,9,org.joda.time.Hours,org.joda.time.base.BaseSingleFieldPeriod,228,8,0.03508771929824561
CR,time,9,org.joda.time.LocalDate,org.joda.time.DateTime,801,5,0.006242197253433208
CR,time,9,org.joda.time.LocalDate,org.joda.time.format.ISODateTimeFormat,1510,5,0.0033112582781456954
CR,time,9,org.joda.time.LocalDateTime,org.joda.time.DateTimeZone,734,31,0.04223433242506812
CR,time,9,org.joda.time.LocalDateTime,org.joda.time.format.DateTimeFormatter,466,3,0.006437768240343348
CR,time,9,org.joda.time.LocalTime$Property,org.joda.time.LocalTime,729,5,0.006858710562414266
CR,time,9,org.joda.time.Minutes,org.joda.time.base.BaseSingleFieldPeriod,228,1,0.0043859649122807015
CR,time,9,org.joda.time.MutableInterval,org.joda.time.base.BaseInterval,109,2,0.01834862385321101
CR,time,9,org.joda.time.MutablePeriod,org.joda.time.base.BasePeriod,350,8,0.022857142857142857
CR,time,9,org.joda.time.Period,org.joda.time.base.AbstractPeriod,132,1,0.007575757575757576
CR,time,9,org.joda.time.Period,org.joda.time.base.BasePeriod,350,7,0.02
CR,time,9,org.joda.time.Period,org.joda.time.PeriodType,907,544,0.5997794928335171
CR,time,9,org.joda.time.Seconds,org.joda.time.base.BaseSingleFieldPeriod,228,2,0.008771929824561403
CR,time,9,org.joda.time.tz.ZoneInfoCompiler,org.joda.time.DateTimeZone,734,63,0.08583106267029973
CR,time,9,org.joda.time.Weeks,org.joda.time.base.BaseSingleFieldPeriod,228,8,0.03508771929824561
CR,time,9,org.joda.time.YearMonthDay,org.joda.time.base.BasePartial,84,6,0.07142857142857142
CR,closure,10,com.google.javascript.jscomp.NodeUtil,com.google.javascript.rhino.Node,2336,16,0.00684931506849315
CR,closure,10,com.google.javascript.rhino.head.IdScriptableObject,com.google.javascript.rhino.head.ScriptableObject,2405,18,0.007484407484407485
CR,closure,10,com.google.javascript.rhino.head.IRFactory,com.google.javascript.rhino.head.Parser,4058,4,0.0009857072449482504
CR,closure,10,com.google.javascript.rhino.head.NativeArray,com.google.javascript.rhino.head.IdScriptableObject,491,3,0.006109979633401222
CR,closure,10,com.google.javascript.rhino.head.ScriptableObject,com.google.javascript.rhino.head.FunctionObject,509,1,0.0019646365422396855
CR,closure,10,com.google.javascript.rhino.head.tools.debugger.Dim,com.google.javascript.rhino.head.ScriptRuntime,4538,2,0.00044072278536800354
CR,closure,10,com.google.javascript.rhino.head.tools.shell.Global,com.google.javascript.rhino.head.ScriptRuntime,4538,1,0.00022036139268400177
CR,closure,10,com.google.javascript.rhino.jstype.JSType,com.google.javascript.rhino.jstype.FunctionType,1240,9,0.007258064516129033
CR,closure,10,com.google.javascript.rhino.jstype.JSType,com.google.javascript.rhino.jstype.UnionType,483,1,0.002070393374741201
CR,lang,10,org.apache.commons.lang3.builder.ReflectionToStringBuilder,org.apache.commons.lang3.builder.ToStringBuilder,222,1,0.0045045045045045045
CR,lang,10,org.apache.commons.lang3.builder.ToStringBuilder,org.apache.commons.lang3.builder.ToStringStyle,793,64,0.0807061790668348
CR,lang,10,org.apache.commons.lang3.concurrent.MultiBackgroundInitializer,org.apache.commons.lang3.concurrent.BackgroundInitializer,63,8,0.12698412698412698
CR,lang,10,org.apache.commons.lang3.text.StrBuilder$StrBuilderReader,org.apache.commons.lang3.text.StrBuilder,2105,2,0.0009501187648456057
CR,lang,10,org.apache.commons.lang3.text.StrSubstitutor,org.apache.commons.lang3.text.StrBuilder,2105,6,0.0028503562945368173
CR,lang,10,org.apache.commons.lang3.text.translate.UnicodeEscaper,org.apache.commons.lang3.text.translate.CharSequenceTranslator,76,1,0.013157894736842105
CR,math,10,org.apache.commons.math.analysis.LaguerreSolver,org.apache.commons.math.complex.Complex,635,3,0.004724409448818898
CR,math,10,org.apache.commons.math.analysis.MullerSolver,org.apache.commons.math.analysis.UnivariateRealSolverImpl,159,55,0.34591194968553457
CR,math,10,org.apache.commons.math.distribution.AbstractIntegerDistribution,org.apache.commons.math.distribution.HypergeometricDistributionImpl,150,3,0.02
CR,math,10,org.apache.commons.math.geometry.Rotation,org.apache.commons.math.geometry.Vector3D,294,1,0.003401360544217687
CR,math,10,org.apache.commons.math.linear.MatrixUtils,org.apache.commons.math.linear.BigMatrixImpl,1175,1,0.000851063829787234
CR,math,10,org.apache.commons.math.ode.AbstractStepInterpolator,org.apache.commons.math.ode.DormandPrince853StepInterpolator,398,26,0.06532663316582915
CR,math,10,org.apache.commons.math.ode.ContinuousOutputModel,org.apache.commons.math.ode.AbstractStepInterpolator,131,3,0.022900763358778626
CR,math,10,org.apache.commons.math.ode.EmbeddedRungeKuttaIntegrator,org.apache.commons.math.ode.DormandPrince853Integrator,115,2,0.017391304347826087
CR,math,10,org.apache.commons.math.ode.EmbeddedRungeKuttaIntegrator,org.apache.commons.math.ode.HighamHall54Integrator,50,3,0.06
CR,math,10,org.apache.commons.math.ode.GraggBulirschStoerIntegrator,org.apache.commons.math.ode.AdaptiveStepsizeIntegrator,278,18,0.06474820143884892
CR,math,10,org.apache.commons.math.ode.GraggBulirschStoerStepInterpolator,org.apache.commons.math.ode.AbstractStepInterpolator,131,14,0.10687022900763359
CR,math,10,org.apache.commons.math.ode.SwitchingFunctionsHandler,org.apache.commons.math.ode.SwitchState,188,8,0.0425531914893617
CR,math,10,org.apache.commons.math.ode.SwitchState,org.apache.commons.math.analysis.BrentSolver,283,2,0.007067137809187279
CR,math,10,org.apache.commons.math.optimization.NelderMead,org.apache.commons.math.optimization.DirectSearchOptimizer,223,17,0.07623318385650224
CR,math,10,org.apache.commons.math.stat.descriptive.AbstractStorelessUnivariateStatistic,org.apache.commons.math.stat.descriptive.moment.Variance,150,3,0.02
CR,math,10,org.apache.commons.math.stat.descriptive.DescriptiveStatistics,org.apache.commons.math.util.ResizableDoubleArray,305,13,0.04262295081967213
CR,math,10,org.apache.commons.math.transform.FastFourierTransformer,org.apache.commons.math.complex.Complex,635,249,0.3921259842519685
CR,mockito,10,org.mockito.asm.AnnotationWriter,org.mockito.asm.ClassWriter,883,418,0.4733861834654587
CR,mockito,10,org.mockito.asm.MethodWriter,org.mockito.asm.ByteVector,300,16,0.05333333333333334
CR,mockito,10,org.mockito.cglib.core.CodeEmitter,org.mockito.cglib.core.TypeUtils,725,16,0.022068965517241378
CR,mockito,10,org.mockito.cglib.core.EmitUtils,org.mockito.cglib.core.CodeEmitter,745,17,0.022818791946308724
CR,mockito,10,org.mockito.cglib.proxy.Enhancer,org.mockito.cglib.core.CodeEmitter,745,168,0.22550335570469798
CR,mockito,10,org.mockito.cglib.proxy.Enhancer,org.mockito.cglib.core.ReflectUtils,518,90,0.17374517374517376
CR,time,10,org.joda.time.base.AbstractPartial,org.joda.time.MonthDay,286,25,0.08741258741258741
CR,time,10,org.joda.time.base.AbstractPartial,org.joda.time.YearMonth,299,20,0.06688963210702341
CR,time,10,org.joda.time.chrono.BasicChronology,org.joda.time.chrono.CopticChronology,136,6,0.04411764705882353
CR,time,10,org.joda.time.chrono.BasicChronology,org.joda.time.chrono.IslamicChronology,352,18,0.05113636363636364
CR,time,10,org.joda.time.chrono.BasicWeekyearDateTimeField,org.joda.time.chrono.BasicChronology,503,8,0.015904572564612324
CR,time,10,org.joda.time.chrono.CopticChronology,org.joda.time.DateTimeZone,734,54,0.07356948228882834
CR,time,10,org.joda.time.chrono.GJChronology,org.joda.time.chrono.JulianChronology,157,8,0.050955414012738856
CR,time,10,org.joda.time.chrono.ISOChronology,org.joda.time.chrono.AssembledChronology,359,9,0.025069637883008356
CR,time,10,org.joda.time.chrono.ISOChronology,org.joda.time.DateTimeZone,734,33,0.04495912806539509
CR,time,10,org.joda.time.chrono.ZonedChronology,org.joda.time.chrono.AssembledChronology,359,1,0.002785515320334262
CR,time,10,org.joda.time.chrono.ZonedChronology,org.joda.time.DateTimeZone,734,36,0.04904632152588556
CR,time,10,org.joda.time.chrono.ZonedChronology$ZonedDateTimeField,org.joda.time.DateTimeZone,734,52,0.07084468664850137
CR,time,10,org.joda.time.DateTimeUtils,org.joda.time.DateTimeZone,734,11,0.014986376021798364
CR,time,10,org.joda.time.Days,org.joda.time.base.BaseSingleFieldPeriod,228,7,0.03070175438596491
CR,time,10,org.joda.time.format.DateTimeFormatter,org.joda.time.DateTimeZone,734,22,0.02997275204359673
CR,time,10,org.joda.time.format.DateTimeFormatter,org.joda.time.format.DateTimeParserBucket,274,12,0.043795620437956206
CR,time,10,org.joda.time.format.DateTimeFormatterBuilder$PaddedNumber,org.joda.time.format.DateTimeFormatterBuilder,642,7,0.010903426791277258
CR,time,10,org.joda.time.format.DateTimeFormatterBuilder$TextField,org.joda.time.format.DateTimeParserBucket,274,6,0.021897810218978103
CR,time,10,org.joda.time.Hours,org.joda.time.base.BaseSingleFieldPeriod,228,4,0.017543859649122806
CR,time,10,org.joda.time.LocalDate,org.joda.time.format.ISODateTimeFormat,1510,3,0.001986754966887417
CR,time,10,org.joda.time.LocalDateTime,org.joda.time.DateTimeZone,734,98,0.1335149863760218
CR,time,10,org.joda.time.LocalDateTime,org.joda.time.format.DateTimeFormatter,466,1,0.002145922746781116
CR,time,10,org.joda.time.LocalTime$Property,org.joda.time.LocalTime,729,3,0.00411522633744856
CR,time,10,org.joda.time.Minutes,org.joda.time.base.BaseSingleFieldPeriod,228,7,0.03070175438596491
CR,time,10,org.joda.time.MutableInterval,org.joda.time.base.BaseInterval,109,1,0.009174311926605505
CR,time,10,org.joda.time.MutablePeriod,org.joda.time.base.BasePeriod,350,1,0.002857142857142857
CR,time,10,org.joda.time.Period,org.joda.time.base.BasePeriod,350,5,0.014285714285714285
CR,time,10,org.joda.time.Period,org.joda.time.PeriodType,907,85,0.09371554575523705
CR,time,10,org.joda.time.Seconds,org.joda.time.base.BaseSingleFieldPeriod,228,1,0.0043859649122807015
CR,time,10,org.joda.time.tz.ZoneInfoCompiler,org.joda.time.DateTimeZone,734,69,0.09400544959128065
CR,time,10,org.joda.time.Weeks,org.joda.time.base.BaseSingleFieldPeriod,228,9,0.039473684210526314
CR,time,10,org.joda.time.YearMonthDay,org.joda.time.base.BasePartial,84,6,0.07142857142857142
CR,closure,11,com.google.javascript.rhino.head.IdScriptableObject,com.google.javascript.rhino.head.ScriptableObject,2507,25,0.00997207818109294
CR,closure,11,com.google.javascript.rhino.head.Interpreter,com.google.javascript.rhino.head.ScriptableObject,2507,72,0.028719585161547666
CR,closure,11,com.google.javascript.rhino.head.IRFactory,com.google.javascript.rhino.head.Parser,4058,47,0.011582060128141941
CR,closure,11,com.google.javascript.rhino.head.NativeArray,com.google.javascript.rhino.head.IdScriptableObject,491,3,0.006109979633401222
CR,closure,11,com.google.javascript.rhino.head.NativeArray,com.google.javascript.rhino.head.ScriptableObject,2507,26,0.010370961308336658
CR,closure,11,com.google.javascript.rhino.head.NativeArray,com.google.javascript.rhino.head.ScriptRuntime,4570,26,0.0056892778993435445
CR,closure,11,com.google.javascript.rhino.head.NativeObject,com.google.javascript.rhino.head.ScriptableObject,2507,231,0.09214200239329877
CR,closure,11,com.google.javascript.rhino.head.regexp.NativeRegExp,com.google.javascript.rhino.head.ScriptRuntime,4570,26,0.0056892778993435445
CR,closure,11,com.google.javascript.rhino.head.ScriptRuntime,com.google.javascript.rhino.head.ScriptableObject,2507,13,0.005185480654168329
CR,closure,11,com.google.javascript.rhino.head.tools.debugger.Dim,com.google.javascript.rhino.head.ScriptRuntime,4570,30,0.006564551422319475
CR,lang,11,org.apache.commons.lang3.builder.ReflectionToStringBuilder,org.apache.commons.lang3.builder.ToStringBuilder,222,14,0.06306306306306306
CR,lang,11,org.apache.commons.lang3.builder.ToStringBuilder,org.apache.commons.lang3.builder.ToStringStyle,793,30,0.03783102143757881
CR,lang,11,org.apache.commons.lang3.builder.ToStringStyle,org.apache.commons.lang3.ClassUtils,830,7,0.008433734939759036
CR,lang,11,org.apache.commons.lang3.concurrent.MultiBackgroundInitializer,org.apache.commons.lang3.concurrent.BackgroundInitializer,63,13,0.20634920634920634
CR,lang,11,org.apache.commons.lang3.StringUtils,org.apache.commons.lang3.ArrayUtils,3057,2,0.0006542361792607131
CR,lang,11,org.apache.commons.lang3.text.StrBuilder$StrBuilderReader,org.apache.commons.lang3.text.StrBuilder,2104,67,0.03184410646387833
CR,lang,11,org.apache.commons.lang3.text.StrSubstitutor,org.apache.commons.lang3.text.StrBuilder,2104,267,0.12690114068441063
CR,lang,11,org.apache.commons.lang3.text.StrTokenizer,org.apache.commons.lang3.text.StrMatcher,80,9,0.1125
CR,lang,11,org.apache.commons.lang3.text.translate.UnicodeEscaper,org.apache.commons.lang3.text.translate.CharSequenceTranslator,76,3,0.039473684210526314
CR,math,11,org.apache.commons.math.analysis.LaguerreSolver,org.apache.commons.math.complex.Complex,635,142,0.22362204724409449
CR,math,11,org.apache.commons.math.analysis.MullerSolver,org.apache.commons.math.analysis.UnivariateRealSolverImpl,159,58,0.36477987421383645
CR,math,11,org.apache.commons.math.distribution.AbstractIntegerDistribution,org.apache.commons.math.distribution.HypergeometricDistributionImpl,150,45,0.3
CR,math,11,org.apache.commons.math.fraction.ProperFractionFormat,org.apache.commons.math.fraction.FractionFormat,171,41,0.23976608187134502
CR,math,11,org.apache.commons.math.geometry.Rotation,org.apache.commons.math.geometry.Vector3D,294,66,0.22448979591836735
CR,math,11,org.apache.commons.math.linear.MatrixUtils,org.apache.commons.math.linear.BigMatrixImpl,1175,17,0.01446808510638298
CR,math,11,org.apache.commons.math.ode.AbstractStepInterpolator,org.apache.commons.math.ode.DormandPrince853StepInterpolator,398,66,0.1658291457286432
CR,math,11,org.apache.commons.math.ode.ContinuousOutputModel,org.apache.commons.math.ode.AbstractStepInterpolator,131,21,0.16030534351145037
CR,math,11,org.apache.commons.math.ode.EmbeddedRungeKuttaIntegrator,org.apache.commons.math.ode.DormandPrince853Integrator,115,5,0.043478260869565216
CR,math,11,org.apache.commons.math.ode.EmbeddedRungeKuttaIntegrator,org.apache.commons.math.ode.HighamHall54Integrator,50,2,0.04
CR,math,11,org.apache.commons.math.ode.GraggBulirschStoerIntegrator,org.apache.commons.math.ode.AdaptiveStepsizeIntegrator,278,40,0.14388489208633093
CR,math,11,org.apache.commons.math.ode.GraggBulirschStoerIntegrator,org.apache.commons.math.ode.SwitchingFunctionsHandler,117,6,0.05128205128205128
CR,math,11,org.apache.commons.math.ode.GraggBulirschStoerStepInterpolator,org.apache.commons.math.ode.AbstractStepInterpolator,131,12,0.0916030534351145
CR,math,11,org.apache.commons.math.ode.SwitchingFunctionsHandler,org.apache.commons.math.ode.SwitchState,188,33,0.17553191489361702
CR,math,11,org.apache.commons.math.ode.SwitchState,org.apache.commons.math.analysis.BrentSolver,283,2,0.007067137809187279
CR,math,11,org.apache.commons.math.optimization.NelderMead,org.apache.commons.math.optimization.DirectSearchOptimizer,223,51,0.22869955156950672
CR,math,11,org.apache.commons.math.stat.descriptive.AbstractStorelessUnivariateStatistic,org.apache.commons.math.stat.descriptive.moment.Variance,150,26,0.17333333333333334
CR,math,11,org.apache.commons.math.stat.descriptive.DescriptiveStatistics,org.apache.commons.math.util.ResizableDoubleArray,305,77,0.25245901639344265
CR,math,11,org.apache.commons.math.stat.inference.TTestImpl,org.apache.commons.math.stat.StatUtils,127,2,0.015748031496062992
CR,math,11,org.apache.commons.math.transform.FastFourierTransformer,org.apache.commons.math.complex.Complex,635,347,0.5464566929133858
CR,mockito,11,org.mockito.asm.AnnotationWriter,org.mockito.asm.ClassWriter,883,420,0.47565118912797283
CR,mockito,11,org.mockito.asm.MethodWriter,org.mockito.asm.ByteVector,300,28,0.09333333333333334
CR,mockito,11,org.mockito.asm.MethodWriter,org.mockito.asm.ClassWriter,883,17,0.01925254813137033
CR,mockito,11,org.mockito.asm.tree.analysis.BasicVerifier,org.mockito.asm.tree.analysis.BasicInterpreter,413,25,0.06053268765133172
CR,mockito,11,org.mockito.asm.tree.analysis.BasicVerifier,org.mockito.asm.tree.analysis.SimpleVerifier,347,10,0.02881844380403458
CR,mockito,11,org.mockito.cglib.core.CodeEmitter,org.mockito.cglib.core.TypeUtils,725,81,0.11172413793103449
CR,mockito,11,org.mockito.cglib.core.EmitUtils,org.mockito.cglib.core.CodeEmitter,745,45,0.06040268456375839
CR,mockito,11,org.mockito.cglib.proxy.Enhancer,org.mockito.cglib.core.CodeEmitter,745,240,0.3221476510067114
CR,mockito,11,org.mockito.cglib.proxy.Enhancer,org.mockito.cglib.core.ReflectUtils,519,81,0.15606936416184972
CR,mockito,11,org.mockito.cglib.proxy.Mixin$Generator,org.mockito.cglib.core.AbstractClassGenerator,127,2,0.015748031496062992
CR,mockito,11,org.mockito.cglib.proxy.Mixin$Generator,org.mockito.cglib.core.ReflectUtils,519,123,0.23699421965317918
CR,time,11,org.joda.time.base.AbstractPartial,org.joda.time.MonthDay,286,22,0.07692307692307693
CR,time,11,org.joda.time.base.AbstractPartial,org.joda.time.TimeOfDay,327,32,0.09785932721712538
CR,time,11,org.joda.time.base.AbstractPartial,org.joda.time.YearMonth,299,19,0.06354515050167224
CR,time,11,org.joda.time.base.BasePeriod,org.joda.time.base.AbstractPeriod,132,52,0.3939393939393939
CR,time,11,org.joda.time.chrono.BasicChronology,org.joda.time.chrono.EthiopicChronology,133,1,0.007518796992481203
CR,time,11,org.joda.time.chrono.BasicChronology,org.joda.time.chrono.IslamicChronology,352,158,0.44886363636363635
CR,time,11,org.joda.time.chrono.BasicWeekyearDateTimeField,org.joda.time.chrono.BasicChronology,503,226,0.44930417495029823
CR,time,11,org.joda.time.chrono.CopticChronology,org.joda.time.DateTimeZone,734,212,0.2888283378746594
CR,time,11,org.joda.time.chrono.GJChronology,org.joda.time.chrono.GJChronology$CutoverField,367,14,0.03814713896457766
CR,time,11,org.joda.time.chrono.GJChronology,org.joda.time.chrono.JulianChronology,157,37,0.2356687898089172
CR,time,11,org.joda.time.chrono.ISOChronology,org.joda.time.chrono.AssembledChronology,359,25,0.06963788300835655
CR,time,11,org.joda.time.chrono.ISOChronology,org.joda.time.DateTimeZone,734,156,0.2125340599455041
CR,time,11,org.joda.time.chrono.ZonedChronology,org.joda.time.chrono.AssembledChronology,359,2,0.005571030640668524
CR,time,11,org.joda.time.chrono.ZonedChronology,org.joda.time.DateTimeZone,734,116,0.15803814713896458
CR,time,11,org.joda.time.chrono.ZonedChronology$ZonedDateTimeField,org.joda.time.DateTimeZone,734,100,0.1362397820163488
CR,time,11,org.joda.time.DateTimeUtils,org.joda.time.DateTimeZone,734,108,0.14713896457765668
CR,time,11,org.joda.time.DateTimeZone,org.joda.time.format.DateTimeFormat,642,11,0.017133956386292833
CR,time,11,org.joda.time.Days,org.joda.time.base.BaseSingleFieldPeriod,228,58,0.2543859649122807
CR,time,11,org.joda.time.format.DateTimeFormat,org.joda.time.format.DateTimeFormat$StyleFormatter,77,2,0.025974025974025976
CR,time,11,org.joda.time.format.DateTimeFormat,org.joda.time.format.DateTimeFormatterBuilder,644,12,0.018633540372670808
CR,time,11,org.joda.time.format.DateTimeFormatter,org.joda.time.DateTimeZone,734,103,0.14032697547683923
CR,time,11,org.joda.time.format.DateTimeFormatter,org.joda.time.format.DateTimeParserBucket,274,37,0.13503649635036497
CR,time,11,org.joda.time.format.DateTimeFormatterBuilder$PaddedNumber,org.joda.time.format.DateTimeFormatterBuilder,644,17,0.026397515527950312
CR,time,11,org.joda.time.format.DateTimeFormatterBuilder$TextField,org.joda.time.format.DateTimeParserBucket,274,48,0.17518248175182483
CR,time,11,org.joda.time.format.DateTimeParserBucket$SavedState,org.joda.time.format.DateTimeParserBucket,274,15,0.05474452554744526
CR,time,11,org.joda.time.Hours,org.joda.time.base.BaseSingleFieldPeriod,228,47,0.20614035087719298
CR,time,11,org.joda.time.LocalDate,org.joda.time.format.ISODateTimeFormat,1510,28,0.018543046357615896
CR,time,11,org.joda.time.LocalDateTime,org.joda.time.DateTimeZone,734,149,0.20299727520435967
CR,time,11,org.joda.time.LocalDateTime,org.joda.time.format.DateTimeFormatter,466,16,0.034334763948497854
CR,time,11,org.joda.time.LocalTime$Property,org.joda.time.LocalTime,729,16,0.02194787379972565
CR,time,11,org.joda.time.Minutes,org.joda.time.base.BaseSingleFieldPeriod,228,59,0.25877192982456143
CR,time,11,org.joda.time.MutableInterval,org.joda.time.base.BaseInterval,109,3,0.027522935779816515
CR,time,11,org.joda.time.MutablePeriod,org.joda.time.base.BasePeriod,350,41,0.11714285714285715
CR,time,11,org.joda.time.Period,org.joda.time.base.AbstractPeriod,132,26,0.19696969696969696
CR,time,11,org.joda.time.Period,org.joda.time.base.BasePeriod,350,65,0.18571428571428572
CR,time,11,org.joda.time.Period,org.joda.time.PeriodType,907,12,0.013230429988974642
CR,time,11,org.joda.time.Seconds,org.joda.time.base.BaseSingleFieldPeriod,228,50,0.21929824561403508
CR,time,11,org.joda.time.tz.ZoneInfoCompiler,org.joda.time.DateTimeZone,734,179,0.2438692098092643
CR,time,11,org.joda.time.Weeks,org.joda.time.base.BaseSingleFieldPeriod,228,68,0.2982456140350877
CR,time,11,org.joda.time.YearMonthDay,org.joda.time.base.BasePartial,84,3,0.03571428571428571
CR,closure,12,com.google.javascript.rhino.head.IdScriptableObject,com.google.javascript.rhino.head.ScriptableObject,2446,120,0.04905968928863451
CR,closure,12,com.google.javascript.rhino.head.IRFactory,com.google.javascript.rhino.head.Node,670,29,0.04328358208955224
CR,closure,12,com.google.javascript.rhino.head.IRFactory,com.google.javascript.rhino.head.Parser,4058,85,0.02094627895515032
CR,closure,12,com.google.javascript.rhino.head.NativeArray,com.google.javascript.rhino.head.IdScriptableObject,491,75,0.15274949083503056
CR,closure,12,com.google.javascript.rhino.head.NativeArray,com.google.javascript.rhino.head.ScriptableObject,2446,16,0.006541291905151268
CR,closure,12,com.google.javascript.rhino.head.NativeObject,com.google.javascript.rhino.head.ScriptableObject,2446,292,0.11937857726901063
CR,closure,12,com.google.javascript.rhino.head.regexp.NativeRegExp,com.google.javascript.rhino.head.ScriptRuntime,4533,19,0.004191484667990294
CR,closure,12,com.google.javascript.rhino.head.ScriptRuntime,com.google.javascript.rhino.head.ScriptableObject,2446,77,0.031479967293540474
CR,closure,12,com.google.javascript.rhino.head.tools.debugger.Dim,com.google.javascript.rhino.head.ScriptRuntime,4533,9,0.001985440105890139
CR,closure,12,com.google.javascript.rhino.jstype.JSType,com.google.javascript.rhino.jstype.UnionType,483,47,0.09730848861283643
CR,lang,12,org.apache.commons.lang3.builder.ReflectionToStringBuilder,org.apache.commons.lang3.builder.ToStringBuilder,222,14,0.06306306306306306
CR,lang,12,org.apache.commons.lang3.builder.ToStringBuilder,org.apache.commons.lang3.builder.ToStringStyle,793,103,0.12988650693568726
CR,lang,12,org.apache.commons.lang3.builder.ToStringStyle,org.apache.commons.lang3.ClassUtils,830,7,0.008433734939759036
CR,lang,12,org.apache.commons.lang3.concurrent.MultiBackgroundInitializer,org.apache.commons.lang3.concurrent.BackgroundInitializer,63,10,0.15873015873015872
CR,lang,12,org.apache.commons.lang3.text.StrBuilder$StrBuilderReader,org.apache.commons.lang3.text.StrBuilder,2104,76,0.03612167300380228
CR,lang,12,org.apache.commons.lang3.text.StrSubstitutor,org.apache.commons.lang3.text.StrBuilder,2104,271,0.1288022813688213
CR,lang,12,org.apache.commons.lang3.text.StrTokenizer,org.apache.commons.lang3.text.StrMatcher,80,4,0.05
CR,lang,12,org.apache.commons.lang3.text.translate.UnicodeEscaper,org.apache.commons.lang3.text.translate.CharSequenceTranslator,76,31,0.40789473684210525
CR,math,12,org.apache.commons.math.analysis.LaguerreSolver,org.apache.commons.math.complex.Complex,635,36,0.05669291338582677
CR,math,12,org.apache.commons.math.analysis.MullerSolver,org.apache.commons.math.analysis.UnivariateRealSolverImpl,159,53,0.3333333333333333
CR,math,12,org.apache.commons.math.distribution.AbstractIntegerDistribution,org.apache.commons.math.distribution.HypergeometricDistributionImpl,150,73,0.4866666666666667
CR,math,12,org.apache.commons.math.fraction.ProperFractionFormat,org.apache.commons.math.fraction.FractionFormat,171,48,0.2807017543859649
CR,math,12,org.apache.commons.math.geometry.Rotation,org.apache.commons.math.geometry.Vector3D,294,83,0.282312925170068
CR,math,12,org.apache.commons.math.linear.MatrixUtils,org.apache.commons.math.linear.BigMatrixImpl,1175,1,0.000851063829787234
CR,math,12,org.apache.commons.math.ode.AbstractStepInterpolator,org.apache.commons.math.ode.DormandPrince853StepInterpolator,398,65,0.16331658291457288
CR,math,12,org.apache.commons.math.ode.ContinuousOutputModel,org.apache.commons.math.ode.AbstractStepInterpolator,131,19,0.1450381679389313
CR,math,12,org.apache.commons.math.ode.EmbeddedRungeKuttaIntegrator,org.apache.commons.math.ode.DormandPrince853Integrator,115,23,0.2
CR,math,12,org.apache.commons.math.ode.EmbeddedRungeKuttaIntegrator,org.apache.commons.math.ode.HighamHall54Integrator,50,6,0.12
CR,math,12,org.apache.commons.math.ode.GraggBulirschStoerIntegrator,org.apache.commons.math.ode.AdaptiveStepsizeIntegrator,278,41,0.1474820143884892
CR,math,12,org.apache.commons.math.ode.GraggBulirschStoerIntegrator,org.apache.commons.math.ode.SwitchingFunctionsHandler,117,15,0.1282051282051282
CR,math,12,org.apache.commons.math.ode.GraggBulirschStoerStepInterpolator,org.apache.commons.math.ode.AbstractStepInterpolator,131,9,0.06870229007633588
CR,math,12,org.apache.commons.math.ode.SwitchingFunctionsHandler,org.apache.commons.math.ode.SwitchState,188,34,0.18085106382978725
CR,math,12,org.apache.commons.math.ode.SwitchState,org.apache.commons.math.analysis.BrentSolver,283,19,0.06713780918727916
CR,math,12,org.apache.commons.math.optimization.NelderMead,org.apache.commons.math.optimization.DirectSearchOptimizer,223,69,0.3094170403587444
CR,math,12,org.apache.commons.math.random.EmpiricalDistributionImpl,org.apache.commons.math.stat.descriptive.SummaryStatistics,363,5,0.013774104683195593
CR,math,12,org.apache.commons.math.stat.descriptive.AbstractStorelessUnivariateStatistic,org.apache.commons.math.stat.descriptive.moment.Variance,150,71,0.47333333333333333
CR,math,12,org.apache.commons.math.stat.descriptive.DescriptiveStatistics,org.apache.commons.math.util.ResizableDoubleArray,305,89,0.29180327868852457
CR,math,12,org.apache.commons.math.stat.inference.TTestImpl,org.apache.commons.math.stat.StatUtils,127,1,0.007874015748031496
CR,math,12,org.apache.commons.math.transform.FastFourierTransformer,org.apache.commons.math.complex.Complex,635,288,0.45354330708661417
CR,mockito,12,org.mockito.asm.AnnotationWriter,org.mockito.asm.ClassWriter,883,379,0.4292185730464326
CR,mockito,12,org.mockito.asm.MethodWriter,org.mockito.asm.ByteVector,300,30,0.1
CR,mockito,12,org.mockito.asm.MethodWriter,org.mockito.asm.ClassWriter,883,4,0.004530011325028313
CR,mockito,12,org.mockito.asm.tree.analysis.BasicVerifier,org.mockito.asm.tree.analysis.BasicInterpreter,413,18,0.043583535108958835
CR,mockito,12,org.mockito.asm.tree.analysis.BasicVerifier,org.mockito.asm.tree.analysis.SimpleVerifier,347,8,0.023054755043227664
CR,mockito,12,org.mockito.asm.util.ASMifierClassVisitor,org.mockito.asm.util.ASMifierAbstractVisitor,328,16,0.04878048780487805
CR,mockito,12,org.mockito.cglib.core.CodeEmitter,org.mockito.cglib.core.TypeUtils,725,77,0.10620689655172413
CR,mockito,12,org.mockito.cglib.core.EmitUtils,org.mockito.cglib.core.CodeEmitter,746,76,0.10187667560321716
CR,mockito,12,org.mockito.cglib.proxy.Enhancer,org.mockito.cglib.core.ReflectUtils,518,90,0.17374517374517376
CR,mockito,12,org.mockito.cglib.proxy.Mixin$Generator,org.mockito.cglib.core.AbstractClassGenerator,127,9,0.07086614173228346
CR,mockito,12,org.mockito.cglib.proxy.Mixin$Generator,org.mockito.cglib.core.ReflectUtils,518,152,0.29343629343629346
CR,time,12,org.joda.time.base.AbstractPartial,org.joda.time.MonthDay,286,44,0.15384615384615385
CR,time,12,org.joda.time.base.AbstractPartial,org.joda.time.TimeOfDay,327,1,0.0030581039755351682
CR,time,12,org.joda.time.base.AbstractPartial,org.joda.time.YearMonth,299,1,0.0033444816053511705
CR,time,12,org.joda.time.base.BasePeriod,org.joda.time.base.AbstractPeriod,132,62,0.4696969696969697
CR,time,12,org.joda.time.chrono.BasicChronology,org.joda.time.chrono.CopticChronology,136,4,0.029411764705882353
CR,time,12,org.joda.time.chrono.BasicChronology,org.joda.time.chrono.EthiopicChronology,133,7,0.05263157894736842
CR,time,12,org.joda.time.chrono.BasicChronology,org.joda.time.chrono.IslamicChronology,352,9,0.02556818181818182
CR,time,12,org.joda.time.chrono.BasicWeekyearDateTimeField,org.joda.time.chrono.BasicChronology,503,250,0.4970178926441352
CR,time,12,org.joda.time.chrono.CopticChronology,org.joda.time.DateTimeZone,737,176,0.23880597014925373
CR,time,12,org.joda.time.chrono.GJChronology,org.joda.time.chrono.JulianChronology,157,22,0.14012738853503184
CR,time,12,org.joda.time.chrono.ISOChronology,org.joda.time.chrono.AssembledChronology,359,34,0.0947075208913649
CR,time,12,org.joda.time.chrono.ZonedChronology,org.joda.time.chrono.AssembledChronology,359,9,0.025069637883008356
CR,time,12,org.joda.time.chrono.ZonedChronology,org.joda.time.DateTimeZone,737,149,0.2021709633649932
CR,time,12,org.joda.time.chrono.ZonedChronology$ZonedDateTimeField,org.joda.time.DateTimeZone,737,104,0.14111261872455902
CR,time,12,org.joda.time.DateTimeUtils,org.joda.time.DateTimeZone,737,127,0.1723202170963365
CR,time,12,org.joda.time.DateTimeZone,org.joda.time.format.DateTimeFormat,642,11,0.017133956386292833
CR,time,12,org.joda.time.DateTimeZone,org.joda.time.format.FormatUtils,542,1,0.0018450184501845018
CR,time,12,org.joda.time.Days,org.joda.time.base.BaseSingleFieldPeriod,228,63,0.27631578947368424
CR,time,12,org.joda.time.format.DateTimeFormat,org.joda.time.format.DateTimeFormatterBuilder,644,34,0.052795031055900624
CR,time,12,org.joda.time.format.DateTimeFormatter,org.joda.time.DateTimeZone,737,110,0.14925373134328357
CR,time,12,org.joda.time.format.DateTimeFormatter,org.joda.time.format.DateTimeParserBucket,274,65,0.23722627737226276
CR,time,12,org.joda.time.format.DateTimeFormatterBuilder$PaddedNumber,org.joda.time.format.DateTimeFormatterBuilder,644,25,0.03881987577639751
CR,time,12,org.joda.time.format.DateTimeFormatterBuilder$TextField,org.joda.time.format.DateTimeParserBucket,274,75,0.2737226277372263
CR,time,12,org.joda.time.format.DateTimeFormatterBuilder$TextField,org.joda.time.MutableDateTime,462,20,0.04329004329004329
CR,time,12,org.joda.time.format.DateTimeParserBucket$SavedState,org.joda.time.format.DateTimeParserBucket,274,15,0.05474452554744526
CR,time,12,org.joda.time.format.ISODateTimeFormat,org.joda.time.format.DateTimeFormatterBuilder,644,2,0.003105590062111801
CR,time,12,org.joda.time.Hours,org.joda.time.base.BaseSingleFieldPeriod,228,38,0.16666666666666666
CR,time,12,org.joda.time.LocalDate,org.joda.time.format.ISODateTimeFormat,1510,27,0.017880794701986755
CR,time,12,org.joda.time.LocalDateTime,org.joda.time.DateTimeZone,737,277,0.3758480325644505
CR,time,12,org.joda.time.LocalDateTime,org.joda.time.format.DateTimeFormatter,466,8,0.017167381974248927
CR,time,12,org.joda.time.LocalTime$Property,org.joda.time.LocalTime,729,8,0.010973936899862825
CR,time,12,org.joda.time.Minutes,org.joda.time.base.BaseSingleFieldPeriod,228,58,0.2543859649122807
CR,time,12,org.joda.time.MutablePeriod,org.joda.time.base.BasePeriod,350,63,0.18
CR,time,12,org.joda.time.Period,org.joda.time.base.AbstractPeriod,132,6,0.045454545454545456
CR,time,12,org.joda.time.Period,org.joda.time.base.BasePeriod,350,33,0.09428571428571429
CR,time,12,org.joda.time.Period,org.joda.time.PeriodType,907,88,0.0970231532524807
CR,time,12,org.joda.time.Seconds,org.joda.time.base.BaseSingleFieldPeriod,228,74,0.32456140350877194
CR,time,12,org.joda.time.Weeks,org.joda.time.base.BaseSingleFieldPeriod,228,81,0.35526315789473684
CR,time,12,org.joda.time.YearMonthDay,org.joda.time.base.BasePartial,84,6,0.07142857142857142
CR,closure,13,com.google.javascript.rhino.head.Interpreter,com.google.javascript.rhino.head.ScriptableObject,2492,97,0.03892455858747994
CR,closure,13,com.google.javascript.rhino.head.IRFactory,com.google.javascript.rhino.head.Node,670,17,0.025373134328358207
CR,closure,13,com.google.javascript.rhino.head.NativeArray,com.google.javascript.rhino.head.IdScriptableObject,491,104,0.21181262729124237
CR,closure,13,com.google.javascript.rhino.head.NativeArray,com.google.javascript.rhino.head.ScriptableObject,2492,76,0.030497592295345103
CR,closure,13,com.google.javascript.rhino.head.NativeObject,com.google.javascript.rhino.head.ScriptableObject,2492,218,0.08747993579454254
CR,closure,13,com.google.javascript.rhino.head.regexp.NativeRegExp,com.google.javascript.rhino.head.ScriptRuntime,4533,90,0.01985440105890139
CR,closure,13,com.google.javascript.rhino.head.tools.debugger.Dim,com.google.javascript.rhino.head.ScriptRuntime,4533,14,0.003088462386940216
CR,closure,13,com.google.javascript.rhino.JSDocInfoBuilder,com.google.javascript.rhino.JSDocInfo,954,123,0.1289308176100629
CR,closure,13,com.google.javascript.rhino.jstype.JSType,com.google.javascript.rhino.jstype.UnionType,483,6,0.012422360248447204
CR,lang,13,org.apache.commons.lang3.builder.ReflectionToStringBuilder,org.apache.commons.lang3.builder.ToStringBuilder,222,18,0.08108108108108109
CR,lang,13,org.apache.commons.lang3.builder.ToStringBuilder,org.apache.commons.lang3.builder.ToStringStyle,793,78,0.09836065573770492
CR,lang,13,org.apache.commons.lang3.builder.ToStringStyle,org.apache.commons.lang3.ClassUtils,830,7,0.008433734939759036
CR,lang,13,org.apache.commons.lang3.concurrent.MultiBackgroundInitializer,org.apache.commons.lang3.concurrent.BackgroundInitializer,63,8,0.12698412698412698
CR,lang,13,org.apache.commons.lang3.StringUtils,org.apache.commons.lang3.ArrayUtils,3057,2,0.0006542361792607131
CR,lang,13,org.apache.commons.lang3.text.StrBuilder$StrBuilderReader,org.apache.commons.lang3.text.StrBuilder,2104,66,0.03136882129277566
CR,lang,13,org.apache.commons.lang3.text.StrSubstitutor,org.apache.commons.lang3.text.StrBuilder,2104,186,0.08840304182509506
CR,lang,13,org.apache.commons.lang3.text.StrTokenizer,org.apache.commons.lang3.text.StrMatcher,80,7,0.0875
CR,math,13,org.apache.commons.math.analysis.LaguerreSolver,org.apache.commons.math.complex.Complex,635,238,0.37480314960629924
CR,math,13,org.apache.commons.math.analysis.MullerSolver,org.apache.commons.math.analysis.UnivariateRealSolverImpl,159,58,0.36477987421383645
CR,math,13,org.apache.commons.math.distribution.AbstractIntegerDistribution,org.apache.commons.math.distribution.HypergeometricDistributionImpl,150,38,0.25333333333333335
CR,math,13,org.apache.commons.math.fraction.ProperFractionFormat,org.apache.commons.math.fraction.FractionFormat,171,29,0.1695906432748538
CR,math,13,org.apache.commons.math.geometry.Rotation,org.apache.commons.math.geometry.Vector3D,294,83,0.282312925170068
CR,math,13,org.apache.commons.math.linear.MatrixUtils,org.apache.commons.math.linear.BigMatrixImpl,1175,15,0.01276595744680851
CR,math,13,org.apache.commons.math.ode.AbstractStepInterpolator,org.apache.commons.math.ode.DormandPrince853StepInterpolator,398,64,0.16080402010050251
CR,math,13,org.apache.commons.math.ode.ContinuousOutputModel,org.apache.commons.math.ode.AbstractStepInterpolator,131,15,0.11450381679389313
CR,math,13,org.apache.commons.math.ode.EmbeddedRungeKuttaIntegrator,org.apache.commons.math.ode.DormandPrince853Integrator,115,5,0.043478260869565216
CR,math,13,org.apache.commons.math.ode.EmbeddedRungeKuttaIntegrator,org.apache.commons.math.ode.HighamHall54Integrator,50,5,0.1
CR,math,13,org.apache.commons.math.ode.GraggBulirschStoerIntegrator,org.apache.commons.math.ode.AdaptiveStepsizeIntegrator,278,66,0.23741007194244604
CR,math,13,org.apache.commons.math.ode.GraggBulirschStoerIntegrator,org.apache.commons.math.ode.SwitchingFunctionsHandler,117,29,0.24786324786324787
CR,math,13,org.apache.commons.math.ode.GraggBulirschStoerStepInterpolator,org.apache.commons.math.ode.AbstractStepInterpolator,131,23,0.17557251908396945
CR,math,13,org.apache.commons.math.ode.SwitchingFunctionsHandler,org.apache.commons.math.ode.SwitchState,188,22,0.11702127659574468
CR,math,13,org.apache.commons.math.ode.SwitchState,org.apache.commons.math.analysis.BrentSolver,283,75,0.26501766784452296
CR,math,13,org.apache.commons.math.optimization.NelderMead,org.apache.commons.math.optimization.DirectSearchOptimizer,223,61,0.273542600896861
CR,math,13,org.apache.commons.math.stat.descriptive.AbstractStorelessUnivariateStatistic,org.apache.commons.math.stat.descriptive.moment.Variance,150,36,0.24
CR,math,13,org.apache.commons.math.stat.descriptive.DescriptiveStatistics,org.apache.commons.math.util.ResizableDoubleArray,305,116,0.380327868852459
CR,math,13,org.apache.commons.math.stat.inference.TTestImpl,org.apache.commons.math.stat.StatUtils,127,2,0.015748031496062992
CR,math,13,org.apache.commons.math.transform.FastFourierTransformer,org.apache.commons.math.complex.Complex,635,301,0.47401574803149604
CR,mockito,13,org.mockito.asm.AnnotationWriter,org.mockito.asm.ClassWriter,883,268,0.3035107587768969
CR,mockito,13,org.mockito.asm.MethodWriter,org.mockito.asm.ByteVector,300,36,0.12
CR,mockito,13,org.mockito.asm.MethodWriter,org.mockito.asm.ClassWriter,883,8,0.009060022650056626
CR,mockito,13,org.mockito.asm.tree.analysis.BasicVerifier,org.mockito.asm.tree.analysis.BasicInterpreter,413,2,0.004842615012106538
CR,mockito,13,org.mockito.asm.util.ASMifierClassVisitor,org.mockito.asm.util.ASMifierAbstractVisitor,328,24,0.07317073170731707
CR,mockito,13,org.mockito.cglib.core.ClassEmitter,org.mockito.cglib.transform.impl.InterceptFieldTransformer,188,10,0.05319148936170213
CR,mockito,13,org.mockito.cglib.core.CodeEmitter,org.mockito.cglib.core.TypeUtils,725,7,0.009655172413793104
CR,mockito,13,org.mockito.cglib.core.EmitUtils,org.mockito.cglib.core.CodeEmitter,745,146,0.1959731543624161
CR,mockito,13,org.mockito.cglib.proxy.Enhancer,org.mockito.cglib.core.ReflectUtils,518,90,0.17374517374517376
CR,mockito,13,org.mockito.cglib.proxy.Mixin$Generator,org.mockito.cglib.core.AbstractClassGenerator,126,4,0.031746031746031744
CR,time,13,org.joda.time.base.AbstractPartial,org.joda.time.MonthDay,286,40,0.13986013986013987
CR,time,13,org.joda.time.base.AbstractPartial,org.joda.time.TimeOfDay,327,41,0.12538226299694188
CR,time,13,org.joda.time.base.BasePeriod,org.joda.time.base.AbstractPeriod,132,39,0.29545454545454547
CR,time,13,org.joda.time.chrono.BasicChronology,org.joda.time.chrono.CopticChronology,136,52,0.38235294117647056
CR,time,13,org.joda.time.chrono.BasicChronology,org.joda.time.chrono.EthiopicChronology,133,22,0.16541353383458646
CR,time,13,org.joda.time.chrono.BasicChronology,org.joda.time.chrono.IslamicChronology,352,15,0.04261363636363636
CR,time,13,org.joda.time.chrono.BasicWeekyearDateTimeField,org.joda.time.chrono.BasicChronology,503,40,0.07952286282306163
CR,time,13,org.joda.time.chrono.CopticChronology,org.joda.time.DateTimeZone,734,171,0.2329700272479564
CR,time,13,org.joda.time.chrono.GJChronology,org.joda.time.chrono.GJChronology$CutoverField,367,2,0.005449591280653951
CR,time,13,org.joda.time.chrono.GJChronology,org.joda.time.chrono.JulianChronology,157,41,0.2611464968152866
CR,time,13,org.joda.time.chrono.ISOChronology,org.joda.time.chrono.AssembledChronology,359,89,0.2479108635097493
CR,time,13,org.joda.time.chrono.ISOChronology,org.joda.time.DateTimeZone,734,141,0.19209809264305178
CR,time,13,org.joda.time.chrono.ZonedChronology,org.joda.time.chrono.AssembledChronology,359,13,0.036211699164345405
CR,time,13,org.joda.time.chrono.ZonedChronology,org.joda.time.DateTimeZone,734,101,0.13760217983651227
CR,time,13,org.joda.time.chrono.ZonedChronology$ZonedDateTimeField,org.joda.time.DateTimeZone,734,116,0.15803814713896458
CR,time,13,org.joda.time.DateTimeUtils,org.joda.time.DateTimeZone,734,138,0.1880108991825613
CR,time,13,org.joda.time.DateTimeZone,org.joda.time.field.FieldUtils,323,1,0.0030959752321981426
CR,time,13,org.joda.time.Days,org.joda.time.base.BaseSingleFieldPeriod,228,68,0.2982456140350877
CR,time,13,org.joda.time.format.DateTimeFormat,org.joda.time.format.DateTimeFormatterBuilder,643,12,0.01866251944012442
CR,time,13,org.joda.time.format.DateTimeFormatter,org.joda.time.DateTimeZone,734,86,0.11716621253405994
CR,time,13,org.joda.time.format.DateTimeFormatter,org.joda.time.format.DateTimeParserBucket,274,69,0.2518248175182482
CR,time,13,org.joda.time.format.DateTimeFormatterBuilder$PaddedNumber,org.joda.time.format.DateTimeFormatterBuilder,643,24,0.03732503888024884
CR,time,13,org.joda.time.format.DateTimeFormatterBuilder$TextField,org.joda.time.format.DateTimeParserBucket,274,86,0.31386861313868614
CR,time,13,org.joda.time.format.DateTimeFormatterBuilder$TextField,org.joda.time.MutableDateTime,462,4,0.008658008658008658
CR,time,13,org.joda.time.format.DateTimeParserBucket$SavedState,org.joda.time.format.DateTimeParserBucket,274,34,0.12408759124087591
CR,time,13,org.joda.time.format.ISODateTimeFormat,org.joda.time.format.DateTimeFormatterBuilder,643,2,0.003110419906687403
CR,time,13,org.joda.time.Hours,org.joda.time.base.BaseSingleFieldPeriod,228,53,0.2324561403508772
CR,time,13,org.joda.time.LocalDate,org.joda.time.DateTime,801,8,0.009987515605493134
CR,time,13,org.joda.time.LocalDate,org.joda.time.format.ISODateTimeFormat,1510,39,0.025827814569536423
CR,time,13,org.joda.time.LocalDateTime,org.joda.time.DateTimeZone,734,170,0.23160762942779292
CR,time,13,org.joda.time.LocalDateTime,org.joda.time.format.DateTimeFormatter,466,25,0.0536480686695279
CR,time,13,org.joda.time.LocalTime$Property,org.joda.time.LocalTime,729,125,0.17146776406035666
CR,time,13,org.joda.time.Minutes,org.joda.time.base.BaseSingleFieldPeriod,228,59,0.25877192982456143
CR,time,13,org.joda.time.MutableInterval,org.joda.time.base.BaseInterval,109,6,0.05504587155963303
CR,time,13,org.joda.time.MutablePeriod,org.joda.time.base.BasePeriod,350,66,0.18857142857142858
CR,time,13,org.joda.time.Period,org.joda.time.base.AbstractPeriod,132,22,0.16666666666666666
CR,time,13,org.joda.time.Period,org.joda.time.base.BasePeriod,350,41,0.11714285714285715
CR,time,13,org.joda.time.Period,org.joda.time.PeriodType,907,22,0.024255788313120176
CR,time,13,org.joda.time.Seconds,org.joda.time.base.BaseSingleFieldPeriod,228,50,0.21929824561403508
CR,time,13,org.joda.time.tz.ZoneInfoCompiler,org.joda.time.DateTimeZone,734,186,0.25340599455040874
CR,time,13,org.joda.time.Weeks,org.joda.time.base.BaseSingleFieldPeriod,228,49,0.2149122807017544
CR,time,13,org.joda.time.YearMonthDay,org.joda.time.base.BasePartial,84,6,0.07142857142857142
CR,closure,14,com.google.javascript.rhino.head.IdScriptableObject,com.google.javascript.rhino.head.ScriptableObject,2418,117,0.04838709677419355
CR,closure,14,com.google.javascript.rhino.head.Interpreter,com.google.javascript.rhino.head.ScriptableObject,2418,226,0.0934656741108354
CR,closure,14,com.google.javascript.rhino.head.IRFactory,com.google.javascript.rhino.head.Node,670,22,0.03283582089552239
CR,closure,14,com.google.javascript.rhino.head.IRFactory,com.google.javascript.rhino.head.Parser,4058,1,0.0002464268112370626
CR,closure,14,com.google.javascript.rhino.head.NativeArray,com.google.javascript.rhino.head.ScriptableObject,2418,100,0.0413564929693962
CR,closure,14,com.google.javascript.rhino.head.NativeArray,com.google.javascript.rhino.head.ScriptRuntime,4533,36,0.007941760423560556
CR,closure,14,com.google.javascript.rhino.head.ScriptRuntime,com.google.javascript.rhino.head.ScriptableObject,2418,27,0.011166253101736972
CR,closure,14,com.google.javascript.rhino.jstype.JSType,com.google.javascript.rhino.jstype.FunctionType,1240,135,0.10887096774193548
CR,lang,14,org.apache.commons.lang3.builder.ReflectionToStringBuilder,org.apache.commons.lang3.builder.ToStringBuilder,222,19,0.08558558558558559
CR,lang,14,org.apache.commons.lang3.builder.ToStringBuilder,org.apache.commons.lang3.builder.ToStringStyle,793,31,0.03909205548549811
CR,lang,14,org.apache.commons.lang3.builder.ToStringStyle,org.apache.commons.lang3.ClassUtils,830,7,0.008433734939759036
CR,lang,14,org.apache.commons.lang3.concurrent.MultiBackgroundInitializer,org.apache.commons.lang3.concurrent.BackgroundInitializer,63,5,0.07936507936507936
CR,lang,14,org.apache.commons.lang3.StringUtils,org.apache.commons.lang3.ArrayUtils,3057,9,0.002944062806673209
CR,lang,14,org.apache.commons.lang3.text.StrBuilder$StrBuilderReader,org.apache.commons.lang3.text.StrBuilder,2104,95,0.04515209125475285
CR,lang,14,org.apache.commons.lang3.text.StrSubstitutor,org.apache.commons.lang3.text.StrBuilder,2104,245,0.11644486692015209
CR,lang,14,org.apache.commons.lang3.text.StrTokenizer,org.apache.commons.lang3.text.StrMatcher,80,7,0.0875
CR,lang,14,org.apache.commons.lang3.text.translate.UnicodeEscaper,org.apache.commons.lang3.text.translate.CharSequenceTranslator,76,9,0.11842105263157894
CR,lang,14,org.apache.commons.lang3.time.DurationFormatUtils,org.apache.commons.lang3.time.DurationFormatUtils$Token,79,2,0.02531645569620253
CR,math,14,org.apache.commons.math.analysis.LaguerreSolver,org.apache.commons.math.complex.Complex,635,177,0.27874015748031494
CR,math,14,org.apache.commons.math.analysis.MullerSolver,org.apache.commons.math.analysis.UnivariateRealSolverImpl,159,52,0.3270440251572327
CR,math,14,org.apache.commons.math.distribution.AbstractIntegerDistribution,org.apache.commons.math.distribution.HypergeometricDistributionImpl,150,35,0.23333333333333334
CR,math,14,org.apache.commons.math.fraction.ProperFractionFormat,org.apache.commons.math.fraction.FractionFormat,171,29,0.1695906432748538
CR,math,14,org.apache.commons.math.geometry.Rotation,org.apache.commons.math.geometry.Vector3D,294,57,0.19387755102040816
CR,math,14,org.apache.commons.math.linear.MatrixUtils,org.apache.commons.math.linear.BigMatrixImpl,1175,7,0.005957446808510639
CR,math,14,org.apache.commons.math.ode.AbstractStepInterpolator,org.apache.commons.math.ode.DormandPrince853StepInterpolator,398,73,0.18341708542713567
CR,math,14,org.apache.commons.math.ode.ContinuousOutputModel,org.apache.commons.math.ode.AbstractStepInterpolator,131,17,0.1297709923664122
CR,math,14,org.apache.commons.math.ode.EmbeddedRungeKuttaIntegrator,org.apache.commons.math.ode.DormandPrince853Integrator,115,14,0.12173913043478261
CR,math,14,org.apache.commons.math.ode.EmbeddedRungeKuttaIntegrator,org.apache.commons.math.ode.HighamHall54Integrator,50,5,0.1
CR,math,14,org.apache.commons.math.ode.GraggBulirschStoerIntegrator,org.apache.commons.math.ode.AdaptiveStepsizeIntegrator,278,46,0.16546762589928057
CR,math,14,org.apache.commons.math.ode.GraggBulirschStoerStepInterpolator,org.apache.commons.math.ode.AbstractStepInterpolator,131,18,0.13740458015267176
CR,math,14,org.apache.commons.math.ode.SwitchingFunctionsHandler,org.apache.commons.math.ode.SwitchState,188,16,0.0851063829787234
CR,math,14,org.apache.commons.math.ode.SwitchState,org.apache.commons.math.analysis.BrentSolver,283,1,0.0035335689045936395
CR,math,14,org.apache.commons.math.optimization.NelderMead,org.apache.commons.math.optimization.DirectSearchOptimizer,223,76,0.34080717488789236
CR,math,14,org.apache.commons.math.random.EmpiricalDistributionImpl,org.apache.commons.math.stat.descriptive.SummaryStatistics,363,1,0.0027548209366391185
CR,math,14,org.apache.commons.math.stat.descriptive.AbstractStorelessUnivariateStatistic,org.apache.commons.math.stat.descriptive.moment.Variance,150,45,0.3
CR,math,14,org.apache.commons.math.stat.descriptive.DescriptiveStatistics,org.apache.commons.math.util.ResizableDoubleArray,305,90,0.29508196721311475
CR,math,14,org.apache.commons.math.stat.inference.TTestImpl,org.apache.commons.math.stat.StatUtils,127,1,0.007874015748031496
CR,math,14,org.apache.commons.math.transform.FastFourierTransformer,org.apache.commons.math.complex.Complex,635,249,0.3921259842519685
CR,mockito,14,org.mockito.asm.AnnotationWriter,org.mockito.asm.ClassWriter,883,403,0.4563986409966025
CR,mockito,14,org.mockito.asm.MethodWriter,org.mockito.asm.ByteVector,300,25,0.08333333333333333
CR,mockito,14,org.mockito.asm.tree.analysis.BasicVerifier,org.mockito.asm.tree.analysis.BasicInterpreter,413,23,0.05569007263922518
CR,mockito,14,org.mockito.cglib.core.CodeEmitter,org.mockito.cglib.core.TypeUtils,725,104,0.14344827586206896
CR,mockito,14,org.mockito.cglib.core.EmitUtils,org.mockito.cglib.core.CodeEmitter,745,36,0.04832214765100671
CR,mockito,14,org.mockito.cglib.proxy.Enhancer,org.mockito.cglib.core.ReflectUtils,518,91,0.17567567567567569
CR,mockito,14,org.mockito.cglib.proxy.Mixin$Generator,org.mockito.cglib.core.AbstractClassGenerator,126,7,0.05555555555555555
CR,mockito,14,org.mockito.cglib.proxy.Mixin$Generator,org.mockito.cglib.core.ReflectUtils,518,97,0.18725868725868725
CR,time,14,org.joda.time.base.AbstractPartial,org.joda.time.MonthDay,286,6,0.02097902097902098
CR,time,14,org.joda.time.base.AbstractPartial,org.joda.time.TimeOfDay,327,1,0.0030581039755351682
CR,time,14,org.joda.time.base.AbstractPartial,org.joda.time.YearMonth,299,33,0.11036789297658862
CR,time,14,org.joda.time.base.AbstractPartial,org.joda.time.YearMonthDay,325,9,0.027692307692307693
CR,time,14,org.joda.time.base.BasePeriod,org.joda.time.base.AbstractPeriod,132,67,0.5075757575757576
CR,time,14,org.joda.time.chrono.BasicChronology,org.joda.time.chrono.CopticChronology,136,10,0.07352941176470588
CR,time,14,org.joda.time.chrono.BasicChronology,org.joda.time.chrono.EthiopicChronology,133,10,0.07518796992481203
CR,time,14,org.joda.time.chrono.BasicChronology,org.joda.time.chrono.IslamicChronology,352,21,0.05965909090909091
CR,time,14,org.joda.time.chrono.BasicWeekyearDateTimeField,org.joda.time.chrono.BasicChronology,503,267,0.5308151093439364
CR,time,14,org.joda.time.chrono.CopticChronology,org.joda.time.DateTimeZone,743,165,0.22207267833109018
CR,time,14,org.joda.time.chrono.GJChronology,org.joda.time.chrono.JulianChronology,157,88,0.5605095541401274
CR,time,14,org.joda.time.chrono.ISOChronology,org.joda.time.chrono.AssembledChronology,359,30,0.08356545961002786
CR,time,14,org.joda.time.chrono.ISOChronology,org.joda.time.DateTimeZone,743,155,0.20861372812920592
CR,time,14,org.joda.time.chrono.ZonedChronology,org.joda.time.DateTimeZone,743,276,0.3714670255720054
CR,time,14,org.joda.time.chrono.ZonedChronology$ZonedDateTimeField,org.joda.time.DateTimeZone,743,116,0.15612382234185734
CR,time,14,org.joda.time.DateTimeUtils,org.joda.time.DateTimeZone,743,231,0.31090174966352624
CR,time,14,org.joda.time.Days,org.joda.time.base.BaseSingleFieldPeriod,228,45,0.19736842105263158
CR,time,14,org.joda.time.format.DateTimeFormat,org.joda.time.format.DateTimeFormat$StyleFormatter,77,2,0.025974025974025976
CR,time,14,org.joda.time.format.DateTimeFormat,org.joda.time.format.DateTimeFormatterBuilder,643,17,0.026438569206842923
CR,time,14,org.joda.time.format.DateTimeFormatter,org.joda.time.DateTimeZone,743,86,0.11574697173620457
CR,time,14,org.joda.time.format.DateTimeFormatter,org.joda.time.format.DateTimeParserBucket,274,62,0.22627737226277372
CR,time,14,org.joda.time.format.DateTimeFormatterBuilder$TextField,org.joda.time.format.DateTimeParserBucket,274,100,0.36496350364963503
CR,time,14,org.joda.time.format.DateTimeFormatterBuilder$TextField,org.joda.time.MutableDateTime,462,2,0.004329004329004329
CR,time,14,org.joda.time.format.DateTimeParserBucket$SavedState,org.joda.time.format.DateTimeParserBucket,274,15,0.05474452554744526
CR,time,14,org.joda.time.Hours,org.joda.time.base.BaseSingleFieldPeriod,228,46,0.20175438596491227
CR,time,14,org.joda.time.LocalDate,org.joda.time.DateTime,801,8,0.009987515605493134
CR,time,14,org.joda.time.LocalDate,org.joda.time.format.ISODateTimeFormat,1510,33,0.02185430463576159
CR,time,14,org.joda.time.LocalDateTime,org.joda.time.DateTimeZone,743,122,0.1641991924629879
CR,time,14,org.joda.time.LocalDateTime,org.joda.time.format.DateTimeFormatter,466,18,0.03862660944206009
CR,time,14,org.joda.time.LocalTime$Property,org.joda.time.LocalTime,729,14,0.019204389574759947
CR,time,14,org.joda.time.Minutes,org.joda.time.base.BaseSingleFieldPeriod,228,44,0.19298245614035087
CR,time,14,org.joda.time.MutableInterval,org.joda.time.base.BaseInterval,109,2,0.01834862385321101
CR,time,14,org.joda.time.MutablePeriod,org.joda.time.base.BasePeriod,350,34,0.09714285714285714
CR,time,14,org.joda.time.Period,org.joda.time.base.AbstractPeriod,132,11,0.08333333333333333
CR,time,14,org.joda.time.Period,org.joda.time.base.BasePeriod,350,40,0.11428571428571428
CR,time,14,org.joda.time.Period,org.joda.time.PeriodType,907,113,0.12458654906284454
CR,time,14,org.joda.time.Seconds,org.joda.time.base.BaseSingleFieldPeriod,228,73,0.3201754385964912
CR,time,14,org.joda.time.tz.ZoneInfoCompiler,org.joda.time.DateTimeZone,743,126,0.1695827725437416
CR,time,14,org.joda.time.Weeks,org.joda.time.base.BaseSingleFieldPeriod,228,78,0.34210526315789475
CR,time,14,org.joda.time.YearMonthDay,org.joda.time.base.BasePartial,84,6,0.07142857142857142
CR,closure,15,com.google.javascript.rhino.head.IdScriptableObject,com.google.javascript.rhino.head.ScriptableObject,2403,108,0.0449438202247191
CR,closure,15,com.google.javascript.rhino.head.Interpreter,com.google.javascript.rhino.head.ScriptableObject,2403,258,0.10736579275905118
CR,closure,15,com.google.javascript.rhino.head.IRFactory,com.google.javascript.rhino.head.Decompiler,887,24,0.02705749718151071
CR,closure,15,com.google.javascript.rhino.head.NativeArray,com.google.javascript.rhino.head.ScriptableObject,2403,88,0.036620890553474825
CR,closure,15,com.google.javascript.rhino.head.NativeObject,com.google.javascript.rhino.head.ScriptableObject,2403,74,0.03079483978360383
CR,closure,15,com.google.javascript.rhino.head.regexp.NativeRegExp,com.google.javascript.rhino.head.ScriptRuntime,4533,11,0.0024266490183101697
CR,closure,15,com.google.javascript.rhino.head.tools.debugger.Dim,com.google.javascript.rhino.head.ScriptRuntime,4533,10,0.0022060445621001545
CR,closure,15,com.google.javascript.rhino.jstype.JSType,com.google.javascript.rhino.jstype.ProxyObjectType,345,2,0.005797101449275362
CR,closure,15,com.google.javascript.rhino.jstype.JSType,com.google.javascript.rhino.jstype.UnionType,483,8,0.016563146997929608
CR,lang,15,org.apache.commons.lang3.builder.ReflectionToStringBuilder,org.apache.commons.lang3.builder.ToStringBuilder,222,25,0.11261261261261261
CR,lang,15,org.apache.commons.lang3.builder.ToStringBuilder,org.apache.commons.lang3.builder.ToStringStyle,793,24,0.03026481715006305
CR,lang,15,org.apache.commons.lang3.builder.ToStringStyle,org.apache.commons.lang3.ClassUtils,830,7,0.008433734939759036
CR,lang,15,org.apache.commons.lang3.concurrent.MultiBackgroundInitializer,org.apache.commons.lang3.concurrent.BackgroundInitializer,63,5,0.07936507936507936
CR,lang,15,org.apache.commons.lang3.StringUtils,org.apache.commons.lang3.ArrayUtils,3057,2,0.0006542361792607131
CR,lang,15,org.apache.commons.lang3.text.StrBuilder$StrBuilderReader,org.apache.commons.lang3.text.StrBuilder,2104,79,0.03754752851711027
CR,lang,15,org.apache.commons.lang3.text.StrSubstitutor,org.apache.commons.lang3.text.StrBuilder,2104,223,0.10598859315589354
CR,lang,15,org.apache.commons.lang3.text.StrTokenizer,org.apache.commons.lang3.text.StrMatcher,80,14,0.175
CR,lang,15,org.apache.commons.lang3.text.translate.UnicodeEscaper,org.apache.commons.lang3.text.translate.CharSequenceTranslator,76,6,0.07894736842105263
CR,math,15,org.apache.commons.math.analysis.LaguerreSolver,org.apache.commons.math.complex.Complex,635,184,0.28976377952755905
CR,math,15,org.apache.commons.math.analysis.MullerSolver,org.apache.commons.math.analysis.UnivariateRealSolverImpl,159,51,0.32075471698113206
CR,math,15,org.apache.commons.math.distribution.AbstractIntegerDistribution,org.apache.commons.math.distribution.HypergeometricDistributionImpl,150,2,0.013333333333333334
CR,math,15,org.apache.commons.math.fraction.ProperFractionFormat,org.apache.commons.math.fraction.FractionFormat,171,51,0.2982456140350877
CR,math,15,org.apache.commons.math.geometry.Rotation,org.apache.commons.math.geometry.Vector3D,294,69,0.23469387755102042
CR,math,15,org.apache.commons.math.linear.MatrixUtils,org.apache.commons.math.linear.BigMatrixImpl,1175,24,0.020425531914893616
CR,math,15,org.apache.commons.math.ode.AbstractStepInterpolator,org.apache.commons.math.ode.DormandPrince853StepInterpolator,398,74,0.18592964824120603
CR,math,15,org.apache.commons.math.ode.ContinuousOutputModel,org.apache.commons.math.ode.AbstractStepInterpolator,131,26,0.1984732824427481
CR,math,15,org.apache.commons.math.ode.EmbeddedRungeKuttaIntegrator,org.apache.commons.math.ode.DormandPrince853Integrator,115,14,0.12173913043478261
CR,math,15,org.apache.commons.math.ode.EmbeddedRungeKuttaIntegrator,org.apache.commons.math.ode.HighamHall54Integrator,50,5,0.1
CR,math,15,org.apache.commons.math.ode.GraggBulirschStoerIntegrator,org.apache.commons.math.ode.AdaptiveStepsizeIntegrator,278,39,0.14028776978417265
CR,math,15,org.apache.commons.math.ode.GraggBulirschStoerIntegrator,org.apache.commons.math.ode.SwitchingFunctionsHandler,117,28,0.23931623931623933
CR,math,15,org.apache.commons.math.ode.GraggBulirschStoerStepInterpolator,org.apache.commons.math.ode.AbstractStepInterpolator,131,15,0.11450381679389313
CR,math,15,org.apache.commons.math.ode.SwitchingFunctionsHandler,org.apache.commons.math.ode.SwitchState,188,60,0.3191489361702128
CR,math,15,org.apache.commons.math.ode.SwitchState,org.apache.commons.math.analysis.BrentSolver,283,1,0.0035335689045936395
CR,math,15,org.apache.commons.math.optimization.NelderMead,org.apache.commons.math.optimization.DirectSearchOptimizer,223,24,0.10762331838565023
CR,math,15,org.apache.commons.math.random.EmpiricalDistributionImpl,org.apache.commons.math.stat.descriptive.SummaryStatistics,363,1,0.0027548209366391185
CR,math,15,org.apache.commons.math.stat.descriptive.AbstractStorelessUnivariateStatistic,org.apache.commons.math.stat.descriptive.moment.Variance,150,35,0.23333333333333334
CR,math,15,org.apache.commons.math.stat.descriptive.DescriptiveStatistics,org.apache.commons.math.util.ResizableDoubleArray,305,126,0.4131147540983607
CR,math,15,org.apache.commons.math.stat.inference.TTestImpl,org.apache.commons.math.stat.StatUtils,127,1,0.007874015748031496
CR,math,15,org.apache.commons.math.transform.FastFourierTransformer,org.apache.commons.math.complex.Complex,635,333,0.5244094488188976
CR,mockito,15,org.mockito.asm.AnnotationWriter,org.mockito.asm.ClassWriter,883,325,0.36806342015855037
CR,mockito,15,org.mockito.asm.MethodWriter,org.mockito.asm.ByteVector,300,44,0.14666666666666667
CR,mockito,15,org.mockito.asm.tree.analysis.BasicVerifier,org.mockito.asm.tree.analysis.BasicInterpreter,413,19,0.04600484261501211
CR,mockito,15,org.mockito.asm.tree.analysis.BasicVerifier,org.mockito.asm.tree.analysis.SimpleVerifier,347,21,0.06051873198847262
CR,mockito,15,org.mockito.cglib.core.ClassEmitter,org.mockito.cglib.transform.impl.InterceptFieldTransformer,188,9,0.047872340425531915
CR,mockito,15,org.mockito.cglib.core.CodeEmitter,org.mockito.cglib.core.TypeUtils,725,107,0.14758620689655172
CR,mockito,15,org.mockito.cglib.core.EmitUtils,org.mockito.cglib.core.CodeEmitter,745,22,0.02953020134228188
CR,mockito,15,org.mockito.cglib.proxy.Enhancer,org.mockito.cglib.core.ReflectUtils,518,91,0.17567567567567569
CR,mockito,15,org.mockito.cglib.proxy.Mixin$Generator,org.mockito.cglib.core.AbstractClassGenerator,126,7,0.05555555555555555
CR,time,15,org.joda.time.base.AbstractPartial,org.joda.time.MonthDay,286,21,0.07342657342657342
CR,time,15,org.joda.time.base.AbstractPartial,org.joda.time.TimeOfDay,327,42,0.12844036697247707
CR,time,15,org.joda.time.base.AbstractPartial,org.joda.time.YearMonth,299,26,0.08695652173913043
CR,time,15,org.joda.time.base.BasePeriod,org.joda.time.base.AbstractPeriod,132,30,0.22727272727272727
CR,time,15,org.joda.time.chrono.BasicChronology,org.joda.time.chrono.CopticChronology,136,10,0.07352941176470588
CR,time,15,org.joda.time.chrono.BasicChronology,org.joda.time.chrono.EthiopicChronology,133,8,0.06015037593984962
CR,time,15,org.joda.time.chrono.BasicChronology,org.joda.time.chrono.IslamicChronology,352,14,0.03977272727272727
CR,time,15,org.joda.time.chrono.BasicWeekyearDateTimeField,org.joda.time.chrono.BasicChronology,503,97,0.19284294234592445
CR,time,15,org.joda.time.chrono.CopticChronology,org.joda.time.DateTimeZone,734,211,0.28746594005449594
CR,time,15,org.joda.time.chrono.GJChronology,org.joda.time.chrono.JulianChronology,157,7,0.044585987261146494
CR,time,15,org.joda.time.chrono.ISOChronology,org.joda.time.chrono.AssembledChronology,359,22,0.06128133704735376
CR,time,15,org.joda.time.chrono.ISOChronology,org.joda.time.DateTimeZone,734,153,0.20844686648501362
CR,time,15,org.joda.time.chrono.ZonedChronology,org.joda.time.chrono.AssembledChronology,359,5,0.013927576601671309
CR,time,15,org.joda.time.chrono.ZonedChronology,org.joda.time.DateTimeZone,734,117,0.15940054495912806
CR,time,15,org.joda.time.chrono.ZonedChronology$ZonedDateTimeField,org.joda.time.DateTimeZone,734,101,0.13760217983651227
CR,time,15,org.joda.time.DateTimeUtils,org.joda.time.DateTimeZone,734,231,0.31471389645776565
CR,time,15,org.joda.time.DateTimeZone,org.joda.time.field.FieldUtils,323,6,0.018575851393188854
CR,time,15,org.joda.time.DateTimeZone,org.joda.time.format.DateTimeFormat,642,209,0.32554517133956384
CR,time,15,org.joda.time.Days,org.joda.time.base.BaseSingleFieldPeriod,228,35,0.15350877192982457
CR,time,15,org.joda.time.format.DateTimeFormat,org.joda.time.format.DateTimeFormatterBuilder,643,20,0.03110419906687403
CR,time,15,org.joda.time.format.DateTimeFormatter,org.joda.time.DateTimeZone,734,75,0.10217983651226158
CR,time,15,org.joda.time.format.DateTimeFormatter,org.joda.time.format.DateTimeParserBucket,274,64,0.23357664233576642
CR,time,15,org.joda.time.format.DateTimeFormatterBuilder$PaddedNumber,org.joda.time.format.DateTimeFormatterBuilder,643,22,0.03421461897356143
CR,time,15,org.joda.time.format.DateTimeFormatterBuilder$TextField,org.joda.time.format.DateTimeParserBucket,274,83,0.3029197080291971
CR,time,15,org.joda.time.format.DateTimeFormatterBuilder$TextField,org.joda.time.MutableDateTime,462,4,0.008658008658008658
CR,time,15,org.joda.time.format.DateTimeParserBucket$SavedState,org.joda.time.format.DateTimeParserBucket,274,16,0.058394160583941604
CR,time,15,org.joda.time.Hours,org.joda.time.base.BaseSingleFieldPeriod,228,50,0.21929824561403508
CR,time,15,org.joda.time.LocalDate,org.joda.time.format.ISODateTimeFormat,1510,36,0.02384105960264901
CR,time,15,org.joda.time.LocalDateTime,org.joda.time.DateTimeZone,734,329,0.4482288828337875
CR,time,15,org.joda.time.LocalDateTime,org.joda.time.format.DateTimeFormatter,466,14,0.030042918454935622
CR,time,15,org.joda.time.LocalTime$Property,org.joda.time.LocalTime,729,8,0.010973936899862825
CR,time,15,org.joda.time.Minutes,org.joda.time.base.BaseSingleFieldPeriod,228,57,0.25
CR,time,15,org.joda.time.MutableInterval,org.joda.time.base.BaseInterval,109,8,0.07339449541284404
CR,time,15,org.joda.time.MutablePeriod,org.joda.time.base.BasePeriod,350,46,0.13142857142857142
CR,time,15,org.joda.time.Period,org.joda.time.base.AbstractPeriod,132,17,0.12878787878787878
CR,time,15,org.joda.time.Period,org.joda.time.base.BasePeriod,350,30,0.08571428571428572
CR,time,15,org.joda.time.Period,org.joda.time.PeriodType,907,83,0.09151047409040794
CR,time,15,org.joda.time.Seconds,org.joda.time.base.BaseSingleFieldPeriod,228,49,0.2149122807017544
CR,time,15,org.joda.time.tz.ZoneInfoCompiler,org.joda.time.DateTimeZone,734,214,0.29155313351498635
CR,time,15,org.joda.time.Weeks,org.joda.time.base.BaseSingleFieldPeriod,228,76,0.3333333333333333
CR,time,15,org.joda.time.YearMonthDay,org.joda.time.base.BasePartial,84,6,0.07142857142857142
CR,closure,16,com.google.javascript.rhino.head.IRFactory,com.google.javascript.rhino.head.Node,670,28,0.041791044776119404
CR,closure,16,com.google.javascript.rhino.head.IRFactory,com.google.javascript.rhino.head.Parser,4058,18,0.004435682602267127
CR,closure,16,com.google.javascript.rhino.head.NativeObject,com.google.javascript.rhino.head.ScriptableObject,2512,286,0.11385350318471338
CR,closure,16,com.google.javascript.rhino.head.ScriptableObject,com.google.javascript.rhino.head.FunctionObject,509,5,0.009823182711198428
CR,closure,16,com.google.javascript.rhino.head.tools.debugger.Dim,com.google.javascript.rhino.head.ScriptRuntime,4536,11,0.0024250440917107582
CR,closure,16,com.google.javascript.rhino.jstype.JSType,com.google.javascript.rhino.jstype.FunctionType,1240,131,0.10564516129032259
CR,closure,16,com.google.javascript.rhino.jstype.JSType,com.google.javascript.rhino.jstype.UnionType,483,19,0.039337474120082816
CR,lang,16,org.apache.commons.lang3.builder.ReflectionToStringBuilder,org.apache.commons.lang3.builder.ToStringBuilder,222,12,0.05405405405405406
CR,lang,16,org.apache.commons.lang3.builder.ToStringBuilder,org.apache.commons.lang3.builder.ToStringStyle,793,115,0.1450189155107188
CR,lang,16,org.apache.commons.lang3.builder.ToStringStyle,org.apache.commons.lang3.ClassUtils,830,7,0.008433734939759036
CR,lang,16,org.apache.commons.lang3.concurrent.MultiBackgroundInitializer,org.apache.commons.lang3.concurrent.BackgroundInitializer,63,8,0.12698412698412698
CR,lang,16,org.apache.commons.lang3.StringUtils,org.apache.commons.lang3.ArrayUtils,3057,2,0.0006542361792607131
CR,lang,16,org.apache.commons.lang3.text.StrBuilder$StrBuilderReader,org.apache.commons.lang3.text.StrBuilder,2104,92,0.043726235741444866
CR,lang,16,org.apache.commons.lang3.text.StrSubstitutor,org.apache.commons.lang3.text.StrBuilder,2104,163,0.07747148288973384
CR,lang,16,org.apache.commons.lang3.text.StrTokenizer,org.apache.commons.lang3.text.StrMatcher,80,7,0.0875
CR,lang,16,org.apache.commons.lang3.text.translate.UnicodeEscaper,org.apache.commons.lang3.text.translate.CharSequenceTranslator,76,31,0.40789473684210525
CR,math,16,org.apache.commons.math.analysis.LaguerreSolver,org.apache.commons.math.complex.Complex,635,143,0.2251968503937008
CR,math,16,org.apache.commons.math.analysis.MullerSolver,org.apache.commons.math.analysis.UnivariateRealSolverImpl,159,57,0.3584905660377358
CR,math,16,org.apache.commons.math.distribution.AbstractIntegerDistribution,org.apache.commons.math.distribution.HypergeometricDistributionImpl,150,69,0.46
CR,math,16,org.apache.commons.math.fraction.ProperFractionFormat,org.apache.commons.math.fraction.FractionFormat,171,34,0.19883040935672514
CR,math,16,org.apache.commons.math.geometry.Rotation,org.apache.commons.math.geometry.Vector3D,294,72,0.24489795918367346
CR,math,16,org.apache.commons.math.linear.MatrixUtils,org.apache.commons.math.linear.BigMatrixImpl,1175,14,0.011914893617021277
CR,math,16,org.apache.commons.math.ode.AbstractStepInterpolator,org.apache.commons.math.ode.DormandPrince853StepInterpolator,398,76,0.19095477386934673
CR,math,16,org.apache.commons.math.ode.ContinuousOutputModel,org.apache.commons.math.ode.AbstractStepInterpolator,131,23,0.17557251908396945
CR,math,16,org.apache.commons.math.ode.EmbeddedRungeKuttaIntegrator,org.apache.commons.math.ode.DormandPrince853Integrator,115,1,0.008695652173913044
CR,math,16,org.apache.commons.math.ode.GraggBulirschStoerIntegrator,org.apache.commons.math.ode.AdaptiveStepsizeIntegrator,278,46,0.16546762589928057
CR,math,16,org.apache.commons.math.ode.GraggBulirschStoerIntegrator,org.apache.commons.math.ode.SwitchingFunctionsHandler,117,37,0.3162393162393162
CR,math,16,org.apache.commons.math.ode.GraggBulirschStoerStepInterpolator,org.apache.commons.math.ode.AbstractStepInterpolator,131,16,0.12213740458015267
CR,math,16,org.apache.commons.math.ode.SwitchingFunctionsHandler,org.apache.commons.math.ode.SwitchState,188,32,0.1702127659574468
CR,math,16,org.apache.commons.math.ode.SwitchState,org.apache.commons.math.analysis.BrentSolver,283,24,0.08480565371024736
CR,math,16,org.apache.commons.math.optimization.NelderMead,org.apache.commons.math.optimization.DirectSearchOptimizer,223,63,0.2825112107623318
CR,math,16,org.apache.commons.math.random.EmpiricalDistributionImpl,org.apache.commons.math.stat.descriptive.SummaryStatistics,363,1,0.0027548209366391185
CR,math,16,org.apache.commons.math.stat.descriptive.AbstractStorelessUnivariateStatistic,org.apache.commons.math.stat.descriptive.moment.Variance,150,51,0.34
CR,math,16,org.apache.commons.math.stat.descriptive.DescriptiveStatistics,org.apache.commons.math.util.ResizableDoubleArray,305,95,0.3114754098360656
CR,math,16,org.apache.commons.math.transform.FastFourierTransformer,org.apache.commons.math.complex.Complex,635,276,0.4346456692913386
CR,mockito,16,org.mockito.asm.AnnotationWriter,org.mockito.asm.ClassWriter,883,356,0.4031710079275198
CR,mockito,16,org.mockito.asm.MethodWriter,org.mockito.asm.ByteVector,300,32,0.10666666666666667
CR,mockito,16,org.mockito.asm.tree.analysis.BasicVerifier,org.mockito.asm.tree.analysis.BasicInterpreter,413,6,0.014527845036319613
CR,mockito,16,org.mockito.asm.tree.analysis.BasicVerifier,org.mockito.asm.tree.analysis.SimpleVerifier,347,23,0.06628242074927954
CR,mockito,16,org.mockito.asm.util.ASMifierClassVisitor,org.mockito.asm.util.ASMifierAbstractVisitor,328,24,0.07317073170731707
CR,mockito,16,org.mockito.cglib.core.CodeEmitter,org.mockito.cglib.core.TypeUtils,725,78,0.10758620689655173
CR,mockito,16,org.mockito.cglib.core.EmitUtils,org.mockito.cglib.core.CodeEmitter,745,125,0.16778523489932887
CR,mockito,16,org.mockito.cglib.proxy.Enhancer,org.mockito.cglib.core.ReflectUtils,519,90,0.17341040462427745
CR,mockito,16,org.mockito.cglib.proxy.Mixin$Generator,org.mockito.cglib.core.AbstractClassGenerator,126,7,0.05555555555555555
CR,time,16,org.joda.time.base.AbstractPartial,org.joda.time.MonthDay,286,1,0.0034965034965034965
CR,time,16,org.joda.time.base.AbstractPartial,org.joda.time.TimeOfDay,327,32,0.09785932721712538
CR,time,16,org.joda.time.base.AbstractPartial,org.joda.time.YearMonth,299,6,0.020066889632107024
CR,time,16,org.joda.time.base.BasePeriod,org.joda.time.base.AbstractPeriod,132,21,0.1590909090909091
CR,time,16,org.joda.time.chrono.BasicChronology,org.joda.time.chrono.CopticChronology,136,13,0.09558823529411764
CR,time,16,org.joda.time.chrono.BasicChronology,org.joda.time.chrono.EthiopicChronology,133,18,0.13533834586466165
CR,time,16,org.joda.time.chrono.BasicChronology,org.joda.time.chrono.IslamicChronology,352,4,0.011363636363636364
CR,time,16,org.joda.time.chrono.BasicWeekyearDateTimeField,org.joda.time.chrono.BasicChronology,503,300,0.5964214711729622
CR,time,16,org.joda.time.chrono.CopticChronology,org.joda.time.DateTimeZone,734,307,0.41825613079019075
CR,time,16,org.joda.time.chrono.GJChronology,org.joda.time.chrono.GJChronology$CutoverField,367,5,0.013623978201634877
CR,time,16,org.joda.time.chrono.GJChronology,org.joda.time.chrono.JulianChronology,157,17,0.10828025477707007
CR,time,16,org.joda.time.chrono.ISOChronology,org.joda.time.chrono.AssembledChronology,359,101,0.28133704735376047
CR,time,16,org.joda.time.chrono.ISOChronology,org.joda.time.DateTimeZone,734,188,0.2561307901907357
CR,time,16,org.joda.time.chrono.ZonedChronology,org.joda.time.DateTimeZone,734,179,0.2438692098092643
CR,time,16,org.joda.time.chrono.ZonedChronology$ZonedDateTimeField,org.joda.time.DateTimeZone,734,163,0.2220708446866485
CR,time,16,org.joda.time.DateTimeUtils,org.joda.time.DateTimeZone,734,147,0.20027247956403268
CR,time,16,org.joda.time.DateTimeZone,org.joda.time.format.DateTimeFormat,642,11,0.017133956386292833
CR,time,16,org.joda.time.DateTimeZone,org.joda.time.format.FormatUtils,542,3,0.005535055350553505
CR,time,16,org.joda.time.Days,org.joda.time.base.BaseSingleFieldPeriod,228,46,0.20175438596491227
CR,time,16,org.joda.time.format.DateTimeFormat,org.joda.time.format.DateTimeFormatterBuilder,643,26,0.04043545878693624
CR,time,16,org.joda.time.format.DateTimeFormatter,org.joda.time.DateTimeZone,734,98,0.1335149863760218
CR,time,16,org.joda.time.format.DateTimeFormatter,org.joda.time.format.DateTimeParserBucket,274,24,0.08759124087591241
CR,time,16,org.joda.time.format.DateTimeFormatterBuilder$PaddedNumber,org.joda.time.format.DateTimeFormatterBuilder,643,16,0.024883359253499222
CR,time,16,org.joda.time.format.DateTimeFormatterBuilder$TextField,org.joda.time.format.DateTimeParserBucket,274,87,0.3175182481751825
CR,time,16,org.joda.time.format.DateTimeFormatterBuilder$TextField,org.joda.time.MutableDateTime,462,4,0.008658008658008658
CR,time,16,org.joda.time.format.DateTimeParserBucket$SavedState,org.joda.time.format.DateTimeParserBucket,274,15,0.05474452554744526
CR,time,16,org.joda.time.Hours,org.joda.time.base.BaseSingleFieldPeriod,228,52,0.22807017543859648
CR,time,16,org.joda.time.LocalDate,org.joda.time.DateTime,801,2,0.0024968789013732834
CR,time,16,org.joda.time.LocalDate,org.joda.time.format.ISODateTimeFormat,1510,33,0.02185430463576159
CR,time,16,org.joda.time.LocalDateTime,org.joda.time.DateTimeZone,734,144,0.19618528610354224
CR,time,16,org.joda.time.LocalDateTime,org.joda.time.format.DateTimeFormatter,466,11,0.023605150214592276
CR,time,16,org.joda.time.LocalTime$Property,org.joda.time.LocalTime,729,22,0.03017832647462277
CR,time,16,org.joda.time.Minutes,org.joda.time.base.BaseSingleFieldPeriod,228,77,0.33771929824561403
CR,time,16,org.joda.time.MutableInterval,org.joda.time.base.BaseInterval,109,2,0.01834862385321101
CR,time,16,org.joda.time.MutablePeriod,org.joda.time.base.BasePeriod,350,49,0.14
CR,time,16,org.joda.time.Period,org.joda.time.base.AbstractPeriod,132,27,0.20454545454545456
CR,time,16,org.joda.time.Period,org.joda.time.base.BasePeriod,350,64,0.18285714285714286
CR,time,16,org.joda.time.Period,org.joda.time.PeriodType,907,23,0.025358324145534728
CR,time,16,org.joda.time.Seconds,org.joda.time.base.BaseSingleFieldPeriod,228,66,0.2894736842105263
CR,time,16,org.joda.time.tz.ZoneInfoCompiler,org.joda.time.DateTimeZone,734,210,0.28610354223433243
CR,time,16,org.joda.time.Weeks,org.joda.time.base.BaseSingleFieldPeriod,228,56,0.24561403508771928
CR,time,16,org.joda.time.YearMonthDay,org.joda.time.base.BasePartial,84,6,0.07142857142857142
CR,closure,17,com.google.javascript.jscomp.NodeUtil,com.google.javascript.rhino.Node,2336,97,0.041523972602739725
CR,closure,17,com.google.javascript.rhino.head.IdScriptableObject,com.google.javascript.rhino.head.ScriptableObject,2420,14,0.005785123966942148
CR,closure,17,com.google.javascript.rhino.head.Interpreter,com.google.javascript.rhino.head.ScriptableObject,2420,43,0.017768595041322315
CR,closure,17,com.google.javascript.rhino.head.IRFactory,com.google.javascript.rhino.head.Parser,4058,55,0.013553474618038443
CR,closure,17,com.google.javascript.rhino.head.NativeArray,com.google.javascript.rhino.head.IdScriptableObject,491,82,0.1670061099796334
CR,closure,17,com.google.javascript.rhino.head.NativeArray,com.google.javascript.rhino.head.ScriptableObject,2420,8,0.003305785123966942
CR,closure,17,com.google.javascript.rhino.head.NativeObject,com.google.javascript.rhino.head.ScriptableObject,2420,335,0.1384297520661157
CR,closure,17,com.google.javascript.rhino.head.ScriptableObject,com.google.javascript.rhino.head.FunctionObject,509,9,0.01768172888015717
CR,closure,17,com.google.javascript.rhino.jstype.JSType,com.google.javascript.rhino.jstype.UnionType,483,10,0.020703933747412008
CR,closure,17,com.google.javascript.rhino.jstype.PrototypeObjectType,com.google.javascript.rhino.jstype.JSType,931,21,0.022556390977443608
CR,lang,17,org.apache.commons.lang3.builder.ReflectionToStringBuilder,org.apache.commons.lang3.builder.ToStringBuilder,222,20,0.09009009009009009
CR,lang,17,org.apache.commons.lang3.builder.ToStringBuilder,org.apache.commons.lang3.builder.ToStringStyle,793,12,0.015132408575031526
CR,lang,17,org.apache.commons.lang3.builder.ToStringStyle,org.apache.commons.lang3.ClassUtils,830,7,0.008433734939759036
CR,lang,17,org.apache.commons.lang3.concurrent.MultiBackgroundInitializer,org.apache.commons.lang3.concurrent.BackgroundInitializer,63,8,0.12698412698412698
CR,lang,17,org.apache.commons.lang3.text.StrBuilder$StrBuilderReader,org.apache.commons.lang3.text.StrBuilder,2104,62,0.029467680608365018
CR,lang,17,org.apache.commons.lang3.text.StrSubstitutor,org.apache.commons.lang3.text.StrBuilder,2104,173,0.08222433460076045
CR,lang,17,org.apache.commons.lang3.text.StrTokenizer,org.apache.commons.lang3.text.StrMatcher,80,10,0.125
CR,math,17,org.apache.commons.math.analysis.LaguerreSolver,org.apache.commons.math.complex.Complex,635,154,0.24251968503937008
CR,math,17,org.apache.commons.math.analysis.MullerSolver,org.apache.commons.math.analysis.UnivariateRealSolverImpl,159,52,0.3270440251572327
CR,math,17,org.apache.commons.math.distribution.AbstractIntegerDistribution,org.apache.commons.math.distribution.HypergeometricDistributionImpl,150,65,0.43333333333333335
CR,math,17,org.apache.commons.math.fraction.ProperFractionFormat,org.apache.commons.math.fraction.FractionFormat,171,12,0.07017543859649122
CR,math,17,org.apache.commons.math.geometry.Rotation,org.apache.commons.math.geometry.Vector3D,294,85,0.2891156462585034
CR,math,17,org.apache.commons.math.linear.MatrixUtils,org.apache.commons.math.linear.BigMatrixImpl,1175,29,0.02468085106382979
CR,math,17,org.apache.commons.math.ode.AbstractStepInterpolator,org.apache.commons.math.ode.DormandPrince853StepInterpolator,398,68,0.1708542713567839
CR,math,17,org.apache.commons.math.ode.ContinuousOutputModel,org.apache.commons.math.ode.AbstractStepInterpolator,131,21,0.16030534351145037
CR,math,17,org.apache.commons.math.ode.EmbeddedRungeKuttaIntegrator,org.apache.commons.math.ode.DormandPrince853Integrator,115,10,0.08695652173913043
CR,math,17,org.apache.commons.math.ode.GraggBulirschStoerIntegrator,org.apache.commons.math.ode.AdaptiveStepsizeIntegrator,278,43,0.15467625899280577
CR,math,17,org.apache.commons.math.ode.GraggBulirschStoerIntegrator,org.apache.commons.math.ode.SwitchingFunctionsHandler,117,20,0.17094017094017094
CR,math,17,org.apache.commons.math.ode.GraggBulirschStoerStepInterpolator,org.apache.commons.math.ode.AbstractStepInterpolator,131,7,0.05343511450381679
CR,math,17,org.apache.commons.math.ode.SwitchingFunctionsHandler,org.apache.commons.math.ode.SwitchState,188,46,0.24468085106382978
CR,math,17,org.apache.commons.math.ode.SwitchState,org.apache.commons.math.analysis.BrentSolver,283,14,0.04946996466431095
CR,math,17,org.apache.commons.math.optimization.NelderMead,org.apache.commons.math.optimization.DirectSearchOptimizer,223,43,0.19282511210762332
CR,math,17,org.apache.commons.math.random.EmpiricalDistributionImpl,org.apache.commons.math.stat.descriptive.SummaryStatistics,363,8,0.02203856749311295
CR,math,17,org.apache.commons.math.stat.descriptive.AbstractStorelessUnivariateStatistic,org.apache.commons.math.stat.descriptive.moment.Variance,150,55,0.36666666666666664
CR,math,17,org.apache.commons.math.stat.descriptive.DescriptiveStatistics,org.apache.commons.math.util.ResizableDoubleArray,305,121,0.39672131147540984
CR,math,17,org.apache.commons.math.transform.FastFourierTransformer,org.apache.commons.math.complex.Complex,635,304,0.47874015748031495
CR,mockito,17,org.mockito.asm.AnnotationWriter,org.mockito.asm.ClassWriter,883,418,0.4733861834654587
CR,mockito,17,org.mockito.asm.MethodWriter,org.mockito.asm.ByteVector,300,1,0.0033333333333333335
CR,mockito,17,org.mockito.asm.MethodWriter,org.mockito.asm.ClassWriter,883,4,0.004530011325028313
CR,mockito,17,org.mockito.asm.tree.analysis.BasicVerifier,org.mockito.asm.tree.analysis.BasicInterpreter,413,26,0.06295399515738499
CR,mockito,17,org.mockito.asm.tree.analysis.BasicVerifier,org.mockito.asm.tree.analysis.SimpleVerifier,347,10,0.02881844380403458
CR,mockito,17,org.mockito.asm.util.ASMifierClassVisitor,org.mockito.asm.util.ASMifierAbstractVisitor,328,16,0.04878048780487805
CR,mockito,17,org.mockito.cglib.core.CodeEmitter,org.mockito.cglib.core.TypeUtils,725,24,0.03310344827586207
CR,mockito,17,org.mockito.cglib.core.EmitUtils,org.mockito.cglib.core.CodeEmitter,745,74,0.09932885906040269
CR,mockito,17,org.mockito.cglib.proxy.Enhancer,org.mockito.cglib.core.ReflectUtils,519,91,0.17533718689788053
CR,mockito,17,org.mockito.cglib.proxy.Mixin$Generator,org.mockito.cglib.core.AbstractClassGenerator,126,4,0.031746031746031744
CR,time,17,org.joda.time.base.AbstractPartial,org.joda.time.MonthDay,286,34,0.11888111888111888
CR,time,17,org.joda.time.base.AbstractPartial,org.joda.time.TimeOfDay,327,6,0.01834862385321101
CR,time,17,org.joda.time.base.AbstractPartial,org.joda.time.YearMonth,299,6,0.020066889632107024
CR,time,17,org.joda.time.base.AbstractPartial,org.joda.time.YearMonthDay,325,14,0.043076923076923075
CR,time,17,org.joda.time.base.BasePeriod,org.joda.time.base.AbstractPeriod,132,36,0.2727272727272727
CR,time,17,org.joda.time.chrono.BasicChronology,org.joda.time.chrono.CopticChronology,136,1,0.007352941176470588
CR,time,17,org.joda.time.chrono.BasicChronology,org.joda.time.chrono.EthiopicChronology,133,3,0.022556390977443608
CR,time,17,org.joda.time.chrono.BasicChronology,org.joda.time.chrono.IslamicChronology,352,13,0.036931818181818184
CR,time,17,org.joda.time.chrono.BasicWeekyearDateTimeField,org.joda.time.chrono.BasicChronology,503,35,0.06958250497017893
CR,time,17,org.joda.time.chrono.CopticChronology,org.joda.time.DateTimeZone,734,177,0.24114441416893734
CR,time,17,org.joda.time.chrono.GJChronology,org.joda.time.chrono.JulianChronology,157,26,0.16560509554140126
CR,time,17,org.joda.time.chrono.ISOChronology,org.joda.time.chrono.AssembledChronology,359,58,0.1615598885793872
CR,time,17,org.joda.time.chrono.ISOChronology,org.joda.time.DateTimeZone,734,223,0.30381471389645776
CR,time,17,org.joda.time.chrono.ZonedChronology,org.joda.time.chrono.AssembledChronology,359,14,0.03899721448467967
CR,time,17,org.joda.time.chrono.ZonedChronology$ZonedDateTimeField,org.joda.time.DateTimeZone,734,70,0.09536784741144415
CR,time,17,org.joda.time.DateTimeUtils,org.joda.time.DateTimeZone,734,183,0.24931880108991825
CR,time,17,org.joda.time.DateTimeZone,org.joda.time.format.DateTimeFormat,642,8,0.012461059190031152
CR,time,17,org.joda.time.DateTimeZone,org.joda.time.format.FormatUtils,542,13,0.023985239852398525
CR,time,17,org.joda.time.Days,org.joda.time.base.BaseSingleFieldPeriod,228,67,0.29385964912280704
CR,time,17,org.joda.time.format.DateTimeFormat,org.joda.time.format.DateTimeFormatterBuilder,643,26,0.04043545878693624
CR,time,17,org.joda.time.format.DateTimeFormatter,org.joda.time.DateTimeZone,734,89,0.12125340599455041
CR,time,17,org.joda.time.format.DateTimeFormatter,org.joda.time.format.DateTimeParserBucket,274,20,0.072992700729927
CR,time,17,org.joda.time.format.DateTimeFormatterBuilder$PaddedNumber,org.joda.time.format.DateTimeFormatterBuilder,643,22,0.03421461897356143
CR,time,17,org.joda.time.format.DateTimeFormatterBuilder$TextField,org.joda.time.format.DateTimeParserBucket,274,65,0.23722627737226276
CR,time,17,org.joda.time.format.DateTimeFormatterBuilder$TextField,org.joda.time.MutableDateTime,462,6,0.012987012987012988
CR,time,17,org.joda.time.format.DateTimeParserBucket$SavedState,org.joda.time.format.DateTimeParserBucket,274,15,0.05474452554744526
CR,time,17,org.joda.time.format.ISODateTimeFormat,org.joda.time.format.DateTimeFormatterBuilder,643,3,0.004665629860031105
CR,time,17,org.joda.time.Hours,org.joda.time.base.BaseSingleFieldPeriod,228,49,0.2149122807017544
CR,time,17,org.joda.time.LocalDate,org.joda.time.format.ISODateTimeFormat,1510,33,0.02185430463576159
CR,time,17,org.joda.time.LocalDateTime,org.joda.time.DateTimeZone,734,279,0.3801089918256131
CR,time,17,org.joda.time.LocalDateTime,org.joda.time.format.DateTimeFormatter,466,18,0.03862660944206009
CR,time,17,org.joda.time.LocalTime$Property,org.joda.time.LocalTime,729,3,0.00411522633744856
CR,time,17,org.joda.time.Minutes,org.joda.time.base.BaseSingleFieldPeriod,228,58,0.2543859649122807
CR,time,17,org.joda.time.MutableInterval,org.joda.time.base.BaseInterval,109,6,0.05504587155963303
CR,time,17,org.joda.time.MutablePeriod,org.joda.time.base.BasePeriod,350,44,0.12571428571428572
CR,time,17,org.joda.time.Period,org.joda.time.base.AbstractPeriod,132,22,0.16666666666666666
CR,time,17,org.joda.time.Period,org.joda.time.base.BasePeriod,350,69,0.19714285714285715
CR,time,17,org.joda.time.Period,org.joda.time.PeriodType,907,540,0.5953693495038589
CR,time,17,org.joda.time.Seconds,org.joda.time.base.BaseSingleFieldPeriod,228,50,0.21929824561403508
CR,time,17,org.joda.time.tz.ZoneInfoCompiler,org.joda.time.DateTimeZone,734,217,0.2956403269754768
CR,time,17,org.joda.time.Weeks,org.joda.time.base.BaseSingleFieldPeriod,228,45,0.19736842105263158
CR,time,17,org.joda.time.YearMonthDay,org.joda.time.base.BasePartial,84,4,0.047619047619047616
CR,closure,18,com.google.javascript.rhino.head.IdScriptableObject,com.google.javascript.rhino.head.ScriptableObject,2403,265,0.11027881814398668
CR,closure,18,com.google.javascript.rhino.head.IRFactory,com.google.javascript.rhino.head.Parser,4058,20,0.0049285362247412515
CR,closure,18,com.google.javascript.rhino.head.NativeArray,com.google.javascript.rhino.head.ScriptableObject,2403,26,0.010819808572617561
CR,closure,18,com.google.javascript.rhino.head.NativeArray,com.google.javascript.rhino.head.ScriptRuntime,4548,78,0.017150395778364115
CR,closure,18,com.google.javascript.rhino.head.regexp.NativeRegExp,com.google.javascript.rhino.head.ScriptRuntime,4548,47,0.010334212840809147
CR,closure,18,com.google.javascript.rhino.head.ScriptRuntime,com.google.javascript.rhino.head.ScriptableObject,2403,19,0.007906783187682065
CR,closure,18,com.google.javascript.rhino.head.tools.debugger.Dim,com.google.javascript.rhino.head.ScriptRuntime,4548,74,0.016270888302550572
CR,closure,18,com.google.javascript.rhino.JSDocInfoBuilder,com.google.javascript.rhino.JSDocInfo,954,58,0.06079664570230608
CR,closure,18,com.google.javascript.rhino.jstype.JSType,com.google.javascript.rhino.jstype.FunctionType,1240,188,0.15161290322580645
CR,closure,18,com.google.javascript.rhino.jstype.JSType,com.google.javascript.rhino.jstype.UnionType,483,10,0.020703933747412008
CR,lang,18,org.apache.commons.lang3.builder.ReflectionToStringBuilder,org.apache.commons.lang3.builder.ToStringBuilder,222,28,0.12612612612612611
CR,lang,18,org.apache.commons.lang3.builder.ToStringBuilder,org.apache.commons.lang3.builder.ToStringStyle,793,30,0.03783102143757881
CR,lang,18,org.apache.commons.lang3.builder.ToStringStyle,org.apache.commons.lang3.ClassUtils,830,7,0.008433734939759036
CR,lang,18,org.apache.commons.lang3.concurrent.MultiBackgroundInitializer,org.apache.commons.lang3.concurrent.BackgroundInitializer,63,8,0.12698412698412698
CR,lang,18,org.apache.commons.lang3.StringUtils,org.apache.commons.lang3.ArrayUtils,3057,9,0.002944062806673209
CR,lang,18,org.apache.commons.lang3.text.StrBuilder$StrBuilderReader,org.apache.commons.lang3.text.StrBuilder,2104,50,0.02376425855513308
CR,lang,18,org.apache.commons.lang3.text.StrSubstitutor,org.apache.commons.lang3.text.StrBuilder,2104,156,0.0741444866920152
CR,lang,18,org.apache.commons.lang3.text.StrTokenizer,org.apache.commons.lang3.text.StrMatcher,80,4,0.05
CR,math,18,org.apache.commons.math.analysis.LaguerreSolver,org.apache.commons.math.complex.Complex,635,167,0.262992125984252
CR,math,18,org.apache.commons.math.analysis.MullerSolver,org.apache.commons.math.analysis.UnivariateRealSolverImpl,159,55,0.34591194968553457
CR,math,18,org.apache.commons.math.distribution.AbstractIntegerDistribution,org.apache.commons.math.distribution.HypergeometricDistributionImpl,150,59,0.3933333333333333
CR,math,18,org.apache.commons.math.fraction.ProperFractionFormat,org.apache.commons.math.fraction.FractionFormat,171,37,0.21637426900584794
CR,math,18,org.apache.commons.math.geometry.Rotation,org.apache.commons.math.geometry.Vector3D,294,72,0.24489795918367346
CR,math,18,org.apache.commons.math.linear.MatrixUtils,org.apache.commons.math.linear.BigMatrixImpl,1175,22,0.01872340425531915
CR,math,18,org.apache.commons.math.ode.AbstractStepInterpolator,org.apache.commons.math.ode.DormandPrince853StepInterpolator,398,71,0.17839195979899497
CR,math,18,org.apache.commons.math.ode.ContinuousOutputModel,org.apache.commons.math.ode.AbstractStepInterpolator,131,24,0.183206106870229
CR,math,18,org.apache.commons.math.ode.EmbeddedRungeKuttaIntegrator,org.apache.commons.math.ode.DormandPrince853Integrator,115,9,0.0782608695652174
CR,math,18,org.apache.commons.math.ode.EmbeddedRungeKuttaIntegrator,org.apache.commons.math.ode.HighamHall54Integrator,50,9,0.18
CR,math,18,org.apache.commons.math.ode.GraggBulirschStoerIntegrator,org.apache.commons.math.ode.AdaptiveStepsizeIntegrator,278,30,0.1079136690647482
CR,math,18,org.apache.commons.math.ode.GraggBulirschStoerStepInterpolator,org.apache.commons.math.ode.AbstractStepInterpolator,131,10,0.07633587786259542
CR,math,18,org.apache.commons.math.ode.SwitchingFunctionsHandler,org.apache.commons.math.ode.SwitchState,188,33,0.17553191489361702
CR,math,18,org.apache.commons.math.optimization.NelderMead,org.apache.commons.math.optimization.DirectSearchOptimizer,223,55,0.24663677130044842
CR,math,18,org.apache.commons.math.stat.descriptive.AbstractStorelessUnivariateStatistic,org.apache.commons.math.stat.descriptive.moment.Variance,150,31,0.20666666666666667
CR,math,18,org.apache.commons.math.stat.descriptive.DescriptiveStatistics,org.apache.commons.math.util.ResizableDoubleArray,305,109,0.35737704918032787
CR,math,18,org.apache.commons.math.stat.inference.TTestImpl,org.apache.commons.math.stat.StatUtils,127,2,0.015748031496062992
CR,math,18,org.apache.commons.math.transform.FastFourierTransformer,org.apache.commons.math.complex.Complex,635,281,0.44251968503937006
CR,mockito,18,org.mockito.asm.AnnotationWriter,org.mockito.asm.ClassWriter,883,353,0.39977349943374857
CR,mockito,18,org.mockito.asm.MethodWriter,org.mockito.asm.ByteVector,300,22,0.07333333333333333
CR,mockito,18,org.mockito.asm.MethodWriter,org.mockito.asm.ClassWriter,883,3,0.0033975084937712344
CR,mockito,18,org.mockito.asm.tree.analysis.BasicVerifier,org.mockito.asm.tree.analysis.BasicInterpreter,413,21,0.05084745762711865
CR,mockito,18,org.mockito.asm.tree.analysis.BasicVerifier,org.mockito.asm.tree.analysis.SimpleVerifier,347,14,0.040345821325648415
CR,mockito,18,org.mockito.cglib.core.CodeEmitter,org.mockito.cglib.core.TypeUtils,725,91,0.12551724137931033
CR,mockito,18,org.mockito.cglib.core.EmitUtils,org.mockito.cglib.core.CodeEmitter,745,77,0.10335570469798658
CR,mockito,18,org.mockito.cglib.proxy.Enhancer,org.mockito.cglib.core.ReflectUtils,519,67,0.12909441233140656
CR,mockito,18,org.mockito.cglib.proxy.Mixin$Generator,org.mockito.cglib.core.AbstractClassGenerator,126,5,0.03968253968253968
CR,mockito,18,org.mockito.cglib.proxy.Mixin$Generator,org.mockito.cglib.core.ReflectUtils,519,109,0.21001926782273603
CR,time,18,org.joda.time.base.AbstractPartial,org.joda.time.TimeOfDay,327,1,0.0030581039755351682
CR,time,18,org.joda.time.base.AbstractPartial,org.joda.time.YearMonth,299,18,0.06020066889632107
CR,time,18,org.joda.time.base.AbstractPartial,org.joda.time.YearMonthDay,325,4,0.012307692307692308
CR,time,18,org.joda.time.base.BasePeriod,org.joda.time.base.AbstractPeriod,132,57,0.4318181818181818
CR,time,18,org.joda.time.chrono.BasicChronology,org.joda.time.chrono.CopticChronology,136,29,0.21323529411764705
CR,time,18,org.joda.time.chrono.BasicChronology,org.joda.time.chrono.EthiopicChronology,133,18,0.13533834586466165
CR,time,18,org.joda.time.chrono.BasicChronology,org.joda.time.chrono.IslamicChronology,352,136,0.38636363636363635
CR,time,18,org.joda.time.chrono.BasicWeekyearDateTimeField,org.joda.time.chrono.BasicChronology,503,102,0.20278330019880716
CR,time,18,org.joda.time.chrono.CopticChronology,org.joda.time.DateTimeZone,735,198,0.2693877551020408
CR,time,18,org.joda.time.chrono.GJChronology,org.joda.time.chrono.JulianChronology,157,10,0.06369426751592357
CR,time,18,org.joda.time.chrono.ISOChronology,org.joda.time.chrono.AssembledChronology,359,103,0.28690807799442897
CR,time,18,org.joda.time.chrono.ISOChronology,org.joda.time.DateTimeZone,735,183,0.24897959183673468
CR,time,18,org.joda.time.chrono.ZonedChronology,org.joda.time.chrono.AssembledChronology,359,9,0.025069637883008356
CR,time,18,org.joda.time.chrono.ZonedChronology,org.joda.time.DateTimeZone,735,202,0.2748299319727891
CR,time,18,org.joda.time.chrono.ZonedChronology$ZonedDateTimeField,org.joda.time.DateTimeZone,735,132,0.17959183673469387
CR,time,18,org.joda.time.DateTimeUtils,org.joda.time.DateTimeZone,735,189,0.2571428571428571
CR,time,18,org.joda.time.DateTimeZone,org.joda.time.format.FormatUtils,542,7,0.012915129151291513
CR,time,18,org.joda.time.Days,org.joda.time.base.BaseSingleFieldPeriod,228,48,0.21052631578947367
CR,time,18,org.joda.time.format.DateTimeFormat,org.joda.time.format.DateTimeFormat$StyleFormatter,77,1,0.012987012987012988
CR,time,18,org.joda.time.format.DateTimeFormat,org.joda.time.format.DateTimeFormatterBuilder,642,13,0.020249221183800622
CR,time,18,org.joda.time.format.DateTimeFormatter,org.joda.time.DateTimeZone,735,87,0.11836734693877551
CR,time,18,org.joda.time.format.DateTimeFormatter,org.joda.time.format.DateTimeParserBucket,274,37,0.13503649635036497
CR,time,18,org.joda.time.format.DateTimeFormatterBuilder$PaddedNumber,org.joda.time.format.DateTimeFormatterBuilder,642,19,0.029595015576323987
CR,time,18,org.joda.time.format.DateTimeFormatterBuilder$TextField,org.joda.time.format.DateTimeParserBucket,274,42,0.15328467153284672
CR,time,18,org.joda.time.format.DateTimeFormatterBuilder$TextField,org.joda.time.MutableDateTime,462,6,0.012987012987012988
CR,time,18,org.joda.time.format.DateTimeParserBucket$SavedState,org.joda.time.format.DateTimeParserBucket,274,15,0.05474452554744526
CR,time,18,org.joda.time.format.ISODateTimeFormat,org.joda.time.format.DateTimeFormatterBuilder,642,2,0.003115264797507788
CR,time,18,org.joda.time.Hours,org.joda.time.base.BaseSingleFieldPeriod,228,74,0.32456140350877194
CR,time,18,org.joda.time.LocalDate,org.joda.time.format.ISODateTimeFormat,1510,33,0.02185430463576159
CR,time,18,org.joda.time.LocalDateTime,org.joda.time.DateTimeZone,735,199,0.2707482993197279
CR,time,18,org.joda.time.LocalDateTime,org.joda.time.format.DateTimeFormatter,466,9,0.019313304721030045
CR,time,18,org.joda.time.LocalTime$Property,org.joda.time.LocalTime,729,8,0.010973936899862825
CR,time,18,org.joda.time.Minutes,org.joda.time.base.BaseSingleFieldPeriod,228,86,0.37719298245614036
CR,time,18,org.joda.time.MutableInterval,org.joda.time.base.BaseInterval,109,5,0.045871559633027525
CR,time,18,org.joda.time.MutablePeriod,org.joda.time.base.BasePeriod,350,44,0.12571428571428572
CR,time,18,org.joda.time.Period,org.joda.time.base.AbstractPeriod,132,18,0.13636363636363635
CR,time,18,org.joda.time.Period,org.joda.time.base.BasePeriod,350,55,0.15714285714285714
CR,time,18,org.joda.time.Period,org.joda.time.PeriodType,907,26,0.02866593164277839
CR,time,18,org.joda.time.Seconds,org.joda.time.base.BaseSingleFieldPeriod,228,53,0.2324561403508772
CR,time,18,org.joda.time.tz.ZoneInfoCompiler,org.joda.time.DateTimeZone,735,297,0.40408163265306124
CR,time,18,org.joda.time.Weeks,org.joda.time.base.BaseSingleFieldPeriod,228,48,0.21052631578947367
CR,time,18,org.joda.time.YearMonthDay,org.joda.time.base.BasePartial,84,3,0.03571428571428571
CR,closure,19,com.google.javascript.rhino.head.IdScriptableObject,com.google.javascript.rhino.head.ScriptableObject,2404,177,0.07362728785357738
CR,closure,19,com.google.javascript.rhino.head.IRFactory,com.google.javascript.rhino.head.Parser,4058,32,0.007885657959586003
CR,closure,19,com.google.javascript.rhino.head.NativeArray,com.google.javascript.rhino.head.IdScriptableObject,491,23,0.04684317718940937
CR,closure,19,com.google.javascript.rhino.head.NativeArray,com.google.javascript.rhino.head.ScriptableObject,2404,28,0.011647254575707155
CR,closure,19,com.google.javascript.rhino.head.regexp.NativeRegExp,com.google.javascript.rhino.head.ScriptRuntime,4564,13,0.0028483786152497807
CR,closure,19,com.google.javascript.rhino.head.ScriptableObject,com.google.javascript.rhino.head.FunctionObject,509,3,0.005893909626719057
CR,closure,19,com.google.javascript.rhino.head.tools.debugger.Dim,com.google.javascript.rhino.head.ScriptRuntime,4564,13,0.0028483786152497807
CR,closure,19,com.google.javascript.rhino.jstype.JSType,com.google.javascript.rhino.jstype.UnionType,483,14,0.028985507246376812
CR,lang,19,org.apache.commons.lang3.builder.ReflectionToStringBuilder,org.apache.commons.lang3.builder.ToStringBuilder,222,28,0.12612612612612611
CR,lang,19,org.apache.commons.lang3.builder.ToStringStyle,org.apache.commons.lang3.ClassUtils,830,7,0.008433734939759036
CR,lang,19,org.apache.commons.lang3.concurrent.MultiBackgroundInitializer,org.apache.commons.lang3.concurrent.BackgroundInitializer,63,5,0.07936507936507936
CR,lang,19,org.apache.commons.lang3.StringUtils,org.apache.commons.lang3.ArrayUtils,3057,2,0.0006542361792607131
CR,lang,19,org.apache.commons.lang3.text.StrBuilder$StrBuilderReader,org.apache.commons.lang3.text.StrBuilder,2104,68,0.03231939163498099
CR,lang,19,org.apache.commons.lang3.text.StrSubstitutor,org.apache.commons.lang3.text.StrBuilder,2104,227,0.10788973384030419
CR,lang,19,org.apache.commons.lang3.text.StrTokenizer,org.apache.commons.lang3.text.StrMatcher,80,12,0.15
CR,lang,19,org.apache.commons.lang3.text.translate.UnicodeEscaper,org.apache.commons.lang3.text.translate.CharSequenceTranslator,76,31,0.40789473684210525
CR,math,19,org.apache.commons.math.analysis.LaguerreSolver,org.apache.commons.math.complex.Complex,635,147,0.231496062992126
CR,math,19,org.apache.commons.math.analysis.MullerSolver,org.apache.commons.math.analysis.UnivariateRealSolverImpl,159,57,0.3584905660377358
CR,math,19,org.apache.commons.math.distribution.AbstractIntegerDistribution,org.apache.commons.math.distribution.HypergeometricDistributionImpl,150,49,0.32666666666666666
CR,math,19,org.apache.commons.math.fraction.ProperFractionFormat,org.apache.commons.math.fraction.FractionFormat,171,49,0.28654970760233917
CR,math,19,org.apache.commons.math.geometry.Rotation,org.apache.commons.math.geometry.Vector3D,294,89,0.30272108843537415
CR,math,19,org.apache.commons.math.linear.MatrixUtils,org.apache.commons.math.linear.BigMatrixImpl,1175,1,0.000851063829787234
CR,math,19,org.apache.commons.math.ode.AbstractStepInterpolator,org.apache.commons.math.ode.DormandPrince853StepInterpolator,398,69,0.17336683417085427
CR,math,19,org.apache.commons.math.ode.ContinuousOutputModel,org.apache.commons.math.ode.AbstractStepInterpolator,131,12,0.0916030534351145
CR,math,19,org.apache.commons.math.ode.EmbeddedRungeKuttaIntegrator,org.apache.commons.math.ode.DormandPrince853Integrator,115,6,0.05217391304347826
CR,math,19,org.apache.commons.math.ode.GraggBulirschStoerIntegrator,org.apache.commons.math.ode.AdaptiveStepsizeIntegrator,278,31,0.11151079136690648
CR,math,19,org.apache.commons.math.ode.GraggBulirschStoerIntegrator,org.apache.commons.math.ode.SwitchingFunctionsHandler,117,8,0.06837606837606838
CR,math,19,org.apache.commons.math.ode.GraggBulirschStoerStepInterpolator,org.apache.commons.math.ode.AbstractStepInterpolator,131,14,0.10687022900763359
CR,math,19,org.apache.commons.math.ode.SwitchingFunctionsHandler,org.apache.commons.math.ode.SwitchState,188,41,0.21808510638297873
CR,math,19,org.apache.commons.math.ode.SwitchState,org.apache.commons.math.analysis.BrentSolver,283,27,0.09540636042402827
CR,math,19,org.apache.commons.math.optimization.NelderMead,org.apache.commons.math.optimization.DirectSearchOptimizer,223,93,0.4170403587443946
CR,math,19,org.apache.commons.math.random.EmpiricalDistributionImpl,org.apache.commons.math.stat.descriptive.SummaryStatistics,363,1,0.0027548209366391185
CR,math,19,org.apache.commons.math.stat.descriptive.AbstractStorelessUnivariateStatistic,org.apache.commons.math.stat.descriptive.moment.Variance,150,59,0.3933333333333333
CR,math,19,org.apache.commons.math.stat.descriptive.DescriptiveStatistics,org.apache.commons.math.util.ResizableDoubleArray,305,97,0.3180327868852459
CR,math,19,org.apache.commons.math.transform.FastFourierTransformer,org.apache.commons.math.complex.Complex,635,304,0.47874015748031495
CR,mockito,19,org.mockito.asm.AnnotationWriter,org.mockito.asm.ClassWriter,883,445,0.5039637599093998
CR,mockito,19,org.mockito.asm.MethodWriter,org.mockito.asm.ByteVector,300,21,0.07
CR,mockito,19,org.mockito.asm.MethodWriter,org.mockito.asm.ClassWriter,883,15,0.01698754246885617
CR,mockito,19,org.mockito.asm.tree.analysis.BasicVerifier,org.mockito.asm.tree.analysis.BasicInterpreter,413,18,0.043583535108958835
CR,mockito,19,org.mockito.asm.tree.analysis.BasicVerifier,org.mockito.asm.tree.analysis.SimpleVerifier,347,11,0.03170028818443804
CR,mockito,19,org.mockito.asm.util.ASMifierClassVisitor,org.mockito.asm.util.ASMifierAbstractVisitor,328,16,0.04878048780487805
CR,mockito,19,org.mockito.cglib.core.ClassEmitter,org.mockito.cglib.transform.impl.InterceptFieldTransformer,188,10,0.05319148936170213
CR,mockito,19,org.mockito.cglib.core.CodeEmitter,org.mockito.cglib.core.TypeUtils,725,103,0.14206896551724138
CR,mockito,19,org.mockito.cglib.core.EmitUtils,org.mockito.cglib.core.CodeEmitter,745,61,0.08187919463087248
CR,mockito,19,org.mockito.cglib.proxy.Enhancer,org.mockito.cglib.core.ReflectUtils,519,90,0.17341040462427745
CR,mockito,19,org.mockito.cglib.proxy.Mixin$Generator,org.mockito.cglib.core.AbstractClassGenerator,126,2,0.015873015873015872
CR,mockito,19,org.mockito.cglib.proxy.Mixin$Generator,org.mockito.cglib.core.ReflectUtils,519,148,0.28516377649325625
CR,time,19,org.joda.time.base.AbstractPartial,org.joda.time.MonthDay,286,1,0.0034965034965034965
CR,time,19,org.joda.time.base.AbstractPartial,org.joda.time.TimeOfDay,327,4,0.012232415902140673
CR,time,19,org.joda.time.base.AbstractPartial,org.joda.time.YearMonth,299,19,0.06354515050167224
CR,time,19,org.joda.time.base.AbstractPartial,org.joda.time.YearMonthDay,325,18,0.055384615384615386
CR,time,19,org.joda.time.base.BasePeriod,org.joda.time.base.AbstractPeriod,132,42,0.3181818181818182
CR,time,19,org.joda.time.chrono.BasicChronology,org.joda.time.chrono.CopticChronology,136,33,0.2426470588235294
CR,time,19,org.joda.time.chrono.BasicChronology,org.joda.time.chrono.EthiopicChronology,133,2,0.015037593984962405
CR,time,19,org.joda.time.chrono.BasicChronology,org.joda.time.chrono.IslamicChronology,352,142,0.4034090909090909
CR,time,19,org.joda.time.chrono.BasicWeekyearDateTimeField,org.joda.time.chrono.BasicChronology,503,36,0.07157057654075547
CR,time,19,org.joda.time.chrono.CopticChronology,org.joda.time.DateTimeZone,734,173,0.2356948228882834
CR,time,19,org.joda.time.chrono.GJChronology,org.joda.time.chrono.GJChronology$CutoverField,367,8,0.021798365122615803
CR,time,19,org.joda.time.chrono.GJChronology,org.joda.time.chrono.JulianChronology,157,12,0.07643312101910828
CR,time,19,org.joda.time.chrono.ISOChronology,org.joda.time.chrono.AssembledChronology,359,50,0.1392757660167131
CR,time,19,org.joda.time.chrono.ISOChronology,org.joda.time.DateTimeZone,734,163,0.2220708446866485
CR,time,19,org.joda.time.chrono.ZonedChronology,org.joda.time.chrono.AssembledChronology,359,5,0.013927576601671309
CR,time,19,org.joda.time.chrono.ZonedChronology$ZonedDateTimeField,org.joda.time.DateTimeZone,734,193,0.26294277929155313
CR,time,19,org.joda.time.DateTimeUtils,org.joda.time.DateTimeZone,734,126,0.17166212534059946
CR,time,19,org.joda.time.DateTimeZone,org.joda.time.field.FieldUtils,323,1,0.0030959752321981426
CR,time,19,org.joda.time.DateTimeZone,org.joda.time.format.FormatUtils,542,2,0.0036900369003690036
CR,time,19,org.joda.time.Days,org.joda.time.base.BaseSingleFieldPeriod,228,39,0.17105263157894737
CR,time,19,org.joda.time.format.DateTimeFormat,org.joda.time.format.DateTimeFormatterBuilder,642,40,0.06230529595015576
CR,time,19,org.joda.time.format.DateTimeFormatter,org.joda.time.DateTimeZone,734,81,0.11035422343324251
CR,time,19,org.joda.time.format.DateTimeFormatter,org.joda.time.format.DateTimeParserBucket,274,7,0.025547445255474453
CR,time,19,org.joda.time.format.DateTimeFormatterBuilder$PaddedNumber,org.joda.time.format.DateTimeFormatterBuilder,642,272,0.4236760124610592
CR,time,19,org.joda.time.format.DateTimeFormatterBuilder$TextField,org.joda.time.format.DateTimeParserBucket,274,32,0.11678832116788321
CR,time,19,org.joda.time.format.DateTimeFormatterBuilder$TextField,org.joda.time.MutableDateTime,462,2,0.004329004329004329
CR,time,19,org.joda.time.format.DateTimeParserBucket$SavedState,org.joda.time.format.DateTimeParserBucket,274,16,0.058394160583941604
CR,time,19,org.joda.time.Hours,org.joda.time.base.BaseSingleFieldPeriod,228,34,0.14912280701754385
CR,time,19,org.joda.time.LocalDate,org.joda.time.format.ISODateTimeFormat,1510,34,0.022516556291390728
CR,time,19,org.joda.time.LocalDateTime,org.joda.time.DateTimeZone,734,140,0.1907356948228883
CR,time,19,org.joda.time.LocalDateTime,org.joda.time.format.DateTimeFormatter,466,18,0.03862660944206009
CR,time,19,org.joda.time.LocalTime$Property,org.joda.time.LocalTime,729,91,0.12482853223593965
CR,time,19,org.joda.time.Minutes,org.joda.time.base.BaseSingleFieldPeriod,228,64,0.2807017543859649
CR,time,19,org.joda.time.MutableInterval,org.joda.time.base.BaseInterval,109,11,0.10091743119266056
CR,time,19,org.joda.time.MutablePeriod,org.joda.time.base.BasePeriod,350,59,0.16857142857142857
CR,time,19,org.joda.time.Period,org.joda.time.base.AbstractPeriod,132,34,0.25757575757575757
CR,time,19,org.joda.time.Period,org.joda.time.base.BasePeriod,350,67,0.19142857142857142
CR,time,19,org.joda.time.Period,org.joda.time.PeriodType,907,507,0.5589856670341786
CR,time,19,org.joda.time.Seconds,org.joda.time.base.BaseSingleFieldPeriod,228,64,0.2807017543859649
CR,time,19,org.joda.time.tz.ZoneInfoCompiler,org.joda.time.DateTimeZone,734,233,0.31743869209809267
CR,time,19,org.joda.time.Weeks,org.joda.time.base.BaseSingleFieldPeriod,228,57,0.25
CR,time,19,org.joda.time.YearMonthDay,org.joda.time.base.BasePartial,84,6,0.07142857142857142
CR,closure,20,com.google.javascript.rhino.head.IdScriptableObject,com.google.javascript.rhino.head.ScriptableObject,2404,34,0.014143094841930116
CR,closure,20,com.google.javascript.rhino.head.IRFactory,com.google.javascript.rhino.head.Node,670,26,0.03880597014925373
CR,closure,20,com.google.javascript.rhino.head.IRFactory,com.google.javascript.rhino.head.Parser,4058,164,0.040413997042878264
CR,closure,20,com.google.javascript.rhino.head.NativeArray,com.google.javascript.rhino.head.IdScriptableObject,491,8,0.016293279022403257
CR,closure,20,com.google.javascript.rhino.head.NativeArray,com.google.javascript.rhino.head.ScriptableObject,2404,34,0.014143094841930116
CR,closure,20,com.google.javascript.rhino.head.regexp.NativeRegExp,com.google.javascript.rhino.head.ScriptRuntime,4599,35,0.0076103500761035
CR,closure,20,com.google.javascript.rhino.head.ScriptableObject,com.google.javascript.rhino.head.FunctionObject,509,5,0.009823182711198428
CR,closure,20,com.google.javascript.rhino.JSDocInfoBuilder,com.google.javascript.rhino.JSDocInfo,954,125,0.1310272536687631
CR,closure,20,com.google.javascript.rhino.jstype.JSType,com.google.javascript.rhino.jstype.ProxyObjectType,345,3,0.008695652173913044
CR,closure,20,com.google.javascript.rhino.jstype.JSType,com.google.javascript.rhino.jstype.UnionType,483,4,0.008281573498964804
CR,lang,20,org.apache.commons.lang3.builder.ReflectionToStringBuilder,org.apache.commons.lang3.builder.ToStringBuilder,222,4,0.018018018018018018
CR,lang,20,org.apache.commons.lang3.builder.ToStringBuilder,org.apache.commons.lang3.builder.ToStringStyle,793,102,0.12862547288776796
CR,lang,20,org.apache.commons.lang3.builder.ToStringStyle,org.apache.commons.lang3.ClassUtils,830,7,0.008433734939759036
CR,lang,20,org.apache.commons.lang3.concurrent.MultiBackgroundInitializer,org.apache.commons.lang3.concurrent.BackgroundInitializer,63,7,0.1111111111111111
CR,lang,20,org.apache.commons.lang3.StringUtils,org.apache.commons.lang3.ArrayUtils,3057,2,0.0006542361792607131
CR,lang,20,org.apache.commons.lang3.text.StrBuilder$StrBuilderReader,org.apache.commons.lang3.text.StrBuilder,2104,53,0.025190114068441065
CR,lang,20,org.apache.commons.lang3.text.StrSubstitutor,org.apache.commons.lang3.text.StrBuilder,2104,179,0.08507604562737643
CR,lang,20,org.apache.commons.lang3.text.StrTokenizer,org.apache.commons.lang3.text.StrMatcher,80,9,0.1125
CR,lang,20,org.apache.commons.lang3.time.DurationFormatUtils,org.apache.commons.lang3.time.DurationFormatUtils$Token,79,1,0.012658227848101266
CR,math,20,org.apache.commons.math.analysis.LaguerreSolver,org.apache.commons.math.complex.Complex,635,25,0.03937007874015748
CR,math,20,org.apache.commons.math.analysis.MullerSolver,org.apache.commons.math.analysis.UnivariateRealSolverImpl,159,59,0.3710691823899371
CR,math,20,org.apache.commons.math.distribution.AbstractIntegerDistribution,org.apache.commons.math.distribution.HypergeometricDistributionImpl,150,55,0.36666666666666664
CR,math,20,org.apache.commons.math.fraction.ProperFractionFormat,org.apache.commons.math.fraction.FractionFormat,171,37,0.21637426900584794
CR,math,20,org.apache.commons.math.geometry.Rotation,org.apache.commons.math.geometry.Vector3D,294,59,0.20068027210884354
CR,math,20,org.apache.commons.math.linear.MatrixUtils,org.apache.commons.math.linear.BigMatrixImpl,1175,19,0.016170212765957447
CR,math,20,org.apache.commons.math.ode.AbstractStepInterpolator,org.apache.commons.math.ode.DormandPrince853StepInterpolator,398,66,0.1658291457286432
CR,math,20,org.apache.commons.math.ode.ContinuousOutputModel,org.apache.commons.math.ode.AbstractStepInterpolator,131,24,0.183206106870229
CR,math,20,org.apache.commons.math.ode.EmbeddedRungeKuttaIntegrator,org.apache.commons.math.ode.DormandPrince853Integrator,115,10,0.08695652173913043
CR,math,20,org.apache.commons.math.ode.GraggBulirschStoerIntegrator,org.apache.commons.math.ode.AdaptiveStepsizeIntegrator,278,38,0.1366906474820144
CR,math,20,org.apache.commons.math.ode.GraggBulirschStoerIntegrator,org.apache.commons.math.ode.SwitchingFunctionsHandler,117,11,0.09401709401709402
CR,math,20,org.apache.commons.math.ode.GraggBulirschStoerStepInterpolator,org.apache.commons.math.ode.AbstractStepInterpolator,131,14,0.10687022900763359
CR,math,20,org.apache.commons.math.ode.SwitchingFunctionsHandler,org.apache.commons.math.ode.SwitchState,188,29,0.15425531914893617
CR,math,20,org.apache.commons.math.ode.SwitchState,org.apache.commons.math.analysis.BrentSolver,283,9,0.03180212014134275
CR,math,20,org.apache.commons.math.optimization.NelderMead,org.apache.commons.math.optimization.DirectSearchOptimizer,223,55,0.24663677130044842
CR,math,20,org.apache.commons.math.random.EmpiricalDistributionImpl,org.apache.commons.math.stat.descriptive.SummaryStatistics,363,1,0.0027548209366391185
CR,math,20,org.apache.commons.math.stat.descriptive.AbstractStorelessUnivariateStatistic,org.apache.commons.math.stat.descriptive.moment.Variance,150,65,0.43333333333333335
CR,math,20,org.apache.commons.math.stat.descriptive.DescriptiveStatistics,org.apache.commons.math.util.ResizableDoubleArray,305,100,0.32786885245901637
CR,math,20,org.apache.commons.math.transform.FastFourierTransformer,org.apache.commons.math.complex.Complex,635,281,0.44251968503937006
CR,mockito,20,org.mockito.asm.AnnotationWriter,org.mockito.asm.ClassWriter,883,387,0.43827859569648925
CR,mockito,20,org.mockito.asm.MethodWriter,org.mockito.asm.ByteVector,300,28,0.09333333333333334
CR,mockito,20,org.mockito.asm.MethodWriter,org.mockito.asm.ClassWriter,883,4,0.004530011325028313
CR,mockito,20,org.mockito.asm.tree.analysis.BasicVerifier,org.mockito.asm.tree.analysis.BasicInterpreter,413,32,0.0774818401937046
CR,mockito,20,org.mockito.asm.tree.analysis.BasicVerifier,org.mockito.asm.tree.analysis.SimpleVerifier,347,8,0.023054755043227664
CR,mockito,20,org.mockito.cglib.core.CodeEmitter,org.mockito.cglib.core.TypeUtils,725,89,0.12275862068965518
CR,mockito,20,org.mockito.cglib.core.EmitUtils,org.mockito.cglib.core.CodeEmitter,745,24,0.032214765100671144
CR,mockito,20,org.mockito.cglib.proxy.Enhancer,org.mockito.cglib.core.ReflectUtils,519,90,0.17341040462427745
CR,mockito,20,org.mockito.cglib.proxy.Mixin$Generator,org.mockito.cglib.core.ReflectUtils,519,98,0.18882466281310212
CR,time,20,org.joda.time.base.AbstractPartial,org.joda.time.MonthDay,286,14,0.04895104895104895
CR,time,20,org.joda.time.base.AbstractPartial,org.joda.time.TimeOfDay,327,22,0.0672782874617737
CR,time,20,org.joda.time.base.AbstractPartial,org.joda.time.YearMonth,299,45,0.1505016722408027
CR,time,20,org.joda.time.base.BasePeriod,org.joda.time.base.AbstractPeriod,132,34,0.25757575757575757
CR,time,20,org.joda.time.chrono.BasicChronology,org.joda.time.chrono.CopticChronology,136,6,0.04411764705882353
CR,time,20,org.joda.time.chrono.BasicChronology,org.joda.time.chrono.IslamicChronology,352,59,0.16761363636363635
CR,time,20,org.joda.time.chrono.BasicWeekyearDateTimeField,org.joda.time.chrono.BasicChronology,503,42,0.08349900596421471
CR,time,20,org.joda.time.chrono.CopticChronology,org.joda.time.DateTimeZone,734,191,0.26021798365122617
CR,time,20,org.joda.time.chrono.GJChronology,org.joda.time.chrono.JulianChronology,157,21,0.1337579617834395
CR,time,20,org.joda.time.chrono.ISOChronology,org.joda.time.chrono.AssembledChronology,359,120,0.3342618384401114
CR,time,20,org.joda.time.chrono.ZonedChronology,org.joda.time.chrono.AssembledChronology,359,5,0.013927576601671309
CR,time,20,org.joda.time.chrono.ZonedChronology,org.joda.time.DateTimeZone,734,135,0.18392370572207084
CR,time,20,org.joda.time.chrono.ZonedChronology$ZonedDateTimeField,org.joda.time.DateTimeZone,734,112,0.15258855585831063
CR,time,20,org.joda.time.DateTimeUtils,org.joda.time.DateTimeZone,734,144,0.19618528610354224
CR,time,20,org.joda.time.DateTimeZone,org.joda.time.field.FieldUtils,323,6,0.018575851393188854
CR,time,20,org.joda.time.DateTimeZone,org.joda.time.format.FormatUtils,542,5,0.00922509225092251
CR,time,20,org.joda.time.Days,org.joda.time.base.BaseSingleFieldPeriod,228,68,0.2982456140350877
CR,time,20,org.joda.time.format.DateTimeFormat,org.joda.time.format.DateTimeFormat$StyleFormatter,77,4,0.05194805194805195
CR,time,20,org.joda.time.format.DateTimeFormat,org.joda.time.format.DateTimeFormatterBuilder,642,22,0.03426791277258567
CR,time,20,org.joda.time.format.DateTimeFormatter,org.joda.time.DateTimeZone,734,70,0.09536784741144415
CR,time,20,org.joda.time.format.DateTimeFormatter,org.joda.time.format.DateTimeParserBucket,274,8,0.029197080291970802
CR,time,20,org.joda.time.format.DateTimeFormatterBuilder$PaddedNumber,org.joda.time.format.DateTimeFormatterBuilder,642,47,0.07320872274143302
CR,time,20,org.joda.time.format.DateTimeFormatterBuilder$TextField,org.joda.time.format.DateTimeParserBucket,274,30,0.10948905109489052
CR,time,20,org.joda.time.format.DateTimeFormatterBuilder$TextField,org.joda.time.MutableDateTime,462,2,0.004329004329004329
CR,time,20,org.joda.time.format.DateTimeParserBucket$SavedState,org.joda.time.format.DateTimeParserBucket,274,16,0.058394160583941604
CR,time,20,org.joda.time.Hours,org.joda.time.base.BaseSingleFieldPeriod,228,43,0.18859649122807018
CR,time,20,org.joda.time.LocalDate,org.joda.time.format.ISODateTimeFormat,1510,34,0.022516556291390728
CR,time,20,org.joda.time.LocalDateTime,org.joda.time.format.DateTimeFormatter,466,15,0.032188841201716736
CR,time,20,org.joda.time.LocalTime$Property,org.joda.time.LocalTime,729,13,0.01783264746227709
CR,time,20,org.joda.time.Minutes,org.joda.time.base.BaseSingleFieldPeriod,228,53,0.2324561403508772
CR,time,20,org.joda.time.MutableInterval,org.joda.time.base.BaseInterval,109,2,0.01834862385321101
CR,time,20,org.joda.time.MutablePeriod,org.joda.time.base.BasePeriod,350,41,0.11714285714285715
CR,time,20,org.joda.time.Period,org.joda.time.base.AbstractPeriod,132,23,0.17424242424242425
CR,time,20,org.joda.time.Period,org.joda.time.base.BasePeriod,350,32,0.09142857142857143
CR,time,20,org.joda.time.Period,org.joda.time.PeriodType,907,505,0.5567805953693495
CR,time,20,org.joda.time.Seconds,org.joda.time.base.BaseSingleFieldPeriod,228,48,0.21052631578947367
CR,time,20,org.joda.time.tz.ZoneInfoCompiler,org.joda.time.DateTimeZone,734,161,0.21934604904632152
CR,time,20,org.joda.time.Weeks,org.joda.time.base.BaseSingleFieldPeriod,228,51,0.2236842105263158
CR,time,20,org.joda.time.YearMonthDay,org.joda.time.base.BasePartial,84,7,0.08333333333333333
