"","executionId","project","caller","callee","killedM"
"1",1,"closure","com.google.javascript.rhino.head.IdScriptableObject","com.google.javascript.rhino.head.ScriptableObject",16
"2",1,"closure","com.google.javascript.rhino.head.IRFactory","com.google.javascript.rhino.head.Parser",4
"3",1,"closure","com.google.javascript.rhino.head.NativeArray","com.google.javascript.rhino.head.ScriptableObject",3
"4",1,"closure","com.google.javascript.rhino.head.NativeObject","com.google.javascript.rhino.head.ScriptableObject",11
"5",1,"closure","com.google.javascript.rhino.head.regexp.NativeRegExp","com.google.javascript.rhino.head.ScriptRuntime",28
"6",1,"closure","com.google.javascript.rhino.head.tools.debugger.Dim","com.google.javascript.rhino.head.ScriptRuntime",2
"7",1,"closure","com.google.javascript.rhino.jstype.JSType","com.google.javascript.rhino.jstype.FunctionType",190
"8",1,"closure","com.google.javascript.rhino.jstype.JSType","com.google.javascript.rhino.jstype.ProxyObjectType",2
"9",1,"lang","org.apache.commons.lang3.builder.ReflectionToStringBuilder","org.apache.commons.lang3.builder.ToStringBuilder",2
"10",1,"lang","org.apache.commons.lang3.builder.ToStringBuilder","org.apache.commons.lang3.builder.ToStringStyle",5
"11",1,"lang","org.apache.commons.lang3.concurrent.MultiBackgroundInitializer","org.apache.commons.lang3.concurrent.BackgroundInitializer",49
"12",1,"lang","org.apache.commons.lang3.text.StrBuilder$StrBuilderReader","org.apache.commons.lang3.text.StrBuilder",5
"13",1,"lang","org.apache.commons.lang3.text.StrSubstitutor","org.apache.commons.lang3.text.StrBuilder",22
"14",1,"lang","org.apache.commons.lang3.text.translate.UnicodeEscaper","org.apache.commons.lang3.text.translate.CharSequenceTranslator",9
"15",1,"lang","org.apache.commons.lang3.time.FastDateFormat","org.apache.commons.lang3.time.FastDateFormat$TextField",12
"16",1,"math","org.apache.commons.math.analysis.LaguerreSolver","org.apache.commons.math.complex.Complex",33
"17",1,"math","org.apache.commons.math.analysis.MullerSolver","org.apache.commons.math.analysis.UnivariateRealSolverImpl",98
"18",1,"math","org.apache.commons.math.distribution.AbstractIntegerDistribution","org.apache.commons.math.distribution.HypergeometricDistributionImpl",2
"19",1,"math","org.apache.commons.math.geometry.Rotation","org.apache.commons.math.geometry.Vector3D",7
"20",1,"math","org.apache.commons.math.linear.MatrixUtils","org.apache.commons.math.linear.BigMatrixImpl",2
"21",1,"math","org.apache.commons.math.ode.AbstractStepInterpolator","org.apache.commons.math.ode.DormandPrince853StepInterpolator",34
"22",1,"math","org.apache.commons.math.ode.ContinuousOutputModel","org.apache.commons.math.ode.AbstractStepInterpolator",10
"23",1,"math","org.apache.commons.math.ode.EmbeddedRungeKuttaIntegrator","org.apache.commons.math.ode.DormandPrince853Integrator",5
"24",1,"math","org.apache.commons.math.ode.EmbeddedRungeKuttaIntegrator","org.apache.commons.math.ode.HighamHall54Integrator",1
"25",1,"math","org.apache.commons.math.ode.GraggBulirschStoerIntegrator","org.apache.commons.math.ode.AdaptiveStepsizeIntegrator",10
"26",1,"math","org.apache.commons.math.ode.GraggBulirschStoerIntegrator","org.apache.commons.math.ode.SwitchingFunctionsHandler",3
"27",1,"math","org.apache.commons.math.ode.GraggBulirschStoerStepInterpolator","org.apache.commons.math.ode.AbstractStepInterpolator",19
"28",1,"math","org.apache.commons.math.ode.SwitchingFunctionsHandler","org.apache.commons.math.ode.SwitchState",35
"29",1,"math","org.apache.commons.math.ode.SwitchState","org.apache.commons.math.analysis.BrentSolver",1
"30",1,"math","org.apache.commons.math.optimization.NelderMead","org.apache.commons.math.optimization.DirectSearchOptimizer",110
"31",1,"math","org.apache.commons.math.random.EmpiricalDistributionImpl","org.apache.commons.math.stat.descriptive.SummaryStatistics",36
"32",1,"math","org.apache.commons.math.stat.descriptive.AbstractStorelessUnivariateStatistic","org.apache.commons.math.stat.descriptive.moment.Variance",5
"33",1,"math","org.apache.commons.math.stat.descriptive.DescriptiveStatistics","org.apache.commons.math.util.ResizableDoubleArray",27
"34",1,"math","org.apache.commons.math.stat.inference.TTestImpl","org.apache.commons.math.stat.StatUtils",2
"35",1,"math","org.apache.commons.math.transform.FastFourierTransformer","org.apache.commons.math.complex.Complex",25
"36",1,"mockito","org.mockito.asm.AnnotationWriter","org.mockito.asm.ClassWriter",33
"37",1,"mockito","org.mockito.asm.MethodWriter","org.mockito.asm.ByteVector",92
"38",1,"mockito","org.mockito.cglib.core.ClassEmitter","org.mockito.cglib.transform.impl.InterceptFieldTransformer",8
"39",1,"mockito","org.mockito.cglib.core.CodeEmitter","org.mockito.cglib.core.ClassEmitter",1
"40",1,"mockito","org.mockito.cglib.core.CodeEmitter","org.mockito.cglib.core.TypeUtils",17
"41",1,"mockito","org.mockito.cglib.core.EmitUtils","org.mockito.cglib.core.CodeEmitter",12
"42",1,"mockito","org.mockito.cglib.proxy.Enhancer","org.mockito.cglib.core.ReflectUtils",35
"43",1,"mockito","org.mockito.cglib.proxy.Mixin$Generator","org.mockito.cglib.core.ReflectUtils",58
"44",1,"time","org.joda.time.base.AbstractPartial","org.joda.time.MonthDay",18
"45",1,"time","org.joda.time.base.BasePeriod","org.joda.time.base.AbstractPeriod",10
"46",1,"time","org.joda.time.chrono.BasicChronology","org.joda.time.chrono.EthiopicChronology",2
"47",1,"time","org.joda.time.chrono.BasicChronology","org.joda.time.chrono.IslamicChronology",52
"48",1,"time","org.joda.time.chrono.BasicWeekyearDateTimeField","org.joda.time.chrono.BasicChronology",68
"49",1,"time","org.joda.time.chrono.CopticChronology","org.joda.time.DateTimeZone",12
"50",1,"time","org.joda.time.chrono.GJChronology","org.joda.time.chrono.GJChronology$CutoverField",27
"51",1,"time","org.joda.time.chrono.GJChronology","org.joda.time.chrono.JulianChronology",14
"52",1,"time","org.joda.time.chrono.ISOChronology","org.joda.time.chrono.AssembledChronology",9
"53",1,"time","org.joda.time.chrono.ISOChronology","org.joda.time.DateTimeZone",70
"54",1,"time","org.joda.time.chrono.ZonedChronology","org.joda.time.chrono.AssembledChronology",12
"55",1,"time","org.joda.time.chrono.ZonedChronology","org.joda.time.DateTimeZone",1
"56",1,"time","org.joda.time.DateTimeUtils","org.joda.time.DateTimeZone",12
"57",1,"time","org.joda.time.DateTimeZone","org.joda.time.format.DateTimeFormat",1
"58",1,"time","org.joda.time.Days","org.joda.time.base.BaseSingleFieldPeriod",10
"59",1,"time","org.joda.time.format.DateTimeFormat","org.joda.time.format.DateTimeFormat$StyleFormatter",3
"60",1,"time","org.joda.time.format.DateTimeFormat","org.joda.time.format.DateTimeFormatterBuilder",4
"61",1,"time","org.joda.time.format.DateTimeFormatter","org.joda.time.format.DateTimeParserBucket",1
"62",1,"time","org.joda.time.format.DateTimeFormatterBuilder$TextField","org.joda.time.format.DateTimeParserBucket",5
"63",1,"time","org.joda.time.format.DateTimeParserBucket$SavedState","org.joda.time.format.DateTimeParserBucket",1
"64",1,"time","org.joda.time.format.ISODateTimeFormat","org.joda.time.format.DateTimeFormatterBuilder",1
"65",1,"time","org.joda.time.Hours","org.joda.time.base.BaseSingleFieldPeriod",12
"66",1,"time","org.joda.time.LocalDate","org.joda.time.format.ISODateTimeFormat",5
"67",1,"time","org.joda.time.LocalDateTime","org.joda.time.DateTimeZone",10
"68",1,"time","org.joda.time.LocalDateTime","org.joda.time.format.DateTimeFormatter",6
"69",1,"time","org.joda.time.LocalTime$Property","org.joda.time.LocalTime",3
"70",1,"time","org.joda.time.Minutes","org.joda.time.base.BaseSingleFieldPeriod",19
"71",1,"time","org.joda.time.MutableInterval","org.joda.time.base.BaseInterval",5
"72",1,"time","org.joda.time.MutablePeriod","org.joda.time.base.BasePeriod",14
"73",1,"time","org.joda.time.Period","org.joda.time.base.AbstractPeriod",8
"74",1,"time","org.joda.time.Period","org.joda.time.base.BasePeriod",9
"75",1,"time","org.joda.time.Period","org.joda.time.PeriodType",813
"76",1,"time","org.joda.time.Seconds","org.joda.time.base.BaseSingleFieldPeriod",10
"77",1,"time","org.joda.time.Weeks","org.joda.time.base.BaseSingleFieldPeriod",18
"78",1,"time","org.joda.time.YearMonthDay","org.joda.time.base.BasePartial",3
"79",2,"closure","com.google.javascript.rhino.head.IdScriptableObject","com.google.javascript.rhino.head.ScriptableObject",21
"80",2,"closure","com.google.javascript.rhino.head.Interpreter","com.google.javascript.rhino.head.ScriptableObject",4
"81",2,"closure","com.google.javascript.rhino.head.IRFactory","com.google.javascript.rhino.head.Node",6
"82",2,"closure","com.google.javascript.rhino.head.IRFactory","com.google.javascript.rhino.head.Parser",2
"83",2,"closure","com.google.javascript.rhino.head.NativeArray","com.google.javascript.rhino.head.ScriptableObject",7
"84",2,"closure","com.google.javascript.rhino.head.NativeArray","com.google.javascript.rhino.head.ScriptRuntime",18
"85",2,"closure","com.google.javascript.rhino.head.NativeObject","com.google.javascript.rhino.head.ScriptableObject",16
"86",2,"closure","com.google.javascript.rhino.jstype.JSType","com.google.javascript.rhino.jstype.UnionType",11
"87",2,"closure","com.google.javascript.rhino.jstype.PrototypeObjectType","com.google.javascript.rhino.jstype.JSType",2
"88",2,"lang","org.apache.commons.lang3.builder.ReflectionToStringBuilder","org.apache.commons.lang3.builder.ToStringBuilder",2
"89",2,"lang","org.apache.commons.lang3.builder.ToStringBuilder","org.apache.commons.lang3.builder.ToStringStyle",6
"90",2,"lang","org.apache.commons.lang3.concurrent.MultiBackgroundInitializer","org.apache.commons.lang3.concurrent.BackgroundInitializer",12
"91",2,"lang","org.apache.commons.lang3.text.StrBuilder$StrBuilderReader","org.apache.commons.lang3.text.StrBuilder",2
"92",2,"lang","org.apache.commons.lang3.text.StrSubstitutor","org.apache.commons.lang3.text.StrBuilder",27
"93",2,"lang","org.apache.commons.lang3.text.StrTokenizer","org.apache.commons.lang3.text.StrMatcher",2
"94",2,"lang","org.apache.commons.lang3.text.translate.UnicodeEscaper","org.apache.commons.lang3.text.translate.CharSequenceTranslator",35
"95",2,"lang","org.apache.commons.lang3.time.DurationFormatUtils","org.apache.commons.lang3.time.DurationFormatUtils$Token",20
"96",2,"lang","org.apache.commons.lang3.time.FastDateFormat","org.apache.commons.lang3.time.FastDateFormat$TextField",16
"97",2,"math","org.apache.commons.math.analysis.LaguerreSolver","org.apache.commons.math.complex.Complex",58
"98",2,"math","org.apache.commons.math.analysis.MullerSolver","org.apache.commons.math.analysis.UnivariateRealSolverImpl",98
"99",2,"math","org.apache.commons.math.distribution.AbstractIntegerDistribution","org.apache.commons.math.distribution.HypergeometricDistributionImpl",6
"100",2,"math","org.apache.commons.math.fraction.ProperFractionFormat","org.apache.commons.math.fraction.FractionFormat",2
"101",2,"math","org.apache.commons.math.geometry.Rotation","org.apache.commons.math.geometry.Vector3D",4
"102",2,"math","org.apache.commons.math.linear.MatrixUtils","org.apache.commons.math.linear.BigMatrixImpl",4
"103",2,"math","org.apache.commons.math.ode.AbstractStepInterpolator","org.apache.commons.math.ode.DormandPrince853StepInterpolator",23
"104",2,"math","org.apache.commons.math.ode.ContinuousOutputModel","org.apache.commons.math.ode.AbstractStepInterpolator",17
"105",2,"math","org.apache.commons.math.ode.EmbeddedRungeKuttaIntegrator","org.apache.commons.math.ode.DormandPrince853Integrator",5
"106",2,"math","org.apache.commons.math.ode.EmbeddedRungeKuttaIntegrator","org.apache.commons.math.ode.HighamHall54Integrator",6
"107",2,"math","org.apache.commons.math.ode.GraggBulirschStoerIntegrator","org.apache.commons.math.ode.AdaptiveStepsizeIntegrator",11
"108",2,"math","org.apache.commons.math.ode.GraggBulirschStoerIntegrator","org.apache.commons.math.ode.SwitchingFunctionsHandler",17
"109",2,"math","org.apache.commons.math.ode.GraggBulirschStoerStepInterpolator","org.apache.commons.math.ode.AbstractStepInterpolator",10
"110",2,"math","org.apache.commons.math.ode.SwitchingFunctionsHandler","org.apache.commons.math.ode.SwitchState",22
"111",2,"math","org.apache.commons.math.ode.SwitchState","org.apache.commons.math.analysis.BrentSolver",2
"112",2,"math","org.apache.commons.math.optimization.NelderMead","org.apache.commons.math.optimization.DirectSearchOptimizer",12
"113",2,"math","org.apache.commons.math.stat.descriptive.AbstractStorelessUnivariateStatistic","org.apache.commons.math.stat.descriptive.moment.Variance",8
"114",2,"math","org.apache.commons.math.stat.descriptive.DescriptiveStatistics","org.apache.commons.math.util.ResizableDoubleArray",10
"115",2,"math","org.apache.commons.math.transform.FastFourierTransformer","org.apache.commons.math.complex.Complex",15
"116",2,"mockito","org.mockito.asm.AnnotationWriter","org.mockito.asm.ClassWriter",36
"117",2,"mockito","org.mockito.asm.MethodWriter","org.mockito.asm.ByteVector",71
"118",2,"mockito","org.mockito.cglib.core.CodeEmitter","org.mockito.cglib.core.TypeUtils",21
"119",2,"mockito","org.mockito.cglib.core.EmitUtils","org.mockito.cglib.core.CodeEmitter",8
"120",2,"mockito","org.mockito.cglib.proxy.Enhancer","org.mockito.cglib.core.CodeEmitter",174
"121",2,"mockito","org.mockito.cglib.proxy.Enhancer","org.mockito.cglib.core.ReflectUtils",40
"122",2,"time","org.joda.time.base.AbstractPartial","org.joda.time.YearMonth",2
"123",2,"time","org.joda.time.base.BasePeriod","org.joda.time.base.AbstractPeriod",35
"124",2,"time","org.joda.time.chrono.BasicChronology","org.joda.time.chrono.CopticChronology",10
"125",2,"time","org.joda.time.chrono.BasicChronology","org.joda.time.chrono.EthiopicChronology",2
"126",2,"time","org.joda.time.chrono.BasicChronology","org.joda.time.chrono.IslamicChronology",11
"127",2,"time","org.joda.time.chrono.BasicWeekyearDateTimeField","org.joda.time.chrono.BasicChronology",10
"128",2,"time","org.joda.time.chrono.CopticChronology","org.joda.time.DateTimeZone",41
"129",2,"time","org.joda.time.chrono.GJChronology","org.joda.time.chrono.GJChronology$CutoverField",26
"130",2,"time","org.joda.time.chrono.GJChronology","org.joda.time.chrono.JulianChronology",14
"131",2,"time","org.joda.time.chrono.ISOChronology","org.joda.time.chrono.AssembledChronology",15
"132",2,"time","org.joda.time.chrono.ZonedChronology","org.joda.time.chrono.AssembledChronology",9
"133",2,"time","org.joda.time.chrono.ZonedChronology","org.joda.time.DateTimeZone",12
"134",2,"time","org.joda.time.chrono.ZonedChronology$ZonedDateTimeField","org.joda.time.DateTimeZone",35
"135",2,"time","org.joda.time.DateTimeUtils","org.joda.time.DateTimeZone",75
"136",2,"time","org.joda.time.DateTimeZone","org.joda.time.format.DateTimeFormat",1
"137",2,"time","org.joda.time.DateTimeZone","org.joda.time.format.FormatUtils",5
"138",2,"time","org.joda.time.DateTimeZone","org.joda.time.tz.FixedDateTimeZone",3
"139",2,"time","org.joda.time.Days","org.joda.time.base.BaseSingleFieldPeriod",3
"140",2,"time","org.joda.time.format.DateTimeFormat","org.joda.time.format.DateTimeFormat$StyleFormatter",22
"141",2,"time","org.joda.time.format.DateTimeFormatter","org.joda.time.DateTimeZone",28
"142",2,"time","org.joda.time.format.DateTimeFormatter","org.joda.time.format.DateTimeParserBucket",1
"143",2,"time","org.joda.time.format.DateTimeParserBucket$SavedState","org.joda.time.format.DateTimeParserBucket",1
"144",2,"time","org.joda.time.Hours","org.joda.time.base.BaseSingleFieldPeriod",5
"145",2,"time","org.joda.time.LocalDate","org.joda.time.format.ISODateTimeFormat",1
"146",2,"time","org.joda.time.LocalDateTime","org.joda.time.DateTimeZone",96
"147",2,"time","org.joda.time.LocalTime$Property","org.joda.time.LocalTime",3
"148",2,"time","org.joda.time.Minutes","org.joda.time.base.BaseSingleFieldPeriod",9
"149",2,"time","org.joda.time.MutablePeriod","org.joda.time.base.BasePeriod",1
"150",2,"time","org.joda.time.Period","org.joda.time.base.AbstractPeriod",28
"151",2,"time","org.joda.time.Period","org.joda.time.base.BasePeriod",1
"152",2,"time","org.joda.time.Period","org.joda.time.PeriodType",837
"153",2,"time","org.joda.time.Seconds","org.joda.time.base.BaseSingleFieldPeriod",6
"154",2,"time","org.joda.time.tz.ZoneInfoCompiler","org.joda.time.DateTimeZone",82
"155",2,"time","org.joda.time.Weeks","org.joda.time.base.BaseSingleFieldPeriod",11
"156",2,"time","org.joda.time.YearMonthDay","org.joda.time.base.BasePartial",6
"157",3,"closure","com.google.javascript.jscomp.NodeUtil","com.google.javascript.rhino.Node",5
"158",3,"closure","com.google.javascript.rhino.head.IdScriptableObject","com.google.javascript.rhino.head.ScriptableObject",17
"159",3,"closure","com.google.javascript.rhino.head.Interpreter","com.google.javascript.rhino.head.ScriptableObject",3
"160",3,"closure","com.google.javascript.rhino.head.IRFactory","com.google.javascript.rhino.head.Parser",1
"161",3,"closure","com.google.javascript.rhino.head.Parser","com.google.javascript.rhino.head.CompilerEnvirons",8
"162",3,"closure","com.google.javascript.rhino.head.ScriptRuntime","com.google.javascript.rhino.head.ScriptableObject",11
"163",3,"closure","com.google.javascript.rhino.head.tools.debugger.Dim","com.google.javascript.rhino.head.ScriptRuntime",2
"164",3,"closure","com.google.javascript.rhino.head.tools.shell.Global","com.google.javascript.rhino.head.ScriptRuntime",6
"165",3,"closure","com.google.javascript.rhino.JSDocInfoBuilder","com.google.javascript.rhino.JSDocInfo",545
"166",3,"closure","com.google.javascript.rhino.jstype.JSType","com.google.javascript.rhino.jstype.UnionType",1
"167",3,"lang","org.apache.commons.lang3.builder.ReflectionToStringBuilder","org.apache.commons.lang3.builder.ToStringBuilder",1
"168",3,"lang","org.apache.commons.lang3.builder.ToStringBuilder","org.apache.commons.lang3.builder.ToStringStyle",25
"169",3,"lang","org.apache.commons.lang3.concurrent.MultiBackgroundInitializer","org.apache.commons.lang3.concurrent.BackgroundInitializer",40
"170",3,"lang","org.apache.commons.lang3.StringUtils","org.apache.commons.lang3.ArrayUtils",5
"171",3,"lang","org.apache.commons.lang3.text.StrBuilder$StrBuilderReader","org.apache.commons.lang3.text.StrBuilder",2
"172",3,"lang","org.apache.commons.lang3.text.StrSubstitutor","org.apache.commons.lang3.text.StrBuilder",23
"173",3,"lang","org.apache.commons.lang3.text.StrTokenizer","org.apache.commons.lang3.text.StrMatcher",2
"174",3,"lang","org.apache.commons.lang3.text.translate.UnicodeEscaper","org.apache.commons.lang3.text.translate.CharSequenceTranslator",1
"175",3,"lang","org.apache.commons.lang3.time.FastDateFormat","org.apache.commons.lang3.time.FastDateFormat$TextField",4
"176",3,"math","org.apache.commons.math.analysis.LaguerreSolver","org.apache.commons.math.complex.Complex",82
"177",3,"math","org.apache.commons.math.analysis.MullerSolver","org.apache.commons.math.analysis.UnivariateRealSolverImpl",107
"178",3,"math","org.apache.commons.math.geometry.Rotation","org.apache.commons.math.geometry.Vector3D",4
"179",3,"math","org.apache.commons.math.linear.MatrixUtils","org.apache.commons.math.linear.BigMatrixImpl",2
"180",3,"math","org.apache.commons.math.ode.AbstractStepInterpolator","org.apache.commons.math.ode.DormandPrince853StepInterpolator",18
"181",3,"math","org.apache.commons.math.ode.ContinuousOutputModel","org.apache.commons.math.ode.AbstractStepInterpolator",12
"182",3,"math","org.apache.commons.math.ode.EmbeddedRungeKuttaIntegrator","org.apache.commons.math.ode.DormandPrince853Integrator",1
"183",3,"math","org.apache.commons.math.ode.EmbeddedRungeKuttaIntegrator","org.apache.commons.math.ode.HighamHall54Integrator",3
"184",3,"math","org.apache.commons.math.ode.GraggBulirschStoerIntegrator","org.apache.commons.math.ode.AdaptiveStepsizeIntegrator",21
"185",3,"math","org.apache.commons.math.ode.GraggBulirschStoerIntegrator","org.apache.commons.math.ode.SwitchingFunctionsHandler",3
"186",3,"math","org.apache.commons.math.ode.GraggBulirschStoerStepInterpolator","org.apache.commons.math.ode.AbstractStepInterpolator",13
"187",3,"math","org.apache.commons.math.ode.SwitchingFunctionsHandler","org.apache.commons.math.ode.SwitchState",23
"188",3,"math","org.apache.commons.math.ode.SwitchState","org.apache.commons.math.analysis.BrentSolver",4
"189",3,"math","org.apache.commons.math.optimization.NelderMead","org.apache.commons.math.optimization.DirectSearchOptimizer",86
"190",3,"math","org.apache.commons.math.random.EmpiricalDistributionImpl","org.apache.commons.math.stat.descriptive.SummaryStatistics",2
"191",3,"math","org.apache.commons.math.stat.descriptive.AbstractStorelessUnivariateStatistic","org.apache.commons.math.stat.descriptive.moment.Variance",2
"192",3,"math","org.apache.commons.math.stat.descriptive.DescriptiveStatistics","org.apache.commons.math.util.ResizableDoubleArray",8
"193",3,"math","org.apache.commons.math.transform.FastFourierTransformer","org.apache.commons.math.complex.Complex",50
"194",3,"mockito","org.mockito.asm.AnnotationWriter","org.mockito.asm.ClassWriter",36
"195",3,"mockito","org.mockito.asm.MethodWriter","org.mockito.asm.ByteVector",88
"196",3,"mockito","org.mockito.cglib.core.ClassEmitter","org.mockito.cglib.transform.impl.InterceptFieldTransformer",5
"197",3,"mockito","org.mockito.cglib.core.CodeEmitter","org.mockito.cglib.core.ClassEmitter",1
"198",3,"mockito","org.mockito.cglib.core.CodeEmitter","org.mockito.cglib.core.TypeUtils",16
"199",3,"mockito","org.mockito.cglib.core.EmitUtils","org.mockito.cglib.core.CodeEmitter",10
"200",3,"mockito","org.mockito.cglib.proxy.Enhancer","org.mockito.cglib.core.ReflectUtils",37
"201",3,"mockito","org.mockito.cglib.proxy.Mixin$Generator","org.mockito.cglib.core.AbstractClassGenerator",2
"202",3,"time","org.joda.time.base.AbstractPartial","org.joda.time.MonthDay",42
"203",3,"time","org.joda.time.base.AbstractPartial","org.joda.time.YearMonth",2
"204",3,"time","org.joda.time.base.BasePeriod","org.joda.time.base.AbstractPeriod",7
"205",3,"time","org.joda.time.chrono.BasicChronology","org.joda.time.chrono.CopticChronology",68
"206",3,"time","org.joda.time.chrono.BasicChronology","org.joda.time.chrono.IslamicChronology",6
"207",3,"time","org.joda.time.chrono.BasicWeekyearDateTimeField","org.joda.time.chrono.BasicChronology",41
"208",3,"time","org.joda.time.chrono.CopticChronology","org.joda.time.DateTimeZone",17
"209",3,"time","org.joda.time.chrono.GJChronology","org.joda.time.chrono.GJChronology$CutoverField",57
"210",3,"time","org.joda.time.chrono.GJChronology","org.joda.time.chrono.JulianChronology",5
"211",3,"time","org.joda.time.chrono.ISOChronology","org.joda.time.chrono.AssembledChronology",33
"212",3,"time","org.joda.time.chrono.ISOChronology","org.joda.time.DateTimeZone",23
"213",3,"time","org.joda.time.chrono.ZonedChronology","org.joda.time.chrono.AssembledChronology",7
"214",3,"time","org.joda.time.chrono.ZonedChronology","org.joda.time.DateTimeZone",1
"215",3,"time","org.joda.time.chrono.ZonedChronology$ZonedDateTimeField","org.joda.time.DateTimeZone",3
"216",3,"time","org.joda.time.DateTimeUtils","org.joda.time.DateTimeZone",32
"217",3,"time","org.joda.time.DateTimeZone","org.joda.time.tz.FixedDateTimeZone",3
"218",3,"time","org.joda.time.Days","org.joda.time.base.BaseSingleFieldPeriod",5
"219",3,"time","org.joda.time.format.DateTimeFormatter","org.joda.time.format.DateTimeParserBucket",4
"220",3,"time","org.joda.time.format.DateTimeFormatterBuilder$TextField","org.joda.time.format.DateTimeParserBucket",7
"221",3,"time","org.joda.time.format.ISODateTimeFormat","org.joda.time.format.DateTimeFormatterBuilder",1
"222",3,"time","org.joda.time.Hours","org.joda.time.base.BaseSingleFieldPeriod",2
"223",3,"time","org.joda.time.LocalDate","org.joda.time.format.ISODateTimeFormat",36
"224",3,"time","org.joda.time.LocalDateTime","org.joda.time.DateTimeZone",61
"225",3,"time","org.joda.time.Minutes","org.joda.time.base.BaseSingleFieldPeriod",5
"226",3,"time","org.joda.time.MutableInterval","org.joda.time.base.BaseInterval",12
"227",3,"time","org.joda.time.MutablePeriod","org.joda.time.base.BasePeriod",3
"228",3,"time","org.joda.time.Period","org.joda.time.base.AbstractPeriod",3
"229",3,"time","org.joda.time.Period","org.joda.time.base.BasePeriod",11
"230",3,"time","org.joda.time.Period","org.joda.time.PeriodType",829
"231",3,"time","org.joda.time.Seconds","org.joda.time.base.BaseSingleFieldPeriod",5
"232",3,"time","org.joda.time.tz.ZoneInfoCompiler","org.joda.time.DateTimeZone",13
"233",3,"time","org.joda.time.Weeks","org.joda.time.base.BaseSingleFieldPeriod",7
"234",3,"time","org.joda.time.YearMonthDay","org.joda.time.base.BasePartial",3
"235",4,"closure","com.google.javascript.rhino.head.IdScriptableObject","com.google.javascript.rhino.head.ScriptableObject",8
"236",4,"closure","com.google.javascript.rhino.head.Interpreter","com.google.javascript.rhino.head.InterpretedFunction",1
"237",4,"closure","com.google.javascript.rhino.head.IRFactory","com.google.javascript.rhino.head.Node",7
"238",4,"closure","com.google.javascript.rhino.head.IRFactory","com.google.javascript.rhino.head.Parser",6
"239",4,"closure","com.google.javascript.rhino.head.NativeArray","com.google.javascript.rhino.head.ScriptableObject",25
"240",4,"closure","com.google.javascript.rhino.head.NativeObject","com.google.javascript.rhino.head.ScriptableObject",8
"241",4,"closure","com.google.javascript.rhino.head.ScriptableObject","com.google.javascript.rhino.head.FunctionObject",15
"242",4,"closure","com.google.javascript.rhino.head.tools.debugger.Dim","com.google.javascript.rhino.head.ScriptRuntime",7
"243",4,"closure","com.google.javascript.rhino.head.tools.shell.Global","com.google.javascript.rhino.head.ScriptRuntime",3
"244",4,"lang","org.apache.commons.lang3.builder.ReflectionToStringBuilder","org.apache.commons.lang3.builder.ToStringBuilder",4
"245",4,"lang","org.apache.commons.lang3.builder.ToStringBuilder","org.apache.commons.lang3.builder.ToStringStyle",6
"246",4,"lang","org.apache.commons.lang3.concurrent.MultiBackgroundInitializer","org.apache.commons.lang3.concurrent.BackgroundInitializer",3
"247",4,"lang","org.apache.commons.lang3.text.StrBuilder$StrBuilderReader","org.apache.commons.lang3.text.StrBuilder",2
"248",4,"lang","org.apache.commons.lang3.text.StrSubstitutor","org.apache.commons.lang3.text.StrBuilder",30
"249",4,"lang","org.apache.commons.lang3.time.FastDateFormat","org.apache.commons.lang3.time.FastDateFormat$TextField",4
"250",4,"math","org.apache.commons.math.analysis.LaguerreSolver","org.apache.commons.math.complex.Complex",5
"251",4,"math","org.apache.commons.math.analysis.MullerSolver","org.apache.commons.math.analysis.UnivariateRealSolverImpl",102
"252",4,"math","org.apache.commons.math.distribution.AbstractIntegerDistribution","org.apache.commons.math.distribution.HypergeometricDistributionImpl",4
"253",4,"math","org.apache.commons.math.fraction.ProperFractionFormat","org.apache.commons.math.fraction.FractionFormat",1
"254",4,"math","org.apache.commons.math.geometry.Rotation","org.apache.commons.math.geometry.Vector3D",7
"255",4,"math","org.apache.commons.math.linear.MatrixUtils","org.apache.commons.math.linear.BigMatrixImpl",108
"256",4,"math","org.apache.commons.math.ode.AbstractStepInterpolator","org.apache.commons.math.ode.DormandPrince853StepInterpolator",21
"257",4,"math","org.apache.commons.math.ode.ContinuousOutputModel","org.apache.commons.math.ode.AbstractStepInterpolator",11
"258",4,"math","org.apache.commons.math.ode.EmbeddedRungeKuttaIntegrator","org.apache.commons.math.ode.DormandPrince853Integrator",6
"259",4,"math","org.apache.commons.math.ode.EmbeddedRungeKuttaIntegrator","org.apache.commons.math.ode.HighamHall54Integrator",3
"260",4,"math","org.apache.commons.math.ode.GraggBulirschStoerIntegrator","org.apache.commons.math.ode.AdaptiveStepsizeIntegrator",33
"261",4,"math","org.apache.commons.math.ode.GraggBulirschStoerIntegrator","org.apache.commons.math.ode.SwitchingFunctionsHandler",4
"262",4,"math","org.apache.commons.math.ode.GraggBulirschStoerStepInterpolator","org.apache.commons.math.ode.AbstractStepInterpolator",18
"263",4,"math","org.apache.commons.math.ode.SwitchingFunctionsHandler","org.apache.commons.math.ode.SwitchState",31
"264",4,"math","org.apache.commons.math.ode.SwitchState","org.apache.commons.math.analysis.BrentSolver",10
"265",4,"math","org.apache.commons.math.optimization.NelderMead","org.apache.commons.math.optimization.DirectSearchOptimizer",43
"266",4,"math","org.apache.commons.math.random.EmpiricalDistributionImpl","org.apache.commons.math.stat.descriptive.SummaryStatistics",2
"267",4,"math","org.apache.commons.math.stat.descriptive.AbstractStorelessUnivariateStatistic","org.apache.commons.math.stat.descriptive.moment.Variance",3
"268",4,"math","org.apache.commons.math.stat.descriptive.DescriptiveStatistics","org.apache.commons.math.util.ResizableDoubleArray",15
"269",4,"math","org.apache.commons.math.stat.inference.TTestImpl","org.apache.commons.math.stat.StatUtils",2
"270",4,"math","org.apache.commons.math.transform.FastFourierTransformer","org.apache.commons.math.complex.Complex",37
"271",4,"mockito","org.mockito.asm.AnnotationWriter","org.mockito.asm.ClassWriter",48
"272",4,"mockito","org.mockito.asm.MethodWriter","org.mockito.asm.ByteVector",103
"273",4,"mockito","org.mockito.asm.MethodWriter","org.mockito.asm.ClassWriter",3
"274",4,"mockito","org.mockito.asm.tree.analysis.BasicVerifier","org.mockito.asm.tree.analysis.BasicInterpreter",2
"275",4,"mockito","org.mockito.cglib.core.CodeEmitter","org.mockito.cglib.core.ClassEmitter",1
"276",4,"mockito","org.mockito.cglib.core.CodeEmitter","org.mockito.cglib.core.TypeUtils",21
"277",4,"mockito","org.mockito.cglib.core.EmitUtils","org.mockito.cglib.core.CodeEmitter",24
"278",4,"mockito","org.mockito.cglib.proxy.Enhancer","org.mockito.cglib.core.CodeEmitter",159
"279",4,"mockito","org.mockito.cglib.proxy.Enhancer","org.mockito.cglib.core.ReflectUtils",46
"280",4,"mockito","org.mockito.cglib.proxy.Mixin$Generator","org.mockito.cglib.core.AbstractClassGenerator",3
"281",4,"mockito","org.mockito.cglib.proxy.Mixin$Generator","org.mockito.cglib.core.ReflectUtils",68
"282",4,"time","org.joda.time.base.AbstractPartial","org.joda.time.MonthDay",4
"283",4,"time","org.joda.time.base.BasePeriod","org.joda.time.base.AbstractPeriod",1
"284",4,"time","org.joda.time.chrono.BasicChronology","org.joda.time.chrono.EthiopicChronology",2
"285",4,"time","org.joda.time.chrono.BasicChronology","org.joda.time.chrono.IslamicChronology",9
"286",4,"time","org.joda.time.chrono.BasicWeekyearDateTimeField","org.joda.time.chrono.BasicChronology",10
"287",4,"time","org.joda.time.chrono.CopticChronology","org.joda.time.DateTimeZone",52
"288",4,"time","org.joda.time.chrono.GJChronology","org.joda.time.chrono.GJChronology$CutoverField",53
"289",4,"time","org.joda.time.chrono.GJChronology","org.joda.time.chrono.JulianChronology",26
"290",4,"time","org.joda.time.chrono.ISOChronology","org.joda.time.chrono.AssembledChronology",37
"291",4,"time","org.joda.time.chrono.ISOChronology","org.joda.time.DateTimeZone",175
"292",4,"time","org.joda.time.chrono.ZonedChronology","org.joda.time.chrono.AssembledChronology",92
"293",4,"time","org.joda.time.chrono.ZonedChronology","org.joda.time.DateTimeZone",28
"294",4,"time","org.joda.time.chrono.ZonedChronology$ZonedDateTimeField","org.joda.time.DateTimeZone",52
"295",4,"time","org.joda.time.DateTimeUtils","org.joda.time.DateTimeZone",6
"296",4,"time","org.joda.time.DateTimeZone","org.joda.time.format.FormatUtils",12
"297",4,"time","org.joda.time.DateTimeZone","org.joda.time.tz.FixedDateTimeZone",8
"298",4,"time","org.joda.time.Days","org.joda.time.base.BaseSingleFieldPeriod",17
"299",4,"time","org.joda.time.format.DateTimeFormat","org.joda.time.format.DateTimeFormatterBuilder",2
"300",4,"time","org.joda.time.format.DateTimeFormatter","org.joda.time.DateTimeZone",17
"301",4,"time","org.joda.time.format.DateTimeFormatter","org.joda.time.format.DateTimeParserBucket",11
"302",4,"time","org.joda.time.format.DateTimeFormatterBuilder$TextField","org.joda.time.format.DateTimeParserBucket",5
"303",4,"time","org.joda.time.format.DateTimeParserBucket$SavedState","org.joda.time.format.DateTimeParserBucket",3
"304",4,"time","org.joda.time.Hours","org.joda.time.base.BaseSingleFieldPeriod",13
"305",4,"time","org.joda.time.LocalDate","org.joda.time.format.ISODateTimeFormat",6
"306",4,"time","org.joda.time.LocalDateTime","org.joda.time.DateTimeZone",30
"307",4,"time","org.joda.time.LocalDateTime","org.joda.time.format.DateTimeFormatter",8
"308",4,"time","org.joda.time.Minutes","org.joda.time.base.BaseSingleFieldPeriod",14
"309",4,"time","org.joda.time.MutableInterval","org.joda.time.base.BaseInterval",5
"310",4,"time","org.joda.time.MutablePeriod","org.joda.time.base.BasePeriod",5
"311",4,"time","org.joda.time.Period","org.joda.time.base.AbstractPeriod",4
"312",4,"time","org.joda.time.Period","org.joda.time.base.BasePeriod",19
"313",4,"time","org.joda.time.Period","org.joda.time.PeriodType",101
"314",4,"time","org.joda.time.Seconds","org.joda.time.base.BaseSingleFieldPeriod",14
"315",4,"time","org.joda.time.tz.ZoneInfoCompiler","org.joda.time.DateTimeZone",146
"316",4,"time","org.joda.time.Weeks","org.joda.time.base.BaseSingleFieldPeriod",16
"317",4,"time","org.joda.time.YearMonthDay","org.joda.time.base.BasePartial",3
"318",5,"closure","com.google.javascript.jscomp.NodeUtil","com.google.javascript.rhino.Node",19
"319",5,"closure","com.google.javascript.rhino.head.Interpreter","com.google.javascript.rhino.head.ScriptableObject",38
"320",5,"closure","com.google.javascript.rhino.head.IRFactory","com.google.javascript.rhino.head.Parser",9
"321",5,"closure","com.google.javascript.rhino.head.NativeArray","com.google.javascript.rhino.head.IdScriptableObject",5
"322",5,"closure","com.google.javascript.rhino.head.NativeArray","com.google.javascript.rhino.head.ScriptRuntime",17
"323",5,"closure","com.google.javascript.rhino.head.NativeObject","com.google.javascript.rhino.head.ScriptableObject",84
"324",5,"closure","com.google.javascript.rhino.head.ScriptRuntime","com.google.javascript.rhino.head.ScriptableObject",46
"325",5,"closure","com.google.javascript.rhino.head.tools.debugger.Dim","com.google.javascript.rhino.head.ScriptRuntime",1
"326",5,"closure","com.google.javascript.rhino.head.tools.shell.Global","com.google.javascript.rhino.head.ScriptRuntime",1
"327",5,"lang","org.apache.commons.lang3.builder.ReflectionToStringBuilder","org.apache.commons.lang3.builder.ToStringBuilder",1
"328",5,"lang","org.apache.commons.lang3.builder.ToStringBuilder","org.apache.commons.lang3.builder.ToStringStyle",1
"329",5,"lang","org.apache.commons.lang3.builder.ToStringStyle","org.apache.commons.lang3.ClassUtils",1
"330",5,"lang","org.apache.commons.lang3.concurrent.MultiBackgroundInitializer","org.apache.commons.lang3.concurrent.BackgroundInitializer",38
"331",5,"lang","org.apache.commons.lang3.text.StrBuilder$StrBuilderReader","org.apache.commons.lang3.text.StrBuilder",7
"332",5,"lang","org.apache.commons.lang3.text.StrSubstitutor","org.apache.commons.lang3.text.StrBuilder",41
"333",5,"lang","org.apache.commons.lang3.text.StrTokenizer","org.apache.commons.lang3.text.StrMatcher",2
"334",5,"lang","org.apache.commons.lang3.text.translate.UnicodeEscaper","org.apache.commons.lang3.text.translate.CharSequenceTranslator",35
"335",5,"lang","org.apache.commons.lang3.time.FastDateFormat","org.apache.commons.lang3.time.FastDateFormat$TextField",4
"336",5,"math","org.apache.commons.math.analysis.LaguerreSolver","org.apache.commons.math.complex.Complex",45
"337",5,"math","org.apache.commons.math.analysis.MullerSolver","org.apache.commons.math.analysis.UnivariateRealSolverImpl",103
"338",5,"math","org.apache.commons.math.distribution.AbstractIntegerDistribution","org.apache.commons.math.distribution.HypergeometricDistributionImpl",4
"339",5,"math","org.apache.commons.math.fraction.ProperFractionFormat","org.apache.commons.math.fraction.FractionFormat",1
"340",5,"math","org.apache.commons.math.geometry.Rotation","org.apache.commons.math.geometry.Vector3D",3
"341",5,"math","org.apache.commons.math.linear.MatrixUtils","org.apache.commons.math.linear.BigMatrixImpl",3
"342",5,"math","org.apache.commons.math.ode.AbstractStepInterpolator","org.apache.commons.math.ode.DormandPrince853StepInterpolator",27
"343",5,"math","org.apache.commons.math.ode.ContinuousOutputModel","org.apache.commons.math.ode.AbstractStepInterpolator",7
"344",5,"math","org.apache.commons.math.ode.EmbeddedRungeKuttaIntegrator","org.apache.commons.math.ode.DormandPrince853Integrator",5
"345",5,"math","org.apache.commons.math.ode.EmbeddedRungeKuttaIntegrator","org.apache.commons.math.ode.HighamHall54Integrator",1
"346",5,"math","org.apache.commons.math.ode.GraggBulirschStoerIntegrator","org.apache.commons.math.ode.AdaptiveStepsizeIntegrator",17
"347",5,"math","org.apache.commons.math.ode.GraggBulirschStoerStepInterpolator","org.apache.commons.math.ode.AbstractStepInterpolator",10
"348",5,"math","org.apache.commons.math.ode.SwitchingFunctionsHandler","org.apache.commons.math.ode.SwitchState",78
"349",5,"math","org.apache.commons.math.ode.SwitchState","org.apache.commons.math.analysis.BrentSolver",10
"350",5,"math","org.apache.commons.math.optimization.NelderMead","org.apache.commons.math.optimization.DirectSearchOptimizer",17
"351",5,"math","org.apache.commons.math.random.EmpiricalDistributionImpl","org.apache.commons.math.stat.descriptive.SummaryStatistics",31
"352",5,"math","org.apache.commons.math.stat.descriptive.AbstractStorelessUnivariateStatistic","org.apache.commons.math.stat.descriptive.moment.Variance",1
"353",5,"math","org.apache.commons.math.stat.descriptive.DescriptiveStatistics","org.apache.commons.math.util.ResizableDoubleArray",12
"354",5,"math","org.apache.commons.math.stat.inference.TTestImpl","org.apache.commons.math.stat.StatUtils",10
"355",5,"math","org.apache.commons.math.transform.FastFourierTransformer","org.apache.commons.math.complex.Complex",23
"356",5,"mockito","org.mockito.asm.AnnotationWriter","org.mockito.asm.ClassWriter",38
"357",5,"mockito","org.mockito.asm.MethodWriter","org.mockito.asm.ByteVector",86
"358",5,"mockito","org.mockito.cglib.core.CodeEmitter","org.mockito.cglib.core.ClassEmitter",1
"359",5,"mockito","org.mockito.cglib.core.CodeEmitter","org.mockito.cglib.core.TypeUtils",202
"360",5,"mockito","org.mockito.cglib.core.EmitUtils","org.mockito.cglib.core.CodeEmitter",16
"361",5,"mockito","org.mockito.cglib.proxy.Enhancer","org.mockito.cglib.core.ReflectUtils",35
"362",5,"mockito","org.mockito.cglib.proxy.Mixin$Generator","org.mockito.cglib.core.ReflectUtils",53
"363",5,"time","org.joda.time.base.AbstractPartial","org.joda.time.YearMonth",7
"364",5,"time","org.joda.time.base.BasePeriod","org.joda.time.base.AbstractPeriod",10
"365",5,"time","org.joda.time.chrono.BasicChronology","org.joda.time.chrono.CopticChronology",51
"366",5,"time","org.joda.time.chrono.BasicChronology","org.joda.time.chrono.IslamicChronology",3
"367",5,"time","org.joda.time.chrono.BasicWeekyearDateTimeField","org.joda.time.chrono.BasicChronology",10
"368",5,"time","org.joda.time.chrono.CopticChronology","org.joda.time.DateTimeZone",36
"369",5,"time","org.joda.time.chrono.GJChronology","org.joda.time.chrono.GJChronology$CutoverField",31
"370",5,"time","org.joda.time.chrono.GJChronology","org.joda.time.chrono.JulianChronology",10
"371",5,"time","org.joda.time.chrono.ISOChronology","org.joda.time.chrono.AssembledChronology",14
"372",5,"time","org.joda.time.chrono.ISOChronology","org.joda.time.DateTimeZone",32
"373",5,"time","org.joda.time.chrono.ZonedChronology","org.joda.time.chrono.AssembledChronology",81
"374",5,"time","org.joda.time.chrono.ZonedChronology","org.joda.time.DateTimeZone",25
"375",5,"time","org.joda.time.chrono.ZonedChronology$ZonedDateTimeField","org.joda.time.DateTimeZone",68
"376",5,"time","org.joda.time.DateTimeUtils","org.joda.time.DateTimeZone",13
"377",5,"time","org.joda.time.DateTimeZone","org.joda.time.format.FormatUtils",26
"378",5,"time","org.joda.time.DateTimeZone","org.joda.time.tz.FixedDateTimeZone",3
"379",5,"time","org.joda.time.Days","org.joda.time.base.BaseSingleFieldPeriod",8
"380",5,"time","org.joda.time.format.DateTimeFormat","org.joda.time.format.DateTimeFormatterBuilder",2
"381",5,"time","org.joda.time.format.DateTimeFormatter","org.joda.time.DateTimeZone",43
"382",5,"time","org.joda.time.format.DateTimeFormatterBuilder$PaddedNumber","org.joda.time.format.DateTimeFormatterBuilder",3
"383",5,"time","org.joda.time.format.DateTimeFormatterBuilder$TextField","org.joda.time.format.DateTimeParserBucket",5
"384",5,"time","org.joda.time.format.DateTimeParserBucket$SavedState","org.joda.time.format.DateTimeParserBucket",1
"385",5,"time","org.joda.time.Hours","org.joda.time.base.BaseSingleFieldPeriod",4
"386",5,"time","org.joda.time.LocalDate","org.joda.time.format.ISODateTimeFormat",1
"387",5,"time","org.joda.time.LocalDateTime","org.joda.time.DateTimeZone",253
"388",5,"time","org.joda.time.LocalDateTime","org.joda.time.format.DateTimeFormatter",5
"389",5,"time","org.joda.time.LocalTime$Property","org.joda.time.LocalTime",3
"390",5,"time","org.joda.time.Minutes","org.joda.time.base.BaseSingleFieldPeriod",8
"391",5,"time","org.joda.time.MutableInterval","org.joda.time.base.BaseInterval",2
"392",5,"time","org.joda.time.MutablePeriod","org.joda.time.base.BasePeriod",9
"393",5,"time","org.joda.time.Period","org.joda.time.base.AbstractPeriod",2
"394",5,"time","org.joda.time.Period","org.joda.time.base.BasePeriod",12
"395",5,"time","org.joda.time.Period","org.joda.time.PeriodType",840
"396",5,"time","org.joda.time.Seconds","org.joda.time.base.BaseSingleFieldPeriod",4
"397",5,"time","org.joda.time.tz.ZoneInfoCompiler","org.joda.time.DateTimeZone",36
"398",5,"time","org.joda.time.Weeks","org.joda.time.base.BaseSingleFieldPeriod",5
"399",5,"time","org.joda.time.YearMonthDay","org.joda.time.base.BasePartial",6
"400",6,"closure","com.google.javascript.rhino.head.IRFactory","com.google.javascript.rhino.head.Node",7
"401",6,"closure","com.google.javascript.rhino.head.NativeArray","com.google.javascript.rhino.head.IdScriptableObject",9
"402",6,"closure","com.google.javascript.rhino.head.NativeObject","com.google.javascript.rhino.head.ScriptableObject",34
"403",6,"closure","com.google.javascript.rhino.head.ScriptRuntime","com.google.javascript.rhino.head.ScriptableObject",20
"404",6,"closure","com.google.javascript.rhino.head.tools.shell.Global","com.google.javascript.rhino.head.ScriptRuntime",2
"405",6,"lang","org.apache.commons.lang3.builder.ReflectionToStringBuilder","org.apache.commons.lang3.builder.ToStringBuilder",5
"406",6,"lang","org.apache.commons.lang3.builder.ToStringBuilder","org.apache.commons.lang3.builder.ToStringStyle",2
"407",6,"lang","org.apache.commons.lang3.text.StrBuilder$StrBuilderReader","org.apache.commons.lang3.text.StrBuilder",7
"408",6,"lang","org.apache.commons.lang3.text.StrSubstitutor","org.apache.commons.lang3.text.StrBuilder",33
"409",6,"lang","org.apache.commons.lang3.text.translate.UnicodeEscaper","org.apache.commons.lang3.text.translate.CharSequenceTranslator",6
"410",6,"lang","org.apache.commons.lang3.time.FastDateFormat","org.apache.commons.lang3.time.FastDateFormat$TextField",12
"411",6,"math","org.apache.commons.math.analysis.LaguerreSolver","org.apache.commons.math.complex.Complex",291
"412",6,"math","org.apache.commons.math.analysis.MullerSolver","org.apache.commons.math.analysis.UnivariateRealSolverImpl",101
"413",6,"math","org.apache.commons.math.distribution.AbstractIntegerDistribution","org.apache.commons.math.distribution.HypergeometricDistributionImpl",3
"414",6,"math","org.apache.commons.math.geometry.Rotation","org.apache.commons.math.geometry.Vector3D",7
"415",6,"math","org.apache.commons.math.linear.MatrixUtils","org.apache.commons.math.linear.BigMatrixImpl",3
"416",6,"math","org.apache.commons.math.ode.AbstractStepInterpolator","org.apache.commons.math.ode.DormandPrince853StepInterpolator",24
"417",6,"math","org.apache.commons.math.ode.ContinuousOutputModel","org.apache.commons.math.ode.AbstractStepInterpolator",12
"418",6,"math","org.apache.commons.math.ode.EmbeddedRungeKuttaIntegrator","org.apache.commons.math.ode.DormandPrince853Integrator",4
"419",6,"math","org.apache.commons.math.ode.EmbeddedRungeKuttaIntegrator","org.apache.commons.math.ode.HighamHall54Integrator",4
"420",6,"math","org.apache.commons.math.ode.GraggBulirschStoerIntegrator","org.apache.commons.math.ode.AdaptiveStepsizeIntegrator",15
"421",6,"math","org.apache.commons.math.ode.GraggBulirschStoerIntegrator","org.apache.commons.math.ode.SwitchingFunctionsHandler",3
"422",6,"math","org.apache.commons.math.ode.GraggBulirschStoerStepInterpolator","org.apache.commons.math.ode.AbstractStepInterpolator",10
"423",6,"math","org.apache.commons.math.ode.SwitchingFunctionsHandler","org.apache.commons.math.ode.SwitchState",37
"424",6,"math","org.apache.commons.math.ode.SwitchState","org.apache.commons.math.analysis.BrentSolver",25
"425",6,"math","org.apache.commons.math.optimization.NelderMead","org.apache.commons.math.optimization.DirectSearchOptimizer",9
"426",6,"math","org.apache.commons.math.stat.descriptive.AbstractStorelessUnivariateStatistic","org.apache.commons.math.stat.descriptive.moment.Variance",2
"427",6,"math","org.apache.commons.math.stat.descriptive.DescriptiveStatistics","org.apache.commons.math.util.ResizableDoubleArray",18
"428",6,"math","org.apache.commons.math.stat.inference.TTestImpl","org.apache.commons.math.stat.StatUtils",10
"429",6,"math","org.apache.commons.math.transform.FastFourierTransformer","org.apache.commons.math.complex.Complex",274
"430",6,"mockito","org.mockito.asm.AnnotationWriter","org.mockito.asm.ClassWriter",44
"431",6,"mockito","org.mockito.asm.MethodWriter","org.mockito.asm.ByteVector",74
"432",6,"mockito","org.mockito.asm.MethodWriter","org.mockito.asm.ClassWriter",4
"433",6,"mockito","org.mockito.asm.util.ASMifierClassVisitor","org.mockito.asm.util.ASMifierAbstractVisitor",2
"434",6,"mockito","org.mockito.cglib.core.CodeEmitter","org.mockito.cglib.core.TypeUtils",27
"435",6,"mockito","org.mockito.cglib.core.EmitUtils","org.mockito.cglib.core.CodeEmitter",12
"436",6,"mockito","org.mockito.cglib.proxy.Enhancer","org.mockito.cglib.core.ReflectUtils",37
"437",6,"mockito","org.mockito.cglib.proxy.Mixin$Generator","org.mockito.cglib.core.AbstractClassGenerator",2
"438",6,"mockito","org.mockito.cglib.proxy.Mixin$Generator","org.mockito.cglib.core.ReflectUtils",60
"439",6,"time","org.joda.time.base.AbstractPartial","org.joda.time.YearMonth",1
"440",6,"time","org.joda.time.base.BasePeriod","org.joda.time.base.AbstractPeriod",9
"441",6,"time","org.joda.time.chrono.BasicChronology","org.joda.time.chrono.CopticChronology",50
"442",6,"time","org.joda.time.chrono.BasicChronology","org.joda.time.chrono.IslamicChronology",35
"443",6,"time","org.joda.time.chrono.BasicWeekyearDateTimeField","org.joda.time.chrono.BasicChronology",77
"444",6,"time","org.joda.time.chrono.CopticChronology","org.joda.time.DateTimeZone",18
"445",6,"time","org.joda.time.chrono.GJChronology","org.joda.time.chrono.GJChronology$CutoverField",19
"446",6,"time","org.joda.time.chrono.GJChronology","org.joda.time.chrono.JulianChronology",26
"447",6,"time","org.joda.time.chrono.ISOChronology","org.joda.time.chrono.AssembledChronology",10
"448",6,"time","org.joda.time.chrono.ISOChronology","org.joda.time.DateTimeZone",108
"449",6,"time","org.joda.time.chrono.ZonedChronology","org.joda.time.DateTimeZone",11
"450",6,"time","org.joda.time.chrono.ZonedChronology$ZonedDateTimeField","org.joda.time.DateTimeZone",13
"451",6,"time","org.joda.time.DateTimeUtils","org.joda.time.DateTimeZone",7
"452",6,"time","org.joda.time.DateTimeZone","org.joda.time.format.FormatUtils",3
"453",6,"time","org.joda.time.DateTimeZone","org.joda.time.tz.FixedDateTimeZone",3
"454",6,"time","org.joda.time.Days","org.joda.time.base.BaseSingleFieldPeriod",9
"455",6,"time","org.joda.time.format.DateTimeFormat","org.joda.time.format.DateTimeFormatterBuilder",4
"456",6,"time","org.joda.time.format.DateTimeFormatter","org.joda.time.DateTimeZone",1
"457",6,"time","org.joda.time.format.DateTimeFormatter","org.joda.time.format.DateTimeParserBucket",15
"458",6,"time","org.joda.time.format.DateTimeFormatterBuilder$PaddedNumber","org.joda.time.format.DateTimeFormatterBuilder",9
"459",6,"time","org.joda.time.format.DateTimeFormatterBuilder$TextField","org.joda.time.format.DateTimeParserBucket",6
"460",6,"time","org.joda.time.format.DateTimeParserBucket$SavedState","org.joda.time.format.DateTimeParserBucket",2
"461",6,"time","org.joda.time.format.ISODateTimeFormat","org.joda.time.format.DateTimeFormatterBuilder",1
"462",6,"time","org.joda.time.Hours","org.joda.time.base.BaseSingleFieldPeriod",9
"463",6,"time","org.joda.time.LocalDate","org.joda.time.format.ISODateTimeFormat",37
"464",6,"time","org.joda.time.LocalDateTime","org.joda.time.DateTimeZone",42
"465",6,"time","org.joda.time.LocalDateTime","org.joda.time.format.DateTimeFormatter",8
"466",6,"time","org.joda.time.LocalTime$Property","org.joda.time.LocalTime",3
"467",6,"time","org.joda.time.Minutes","org.joda.time.base.BaseSingleFieldPeriod",11
"468",6,"time","org.joda.time.MutableInterval","org.joda.time.base.BaseInterval",4
"469",6,"time","org.joda.time.MutablePeriod","org.joda.time.base.BasePeriod",12
"470",6,"time","org.joda.time.Period","org.joda.time.base.AbstractPeriod",7
"471",6,"time","org.joda.time.Period","org.joda.time.base.BasePeriod",7
"472",6,"time","org.joda.time.Period","org.joda.time.PeriodType",837
"473",6,"time","org.joda.time.Seconds","org.joda.time.base.BaseSingleFieldPeriod",16
"474",6,"time","org.joda.time.tz.ZoneInfoCompiler","org.joda.time.DateTimeZone",8
"475",6,"time","org.joda.time.Weeks","org.joda.time.base.BaseSingleFieldPeriod",13
"476",6,"time","org.joda.time.YearMonthDay","org.joda.time.base.BasePartial",6
"477",7,"closure","com.google.javascript.rhino.head.IdScriptableObject","com.google.javascript.rhino.head.ScriptableObject",26
"478",7,"closure","com.google.javascript.rhino.head.NativeArray","com.google.javascript.rhino.head.IdScriptableObject",99
"479",7,"closure","com.google.javascript.rhino.head.NativeArray","com.google.javascript.rhino.head.ScriptableObject",39
"480",7,"closure","com.google.javascript.rhino.head.NativeArray","com.google.javascript.rhino.head.ScriptRuntime",10
"481",7,"closure","com.google.javascript.rhino.head.tools.shell.Global","com.google.javascript.rhino.head.ScriptRuntime",6
"482",7,"closure","com.google.javascript.rhino.JSDocInfoBuilder","com.google.javascript.rhino.JSDocInfo",547
"483",7,"closure","com.google.javascript.rhino.jstype.JSType","com.google.javascript.rhino.jstype.UnionType",3
"484",7,"lang","org.apache.commons.lang3.builder.ReflectionToStringBuilder","org.apache.commons.lang3.builder.ToStringBuilder",3
"485",7,"lang","org.apache.commons.lang3.concurrent.MultiBackgroundInitializer","org.apache.commons.lang3.concurrent.BackgroundInitializer",10
"486",7,"lang","org.apache.commons.lang3.text.StrBuilder$StrBuilderReader","org.apache.commons.lang3.text.StrBuilder",2
"487",7,"lang","org.apache.commons.lang3.text.StrSubstitutor","org.apache.commons.lang3.text.StrBuilder",18
"488",7,"lang","org.apache.commons.lang3.text.translate.UnicodeEscaper","org.apache.commons.lang3.text.translate.CharSequenceTranslator",1
"489",7,"lang","org.apache.commons.lang3.time.FastDateFormat","org.apache.commons.lang3.time.FastDateFormat$TextField",12
"490",7,"math","org.apache.commons.math.analysis.LaguerreSolver","org.apache.commons.math.complex.Complex",40
"491",7,"math","org.apache.commons.math.analysis.MullerSolver","org.apache.commons.math.analysis.UnivariateRealSolverImpl",102
"492",7,"math","org.apache.commons.math.distribution.AbstractIntegerDistribution","org.apache.commons.math.distribution.HypergeometricDistributionImpl",3
"493",7,"math","org.apache.commons.math.fraction.ProperFractionFormat","org.apache.commons.math.fraction.FractionFormat",3
"494",7,"math","org.apache.commons.math.geometry.Rotation","org.apache.commons.math.geometry.Vector3D",26
"495",7,"math","org.apache.commons.math.linear.MatrixUtils","org.apache.commons.math.linear.BigMatrixImpl",2
"496",7,"math","org.apache.commons.math.ode.AbstractStepInterpolator","org.apache.commons.math.ode.DormandPrince853StepInterpolator",26
"497",7,"math","org.apache.commons.math.ode.ContinuousOutputModel","org.apache.commons.math.ode.AbstractStepInterpolator",20
"498",7,"math","org.apache.commons.math.ode.EmbeddedRungeKuttaIntegrator","org.apache.commons.math.ode.DormandPrince853Integrator",8
"499",7,"math","org.apache.commons.math.ode.EmbeddedRungeKuttaIntegrator","org.apache.commons.math.ode.HighamHall54Integrator",3
"500",7,"math","org.apache.commons.math.ode.GraggBulirschStoerIntegrator","org.apache.commons.math.ode.AdaptiveStepsizeIntegrator",25
"501",7,"math","org.apache.commons.math.ode.GraggBulirschStoerIntegrator","org.apache.commons.math.ode.SwitchingFunctionsHandler",4
"502",7,"math","org.apache.commons.math.ode.GraggBulirschStoerStepInterpolator","org.apache.commons.math.ode.AbstractStepInterpolator",14
"503",7,"math","org.apache.commons.math.ode.SwitchingFunctionsHandler","org.apache.commons.math.ode.SwitchState",25
"504",7,"math","org.apache.commons.math.optimization.NelderMead","org.apache.commons.math.optimization.DirectSearchOptimizer",107
"505",7,"math","org.apache.commons.math.random.EmpiricalDistributionImpl","org.apache.commons.math.stat.descriptive.SummaryStatistics",2
"506",7,"math","org.apache.commons.math.stat.descriptive.AbstractStorelessUnivariateStatistic","org.apache.commons.math.stat.descriptive.moment.Variance",3
"507",7,"math","org.apache.commons.math.stat.descriptive.DescriptiveStatistics","org.apache.commons.math.util.ResizableDoubleArray",25
"508",7,"math","org.apache.commons.math.stat.inference.TTestImpl","org.apache.commons.math.stat.StatUtils",14
"509",7,"math","org.apache.commons.math.transform.FastFourierTransformer","org.apache.commons.math.complex.Complex",19
"510",7,"mockito","org.mockito.asm.AnnotationWriter","org.mockito.asm.ClassWriter",65
"511",7,"mockito","org.mockito.asm.MethodWriter","org.mockito.asm.ByteVector",78
"512",7,"mockito","org.mockito.asm.MethodWriter","org.mockito.asm.ClassWriter",1
"513",7,"mockito","org.mockito.asm.tree.analysis.BasicVerifier","org.mockito.asm.tree.analysis.BasicInterpreter",5
"514",7,"mockito","org.mockito.cglib.core.ClassEmitter","org.mockito.cglib.transform.impl.InterceptFieldTransformer",10
"515",7,"mockito","org.mockito.cglib.core.CodeEmitter","org.mockito.cglib.core.ClassEmitter",1
"516",7,"mockito","org.mockito.cglib.core.CodeEmitter","org.mockito.cglib.core.TypeUtils",22
"517",7,"mockito","org.mockito.cglib.core.EmitUtils","org.mockito.cglib.core.CodeEmitter",2
"518",7,"mockito","org.mockito.cglib.proxy.Enhancer","org.mockito.cglib.core.ReflectUtils",43
"519",7,"time","org.joda.time.base.AbstractPartial","org.joda.time.MonthDay",9
"520",7,"time","org.joda.time.base.BasePeriod","org.joda.time.base.AbstractPeriod",1
"521",7,"time","org.joda.time.chrono.BasicChronology","org.joda.time.chrono.CopticChronology",13
"522",7,"time","org.joda.time.chrono.BasicChronology","org.joda.time.chrono.EthiopicChronology",21
"523",7,"time","org.joda.time.chrono.BasicWeekyearDateTimeField","org.joda.time.chrono.BasicChronology",67
"524",7,"time","org.joda.time.chrono.CopticChronology","org.joda.time.DateTimeZone",15
"525",7,"time","org.joda.time.chrono.GJChronology","org.joda.time.chrono.JulianChronology",5
"526",7,"time","org.joda.time.chrono.ISOChronology","org.joda.time.chrono.AssembledChronology",3
"527",7,"time","org.joda.time.chrono.ISOChronology","org.joda.time.DateTimeZone",39
"528",7,"time","org.joda.time.chrono.ZonedChronology","org.joda.time.chrono.AssembledChronology",3
"529",7,"time","org.joda.time.chrono.ZonedChronology$ZonedDateTimeField","org.joda.time.DateTimeZone",5
"530",7,"time","org.joda.time.DateTimeUtils","org.joda.time.DateTimeZone",10
"531",7,"time","org.joda.time.DateTimeZone","org.joda.time.format.DateTimeFormat",2
"532",7,"time","org.joda.time.DateTimeZone","org.joda.time.tz.FixedDateTimeZone",3
"533",7,"time","org.joda.time.Days","org.joda.time.base.BaseSingleFieldPeriod",8
"534",7,"time","org.joda.time.format.DateTimeFormat","org.joda.time.format.DateTimeFormat$StyleFormatter",3
"535",7,"time","org.joda.time.format.DateTimeFormat","org.joda.time.format.DateTimeFormatterBuilder",1
"536",7,"time","org.joda.time.format.DateTimeFormatter","org.joda.time.format.DateTimeParserBucket",5
"537",7,"time","org.joda.time.format.DateTimeFormatterBuilder$PaddedNumber","org.joda.time.format.DateTimeFormatterBuilder",3
"538",7,"time","org.joda.time.format.DateTimeParserBucket$SavedState","org.joda.time.format.DateTimeParserBucket",5
"539",7,"time","org.joda.time.Hours","org.joda.time.base.BaseSingleFieldPeriod",8
"540",7,"time","org.joda.time.LocalDate","org.joda.time.format.ISODateTimeFormat",1
"541",7,"time","org.joda.time.LocalDateTime","org.joda.time.DateTimeZone",19
"542",7,"time","org.joda.time.LocalDateTime","org.joda.time.format.DateTimeFormatter",3
"543",7,"time","org.joda.time.LocalTime$Property","org.joda.time.LocalTime",53
"544",7,"time","org.joda.time.Minutes","org.joda.time.base.BaseSingleFieldPeriod",7
"545",7,"time","org.joda.time.MutableInterval","org.joda.time.base.BaseInterval",4
"546",7,"time","org.joda.time.MutablePeriod","org.joda.time.base.BasePeriod",4
"547",7,"time","org.joda.time.Period","org.joda.time.base.AbstractPeriod",7
"548",7,"time","org.joda.time.Period","org.joda.time.base.BasePeriod",4
"549",7,"time","org.joda.time.Period","org.joda.time.PeriodType",834
"550",7,"time","org.joda.time.Seconds","org.joda.time.base.BaseSingleFieldPeriod",7
"551",7,"time","org.joda.time.tz.ZoneInfoCompiler","org.joda.time.DateTimeZone",11
"552",7,"time","org.joda.time.Weeks","org.joda.time.base.BaseSingleFieldPeriod",10
"553",7,"time","org.joda.time.YearMonthDay","org.joda.time.base.BasePartial",14
"554",8,"closure","com.google.javascript.rhino.head.IdScriptableObject","com.google.javascript.rhino.head.ScriptableObject",20
"555",8,"closure","com.google.javascript.rhino.head.Interpreter","com.google.javascript.rhino.head.ScriptableObject",14
"556",8,"closure","com.google.javascript.rhino.head.IRFactory","com.google.javascript.rhino.head.Parser",5
"557",8,"closure","com.google.javascript.rhino.head.regexp.NativeRegExp","com.google.javascript.rhino.head.ScriptRuntime",12
"558",8,"closure","com.google.javascript.rhino.head.tools.debugger.Dim","com.google.javascript.rhino.head.ScriptRuntime",3
"559",8,"closure","com.google.javascript.rhino.head.tools.shell.Global","com.google.javascript.rhino.head.ScriptRuntime",1
"560",8,"closure","com.google.javascript.rhino.jstype.JSType","com.google.javascript.rhino.jstype.FunctionType",108
"561",8,"closure","com.google.javascript.rhino.jstype.JSType","com.google.javascript.rhino.jstype.ProxyObjectType",3
"562",8,"lang","org.apache.commons.lang3.builder.ReflectionToStringBuilder","org.apache.commons.lang3.builder.ToStringBuilder",1
"563",8,"lang","org.apache.commons.lang3.builder.ToStringBuilder","org.apache.commons.lang3.builder.ToStringStyle",178
"564",8,"lang","org.apache.commons.lang3.builder.ToStringStyle","org.apache.commons.lang3.ClassUtils",1
"565",8,"lang","org.apache.commons.lang3.concurrent.MultiBackgroundInitializer","org.apache.commons.lang3.concurrent.BackgroundInitializer",3
"566",8,"lang","org.apache.commons.lang3.text.StrBuilder$StrBuilderReader","org.apache.commons.lang3.text.StrBuilder",135
"567",8,"lang","org.apache.commons.lang3.text.StrSubstitutor","org.apache.commons.lang3.text.StrBuilder",278
"568",8,"lang","org.apache.commons.lang3.text.translate.UnicodeEscaper","org.apache.commons.lang3.text.translate.CharSequenceTranslator",6
"569",8,"lang","org.apache.commons.lang3.time.FastDateFormat","org.apache.commons.lang3.time.FastDateFormat$TextField",11
"570",8,"math","org.apache.commons.math.analysis.LaguerreSolver","org.apache.commons.math.complex.Complex",15
"571",8,"math","org.apache.commons.math.analysis.MullerSolver","org.apache.commons.math.analysis.UnivariateRealSolverImpl",97
"572",8,"math","org.apache.commons.math.distribution.AbstractIntegerDistribution","org.apache.commons.math.distribution.HypergeometricDistributionImpl",3
"573",8,"math","org.apache.commons.math.fraction.ProperFractionFormat","org.apache.commons.math.fraction.FractionFormat",2
"574",8,"math","org.apache.commons.math.geometry.Rotation","org.apache.commons.math.geometry.Vector3D",4
"575",8,"math","org.apache.commons.math.linear.MatrixUtils","org.apache.commons.math.linear.BigMatrixImpl",2
"576",8,"math","org.apache.commons.math.ode.AbstractStepInterpolator","org.apache.commons.math.ode.DormandPrince853StepInterpolator",77
"577",8,"math","org.apache.commons.math.ode.ContinuousOutputModel","org.apache.commons.math.ode.AbstractStepInterpolator",11
"578",8,"math","org.apache.commons.math.ode.EmbeddedRungeKuttaIntegrator","org.apache.commons.math.ode.DormandPrince853Integrator",4
"579",8,"math","org.apache.commons.math.ode.GraggBulirschStoerIntegrator","org.apache.commons.math.ode.AdaptiveStepsizeIntegrator",15
"580",8,"math","org.apache.commons.math.ode.GraggBulirschStoerIntegrator","org.apache.commons.math.ode.SwitchingFunctionsHandler",12
"581",8,"math","org.apache.commons.math.ode.GraggBulirschStoerStepInterpolator","org.apache.commons.math.ode.AbstractStepInterpolator",12
"582",8,"math","org.apache.commons.math.ode.SwitchingFunctionsHandler","org.apache.commons.math.ode.SwitchState",15
"583",8,"math","org.apache.commons.math.ode.SwitchState","org.apache.commons.math.analysis.BrentSolver",11
"584",8,"math","org.apache.commons.math.optimization.NelderMead","org.apache.commons.math.optimization.DirectSearchOptimizer",26
"585",8,"math","org.apache.commons.math.random.EmpiricalDistributionImpl","org.apache.commons.math.stat.descriptive.SummaryStatistics",2
"586",8,"math","org.apache.commons.math.stat.descriptive.AbstractStorelessUnivariateStatistic","org.apache.commons.math.stat.descriptive.moment.Variance",2
"587",8,"math","org.apache.commons.math.stat.descriptive.DescriptiveStatistics","org.apache.commons.math.util.ResizableDoubleArray",17
"588",8,"math","org.apache.commons.math.stat.inference.TTestImpl","org.apache.commons.math.stat.StatUtils",2
"589",8,"math","org.apache.commons.math.transform.FastFourierTransformer","org.apache.commons.math.complex.Complex",17
"590",8,"mockito","org.mockito.asm.AnnotationWriter","org.mockito.asm.ClassWriter",30
"591",8,"mockito","org.mockito.asm.MethodWriter","org.mockito.asm.ByteVector",93
"592",8,"mockito","org.mockito.asm.tree.analysis.BasicVerifier","org.mockito.asm.tree.analysis.BasicInterpreter",2
"593",8,"mockito","org.mockito.cglib.core.ClassEmitter","org.mockito.cglib.transform.impl.InterceptFieldTransformer",8
"594",8,"mockito","org.mockito.cglib.core.CodeEmitter","org.mockito.cglib.core.ClassEmitter",1
"595",8,"mockito","org.mockito.cglib.core.CodeEmitter","org.mockito.cglib.core.TypeUtils",19
"596",8,"mockito","org.mockito.cglib.core.EmitUtils","org.mockito.cglib.core.CodeEmitter",13
"597",8,"mockito","org.mockito.cglib.proxy.Enhancer","org.mockito.cglib.core.ReflectUtils",41
"598",8,"mockito","org.mockito.cglib.proxy.Mixin$Generator","org.mockito.cglib.core.AbstractClassGenerator",3
"599",8,"mockito","org.mockito.cglib.proxy.Mixin$Generator","org.mockito.cglib.core.ReflectUtils",55
"600",8,"time","org.joda.time.base.AbstractPartial","org.joda.time.YearMonth",8
"601",8,"time","org.joda.time.base.BasePeriod","org.joda.time.base.AbstractPeriod",15
"602",8,"time","org.joda.time.chrono.BasicChronology","org.joda.time.chrono.IslamicChronology",71
"603",8,"time","org.joda.time.chrono.BasicWeekyearDateTimeField","org.joda.time.chrono.BasicChronology",164
"604",8,"time","org.joda.time.chrono.CopticChronology","org.joda.time.DateTimeZone",17
"605",8,"time","org.joda.time.chrono.GJChronology","org.joda.time.chrono.GJChronology$CutoverField",29
"606",8,"time","org.joda.time.chrono.GJChronology","org.joda.time.chrono.JulianChronology",8
"607",8,"time","org.joda.time.chrono.ISOChronology","org.joda.time.chrono.AssembledChronology",82
"608",8,"time","org.joda.time.chrono.ISOChronology","org.joda.time.DateTimeZone",23
"609",8,"time","org.joda.time.chrono.ZonedChronology","org.joda.time.chrono.AssembledChronology",6
"610",8,"time","org.joda.time.chrono.ZonedChronology","org.joda.time.DateTimeZone",170
"611",8,"time","org.joda.time.chrono.ZonedChronology$ZonedDateTimeField","org.joda.time.DateTimeZone",16
"612",8,"time","org.joda.time.DateTimeUtils","org.joda.time.DateTimeZone",58
"613",8,"time","org.joda.time.DateTimeZone","org.joda.time.format.FormatUtils",5
"614",8,"time","org.joda.time.DateTimeZone","org.joda.time.tz.FixedDateTimeZone",3
"615",8,"time","org.joda.time.Days","org.joda.time.base.BaseSingleFieldPeriod",12
"616",8,"time","org.joda.time.format.DateTimeFormat","org.joda.time.format.DateTimeFormat$StyleFormatter",3
"617",8,"time","org.joda.time.format.DateTimeFormat","org.joda.time.format.DateTimeFormatterBuilder",79
"618",8,"time","org.joda.time.format.DateTimeFormatter","org.joda.time.DateTimeZone",4
"619",8,"time","org.joda.time.format.DateTimeFormatter","org.joda.time.format.DateTimeParserBucket",5
"620",8,"time","org.joda.time.format.DateTimeFormatterBuilder$PaddedNumber","org.joda.time.format.DateTimeFormatterBuilder",29
"621",8,"time","org.joda.time.format.DateTimeFormatterBuilder$TextField","org.joda.time.format.DateTimeParserBucket",8
"622",8,"time","org.joda.time.format.ISODateTimeFormat","org.joda.time.format.DateTimeFormatterBuilder",225
"623",8,"time","org.joda.time.Hours","org.joda.time.base.BaseSingleFieldPeriod",13
"624",8,"time","org.joda.time.LocalDate","org.joda.time.format.ISODateTimeFormat",1
"625",8,"time","org.joda.time.LocalDateTime","org.joda.time.DateTimeZone",9
"626",8,"time","org.joda.time.LocalDateTime","org.joda.time.format.DateTimeFormatter",8
"627",8,"time","org.joda.time.Minutes","org.joda.time.base.BaseSingleFieldPeriod",12
"628",8,"time","org.joda.time.MutableInterval","org.joda.time.base.BaseInterval",4
"629",8,"time","org.joda.time.MutablePeriod","org.joda.time.base.BasePeriod",3
"630",8,"time","org.joda.time.Period","org.joda.time.base.AbstractPeriod",9
"631",8,"time","org.joda.time.Period","org.joda.time.base.BasePeriod",7
"632",8,"time","org.joda.time.Period","org.joda.time.PeriodType",829
"633",8,"time","org.joda.time.Seconds","org.joda.time.base.BaseSingleFieldPeriod",15
"634",8,"time","org.joda.time.tz.ZoneInfoCompiler","org.joda.time.DateTimeZone",20
"635",8,"time","org.joda.time.Weeks","org.joda.time.base.BaseSingleFieldPeriod",17
"636",8,"time","org.joda.time.YearMonthDay","org.joda.time.base.BasePartial",15
"637",9,"closure","com.google.javascript.rhino.head.IRFactory","com.google.javascript.rhino.head.Node",3
"638",9,"closure","com.google.javascript.rhino.head.IRFactory","com.google.javascript.rhino.head.Parser",15
"639",9,"closure","com.google.javascript.rhino.head.NativeArray","com.google.javascript.rhino.head.IdScriptableObject",17
"640",9,"closure","com.google.javascript.rhino.head.NativeObject","com.google.javascript.rhino.head.ScriptableObject",103
"641",9,"closure","com.google.javascript.rhino.head.ScriptableObject","com.google.javascript.rhino.head.FunctionObject",3
"642",9,"closure","com.google.javascript.rhino.head.tools.shell.Global","com.google.javascript.rhino.head.ScriptRuntime",12
"643",9,"closure","com.google.javascript.rhino.jstype.JSType","com.google.javascript.rhino.jstype.FunctionType",143
"644",9,"lang","org.apache.commons.lang3.builder.ReflectionToStringBuilder","org.apache.commons.lang3.builder.ToStringBuilder",4
"645",9,"lang","org.apache.commons.lang3.builder.ToStringBuilder","org.apache.commons.lang3.builder.ToStringStyle",9
"646",9,"lang","org.apache.commons.lang3.concurrent.MultiBackgroundInitializer","org.apache.commons.lang3.concurrent.BackgroundInitializer",6
"647",9,"lang","org.apache.commons.lang3.text.StrBuilder$StrBuilderReader","org.apache.commons.lang3.text.StrBuilder",3
"648",9,"lang","org.apache.commons.lang3.text.StrSubstitutor","org.apache.commons.lang3.text.StrBuilder",30
"649",9,"lang","org.apache.commons.lang3.text.translate.UnicodeEscaper","org.apache.commons.lang3.text.translate.CharSequenceTranslator",1
"650",9,"lang","org.apache.commons.lang3.time.DurationFormatUtils","org.apache.commons.lang3.time.DurationFormatUtils$Token",20
"651",9,"lang","org.apache.commons.lang3.time.FastDateFormat","org.apache.commons.lang3.time.FastDateFormat$TextField",4
"652",9,"math","org.apache.commons.math.analysis.LaguerreSolver","org.apache.commons.math.complex.Complex",31
"653",9,"math","org.apache.commons.math.analysis.MullerSolver","org.apache.commons.math.analysis.UnivariateRealSolverImpl",102
"654",9,"math","org.apache.commons.math.distribution.AbstractIntegerDistribution","org.apache.commons.math.distribution.HypergeometricDistributionImpl",13
"655",9,"math","org.apache.commons.math.fraction.ProperFractionFormat","org.apache.commons.math.fraction.FractionFormat",4
"656",9,"math","org.apache.commons.math.geometry.Rotation","org.apache.commons.math.geometry.Vector3D",5
"657",9,"math","org.apache.commons.math.linear.MatrixUtils","org.apache.commons.math.linear.BigMatrixImpl",3
"658",9,"math","org.apache.commons.math.ode.AbstractStepInterpolator","org.apache.commons.math.ode.DormandPrince853StepInterpolator",32
"659",9,"math","org.apache.commons.math.ode.ContinuousOutputModel","org.apache.commons.math.ode.AbstractStepInterpolator",8
"660",9,"math","org.apache.commons.math.ode.EmbeddedRungeKuttaIntegrator","org.apache.commons.math.ode.DormandPrince853Integrator",7
"661",9,"math","org.apache.commons.math.ode.EmbeddedRungeKuttaIntegrator","org.apache.commons.math.ode.HighamHall54Integrator",8
"662",9,"math","org.apache.commons.math.ode.GraggBulirschStoerIntegrator","org.apache.commons.math.ode.AdaptiveStepsizeIntegrator",25
"663",9,"math","org.apache.commons.math.ode.GraggBulirschStoerIntegrator","org.apache.commons.math.ode.SwitchingFunctionsHandler",24
"664",9,"math","org.apache.commons.math.ode.GraggBulirschStoerStepInterpolator","org.apache.commons.math.ode.AbstractStepInterpolator",13
"665",9,"math","org.apache.commons.math.ode.SwitchingFunctionsHandler","org.apache.commons.math.ode.SwitchState",29
"666",9,"math","org.apache.commons.math.ode.SwitchState","org.apache.commons.math.analysis.BrentSolver",28
"667",9,"math","org.apache.commons.math.optimization.NelderMead","org.apache.commons.math.optimization.DirectSearchOptimizer",38
"668",9,"math","org.apache.commons.math.random.EmpiricalDistributionImpl","org.apache.commons.math.stat.descriptive.SummaryStatistics",2
"669",9,"math","org.apache.commons.math.stat.descriptive.AbstractStorelessUnivariateStatistic","org.apache.commons.math.stat.descriptive.moment.Variance",6
"670",9,"math","org.apache.commons.math.stat.descriptive.DescriptiveStatistics","org.apache.commons.math.util.ResizableDoubleArray",11
"671",9,"math","org.apache.commons.math.transform.FastFourierTransformer","org.apache.commons.math.complex.Complex",16
"672",9,"mockito","org.mockito.asm.AnnotationWriter","org.mockito.asm.ClassWriter",35
"673",9,"mockito","org.mockito.asm.MethodWriter","org.mockito.asm.ByteVector",53
"674",9,"mockito","org.mockito.cglib.core.CodeEmitter","org.mockito.cglib.core.TypeUtils",22
"675",9,"mockito","org.mockito.cglib.core.EmitUtils","org.mockito.cglib.core.CodeEmitter",23
"676",9,"mockito","org.mockito.cglib.proxy.Enhancer","org.mockito.cglib.core.CodeEmitter",171
"677",9,"mockito","org.mockito.cglib.proxy.Enhancer","org.mockito.cglib.core.ReflectUtils",50
"678",9,"mockito","org.mockito.cglib.proxy.Mixin$Generator","org.mockito.cglib.core.AbstractClassGenerator",2
"679",9,"mockito","org.mockito.cglib.proxy.Mixin$Generator","org.mockito.cglib.core.ReflectUtils",69
"680",9,"time","org.joda.time.base.AbstractPartial","org.joda.time.TimeOfDay",2
"681",9,"time","org.joda.time.base.AbstractPartial","org.joda.time.YearMonth",2
"682",9,"time","org.joda.time.chrono.BasicChronology","org.joda.time.chrono.CopticChronology",14
"683",9,"time","org.joda.time.chrono.BasicChronology","org.joda.time.chrono.EthiopicChronology",10
"684",9,"time","org.joda.time.chrono.BasicChronology","org.joda.time.chrono.IslamicChronology",185
"685",9,"time","org.joda.time.chrono.BasicWeekyearDateTimeField","org.joda.time.chrono.BasicChronology",62
"686",9,"time","org.joda.time.chrono.CopticChronology","org.joda.time.DateTimeZone",21
"687",9,"time","org.joda.time.chrono.GJChronology","org.joda.time.chrono.GJChronology$CutoverField",53
"688",9,"time","org.joda.time.chrono.GJChronology","org.joda.time.chrono.JulianChronology",5
"689",9,"time","org.joda.time.chrono.ISOChronology","org.joda.time.chrono.AssembledChronology",8
"690",9,"time","org.joda.time.chrono.ISOChronology","org.joda.time.DateTimeZone",29
"691",9,"time","org.joda.time.chrono.ZonedChronology","org.joda.time.chrono.AssembledChronology",76
"692",9,"time","org.joda.time.chrono.ZonedChronology","org.joda.time.DateTimeZone",169
"693",9,"time","org.joda.time.chrono.ZonedChronology$ZonedDateTimeField","org.joda.time.DateTimeZone",21
"694",9,"time","org.joda.time.DateTimeZone","org.joda.time.field.FieldUtils",1
"695",9,"time","org.joda.time.DateTimeZone","org.joda.time.format.FormatUtils",12
"696",9,"time","org.joda.time.DateTimeZone","org.joda.time.tz.FixedDateTimeZone",3
"697",9,"time","org.joda.time.Days","org.joda.time.base.BaseSingleFieldPeriod",3
"698",9,"time","org.joda.time.format.DateTimeFormat","org.joda.time.format.DateTimeFormat$StyleFormatter",3
"699",9,"time","org.joda.time.format.DateTimeFormat","org.joda.time.format.DateTimeFormatterBuilder",1
"700",9,"time","org.joda.time.format.DateTimeFormatter","org.joda.time.DateTimeZone",2
"701",9,"time","org.joda.time.format.DateTimeFormatter","org.joda.time.format.DateTimeParserBucket",2
"702",9,"time","org.joda.time.format.DateTimeFormatterBuilder$PaddedNumber","org.joda.time.format.DateTimeFormatterBuilder",55
"703",9,"time","org.joda.time.format.DateTimeFormatterBuilder$TextField","org.joda.time.format.DateTimeParserBucket",8
"704",9,"time","org.joda.time.format.ISODateTimeFormat","org.joda.time.format.DateTimeFormatterBuilder",1
"705",9,"time","org.joda.time.Hours","org.joda.time.base.BaseSingleFieldPeriod",9
"706",9,"time","org.joda.time.LocalDate","org.joda.time.DateTime",5
"707",9,"time","org.joda.time.LocalDate","org.joda.time.format.ISODateTimeFormat",5
"708",9,"time","org.joda.time.LocalDateTime","org.joda.time.DateTimeZone",23
"709",9,"time","org.joda.time.LocalDateTime","org.joda.time.format.DateTimeFormatter",11
"710",9,"time","org.joda.time.LocalTime$Property","org.joda.time.LocalTime",5
"711",9,"time","org.joda.time.Minutes","org.joda.time.base.BaseSingleFieldPeriod",2
"712",9,"time","org.joda.time.MutableInterval","org.joda.time.base.BaseInterval",4
"713",9,"time","org.joda.time.MutablePeriod","org.joda.time.base.BasePeriod",8
"714",9,"time","org.joda.time.Period","org.joda.time.base.AbstractPeriod",3
"715",9,"time","org.joda.time.Period","org.joda.time.base.BasePeriod",7
"716",9,"time","org.joda.time.Period","org.joda.time.PeriodType",832
"717",9,"time","org.joda.time.Seconds","org.joda.time.base.BaseSingleFieldPeriod",4
"718",9,"time","org.joda.time.tz.ZoneInfoCompiler","org.joda.time.DateTimeZone",65
"719",9,"time","org.joda.time.Weeks","org.joda.time.base.BaseSingleFieldPeriod",9
"720",9,"time","org.joda.time.YearMonthDay","org.joda.time.base.BasePartial",6
"721",10,"closure","com.google.javascript.jscomp.NodeUtil","com.google.javascript.rhino.Node",16
"722",10,"closure","com.google.javascript.rhino.head.IdScriptableObject","com.google.javascript.rhino.head.ScriptableObject",34
"723",10,"closure","com.google.javascript.rhino.head.IRFactory","com.google.javascript.rhino.head.Parser",4
"724",10,"closure","com.google.javascript.rhino.head.NativeArray","com.google.javascript.rhino.head.IdScriptableObject",36
"725",10,"closure","com.google.javascript.rhino.head.ScriptableObject","com.google.javascript.rhino.head.FunctionObject",1
"726",10,"closure","com.google.javascript.rhino.head.tools.debugger.Dim","com.google.javascript.rhino.head.ScriptRuntime",2
"727",10,"closure","com.google.javascript.rhino.head.tools.shell.Global","com.google.javascript.rhino.head.ScriptRuntime",2
"728",10,"closure","com.google.javascript.rhino.jstype.JSType","com.google.javascript.rhino.jstype.FunctionType",18
"729",10,"closure","com.google.javascript.rhino.jstype.JSType","com.google.javascript.rhino.jstype.UnionType",2
"730",10,"lang","org.apache.commons.lang3.builder.ReflectionToStringBuilder","org.apache.commons.lang3.builder.ToStringBuilder",3
"731",10,"lang","org.apache.commons.lang3.builder.ToStringBuilder","org.apache.commons.lang3.builder.ToStringStyle",16
"732",10,"lang","org.apache.commons.lang3.concurrent.MultiBackgroundInitializer","org.apache.commons.lang3.concurrent.BackgroundInitializer",40
"733",10,"lang","org.apache.commons.lang3.text.StrBuilder$StrBuilderReader","org.apache.commons.lang3.text.StrBuilder",2
"734",10,"lang","org.apache.commons.lang3.text.StrSubstitutor","org.apache.commons.lang3.text.StrBuilder",7
"735",10,"lang","org.apache.commons.lang3.text.StrTokenizer","org.apache.commons.lang3.text.StrMatcher",2
"736",10,"lang","org.apache.commons.lang3.text.translate.UnicodeEscaper","org.apache.commons.lang3.text.translate.CharSequenceTranslator",1
"737",10,"lang","org.apache.commons.lang3.time.FastDateFormat","org.apache.commons.lang3.time.FastDateFormat$TextField",11
"738",10,"math","org.apache.commons.math.analysis.LaguerreSolver","org.apache.commons.math.complex.Complex",7
"739",10,"math","org.apache.commons.math.analysis.MullerSolver","org.apache.commons.math.analysis.UnivariateRealSolverImpl",104
"740",10,"math","org.apache.commons.math.distribution.AbstractIntegerDistribution","org.apache.commons.math.distribution.HypergeometricDistributionImpl",3
"741",10,"math","org.apache.commons.math.geometry.Rotation","org.apache.commons.math.geometry.Vector3D",1
"742",10,"math","org.apache.commons.math.linear.MatrixUtils","org.apache.commons.math.linear.BigMatrixImpl",2
"743",10,"math","org.apache.commons.math.ode.AbstractStepInterpolator","org.apache.commons.math.ode.DormandPrince853StepInterpolator",26
"744",10,"math","org.apache.commons.math.ode.ContinuousOutputModel","org.apache.commons.math.ode.AbstractStepInterpolator",12
"745",10,"math","org.apache.commons.math.ode.EmbeddedRungeKuttaIntegrator","org.apache.commons.math.ode.DormandPrince853Integrator",4
"746",10,"math","org.apache.commons.math.ode.EmbeddedRungeKuttaIntegrator","org.apache.commons.math.ode.HighamHall54Integrator",4
"747",10,"math","org.apache.commons.math.ode.GraggBulirschStoerIntegrator","org.apache.commons.math.ode.AdaptiveStepsizeIntegrator",22
"748",10,"math","org.apache.commons.math.ode.GraggBulirschStoerIntegrator","org.apache.commons.math.ode.SwitchingFunctionsHandler",2
"749",10,"math","org.apache.commons.math.ode.GraggBulirschStoerStepInterpolator","org.apache.commons.math.ode.AbstractStepInterpolator",11
"750",10,"math","org.apache.commons.math.ode.SwitchingFunctionsHandler","org.apache.commons.math.ode.SwitchState",19
"751",10,"math","org.apache.commons.math.ode.SwitchState","org.apache.commons.math.analysis.BrentSolver",3
"752",10,"math","org.apache.commons.math.optimization.NelderMead","org.apache.commons.math.optimization.DirectSearchOptimizer",23
"753",10,"math","org.apache.commons.math.random.EmpiricalDistributionImpl","org.apache.commons.math.stat.descriptive.SummaryStatistics",1
"754",10,"math","org.apache.commons.math.stat.descriptive.AbstractStorelessUnivariateStatistic","org.apache.commons.math.stat.descriptive.moment.Variance",4
"755",10,"math","org.apache.commons.math.stat.descriptive.DescriptiveStatistics","org.apache.commons.math.util.ResizableDoubleArray",16
"756",10,"math","org.apache.commons.math.transform.FastFourierTransformer","org.apache.commons.math.complex.Complex",12
"757",10,"mockito","org.mockito.asm.AnnotationWriter","org.mockito.asm.ClassWriter",44
"758",10,"mockito","org.mockito.asm.MethodWriter","org.mockito.asm.ByteVector",64
"759",10,"mockito","org.mockito.cglib.core.CodeEmitter","org.mockito.cglib.core.TypeUtils",25
"760",10,"mockito","org.mockito.cglib.core.EmitUtils","org.mockito.cglib.core.CodeEmitter",19
"761",10,"mockito","org.mockito.cglib.proxy.Enhancer","org.mockito.cglib.core.CodeEmitter",168
"762",10,"mockito","org.mockito.cglib.proxy.Enhancer","org.mockito.cglib.core.ReflectUtils",47
"763",10,"time","org.joda.time.base.AbstractPartial","org.joda.time.MonthDay",28
"764",10,"time","org.joda.time.base.AbstractPartial","org.joda.time.YearMonth",33
"765",10,"time","org.joda.time.base.BasePeriod","org.joda.time.base.AbstractPeriod",3
"766",10,"time","org.joda.time.chrono.BasicChronology","org.joda.time.chrono.CopticChronology",6
"767",10,"time","org.joda.time.chrono.BasicChronology","org.joda.time.chrono.EthiopicChronology",2
"768",10,"time","org.joda.time.chrono.BasicChronology","org.joda.time.chrono.IslamicChronology",18
"769",10,"time","org.joda.time.chrono.BasicWeekyearDateTimeField","org.joda.time.chrono.BasicChronology",30
"770",10,"time","org.joda.time.chrono.CopticChronology","org.joda.time.DateTimeZone",54
"771",10,"time","org.joda.time.chrono.GJChronology","org.joda.time.chrono.JulianChronology",14
"772",10,"time","org.joda.time.chrono.ISOChronology","org.joda.time.chrono.AssembledChronology",9
"773",10,"time","org.joda.time.chrono.ISOChronology","org.joda.time.DateTimeZone",32
"774",10,"time","org.joda.time.chrono.ZonedChronology","org.joda.time.chrono.AssembledChronology",8
"775",10,"time","org.joda.time.chrono.ZonedChronology","org.joda.time.DateTimeZone",36
"776",10,"time","org.joda.time.chrono.ZonedChronology$ZonedDateTimeField","org.joda.time.DateTimeZone",61
"777",10,"time","org.joda.time.DateTimeUtils","org.joda.time.DateTimeZone",11
"778",10,"time","org.joda.time.DateTimeZone","org.joda.time.tz.FixedDateTimeZone",21
"779",10,"time","org.joda.time.Days","org.joda.time.base.BaseSingleFieldPeriod",7
"780",10,"time","org.joda.time.format.DateTimeFormat","org.joda.time.format.DateTimeFormat$StyleFormatter",1
"781",10,"time","org.joda.time.format.DateTimeFormatter","org.joda.time.DateTimeZone",22
"782",10,"time","org.joda.time.format.DateTimeFormatter","org.joda.time.format.DateTimeParserBucket",15
"783",10,"time","org.joda.time.format.DateTimeFormatterBuilder$PaddedNumber","org.joda.time.format.DateTimeFormatterBuilder",7
"784",10,"time","org.joda.time.format.DateTimeFormatterBuilder$TextField","org.joda.time.format.DateTimeParserBucket",6
"785",10,"time","org.joda.time.format.ISODateTimeFormat","org.joda.time.format.DateTimeFormatterBuilder",1
"786",10,"time","org.joda.time.Hours","org.joda.time.base.BaseSingleFieldPeriod",4
"787",10,"time","org.joda.time.LocalDate","org.joda.time.format.ISODateTimeFormat",3
"788",10,"time","org.joda.time.LocalDateTime","org.joda.time.DateTimeZone",109
"789",10,"time","org.joda.time.LocalDateTime","org.joda.time.format.DateTimeFormatter",1
"790",10,"time","org.joda.time.LocalTime$Property","org.joda.time.LocalTime",3
"791",10,"time","org.joda.time.Minutes","org.joda.time.base.BaseSingleFieldPeriod",7
"792",10,"time","org.joda.time.MutableInterval","org.joda.time.base.BaseInterval",3
"793",10,"time","org.joda.time.MutablePeriod","org.joda.time.base.BasePeriod",3
"794",10,"time","org.joda.time.Period","org.joda.time.base.AbstractPeriod",6
"795",10,"time","org.joda.time.Period","org.joda.time.base.BasePeriod",8
"796",10,"time","org.joda.time.Period","org.joda.time.PeriodType",820
"797",10,"time","org.joda.time.Seconds","org.joda.time.base.BaseSingleFieldPeriod",2
"798",10,"time","org.joda.time.tz.ZoneInfoCompiler","org.joda.time.DateTimeZone",76
"799",10,"time","org.joda.time.Weeks","org.joda.time.base.BaseSingleFieldPeriod",9
"800",10,"time","org.joda.time.YearMonthDay","org.joda.time.base.BasePartial",6
"801",11,"closure","com.google.javascript.rhino.head.IdScriptableObject","com.google.javascript.rhino.head.ScriptableObject",29
"802",11,"closure","com.google.javascript.rhino.head.Interpreter","com.google.javascript.rhino.head.ScriptableObject",52
"803",11,"closure","com.google.javascript.rhino.head.IRFactory","com.google.javascript.rhino.head.Parser",4
"804",11,"closure","com.google.javascript.rhino.head.NativeArray","com.google.javascript.rhino.head.IdScriptableObject",15
"805",11,"closure","com.google.javascript.rhino.head.NativeArray","com.google.javascript.rhino.head.ScriptableObject",106
"806",11,"closure","com.google.javascript.rhino.head.NativeArray","com.google.javascript.rhino.head.ScriptRuntime",35
"807",11,"closure","com.google.javascript.rhino.head.NativeObject","com.google.javascript.rhino.head.ScriptableObject",210
"808",11,"closure","com.google.javascript.rhino.head.regexp.NativeRegExp","com.google.javascript.rhino.head.ScriptRuntime",9
"809",11,"closure","com.google.javascript.rhino.head.ScriptRuntime","com.google.javascript.rhino.head.ScriptableObject",56
"810",11,"closure","com.google.javascript.rhino.head.tools.debugger.Dim","com.google.javascript.rhino.head.ScriptRuntime",14
"811",11,"lang","org.apache.commons.lang3.builder.ReflectionToStringBuilder","org.apache.commons.lang3.builder.ToStringBuilder",2
"812",11,"lang","org.apache.commons.lang3.builder.ToStringBuilder","org.apache.commons.lang3.builder.ToStringStyle",18
"813",11,"lang","org.apache.commons.lang3.CharUtils","org.apache.commons.lang3.StringUtils",3
"814",11,"lang","org.apache.commons.lang3.concurrent.MultiBackgroundInitializer","org.apache.commons.lang3.concurrent.BackgroundInitializer",8
"815",11,"lang","org.apache.commons.lang3.text.StrBuilder$StrBuilderReader","org.apache.commons.lang3.text.StrBuilder",99
"816",11,"lang","org.apache.commons.lang3.text.StrSubstitutor","org.apache.commons.lang3.text.StrBuilder",325
"817",11,"lang","org.apache.commons.lang3.text.StrTokenizer","org.apache.commons.lang3.text.StrMatcher",2
"818",11,"lang","org.apache.commons.lang3.text.translate.UnicodeEscaper","org.apache.commons.lang3.text.translate.CharSequenceTranslator",16
"819",11,"lang","org.apache.commons.lang3.time.DurationFormatUtils","org.apache.commons.lang3.time.DurationFormatUtils$Token",8
"820",11,"lang","org.apache.commons.lang3.time.FastDateFormat","org.apache.commons.lang3.time.FastDateFormat$TextField",4
"821",11,"math","org.apache.commons.math.analysis.LaguerreSolver","org.apache.commons.math.complex.Complex",25
"822",11,"math","org.apache.commons.math.analysis.MullerSolver","org.apache.commons.math.analysis.UnivariateRealSolverImpl",106
"823",11,"math","org.apache.commons.math.distribution.AbstractIntegerDistribution","org.apache.commons.math.distribution.HypergeometricDistributionImpl",45
"824",11,"math","org.apache.commons.math.fraction.ProperFractionFormat","org.apache.commons.math.fraction.FractionFormat",96
"825",11,"math","org.apache.commons.math.geometry.Rotation","org.apache.commons.math.geometry.Vector3D",124
"826",11,"math","org.apache.commons.math.linear.MatrixUtils","org.apache.commons.math.linear.BigMatrixImpl",106
"827",11,"math","org.apache.commons.math.ode.AbstractStepInterpolator","org.apache.commons.math.ode.DormandPrince853StepInterpolator",66
"828",11,"math","org.apache.commons.math.ode.ContinuousOutputModel","org.apache.commons.math.ode.AbstractStepInterpolator",10
"829",11,"math","org.apache.commons.math.ode.EmbeddedRungeKuttaIntegrator","org.apache.commons.math.ode.DormandPrince853Integrator",5
"830",11,"math","org.apache.commons.math.ode.GraggBulirschStoerIntegrator","org.apache.commons.math.ode.AdaptiveStepsizeIntegrator",80
"831",11,"math","org.apache.commons.math.ode.GraggBulirschStoerIntegrator","org.apache.commons.math.ode.SwitchingFunctionsHandler",3
"832",11,"math","org.apache.commons.math.ode.GraggBulirschStoerStepInterpolator","org.apache.commons.math.ode.AbstractStepInterpolator",16
"833",11,"math","org.apache.commons.math.ode.SwitchingFunctionsHandler","org.apache.commons.math.ode.SwitchState",14
"834",11,"math","org.apache.commons.math.ode.SwitchState","org.apache.commons.math.analysis.BrentSolver",5
"835",11,"math","org.apache.commons.math.optimization.NelderMead","org.apache.commons.math.optimization.DirectSearchOptimizer",104
"836",11,"math","org.apache.commons.math.random.EmpiricalDistributionImpl","org.apache.commons.math.stat.descriptive.SummaryStatistics",1
"837",11,"math","org.apache.commons.math.stat.descriptive.AbstractStorelessUnivariateStatistic","org.apache.commons.math.stat.descriptive.moment.Variance",26
"838",11,"math","org.apache.commons.math.stat.descriptive.DescriptiveStatistics","org.apache.commons.math.util.ResizableDoubleArray",108
"839",11,"math","org.apache.commons.math.stat.inference.TTestImpl","org.apache.commons.math.stat.StatUtils",20
"840",11,"math","org.apache.commons.math.transform.FastFourierTransformer","org.apache.commons.math.complex.Complex",37
"841",11,"mockito","org.mockito.asm.AnnotationWriter","org.mockito.asm.ClassWriter",470
"842",11,"mockito","org.mockito.asm.MethodWriter","org.mockito.asm.ByteVector",74
"843",11,"mockito","org.mockito.asm.MethodWriter","org.mockito.asm.ClassWriter",90
"844",11,"mockito","org.mockito.asm.tree.analysis.BasicVerifier","org.mockito.asm.tree.analysis.BasicInterpreter",33
"845",11,"mockito","org.mockito.asm.tree.analysis.BasicVerifier","org.mockito.asm.tree.analysis.SimpleVerifier",10
"846",11,"mockito","org.mockito.asm.util.ASMifierClassVisitor","org.mockito.asm.util.ASMifierAbstractVisitor",24
"847",11,"mockito","org.mockito.cglib.core.CodeEmitter","org.mockito.cglib.core.ClassEmitter",1
"848",11,"mockito","org.mockito.cglib.core.CodeEmitter","org.mockito.cglib.core.TypeUtils",222
"849",11,"mockito","org.mockito.cglib.core.EmitUtils","org.mockito.cglib.core.CodeEmitter",7
"850",11,"mockito","org.mockito.cglib.proxy.Enhancer","org.mockito.cglib.core.CodeEmitter",187
"851",11,"mockito","org.mockito.cglib.proxy.Enhancer","org.mockito.cglib.core.ReflectUtils",41
"852",11,"mockito","org.mockito.cglib.proxy.Mixin$Generator","org.mockito.cglib.core.AbstractClassGenerator",2
"853",11,"mockito","org.mockito.cglib.proxy.Mixin$Generator","org.mockito.cglib.core.ReflectUtils",54
"854",11,"time","org.joda.time.base.AbstractPartial","org.joda.time.MonthDay",22
"855",11,"time","org.joda.time.base.AbstractPartial","org.joda.time.TimeOfDay",32
"856",11,"time","org.joda.time.base.AbstractPartial","org.joda.time.YearMonth",29
"857",11,"time","org.joda.time.base.BasePeriod","org.joda.time.base.AbstractPeriod",70
"858",11,"time","org.joda.time.chrono.BasicChronology","org.joda.time.chrono.CopticChronology",1
"859",11,"time","org.joda.time.chrono.BasicChronology","org.joda.time.chrono.EthiopicChronology",7
"860",11,"time","org.joda.time.chrono.BasicChronology","org.joda.time.chrono.IslamicChronology",158
"861",11,"time","org.joda.time.chrono.BasicWeekyearDateTimeField","org.joda.time.chrono.BasicChronology",63
"862",11,"time","org.joda.time.chrono.CopticChronology","org.joda.time.DateTimeZone",16
"863",11,"time","org.joda.time.chrono.GJChronology","org.joda.time.chrono.GJChronology$CutoverField",67
"864",11,"time","org.joda.time.chrono.GJChronology","org.joda.time.chrono.JulianChronology",65
"865",11,"time","org.joda.time.chrono.ISOChronology","org.joda.time.chrono.AssembledChronology",44
"866",11,"time","org.joda.time.chrono.ISOChronology","org.joda.time.DateTimeZone",26
"867",11,"time","org.joda.time.chrono.ZonedChronology","org.joda.time.chrono.AssembledChronology",62
"868",11,"time","org.joda.time.chrono.ZonedChronology","org.joda.time.DateTimeZone",36
"869",11,"time","org.joda.time.chrono.ZonedChronology$ZonedDateTimeField","org.joda.time.DateTimeZone",5
"870",11,"time","org.joda.time.DateTimeUtils","org.joda.time.DateTimeZone",10
"871",11,"time","org.joda.time.DateTimeZone","org.joda.time.field.FieldUtils",12
"872",11,"time","org.joda.time.DateTimeZone","org.joda.time.tz.FixedDateTimeZone",21
"873",11,"time","org.joda.time.Days","org.joda.time.base.BaseSingleFieldPeriod",112
"874",11,"time","org.joda.time.format.DateTimeFormat","org.joda.time.format.DateTimeFormat$StyleFormatter",9
"875",11,"time","org.joda.time.format.DateTimeFormat","org.joda.time.format.DateTimeFormatterBuilder",2
"876",11,"time","org.joda.time.format.DateTimeFormatter","org.joda.time.DateTimeZone",5
"877",11,"time","org.joda.time.format.DateTimeFormatter","org.joda.time.format.DateTimeParserBucket",69
"878",11,"time","org.joda.time.format.DateTimeFormatterBuilder$PaddedNumber","org.joda.time.format.DateTimeFormatterBuilder",23
"879",11,"time","org.joda.time.format.DateTimeFormatterBuilder$TextField","org.joda.time.format.DateTimeParserBucket",50
"880",11,"time","org.joda.time.format.DateTimeFormatterBuilder$TextField","org.joda.time.MutableDateTime",2
"881",11,"time","org.joda.time.format.DateTimeParserBucket$SavedState","org.joda.time.format.DateTimeParserBucket",15
"882",11,"time","org.joda.time.format.ISODateTimeFormat","org.joda.time.format.DateTimeFormatterBuilder",16
"883",11,"time","org.joda.time.Hours","org.joda.time.base.BaseSingleFieldPeriod",90
"884",11,"time","org.joda.time.LocalDate","org.joda.time.format.ISODateTimeFormat",1
"885",11,"time","org.joda.time.LocalDateTime","org.joda.time.DateTimeZone",10
"886",11,"time","org.joda.time.LocalDateTime","org.joda.time.format.DateTimeFormatter",9
"887",11,"time","org.joda.time.LocalTime$Property","org.joda.time.LocalTime",27
"888",11,"time","org.joda.time.Minutes","org.joda.time.base.BaseSingleFieldPeriod",125
"889",11,"time","org.joda.time.MutableInterval","org.joda.time.base.BaseInterval",9
"890",11,"time","org.joda.time.MutablePeriod","org.joda.time.base.BasePeriod",23
"891",11,"time","org.joda.time.Period","org.joda.time.base.AbstractPeriod",75
"892",11,"time","org.joda.time.Period","org.joda.time.base.BasePeriod",21
"893",11,"time","org.joda.time.Period","org.joda.time.PeriodType",817
"894",11,"time","org.joda.time.Seconds","org.joda.time.base.BaseSingleFieldPeriod",127
"895",11,"time","org.joda.time.tz.ZoneInfoCompiler","org.joda.time.DateTimeZone",7
"896",11,"time","org.joda.time.Weeks","org.joda.time.base.BaseSingleFieldPeriod",120
"897",11,"time","org.joda.time.YearMonthDay","org.joda.time.base.BasePartial",5
"898",12,"closure","com.google.javascript.rhino.head.IdScriptableObject","com.google.javascript.rhino.head.ScriptableObject",141
"899",12,"closure","com.google.javascript.rhino.head.IRFactory","com.google.javascript.rhino.head.Node",67
"900",12,"closure","com.google.javascript.rhino.head.IRFactory","com.google.javascript.rhino.head.Parser",1
"901",12,"closure","com.google.javascript.rhino.head.NativeArray","com.google.javascript.rhino.head.IdScriptableObject",4
"902",12,"closure","com.google.javascript.rhino.head.NativeArray","com.google.javascript.rhino.head.ScriptableObject",40
"903",12,"closure","com.google.javascript.rhino.head.NativeObject","com.google.javascript.rhino.head.ScriptableObject",208
"904",12,"closure","com.google.javascript.rhino.head.regexp.NativeRegExp","com.google.javascript.rhino.head.ScriptRuntime",3
"905",12,"closure","com.google.javascript.rhino.head.ScriptRuntime","com.google.javascript.rhino.head.ScriptableObject",98
"906",12,"closure","com.google.javascript.rhino.head.tools.debugger.Dim","com.google.javascript.rhino.head.ScriptRuntime",1
"907",12,"closure","com.google.javascript.rhino.jstype.JSType","com.google.javascript.rhino.jstype.UnionType",73
"908",12,"lang","org.apache.commons.lang3.builder.ReflectionToStringBuilder","org.apache.commons.lang3.builder.ToStringBuilder",1
"909",12,"lang","org.apache.commons.lang3.builder.ToStringBuilder","org.apache.commons.lang3.builder.ToStringStyle",12
"910",12,"lang","org.apache.commons.lang3.concurrent.MultiBackgroundInitializer","org.apache.commons.lang3.concurrent.BackgroundInitializer",6
"911",12,"lang","org.apache.commons.lang3.text.StrBuilder$StrBuilderReader","org.apache.commons.lang3.text.StrBuilder",107
"912",12,"lang","org.apache.commons.lang3.text.StrSubstitutor","org.apache.commons.lang3.text.StrBuilder",354
"913",12,"lang","org.apache.commons.lang3.text.translate.UnicodeEscaper","org.apache.commons.lang3.text.translate.CharSequenceTranslator",35
"914",12,"lang","org.apache.commons.lang3.time.DurationFormatUtils","org.apache.commons.lang3.time.DurationFormatUtils$Token",21
"915",12,"lang","org.apache.commons.lang3.time.FastDateFormat","org.apache.commons.lang3.time.FastDateFormat$TextField",4
"916",12,"math","org.apache.commons.math.analysis.LaguerreSolver","org.apache.commons.math.complex.Complex",30
"917",12,"math","org.apache.commons.math.analysis.MullerSolver","org.apache.commons.math.analysis.UnivariateRealSolverImpl",99
"918",12,"math","org.apache.commons.math.distribution.AbstractIntegerDistribution","org.apache.commons.math.distribution.HypergeometricDistributionImpl",73
"919",12,"math","org.apache.commons.math.fraction.ProperFractionFormat","org.apache.commons.math.fraction.FractionFormat",79
"920",12,"math","org.apache.commons.math.geometry.Rotation","org.apache.commons.math.geometry.Vector3D",150
"921",12,"math","org.apache.commons.math.linear.MatrixUtils","org.apache.commons.math.linear.BigMatrixImpl",108
"922",12,"math","org.apache.commons.math.ode.AbstractStepInterpolator","org.apache.commons.math.ode.DormandPrince853StepInterpolator",65
"923",12,"math","org.apache.commons.math.ode.ContinuousOutputModel","org.apache.commons.math.ode.AbstractStepInterpolator",16
"924",12,"math","org.apache.commons.math.ode.EmbeddedRungeKuttaIntegrator","org.apache.commons.math.ode.DormandPrince853Integrator",23
"925",12,"math","org.apache.commons.math.ode.EmbeddedRungeKuttaIntegrator","org.apache.commons.math.ode.HighamHall54Integrator",2
"926",12,"math","org.apache.commons.math.ode.GraggBulirschStoerIntegrator","org.apache.commons.math.ode.AdaptiveStepsizeIntegrator",93
"927",12,"math","org.apache.commons.math.ode.GraggBulirschStoerIntegrator","org.apache.commons.math.ode.SwitchingFunctionsHandler",13
"928",12,"math","org.apache.commons.math.ode.GraggBulirschStoerStepInterpolator","org.apache.commons.math.ode.AbstractStepInterpolator",7
"929",12,"math","org.apache.commons.math.ode.SwitchingFunctionsHandler","org.apache.commons.math.ode.SwitchState",9
"930",12,"math","org.apache.commons.math.ode.SwitchState","org.apache.commons.math.analysis.BrentSolver",11
"931",12,"math","org.apache.commons.math.optimization.NelderMead","org.apache.commons.math.optimization.DirectSearchOptimizer",122
"932",12,"math","org.apache.commons.math.random.EmpiricalDistributionImpl","org.apache.commons.math.stat.descriptive.SummaryStatistics",4
"933",12,"math","org.apache.commons.math.stat.descriptive.AbstractStorelessUnivariateStatistic","org.apache.commons.math.stat.descriptive.moment.Variance",71
"934",12,"math","org.apache.commons.math.stat.descriptive.DescriptiveStatistics","org.apache.commons.math.util.ResizableDoubleArray",113
"935",12,"math","org.apache.commons.math.stat.inference.TTestImpl","org.apache.commons.math.stat.StatUtils",34
"936",12,"math","org.apache.commons.math.transform.FastFourierTransformer","org.apache.commons.math.complex.Complex",32
"937",12,"mockito","org.mockito.asm.AnnotationWriter","org.mockito.asm.ClassWriter",429
"938",12,"mockito","org.mockito.asm.MethodWriter","org.mockito.asm.ByteVector",80
"939",12,"mockito","org.mockito.asm.MethodWriter","org.mockito.asm.ClassWriter",102
"940",12,"mockito","org.mockito.asm.tree.analysis.BasicVerifier","org.mockito.asm.tree.analysis.BasicInterpreter",25
"941",12,"mockito","org.mockito.asm.tree.analysis.BasicVerifier","org.mockito.asm.tree.analysis.SimpleVerifier",8
"942",12,"mockito","org.mockito.asm.util.ASMifierClassVisitor","org.mockito.asm.util.ASMifierAbstractVisitor",24
"943",12,"mockito","org.mockito.cglib.core.CodeEmitter","org.mockito.cglib.core.ClassEmitter",1
"944",12,"mockito","org.mockito.cglib.core.CodeEmitter","org.mockito.cglib.core.TypeUtils",221
"945",12,"mockito","org.mockito.cglib.core.EmitUtils","org.mockito.cglib.core.CodeEmitter",13
"946",12,"mockito","org.mockito.cglib.proxy.Enhancer","org.mockito.cglib.core.ReflectUtils",36
"947",12,"mockito","org.mockito.cglib.proxy.Mixin$Generator","org.mockito.cglib.core.AbstractClassGenerator",2
"948",12,"mockito","org.mockito.cglib.proxy.Mixin$Generator","org.mockito.cglib.core.ReflectUtils",65
"949",12,"time","org.joda.time.base.AbstractPartial","org.joda.time.MonthDay",49
"950",12,"time","org.joda.time.base.AbstractPartial","org.joda.time.TimeOfDay",1
"951",12,"time","org.joda.time.base.AbstractPartial","org.joda.time.YearMonth",4
"952",12,"time","org.joda.time.base.BasePeriod","org.joda.time.base.AbstractPeriod",84
"953",12,"time","org.joda.time.chrono.BasicChronology","org.joda.time.chrono.EthiopicChronology",7
"954",12,"time","org.joda.time.chrono.BasicChronology","org.joda.time.chrono.IslamicChronology",35
"955",12,"time","org.joda.time.chrono.BasicWeekyearDateTimeField","org.joda.time.chrono.BasicChronology",150
"956",12,"time","org.joda.time.chrono.CopticChronology","org.joda.time.DateTimeZone",57
"957",12,"time","org.joda.time.chrono.GJChronology","org.joda.time.chrono.GJChronology$CutoverField",14
"958",12,"time","org.joda.time.chrono.GJChronology","org.joda.time.chrono.JulianChronology",48
"959",12,"time","org.joda.time.chrono.ISOChronology","org.joda.time.chrono.AssembledChronology",64
"960",12,"time","org.joda.time.chrono.ZonedChronology","org.joda.time.chrono.AssembledChronology",102
"961",12,"time","org.joda.time.chrono.ZonedChronology","org.joda.time.DateTimeZone",46
"962",12,"time","org.joda.time.chrono.ZonedChronology$ZonedDateTimeField","org.joda.time.DateTimeZone",48
"963",12,"time","org.joda.time.DateTimeUtils","org.joda.time.DateTimeZone",17
"964",12,"time","org.joda.time.DateTimeZone","org.joda.time.field.FieldUtils",12
"965",12,"time","org.joda.time.DateTimeZone","org.joda.time.format.FormatUtils",46
"966",12,"time","org.joda.time.DateTimeZone","org.joda.time.tz.FixedDateTimeZone",18
"967",12,"time","org.joda.time.Days","org.joda.time.base.BaseSingleFieldPeriod",109
"968",12,"time","org.joda.time.format.DateTimeFormat","org.joda.time.format.DateTimeFormat$StyleFormatter",8
"969",12,"time","org.joda.time.format.DateTimeFormat","org.joda.time.format.DateTimeFormatterBuilder",10
"970",12,"time","org.joda.time.format.DateTimeFormatter","org.joda.time.DateTimeZone",43
"971",12,"time","org.joda.time.format.DateTimeFormatter","org.joda.time.format.DateTimeParserBucket",95
"972",12,"time","org.joda.time.format.DateTimeFormatterBuilder$PaddedNumber","org.joda.time.format.DateTimeFormatterBuilder",15
"973",12,"time","org.joda.time.format.DateTimeFormatterBuilder$TextField","org.joda.time.format.DateTimeParserBucket",88
"974",12,"time","org.joda.time.format.DateTimeFormatterBuilder$TextField","org.joda.time.MutableDateTime",21
"975",12,"time","org.joda.time.format.DateTimeParserBucket$SavedState","org.joda.time.format.DateTimeParserBucket",15
"976",12,"time","org.joda.time.format.ISODateTimeFormat","org.joda.time.format.DateTimeFormatterBuilder",9
"977",12,"time","org.joda.time.Hours","org.joda.time.base.BaseSingleFieldPeriod",89
"978",12,"time","org.joda.time.LocalDate","org.joda.time.format.ISODateTimeFormat",3
"979",12,"time","org.joda.time.LocalDateTime","org.joda.time.DateTimeZone",166
"980",12,"time","org.joda.time.LocalDateTime","org.joda.time.format.DateTimeFormatter",2
"981",12,"time","org.joda.time.LocalTime$Property","org.joda.time.LocalTime",21
"982",12,"time","org.joda.time.Minutes","org.joda.time.base.BaseSingleFieldPeriod",123
"983",12,"time","org.joda.time.MutablePeriod","org.joda.time.base.BasePeriod",23
"984",12,"time","org.joda.time.Period","org.joda.time.base.AbstractPeriod",46
"985",12,"time","org.joda.time.Period","org.joda.time.base.BasePeriod",11
"986",12,"time","org.joda.time.Period","org.joda.time.PeriodType",825
"987",12,"time","org.joda.time.Seconds","org.joda.time.base.BaseSingleFieldPeriod",128
"988",12,"time","org.joda.time.Weeks","org.joda.time.base.BaseSingleFieldPeriod",126
"989",12,"time","org.joda.time.YearMonthDay","org.joda.time.base.BasePartial",8
"990",13,"closure","com.google.javascript.rhino.head.Interpreter","com.google.javascript.rhino.head.ScriptableObject",72
"991",13,"closure","com.google.javascript.rhino.head.IRFactory","com.google.javascript.rhino.head.Node",48
"992",13,"closure","com.google.javascript.rhino.head.NativeArray","com.google.javascript.rhino.head.IdScriptableObject",7
"993",13,"closure","com.google.javascript.rhino.head.NativeArray","com.google.javascript.rhino.head.ScriptableObject",84
"994",13,"closure","com.google.javascript.rhino.head.NativeObject","com.google.javascript.rhino.head.ScriptableObject",198
"995",13,"closure","com.google.javascript.rhino.head.regexp.NativeRegExp","com.google.javascript.rhino.head.ScriptRuntime",16
"996",13,"closure","com.google.javascript.rhino.head.ScriptableObject","com.google.javascript.rhino.head.FunctionObject",19
"997",13,"closure","com.google.javascript.rhino.head.tools.debugger.Dim","com.google.javascript.rhino.head.ScriptRuntime",5
"998",13,"closure","com.google.javascript.rhino.JSDocInfoBuilder","com.google.javascript.rhino.JSDocInfo",533
"999",13,"closure","com.google.javascript.rhino.jstype.JSType","com.google.javascript.rhino.jstype.UnionType",24
"1000",13,"lang","org.apache.commons.lang3.builder.ToStringBuilder","org.apache.commons.lang3.builder.ToStringStyle",1
"1001",13,"lang","org.apache.commons.lang3.concurrent.MultiBackgroundInitializer","org.apache.commons.lang3.concurrent.BackgroundInitializer",6
"1002",13,"lang","org.apache.commons.lang3.text.StrBuilder$StrBuilderReader","org.apache.commons.lang3.text.StrBuilder",96
"1003",13,"lang","org.apache.commons.lang3.text.StrSubstitutor","org.apache.commons.lang3.text.StrBuilder",306
"1004",13,"lang","org.apache.commons.lang3.text.translate.UnicodeEscaper","org.apache.commons.lang3.text.translate.CharSequenceTranslator",31
"1005",13,"lang","org.apache.commons.lang3.time.DurationFormatUtils","org.apache.commons.lang3.time.DurationFormatUtils$Token",9
"1006",13,"lang","org.apache.commons.lang3.time.FastDateFormat","org.apache.commons.lang3.time.FastDateFormat$TextField",4
"1007",13,"math","org.apache.commons.math.analysis.LaguerreSolver","org.apache.commons.math.complex.Complex",38
"1008",13,"math","org.apache.commons.math.analysis.MullerSolver","org.apache.commons.math.analysis.UnivariateRealSolverImpl",105
"1009",13,"math","org.apache.commons.math.distribution.AbstractIntegerDistribution","org.apache.commons.math.distribution.HypergeometricDistributionImpl",38
"1010",13,"math","org.apache.commons.math.fraction.ProperFractionFormat","org.apache.commons.math.fraction.FractionFormat",77
"1011",13,"math","org.apache.commons.math.geometry.Rotation","org.apache.commons.math.geometry.Vector3D",149
"1012",13,"math","org.apache.commons.math.linear.MatrixUtils","org.apache.commons.math.linear.BigMatrixImpl",109
"1013",13,"math","org.apache.commons.math.ode.AbstractStepInterpolator","org.apache.commons.math.ode.DormandPrince853StepInterpolator",64
"1014",13,"math","org.apache.commons.math.ode.ContinuousOutputModel","org.apache.commons.math.ode.AbstractStepInterpolator",12
"1015",13,"math","org.apache.commons.math.ode.EmbeddedRungeKuttaIntegrator","org.apache.commons.math.ode.DormandPrince853Integrator",5
"1016",13,"math","org.apache.commons.math.ode.EmbeddedRungeKuttaIntegrator","org.apache.commons.math.ode.HighamHall54Integrator",2
"1017",13,"math","org.apache.commons.math.ode.GraggBulirschStoerIntegrator","org.apache.commons.math.ode.AdaptiveStepsizeIntegrator",117
"1018",13,"math","org.apache.commons.math.ode.GraggBulirschStoerIntegrator","org.apache.commons.math.ode.SwitchingFunctionsHandler",9
"1019",13,"math","org.apache.commons.math.ode.GraggBulirschStoerStepInterpolator","org.apache.commons.math.ode.AbstractStepInterpolator",16
"1020",13,"math","org.apache.commons.math.ode.SwitchingFunctionsHandler","org.apache.commons.math.ode.SwitchState",33
"1021",13,"math","org.apache.commons.math.ode.SwitchState","org.apache.commons.math.analysis.BrentSolver",27
"1022",13,"math","org.apache.commons.math.optimization.NelderMead","org.apache.commons.math.optimization.DirectSearchOptimizer",105
"1023",13,"math","org.apache.commons.math.random.EmpiricalDistributionImpl","org.apache.commons.math.stat.descriptive.SummaryStatistics",2
"1024",13,"math","org.apache.commons.math.stat.descriptive.AbstractStorelessUnivariateStatistic","org.apache.commons.math.stat.descriptive.moment.Variance",41
"1025",13,"math","org.apache.commons.math.stat.descriptive.DescriptiveStatistics","org.apache.commons.math.util.ResizableDoubleArray",137
"1026",13,"math","org.apache.commons.math.stat.inference.TTestImpl","org.apache.commons.math.stat.StatUtils",20
"1027",13,"math","org.apache.commons.math.transform.FastFourierTransformer","org.apache.commons.math.complex.Complex",20
"1028",13,"mockito","org.mockito.asm.AnnotationWriter","org.mockito.asm.ClassWriter",401
"1029",13,"mockito","org.mockito.asm.MethodWriter","org.mockito.asm.ByteVector",71
"1030",13,"mockito","org.mockito.asm.MethodWriter","org.mockito.asm.ClassWriter",88
"1031",13,"mockito","org.mockito.asm.tree.analysis.BasicVerifier","org.mockito.asm.tree.analysis.BasicInterpreter",2
"1032",13,"mockito","org.mockito.asm.util.ASMifierClassVisitor","org.mockito.asm.util.ASMifierAbstractVisitor",24
"1033",13,"mockito","org.mockito.cglib.core.ClassEmitter","org.mockito.cglib.transform.impl.InterceptFieldTransformer",10
"1034",13,"mockito","org.mockito.cglib.core.CodeEmitter","org.mockito.cglib.core.TypeUtils",113
"1035",13,"mockito","org.mockito.cglib.core.EmitUtils","org.mockito.cglib.core.CodeEmitter",68
"1036",13,"mockito","org.mockito.cglib.proxy.Enhancer","org.mockito.cglib.core.ReflectUtils",37
"1037",13,"mockito","org.mockito.cglib.proxy.Mixin$Generator","org.mockito.cglib.core.AbstractClassGenerator",2
"1038",13,"time","org.joda.time.base.AbstractPartial","org.joda.time.MonthDay",40
"1039",13,"time","org.joda.time.base.AbstractPartial","org.joda.time.TimeOfDay",41
"1040",13,"time","org.joda.time.base.AbstractPartial","org.joda.time.YearMonth",7
"1041",13,"time","org.joda.time.base.BasePeriod","org.joda.time.base.AbstractPeriod",61
"1042",13,"time","org.joda.time.chrono.BasicChronology","org.joda.time.chrono.CopticChronology",9
"1043",13,"time","org.joda.time.chrono.BasicChronology","org.joda.time.chrono.EthiopicChronology",22
"1044",13,"time","org.joda.time.chrono.BasicChronology","org.joda.time.chrono.IslamicChronology",31
"1045",13,"time","org.joda.time.chrono.BasicWeekyearDateTimeField","org.joda.time.chrono.BasicChronology",42
"1046",13,"time","org.joda.time.chrono.CopticChronology","org.joda.time.DateTimeZone",23
"1047",13,"time","org.joda.time.chrono.GJChronology","org.joda.time.chrono.GJChronology$CutoverField",34
"1048",13,"time","org.joda.time.chrono.GJChronology","org.joda.time.chrono.JulianChronology",60
"1049",13,"time","org.joda.time.chrono.ISOChronology","org.joda.time.chrono.AssembledChronology",118
"1050",13,"time","org.joda.time.chrono.ISOChronology","org.joda.time.DateTimeZone",10
"1051",13,"time","org.joda.time.chrono.ZonedChronology","org.joda.time.chrono.AssembledChronology",268
"1052",13,"time","org.joda.time.chrono.ZonedChronology","org.joda.time.DateTimeZone",7
"1053",13,"time","org.joda.time.chrono.ZonedChronology$ZonedDateTimeField","org.joda.time.DateTimeZone",25
"1054",13,"time","org.joda.time.DateTimeUtils","org.joda.time.DateTimeZone",10
"1055",13,"time","org.joda.time.DateTimeZone","org.joda.time.field.FieldUtils",12
"1056",13,"time","org.joda.time.DateTimeZone","org.joda.time.tz.FixedDateTimeZone",21
"1057",13,"time","org.joda.time.Days","org.joda.time.base.BaseSingleFieldPeriod",115
"1058",13,"time","org.joda.time.format.DateTimeFormat","org.joda.time.format.DateTimeFormat$StyleFormatter",9
"1059",13,"time","org.joda.time.format.DateTimeFormatter","org.joda.time.DateTimeZone",25
"1060",13,"time","org.joda.time.format.DateTimeFormatter","org.joda.time.format.DateTimeParserBucket",90
"1061",13,"time","org.joda.time.format.DateTimeFormatterBuilder$PaddedNumber","org.joda.time.format.DateTimeFormatterBuilder",16
"1062",13,"time","org.joda.time.format.DateTimeFormatterBuilder$TextField","org.joda.time.format.DateTimeParserBucket",88
"1063",13,"time","org.joda.time.format.DateTimeFormatterBuilder$TextField","org.joda.time.MutableDateTime",13
"1064",13,"time","org.joda.time.format.DateTimeParserBucket$SavedState","org.joda.time.format.DateTimeParserBucket",36
"1065",13,"time","org.joda.time.format.ISODateTimeFormat","org.joda.time.format.DateTimeFormatterBuilder",6
"1066",13,"time","org.joda.time.Hours","org.joda.time.base.BaseSingleFieldPeriod",96
"1067",13,"time","org.joda.time.LocalDate","org.joda.time.DateTime",8
"1068",13,"time","org.joda.time.LocalDate","org.joda.time.format.ISODateTimeFormat",3
"1069",13,"time","org.joda.time.LocalDateTime","org.joda.time.DateTimeZone",30
"1070",13,"time","org.joda.time.LocalDateTime","org.joda.time.format.DateTimeFormatter",7
"1071",13,"time","org.joda.time.LocalTime$Property","org.joda.time.LocalTime",131
"1072",13,"time","org.joda.time.Minutes","org.joda.time.base.BaseSingleFieldPeriod",138
"1073",13,"time","org.joda.time.MutableInterval","org.joda.time.base.BaseInterval",16
"1074",13,"time","org.joda.time.MutablePeriod","org.joda.time.base.BasePeriod",14
"1075",13,"time","org.joda.time.Period","org.joda.time.base.AbstractPeriod",81
"1076",13,"time","org.joda.time.Period","org.joda.time.base.BasePeriod",27
"1077",13,"time","org.joda.time.Period","org.joda.time.PeriodType",848
"1078",13,"time","org.joda.time.Seconds","org.joda.time.base.BaseSingleFieldPeriod",123
"1079",13,"time","org.joda.time.tz.ZoneInfoCompiler","org.joda.time.DateTimeZone",27
"1080",13,"time","org.joda.time.Weeks","org.joda.time.base.BaseSingleFieldPeriod",134
"1081",13,"time","org.joda.time.YearMonthDay","org.joda.time.base.BasePartial",8
"1082",14,"closure","com.google.javascript.rhino.head.IdScriptableObject","com.google.javascript.rhino.head.ScriptableObject",131
"1083",14,"closure","com.google.javascript.rhino.head.Interpreter","com.google.javascript.rhino.head.ScriptableObject",74
"1084",14,"closure","com.google.javascript.rhino.head.IRFactory","com.google.javascript.rhino.head.Node",60
"1085",14,"closure","com.google.javascript.rhino.head.NativeArray","com.google.javascript.rhino.head.ScriptableObject",44
"1086",14,"closure","com.google.javascript.rhino.head.NativeArray","com.google.javascript.rhino.head.ScriptRuntime",38
"1087",14,"closure","com.google.javascript.rhino.head.ScriptRuntime","com.google.javascript.rhino.head.ScriptableObject",31
"1088",14,"closure","com.google.javascript.rhino.jstype.JSType","com.google.javascript.rhino.jstype.FunctionType",266
"1089",14,"lang","org.apache.commons.lang3.builder.ToStringBuilder","org.apache.commons.lang3.builder.ToStringStyle",2
"1090",14,"lang","org.apache.commons.lang3.builder.ToStringStyle","org.apache.commons.lang3.ClassUtils",1
"1091",14,"lang","org.apache.commons.lang3.concurrent.MultiBackgroundInitializer","org.apache.commons.lang3.concurrent.BackgroundInitializer",5
"1092",14,"lang","org.apache.commons.lang3.text.StrBuilder$StrBuilderReader","org.apache.commons.lang3.text.StrBuilder",119
"1093",14,"lang","org.apache.commons.lang3.text.StrSubstitutor","org.apache.commons.lang3.text.StrBuilder",315
"1094",14,"lang","org.apache.commons.lang3.text.StrTokenizer","org.apache.commons.lang3.text.StrMatcher",2
"1095",14,"lang","org.apache.commons.lang3.text.translate.UnicodeEscaper","org.apache.commons.lang3.text.translate.CharSequenceTranslator",35
"1096",14,"lang","org.apache.commons.lang3.time.DurationFormatUtils","org.apache.commons.lang3.time.DurationFormatUtils$Token",23
"1097",14,"lang","org.apache.commons.lang3.time.FastDateFormat","org.apache.commons.lang3.time.FastDateFormat$TextField",12
"1098",14,"math","org.apache.commons.math.analysis.LaguerreSolver","org.apache.commons.math.complex.Complex",39
"1099",14,"math","org.apache.commons.math.analysis.MullerSolver","org.apache.commons.math.analysis.UnivariateRealSolverImpl",98
"1100",14,"math","org.apache.commons.math.distribution.AbstractIntegerDistribution","org.apache.commons.math.distribution.HypergeometricDistributionImpl",46
"1101",14,"math","org.apache.commons.math.fraction.ProperFractionFormat","org.apache.commons.math.fraction.FractionFormat",92
"1102",14,"math","org.apache.commons.math.geometry.Rotation","org.apache.commons.math.geometry.Vector3D",144
"1103",14,"math","org.apache.commons.math.linear.MatrixUtils","org.apache.commons.math.linear.BigMatrixImpl",112
"1104",14,"math","org.apache.commons.math.ode.AbstractStepInterpolator","org.apache.commons.math.ode.DormandPrince853StepInterpolator",73
"1105",14,"math","org.apache.commons.math.ode.ContinuousOutputModel","org.apache.commons.math.ode.AbstractStepInterpolator",12
"1106",14,"math","org.apache.commons.math.ode.EmbeddedRungeKuttaIntegrator","org.apache.commons.math.ode.DormandPrince853Integrator",14
"1107",14,"math","org.apache.commons.math.ode.EmbeddedRungeKuttaIntegrator","org.apache.commons.math.ode.HighamHall54Integrator",3
"1108",14,"math","org.apache.commons.math.ode.GraggBulirschStoerIntegrator","org.apache.commons.math.ode.AdaptiveStepsizeIntegrator",100
"1109",14,"math","org.apache.commons.math.ode.GraggBulirschStoerIntegrator","org.apache.commons.math.ode.SwitchingFunctionsHandler",1
"1110",14,"math","org.apache.commons.math.ode.GraggBulirschStoerStepInterpolator","org.apache.commons.math.ode.AbstractStepInterpolator",10
"1111",14,"math","org.apache.commons.math.ode.SwitchingFunctionsHandler","org.apache.commons.math.ode.SwitchState",21
"1112",14,"math","org.apache.commons.math.ode.SwitchState","org.apache.commons.math.analysis.BrentSolver",2
"1113",14,"math","org.apache.commons.math.optimization.NelderMead","org.apache.commons.math.optimization.DirectSearchOptimizer",137
"1114",14,"math","org.apache.commons.math.random.EmpiricalDistributionImpl","org.apache.commons.math.stat.descriptive.SummaryStatistics",3
"1115",14,"math","org.apache.commons.math.stat.descriptive.AbstractStorelessUnivariateStatistic","org.apache.commons.math.stat.descriptive.moment.Variance",45
"1116",14,"math","org.apache.commons.math.stat.descriptive.DescriptiveStatistics","org.apache.commons.math.util.ResizableDoubleArray",117
"1117",14,"math","org.apache.commons.math.stat.inference.TTestImpl","org.apache.commons.math.stat.StatUtils",30
"1118",14,"math","org.apache.commons.math.transform.FastFourierTransformer","org.apache.commons.math.complex.Complex",27
"1119",14,"mockito","org.mockito.asm.AnnotationWriter","org.mockito.asm.ClassWriter",453
"1120",14,"mockito","org.mockito.asm.MethodWriter","org.mockito.asm.ByteVector",98
"1121",14,"mockito","org.mockito.asm.MethodWriter","org.mockito.asm.ClassWriter",36
"1122",14,"mockito","org.mockito.asm.tree.analysis.BasicVerifier","org.mockito.asm.tree.analysis.BasicInterpreter",37
"1123",14,"mockito","org.mockito.asm.util.ASMifierClassVisitor","org.mockito.asm.util.ASMifierAbstractVisitor",24
"1124",14,"mockito","org.mockito.cglib.core.CodeEmitter","org.mockito.cglib.core.ClassEmitter",1
"1125",14,"mockito","org.mockito.cglib.core.CodeEmitter","org.mockito.cglib.core.TypeUtils",237
"1126",14,"mockito","org.mockito.cglib.proxy.Enhancer","org.mockito.cglib.core.ReflectUtils",37
"1127",14,"mockito","org.mockito.cglib.proxy.Mixin$Generator","org.mockito.cglib.core.AbstractClassGenerator",5
"1128",14,"mockito","org.mockito.cglib.proxy.Mixin$Generator","org.mockito.cglib.core.ReflectUtils",51
"1129",14,"time","org.joda.time.base.AbstractPartial","org.joda.time.MonthDay",12
"1130",14,"time","org.joda.time.base.AbstractPartial","org.joda.time.TimeOfDay",1
"1131",14,"time","org.joda.time.base.AbstractPartial","org.joda.time.YearMonth",36
"1132",14,"time","org.joda.time.base.BasePeriod","org.joda.time.base.AbstractPeriod",84
"1133",14,"time","org.joda.time.chrono.BasicChronology","org.joda.time.chrono.CopticChronology",1
"1134",14,"time","org.joda.time.chrono.BasicChronology","org.joda.time.chrono.EthiopicChronology",15
"1135",14,"time","org.joda.time.chrono.BasicChronology","org.joda.time.chrono.IslamicChronology",27
"1136",14,"time","org.joda.time.chrono.BasicWeekyearDateTimeField","org.joda.time.chrono.BasicChronology",2
"1137",14,"time","org.joda.time.chrono.CopticChronology","org.joda.time.DateTimeZone",18
"1138",14,"time","org.joda.time.chrono.GJChronology","org.joda.time.chrono.GJChronology$CutoverField",14
"1139",14,"time","org.joda.time.chrono.GJChronology","org.joda.time.chrono.JulianChronology",116
"1140",14,"time","org.joda.time.chrono.ISOChronology","org.joda.time.chrono.AssembledChronology",60
"1141",14,"time","org.joda.time.chrono.ISOChronology","org.joda.time.DateTimeZone",28
"1142",14,"time","org.joda.time.chrono.ZonedChronology","org.joda.time.chrono.AssembledChronology",34
"1143",14,"time","org.joda.time.chrono.ZonedChronology","org.joda.time.DateTimeZone",134
"1144",14,"time","org.joda.time.chrono.ZonedChronology$ZonedDateTimeField","org.joda.time.DateTimeZone",8
"1145",14,"time","org.joda.time.DateTimeUtils","org.joda.time.DateTimeZone",64
"1146",14,"time","org.joda.time.DateTimeZone","org.joda.time.field.FieldUtils",12
"1147",14,"time","org.joda.time.DateTimeZone","org.joda.time.tz.FixedDateTimeZone",18
"1148",14,"time","org.joda.time.Days","org.joda.time.base.BaseSingleFieldPeriod",111
"1149",14,"time","org.joda.time.format.DateTimeFormat","org.joda.time.format.DateTimeFormat$StyleFormatter",10
"1150",14,"time","org.joda.time.format.DateTimeFormat","org.joda.time.format.DateTimeFormatterBuilder",2
"1151",14,"time","org.joda.time.format.DateTimeFormatter","org.joda.time.DateTimeZone",9
"1152",14,"time","org.joda.time.format.DateTimeFormatter","org.joda.time.format.DateTimeParserBucket",113
"1153",14,"time","org.joda.time.format.DateTimeFormatterBuilder$PaddedNumber","org.joda.time.format.DateTimeFormatterBuilder",1
"1154",14,"time","org.joda.time.format.DateTimeFormatterBuilder$TextField","org.joda.time.format.DateTimeParserBucket",102
"1155",14,"time","org.joda.time.format.DateTimeFormatterBuilder$TextField","org.joda.time.MutableDateTime",8
"1156",14,"time","org.joda.time.format.DateTimeParserBucket$SavedState","org.joda.time.format.DateTimeParserBucket",15
"1157",14,"time","org.joda.time.format.ISODateTimeFormat","org.joda.time.format.DateTimeFormatterBuilder",1
"1158",14,"time","org.joda.time.Hours","org.joda.time.base.BaseSingleFieldPeriod",88
"1159",14,"time","org.joda.time.LocalDate","org.joda.time.DateTime",8
"1160",14,"time","org.joda.time.LocalDate","org.joda.time.format.ISODateTimeFormat",1
"1161",14,"time","org.joda.time.LocalDateTime","org.joda.time.DateTimeZone",13
"1162",14,"time","org.joda.time.LocalTime$Property","org.joda.time.LocalTime",19
"1163",14,"time","org.joda.time.Minutes","org.joda.time.base.BaseSingleFieldPeriod",112
"1164",14,"time","org.joda.time.MutableInterval","org.joda.time.base.BaseInterval",7
"1165",14,"time","org.joda.time.MutablePeriod","org.joda.time.base.BasePeriod",4
"1166",14,"time","org.joda.time.Period","org.joda.time.base.AbstractPeriod",38
"1167",14,"time","org.joda.time.Period","org.joda.time.base.BasePeriod",12
"1168",14,"time","org.joda.time.Period","org.joda.time.PeriodType",867
"1169",14,"time","org.joda.time.Seconds","org.joda.time.base.BaseSingleFieldPeriod",124
"1170",14,"time","org.joda.time.tz.ZoneInfoCompiler","org.joda.time.DateTimeZone",1
"1171",14,"time","org.joda.time.Weeks","org.joda.time.base.BaseSingleFieldPeriod",128
"1172",14,"time","org.joda.time.YearMonthDay","org.joda.time.base.BasePartial",8
"1173",15,"closure","com.google.javascript.rhino.head.IdScriptableObject","com.google.javascript.rhino.head.ScriptableObject",40
"1174",15,"closure","com.google.javascript.rhino.head.Interpreter","com.google.javascript.rhino.head.ScriptableObject",36
"1175",15,"closure","com.google.javascript.rhino.head.IRFactory","com.google.javascript.rhino.head.Decompiler",61
"1176",15,"closure","com.google.javascript.rhino.head.NativeArray","com.google.javascript.rhino.head.ScriptableObject",7
"1177",15,"closure","com.google.javascript.rhino.head.NativeObject","com.google.javascript.rhino.head.ScriptableObject",35
"1178",15,"closure","com.google.javascript.rhino.head.regexp.NativeRegExp","com.google.javascript.rhino.head.ScriptRuntime",4
"1179",15,"closure","com.google.javascript.rhino.head.ScriptableObject","com.google.javascript.rhino.head.FunctionObject",7
"1180",15,"closure","com.google.javascript.rhino.head.tools.debugger.Dim","com.google.javascript.rhino.head.ScriptRuntime",3
"1181",15,"closure","com.google.javascript.rhino.jstype.JSType","com.google.javascript.rhino.jstype.ProxyObjectType",2
"1182",15,"closure","com.google.javascript.rhino.jstype.JSType","com.google.javascript.rhino.jstype.UnionType",22
"1183",15,"lang","org.apache.commons.lang3.builder.ReflectionToStringBuilder","org.apache.commons.lang3.builder.ToStringBuilder",3
"1184",15,"lang","org.apache.commons.lang3.builder.ToStringBuilder","org.apache.commons.lang3.builder.ToStringStyle",14
"1185",15,"lang","org.apache.commons.lang3.concurrent.MultiBackgroundInitializer","org.apache.commons.lang3.concurrent.BackgroundInitializer",3
"1186",15,"lang","org.apache.commons.lang3.text.StrBuilder$StrBuilderReader","org.apache.commons.lang3.text.StrBuilder",107
"1187",15,"lang","org.apache.commons.lang3.text.StrSubstitutor","org.apache.commons.lang3.text.StrBuilder",311
"1188",15,"lang","org.apache.commons.lang3.text.StrTokenizer","org.apache.commons.lang3.text.StrMatcher",2
"1189",15,"lang","org.apache.commons.lang3.text.translate.UnicodeEscaper","org.apache.commons.lang3.text.translate.CharSequenceTranslator",16
"1190",15,"lang","org.apache.commons.lang3.time.DurationFormatUtils","org.apache.commons.lang3.time.DurationFormatUtils$Token",24
"1191",15,"lang","org.apache.commons.lang3.time.FastDateFormat","org.apache.commons.lang3.time.FastDateFormat$TextField",4
"1192",15,"math","org.apache.commons.math.analysis.LaguerreSolver","org.apache.commons.math.complex.Complex",43
"1193",15,"math","org.apache.commons.math.analysis.MullerSolver","org.apache.commons.math.analysis.UnivariateRealSolverImpl",100
"1194",15,"math","org.apache.commons.math.distribution.AbstractIntegerDistribution","org.apache.commons.math.distribution.HypergeometricDistributionImpl",69
"1195",15,"math","org.apache.commons.math.fraction.ProperFractionFormat","org.apache.commons.math.fraction.FractionFormat",82
"1196",15,"math","org.apache.commons.math.geometry.Rotation","org.apache.commons.math.geometry.Vector3D",124
"1197",15,"math","org.apache.commons.math.linear.MatrixUtils","org.apache.commons.math.linear.BigMatrixImpl",108
"1198",15,"math","org.apache.commons.math.ode.AbstractStepInterpolator","org.apache.commons.math.ode.DormandPrince853StepInterpolator",74
"1199",15,"math","org.apache.commons.math.ode.ContinuousOutputModel","org.apache.commons.math.ode.AbstractStepInterpolator",8
"1200",15,"math","org.apache.commons.math.ode.EmbeddedRungeKuttaIntegrator","org.apache.commons.math.ode.DormandPrince853Integrator",20
"1201",15,"math","org.apache.commons.math.ode.EmbeddedRungeKuttaIntegrator","org.apache.commons.math.ode.HighamHall54Integrator",1
"1202",15,"math","org.apache.commons.math.ode.GraggBulirschStoerIntegrator","org.apache.commons.math.ode.AdaptiveStepsizeIntegrator",90
"1203",15,"math","org.apache.commons.math.ode.GraggBulirschStoerIntegrator","org.apache.commons.math.ode.SwitchingFunctionsHandler",14
"1204",15,"math","org.apache.commons.math.ode.GraggBulirschStoerStepInterpolator","org.apache.commons.math.ode.AbstractStepInterpolator",11
"1205",15,"math","org.apache.commons.math.ode.SwitchingFunctionsHandler","org.apache.commons.math.ode.SwitchState",32
"1206",15,"math","org.apache.commons.math.ode.SwitchState","org.apache.commons.math.analysis.BrentSolver",2
"1207",15,"math","org.apache.commons.math.optimization.NelderMead","org.apache.commons.math.optimization.DirectSearchOptimizer",126
"1208",15,"math","org.apache.commons.math.random.EmpiricalDistributionImpl","org.apache.commons.math.stat.descriptive.SummaryStatistics",2
"1209",15,"math","org.apache.commons.math.stat.descriptive.AbstractStorelessUnivariateStatistic","org.apache.commons.math.stat.descriptive.moment.Variance",36
"1210",15,"math","org.apache.commons.math.stat.descriptive.DescriptiveStatistics","org.apache.commons.math.util.ResizableDoubleArray",154
"1211",15,"math","org.apache.commons.math.stat.inference.TTestImpl","org.apache.commons.math.stat.StatUtils",37
"1212",15,"math","org.apache.commons.math.transform.FastFourierTransformer","org.apache.commons.math.complex.Complex",33
"1213",15,"mockito","org.mockito.asm.AnnotationWriter","org.mockito.asm.ClassWriter",375
"1214",15,"mockito","org.mockito.asm.MethodWriter","org.mockito.asm.ByteVector",90
"1215",15,"mockito","org.mockito.asm.MethodWriter","org.mockito.asm.ClassWriter",53
"1216",15,"mockito","org.mockito.asm.tree.analysis.BasicVerifier","org.mockito.asm.tree.analysis.BasicInterpreter",28
"1217",15,"mockito","org.mockito.asm.tree.analysis.BasicVerifier","org.mockito.asm.tree.analysis.SimpleVerifier",21
"1218",15,"mockito","org.mockito.cglib.core.ClassEmitter","org.mockito.cglib.transform.impl.InterceptFieldTransformer",9
"1219",15,"mockito","org.mockito.cglib.core.CodeEmitter","org.mockito.cglib.core.ClassEmitter",1
"1220",15,"mockito","org.mockito.cglib.core.CodeEmitter","org.mockito.cglib.core.TypeUtils",237
"1221",15,"mockito","org.mockito.cglib.core.EmitUtils","org.mockito.cglib.core.CodeEmitter",9
"1222",15,"mockito","org.mockito.cglib.proxy.Enhancer","org.mockito.cglib.core.ReflectUtils",37
"1223",15,"mockito","org.mockito.cglib.proxy.Mixin$Generator","org.mockito.cglib.core.AbstractClassGenerator",2
"1224",15,"time","org.joda.time.base.AbstractPartial","org.joda.time.MonthDay",27
"1225",15,"time","org.joda.time.base.AbstractPartial","org.joda.time.TimeOfDay",42
"1226",15,"time","org.joda.time.base.AbstractPartial","org.joda.time.YearMonth",39
"1227",15,"time","org.joda.time.base.BasePeriod","org.joda.time.base.AbstractPeriod",52
"1228",15,"time","org.joda.time.chrono.BasicChronology","org.joda.time.chrono.CopticChronology",2
"1229",15,"time","org.joda.time.chrono.BasicChronology","org.joda.time.chrono.EthiopicChronology",8
"1230",15,"time","org.joda.time.chrono.BasicChronology","org.joda.time.chrono.IslamicChronology",91
"1231",15,"time","org.joda.time.chrono.BasicWeekyearDateTimeField","org.joda.time.chrono.BasicChronology",22
"1232",15,"time","org.joda.time.chrono.CopticChronology","org.joda.time.DateTimeZone",45
"1233",15,"time","org.joda.time.chrono.GJChronology","org.joda.time.chrono.JulianChronology",38
"1234",15,"time","org.joda.time.chrono.ISOChronology","org.joda.time.chrono.AssembledChronology",52
"1235",15,"time","org.joda.time.chrono.ISOChronology","org.joda.time.DateTimeZone",43
"1236",15,"time","org.joda.time.chrono.ZonedChronology","org.joda.time.chrono.AssembledChronology",67
"1237",15,"time","org.joda.time.chrono.ZonedChronology","org.joda.time.DateTimeZone",30
"1238",15,"time","org.joda.time.chrono.ZonedChronology$ZonedDateTimeField","org.joda.time.DateTimeZone",41
"1239",15,"time","org.joda.time.DateTimeUtils","org.joda.time.DateTimeZone",99
"1240",15,"time","org.joda.time.DateTimeZone","org.joda.time.field.FieldUtils",12
"1241",15,"time","org.joda.time.DateTimeZone","org.joda.time.format.DateTimeFormat",7
"1242",15,"time","org.joda.time.DateTimeZone","org.joda.time.tz.FixedDateTimeZone",18
"1243",15,"time","org.joda.time.Days","org.joda.time.base.BaseSingleFieldPeriod",114
"1244",15,"time","org.joda.time.format.DateTimeFormat","org.joda.time.format.DateTimeFormat$StyleFormatter",9
"1245",15,"time","org.joda.time.format.DateTimeFormat","org.joda.time.format.DateTimeFormatterBuilder",1
"1246",15,"time","org.joda.time.format.DateTimeFormatter","org.joda.time.DateTimeZone",32
"1247",15,"time","org.joda.time.format.DateTimeFormatter","org.joda.time.format.DateTimeParserBucket",94
"1248",15,"time","org.joda.time.format.DateTimeFormatterBuilder$PaddedNumber","org.joda.time.format.DateTimeFormatterBuilder",2
"1249",15,"time","org.joda.time.format.DateTimeFormatterBuilder$TextField","org.joda.time.format.DateTimeParserBucket",88
"1250",15,"time","org.joda.time.format.DateTimeFormatterBuilder$TextField","org.joda.time.MutableDateTime",9
"1251",15,"time","org.joda.time.format.DateTimeParserBucket$SavedState","org.joda.time.format.DateTimeParserBucket",16
"1252",15,"time","org.joda.time.format.ISODateTimeFormat","org.joda.time.format.DateTimeFormatterBuilder",1
"1253",15,"time","org.joda.time.Hours","org.joda.time.base.BaseSingleFieldPeriod",93
"1254",15,"time","org.joda.time.LocalDate","org.joda.time.format.ISODateTimeFormat",1
"1255",15,"time","org.joda.time.LocalDateTime","org.joda.time.DateTimeZone",152
"1256",15,"time","org.joda.time.LocalDateTime","org.joda.time.format.DateTimeFormatter",3
"1257",15,"time","org.joda.time.LocalTime$Property","org.joda.time.LocalTime",18
"1258",15,"time","org.joda.time.Minutes","org.joda.time.base.BaseSingleFieldPeriod",134
"1259",15,"time","org.joda.time.MutableInterval","org.joda.time.base.BaseInterval",19
"1260",15,"time","org.joda.time.MutablePeriod","org.joda.time.base.BasePeriod",11
"1261",15,"time","org.joda.time.Period","org.joda.time.base.AbstractPeriod",57
"1262",15,"time","org.joda.time.Period","org.joda.time.base.BasePeriod",11
"1263",15,"time","org.joda.time.Period","org.joda.time.PeriodType",831
"1264",15,"time","org.joda.time.Seconds","org.joda.time.base.BaseSingleFieldPeriod",125
"1265",15,"time","org.joda.time.tz.ZoneInfoCompiler","org.joda.time.DateTimeZone",106
"1266",15,"time","org.joda.time.Weeks","org.joda.time.base.BaseSingleFieldPeriod",129
"1267",15,"time","org.joda.time.YearMonthDay","org.joda.time.base.BasePartial",8
"1268",16,"closure","com.google.javascript.rhino.head.IRFactory","com.google.javascript.rhino.head.Node",55
"1269",16,"closure","com.google.javascript.rhino.head.IRFactory","com.google.javascript.rhino.head.Parser",3
"1270",16,"closure","com.google.javascript.rhino.head.NativeArray","com.google.javascript.rhino.head.ScriptableObject",13
"1271",16,"closure","com.google.javascript.rhino.head.NativeObject","com.google.javascript.rhino.head.ScriptableObject",230
"1272",16,"closure","com.google.javascript.rhino.head.ScriptableObject","com.google.javascript.rhino.head.FunctionObject",24
"1273",16,"closure","com.google.javascript.rhino.head.tools.debugger.Dim","com.google.javascript.rhino.head.ScriptRuntime",2
"1274",16,"closure","com.google.javascript.rhino.jstype.JSType","com.google.javascript.rhino.jstype.FunctionType",290
"1275",16,"closure","com.google.javascript.rhino.jstype.JSType","com.google.javascript.rhino.jstype.UnionType",55
"1276",16,"lang","org.apache.commons.lang3.builder.ReflectionToStringBuilder","org.apache.commons.lang3.builder.ToStringBuilder",1
"1277",16,"lang","org.apache.commons.lang3.builder.ToStringBuilder","org.apache.commons.lang3.builder.ToStringStyle",21
"1278",16,"lang","org.apache.commons.lang3.CharUtils","org.apache.commons.lang3.StringUtils",1
"1279",16,"lang","org.apache.commons.lang3.concurrent.MultiBackgroundInitializer","org.apache.commons.lang3.concurrent.BackgroundInitializer",6
"1280",16,"lang","org.apache.commons.lang3.text.StrBuilder$StrBuilderReader","org.apache.commons.lang3.text.StrBuilder",122
"1281",16,"lang","org.apache.commons.lang3.text.StrSubstitutor","org.apache.commons.lang3.text.StrBuilder",229
"1282",16,"lang","org.apache.commons.lang3.text.translate.UnicodeEscaper","org.apache.commons.lang3.text.translate.CharSequenceTranslator",35
"1283",16,"lang","org.apache.commons.lang3.time.DurationFormatUtils","org.apache.commons.lang3.time.DurationFormatUtils$Token",8
"1284",16,"lang","org.apache.commons.lang3.time.FastDateFormat","org.apache.commons.lang3.time.FastDateFormat$TextField",4
"1285",16,"math","org.apache.commons.math.analysis.LaguerreSolver","org.apache.commons.math.complex.Complex",26
"1286",16,"math","org.apache.commons.math.analysis.MullerSolver","org.apache.commons.math.analysis.UnivariateRealSolverImpl",100
"1287",16,"math","org.apache.commons.math.distribution.AbstractIntegerDistribution","org.apache.commons.math.distribution.HypergeometricDistributionImpl",69
"1288",16,"math","org.apache.commons.math.fraction.ProperFractionFormat","org.apache.commons.math.fraction.FractionFormat",79
"1289",16,"math","org.apache.commons.math.geometry.Rotation","org.apache.commons.math.geometry.Vector3D",128
"1290",16,"math","org.apache.commons.math.linear.MatrixUtils","org.apache.commons.math.linear.BigMatrixImpl",110
"1291",16,"math","org.apache.commons.math.ode.AbstractStepInterpolator","org.apache.commons.math.ode.DormandPrince853StepInterpolator",76
"1292",16,"math","org.apache.commons.math.ode.ContinuousOutputModel","org.apache.commons.math.ode.AbstractStepInterpolator",10
"1293",16,"math","org.apache.commons.math.ode.EmbeddedRungeKuttaIntegrator","org.apache.commons.math.ode.DormandPrince853Integrator",10
"1294",16,"math","org.apache.commons.math.ode.GraggBulirschStoerIntegrator","org.apache.commons.math.ode.AdaptiveStepsizeIntegrator",99
"1295",16,"math","org.apache.commons.math.ode.GraggBulirschStoerIntegrator","org.apache.commons.math.ode.SwitchingFunctionsHandler",15
"1296",16,"math","org.apache.commons.math.ode.GraggBulirschStoerStepInterpolator","org.apache.commons.math.ode.AbstractStepInterpolator",7
"1297",16,"math","org.apache.commons.math.ode.SwitchingFunctionsHandler","org.apache.commons.math.ode.SwitchState",13
"1298",16,"math","org.apache.commons.math.ode.SwitchState","org.apache.commons.math.analysis.BrentSolver",10
"1299",16,"math","org.apache.commons.math.optimization.NelderMead","org.apache.commons.math.optimization.DirectSearchOptimizer",114
"1300",16,"math","org.apache.commons.math.random.EmpiricalDistributionImpl","org.apache.commons.math.stat.descriptive.SummaryStatistics",1
"1301",16,"math","org.apache.commons.math.stat.descriptive.AbstractStorelessUnivariateStatistic","org.apache.commons.math.stat.descriptive.moment.Variance",54
"1302",16,"math","org.apache.commons.math.stat.descriptive.DescriptiveStatistics","org.apache.commons.math.util.ResizableDoubleArray",119
"1303",16,"math","org.apache.commons.math.stat.inference.TTestImpl","org.apache.commons.math.stat.StatUtils",18
"1304",16,"math","org.apache.commons.math.transform.FastFourierTransformer","org.apache.commons.math.complex.Complex",17
"1305",16,"mockito","org.mockito.asm.AnnotationWriter","org.mockito.asm.ClassWriter",406
"1306",16,"mockito","org.mockito.asm.MethodWriter","org.mockito.asm.ByteVector",62
"1307",16,"mockito","org.mockito.asm.MethodWriter","org.mockito.asm.ClassWriter",36
"1308",16,"mockito","org.mockito.asm.tree.analysis.BasicVerifier","org.mockito.asm.tree.analysis.BasicInterpreter",6
"1309",16,"mockito","org.mockito.asm.tree.analysis.BasicVerifier","org.mockito.asm.tree.analysis.SimpleVerifier",23
"1310",16,"mockito","org.mockito.asm.util.ASMifierClassVisitor","org.mockito.asm.util.ASMifierAbstractVisitor",24
"1311",16,"mockito","org.mockito.cglib.core.CodeEmitter","org.mockito.cglib.core.ClassEmitter",1
"1312",16,"mockito","org.mockito.cglib.core.CodeEmitter","org.mockito.cglib.core.TypeUtils",209
"1313",16,"mockito","org.mockito.cglib.core.EmitUtils","org.mockito.cglib.core.CodeEmitter",46
"1314",16,"mockito","org.mockito.cglib.proxy.Enhancer","org.mockito.cglib.core.CodeEmitter",171
"1315",16,"mockito","org.mockito.cglib.proxy.Enhancer","org.mockito.cglib.core.ReflectUtils",40
"1316",16,"mockito","org.mockito.cglib.proxy.Mixin$Generator","org.mockito.cglib.core.AbstractClassGenerator",3
"1317",16,"time","org.joda.time.base.AbstractPartial","org.joda.time.MonthDay",5
"1318",16,"time","org.joda.time.base.AbstractPartial","org.joda.time.TimeOfDay",32
"1319",16,"time","org.joda.time.base.AbstractPartial","org.joda.time.YearMonth",9
"1320",16,"time","org.joda.time.base.BasePeriod","org.joda.time.base.AbstractPeriod",59
"1321",16,"time","org.joda.time.chrono.BasicChronology","org.joda.time.chrono.CopticChronology",3
"1322",16,"time","org.joda.time.chrono.BasicChronology","org.joda.time.chrono.EthiopicChronology",18
"1323",16,"time","org.joda.time.chrono.BasicChronology","org.joda.time.chrono.IslamicChronology",22
"1324",16,"time","org.joda.time.chrono.BasicWeekyearDateTimeField","org.joda.time.chrono.BasicChronology",106
"1325",16,"time","org.joda.time.chrono.CopticChronology","org.joda.time.DateTimeZone",125
"1326",16,"time","org.joda.time.chrono.GJChronology","org.joda.time.chrono.GJChronology$CutoverField",40
"1327",16,"time","org.joda.time.chrono.GJChronology","org.joda.time.chrono.JulianChronology",45
"1328",16,"time","org.joda.time.chrono.ISOChronology","org.joda.time.chrono.AssembledChronology",135
"1329",16,"time","org.joda.time.chrono.ISOChronology","org.joda.time.DateTimeZone",31
"1330",16,"time","org.joda.time.chrono.ZonedChronology","org.joda.time.chrono.AssembledChronology",62
"1331",16,"time","org.joda.time.chrono.ZonedChronology","org.joda.time.DateTimeZone",34
"1332",16,"time","org.joda.time.chrono.ZonedChronology$ZonedDateTimeField","org.joda.time.DateTimeZone",62
"1333",16,"time","org.joda.time.DateTimeUtils","org.joda.time.DateTimeZone",19
"1334",16,"time","org.joda.time.DateTimeZone","org.joda.time.field.FieldUtils",12
"1335",16,"time","org.joda.time.DateTimeZone","org.joda.time.format.FormatUtils",65
"1336",16,"time","org.joda.time.DateTimeZone","org.joda.time.tz.FixedDateTimeZone",18
"1337",16,"time","org.joda.time.Days","org.joda.time.base.BaseSingleFieldPeriod",89
"1338",16,"time","org.joda.time.format.DateTimeFormat","org.joda.time.format.DateTimeFormat$StyleFormatter",8
"1339",16,"time","org.joda.time.format.DateTimeFormatter","org.joda.time.DateTimeZone",14
"1340",16,"time","org.joda.time.format.DateTimeFormatter","org.joda.time.format.DateTimeParserBucket",56
"1341",16,"time","org.joda.time.format.DateTimeFormatterBuilder$PaddedNumber","org.joda.time.format.DateTimeFormatterBuilder",4
"1342",16,"time","org.joda.time.format.DateTimeFormatterBuilder$TextField","org.joda.time.format.DateTimeParserBucket",89
"1343",16,"time","org.joda.time.format.DateTimeFormatterBuilder$TextField","org.joda.time.MutableDateTime",9
"1344",16,"time","org.joda.time.format.DateTimeParserBucket$SavedState","org.joda.time.format.DateTimeParserBucket",15
"1345",16,"time","org.joda.time.format.ISODateTimeFormat","org.joda.time.format.DateTimeFormatterBuilder",5
"1346",16,"time","org.joda.time.Hours","org.joda.time.base.BaseSingleFieldPeriod",95
"1347",16,"time","org.joda.time.LocalDate","org.joda.time.DateTime",2
"1348",16,"time","org.joda.time.LocalDateTime","org.joda.time.DateTimeZone",30
"1349",16,"time","org.joda.time.LocalTime$Property","org.joda.time.LocalTime",34
"1350",16,"time","org.joda.time.Minutes","org.joda.time.base.BaseSingleFieldPeriod",131
"1351",16,"time","org.joda.time.MutableInterval","org.joda.time.base.BaseInterval",17
"1352",16,"time","org.joda.time.MutablePeriod","org.joda.time.base.BasePeriod",13
"1353",16,"time","org.joda.time.Period","org.joda.time.base.AbstractPeriod",70
"1354",16,"time","org.joda.time.Period","org.joda.time.base.BasePeriod",17
"1355",16,"time","org.joda.time.Period","org.joda.time.PeriodType",572
"1356",16,"time","org.joda.time.Seconds","org.joda.time.base.BaseSingleFieldPeriod",113
"1357",16,"time","org.joda.time.tz.ZoneInfoCompiler","org.joda.time.DateTimeZone",91
"1358",16,"time","org.joda.time.Weeks","org.joda.time.base.BaseSingleFieldPeriod",134
"1359",16,"time","org.joda.time.YearMonthDay","org.joda.time.base.BasePartial",8
"1360",17,"closure","com.google.javascript.jscomp.NodeUtil","com.google.javascript.rhino.Node",391
"1361",17,"closure","com.google.javascript.rhino.head.IdScriptableObject","com.google.javascript.rhino.head.ScriptableObject",12
"1362",17,"closure","com.google.javascript.rhino.head.Interpreter","com.google.javascript.rhino.head.ScriptableObject",11
"1363",17,"closure","com.google.javascript.rhino.head.IRFactory","com.google.javascript.rhino.head.Parser",20
"1364",17,"closure","com.google.javascript.rhino.head.NativeArray","com.google.javascript.rhino.head.IdScriptableObject",14
"1365",17,"closure","com.google.javascript.rhino.head.NativeArray","com.google.javascript.rhino.head.ScriptableObject",17
"1366",17,"closure","com.google.javascript.rhino.head.NativeObject","com.google.javascript.rhino.head.ScriptableObject",167
"1367",17,"closure","com.google.javascript.rhino.head.ScriptableObject","com.google.javascript.rhino.head.FunctionObject",12
"1368",17,"closure","com.google.javascript.rhino.jstype.JSType","com.google.javascript.rhino.jstype.UnionType",25
"1369",17,"lang","org.apache.commons.lang3.builder.ToStringBuilder","org.apache.commons.lang3.builder.ToStringStyle",7
"1370",17,"lang","org.apache.commons.lang3.concurrent.MultiBackgroundInitializer","org.apache.commons.lang3.concurrent.BackgroundInitializer",6
"1371",17,"lang","org.apache.commons.lang3.StringUtils","org.apache.commons.lang3.ArrayUtils",2
"1372",17,"lang","org.apache.commons.lang3.text.StrBuilder$StrBuilderReader","org.apache.commons.lang3.text.StrBuilder",88
"1373",17,"lang","org.apache.commons.lang3.text.StrSubstitutor","org.apache.commons.lang3.text.StrBuilder",246
"1374",17,"lang","org.apache.commons.lang3.text.translate.UnicodeEscaper","org.apache.commons.lang3.text.translate.CharSequenceTranslator",35
"1375",17,"lang","org.apache.commons.lang3.time.DurationFormatUtils","org.apache.commons.lang3.time.DurationFormatUtils$Token",9
"1376",17,"lang","org.apache.commons.lang3.time.FastDateFormat","org.apache.commons.lang3.time.FastDateFormat$TextField",11
"1377",17,"math","org.apache.commons.math.analysis.LaguerreSolver","org.apache.commons.math.complex.Complex",15
"1378",17,"math","org.apache.commons.math.analysis.MullerSolver","org.apache.commons.math.analysis.UnivariateRealSolverImpl",100
"1379",17,"math","org.apache.commons.math.distribution.AbstractIntegerDistribution","org.apache.commons.math.distribution.HypergeometricDistributionImpl",65
"1380",17,"math","org.apache.commons.math.fraction.ProperFractionFormat","org.apache.commons.math.fraction.FractionFormat",48
"1381",17,"math","org.apache.commons.math.geometry.Rotation","org.apache.commons.math.geometry.Vector3D",141
"1382",17,"math","org.apache.commons.math.linear.MatrixUtils","org.apache.commons.math.linear.BigMatrixImpl",113
"1383",17,"math","org.apache.commons.math.ode.AbstractStepInterpolator","org.apache.commons.math.ode.DormandPrince853StepInterpolator",68
"1384",17,"math","org.apache.commons.math.ode.ContinuousOutputModel","org.apache.commons.math.ode.AbstractStepInterpolator",8
"1385",17,"math","org.apache.commons.math.ode.EmbeddedRungeKuttaIntegrator","org.apache.commons.math.ode.DormandPrince853Integrator",12
"1386",17,"math","org.apache.commons.math.ode.GraggBulirschStoerIntegrator","org.apache.commons.math.ode.AdaptiveStepsizeIntegrator",90
"1387",17,"math","org.apache.commons.math.ode.GraggBulirschStoerIntegrator","org.apache.commons.math.ode.SwitchingFunctionsHandler",12
"1388",17,"math","org.apache.commons.math.ode.GraggBulirschStoerStepInterpolator","org.apache.commons.math.ode.AbstractStepInterpolator",5
"1389",17,"math","org.apache.commons.math.ode.SwitchingFunctionsHandler","org.apache.commons.math.ode.SwitchState",30
"1390",17,"math","org.apache.commons.math.ode.SwitchState","org.apache.commons.math.analysis.BrentSolver",2
"1391",17,"math","org.apache.commons.math.optimization.NelderMead","org.apache.commons.math.optimization.DirectSearchOptimizer",92
"1392",17,"math","org.apache.commons.math.random.EmpiricalDistributionImpl","org.apache.commons.math.stat.descriptive.SummaryStatistics",5
"1393",17,"math","org.apache.commons.math.stat.descriptive.AbstractStorelessUnivariateStatistic","org.apache.commons.math.stat.descriptive.moment.Variance",60
"1394",17,"math","org.apache.commons.math.stat.descriptive.DescriptiveStatistics","org.apache.commons.math.util.ResizableDoubleArray",149
"1395",17,"math","org.apache.commons.math.stat.inference.TTestImpl","org.apache.commons.math.stat.StatUtils",18
"1396",17,"math","org.apache.commons.math.transform.FastFourierTransformer","org.apache.commons.math.complex.Complex",23
"1397",17,"mockito","org.mockito.asm.AnnotationWriter","org.mockito.asm.ClassWriter",468
"1398",17,"mockito","org.mockito.asm.MethodWriter","org.mockito.asm.ByteVector",56
"1399",17,"mockito","org.mockito.asm.MethodWriter","org.mockito.asm.ClassWriter",54
"1400",17,"mockito","org.mockito.asm.tree.analysis.BasicVerifier","org.mockito.asm.tree.analysis.BasicInterpreter",35
"1401",17,"mockito","org.mockito.asm.tree.analysis.BasicVerifier","org.mockito.asm.tree.analysis.SimpleVerifier",10
"1402",17,"mockito","org.mockito.asm.util.ASMifierClassVisitor","org.mockito.asm.util.ASMifierAbstractVisitor",24
"1403",17,"mockito","org.mockito.cglib.core.CodeEmitter","org.mockito.cglib.core.TypeUtils",216
"1404",17,"mockito","org.mockito.cglib.core.EmitUtils","org.mockito.cglib.core.CodeEmitter",13
"1405",17,"mockito","org.mockito.cglib.proxy.Enhancer","org.mockito.cglib.core.CodeEmitter",1
"1406",17,"mockito","org.mockito.cglib.proxy.Enhancer","org.mockito.cglib.core.ReflectUtils",41
"1407",17,"time","org.joda.time.base.AbstractPartial","org.joda.time.MonthDay",34
"1408",17,"time","org.joda.time.base.AbstractPartial","org.joda.time.TimeOfDay",6
"1409",17,"time","org.joda.time.base.AbstractPartial","org.joda.time.YearMonth",12
"1410",17,"time","org.joda.time.base.BasePeriod","org.joda.time.base.AbstractPeriod",79
"1411",17,"time","org.joda.time.chrono.BasicChronology","org.joda.time.chrono.EthiopicChronology",8
"1412",17,"time","org.joda.time.chrono.BasicChronology","org.joda.time.chrono.IslamicChronology",27
"1413",17,"time","org.joda.time.chrono.BasicWeekyearDateTimeField","org.joda.time.chrono.BasicChronology",31
"1414",17,"time","org.joda.time.chrono.CopticChronology","org.joda.time.DateTimeZone",54
"1415",17,"time","org.joda.time.chrono.GJChronology","org.joda.time.chrono.GJChronology$CutoverField",13
"1416",17,"time","org.joda.time.chrono.GJChronology","org.joda.time.chrono.JulianChronology",49
"1417",17,"time","org.joda.time.chrono.ISOChronology","org.joda.time.chrono.AssembledChronology",78
"1418",17,"time","org.joda.time.chrono.ISOChronology","org.joda.time.DateTimeZone",65
"1419",17,"time","org.joda.time.chrono.ZonedChronology","org.joda.time.chrono.AssembledChronology",66
"1420",17,"time","org.joda.time.chrono.ZonedChronology$ZonedDateTimeField","org.joda.time.DateTimeZone",25
"1421",17,"time","org.joda.time.DateTimeUtils","org.joda.time.DateTimeZone",98
"1422",17,"time","org.joda.time.DateTimeZone","org.joda.time.field.FieldUtils",12
"1423",17,"time","org.joda.time.DateTimeZone","org.joda.time.format.DateTimeFormat",2
"1424",17,"time","org.joda.time.DateTimeZone","org.joda.time.format.FormatUtils",61
"1425",17,"time","org.joda.time.DateTimeZone","org.joda.time.tz.FixedDateTimeZone",21
"1426",17,"time","org.joda.time.Days","org.joda.time.base.BaseSingleFieldPeriod",112
"1427",17,"time","org.joda.time.format.DateTimeFormat","org.joda.time.format.DateTimeFormatterBuilder",6
"1428",17,"time","org.joda.time.format.DateTimeFormatter","org.joda.time.DateTimeZone",5
"1429",17,"time","org.joda.time.format.DateTimeFormatter","org.joda.time.format.DateTimeParserBucket",47
"1430",17,"time","org.joda.time.format.DateTimeFormatterBuilder$PaddedNumber","org.joda.time.format.DateTimeFormatterBuilder",2
"1431",17,"time","org.joda.time.format.DateTimeFormatterBuilder$TextField","org.joda.time.format.DateTimeParserBucket",66
"1432",17,"time","org.joda.time.format.DateTimeFormatterBuilder$TextField","org.joda.time.MutableDateTime",11
"1433",17,"time","org.joda.time.format.DateTimeParserBucket$SavedState","org.joda.time.format.DateTimeParserBucket",15
"1434",17,"time","org.joda.time.format.ISODateTimeFormat","org.joda.time.format.DateTimeFormatterBuilder",4
"1435",17,"time","org.joda.time.Hours","org.joda.time.base.BaseSingleFieldPeriod",91
"1436",17,"time","org.joda.time.LocalDate","org.joda.time.format.ISODateTimeFormat",1
"1437",17,"time","org.joda.time.LocalDateTime","org.joda.time.DateTimeZone",121
"1438",17,"time","org.joda.time.LocalDateTime","org.joda.time.format.DateTimeFormatter",5
"1439",17,"time","org.joda.time.LocalTime$Property","org.joda.time.LocalTime",8
"1440",17,"time","org.joda.time.Minutes","org.joda.time.base.BaseSingleFieldPeriod",110
"1441",17,"time","org.joda.time.MutableInterval","org.joda.time.base.BaseInterval",19
"1442",17,"time","org.joda.time.MutablePeriod","org.joda.time.base.BasePeriod",11
"1443",17,"time","org.joda.time.Period","org.joda.time.base.AbstractPeriod",72
"1444",17,"time","org.joda.time.Period","org.joda.time.base.BasePeriod",11
"1445",17,"time","org.joda.time.Period","org.joda.time.PeriodType",831
"1446",17,"time","org.joda.time.Seconds","org.joda.time.base.BaseSingleFieldPeriod",120
"1447",17,"time","org.joda.time.tz.ZoneInfoCompiler","org.joda.time.DateTimeZone",72
"1448",17,"time","org.joda.time.Weeks","org.joda.time.base.BaseSingleFieldPeriod",123
"1449",17,"time","org.joda.time.YearMonthDay","org.joda.time.base.BasePartial",12
"1450",18,"closure","com.google.javascript.rhino.head.IdScriptableObject","com.google.javascript.rhino.head.ScriptableObject",155
"1451",18,"closure","com.google.javascript.rhino.head.IRFactory","com.google.javascript.rhino.head.Parser",13
"1452",18,"closure","com.google.javascript.rhino.head.NativeArray","com.google.javascript.rhino.head.ScriptableObject",2
"1453",18,"closure","com.google.javascript.rhino.head.NativeArray","com.google.javascript.rhino.head.ScriptRuntime",33
"1454",18,"closure","com.google.javascript.rhino.head.regexp.NativeRegExp","com.google.javascript.rhino.head.ScriptRuntime",25
"1455",18,"closure","com.google.javascript.rhino.head.ScriptRuntime","com.google.javascript.rhino.head.ScriptableObject",20
"1456",18,"closure","com.google.javascript.rhino.head.tools.debugger.Dim","com.google.javascript.rhino.head.ScriptRuntime",20
"1457",18,"closure","com.google.javascript.rhino.JSDocInfoBuilder","com.google.javascript.rhino.JSDocInfo",274
"1458",18,"closure","com.google.javascript.rhino.jstype.JSType","com.google.javascript.rhino.jstype.FunctionType",264
"1459",18,"closure","com.google.javascript.rhino.jstype.JSType","com.google.javascript.rhino.jstype.UnionType",26
"1460",18,"lang","org.apache.commons.lang3.builder.ReflectionToStringBuilder","org.apache.commons.lang3.builder.ToStringBuilder",7
"1461",18,"lang","org.apache.commons.lang3.builder.ToStringBuilder","org.apache.commons.lang3.builder.ToStringStyle",2
"1462",18,"lang","org.apache.commons.lang3.concurrent.MultiBackgroundInitializer","org.apache.commons.lang3.concurrent.BackgroundInitializer",4
"1463",18,"lang","org.apache.commons.lang3.StringUtils","org.apache.commons.lang3.ArrayUtils",5
"1464",18,"lang","org.apache.commons.lang3.text.StrBuilder$StrBuilderReader","org.apache.commons.lang3.text.StrBuilder",81
"1465",18,"lang","org.apache.commons.lang3.text.StrSubstitutor","org.apache.commons.lang3.text.StrBuilder",234
"1466",18,"lang","org.apache.commons.lang3.text.translate.UnicodeEscaper","org.apache.commons.lang3.text.translate.CharSequenceTranslator",35
"1467",18,"lang","org.apache.commons.lang3.time.DurationFormatUtils","org.apache.commons.lang3.time.DurationFormatUtils$Token",20
"1468",18,"lang","org.apache.commons.lang3.time.FastDateFormat","org.apache.commons.lang3.time.FastDateFormat$TextField",4
"1469",18,"math","org.apache.commons.math.analysis.LaguerreSolver","org.apache.commons.math.complex.Complex",17
"1470",18,"math","org.apache.commons.math.analysis.MullerSolver","org.apache.commons.math.analysis.UnivariateRealSolverImpl",100
"1471",18,"math","org.apache.commons.math.distribution.AbstractIntegerDistribution","org.apache.commons.math.distribution.HypergeometricDistributionImpl",59
"1472",18,"math","org.apache.commons.math.fraction.ProperFractionFormat","org.apache.commons.math.fraction.FractionFormat",91
"1473",18,"math","org.apache.commons.math.geometry.Rotation","org.apache.commons.math.geometry.Vector3D",137
"1474",18,"math","org.apache.commons.math.linear.MatrixUtils","org.apache.commons.math.linear.BigMatrixImpl",111
"1475",18,"math","org.apache.commons.math.ode.AbstractStepInterpolator","org.apache.commons.math.ode.DormandPrince853StepInterpolator",71
"1476",18,"math","org.apache.commons.math.ode.ContinuousOutputModel","org.apache.commons.math.ode.AbstractStepInterpolator",9
"1477",18,"math","org.apache.commons.math.ode.EmbeddedRungeKuttaIntegrator","org.apache.commons.math.ode.DormandPrince853Integrator",9
"1478",18,"math","org.apache.commons.math.ode.EmbeddedRungeKuttaIntegrator","org.apache.commons.math.ode.HighamHall54Integrator",4
"1479",18,"math","org.apache.commons.math.ode.GraggBulirschStoerIntegrator","org.apache.commons.math.ode.AdaptiveStepsizeIntegrator",84
"1480",18,"math","org.apache.commons.math.ode.GraggBulirschStoerIntegrator","org.apache.commons.math.ode.SwitchingFunctionsHandler",3
"1481",18,"math","org.apache.commons.math.ode.GraggBulirschStoerStepInterpolator","org.apache.commons.math.ode.AbstractStepInterpolator",6
"1482",18,"math","org.apache.commons.math.ode.SwitchingFunctionsHandler","org.apache.commons.math.ode.SwitchState",29
"1483",18,"math","org.apache.commons.math.optimization.NelderMead","org.apache.commons.math.optimization.DirectSearchOptimizer",110
"1484",18,"math","org.apache.commons.math.random.EmpiricalDistributionImpl","org.apache.commons.math.stat.descriptive.SummaryStatistics",2
"1485",18,"math","org.apache.commons.math.stat.descriptive.AbstractStorelessUnivariateStatistic","org.apache.commons.math.stat.descriptive.moment.Variance",31
"1486",18,"math","org.apache.commons.math.stat.descriptive.DescriptiveStatistics","org.apache.commons.math.util.ResizableDoubleArray",135
"1487",18,"math","org.apache.commons.math.stat.inference.TTestImpl","org.apache.commons.math.stat.StatUtils",31
"1488",18,"math","org.apache.commons.math.transform.FastFourierTransformer","org.apache.commons.math.complex.Complex",16
"1489",18,"mockito","org.mockito.asm.AnnotationWriter","org.mockito.asm.ClassWriter",403
"1490",18,"mockito","org.mockito.asm.MethodWriter","org.mockito.asm.ByteVector",92
"1491",18,"mockito","org.mockito.asm.MethodWriter","org.mockito.asm.ClassWriter",77
"1492",18,"mockito","org.mockito.asm.tree.analysis.BasicVerifier","org.mockito.asm.tree.analysis.BasicInterpreter",31
"1493",18,"mockito","org.mockito.asm.tree.analysis.BasicVerifier","org.mockito.asm.tree.analysis.SimpleVerifier",14
"1494",18,"mockito","org.mockito.cglib.core.CodeEmitter","org.mockito.cglib.core.TypeUtils",222
"1495",18,"mockito","org.mockito.cglib.core.EmitUtils","org.mockito.cglib.core.CodeEmitter",18
"1496",18,"mockito","org.mockito.cglib.proxy.Enhancer","org.mockito.cglib.core.ReflectUtils",37
"1497",18,"mockito","org.mockito.cglib.proxy.Mixin$Generator","org.mockito.cglib.core.ReflectUtils",73
"1498",18,"time","org.joda.time.base.AbstractPartial","org.joda.time.MonthDay",5
"1499",18,"time","org.joda.time.base.AbstractPartial","org.joda.time.TimeOfDay",1
"1500",18,"time","org.joda.time.base.AbstractPartial","org.joda.time.YearMonth",22
"1501",18,"time","org.joda.time.base.BasePeriod","org.joda.time.base.AbstractPeriod",82
"1502",18,"time","org.joda.time.chrono.BasicChronology","org.joda.time.chrono.CopticChronology",22
"1503",18,"time","org.joda.time.chrono.BasicChronology","org.joda.time.chrono.EthiopicChronology",18
"1504",18,"time","org.joda.time.chrono.BasicChronology","org.joda.time.chrono.IslamicChronology",172
"1505",18,"time","org.joda.time.chrono.BasicWeekyearDateTimeField","org.joda.time.chrono.BasicChronology",5
"1506",18,"time","org.joda.time.chrono.CopticChronology","org.joda.time.DateTimeZone",51
"1507",18,"time","org.joda.time.chrono.GJChronology","org.joda.time.chrono.GJChronology$CutoverField",38
"1508",18,"time","org.joda.time.chrono.GJChronology","org.joda.time.chrono.JulianChronology",25
"1509",18,"time","org.joda.time.chrono.ISOChronology","org.joda.time.chrono.AssembledChronology",133
"1510",18,"time","org.joda.time.chrono.ISOChronology","org.joda.time.DateTimeZone",33
"1511",18,"time","org.joda.time.chrono.ZonedChronology","org.joda.time.chrono.AssembledChronology",45
"1512",18,"time","org.joda.time.chrono.ZonedChronology","org.joda.time.DateTimeZone",91
"1513",18,"time","org.joda.time.chrono.ZonedChronology$ZonedDateTimeField","org.joda.time.DateTimeZone",41
"1514",18,"time","org.joda.time.DateTimeUtils","org.joda.time.DateTimeZone",69
"1515",18,"time","org.joda.time.DateTimeZone","org.joda.time.field.FieldUtils",12
"1516",18,"time","org.joda.time.DateTimeZone","org.joda.time.format.FormatUtils",56
"1517",18,"time","org.joda.time.DateTimeZone","org.joda.time.tz.FixedDateTimeZone",21
"1518",18,"time","org.joda.time.Days","org.joda.time.base.BaseSingleFieldPeriod",112
"1519",18,"time","org.joda.time.format.DateTimeFormat","org.joda.time.format.DateTimeFormat$StyleFormatter",17
"1520",18,"time","org.joda.time.format.DateTimeFormat","org.joda.time.format.DateTimeFormatterBuilder",3
"1521",18,"time","org.joda.time.format.DateTimeFormatter","org.joda.time.DateTimeZone",19
"1522",18,"time","org.joda.time.format.DateTimeFormatter","org.joda.time.format.DateTimeParserBucket",71
"1523",18,"time","org.joda.time.format.DateTimeFormatterBuilder$PaddedNumber","org.joda.time.format.DateTimeFormatterBuilder",18
"1524",18,"time","org.joda.time.format.DateTimeFormatterBuilder$TextField","org.joda.time.format.DateTimeParserBucket",44
"1525",18,"time","org.joda.time.format.DateTimeFormatterBuilder$TextField","org.joda.time.MutableDateTime",11
"1526",18,"time","org.joda.time.format.DateTimeParserBucket$SavedState","org.joda.time.format.DateTimeParserBucket",15
"1527",18,"time","org.joda.time.format.ISODateTimeFormat","org.joda.time.format.DateTimeFormatterBuilder",14
"1528",18,"time","org.joda.time.Hours","org.joda.time.base.BaseSingleFieldPeriod",123
"1529",18,"time","org.joda.time.LocalDate","org.joda.time.format.ISODateTimeFormat",4
"1530",18,"time","org.joda.time.LocalDateTime","org.joda.time.DateTimeZone",62
"1531",18,"time","org.joda.time.LocalTime$Property","org.joda.time.LocalTime",18
"1532",18,"time","org.joda.time.Minutes","org.joda.time.base.BaseSingleFieldPeriod",136
"1533",18,"time","org.joda.time.MutableInterval","org.joda.time.base.BaseInterval",12
"1534",18,"time","org.joda.time.MutablePeriod","org.joda.time.base.BasePeriod",20
"1535",18,"time","org.joda.time.Period","org.joda.time.base.AbstractPeriod",68
"1536",18,"time","org.joda.time.Period","org.joda.time.base.BasePeriod",5
"1537",18,"time","org.joda.time.Period","org.joda.time.PeriodType",839
"1538",18,"time","org.joda.time.Seconds","org.joda.time.base.BaseSingleFieldPeriod",129
"1539",18,"time","org.joda.time.tz.ZoneInfoCompiler","org.joda.time.DateTimeZone",119
"1540",18,"time","org.joda.time.Weeks","org.joda.time.base.BaseSingleFieldPeriod",100
"1541",18,"time","org.joda.time.YearMonthDay","org.joda.time.base.BasePartial",5
"1542",19,"closure","com.google.javascript.rhino.head.IdScriptableObject","com.google.javascript.rhino.head.ScriptableObject",94
"1543",19,"closure","com.google.javascript.rhino.head.NativeArray","com.google.javascript.rhino.head.IdScriptableObject",18
"1544",19,"closure","com.google.javascript.rhino.head.NativeArray","com.google.javascript.rhino.head.ScriptableObject",4
"1545",19,"closure","com.google.javascript.rhino.head.regexp.NativeRegExp","com.google.javascript.rhino.head.ScriptRuntime",15
"1546",19,"closure","com.google.javascript.rhino.head.ScriptableObject","com.google.javascript.rhino.head.FunctionObject",20
"1547",19,"closure","com.google.javascript.rhino.head.tools.debugger.Dim","com.google.javascript.rhino.head.ScriptRuntime",11
"1548",19,"closure","com.google.javascript.rhino.jstype.JSType","com.google.javascript.rhino.jstype.UnionType",28
"1549",19,"lang","org.apache.commons.lang3.builder.ReflectionToStringBuilder","org.apache.commons.lang3.builder.ToStringBuilder",2
"1550",19,"lang","org.apache.commons.lang3.concurrent.MultiBackgroundInitializer","org.apache.commons.lang3.concurrent.BackgroundInitializer",3
"1551",19,"lang","org.apache.commons.lang3.text.StrBuilder$StrBuilderReader","org.apache.commons.lang3.text.StrBuilder",93
"1552",19,"lang","org.apache.commons.lang3.text.StrSubstitutor","org.apache.commons.lang3.text.StrBuilder",307
"1553",19,"lang","org.apache.commons.lang3.text.translate.UnicodeEscaper","org.apache.commons.lang3.text.translate.CharSequenceTranslator",35
"1554",19,"lang","org.apache.commons.lang3.time.DurationFormatUtils","org.apache.commons.lang3.time.DurationFormatUtils$Token",20
"1555",19,"lang","org.apache.commons.lang3.time.FastDateFormat","org.apache.commons.lang3.time.FastDateFormat$TextField",12
"1556",19,"math","org.apache.commons.math.analysis.LaguerreSolver","org.apache.commons.math.complex.Complex",36
"1557",19,"math","org.apache.commons.math.analysis.MullerSolver","org.apache.commons.math.analysis.UnivariateRealSolverImpl",106
"1558",19,"math","org.apache.commons.math.distribution.AbstractIntegerDistribution","org.apache.commons.math.distribution.HypergeometricDistributionImpl",49
"1559",19,"math","org.apache.commons.math.fraction.ProperFractionFormat","org.apache.commons.math.fraction.FractionFormat",97
"1560",19,"math","org.apache.commons.math.geometry.Rotation","org.apache.commons.math.geometry.Vector3D",161
"1561",19,"math","org.apache.commons.math.linear.MatrixUtils","org.apache.commons.math.linear.BigMatrixImpl",108
"1562",19,"math","org.apache.commons.math.ode.AbstractStepInterpolator","org.apache.commons.math.ode.DormandPrince853StepInterpolator",70
"1563",19,"math","org.apache.commons.math.ode.ContinuousOutputModel","org.apache.commons.math.ode.AbstractStepInterpolator",7
"1564",19,"math","org.apache.commons.math.ode.EmbeddedRungeKuttaIntegrator","org.apache.commons.math.ode.DormandPrince853Integrator",12
"1565",19,"math","org.apache.commons.math.ode.GraggBulirschStoerIntegrator","org.apache.commons.math.ode.AdaptiveStepsizeIntegrator",83
"1566",19,"math","org.apache.commons.math.ode.GraggBulirschStoerIntegrator","org.apache.commons.math.ode.SwitchingFunctionsHandler",11
"1567",19,"math","org.apache.commons.math.ode.GraggBulirschStoerStepInterpolator","org.apache.commons.math.ode.AbstractStepInterpolator",10
"1568",19,"math","org.apache.commons.math.ode.SwitchingFunctionsHandler","org.apache.commons.math.ode.SwitchState",36
"1569",19,"math","org.apache.commons.math.ode.SwitchState","org.apache.commons.math.analysis.BrentSolver",8
"1570",19,"math","org.apache.commons.math.optimization.NelderMead","org.apache.commons.math.optimization.DirectSearchOptimizer",135
"1571",19,"math","org.apache.commons.math.random.EmpiricalDistributionImpl","org.apache.commons.math.stat.descriptive.SummaryStatistics",2
"1572",19,"math","org.apache.commons.math.stat.descriptive.AbstractStorelessUnivariateStatistic","org.apache.commons.math.stat.descriptive.moment.Variance",59
"1573",19,"math","org.apache.commons.math.stat.descriptive.DescriptiveStatistics","org.apache.commons.math.util.ResizableDoubleArray",120
"1574",19,"math","org.apache.commons.math.stat.inference.TTestImpl","org.apache.commons.math.stat.StatUtils",20
"1575",19,"math","org.apache.commons.math.transform.FastFourierTransformer","org.apache.commons.math.complex.Complex",25
"1576",19,"mockito","org.mockito.asm.AnnotationWriter","org.mockito.asm.ClassWriter",495
"1577",19,"mockito","org.mockito.asm.MethodWriter","org.mockito.asm.ByteVector",87
"1578",19,"mockito","org.mockito.asm.MethodWriter","org.mockito.asm.ClassWriter",95
"1579",19,"mockito","org.mockito.asm.tree.analysis.BasicVerifier","org.mockito.asm.tree.analysis.BasicInterpreter",25
"1580",19,"mockito","org.mockito.asm.tree.analysis.BasicVerifier","org.mockito.asm.tree.analysis.SimpleVerifier",11
"1581",19,"mockito","org.mockito.asm.util.ASMifierClassVisitor","org.mockito.asm.util.ASMifierAbstractVisitor",24
"1582",19,"mockito","org.mockito.cglib.core.ClassEmitter","org.mockito.cglib.transform.impl.InterceptFieldTransformer",10
"1583",19,"mockito","org.mockito.cglib.core.CodeEmitter","org.mockito.cglib.core.ClassEmitter",1
"1584",19,"mockito","org.mockito.cglib.core.CodeEmitter","org.mockito.cglib.core.TypeUtils",228
"1585",19,"mockito","org.mockito.cglib.core.EmitUtils","org.mockito.cglib.core.CodeEmitter",14
"1586",19,"mockito","org.mockito.cglib.proxy.Enhancer","org.mockito.cglib.core.ReflectUtils",43
"1587",19,"mockito","org.mockito.cglib.proxy.Mixin$Generator","org.mockito.cglib.core.AbstractClassGenerator",2
"1588",19,"mockito","org.mockito.cglib.proxy.Mixin$Generator","org.mockito.cglib.core.ReflectUtils",71
"1589",19,"time","org.joda.time.base.AbstractPartial","org.joda.time.MonthDay",8
"1590",19,"time","org.joda.time.base.AbstractPartial","org.joda.time.TimeOfDay",4
"1591",19,"time","org.joda.time.base.AbstractPartial","org.joda.time.YearMonth",39
"1592",19,"time","org.joda.time.base.BasePeriod","org.joda.time.base.AbstractPeriod",80
"1593",19,"time","org.joda.time.chrono.BasicChronology","org.joda.time.chrono.CopticChronology",4
"1594",19,"time","org.joda.time.chrono.BasicChronology","org.joda.time.chrono.EthiopicChronology",8
"1595",19,"time","org.joda.time.chrono.BasicChronology","org.joda.time.chrono.IslamicChronology",165
"1596",19,"time","org.joda.time.chrono.BasicWeekyearDateTimeField","org.joda.time.chrono.BasicChronology",12
"1597",19,"time","org.joda.time.chrono.CopticChronology","org.joda.time.DateTimeZone",22
"1598",19,"time","org.joda.time.chrono.GJChronology","org.joda.time.chrono.GJChronology$CutoverField",32
"1599",19,"time","org.joda.time.chrono.GJChronology","org.joda.time.chrono.JulianChronology",39
"1600",19,"time","org.joda.time.chrono.ISOChronology","org.joda.time.chrono.AssembledChronology",80
"1601",19,"time","org.joda.time.chrono.ISOChronology","org.joda.time.DateTimeZone",21
"1602",19,"time","org.joda.time.chrono.ZonedChronology","org.joda.time.chrono.AssembledChronology",146
"1603",19,"time","org.joda.time.chrono.ZonedChronology$ZonedDateTimeField","org.joda.time.DateTimeZone",37
"1604",19,"time","org.joda.time.DateTimeUtils","org.joda.time.DateTimeZone",12
"1605",19,"time","org.joda.time.DateTimeZone","org.joda.time.field.FieldUtils",12
"1606",19,"time","org.joda.time.DateTimeZone","org.joda.time.format.FormatUtils",52
"1607",19,"time","org.joda.time.DateTimeZone","org.joda.time.tz.FixedDateTimeZone",18
"1608",19,"time","org.joda.time.Days","org.joda.time.base.BaseSingleFieldPeriod",111
"1609",19,"time","org.joda.time.format.DateTimeFormat","org.joda.time.format.DateTimeFormat$StyleFormatter",8
"1610",19,"time","org.joda.time.format.DateTimeFormat","org.joda.time.format.DateTimeFormatterBuilder",9
"1611",19,"time","org.joda.time.format.DateTimeFormatter","org.joda.time.DateTimeZone",25
"1612",19,"time","org.joda.time.format.DateTimeFormatter","org.joda.time.format.DateTimeParserBucket",35
"1613",19,"time","org.joda.time.format.DateTimeFormatterBuilder$PaddedNumber","org.joda.time.format.DateTimeFormatterBuilder",72
"1614",19,"time","org.joda.time.format.DateTimeFormatterBuilder$TextField","org.joda.time.format.DateTimeParserBucket",63
"1615",19,"time","org.joda.time.format.DateTimeFormatterBuilder$TextField","org.joda.time.MutableDateTime",8
"1616",19,"time","org.joda.time.format.DateTimeParserBucket$SavedState","org.joda.time.format.DateTimeParserBucket",16
"1617",19,"time","org.joda.time.format.ISODateTimeFormat","org.joda.time.format.DateTimeFormatterBuilder",13
"1618",19,"time","org.joda.time.Hours","org.joda.time.base.BaseSingleFieldPeriod",77
"1619",19,"time","org.joda.time.LocalDate","org.joda.time.format.ISODateTimeFormat",1
"1620",19,"time","org.joda.time.LocalDateTime","org.joda.time.DateTimeZone",30
"1621",19,"time","org.joda.time.LocalDateTime","org.joda.time.format.DateTimeFormatter",3
"1622",19,"time","org.joda.time.LocalTime$Property","org.joda.time.LocalTime",109
"1623",19,"time","org.joda.time.Minutes","org.joda.time.base.BaseSingleFieldPeriod",141
"1624",19,"time","org.joda.time.MutableInterval","org.joda.time.base.BaseInterval",21
"1625",19,"time","org.joda.time.MutablePeriod","org.joda.time.base.BasePeriod",8
"1626",19,"time","org.joda.time.Period","org.joda.time.base.AbstractPeriod",73
"1627",19,"time","org.joda.time.Period","org.joda.time.base.BasePeriod",2
"1628",19,"time","org.joda.time.Period","org.joda.time.PeriodType",824
"1629",19,"time","org.joda.time.Seconds","org.joda.time.base.BaseSingleFieldPeriod",140
"1630",19,"time","org.joda.time.tz.ZoneInfoCompiler","org.joda.time.DateTimeZone",80
"1631",19,"time","org.joda.time.Weeks","org.joda.time.base.BaseSingleFieldPeriod",117
"1632",19,"time","org.joda.time.YearMonthDay","org.joda.time.base.BasePartial",8
"1633",20,"closure","com.google.javascript.rhino.head.IdScriptableObject","com.google.javascript.rhino.head.ScriptableObject",8
"1634",20,"closure","com.google.javascript.rhino.head.IRFactory","com.google.javascript.rhino.head.Node",61
"1635",20,"closure","com.google.javascript.rhino.head.IRFactory","com.google.javascript.rhino.head.Parser",10
"1636",20,"closure","com.google.javascript.rhino.head.NativeArray","com.google.javascript.rhino.head.IdScriptableObject",11
"1637",20,"closure","com.google.javascript.rhino.head.NativeArray","com.google.javascript.rhino.head.ScriptableObject",19
"1638",20,"closure","com.google.javascript.rhino.head.regexp.NativeRegExp","com.google.javascript.rhino.head.ScriptRuntime",16
"1639",20,"closure","com.google.javascript.rhino.head.ScriptableObject","com.google.javascript.rhino.head.FunctionObject",24
"1640",20,"closure","com.google.javascript.rhino.JSDocInfoBuilder","com.google.javascript.rhino.JSDocInfo",527
"1641",20,"closure","com.google.javascript.rhino.jstype.JSType","com.google.javascript.rhino.jstype.ProxyObjectType",4
"1642",20,"closure","com.google.javascript.rhino.jstype.JSType","com.google.javascript.rhino.jstype.UnionType",5
"1643",20,"lang","org.apache.commons.lang3.builder.ToStringBuilder","org.apache.commons.lang3.builder.ToStringStyle",5
"1644",20,"lang","org.apache.commons.lang3.concurrent.MultiBackgroundInitializer","org.apache.commons.lang3.concurrent.BackgroundInitializer",7
"1645",20,"lang","org.apache.commons.lang3.text.StrBuilder$StrBuilderReader","org.apache.commons.lang3.text.StrBuilder",69
"1646",20,"lang","org.apache.commons.lang3.text.StrSubstitutor","org.apache.commons.lang3.text.StrBuilder",260
"1647",20,"lang","org.apache.commons.lang3.text.translate.UnicodeEscaper","org.apache.commons.lang3.text.translate.CharSequenceTranslator",35
"1648",20,"lang","org.apache.commons.lang3.time.DurationFormatUtils","org.apache.commons.lang3.time.DurationFormatUtils$Token",15
"1649",20,"lang","org.apache.commons.lang3.time.FastDateFormat","org.apache.commons.lang3.time.FastDateFormat$TextField",4
"1650",20,"math","org.apache.commons.math.analysis.LaguerreSolver","org.apache.commons.math.complex.Complex",2
"1651",20,"math","org.apache.commons.math.analysis.MullerSolver","org.apache.commons.math.analysis.UnivariateRealSolverImpl",106
"1652",20,"math","org.apache.commons.math.distribution.AbstractIntegerDistribution","org.apache.commons.math.distribution.HypergeometricDistributionImpl",55
"1653",20,"math","org.apache.commons.math.fraction.ProperFractionFormat","org.apache.commons.math.fraction.FractionFormat",93
"1654",20,"math","org.apache.commons.math.geometry.Rotation","org.apache.commons.math.geometry.Vector3D",115
"1655",20,"math","org.apache.commons.math.linear.MatrixUtils","org.apache.commons.math.linear.BigMatrixImpl",102
"1656",20,"math","org.apache.commons.math.ode.AbstractStepInterpolator","org.apache.commons.math.ode.DormandPrince853StepInterpolator",66
"1657",20,"math","org.apache.commons.math.ode.ContinuousOutputModel","org.apache.commons.math.ode.AbstractStepInterpolator",8
"1658",20,"math","org.apache.commons.math.ode.EmbeddedRungeKuttaIntegrator","org.apache.commons.math.ode.DormandPrince853Integrator",11
"1659",20,"math","org.apache.commons.math.ode.EmbeddedRungeKuttaIntegrator","org.apache.commons.math.ode.HighamHall54Integrator",5
"1660",20,"math","org.apache.commons.math.ode.GraggBulirschStoerIntegrator","org.apache.commons.math.ode.AdaptiveStepsizeIntegrator",88
"1661",20,"math","org.apache.commons.math.ode.GraggBulirschStoerIntegrator","org.apache.commons.math.ode.SwitchingFunctionsHandler",4
"1662",20,"math","org.apache.commons.math.ode.GraggBulirschStoerStepInterpolator","org.apache.commons.math.ode.AbstractStepInterpolator",10
"1663",20,"math","org.apache.commons.math.ode.SwitchingFunctionsHandler","org.apache.commons.math.ode.SwitchState",23
"1664",20,"math","org.apache.commons.math.ode.SwitchState","org.apache.commons.math.analysis.BrentSolver",6
"1665",20,"math","org.apache.commons.math.optimization.NelderMead","org.apache.commons.math.optimization.DirectSearchOptimizer",107
"1666",20,"math","org.apache.commons.math.random.EmpiricalDistributionImpl","org.apache.commons.math.stat.descriptive.SummaryStatistics",1
"1667",20,"math","org.apache.commons.math.stat.descriptive.AbstractStorelessUnivariateStatistic","org.apache.commons.math.stat.descriptive.moment.Variance",65
"1668",20,"math","org.apache.commons.math.stat.descriptive.DescriptiveStatistics","org.apache.commons.math.util.ResizableDoubleArray",127
"1669",20,"math","org.apache.commons.math.stat.inference.TTestImpl","org.apache.commons.math.stat.StatUtils",32
"1670",20,"math","org.apache.commons.math.transform.FastFourierTransformer","org.apache.commons.math.complex.Complex",7
"1671",20,"mockito","org.mockito.asm.AnnotationWriter","org.mockito.asm.ClassWriter",437
"1672",20,"mockito","org.mockito.asm.MethodWriter","org.mockito.asm.ByteVector",76
"1673",20,"mockito","org.mockito.asm.MethodWriter","org.mockito.asm.ClassWriter",47
"1674",20,"mockito","org.mockito.asm.tree.analysis.BasicVerifier","org.mockito.asm.tree.analysis.BasicInterpreter",43
"1675",20,"mockito","org.mockito.asm.tree.analysis.BasicVerifier","org.mockito.asm.tree.analysis.SimpleVerifier",8
"1676",20,"mockito","org.mockito.asm.util.ASMifierClassVisitor","org.mockito.asm.util.ASMifierAbstractVisitor",24
"1677",20,"mockito","org.mockito.cglib.core.CodeEmitter","org.mockito.cglib.core.ClassEmitter",1
"1678",20,"mockito","org.mockito.cglib.core.CodeEmitter","org.mockito.cglib.core.TypeUtils",222
"1679",20,"mockito","org.mockito.cglib.core.EmitUtils","org.mockito.cglib.core.CodeEmitter",4
"1680",20,"mockito","org.mockito.cglib.proxy.Enhancer","org.mockito.cglib.core.CodeEmitter",190
"1681",20,"mockito","org.mockito.cglib.proxy.Enhancer","org.mockito.cglib.core.ReflectUtils",39
"1682",20,"mockito","org.mockito.cglib.proxy.Mixin$Generator","org.mockito.cglib.core.ReflectUtils",68
"1683",20,"time","org.joda.time.base.AbstractPartial","org.joda.time.MonthDay",30
"1684",20,"time","org.joda.time.base.AbstractPartial","org.joda.time.TimeOfDay",22
"1685",20,"time","org.joda.time.base.AbstractPartial","org.joda.time.YearMonth",48
"1686",20,"time","org.joda.time.base.BasePeriod","org.joda.time.base.AbstractPeriod",62
"1687",20,"time","org.joda.time.chrono.BasicChronology","org.joda.time.chrono.CopticChronology",3
"1688",20,"time","org.joda.time.chrono.BasicChronology","org.joda.time.chrono.EthiopicChronology",8
"1689",20,"time","org.joda.time.chrono.BasicChronology","org.joda.time.chrono.IslamicChronology",59
"1690",20,"time","org.joda.time.chrono.BasicWeekyearDateTimeField","org.joda.time.chrono.BasicChronology",9
"1691",20,"time","org.joda.time.chrono.CopticChronology","org.joda.time.DateTimeZone",69
"1692",20,"time","org.joda.time.chrono.GJChronology","org.joda.time.chrono.JulianChronology",41
"1693",20,"time","org.joda.time.chrono.ISOChronology","org.joda.time.chrono.AssembledChronology",150
"1694",20,"time","org.joda.time.chrono.ZonedChronology","org.joda.time.chrono.AssembledChronology",69
"1695",20,"time","org.joda.time.chrono.ZonedChronology","org.joda.time.DateTimeZone",26
"1696",20,"time","org.joda.time.chrono.ZonedChronology$ZonedDateTimeField","org.joda.time.DateTimeZone",44
"1697",20,"time","org.joda.time.DateTimeUtils","org.joda.time.DateTimeZone",27
"1698",20,"time","org.joda.time.DateTimeZone","org.joda.time.field.FieldUtils",22
"1699",20,"time","org.joda.time.DateTimeZone","org.joda.time.format.FormatUtils",41
"1700",20,"time","org.joda.time.DateTimeZone","org.joda.time.tz.FixedDateTimeZone",21
"1701",20,"time","org.joda.time.Days","org.joda.time.base.BaseSingleFieldPeriod",121
"1702",20,"time","org.joda.time.format.DateTimeFormat","org.joda.time.format.DateTimeFormat$StyleFormatter",19
"1703",20,"time","org.joda.time.format.DateTimeFormat","org.joda.time.format.DateTimeFormatterBuilder",4
"1704",20,"time","org.joda.time.format.DateTimeFormatter","org.joda.time.DateTimeZone",24
"1705",20,"time","org.joda.time.format.DateTimeFormatter","org.joda.time.format.DateTimeParserBucket",35
"1706",20,"time","org.joda.time.format.DateTimeFormatterBuilder$TextField","org.joda.time.format.DateTimeParserBucket",32
"1707",20,"time","org.joda.time.format.DateTimeFormatterBuilder$TextField","org.joda.time.MutableDateTime",8
"1708",20,"time","org.joda.time.format.DateTimeParserBucket$SavedState","org.joda.time.format.DateTimeParserBucket",16
"1709",20,"time","org.joda.time.Hours","org.joda.time.base.BaseSingleFieldPeriod",93
"1710",20,"time","org.joda.time.LocalDate","org.joda.time.format.ISODateTimeFormat",3
"1711",20,"time","org.joda.time.LocalDateTime","org.joda.time.format.DateTimeFormatter",1
"1712",20,"time","org.joda.time.LocalTime$Property","org.joda.time.LocalTime",23
"1713",20,"time","org.joda.time.Minutes","org.joda.time.base.BaseSingleFieldPeriod",109
"1714",20,"time","org.joda.time.MutableInterval","org.joda.time.base.BaseInterval",10
"1715",20,"time","org.joda.time.MutablePeriod","org.joda.time.base.BasePeriod",8
"1716",20,"time","org.joda.time.Period","org.joda.time.base.AbstractPeriod",76
"1717",20,"time","org.joda.time.Period","org.joda.time.base.BasePeriod",2
"1718",20,"time","org.joda.time.Period","org.joda.time.PeriodType",818
"1719",20,"time","org.joda.time.Seconds","org.joda.time.base.BaseSingleFieldPeriod",120
"1720",20,"time","org.joda.time.tz.ZoneInfoCompiler","org.joda.time.DateTimeZone",39
"1721",20,"time","org.joda.time.Weeks","org.joda.time.base.BaseSingleFieldPeriod",112
"1722",20,"time","org.joda.time.YearMonthDay","org.joda.time.base.BasePartial",15
