"","executionId","project","caller","callee","killedM"
"1","1","closure","com.google.javascript.rhino.head.IdScriptableObject","com.google.javascript.rhino.head.ScriptableObject",329
"2","1","closure","com.google.javascript.rhino.head.IRFactory","com.google.javascript.rhino.head.Node",1
"3","1","closure","com.google.javascript.rhino.head.IRFactory","com.google.javascript.rhino.head.Parser",93
"4","1","closure","com.google.javascript.rhino.head.NativeArray","com.google.javascript.rhino.head.ScriptableObject",12
"5","1","closure","com.google.javascript.rhino.head.NativeObject","com.google.javascript.rhino.head.ScriptableObject",108
"6","1","closure","com.google.javascript.rhino.head.regexp.NativeRegExp","com.google.javascript.rhino.head.ScriptRuntime",108
"7","1","closure","com.google.javascript.rhino.head.tools.debugger.Dim","com.google.javascript.rhino.head.ScriptRuntime",39
"8","1","closure","com.google.javascript.rhino.jstype.JSType","com.google.javascript.rhino.jstype.FunctionType",255
"9","1","closure","com.google.javascript.rhino.jstype.JSType","com.google.javascript.rhino.jstype.ProxyObjectType",8
"10","1","lang","org.apache.commons.lang3.builder.ToStringBuilder","org.apache.commons.lang3.builder.ToStringStyle",1
"11","1","lang","org.apache.commons.lang3.concurrent.MultiBackgroundInitializer","org.apache.commons.lang3.concurrent.BackgroundInitializer",10
"12","1","lang","org.apache.commons.lang3.text.StrBuilder$StrBuilderReader","org.apache.commons.lang3.text.StrBuilder",4
"13","1","lang","org.apache.commons.lang3.text.StrSubstitutor","org.apache.commons.lang3.text.StrBuilder",9
"14","1","lang","org.apache.commons.lang3.text.translate.UnicodeEscaper","org.apache.commons.lang3.text.translate.CharSequenceTranslator",1
"15","1","lang","org.apache.commons.lang3.time.DurationFormatUtils","org.apache.commons.lang3.time.DurationFormatUtils$Token",5
"16","1","math","org.apache.commons.math.analysis.LaguerreSolver","org.apache.commons.math.complex.Complex",6
"17","1","math","org.apache.commons.math.analysis.MullerSolver","org.apache.commons.math.analysis.UnivariateRealSolverImpl",95
"18","1","math","org.apache.commons.math.linear.MatrixUtils","org.apache.commons.math.linear.BigMatrixImpl",1
"19","1","math","org.apache.commons.math.ode.AbstractStepInterpolator","org.apache.commons.math.ode.DormandPrince853StepInterpolator",73
"20","1","math","org.apache.commons.math.ode.ContinuousOutputModel","org.apache.commons.math.ode.AbstractStepInterpolator",44
"21","1","math","org.apache.commons.math.ode.EmbeddedRungeKuttaIntegrator","org.apache.commons.math.ode.DormandPrince853Integrator",11
"22","1","math","org.apache.commons.math.ode.EmbeddedRungeKuttaIntegrator","org.apache.commons.math.ode.HighamHall54Integrator",6
"23","1","math","org.apache.commons.math.ode.GraggBulirschStoerIntegrator","org.apache.commons.math.ode.AdaptiveStepsizeIntegrator",53
"24","1","math","org.apache.commons.math.ode.GraggBulirschStoerIntegrator","org.apache.commons.math.ode.SwitchingFunctionsHandler",5
"25","1","math","org.apache.commons.math.ode.GraggBulirschStoerStepInterpolator","org.apache.commons.math.ode.AbstractStepInterpolator",45
"26","1","math","org.apache.commons.math.ode.SwitchingFunctionsHandler","org.apache.commons.math.ode.SwitchState",62
"27","1","math","org.apache.commons.math.ode.SwitchState","org.apache.commons.math.analysis.BrentSolver",13
"28","1","math","org.apache.commons.math.optimization.NelderMead","org.apache.commons.math.optimization.DirectSearchOptimizer",60
"29","1","math","org.apache.commons.math.stat.inference.TTestImpl","org.apache.commons.math.stat.StatUtils",2
"30","1","math","org.apache.commons.math.transform.FastFourierTransformer","org.apache.commons.math.complex.Complex",21
"31","1","mockito","org.mockito.asm.AnnotationWriter","org.mockito.asm.ClassWriter",75
"32","1","mockito","org.mockito.asm.MethodWriter","org.mockito.asm.ByteVector",36
"33","1","mockito","org.mockito.asm.MethodWriter","org.mockito.asm.ClassWriter",12
"34","1","mockito","org.mockito.asm.tree.analysis.BasicVerifier","org.mockito.asm.tree.analysis.BasicInterpreter",14
"35","1","mockito","org.mockito.cglib.core.ClassEmitter","org.mockito.cglib.transform.impl.InterceptFieldTransformer",8
"36","1","mockito","org.mockito.cglib.core.CodeEmitter","org.mockito.cglib.core.TypeUtils",62
"37","1","mockito","org.mockito.cglib.core.EmitUtils","org.mockito.cglib.core.CodeEmitter",49
"38","1","mockito","org.mockito.cglib.proxy.Enhancer","org.mockito.cglib.core.ReflectUtils",28
"39","1","mockito","org.mockito.cglib.proxy.Mixin$Generator","org.mockito.cglib.core.ReflectUtils",31
"40","1","time","org.joda.time.base.BasePeriod","org.joda.time.base.AbstractPeriod",1
"41","1","time","org.joda.time.chrono.BasicChronology","org.joda.time.chrono.IslamicChronology",23
"42","1","time","org.joda.time.chrono.BasicWeekyearDateTimeField","org.joda.time.chrono.BasicChronology",277
"43","1","time","org.joda.time.chrono.CopticChronology","org.joda.time.DateTimeZone",24
"44","1","time","org.joda.time.chrono.GJChronology","org.joda.time.chrono.JulianChronology",1
"45","1","time","org.joda.time.chrono.ISOChronology","org.joda.time.chrono.AssembledChronology",47
"46","1","time","org.joda.time.chrono.ISOChronology","org.joda.time.DateTimeZone",186
"47","1","time","org.joda.time.chrono.ZonedChronology","org.joda.time.chrono.AssembledChronology",2
"48","1","time","org.joda.time.chrono.ZonedChronology","org.joda.time.DateTimeZone",17
"49","1","time","org.joda.time.chrono.ZonedChronology$ZonedDateTimeField","org.joda.time.DateTimeZone",19
"50","1","time","org.joda.time.DateTimeUtils","org.joda.time.DateTimeZone",33
"51","1","time","org.joda.time.DateTimeZone","org.joda.time.format.DateTimeFormat",67
"52","1","time","org.joda.time.format.DateTimeFormat","org.joda.time.format.DateTimeFormat$StyleFormatter",5
"53","1","time","org.joda.time.format.DateTimeFormatter","org.joda.time.DateTimeZone",18
"54","1","time","org.joda.time.format.DateTimeFormatter","org.joda.time.format.DateTimeParserBucket",64
"55","1","time","org.joda.time.format.DateTimeFormatterBuilder$TextField","org.joda.time.format.DateTimeParserBucket",2
"56","1","time","org.joda.time.format.ISODateTimeFormat","org.joda.time.format.DateTimeFormatterBuilder",4
"57","1","time","org.joda.time.LocalDate","org.joda.time.format.ISODateTimeFormat",28
"58","1","time","org.joda.time.LocalDateTime","org.joda.time.DateTimeZone",41
"59","1","time","org.joda.time.LocalDateTime","org.joda.time.format.DateTimeFormatter",5
"60","1","time","org.joda.time.Minutes","org.joda.time.base.BaseSingleFieldPeriod",2
"61","1","time","org.joda.time.MutableInterval","org.joda.time.base.BaseInterval",2
"62","1","time","org.joda.time.MutablePeriod","org.joda.time.base.BasePeriod",28
"63","1","time","org.joda.time.Period","org.joda.time.base.BasePeriod",2
"64","1","time","org.joda.time.Period","org.joda.time.PeriodType",523
"65","1","time","org.joda.time.Seconds","org.joda.time.base.BaseSingleFieldPeriod",4
"66","1","time","org.joda.time.tz.ZoneInfoCompiler","org.joda.time.DateTimeZone",180
"67","1","time","org.joda.time.Weeks","org.joda.time.base.BaseSingleFieldPeriod",1
"68","10","closure","com.google.javascript.jscomp.NodeUtil","com.google.javascript.rhino.Node",23
"69","10","closure","com.google.javascript.rhino.head.IdScriptableObject","com.google.javascript.rhino.head.ScriptableObject",162
"70","10","closure","com.google.javascript.rhino.head.IRFactory","com.google.javascript.rhino.head.Parser",124
"71","10","closure","com.google.javascript.rhino.head.NativeArray","com.google.javascript.rhino.head.IdScriptableObject",6
"72","10","closure","com.google.javascript.rhino.head.ScriptableObject","com.google.javascript.rhino.head.FunctionObject",63
"73","10","closure","com.google.javascript.rhino.head.tools.debugger.Dim","com.google.javascript.rhino.head.ScriptRuntime",8
"74","10","closure","com.google.javascript.rhino.head.tools.shell.Global","com.google.javascript.rhino.head.ScriptRuntime",18
"75","10","closure","com.google.javascript.rhino.jstype.JSType","com.google.javascript.rhino.jstype.FunctionType",329
"76","10","closure","com.google.javascript.rhino.jstype.JSType","com.google.javascript.rhino.jstype.UnionType",11
"77","10","lang","org.apache.commons.lang3.builder.ToStringBuilder","org.apache.commons.lang3.builder.ToStringStyle",37
"78","10","lang","org.apache.commons.lang3.concurrent.MultiBackgroundInitializer","org.apache.commons.lang3.concurrent.BackgroundInitializer",7
"79","10","lang","org.apache.commons.lang3.text.StrBuilder$StrBuilderReader","org.apache.commons.lang3.text.StrBuilder",4
"80","10","lang","org.apache.commons.lang3.text.StrSubstitutor","org.apache.commons.lang3.text.StrBuilder",5
"81","10","lang","org.apache.commons.lang3.time.DurationFormatUtils","org.apache.commons.lang3.time.DurationFormatUtils$Token",17
"82","10","math","org.apache.commons.math.analysis.MullerSolver","org.apache.commons.math.analysis.UnivariateRealSolverImpl",101
"83","10","math","org.apache.commons.math.linear.MatrixUtils","org.apache.commons.math.linear.BigMatrixImpl",1
"84","10","math","org.apache.commons.math.ode.AbstractStepInterpolator","org.apache.commons.math.ode.DormandPrince853StepInterpolator",61
"85","10","math","org.apache.commons.math.ode.ContinuousOutputModel","org.apache.commons.math.ode.AbstractStepInterpolator",48
"86","10","math","org.apache.commons.math.ode.EmbeddedRungeKuttaIntegrator","org.apache.commons.math.ode.DormandPrince853Integrator",8
"87","10","math","org.apache.commons.math.ode.EmbeddedRungeKuttaIntegrator","org.apache.commons.math.ode.HighamHall54Integrator",7
"88","10","math","org.apache.commons.math.ode.GraggBulirschStoerIntegrator","org.apache.commons.math.ode.AdaptiveStepsizeIntegrator",70
"89","10","math","org.apache.commons.math.ode.GraggBulirschStoerIntegrator","org.apache.commons.math.ode.SwitchingFunctionsHandler",5
"90","10","math","org.apache.commons.math.ode.GraggBulirschStoerStepInterpolator","org.apache.commons.math.ode.AbstractStepInterpolator",36
"91","10","math","org.apache.commons.math.ode.SwitchingFunctionsHandler","org.apache.commons.math.ode.SwitchState",51
"92","10","math","org.apache.commons.math.ode.SwitchState","org.apache.commons.math.analysis.BrentSolver",29
"93","10","math","org.apache.commons.math.optimization.NelderMead","org.apache.commons.math.optimization.DirectSearchOptimizer",59
"94","10","math","org.apache.commons.math.stat.inference.TTestImpl","org.apache.commons.math.stat.StatUtils",2
"95","10","math","org.apache.commons.math.transform.FastFourierTransformer","org.apache.commons.math.complex.Complex",19
"96","10","mockito","org.mockito.asm.AnnotationWriter","org.mockito.asm.ClassWriter",64
"97","10","mockito","org.mockito.asm.MethodWriter","org.mockito.asm.ByteVector",20
"98","10","mockito","org.mockito.asm.tree.analysis.BasicVerifier","org.mockito.asm.tree.analysis.BasicInterpreter",5
"99","10","mockito","org.mockito.cglib.core.CodeEmitter","org.mockito.cglib.core.TypeUtils",77
"100","10","mockito","org.mockito.cglib.core.EmitUtils","org.mockito.cglib.core.CodeEmitter",114
"101","10","mockito","org.mockito.cglib.proxy.Enhancer","org.mockito.cglib.core.CodeEmitter",240
"102","10","mockito","org.mockito.cglib.proxy.Enhancer","org.mockito.cglib.core.ReflectUtils",28
"103","10","time","org.joda.time.base.AbstractPartial","org.joda.time.MonthDay",5
"104","10","time","org.joda.time.base.BasePeriod","org.joda.time.base.AbstractPeriod",15
"105","10","time","org.joda.time.chrono.BasicWeekyearDateTimeField","org.joda.time.chrono.BasicChronology",43
"106","10","time","org.joda.time.chrono.CopticChronology","org.joda.time.DateTimeZone",38
"107","10","time","org.joda.time.chrono.GJChronology","org.joda.time.chrono.JulianChronology",1
"108","10","time","org.joda.time.chrono.ISOChronology","org.joda.time.chrono.AssembledChronology",1
"109","10","time","org.joda.time.chrono.ISOChronology","org.joda.time.DateTimeZone",34
"110","10","time","org.joda.time.chrono.ZonedChronology","org.joda.time.chrono.AssembledChronology",74
"111","10","time","org.joda.time.chrono.ZonedChronology","org.joda.time.DateTimeZone",191
"112","10","time","org.joda.time.chrono.ZonedChronology$ZonedDateTimeField","org.joda.time.DateTimeZone",36
"113","10","time","org.joda.time.DateTimeUtils","org.joda.time.DateTimeZone",18
"114","10","time","org.joda.time.Days","org.joda.time.base.BaseSingleFieldPeriod",1
"115","10","time","org.joda.time.format.DateTimeFormatter","org.joda.time.DateTimeZone",14
"116","10","time","org.joda.time.format.DateTimeFormatter","org.joda.time.format.DateTimeParserBucket",72
"117","10","time","org.joda.time.format.DateTimeFormatterBuilder$PaddedNumber","org.joda.time.format.DateTimeFormatterBuilder",19
"118","10","time","org.joda.time.format.DateTimeParserBucket$SavedState","org.joda.time.format.DateTimeParserBucket",16
"119","10","time","org.joda.time.format.ISODateTimeFormat","org.joda.time.format.DateTimeFormatterBuilder",4
"120","10","time","org.joda.time.Hours","org.joda.time.base.BaseSingleFieldPeriod",1
"121","10","time","org.joda.time.LocalDate","org.joda.time.format.ISODateTimeFormat",25
"122","10","time","org.joda.time.LocalDateTime","org.joda.time.DateTimeZone",92
"123","10","time","org.joda.time.LocalDateTime","org.joda.time.format.DateTimeFormatter",8
"124","10","time","org.joda.time.MutableInterval","org.joda.time.base.BaseInterval",1
"125","10","time","org.joda.time.Period","org.joda.time.base.AbstractPeriod",2
"126","10","time","org.joda.time.Period","org.joda.time.PeriodType",450
"127","10","time","org.joda.time.tz.ZoneInfoCompiler","org.joda.time.DateTimeZone",234
"128","10","time","org.joda.time.Weeks","org.joda.time.base.BaseSingleFieldPeriod",2
"129","11","closure","com.google.javascript.rhino.head.IdScriptableObject","com.google.javascript.rhino.head.ScriptableObject",48
"130","11","closure","com.google.javascript.rhino.head.Interpreter","com.google.javascript.rhino.head.ScriptableObject",72
"131","11","closure","com.google.javascript.rhino.head.IRFactory","com.google.javascript.rhino.head.Parser",112
"132","11","closure","com.google.javascript.rhino.head.NativeArray","com.google.javascript.rhino.head.IdScriptableObject",12
"133","11","closure","com.google.javascript.rhino.head.NativeArray","com.google.javascript.rhino.head.ScriptableObject",23
"134","11","closure","com.google.javascript.rhino.head.NativeArray","com.google.javascript.rhino.head.ScriptRuntime",51
"135","11","closure","com.google.javascript.rhino.head.NativeObject","com.google.javascript.rhino.head.ScriptableObject",138
"136","11","closure","com.google.javascript.rhino.head.regexp.NativeRegExp","com.google.javascript.rhino.head.ScriptRuntime",30
"137","11","closure","com.google.javascript.rhino.head.ScriptRuntime","com.google.javascript.rhino.head.ScriptableObject",104
"138","11","closure","com.google.javascript.rhino.head.tools.debugger.Dim","com.google.javascript.rhino.head.ScriptRuntime",30
"139","11","lang","org.apache.commons.lang3.builder.ToStringBuilder","org.apache.commons.lang3.builder.ToStringStyle",1
"140","11","lang","org.apache.commons.lang3.concurrent.MultiBackgroundInitializer","org.apache.commons.lang3.concurrent.BackgroundInitializer",4
"141","11","lang","org.apache.commons.lang3.text.StrSubstitutor","org.apache.commons.lang3.text.StrBuilder",9
"142","11","lang","org.apache.commons.lang3.time.DurationFormatUtils","org.apache.commons.lang3.time.DurationFormatUtils$Token",5
"143","11","math","org.apache.commons.math.analysis.LaguerreSolver","org.apache.commons.math.complex.Complex",3
"144","11","math","org.apache.commons.math.analysis.MullerSolver","org.apache.commons.math.analysis.UnivariateRealSolverImpl",103
"145","11","math","org.apache.commons.math.fraction.ProperFractionFormat","org.apache.commons.math.fraction.FractionFormat",2
"146","11","math","org.apache.commons.math.linear.MatrixUtils","org.apache.commons.math.linear.BigMatrixImpl",1
"147","11","math","org.apache.commons.math.ode.AbstractStepInterpolator","org.apache.commons.math.ode.DormandPrince853StepInterpolator",66
"148","11","math","org.apache.commons.math.ode.ContinuousOutputModel","org.apache.commons.math.ode.AbstractStepInterpolator",44
"149","11","math","org.apache.commons.math.ode.EmbeddedRungeKuttaIntegrator","org.apache.commons.math.ode.DormandPrince853Integrator",5
"150","11","math","org.apache.commons.math.ode.EmbeddedRungeKuttaIntegrator","org.apache.commons.math.ode.HighamHall54Integrator",2
"151","11","math","org.apache.commons.math.ode.GraggBulirschStoerIntegrator","org.apache.commons.math.ode.AdaptiveStepsizeIntegrator",50
"152","11","math","org.apache.commons.math.ode.GraggBulirschStoerIntegrator","org.apache.commons.math.ode.SwitchingFunctionsHandler",5
"153","11","math","org.apache.commons.math.ode.GraggBulirschStoerStepInterpolator","org.apache.commons.math.ode.AbstractStepInterpolator",22
"154","11","math","org.apache.commons.math.ode.SwitchingFunctionsHandler","org.apache.commons.math.ode.SwitchState",64
"155","11","math","org.apache.commons.math.ode.SwitchState","org.apache.commons.math.analysis.BrentSolver",28
"156","11","math","org.apache.commons.math.optimization.NelderMead","org.apache.commons.math.optimization.DirectSearchOptimizer",55
"157","11","math","org.apache.commons.math.stat.descriptive.AbstractStorelessUnivariateStatistic","org.apache.commons.math.stat.descriptive.moment.Variance",1
"158","11","math","org.apache.commons.math.stat.inference.TTestImpl","org.apache.commons.math.stat.StatUtils",2
"159","11","math","org.apache.commons.math.transform.FastFourierTransformer","org.apache.commons.math.complex.Complex",29
"160","11","mockito","org.mockito.asm.AnnotationWriter","org.mockito.asm.ClassWriter",68
"161","11","mockito","org.mockito.asm.MethodWriter","org.mockito.asm.ByteVector",25
"162","11","mockito","org.mockito.asm.MethodWriter","org.mockito.asm.ClassWriter",20
"163","11","mockito","org.mockito.asm.tree.analysis.BasicVerifier","org.mockito.asm.tree.analysis.BasicInterpreter",25
"164","11","mockito","org.mockito.cglib.core.CodeEmitter","org.mockito.cglib.core.TypeUtils",74
"165","11","mockito","org.mockito.cglib.core.EmitUtils","org.mockito.cglib.core.CodeEmitter",71
"166","11","mockito","org.mockito.cglib.proxy.Enhancer","org.mockito.cglib.core.CodeEmitter",240
"167","11","mockito","org.mockito.cglib.proxy.Enhancer","org.mockito.cglib.core.ReflectUtils",28
"168","11","mockito","org.mockito.cglib.proxy.Mixin$Generator","org.mockito.cglib.core.ReflectUtils",31
"169","11","time","org.joda.time.base.AbstractPartial","org.joda.time.YearMonth",11
"170","11","time","org.joda.time.base.BasePeriod","org.joda.time.base.AbstractPeriod",18
"171","11","time","org.joda.time.chrono.BasicChronology","org.joda.time.chrono.CopticChronology",1
"172","11","time","org.joda.time.chrono.BasicChronology","org.joda.time.chrono.IslamicChronology",133
"173","11","time","org.joda.time.chrono.BasicWeekyearDateTimeField","org.joda.time.chrono.BasicChronology",120
"174","11","time","org.joda.time.chrono.CopticChronology","org.joda.time.DateTimeZone",42
"175","11","time","org.joda.time.chrono.GJChronology","org.joda.time.chrono.GJChronology$CutoverField",7
"176","11","time","org.joda.time.chrono.ISOChronology","org.joda.time.chrono.AssembledChronology",1
"177","11","time","org.joda.time.chrono.ISOChronology","org.joda.time.DateTimeZone",43
"178","11","time","org.joda.time.chrono.ZonedChronology","org.joda.time.chrono.AssembledChronology",62
"179","11","time","org.joda.time.chrono.ZonedChronology","org.joda.time.DateTimeZone",24
"180","11","time","org.joda.time.chrono.ZonedChronology$ZonedDateTimeField","org.joda.time.DateTimeZone",13
"181","11","time","org.joda.time.DateTimeUtils","org.joda.time.DateTimeZone",36
"182","11","time","org.joda.time.DateTimeZone","org.joda.time.format.DateTimeFormat",3
"183","11","time","org.joda.time.Days","org.joda.time.base.BaseSingleFieldPeriod",1
"184","11","time","org.joda.time.format.DateTimeFormat","org.joda.time.format.DateTimeFormat$StyleFormatter",1
"185","11","time","org.joda.time.format.DateTimeFormatter","org.joda.time.DateTimeZone",33
"186","11","time","org.joda.time.format.DateTimeFormatter","org.joda.time.format.DateTimeParserBucket",10
"187","11","time","org.joda.time.format.DateTimeFormatterBuilder$PaddedNumber","org.joda.time.format.DateTimeFormatterBuilder",5
"188","11","time","org.joda.time.format.DateTimeFormatterBuilder$TextField","org.joda.time.format.DateTimeParserBucket",12
"189","11","time","org.joda.time.format.DateTimeParserBucket$SavedState","org.joda.time.format.DateTimeParserBucket",15
"190","11","time","org.joda.time.format.ISODateTimeFormat","org.joda.time.format.DateTimeFormatterBuilder",23
"191","11","time","org.joda.time.LocalDate","org.joda.time.format.ISODateTimeFormat",26
"192","11","time","org.joda.time.LocalDateTime","org.joda.time.DateTimeZone",44
"193","11","time","org.joda.time.LocalDateTime","org.joda.time.format.DateTimeFormatter",2
"194","11","time","org.joda.time.MutablePeriod","org.joda.time.base.BasePeriod",6
"195","11","time","org.joda.time.Period","org.joda.time.base.AbstractPeriod",1
"196","11","time","org.joda.time.Period","org.joda.time.PeriodType",307
"197","11","time","org.joda.time.Seconds","org.joda.time.base.BaseSingleFieldPeriod",1
"198","11","time","org.joda.time.tz.ZoneInfoCompiler","org.joda.time.DateTimeZone",199
"199","11","time","org.joda.time.Weeks","org.joda.time.base.BaseSingleFieldPeriod",4
"200","12","closure","com.google.javascript.rhino.head.IdScriptableObject","com.google.javascript.rhino.head.ScriptableObject",273
"201","12","closure","com.google.javascript.rhino.head.IRFactory","com.google.javascript.rhino.head.Node",3
"202","12","closure","com.google.javascript.rhino.head.IRFactory","com.google.javascript.rhino.head.Parser",87
"203","12","closure","com.google.javascript.rhino.head.NativeArray","com.google.javascript.rhino.head.IdScriptableObject",13
"204","12","closure","com.google.javascript.rhino.head.NativeArray","com.google.javascript.rhino.head.ScriptableObject",12
"205","12","closure","com.google.javascript.rhino.head.NativeObject","com.google.javascript.rhino.head.ScriptableObject",136
"206","12","closure","com.google.javascript.rhino.head.regexp.NativeRegExp","com.google.javascript.rhino.head.ScriptRuntime",32
"207","12","closure","com.google.javascript.rhino.head.ScriptRuntime","com.google.javascript.rhino.head.ScriptableObject",247
"208","12","closure","com.google.javascript.rhino.head.tools.debugger.Dim","com.google.javascript.rhino.head.ScriptRuntime",9
"209","12","closure","com.google.javascript.rhino.jstype.JSType","com.google.javascript.rhino.jstype.UnionType",73
"210","12","lang","org.apache.commons.lang3.builder.ToStringBuilder","org.apache.commons.lang3.builder.ToStringStyle",91
"211","12","lang","org.apache.commons.lang3.concurrent.MultiBackgroundInitializer","org.apache.commons.lang3.concurrent.BackgroundInitializer",7
"212","12","lang","org.apache.commons.lang3.text.StrSubstitutor","org.apache.commons.lang3.text.StrBuilder",9
"213","12","lang","org.apache.commons.lang3.time.DurationFormatUtils","org.apache.commons.lang3.time.DurationFormatUtils$Token",17
"214","12","math","org.apache.commons.math.analysis.LaguerreSolver","org.apache.commons.math.complex.Complex",2
"215","12","math","org.apache.commons.math.analysis.MullerSolver","org.apache.commons.math.analysis.UnivariateRealSolverImpl",96
"216","12","math","org.apache.commons.math.geometry.Rotation","org.apache.commons.math.geometry.Vector3D",3
"217","12","math","org.apache.commons.math.linear.MatrixUtils","org.apache.commons.math.linear.BigMatrixImpl",1
"218","12","math","org.apache.commons.math.ode.AbstractStepInterpolator","org.apache.commons.math.ode.DormandPrince853StepInterpolator",65
"219","12","math","org.apache.commons.math.ode.ContinuousOutputModel","org.apache.commons.math.ode.AbstractStepInterpolator",44
"220","12","math","org.apache.commons.math.ode.EmbeddedRungeKuttaIntegrator","org.apache.commons.math.ode.DormandPrince853Integrator",21
"221","12","math","org.apache.commons.math.ode.EmbeddedRungeKuttaIntegrator","org.apache.commons.math.ode.HighamHall54Integrator",7
"222","12","math","org.apache.commons.math.ode.GraggBulirschStoerIntegrator","org.apache.commons.math.ode.AdaptiveStepsizeIntegrator",55
"223","12","math","org.apache.commons.math.ode.GraggBulirschStoerIntegrator","org.apache.commons.math.ode.SwitchingFunctionsHandler",19
"224","12","math","org.apache.commons.math.ode.GraggBulirschStoerStepInterpolator","org.apache.commons.math.ode.AbstractStepInterpolator",26
"225","12","math","org.apache.commons.math.ode.SwitchingFunctionsHandler","org.apache.commons.math.ode.SwitchState",68
"226","12","math","org.apache.commons.math.ode.SwitchState","org.apache.commons.math.analysis.BrentSolver",53
"227","12","math","org.apache.commons.math.optimization.NelderMead","org.apache.commons.math.optimization.DirectSearchOptimizer",76
"228","12","math","org.apache.commons.math.stat.descriptive.AbstractStorelessUnivariateStatistic","org.apache.commons.math.stat.descriptive.moment.Variance",2
"229","12","math","org.apache.commons.math.transform.FastFourierTransformer","org.apache.commons.math.complex.Complex",2
"230","12","mockito","org.mockito.asm.AnnotationWriter","org.mockito.asm.ClassWriter",92
"231","12","mockito","org.mockito.asm.MethodWriter","org.mockito.asm.ByteVector",28
"232","12","mockito","org.mockito.asm.MethodWriter","org.mockito.asm.ClassWriter",22
"233","12","mockito","org.mockito.asm.tree.analysis.BasicVerifier","org.mockito.asm.tree.analysis.BasicInterpreter",17
"234","12","mockito","org.mockito.cglib.core.CodeEmitter","org.mockito.cglib.core.TypeUtils",75
"235","12","mockito","org.mockito.cglib.core.EmitUtils","org.mockito.cglib.core.CodeEmitter",77
"236","12","mockito","org.mockito.cglib.proxy.Enhancer","org.mockito.cglib.core.ReflectUtils",28
"237","12","mockito","org.mockito.cglib.proxy.Mixin$Generator","org.mockito.cglib.core.ReflectUtils",27
"238","12","time","org.joda.time.base.BasePeriod","org.joda.time.base.AbstractPeriod",16
"239","12","time","org.joda.time.chrono.BasicWeekyearDateTimeField","org.joda.time.chrono.BasicChronology",72
"240","12","time","org.joda.time.chrono.CopticChronology","org.joda.time.DateTimeZone",14
"241","12","time","org.joda.time.chrono.ZonedChronology","org.joda.time.chrono.AssembledChronology",1
"242","12","time","org.joda.time.chrono.ZonedChronology","org.joda.time.DateTimeZone",28
"243","12","time","org.joda.time.chrono.ZonedChronology$ZonedDateTimeField","org.joda.time.DateTimeZone",126
"244","12","time","org.joda.time.DateTimeUtils","org.joda.time.DateTimeZone",18
"245","12","time","org.joda.time.DateTimeZone","org.joda.time.format.DateTimeFormat",3
"246","12","time","org.joda.time.DateTimeZone","org.joda.time.tz.FixedDateTimeZone",10
"247","12","time","org.joda.time.Days","org.joda.time.base.BaseSingleFieldPeriod",1
"248","12","time","org.joda.time.format.DateTimeFormatter","org.joda.time.DateTimeZone",22
"249","12","time","org.joda.time.format.DateTimeFormatterBuilder$PaddedNumber","org.joda.time.format.DateTimeFormatterBuilder",3
"250","12","time","org.joda.time.format.DateTimeFormatterBuilder$TextField","org.joda.time.format.DateTimeParserBucket",65
"251","12","time","org.joda.time.format.ISODateTimeFormat","org.joda.time.format.DateTimeFormatterBuilder",6
"252","12","time","org.joda.time.LocalDate","org.joda.time.format.ISODateTimeFormat",25
"253","12","time","org.joda.time.LocalDateTime","org.joda.time.DateTimeZone",113
"254","12","time","org.joda.time.MutablePeriod","org.joda.time.base.BasePeriod",1
"255","12","time","org.joda.time.Period","org.joda.time.PeriodType",431
"256","12","time","org.joda.time.Seconds","org.joda.time.base.BaseSingleFieldPeriod",5
"257","12","time","org.joda.time.Weeks","org.joda.time.base.BaseSingleFieldPeriod",3
"258","13","closure","com.google.javascript.rhino.head.Interpreter","com.google.javascript.rhino.head.ScriptableObject",101
"259","13","closure","com.google.javascript.rhino.head.IRFactory","com.google.javascript.rhino.head.Node",5
"260","13","closure","com.google.javascript.rhino.head.NativeArray","com.google.javascript.rhino.head.IdScriptableObject",12
"261","13","closure","com.google.javascript.rhino.head.NativeArray","com.google.javascript.rhino.head.ScriptableObject",6
"262","13","closure","com.google.javascript.rhino.head.NativeObject","com.google.javascript.rhino.head.ScriptableObject",109
"263","13","closure","com.google.javascript.rhino.head.regexp.NativeRegExp","com.google.javascript.rhino.head.ScriptRuntime",90
"264","13","closure","com.google.javascript.rhino.head.ScriptableObject","com.google.javascript.rhino.head.FunctionObject",19
"265","13","closure","com.google.javascript.rhino.head.tools.debugger.Dim","com.google.javascript.rhino.head.ScriptRuntime",36
"266","13","closure","com.google.javascript.rhino.JSDocInfoBuilder","com.google.javascript.rhino.JSDocInfo",16
"267","13","closure","com.google.javascript.rhino.jstype.JSType","com.google.javascript.rhino.jstype.UnionType",24
"268","13","lang","org.apache.commons.lang3.builder.ToStringBuilder","org.apache.commons.lang3.builder.ToStringStyle",64
"269","13","lang","org.apache.commons.lang3.concurrent.MultiBackgroundInitializer","org.apache.commons.lang3.concurrent.BackgroundInitializer",10
"270","13","lang","org.apache.commons.lang3.text.StrBuilder$StrBuilderReader","org.apache.commons.lang3.text.StrBuilder",1
"271","13","lang","org.apache.commons.lang3.text.StrSubstitutor","org.apache.commons.lang3.text.StrBuilder",13
"272","13","lang","org.apache.commons.lang3.time.DurationFormatUtils","org.apache.commons.lang3.time.DurationFormatUtils$Token",5
"273","13","math","org.apache.commons.math.analysis.LaguerreSolver","org.apache.commons.math.complex.Complex",10
"274","13","math","org.apache.commons.math.analysis.MullerSolver","org.apache.commons.math.analysis.UnivariateRealSolverImpl",102
"275","13","math","org.apache.commons.math.linear.MatrixUtils","org.apache.commons.math.linear.BigMatrixImpl",1
"276","13","math","org.apache.commons.math.ode.AbstractStepInterpolator","org.apache.commons.math.ode.DormandPrince853StepInterpolator",64
"277","13","math","org.apache.commons.math.ode.ContinuousOutputModel","org.apache.commons.math.ode.AbstractStepInterpolator",47
"278","13","math","org.apache.commons.math.ode.EmbeddedRungeKuttaIntegrator","org.apache.commons.math.ode.DormandPrince853Integrator",5
"279","13","math","org.apache.commons.math.ode.EmbeddedRungeKuttaIntegrator","org.apache.commons.math.ode.HighamHall54Integrator",5
"280","13","math","org.apache.commons.math.ode.GraggBulirschStoerIntegrator","org.apache.commons.math.ode.AdaptiveStepsizeIntegrator",79
"281","13","math","org.apache.commons.math.ode.GraggBulirschStoerIntegrator","org.apache.commons.math.ode.SwitchingFunctionsHandler",23
"282","13","math","org.apache.commons.math.ode.GraggBulirschStoerStepInterpolator","org.apache.commons.math.ode.AbstractStepInterpolator",42
"283","13","math","org.apache.commons.math.ode.SwitchingFunctionsHandler","org.apache.commons.math.ode.SwitchState",56
"284","13","math","org.apache.commons.math.ode.SwitchState","org.apache.commons.math.analysis.BrentSolver",90
"285","13","math","org.apache.commons.math.optimization.NelderMead","org.apache.commons.math.optimization.DirectSearchOptimizer",57
"286","13","math","org.apache.commons.math.stat.inference.TTestImpl","org.apache.commons.math.stat.StatUtils",2
"287","13","math","org.apache.commons.math.transform.FastFourierTransformer","org.apache.commons.math.complex.Complex",26
"288","13","mockito","org.mockito.asm.AnnotationWriter","org.mockito.asm.ClassWriter",54
"289","13","mockito","org.mockito.asm.MethodWriter","org.mockito.asm.ByteVector",15
"290","13","mockito","org.mockito.asm.MethodWriter","org.mockito.asm.ClassWriter",11
"291","13","mockito","org.mockito.asm.tree.analysis.BasicVerifier","org.mockito.asm.tree.analysis.BasicInterpreter",2
"292","13","mockito","org.mockito.cglib.core.ClassEmitter","org.mockito.cglib.transform.impl.InterceptFieldTransformer",8
"293","13","mockito","org.mockito.cglib.core.CodeEmitter","org.mockito.cglib.core.TypeUtils",46
"294","13","mockito","org.mockito.cglib.core.EmitUtils","org.mockito.cglib.core.CodeEmitter",185
"295","13","mockito","org.mockito.cglib.proxy.Enhancer","org.mockito.cglib.core.ReflectUtils",28
"296","13","time","org.joda.time.base.AbstractPartial","org.joda.time.MonthDay",16
"297","13","time","org.joda.time.base.BasePeriod","org.joda.time.base.AbstractPeriod",1
"298","13","time","org.joda.time.chrono.BasicChronology","org.joda.time.chrono.CopticChronology",34
"299","13","time","org.joda.time.chrono.BasicChronology","org.joda.time.chrono.EthiopicChronology",5
"300","13","time","org.joda.time.chrono.BasicWeekyearDateTimeField","org.joda.time.chrono.BasicChronology",142
"301","13","time","org.joda.time.chrono.CopticChronology","org.joda.time.DateTimeZone",23
"302","13","time","org.joda.time.chrono.ISOChronology","org.joda.time.DateTimeZone",25
"303","13","time","org.joda.time.chrono.ZonedChronology","org.joda.time.chrono.AssembledChronology",4
"304","13","time","org.joda.time.chrono.ZonedChronology","org.joda.time.DateTimeZone",26
"305","13","time","org.joda.time.chrono.ZonedChronology$ZonedDateTimeField","org.joda.time.DateTimeZone",132
"306","13","time","org.joda.time.DateTimeUtils","org.joda.time.DateTimeZone",10
"307","13","time","org.joda.time.Days","org.joda.time.base.BaseSingleFieldPeriod",2
"308","13","time","org.joda.time.format.DateTimeFormat","org.joda.time.format.DateTimeFormat$StyleFormatter",1
"309","13","time","org.joda.time.format.DateTimeFormatter","org.joda.time.DateTimeZone",16
"310","13","time","org.joda.time.format.DateTimeFormatter","org.joda.time.format.DateTimeParserBucket",11
"311","13","time","org.joda.time.format.DateTimeFormatterBuilder$PaddedNumber","org.joda.time.format.DateTimeFormatterBuilder",2
"312","13","time","org.joda.time.format.DateTimeFormatterBuilder$TextField","org.joda.time.format.DateTimeParserBucket",61
"313","13","time","org.joda.time.format.DateTimeParserBucket$SavedState","org.joda.time.format.DateTimeParserBucket",23
"314","13","time","org.joda.time.format.ISODateTimeFormat","org.joda.time.format.DateTimeFormatterBuilder",1
"315","13","time","org.joda.time.LocalDate","org.joda.time.DateTime",5
"316","13","time","org.joda.time.LocalDate","org.joda.time.format.ISODateTimeFormat",37
"317","13","time","org.joda.time.LocalDateTime","org.joda.time.DateTimeZone",45
"318","13","time","org.joda.time.LocalDateTime","org.joda.time.format.DateTimeFormatter",3
"319","13","time","org.joda.time.LocalTime$Property","org.joda.time.LocalTime",8
"320","13","time","org.joda.time.Minutes","org.joda.time.base.BaseSingleFieldPeriod",1
"321","13","time","org.joda.time.MutableInterval","org.joda.time.base.BaseInterval",2
"322","13","time","org.joda.time.Period","org.joda.time.base.BasePeriod",4
"323","13","time","org.joda.time.Period","org.joda.time.PeriodType",542
"324","13","time","org.joda.time.tz.ZoneInfoCompiler","org.joda.time.DateTimeZone",199
"325","13","time","org.joda.time.Weeks","org.joda.time.base.BaseSingleFieldPeriod",2
"326","14","closure","com.google.javascript.rhino.head.IdScriptableObject","com.google.javascript.rhino.head.ScriptableObject",268
"327","14","closure","com.google.javascript.rhino.head.Interpreter","com.google.javascript.rhino.head.ScriptableObject",226
"328","14","closure","com.google.javascript.rhino.head.IRFactory","com.google.javascript.rhino.head.Node",3
"329","14","closure","com.google.javascript.rhino.head.IRFactory","com.google.javascript.rhino.head.Parser",64
"330","14","closure","com.google.javascript.rhino.head.NativeArray","com.google.javascript.rhino.head.ScriptableObject",12
"331","14","closure","com.google.javascript.rhino.head.NativeArray","com.google.javascript.rhino.head.ScriptRuntime",47
"332","14","closure","com.google.javascript.rhino.head.ScriptRuntime","com.google.javascript.rhino.head.ScriptableObject",133
"333","14","closure","com.google.javascript.rhino.jstype.JSType","com.google.javascript.rhino.jstype.FunctionType",266
"334","14","lang","org.apache.commons.lang3.builder.ToStringBuilder","org.apache.commons.lang3.builder.ToStringStyle",18
"335","14","lang","org.apache.commons.lang3.concurrent.MultiBackgroundInitializer","org.apache.commons.lang3.concurrent.BackgroundInitializer",7
"336","14","lang","org.apache.commons.lang3.text.StrBuilder$StrBuilderReader","org.apache.commons.lang3.text.StrBuilder",8
"337","14","lang","org.apache.commons.lang3.text.StrSubstitutor","org.apache.commons.lang3.text.StrBuilder",2
"338","14","lang","org.apache.commons.lang3.text.translate.UnicodeEscaper","org.apache.commons.lang3.text.translate.CharSequenceTranslator",1
"339","14","lang","org.apache.commons.lang3.time.DurationFormatUtils","org.apache.commons.lang3.time.DurationFormatUtils$Token",16
"340","14","math","org.apache.commons.math.analysis.MullerSolver","org.apache.commons.math.analysis.UnivariateRealSolverImpl",95
"341","14","math","org.apache.commons.math.fraction.ProperFractionFormat","org.apache.commons.math.fraction.FractionFormat",2
"342","14","math","org.apache.commons.math.geometry.Rotation","org.apache.commons.math.geometry.Vector3D",2
"343","14","math","org.apache.commons.math.linear.MatrixUtils","org.apache.commons.math.linear.BigMatrixImpl",1
"344","14","math","org.apache.commons.math.ode.AbstractStepInterpolator","org.apache.commons.math.ode.DormandPrince853StepInterpolator",73
"345","14","math","org.apache.commons.math.ode.ContinuousOutputModel","org.apache.commons.math.ode.AbstractStepInterpolator",48
"346","14","math","org.apache.commons.math.ode.EmbeddedRungeKuttaIntegrator","org.apache.commons.math.ode.DormandPrince853Integrator",13
"347","14","math","org.apache.commons.math.ode.EmbeddedRungeKuttaIntegrator","org.apache.commons.math.ode.HighamHall54Integrator",9
"348","14","math","org.apache.commons.math.ode.GraggBulirschStoerIntegrator","org.apache.commons.math.ode.AdaptiveStepsizeIntegrator",65
"349","14","math","org.apache.commons.math.ode.GraggBulirschStoerIntegrator","org.apache.commons.math.ode.SwitchingFunctionsHandler",5
"350","14","math","org.apache.commons.math.ode.GraggBulirschStoerStepInterpolator","org.apache.commons.math.ode.AbstractStepInterpolator",42
"351","14","math","org.apache.commons.math.ode.SwitchingFunctionsHandler","org.apache.commons.math.ode.SwitchState",77
"352","14","math","org.apache.commons.math.ode.SwitchState","org.apache.commons.math.analysis.BrentSolver",13
"353","14","math","org.apache.commons.math.optimization.NelderMead","org.apache.commons.math.optimization.DirectSearchOptimizer",84
"354","14","math","org.apache.commons.math.stat.inference.TTestImpl","org.apache.commons.math.stat.StatUtils",2
"355","14","math","org.apache.commons.math.transform.FastFourierTransformer","org.apache.commons.math.complex.Complex",21
"356","14","mockito","org.mockito.asm.AnnotationWriter","org.mockito.asm.ClassWriter",59
"357","14","mockito","org.mockito.asm.MethodWriter","org.mockito.asm.ByteVector",44
"358","14","mockito","org.mockito.asm.tree.analysis.BasicVerifier","org.mockito.asm.tree.analysis.BasicInterpreter",25
"359","14","mockito","org.mockito.cglib.core.CodeEmitter","org.mockito.cglib.core.TypeUtils",78
"360","14","mockito","org.mockito.cglib.core.EmitUtils","org.mockito.cglib.core.CodeEmitter",57
"361","14","mockito","org.mockito.cglib.proxy.Enhancer","org.mockito.cglib.core.ReflectUtils",33
"362","14","mockito","org.mockito.cglib.proxy.Mixin$Generator","org.mockito.cglib.core.ReflectUtils",29
"363","14","time","org.joda.time.base.AbstractPartial","org.joda.time.YearMonth",2
"364","14","time","org.joda.time.base.BasePeriod","org.joda.time.base.AbstractPeriod",17
"365","14","time","org.joda.time.chrono.BasicChronology","org.joda.time.chrono.EthiopicChronology",5
"366","14","time","org.joda.time.chrono.BasicWeekyearDateTimeField","org.joda.time.chrono.BasicChronology",122
"367","14","time","org.joda.time.chrono.CopticChronology","org.joda.time.DateTimeZone",31
"368","14","time","org.joda.time.chrono.GJChronology","org.joda.time.chrono.GJChronology$CutoverField",2
"369","14","time","org.joda.time.chrono.GJChronology","org.joda.time.chrono.JulianChronology",11
"370","14","time","org.joda.time.chrono.ISOChronology","org.joda.time.chrono.AssembledChronology",3
"371","14","time","org.joda.time.chrono.ISOChronology","org.joda.time.DateTimeZone",35
"372","14","time","org.joda.time.chrono.ZonedChronology","org.joda.time.chrono.AssembledChronology",34
"373","14","time","org.joda.time.chrono.ZonedChronology","org.joda.time.DateTimeZone",54
"374","14","time","org.joda.time.chrono.ZonedChronology$ZonedDateTimeField","org.joda.time.DateTimeZone",20
"375","14","time","org.joda.time.DateTimeUtils","org.joda.time.DateTimeZone",96
"376","14","time","org.joda.time.DateTimeZone","org.joda.time.tz.FixedDateTimeZone",17
"377","14","time","org.joda.time.Days","org.joda.time.base.BaseSingleFieldPeriod",1
"378","14","time","org.joda.time.format.DateTimeFormatter","org.joda.time.DateTimeZone",20
"379","14","time","org.joda.time.format.DateTimeFormatter","org.joda.time.format.DateTimeParserBucket",13
"380","14","time","org.joda.time.format.DateTimeFormatterBuilder$PaddedNumber","org.joda.time.format.DateTimeFormatterBuilder",4
"381","14","time","org.joda.time.format.DateTimeFormatterBuilder$TextField","org.joda.time.format.DateTimeParserBucket",4
"382","14","time","org.joda.time.format.DateTimeParserBucket$SavedState","org.joda.time.format.DateTimeParserBucket",3
"383","14","time","org.joda.time.format.ISODateTimeFormat","org.joda.time.format.DateTimeFormatterBuilder",4
"384","14","time","org.joda.time.Hours","org.joda.time.base.BaseSingleFieldPeriod",1
"385","14","time","org.joda.time.LocalDate","org.joda.time.DateTime",2
"386","14","time","org.joda.time.LocalDate","org.joda.time.format.ISODateTimeFormat",16
"387","14","time","org.joda.time.LocalDateTime","org.joda.time.DateTimeZone",29
"388","14","time","org.joda.time.Minutes","org.joda.time.base.BaseSingleFieldPeriod",1
"389","14","time","org.joda.time.Period","org.joda.time.PeriodType",609
"390","14","time","org.joda.time.Seconds","org.joda.time.base.BaseSingleFieldPeriod",3
"391","14","time","org.joda.time.tz.ZoneInfoCompiler","org.joda.time.DateTimeZone",168
"392","15","closure","com.google.javascript.rhino.head.IdScriptableObject","com.google.javascript.rhino.head.ScriptableObject",279
"393","15","closure","com.google.javascript.rhino.head.Interpreter","com.google.javascript.rhino.head.ScriptableObject",258
"394","15","closure","com.google.javascript.rhino.head.IRFactory","com.google.javascript.rhino.head.Decompiler",47
"395","15","closure","com.google.javascript.rhino.head.NativeArray","com.google.javascript.rhino.head.ScriptableObject",2
"396","15","closure","com.google.javascript.rhino.head.NativeObject","com.google.javascript.rhino.head.ScriptableObject",61
"397","15","closure","com.google.javascript.rhino.head.regexp.NativeRegExp","com.google.javascript.rhino.head.ScriptRuntime",13
"398","15","closure","com.google.javascript.rhino.head.ScriptableObject","com.google.javascript.rhino.head.FunctionObject",7
"399","15","closure","com.google.javascript.rhino.head.tools.debugger.Dim","com.google.javascript.rhino.head.ScriptRuntime",10
"400","15","closure","com.google.javascript.rhino.jstype.JSType","com.google.javascript.rhino.jstype.ProxyObjectType",2
"401","15","closure","com.google.javascript.rhino.jstype.JSType","com.google.javascript.rhino.jstype.UnionType",22
"402","15","lang","org.apache.commons.lang3.builder.ToStringBuilder","org.apache.commons.lang3.builder.ToStringStyle",1
"403","15","lang","org.apache.commons.lang3.concurrent.MultiBackgroundInitializer","org.apache.commons.lang3.concurrent.BackgroundInitializer",7
"404","15","lang","org.apache.commons.lang3.text.StrSubstitutor","org.apache.commons.lang3.text.StrBuilder",12
"405","15","lang","org.apache.commons.lang3.time.DurationFormatUtils","org.apache.commons.lang3.time.DurationFormatUtils$Token",20
"406","15","math","org.apache.commons.math.analysis.LaguerreSolver","org.apache.commons.math.complex.Complex",6
"407","15","math","org.apache.commons.math.analysis.MullerSolver","org.apache.commons.math.analysis.UnivariateRealSolverImpl",97
"408","15","math","org.apache.commons.math.linear.MatrixUtils","org.apache.commons.math.linear.BigMatrixImpl",1
"409","15","math","org.apache.commons.math.ode.AbstractStepInterpolator","org.apache.commons.math.ode.DormandPrince853StepInterpolator",74
"410","15","math","org.apache.commons.math.ode.ContinuousOutputModel","org.apache.commons.math.ode.AbstractStepInterpolator",43
"411","15","math","org.apache.commons.math.ode.EmbeddedRungeKuttaIntegrator","org.apache.commons.math.ode.DormandPrince853Integrator",18
"412","15","math","org.apache.commons.math.ode.EmbeddedRungeKuttaIntegrator","org.apache.commons.math.ode.HighamHall54Integrator",4
"413","15","math","org.apache.commons.math.ode.GraggBulirschStoerIntegrator","org.apache.commons.math.ode.AdaptiveStepsizeIntegrator",56
"414","15","math","org.apache.commons.math.ode.GraggBulirschStoerIntegrator","org.apache.commons.math.ode.SwitchingFunctionsHandler",18
"415","15","math","org.apache.commons.math.ode.GraggBulirschStoerStepInterpolator","org.apache.commons.math.ode.AbstractStepInterpolator",37
"416","15","math","org.apache.commons.math.ode.SwitchingFunctionsHandler","org.apache.commons.math.ode.SwitchState",82
"417","15","math","org.apache.commons.math.ode.SwitchState","org.apache.commons.math.analysis.BrentSolver",13
"418","15","math","org.apache.commons.math.optimization.NelderMead","org.apache.commons.math.optimization.DirectSearchOptimizer",80
"419","15","math","org.apache.commons.math.stat.inference.TTestImpl","org.apache.commons.math.stat.StatUtils",2
"420","15","math","org.apache.commons.math.transform.FastFourierTransformer","org.apache.commons.math.complex.Complex",17
"421","15","mockito","org.mockito.asm.AnnotationWriter","org.mockito.asm.ClassWriter",48
"422","15","mockito","org.mockito.asm.MethodWriter","org.mockito.asm.ByteVector",41
"423","15","mockito","org.mockito.asm.MethodWriter","org.mockito.asm.ClassWriter",11
"424","15","mockito","org.mockito.asm.tree.analysis.BasicVerifier","org.mockito.asm.tree.analysis.BasicInterpreter",19
"425","15","mockito","org.mockito.asm.tree.analysis.BasicVerifier","org.mockito.asm.tree.analysis.SimpleVerifier",9
"426","15","mockito","org.mockito.cglib.core.ClassEmitter","org.mockito.cglib.transform.impl.InterceptFieldTransformer",8
"427","15","mockito","org.mockito.cglib.core.CodeEmitter","org.mockito.cglib.core.TypeUtils",74
"428","15","mockito","org.mockito.cglib.core.EmitUtils","org.mockito.cglib.core.CodeEmitter",56
"429","15","mockito","org.mockito.cglib.proxy.Enhancer","org.mockito.cglib.core.ReflectUtils",19
"430","15","time","org.joda.time.base.AbstractPartial","org.joda.time.YearMonth",2
"431","15","time","org.joda.time.chrono.BasicChronology","org.joda.time.chrono.CopticChronology",3
"432","15","time","org.joda.time.chrono.BasicChronology","org.joda.time.chrono.IslamicChronology",2
"433","15","time","org.joda.time.chrono.BasicWeekyearDateTimeField","org.joda.time.chrono.BasicChronology",46
"434","15","time","org.joda.time.chrono.CopticChronology","org.joda.time.DateTimeZone",53
"435","15","time","org.joda.time.chrono.ISOChronology","org.joda.time.chrono.AssembledChronology",31
"436","15","time","org.joda.time.chrono.ISOChronology","org.joda.time.DateTimeZone",205
"437","15","time","org.joda.time.chrono.ZonedChronology","org.joda.time.chrono.AssembledChronology",5
"438","15","time","org.joda.time.chrono.ZonedChronology","org.joda.time.DateTimeZone",35
"439","15","time","org.joda.time.chrono.ZonedChronology$ZonedDateTimeField","org.joda.time.DateTimeZone",6
"440","15","time","org.joda.time.DateTimeUtils","org.joda.time.DateTimeZone",88
"441","15","time","org.joda.time.DateTimeZone","org.joda.time.format.DateTimeFormat",10
"442","15","time","org.joda.time.Days","org.joda.time.base.BaseSingleFieldPeriod",1
"443","15","time","org.joda.time.format.DateTimeFormat","org.joda.time.format.DateTimeFormat$StyleFormatter",1
"444","15","time","org.joda.time.format.DateTimeFormatter","org.joda.time.DateTimeZone",10
"445","15","time","org.joda.time.format.DateTimeFormatter","org.joda.time.format.DateTimeParserBucket",1
"446","15","time","org.joda.time.format.DateTimeFormatterBuilder$PaddedNumber","org.joda.time.format.DateTimeFormatterBuilder",11
"447","15","time","org.joda.time.format.DateTimeFormatterBuilder$TextField","org.joda.time.format.DateTimeParserBucket",4
"448","15","time","org.joda.time.format.DateTimeParserBucket$SavedState","org.joda.time.format.DateTimeParserBucket",16
"449","15","time","org.joda.time.format.ISODateTimeFormat","org.joda.time.format.DateTimeFormatterBuilder",6
"450","15","time","org.joda.time.LocalDate","org.joda.time.format.ISODateTimeFormat",10
"451","15","time","org.joda.time.LocalDateTime","org.joda.time.DateTimeZone",117
"452","15","time","org.joda.time.LocalDateTime","org.joda.time.format.DateTimeFormatter",2
"453","15","time","org.joda.time.Minutes","org.joda.time.base.BaseSingleFieldPeriod",1
"454","15","time","org.joda.time.MutableInterval","org.joda.time.base.BaseInterval",2
"455","15","time","org.joda.time.MutablePeriod","org.joda.time.base.BasePeriod",1
"456","15","time","org.joda.time.Period","org.joda.time.base.BasePeriod",4
"457","15","time","org.joda.time.Period","org.joda.time.PeriodType",523
"458","15","time","org.joda.time.Seconds","org.joda.time.base.BaseSingleFieldPeriod",1
"459","15","time","org.joda.time.tz.ZoneInfoCompiler","org.joda.time.DateTimeZone",227
"460","16","closure","com.google.javascript.rhino.head.IRFactory","com.google.javascript.rhino.head.Node",5
"461","16","closure","com.google.javascript.rhino.head.IRFactory","com.google.javascript.rhino.head.Parser",20
"462","16","closure","com.google.javascript.rhino.head.NativeArray","com.google.javascript.rhino.head.ScriptableObject",3
"463","16","closure","com.google.javascript.rhino.head.NativeObject","com.google.javascript.rhino.head.ScriptableObject",114
"464","16","closure","com.google.javascript.rhino.head.ScriptableObject","com.google.javascript.rhino.head.FunctionObject",19
"465","16","closure","com.google.javascript.rhino.head.tools.debugger.Dim","com.google.javascript.rhino.head.ScriptRuntime",34
"466","16","closure","com.google.javascript.rhino.jstype.JSType","com.google.javascript.rhino.jstype.FunctionType",290
"467","16","closure","com.google.javascript.rhino.jstype.JSType","com.google.javascript.rhino.jstype.UnionType",55
"468","16","lang","org.apache.commons.lang3.builder.ToStringBuilder","org.apache.commons.lang3.builder.ToStringStyle",62
"469","16","lang","org.apache.commons.lang3.concurrent.MultiBackgroundInitializer","org.apache.commons.lang3.concurrent.BackgroundInitializer",10
"470","16","lang","org.apache.commons.lang3.text.StrBuilder$StrBuilderReader","org.apache.commons.lang3.text.StrBuilder",2
"471","16","lang","org.apache.commons.lang3.text.StrSubstitutor","org.apache.commons.lang3.text.StrBuilder",5
"472","16","lang","org.apache.commons.lang3.text.translate.UnicodeEscaper","org.apache.commons.lang3.text.translate.CharSequenceTranslator",1
"473","16","lang","org.apache.commons.lang3.time.DurationFormatUtils","org.apache.commons.lang3.time.DurationFormatUtils$Token",5
"474","16","math","org.apache.commons.math.analysis.MullerSolver","org.apache.commons.math.analysis.UnivariateRealSolverImpl",97
"475","16","math","org.apache.commons.math.geometry.Rotation","org.apache.commons.math.geometry.Vector3D",1
"476","16","math","org.apache.commons.math.linear.MatrixUtils","org.apache.commons.math.linear.BigMatrixImpl",1
"477","16","math","org.apache.commons.math.ode.AbstractStepInterpolator","org.apache.commons.math.ode.DormandPrince853StepInterpolator",76
"478","16","math","org.apache.commons.math.ode.ContinuousOutputModel","org.apache.commons.math.ode.AbstractStepInterpolator",46
"479","16","math","org.apache.commons.math.ode.EmbeddedRungeKuttaIntegrator","org.apache.commons.math.ode.DormandPrince853Integrator",9
"480","16","math","org.apache.commons.math.ode.GraggBulirschStoerIntegrator","org.apache.commons.math.ode.AdaptiveStepsizeIntegrator",61
"481","16","math","org.apache.commons.math.ode.GraggBulirschStoerIntegrator","org.apache.commons.math.ode.SwitchingFunctionsHandler",23
"482","16","math","org.apache.commons.math.ode.GraggBulirschStoerStepInterpolator","org.apache.commons.math.ode.AbstractStepInterpolator",38
"483","16","math","org.apache.commons.math.ode.SwitchingFunctionsHandler","org.apache.commons.math.ode.SwitchState",52
"484","16","math","org.apache.commons.math.ode.SwitchState","org.apache.commons.math.analysis.BrentSolver",64
"485","16","math","org.apache.commons.math.optimization.NelderMead","org.apache.commons.math.optimization.DirectSearchOptimizer",62
"486","16","math","org.apache.commons.math.transform.FastFourierTransformer","org.apache.commons.math.complex.Complex",22
"487","16","mockito","org.mockito.asm.AnnotationWriter","org.mockito.asm.ClassWriter",48
"488","16","mockito","org.mockito.asm.MethodWriter","org.mockito.asm.ByteVector",13
"489","16","mockito","org.mockito.asm.tree.analysis.BasicVerifier","org.mockito.asm.tree.analysis.BasicInterpreter",5
"490","16","mockito","org.mockito.asm.tree.analysis.BasicVerifier","org.mockito.asm.tree.analysis.SimpleVerifier",11
"491","16","mockito","org.mockito.cglib.core.CodeEmitter","org.mockito.cglib.core.TypeUtils",59
"492","16","mockito","org.mockito.cglib.core.EmitUtils","org.mockito.cglib.core.CodeEmitter",165
"493","16","mockito","org.mockito.cglib.proxy.Enhancer","org.mockito.cglib.core.CodeEmitter",240
"494","16","mockito","org.mockito.cglib.proxy.Enhancer","org.mockito.cglib.core.ReflectUtils",28
"495","16","time","org.joda.time.base.AbstractPartial","org.joda.time.YearMonth",4
"496","16","time","org.joda.time.base.BasePeriod","org.joda.time.base.AbstractPeriod",14
"497","16","time","org.joda.time.chrono.BasicWeekyearDateTimeField","org.joda.time.chrono.BasicChronology",147
"498","16","time","org.joda.time.chrono.CopticChronology","org.joda.time.DateTimeZone",83
"499","16","time","org.joda.time.chrono.ISOChronology","org.joda.time.chrono.AssembledChronology",1
"500","16","time","org.joda.time.chrono.ISOChronology","org.joda.time.DateTimeZone",52
"501","16","time","org.joda.time.chrono.ZonedChronology","org.joda.time.chrono.AssembledChronology",62
"502","16","time","org.joda.time.chrono.ZonedChronology","org.joda.time.DateTimeZone",40
"503","16","time","org.joda.time.chrono.ZonedChronology$ZonedDateTimeField","org.joda.time.DateTimeZone",17
"504","16","time","org.joda.time.DateTimeUtils","org.joda.time.DateTimeZone",47
"505","16","time","org.joda.time.DateTimeZone","org.joda.time.format.FormatUtils",8
"506","16","time","org.joda.time.format.DateTimeFormatter","org.joda.time.DateTimeZone",16
"507","16","time","org.joda.time.format.DateTimeFormatter","org.joda.time.format.DateTimeParserBucket",26
"508","16","time","org.joda.time.format.DateTimeFormatterBuilder$PaddedNumber","org.joda.time.format.DateTimeFormatterBuilder",1
"509","16","time","org.joda.time.format.DateTimeFormatterBuilder$TextField","org.joda.time.format.DateTimeParserBucket",2
"510","16","time","org.joda.time.format.DateTimeParserBucket$SavedState","org.joda.time.format.DateTimeParserBucket",15
"511","16","time","org.joda.time.format.ISODateTimeFormat","org.joda.time.format.DateTimeFormatterBuilder",5
"512","16","time","org.joda.time.LocalDate","org.joda.time.format.ISODateTimeFormat",31
"513","16","time","org.joda.time.LocalDateTime","org.joda.time.DateTimeZone",15
"514","16","time","org.joda.time.Minutes","org.joda.time.base.BaseSingleFieldPeriod",1
"515","16","time","org.joda.time.MutableInterval","org.joda.time.base.BaseInterval",2
"516","16","time","org.joda.time.Period","org.joda.time.PeriodType",365
"517","16","time","org.joda.time.tz.ZoneInfoCompiler","org.joda.time.DateTimeZone",236
"518","17","closure","com.google.javascript.jscomp.NodeUtil","com.google.javascript.rhino.Node",15
"519","17","closure","com.google.javascript.rhino.head.IdScriptableObject","com.google.javascript.rhino.head.ScriptableObject",41
"520","17","closure","com.google.javascript.rhino.head.Interpreter","com.google.javascript.rhino.head.ScriptableObject",43
"521","17","closure","com.google.javascript.rhino.head.IRFactory","com.google.javascript.rhino.head.Parser",116
"522","17","closure","com.google.javascript.rhino.head.NativeArray","com.google.javascript.rhino.head.IdScriptableObject",16
"523","17","closure","com.google.javascript.rhino.head.NativeArray","com.google.javascript.rhino.head.ScriptableObject",8
"524","17","closure","com.google.javascript.rhino.head.NativeObject","com.google.javascript.rhino.head.ScriptableObject",168
"525","17","closure","com.google.javascript.rhino.head.ScriptableObject","com.google.javascript.rhino.head.FunctionObject",11
"526","17","closure","com.google.javascript.rhino.jstype.JSType","com.google.javascript.rhino.jstype.UnionType",25
"527","17","closure","com.google.javascript.rhino.jstype.PrototypeObjectType","com.google.javascript.rhino.jstype.JSType",81
"528","17","lang","org.apache.commons.lang3.builder.ToStringBuilder","org.apache.commons.lang3.builder.ToStringStyle",13
"529","17","lang","org.apache.commons.lang3.concurrent.MultiBackgroundInitializer","org.apache.commons.lang3.concurrent.BackgroundInitializer",7
"530","17","lang","org.apache.commons.lang3.text.StrSubstitutor","org.apache.commons.lang3.text.StrBuilder",5
"531","17","lang","org.apache.commons.lang3.text.translate.UnicodeEscaper","org.apache.commons.lang3.text.translate.CharSequenceTranslator",1
"532","17","lang","org.apache.commons.lang3.time.DurationFormatUtils","org.apache.commons.lang3.time.DurationFormatUtils$Token",5
"533","17","math","org.apache.commons.math.analysis.MullerSolver","org.apache.commons.math.analysis.UnivariateRealSolverImpl",97
"534","17","math","org.apache.commons.math.geometry.Rotation","org.apache.commons.math.geometry.Vector3D",1
"535","17","math","org.apache.commons.math.linear.MatrixUtils","org.apache.commons.math.linear.BigMatrixImpl",1
"536","17","math","org.apache.commons.math.ode.AbstractStepInterpolator","org.apache.commons.math.ode.DormandPrince853StepInterpolator",68
"537","17","math","org.apache.commons.math.ode.ContinuousOutputModel","org.apache.commons.math.ode.AbstractStepInterpolator",44
"538","17","math","org.apache.commons.math.ode.EmbeddedRungeKuttaIntegrator","org.apache.commons.math.ode.DormandPrince853Integrator",10
"539","17","math","org.apache.commons.math.ode.GraggBulirschStoerIntegrator","org.apache.commons.math.ode.AdaptiveStepsizeIntegrator",56
"540","17","math","org.apache.commons.math.ode.GraggBulirschStoerIntegrator","org.apache.commons.math.ode.SwitchingFunctionsHandler",19
"541","17","math","org.apache.commons.math.ode.GraggBulirschStoerStepInterpolator","org.apache.commons.math.ode.AbstractStepInterpolator",29
"542","17","math","org.apache.commons.math.ode.SwitchingFunctionsHandler","org.apache.commons.math.ode.SwitchState",79
"543","17","math","org.apache.commons.math.ode.SwitchState","org.apache.commons.math.analysis.BrentSolver",16
"544","17","math","org.apache.commons.math.optimization.NelderMead","org.apache.commons.math.optimization.DirectSearchOptimizer",51
"545","17","mockito","org.mockito.asm.AnnotationWriter","org.mockito.asm.ClassWriter",78
"546","17","mockito","org.mockito.asm.MethodWriter","org.mockito.asm.ByteVector",17
"547","17","mockito","org.mockito.asm.MethodWriter","org.mockito.asm.ClassWriter",11
"548","17","mockito","org.mockito.asm.tree.analysis.BasicVerifier","org.mockito.asm.tree.analysis.BasicInterpreter",26
"549","17","mockito","org.mockito.cglib.core.CodeEmitter","org.mockito.cglib.core.TypeUtils",69
"550","17","mockito","org.mockito.cglib.core.EmitUtils","org.mockito.cglib.core.CodeEmitter",99
"551","17","mockito","org.mockito.cglib.proxy.Enhancer","org.mockito.cglib.core.CodeEmitter",8
"552","17","mockito","org.mockito.cglib.proxy.Enhancer","org.mockito.cglib.core.ReflectUtils",28
"553","17","time","org.joda.time.base.BasePeriod","org.joda.time.base.AbstractPeriod",12
"554","17","time","org.joda.time.chrono.BasicWeekyearDateTimeField","org.joda.time.chrono.BasicChronology",10
"555","17","time","org.joda.time.chrono.CopticChronology","org.joda.time.DateTimeZone",24
"556","17","time","org.joda.time.chrono.GJChronology","org.joda.time.chrono.JulianChronology",3
"557","17","time","org.joda.time.chrono.ISOChronology","org.joda.time.chrono.AssembledChronology",2
"558","17","time","org.joda.time.chrono.ISOChronology","org.joda.time.DateTimeZone",36
"559","17","time","org.joda.time.chrono.ZonedChronology","org.joda.time.chrono.AssembledChronology",6
"560","17","time","org.joda.time.chrono.ZonedChronology$ZonedDateTimeField","org.joda.time.DateTimeZone",9
"561","17","time","org.joda.time.DateTimeUtils","org.joda.time.DateTimeZone",99
"562","17","time","org.joda.time.DateTimeZone","org.joda.time.format.DateTimeFormat",5
"563","17","time","org.joda.time.DateTimeZone","org.joda.time.tz.FixedDateTimeZone",20
"564","17","time","org.joda.time.Days","org.joda.time.base.BaseSingleFieldPeriod",1
"565","17","time","org.joda.time.format.DateTimeFormatter","org.joda.time.DateTimeZone",11
"566","17","time","org.joda.time.format.DateTimeFormatterBuilder$TextField","org.joda.time.format.DateTimeParserBucket",2
"567","17","time","org.joda.time.format.DateTimeParserBucket$SavedState","org.joda.time.format.DateTimeParserBucket",15
"568","17","time","org.joda.time.format.ISODateTimeFormat","org.joda.time.format.DateTimeFormatterBuilder",5
"569","17","time","org.joda.time.Hours","org.joda.time.base.BaseSingleFieldPeriod",1
"570","17","time","org.joda.time.LocalDate","org.joda.time.format.ISODateTimeFormat",31
"571","17","time","org.joda.time.LocalDateTime","org.joda.time.DateTimeZone",107
"572","17","time","org.joda.time.LocalDateTime","org.joda.time.format.DateTimeFormatter",1
"573","17","time","org.joda.time.Period","org.joda.time.base.AbstractPeriod",1
"574","17","time","org.joda.time.Period","org.joda.time.PeriodType",543
"575","17","time","org.joda.time.Seconds","org.joda.time.base.BaseSingleFieldPeriod",1
"576","17","time","org.joda.time.tz.ZoneInfoCompiler","org.joda.time.DateTimeZone",235
"577","18","closure","com.google.javascript.rhino.head.IdScriptableObject","com.google.javascript.rhino.head.ScriptableObject",482
"578","18","closure","com.google.javascript.rhino.head.IRFactory","com.google.javascript.rhino.head.Parser",106
"579","18","closure","com.google.javascript.rhino.head.NativeArray","com.google.javascript.rhino.head.ScriptableObject",2
"580","18","closure","com.google.javascript.rhino.head.NativeArray","com.google.javascript.rhino.head.ScriptRuntime",83
"581","18","closure","com.google.javascript.rhino.head.regexp.NativeRegExp","com.google.javascript.rhino.head.ScriptRuntime",91
"582","18","closure","com.google.javascript.rhino.head.ScriptRuntime","com.google.javascript.rhino.head.ScriptableObject",101
"583","18","closure","com.google.javascript.rhino.head.tools.debugger.Dim","com.google.javascript.rhino.head.ScriptRuntime",74
"584","18","closure","com.google.javascript.rhino.JSDocInfoBuilder","com.google.javascript.rhino.JSDocInfo",15
"585","18","closure","com.google.javascript.rhino.jstype.JSType","com.google.javascript.rhino.jstype.FunctionType",264
"586","18","closure","com.google.javascript.rhino.jstype.JSType","com.google.javascript.rhino.jstype.UnionType",26
"587","18","lang","org.apache.commons.lang3.builder.ReflectionToStringBuilder","org.apache.commons.lang3.builder.ToStringBuilder",1
"588","18","lang","org.apache.commons.lang3.builder.ToStringBuilder","org.apache.commons.lang3.builder.ToStringStyle",21
"589","18","lang","org.apache.commons.lang3.concurrent.MultiBackgroundInitializer","org.apache.commons.lang3.concurrent.BackgroundInitializer",10
"590","18","lang","org.apache.commons.lang3.text.StrBuilder$StrBuilderReader","org.apache.commons.lang3.text.StrBuilder",1
"591","18","lang","org.apache.commons.lang3.text.StrSubstitutor","org.apache.commons.lang3.text.StrBuilder",6
"592","18","lang","org.apache.commons.lang3.text.translate.UnicodeEscaper","org.apache.commons.lang3.text.translate.CharSequenceTranslator",1
"593","18","lang","org.apache.commons.lang3.time.DurationFormatUtils","org.apache.commons.lang3.time.DurationFormatUtils$Token",17
"594","18","math","org.apache.commons.math.analysis.MullerSolver","org.apache.commons.math.analysis.UnivariateRealSolverImpl",97
"595","18","math","org.apache.commons.math.fraction.ProperFractionFormat","org.apache.commons.math.fraction.FractionFormat",2
"596","18","math","org.apache.commons.math.linear.MatrixUtils","org.apache.commons.math.linear.BigMatrixImpl",1
"597","18","math","org.apache.commons.math.ode.AbstractStepInterpolator","org.apache.commons.math.ode.DormandPrince853StepInterpolator",71
"598","18","math","org.apache.commons.math.ode.ContinuousOutputModel","org.apache.commons.math.ode.AbstractStepInterpolator",47
"599","18","math","org.apache.commons.math.ode.EmbeddedRungeKuttaIntegrator","org.apache.commons.math.ode.DormandPrince853Integrator",9
"600","18","math","org.apache.commons.math.ode.EmbeddedRungeKuttaIntegrator","org.apache.commons.math.ode.HighamHall54Integrator",8
"601","18","math","org.apache.commons.math.ode.GraggBulirschStoerIntegrator","org.apache.commons.math.ode.AdaptiveStepsizeIntegrator",50
"602","18","math","org.apache.commons.math.ode.GraggBulirschStoerIntegrator","org.apache.commons.math.ode.SwitchingFunctionsHandler",5
"603","18","math","org.apache.commons.math.ode.GraggBulirschStoerStepInterpolator","org.apache.commons.math.ode.AbstractStepInterpolator",31
"604","18","math","org.apache.commons.math.ode.SwitchingFunctionsHandler","org.apache.commons.math.ode.SwitchState",52
"605","18","math","org.apache.commons.math.optimization.NelderMead","org.apache.commons.math.optimization.DirectSearchOptimizer",63
"606","18","math","org.apache.commons.math.stat.inference.TTestImpl","org.apache.commons.math.stat.StatUtils",2
"607","18","math","org.apache.commons.math.transform.FastFourierTransformer","org.apache.commons.math.complex.Complex",3
"608","18","mockito","org.mockito.asm.AnnotationWriter","org.mockito.asm.ClassWriter",51
"609","18","mockito","org.mockito.asm.MethodWriter","org.mockito.asm.ByteVector",42
"610","18","mockito","org.mockito.asm.MethodWriter","org.mockito.asm.ClassWriter",14
"611","18","mockito","org.mockito.asm.tree.analysis.BasicVerifier","org.mockito.asm.tree.analysis.BasicInterpreter",22
"612","18","mockito","org.mockito.asm.tree.analysis.BasicVerifier","org.mockito.asm.tree.analysis.SimpleVerifier",9
"613","18","mockito","org.mockito.cglib.core.CodeEmitter","org.mockito.cglib.core.TypeUtils",70
"614","18","mockito","org.mockito.cglib.core.EmitUtils","org.mockito.cglib.core.CodeEmitter",102
"615","18","mockito","org.mockito.cglib.proxy.Enhancer","org.mockito.cglib.core.ReflectUtils",19
"616","18","mockito","org.mockito.cglib.proxy.Mixin$Generator","org.mockito.cglib.core.ReflectUtils",24
"617","18","time","org.joda.time.base.AbstractPartial","org.joda.time.YearMonth",6
"618","18","time","org.joda.time.base.BasePeriod","org.joda.time.base.AbstractPeriod",12
"619","18","time","org.joda.time.chrono.BasicChronology","org.joda.time.chrono.IslamicChronology",24
"620","18","time","org.joda.time.chrono.BasicWeekyearDateTimeField","org.joda.time.chrono.BasicChronology",215
"621","18","time","org.joda.time.chrono.CopticChronology","org.joda.time.DateTimeZone",32
"622","18","time","org.joda.time.chrono.GJChronology","org.joda.time.chrono.GJChronology$CutoverField",18
"623","18","time","org.joda.time.chrono.ISOChronology","org.joda.time.chrono.AssembledChronology",81
"624","18","time","org.joda.time.chrono.ISOChronology","org.joda.time.DateTimeZone",40
"625","18","time","org.joda.time.chrono.ZonedChronology","org.joda.time.chrono.AssembledChronology",4
"626","18","time","org.joda.time.chrono.ZonedChronology","org.joda.time.DateTimeZone",287
"627","18","time","org.joda.time.chrono.ZonedChronology$ZonedDateTimeField","org.joda.time.DateTimeZone",13
"628","18","time","org.joda.time.DateTimeUtils","org.joda.time.DateTimeZone",95
"629","18","time","org.joda.time.format.DateTimeFormat","org.joda.time.format.DateTimeFormat$StyleFormatter",1
"630","18","time","org.joda.time.format.DateTimeFormatter","org.joda.time.DateTimeZone",13
"631","18","time","org.joda.time.format.DateTimeFormatter","org.joda.time.format.DateTimeParserBucket",32
"632","18","time","org.joda.time.format.DateTimeFormatterBuilder$PaddedNumber","org.joda.time.format.DateTimeFormatterBuilder",15
"633","18","time","org.joda.time.format.DateTimeFormatterBuilder$TextField","org.joda.time.MutableDateTime",2
"634","18","time","org.joda.time.format.ISODateTimeFormat","org.joda.time.format.DateTimeFormatterBuilder",3
"635","18","time","org.joda.time.Hours","org.joda.time.base.BaseSingleFieldPeriod",4
"636","18","time","org.joda.time.LocalDate","org.joda.time.format.ISODateTimeFormat",29
"637","18","time","org.joda.time.LocalDateTime","org.joda.time.DateTimeZone",36
"638","18","time","org.joda.time.LocalDateTime","org.joda.time.format.DateTimeFormatter",6
"639","18","time","org.joda.time.Minutes","org.joda.time.base.BaseSingleFieldPeriod",1
"640","18","time","org.joda.time.MutablePeriod","org.joda.time.base.BasePeriod",3
"641","18","time","org.joda.time.Period","org.joda.time.base.AbstractPeriod",1
"642","18","time","org.joda.time.Period","org.joda.time.base.BasePeriod",5
"643","18","time","org.joda.time.Period","org.joda.time.PeriodType",477
"644","18","time","org.joda.time.Seconds","org.joda.time.base.BaseSingleFieldPeriod",41
"645","18","time","org.joda.time.tz.ZoneInfoCompiler","org.joda.time.DateTimeZone",328
"646","18","time","org.joda.time.Weeks","org.joda.time.base.BaseSingleFieldPeriod",8
"647","19","closure","com.google.javascript.rhino.head.IdScriptableObject","com.google.javascript.rhino.head.ScriptableObject",308
"648","19","closure","com.google.javascript.rhino.head.IRFactory","com.google.javascript.rhino.head.Parser",22
"649","19","closure","com.google.javascript.rhino.head.NativeArray","com.google.javascript.rhino.head.IdScriptableObject",19
"650","19","closure","com.google.javascript.rhino.head.NativeArray","com.google.javascript.rhino.head.ScriptableObject",6
"651","19","closure","com.google.javascript.rhino.head.regexp.NativeRegExp","com.google.javascript.rhino.head.ScriptRuntime",20
"652","19","closure","com.google.javascript.rhino.head.ScriptableObject","com.google.javascript.rhino.head.FunctionObject",18
"653","19","closure","com.google.javascript.rhino.head.tools.debugger.Dim","com.google.javascript.rhino.head.ScriptRuntime",35
"654","19","closure","com.google.javascript.rhino.jstype.JSType","com.google.javascript.rhino.jstype.UnionType",28
"655","19","lang","org.apache.commons.lang3.concurrent.MultiBackgroundInitializer","org.apache.commons.lang3.concurrent.BackgroundInitializer",4
"656","19","lang","org.apache.commons.lang3.text.StrBuilder$StrBuilderReader","org.apache.commons.lang3.text.StrBuilder",1
"657","19","lang","org.apache.commons.lang3.text.StrSubstitutor","org.apache.commons.lang3.text.StrBuilder",7
"658","19","lang","org.apache.commons.lang3.time.DurationFormatUtils","org.apache.commons.lang3.time.DurationFormatUtils$Token",17
"659","19","math","org.apache.commons.math.analysis.MullerSolver","org.apache.commons.math.analysis.UnivariateRealSolverImpl",103
"660","19","math","org.apache.commons.math.geometry.Rotation","org.apache.commons.math.geometry.Vector3D",2
"661","19","math","org.apache.commons.math.linear.MatrixUtils","org.apache.commons.math.linear.BigMatrixImpl",1
"662","19","math","org.apache.commons.math.ode.AbstractStepInterpolator","org.apache.commons.math.ode.DormandPrince853StepInterpolator",70
"663","19","math","org.apache.commons.math.ode.ContinuousOutputModel","org.apache.commons.math.ode.AbstractStepInterpolator",36
"664","19","math","org.apache.commons.math.ode.EmbeddedRungeKuttaIntegrator","org.apache.commons.math.ode.DormandPrince853Integrator",12
"665","19","math","org.apache.commons.math.ode.GraggBulirschStoerIntegrator","org.apache.commons.math.ode.AdaptiveStepsizeIntegrator",51
"666","19","math","org.apache.commons.math.ode.GraggBulirschStoerIntegrator","org.apache.commons.math.ode.SwitchingFunctionsHandler",14
"667","19","math","org.apache.commons.math.ode.GraggBulirschStoerStepInterpolator","org.apache.commons.math.ode.AbstractStepInterpolator",28
"668","19","math","org.apache.commons.math.ode.SwitchingFunctionsHandler","org.apache.commons.math.ode.SwitchState",63
"669","19","math","org.apache.commons.math.ode.SwitchState","org.apache.commons.math.analysis.BrentSolver",43
"670","19","math","org.apache.commons.math.optimization.NelderMead","org.apache.commons.math.optimization.DirectSearchOptimizer",82
"671","19","math","org.apache.commons.math.stat.inference.TTestImpl","org.apache.commons.math.stat.StatUtils",2
"672","19","math","org.apache.commons.math.transform.FastFourierTransformer","org.apache.commons.math.complex.Complex",23
"673","19","mockito","org.mockito.asm.AnnotationWriter","org.mockito.asm.ClassWriter",75
"674","19","mockito","org.mockito.asm.MethodWriter","org.mockito.asm.ByteVector",41
"675","19","mockito","org.mockito.asm.MethodWriter","org.mockito.asm.ClassWriter",12
"676","19","mockito","org.mockito.asm.tree.analysis.BasicVerifier","org.mockito.asm.tree.analysis.BasicInterpreter",17
"677","19","mockito","org.mockito.asm.tree.analysis.BasicVerifier","org.mockito.asm.tree.analysis.SimpleVerifier",3
"678","19","mockito","org.mockito.cglib.core.ClassEmitter","org.mockito.cglib.transform.impl.InterceptFieldTransformer",8
"679","19","mockito","org.mockito.cglib.core.CodeEmitter","org.mockito.cglib.core.TypeUtils",73
"680","19","mockito","org.mockito.cglib.core.EmitUtils","org.mockito.cglib.core.CodeEmitter",83
"681","19","mockito","org.mockito.cglib.proxy.Enhancer","org.mockito.cglib.core.ReflectUtils",25
"682","19","mockito","org.mockito.cglib.proxy.Mixin$Generator","org.mockito.cglib.core.ReflectUtils",23
"683","19","time","org.joda.time.base.AbstractPartial","org.joda.time.YearMonth",11
"684","19","time","org.joda.time.base.BasePeriod","org.joda.time.base.AbstractPeriod",13
"685","19","time","org.joda.time.chrono.BasicChronology","org.joda.time.chrono.IslamicChronology",23
"686","19","time","org.joda.time.chrono.BasicWeekyearDateTimeField","org.joda.time.chrono.BasicChronology",110
"687","19","time","org.joda.time.chrono.CopticChronology","org.joda.time.DateTimeZone",22
"688","19","time","org.joda.time.chrono.GJChronology","org.joda.time.chrono.GJChronology$CutoverField",31
"689","19","time","org.joda.time.chrono.ISOChronology","org.joda.time.DateTimeZone",47
"690","19","time","org.joda.time.chrono.ZonedChronology","org.joda.time.chrono.AssembledChronology",3
"691","19","time","org.joda.time.chrono.ZonedChronology$ZonedDateTimeField","org.joda.time.DateTimeZone",18
"692","19","time","org.joda.time.DateTimeUtils","org.joda.time.DateTimeZone",138
"693","19","time","org.joda.time.Days","org.joda.time.base.BaseSingleFieldPeriod",28
"694","19","time","org.joda.time.format.DateTimeFormatter","org.joda.time.DateTimeZone",24
"695","19","time","org.joda.time.format.DateTimeFormatter","org.joda.time.format.DateTimeParserBucket",4
"696","19","time","org.joda.time.format.DateTimeFormatterBuilder$PaddedNumber","org.joda.time.format.DateTimeFormatterBuilder",24
"697","19","time","org.joda.time.format.DateTimeFormatterBuilder$TextField","org.joda.time.MutableDateTime",8
"698","19","time","org.joda.time.format.DateTimeParserBucket$SavedState","org.joda.time.format.DateTimeParserBucket",3
"699","19","time","org.joda.time.format.ISODateTimeFormat","org.joda.time.format.DateTimeFormatterBuilder",6
"700","19","time","org.joda.time.LocalDate","org.joda.time.format.ISODateTimeFormat",24
"701","19","time","org.joda.time.LocalDateTime","org.joda.time.DateTimeZone",22
"702","19","time","org.joda.time.LocalTime$Property","org.joda.time.LocalTime",4
"703","19","time","org.joda.time.MutableInterval","org.joda.time.base.BaseInterval",11
"704","19","time","org.joda.time.Period","org.joda.time.base.AbstractPeriod",1
"705","19","time","org.joda.time.Period","org.joda.time.PeriodType",558
"706","19","time","org.joda.time.Seconds","org.joda.time.base.BaseSingleFieldPeriod",2
"707","19","time","org.joda.time.tz.ZoneInfoCompiler","org.joda.time.DateTimeZone",251
"708","2","closure","com.google.javascript.rhino.head.IdScriptableObject","com.google.javascript.rhino.head.ScriptableObject",144
"709","2","closure","com.google.javascript.rhino.head.Interpreter","com.google.javascript.rhino.head.InterpretedFunction",1
"710","2","closure","com.google.javascript.rhino.head.Interpreter","com.google.javascript.rhino.head.ScriptableObject",71
"711","2","closure","com.google.javascript.rhino.head.IRFactory","com.google.javascript.rhino.head.Node",2
"712","2","closure","com.google.javascript.rhino.head.IRFactory","com.google.javascript.rhino.head.Parser",37
"713","2","closure","com.google.javascript.rhino.head.NativeArray","com.google.javascript.rhino.head.ScriptableObject",9
"714","2","closure","com.google.javascript.rhino.head.NativeArray","com.google.javascript.rhino.head.ScriptRuntime",48
"715","2","closure","com.google.javascript.rhino.head.NativeObject","com.google.javascript.rhino.head.ScriptableObject",17
"716","2","closure","com.google.javascript.rhino.jstype.JSType","com.google.javascript.rhino.jstype.ProxyObjectType",2
"717","2","closure","com.google.javascript.rhino.jstype.JSType","com.google.javascript.rhino.jstype.UnionType",79
"718","2","closure","com.google.javascript.rhino.jstype.PrototypeObjectType","com.google.javascript.rhino.jstype.JSType",113
"719","2","lang","org.apache.commons.lang3.builder.ToStringBuilder","org.apache.commons.lang3.builder.ToStringStyle",13
"720","2","lang","org.apache.commons.lang3.concurrent.MultiBackgroundInitializer","org.apache.commons.lang3.concurrent.BackgroundInitializer",10
"721","2","lang","org.apache.commons.lang3.text.StrSubstitutor","org.apache.commons.lang3.text.StrBuilder",6
"722","2","lang","org.apache.commons.lang3.text.translate.UnicodeEscaper","org.apache.commons.lang3.text.translate.CharSequenceTranslator",1
"723","2","lang","org.apache.commons.lang3.time.DurationFormatUtils","org.apache.commons.lang3.time.DurationFormatUtils$Token",17
"724","2","math","org.apache.commons.math.analysis.LaguerreSolver","org.apache.commons.math.complex.Complex",4
"725","2","math","org.apache.commons.math.analysis.MullerSolver","org.apache.commons.math.analysis.UnivariateRealSolverImpl",95
"726","2","math","org.apache.commons.math.geometry.Rotation","org.apache.commons.math.geometry.Vector3D",1
"727","2","math","org.apache.commons.math.linear.MatrixUtils","org.apache.commons.math.linear.BigMatrixImpl",1
"728","2","math","org.apache.commons.math.ode.AbstractStepInterpolator","org.apache.commons.math.ode.DormandPrince853StepInterpolator",65
"729","2","math","org.apache.commons.math.ode.ContinuousOutputModel","org.apache.commons.math.ode.AbstractStepInterpolator",35
"730","2","math","org.apache.commons.math.ode.EmbeddedRungeKuttaIntegrator","org.apache.commons.math.ode.DormandPrince853Integrator",9
"731","2","math","org.apache.commons.math.ode.EmbeddedRungeKuttaIntegrator","org.apache.commons.math.ode.HighamHall54Integrator",11
"732","2","math","org.apache.commons.math.ode.GraggBulirschStoerIntegrator","org.apache.commons.math.ode.AdaptiveStepsizeIntegrator",46
"733","2","math","org.apache.commons.math.ode.GraggBulirschStoerIntegrator","org.apache.commons.math.ode.SwitchingFunctionsHandler",5
"734","2","math","org.apache.commons.math.ode.GraggBulirschStoerStepInterpolator","org.apache.commons.math.ode.AbstractStepInterpolator",15
"735","2","math","org.apache.commons.math.ode.SwitchingFunctionsHandler","org.apache.commons.math.ode.SwitchState",64
"736","2","math","org.apache.commons.math.ode.SwitchState","org.apache.commons.math.analysis.BrentSolver",16
"737","2","math","org.apache.commons.math.optimization.NelderMead","org.apache.commons.math.optimization.DirectSearchOptimizer",65
"738","2","math","org.apache.commons.math.stat.descriptive.AbstractStorelessUnivariateStatistic","org.apache.commons.math.stat.descriptive.moment.Variance",1
"739","2","math","org.apache.commons.math.transform.FastFourierTransformer","org.apache.commons.math.complex.Complex",25
"740","2","mockito","org.mockito.asm.AnnotationWriter","org.mockito.asm.ClassWriter",65
"741","2","mockito","org.mockito.asm.MethodWriter","org.mockito.asm.ByteVector",29
"742","2","mockito","org.mockito.asm.tree.analysis.BasicVerifier","org.mockito.asm.tree.analysis.BasicInterpreter",6
"743","2","mockito","org.mockito.cglib.core.CodeEmitter","org.mockito.cglib.core.TypeUtils",74
"744","2","mockito","org.mockito.cglib.core.EmitUtils","org.mockito.cglib.core.CodeEmitter",73
"745","2","mockito","org.mockito.cglib.proxy.Enhancer","org.mockito.cglib.core.CodeEmitter",240
"746","2","mockito","org.mockito.cglib.proxy.Enhancer","org.mockito.cglib.core.ReflectUtils",26
"747","2","time","org.joda.time.base.AbstractPartial","org.joda.time.MonthDay",24
"748","2","time","org.joda.time.base.AbstractPartial","org.joda.time.YearMonth",11
"749","2","time","org.joda.time.base.BasePeriod","org.joda.time.base.AbstractPeriod",3
"750","2","time","org.joda.time.chrono.BasicChronology","org.joda.time.chrono.IslamicChronology",55
"751","2","time","org.joda.time.chrono.BasicWeekyearDateTimeField","org.joda.time.chrono.BasicChronology",172
"752","2","time","org.joda.time.chrono.CopticChronology","org.joda.time.DateTimeZone",18
"753","2","time","org.joda.time.chrono.GJChronology","org.joda.time.chrono.JulianChronology",1
"754","2","time","org.joda.time.chrono.ZonedChronology","org.joda.time.chrono.AssembledChronology",1
"755","2","time","org.joda.time.chrono.ZonedChronology","org.joda.time.DateTimeZone",39
"756","2","time","org.joda.time.chrono.ZonedChronology$ZonedDateTimeField","org.joda.time.DateTimeZone",16
"757","2","time","org.joda.time.DateTimeUtils","org.joda.time.DateTimeZone",60
"758","2","time","org.joda.time.DateTimeZone","org.joda.time.format.DateTimeFormat",4
"759","2","time","org.joda.time.DateTimeZone","org.joda.time.format.FormatUtils",1
"760","2","time","org.joda.time.format.DateTimeFormat","org.joda.time.format.DateTimeFormat$StyleFormatter",3
"761","2","time","org.joda.time.format.DateTimeFormatter","org.joda.time.DateTimeZone",12
"762","2","time","org.joda.time.format.DateTimeFormatter","org.joda.time.format.DateTimeParserBucket",11
"763","2","time","org.joda.time.format.DateTimeFormatterBuilder$TextField","org.joda.time.format.DateTimeParserBucket",2
"764","2","time","org.joda.time.format.ISODateTimeFormat","org.joda.time.format.DateTimeFormatterBuilder",2
"765","2","time","org.joda.time.Hours","org.joda.time.base.BaseSingleFieldPeriod",1
"766","2","time","org.joda.time.LocalDate","org.joda.time.format.ISODateTimeFormat",28
"767","2","time","org.joda.time.LocalDateTime","org.joda.time.DateTimeZone",100
"768","2","time","org.joda.time.LocalDateTime","org.joda.time.format.DateTimeFormatter",1
"769","2","time","org.joda.time.LocalTime$Property","org.joda.time.LocalTime",4
"770","2","time","org.joda.time.MutablePeriod","org.joda.time.base.BasePeriod",2
"771","2","time","org.joda.time.Period","org.joda.time.base.AbstractPeriod",1
"772","2","time","org.joda.time.Period","org.joda.time.PeriodType",575
"773","2","time","org.joda.time.Seconds","org.joda.time.base.BaseSingleFieldPeriod",4
"774","2","time","org.joda.time.tz.ZoneInfoCompiler","org.joda.time.DateTimeZone",275
"775","20","closure","com.google.javascript.rhino.head.IdScriptableObject","com.google.javascript.rhino.head.ScriptableObject",71
"776","20","closure","com.google.javascript.rhino.head.IRFactory","com.google.javascript.rhino.head.Parser",52
"777","20","closure","com.google.javascript.rhino.head.NativeArray","com.google.javascript.rhino.head.IdScriptableObject",9
"778","20","closure","com.google.javascript.rhino.head.NativeArray","com.google.javascript.rhino.head.ScriptableObject",28
"779","20","closure","com.google.javascript.rhino.head.regexp.NativeRegExp","com.google.javascript.rhino.head.ScriptRuntime",38
"780","20","closure","com.google.javascript.rhino.head.ScriptableObject","com.google.javascript.rhino.head.FunctionObject",20
"781","20","closure","com.google.javascript.rhino.JSDocInfoBuilder","com.google.javascript.rhino.JSDocInfo",9
"782","20","closure","com.google.javascript.rhino.jstype.JSType","com.google.javascript.rhino.jstype.ProxyObjectType",4
"783","20","closure","com.google.javascript.rhino.jstype.JSType","com.google.javascript.rhino.jstype.UnionType",5
"784","20","lang","org.apache.commons.lang3.builder.ToStringBuilder","org.apache.commons.lang3.builder.ToStringStyle",62
"785","20","lang","org.apache.commons.lang3.concurrent.MultiBackgroundInitializer","org.apache.commons.lang3.concurrent.BackgroundInitializer",7
"786","20","lang","org.apache.commons.lang3.text.StrSubstitutor","org.apache.commons.lang3.text.StrBuilder",2
"787","20","lang","org.apache.commons.lang3.time.DurationFormatUtils","org.apache.commons.lang3.time.DurationFormatUtils$Token",10
"788","20","math","org.apache.commons.math.analysis.MullerSolver","org.apache.commons.math.analysis.UnivariateRealSolverImpl",103
"789","20","math","org.apache.commons.math.linear.MatrixUtils","org.apache.commons.math.linear.BigMatrixImpl",1
"790","20","math","org.apache.commons.math.ode.AbstractStepInterpolator","org.apache.commons.math.ode.DormandPrince853StepInterpolator",66
"791","20","math","org.apache.commons.math.ode.ContinuousOutputModel","org.apache.commons.math.ode.AbstractStepInterpolator",44
"792","20","math","org.apache.commons.math.ode.EmbeddedRungeKuttaIntegrator","org.apache.commons.math.ode.DormandPrince853Integrator",10
"793","20","math","org.apache.commons.math.ode.EmbeddedRungeKuttaIntegrator","org.apache.commons.math.ode.HighamHall54Integrator",9
"794","20","math","org.apache.commons.math.ode.GraggBulirschStoerIntegrator","org.apache.commons.math.ode.AdaptiveStepsizeIntegrator",56
"795","20","math","org.apache.commons.math.ode.GraggBulirschStoerIntegrator","org.apache.commons.math.ode.SwitchingFunctionsHandler",5
"796","20","math","org.apache.commons.math.ode.GraggBulirschStoerStepInterpolator","org.apache.commons.math.ode.AbstractStepInterpolator",34
"797","20","math","org.apache.commons.math.ode.SwitchingFunctionsHandler","org.apache.commons.math.ode.SwitchState",49
"798","20","math","org.apache.commons.math.ode.SwitchState","org.apache.commons.math.analysis.BrentSolver",49
"799","20","math","org.apache.commons.math.optimization.NelderMead","org.apache.commons.math.optimization.DirectSearchOptimizer",61
"800","20","math","org.apache.commons.math.stat.descriptive.AbstractStorelessUnivariateStatistic","org.apache.commons.math.stat.descriptive.moment.Variance",1
"801","20","math","org.apache.commons.math.transform.FastFourierTransformer","org.apache.commons.math.complex.Complex",27
"802","20","mockito","org.mockito.asm.AnnotationWriter","org.mockito.asm.ClassWriter",60
"803","20","mockito","org.mockito.asm.MethodWriter","org.mockito.asm.ByteVector",25
"804","20","mockito","org.mockito.asm.MethodWriter","org.mockito.asm.ClassWriter",11
"805","20","mockito","org.mockito.asm.tree.analysis.BasicVerifier","org.mockito.asm.tree.analysis.BasicInterpreter",30
"806","20","mockito","org.mockito.cglib.core.CodeEmitter","org.mockito.cglib.core.TypeUtils",74
"807","20","mockito","org.mockito.cglib.core.EmitUtils","org.mockito.cglib.core.CodeEmitter",45
"808","20","mockito","org.mockito.cglib.proxy.Enhancer","org.mockito.cglib.core.CodeEmitter",240
"809","20","mockito","org.mockito.cglib.proxy.Enhancer","org.mockito.cglib.core.ReflectUtils",25
"810","20","mockito","org.mockito.cglib.proxy.Mixin$Generator","org.mockito.cglib.core.ReflectUtils",17
"811","20","time","org.joda.time.base.AbstractPartial","org.joda.time.YearMonth",21
"812","20","time","org.joda.time.base.BasePeriod","org.joda.time.base.AbstractPeriod",62
"813","20","time","org.joda.time.chrono.BasicWeekyearDateTimeField","org.joda.time.chrono.BasicChronology",139
"814","20","time","org.joda.time.chrono.CopticChronology","org.joda.time.DateTimeZone",26
"815","20","time","org.joda.time.chrono.ISOChronology","org.joda.time.chrono.AssembledChronology",1
"816","20","time","org.joda.time.chrono.ZonedChronology","org.joda.time.chrono.AssembledChronology",4
"817","20","time","org.joda.time.chrono.ZonedChronology","org.joda.time.DateTimeZone",24
"818","20","time","org.joda.time.chrono.ZonedChronology$ZonedDateTimeField","org.joda.time.DateTimeZone",15
"819","20","time","org.joda.time.DateTimeUtils","org.joda.time.DateTimeZone",158
"820","20","time","org.joda.time.Days","org.joda.time.base.BaseSingleFieldPeriod",1
"821","20","time","org.joda.time.format.DateTimeFormat","org.joda.time.format.DateTimeFormat$StyleFormatter",3
"822","20","time","org.joda.time.format.DateTimeFormat","org.joda.time.format.DateTimeFormatterBuilder",2
"823","20","time","org.joda.time.format.DateTimeFormatter","org.joda.time.DateTimeZone",16
"824","20","time","org.joda.time.format.DateTimeFormatterBuilder$PaddedNumber","org.joda.time.format.DateTimeFormatterBuilder",4
"825","20","time","org.joda.time.format.DateTimeParserBucket$SavedState","org.joda.time.format.DateTimeParserBucket",16
"826","20","time","org.joda.time.format.ISODateTimeFormat","org.joda.time.format.DateTimeFormatterBuilder",6
"827","20","time","org.joda.time.LocalDate","org.joda.time.format.ISODateTimeFormat",32
"828","20","time","org.joda.time.MutableInterval","org.joda.time.base.BaseInterval",1
"829","20","time","org.joda.time.Period","org.joda.time.base.AbstractPeriod",4
"830","20","time","org.joda.time.Period","org.joda.time.PeriodType",497
"831","20","time","org.joda.time.Seconds","org.joda.time.base.BaseSingleFieldPeriod",1
"832","20","time","org.joda.time.tz.ZoneInfoCompiler","org.joda.time.DateTimeZone",19
"833","3","closure","com.google.javascript.jscomp.NodeUtil","com.google.javascript.rhino.Node",11
"834","3","closure","com.google.javascript.rhino.head.IdScriptableObject","com.google.javascript.rhino.head.ScriptableObject",203
"835","3","closure","com.google.javascript.rhino.head.Interpreter","com.google.javascript.rhino.head.ScriptableObject",2
"836","3","closure","com.google.javascript.rhino.head.IRFactory","com.google.javascript.rhino.head.Parser",32
"837","3","closure","com.google.javascript.rhino.head.Parser","com.google.javascript.rhino.head.CompilerEnvirons",2
"838","3","closure","com.google.javascript.rhino.head.ScriptRuntime","com.google.javascript.rhino.head.ScriptableObject",127
"839","3","closure","com.google.javascript.rhino.head.tools.debugger.Dim","com.google.javascript.rhino.head.ScriptRuntime",42
"840","3","closure","com.google.javascript.rhino.head.tools.shell.Global","com.google.javascript.rhino.head.ScriptRuntime",31
"841","3","closure","com.google.javascript.rhino.JSDocInfoBuilder","com.google.javascript.rhino.JSDocInfo",20
"842","3","closure","com.google.javascript.rhino.jstype.JSType","com.google.javascript.rhino.jstype.ProxyObjectType",2
"843","3","closure","com.google.javascript.rhino.jstype.JSType","com.google.javascript.rhino.jstype.UnionType",49
"844","3","lang","org.apache.commons.lang3.builder.ToStringBuilder","org.apache.commons.lang3.builder.ToStringStyle",30
"845","3","lang","org.apache.commons.lang3.concurrent.MultiBackgroundInitializer","org.apache.commons.lang3.concurrent.BackgroundInitializer",6
"846","3","lang","org.apache.commons.lang3.text.StrBuilder$StrBuilderReader","org.apache.commons.lang3.text.StrBuilder",3
"847","3","lang","org.apache.commons.lang3.text.StrSubstitutor","org.apache.commons.lang3.text.StrBuilder",6
"848","3","lang","org.apache.commons.lang3.text.translate.UnicodeEscaper","org.apache.commons.lang3.text.translate.CharSequenceTranslator",1
"849","3","lang","org.apache.commons.lang3.time.DurationFormatUtils","org.apache.commons.lang3.time.DurationFormatUtils$Token",5
"850","3","math","org.apache.commons.math.analysis.LaguerreSolver","org.apache.commons.math.complex.Complex",13
"851","3","math","org.apache.commons.math.analysis.MullerSolver","org.apache.commons.math.analysis.UnivariateRealSolverImpl",104
"852","3","math","org.apache.commons.math.geometry.Rotation","org.apache.commons.math.geometry.Vector3D",2
"853","3","math","org.apache.commons.math.linear.MatrixUtils","org.apache.commons.math.linear.BigMatrixImpl",1
"854","3","math","org.apache.commons.math.ode.AbstractStepInterpolator","org.apache.commons.math.ode.DormandPrince853StepInterpolator",64
"855","3","math","org.apache.commons.math.ode.ContinuousOutputModel","org.apache.commons.math.ode.AbstractStepInterpolator",47
"856","3","math","org.apache.commons.math.ode.EmbeddedRungeKuttaIntegrator","org.apache.commons.math.ode.DormandPrince853Integrator",8
"857","3","math","org.apache.commons.math.ode.EmbeddedRungeKuttaIntegrator","org.apache.commons.math.ode.HighamHall54Integrator",8
"858","3","math","org.apache.commons.math.ode.GraggBulirschStoerIntegrator","org.apache.commons.math.ode.AdaptiveStepsizeIntegrator",59
"859","3","math","org.apache.commons.math.ode.GraggBulirschStoerIntegrator","org.apache.commons.math.ode.SwitchingFunctionsHandler",21
"860","3","math","org.apache.commons.math.ode.GraggBulirschStoerStepInterpolator","org.apache.commons.math.ode.AbstractStepInterpolator",37
"861","3","math","org.apache.commons.math.ode.SwitchingFunctionsHandler","org.apache.commons.math.ode.SwitchState",52
"862","3","math","org.apache.commons.math.ode.SwitchState","org.apache.commons.math.analysis.BrentSolver",34
"863","3","math","org.apache.commons.math.optimization.NelderMead","org.apache.commons.math.optimization.DirectSearchOptimizer",79
"864","3","math","org.apache.commons.math.stat.descriptive.AbstractStorelessUnivariateStatistic","org.apache.commons.math.stat.descriptive.moment.Variance",1
"865","3","math","org.apache.commons.math.transform.FastFourierTransformer","org.apache.commons.math.complex.Complex",31
"866","3","mockito","org.mockito.asm.AnnotationWriter","org.mockito.asm.ClassWriter",82
"867","3","mockito","org.mockito.asm.MethodWriter","org.mockito.asm.ByteVector",38
"868","3","mockito","org.mockito.asm.MethodWriter","org.mockito.asm.ClassWriter",18
"869","3","mockito","org.mockito.asm.tree.analysis.BasicVerifier","org.mockito.asm.tree.analysis.BasicInterpreter",20
"870","3","mockito","org.mockito.asm.tree.analysis.BasicVerifier","org.mockito.asm.tree.analysis.SimpleVerifier",1
"871","3","mockito","org.mockito.cglib.core.ClassEmitter","org.mockito.cglib.transform.impl.InterceptFieldTransformer",5
"872","3","mockito","org.mockito.cglib.core.CodeEmitter","org.mockito.cglib.core.TypeUtils",73
"873","3","mockito","org.mockito.cglib.core.EmitUtils","org.mockito.cglib.core.CodeEmitter",57
"874","3","mockito","org.mockito.cglib.proxy.Enhancer","org.mockito.cglib.core.ReflectUtils",26
"875","3","time","org.joda.time.base.AbstractPartial","org.joda.time.MonthDay",11
"876","3","time","org.joda.time.base.BasePeriod","org.joda.time.base.AbstractPeriod",12
"877","3","time","org.joda.time.chrono.BasicChronology","org.joda.time.chrono.CopticChronology",22
"878","3","time","org.joda.time.chrono.BasicWeekyearDateTimeField","org.joda.time.chrono.BasicChronology",233
"879","3","time","org.joda.time.chrono.CopticChronology","org.joda.time.DateTimeZone",19
"880","3","time","org.joda.time.chrono.GJChronology","org.joda.time.chrono.GJChronology$CutoverField",1
"881","3","time","org.joda.time.chrono.ISOChronology","org.joda.time.DateTimeZone",226
"882","3","time","org.joda.time.chrono.ZonedChronology","org.joda.time.chrono.AssembledChronology",67
"883","3","time","org.joda.time.chrono.ZonedChronology","org.joda.time.DateTimeZone",14
"884","3","time","org.joda.time.chrono.ZonedChronology$ZonedDateTimeField","org.joda.time.DateTimeZone",155
"885","3","time","org.joda.time.DateTimeUtils","org.joda.time.DateTimeZone",70
"886","3","time","org.joda.time.format.DateTimeFormat","org.joda.time.format.DateTimeFormat$StyleFormatter",5
"887","3","time","org.joda.time.format.DateTimeFormatter","org.joda.time.DateTimeZone",15
"888","3","time","org.joda.time.format.DateTimeFormatter","org.joda.time.format.DateTimeParserBucket",9
"889","3","time","org.joda.time.format.DateTimeFormatterBuilder$PaddedNumber","org.joda.time.format.DateTimeFormatterBuilder",4
"890","3","time","org.joda.time.format.DateTimeFormatterBuilder$TextField","org.joda.time.format.DateTimeParserBucket",2
"891","3","time","org.joda.time.format.DateTimeParserBucket$SavedState","org.joda.time.format.DateTimeParserBucket",16
"892","3","time","org.joda.time.format.ISODateTimeFormat","org.joda.time.format.DateTimeFormatterBuilder",7
"893","3","time","org.joda.time.LocalDate","org.joda.time.format.ISODateTimeFormat",31
"894","3","time","org.joda.time.LocalDateTime","org.joda.time.DateTimeZone",98
"895","3","time","org.joda.time.Minutes","org.joda.time.base.BaseSingleFieldPeriod",1
"896","3","time","org.joda.time.MutablePeriod","org.joda.time.base.BasePeriod",1
"897","3","time","org.joda.time.Period","org.joda.time.base.BasePeriod",4
"898","3","time","org.joda.time.Period","org.joda.time.PeriodType",532
"899","3","time","org.joda.time.Seconds","org.joda.time.base.BaseSingleFieldPeriod",35
"900","3","time","org.joda.time.tz.ZoneInfoCompiler","org.joda.time.DateTimeZone",195
"901","3","time","org.joda.time.Weeks","org.joda.time.base.BaseSingleFieldPeriod",1
"902","4","closure","com.google.javascript.rhino.head.IdScriptableObject","com.google.javascript.rhino.head.ScriptableObject",149
"903","4","closure","com.google.javascript.rhino.head.Interpreter","com.google.javascript.rhino.head.InterpretedFunction",1
"904","4","closure","com.google.javascript.rhino.head.IRFactory","com.google.javascript.rhino.head.Node",3
"905","4","closure","com.google.javascript.rhino.head.IRFactory","com.google.javascript.rhino.head.Parser",55
"906","4","closure","com.google.javascript.rhino.head.NativeArray","com.google.javascript.rhino.head.ScriptableObject",41
"907","4","closure","com.google.javascript.rhino.head.NativeObject","com.google.javascript.rhino.head.ScriptableObject",43
"908","4","closure","com.google.javascript.rhino.head.ScriptableObject","com.google.javascript.rhino.head.FunctionObject",15
"909","4","closure","com.google.javascript.rhino.head.tools.debugger.Dim","com.google.javascript.rhino.head.ScriptRuntime",30
"910","4","closure","com.google.javascript.rhino.head.tools.shell.Global","com.google.javascript.rhino.head.ScriptRuntime",21
"911","4","closure","com.google.javascript.rhino.jstype.JSType","com.google.javascript.rhino.jstype.ProxyObjectType",2
"912","4","lang","org.apache.commons.lang3.builder.ToStringBuilder","org.apache.commons.lang3.builder.ToStringStyle",82
"913","4","lang","org.apache.commons.lang3.concurrent.MultiBackgroundInitializer","org.apache.commons.lang3.concurrent.BackgroundInitializer",4
"914","4","lang","org.apache.commons.lang3.text.StrBuilder$StrBuilderReader","org.apache.commons.lang3.text.StrBuilder",2
"915","4","lang","org.apache.commons.lang3.text.StrSubstitutor","org.apache.commons.lang3.text.StrBuilder",5
"916","4","lang","org.apache.commons.lang3.time.DurationFormatUtils","org.apache.commons.lang3.time.DurationFormatUtils$Token",5
"917","4","math","org.apache.commons.math.analysis.MullerSolver","org.apache.commons.math.analysis.UnivariateRealSolverImpl",99
"918","4","math","org.apache.commons.math.geometry.Rotation","org.apache.commons.math.geometry.Vector3D",10
"919","4","math","org.apache.commons.math.linear.MatrixUtils","org.apache.commons.math.linear.BigMatrixImpl",1
"920","4","math","org.apache.commons.math.ode.AbstractStepInterpolator","org.apache.commons.math.ode.DormandPrince853StepInterpolator",64
"921","4","math","org.apache.commons.math.ode.ContinuousOutputModel","org.apache.commons.math.ode.AbstractStepInterpolator",47
"922","4","math","org.apache.commons.math.ode.EmbeddedRungeKuttaIntegrator","org.apache.commons.math.ode.DormandPrince853Integrator",10
"923","4","math","org.apache.commons.math.ode.EmbeddedRungeKuttaIntegrator","org.apache.commons.math.ode.HighamHall54Integrator",7
"924","4","math","org.apache.commons.math.ode.GraggBulirschStoerIntegrator","org.apache.commons.math.ode.AdaptiveStepsizeIntegrator",53
"925","4","math","org.apache.commons.math.ode.GraggBulirschStoerIntegrator","org.apache.commons.math.ode.SwitchingFunctionsHandler",2
"926","4","math","org.apache.commons.math.ode.GraggBulirschStoerStepInterpolator","org.apache.commons.math.ode.AbstractStepInterpolator",45
"927","4","math","org.apache.commons.math.ode.SwitchingFunctionsHandler","org.apache.commons.math.ode.SwitchState",63
"928","4","math","org.apache.commons.math.ode.SwitchState","org.apache.commons.math.analysis.BrentSolver",60
"929","4","math","org.apache.commons.math.optimization.NelderMead","org.apache.commons.math.optimization.DirectSearchOptimizer",80
"930","4","math","org.apache.commons.math.stat.descriptive.AbstractStorelessUnivariateStatistic","org.apache.commons.math.stat.descriptive.moment.Variance",1
"931","4","math","org.apache.commons.math.stat.inference.TTestImpl","org.apache.commons.math.stat.StatUtils",2
"932","4","math","org.apache.commons.math.transform.FastFourierTransformer","org.apache.commons.math.complex.Complex",27
"933","4","mockito","org.mockito.asm.AnnotationWriter","org.mockito.asm.ClassWriter",63
"934","4","mockito","org.mockito.asm.MethodWriter","org.mockito.asm.ByteVector",53
"935","4","mockito","org.mockito.asm.MethodWriter","org.mockito.asm.ClassWriter",28
"936","4","mockito","org.mockito.asm.tree.analysis.BasicVerifier","org.mockito.asm.tree.analysis.BasicInterpreter",20
"937","4","mockito","org.mockito.cglib.core.CodeEmitter","org.mockito.cglib.core.TypeUtils",70
"938","4","mockito","org.mockito.cglib.core.EmitUtils","org.mockito.cglib.core.CodeEmitter",113
"939","4","mockito","org.mockito.cglib.proxy.Enhancer","org.mockito.cglib.core.CodeEmitter",240
"940","4","mockito","org.mockito.cglib.proxy.Enhancer","org.mockito.cglib.core.ReflectUtils",32
"941","4","mockito","org.mockito.cglib.proxy.Mixin$Generator","org.mockito.cglib.core.ReflectUtils",28
"942","4","time","org.joda.time.base.AbstractPartial","org.joda.time.MonthDay",11
"943","4","time","org.joda.time.base.AbstractPartial","org.joda.time.YearMonth",5
"944","4","time","org.joda.time.base.BasePeriod","org.joda.time.base.AbstractPeriod",15
"945","4","time","org.joda.time.chrono.BasicChronology","org.joda.time.chrono.IslamicChronology",31
"946","4","time","org.joda.time.chrono.BasicWeekyearDateTimeField","org.joda.time.chrono.BasicChronology",424
"947","4","time","org.joda.time.chrono.CopticChronology","org.joda.time.DateTimeZone",41
"948","4","time","org.joda.time.chrono.GJChronology","org.joda.time.chrono.JulianChronology",1
"949","4","time","org.joda.time.chrono.ISOChronology","org.joda.time.chrono.AssembledChronology",40
"950","4","time","org.joda.time.chrono.ISOChronology","org.joda.time.DateTimeZone",169
"951","4","time","org.joda.time.chrono.ZonedChronology","org.joda.time.chrono.AssembledChronology",151
"952","4","time","org.joda.time.chrono.ZonedChronology","org.joda.time.DateTimeZone",11
"953","4","time","org.joda.time.chrono.ZonedChronology$ZonedDateTimeField","org.joda.time.DateTimeZone",177
"954","4","time","org.joda.time.DateTimeUtils","org.joda.time.DateTimeZone",13
"955","4","time","org.joda.time.DateTimeZone","org.joda.time.format.DateTimeFormat",3
"956","4","time","org.joda.time.DateTimeZone","org.joda.time.format.FormatUtils",7
"957","4","time","org.joda.time.DateTimeZone","org.joda.time.tz.FixedDateTimeZone",10
"958","4","time","org.joda.time.Days","org.joda.time.base.BaseSingleFieldPeriod",1
"959","4","time","org.joda.time.format.DateTimeFormat","org.joda.time.format.DateTimeFormat$StyleFormatter",1
"960","4","time","org.joda.time.format.DateTimeFormatter","org.joda.time.DateTimeZone",12
"961","4","time","org.joda.time.format.DateTimeFormatter","org.joda.time.format.DateTimeParserBucket",10
"962","4","time","org.joda.time.format.DateTimeParserBucket$SavedState","org.joda.time.format.DateTimeParserBucket",2
"963","4","time","org.joda.time.format.ISODateTimeFormat","org.joda.time.format.DateTimeFormatterBuilder",5
"964","4","time","org.joda.time.Hours","org.joda.time.base.BaseSingleFieldPeriod",1
"965","4","time","org.joda.time.LocalDate","org.joda.time.format.ISODateTimeFormat",6
"966","4","time","org.joda.time.LocalDateTime","org.joda.time.DateTimeZone",38
"967","4","time","org.joda.time.LocalDateTime","org.joda.time.format.DateTimeFormatter",3
"968","4","time","org.joda.time.LocalTime$Property","org.joda.time.LocalTime",4
"969","4","time","org.joda.time.MutablePeriod","org.joda.time.base.BasePeriod",1
"970","4","time","org.joda.time.Period","org.joda.time.base.AbstractPeriod",1
"971","4","time","org.joda.time.Period","org.joda.time.PeriodType",1
"972","4","time","org.joda.time.Seconds","org.joda.time.base.BaseSingleFieldPeriod",2
"973","4","time","org.joda.time.tz.ZoneInfoCompiler","org.joda.time.DateTimeZone",315
"974","5","closure","com.google.javascript.jscomp.NodeUtil","com.google.javascript.rhino.Node",7
"975","5","closure","com.google.javascript.rhino.head.Interpreter","com.google.javascript.rhino.head.ScriptableObject",242
"976","5","closure","com.google.javascript.rhino.head.IRFactory","com.google.javascript.rhino.head.Parser",135
"977","5","closure","com.google.javascript.rhino.head.NativeArray","com.google.javascript.rhino.head.IdScriptableObject",12
"978","5","closure","com.google.javascript.rhino.head.NativeArray","com.google.javascript.rhino.head.ScriptRuntime",63
"979","5","closure","com.google.javascript.rhino.head.NativeObject","com.google.javascript.rhino.head.ScriptableObject",116
"980","5","closure","com.google.javascript.rhino.head.ScriptRuntime","com.google.javascript.rhino.head.ScriptableObject",136
"981","5","closure","com.google.javascript.rhino.head.tools.debugger.Dim","com.google.javascript.rhino.head.ScriptRuntime",9
"982","5","closure","com.google.javascript.rhino.head.tools.shell.Global","com.google.javascript.rhino.head.ScriptRuntime",11
"983","5","lang","org.apache.commons.lang3.builder.ReflectionToStringBuilder","org.apache.commons.lang3.builder.ToStringBuilder",1
"984","5","lang","org.apache.commons.lang3.builder.ToStringBuilder","org.apache.commons.lang3.builder.ToStringStyle",2
"985","5","lang","org.apache.commons.lang3.concurrent.MultiBackgroundInitializer","org.apache.commons.lang3.concurrent.BackgroundInitializer",4
"986","5","lang","org.apache.commons.lang3.text.StrBuilder$StrBuilderReader","org.apache.commons.lang3.text.StrBuilder",3
"987","5","lang","org.apache.commons.lang3.text.StrSubstitutor","org.apache.commons.lang3.text.StrBuilder",5
"988","5","lang","org.apache.commons.lang3.text.translate.UnicodeEscaper","org.apache.commons.lang3.text.translate.CharSequenceTranslator",1
"989","5","lang","org.apache.commons.lang3.time.DurationFormatUtils","org.apache.commons.lang3.time.DurationFormatUtils$Token",5
"990","5","math","org.apache.commons.math.analysis.LaguerreSolver","org.apache.commons.math.complex.Complex",10
"991","5","math","org.apache.commons.math.analysis.MullerSolver","org.apache.commons.math.analysis.UnivariateRealSolverImpl",100
"992","5","math","org.apache.commons.math.linear.MatrixUtils","org.apache.commons.math.linear.BigMatrixImpl",1
"993","5","math","org.apache.commons.math.ode.AbstractStepInterpolator","org.apache.commons.math.ode.DormandPrince853StepInterpolator",81
"994","5","math","org.apache.commons.math.ode.ContinuousOutputModel","org.apache.commons.math.ode.AbstractStepInterpolator",36
"995","5","math","org.apache.commons.math.ode.EmbeddedRungeKuttaIntegrator","org.apache.commons.math.ode.DormandPrince853Integrator",12
"996","5","math","org.apache.commons.math.ode.EmbeddedRungeKuttaIntegrator","org.apache.commons.math.ode.HighamHall54Integrator",6
"997","5","math","org.apache.commons.math.ode.GraggBulirschStoerIntegrator","org.apache.commons.math.ode.AdaptiveStepsizeIntegrator",53
"998","5","math","org.apache.commons.math.ode.GraggBulirschStoerStepInterpolator","org.apache.commons.math.ode.AbstractStepInterpolator",16
"999","5","math","org.apache.commons.math.ode.SwitchingFunctionsHandler","org.apache.commons.math.ode.SwitchState",68
"1000","5","math","org.apache.commons.math.ode.SwitchState","org.apache.commons.math.analysis.BrentSolver",57
"1001","5","math","org.apache.commons.math.optimization.NelderMead","org.apache.commons.math.optimization.DirectSearchOptimizer",50
"1002","5","math","org.apache.commons.math.stat.descriptive.AbstractStorelessUnivariateStatistic","org.apache.commons.math.stat.descriptive.moment.Variance",1
"1003","5","math","org.apache.commons.math.transform.FastFourierTransformer","org.apache.commons.math.complex.Complex",32
"1004","5","mockito","org.mockito.asm.AnnotationWriter","org.mockito.asm.ClassWriter",60
"1005","5","mockito","org.mockito.asm.MethodWriter","org.mockito.asm.ByteVector",37
"1006","5","mockito","org.mockito.asm.MethodWriter","org.mockito.asm.ClassWriter",11
"1007","5","mockito","org.mockito.asm.tree.analysis.BasicVerifier","org.mockito.asm.tree.analysis.BasicInterpreter",7
"1008","5","mockito","org.mockito.cglib.core.CodeEmitter","org.mockito.cglib.core.TypeUtils",68
"1009","5","mockito","org.mockito.cglib.core.EmitUtils","org.mockito.cglib.core.CodeEmitter",101
"1010","5","mockito","org.mockito.cglib.proxy.Enhancer","org.mockito.cglib.core.ReflectUtils",34
"1011","5","mockito","org.mockito.cglib.proxy.Mixin$Generator","org.mockito.cglib.core.ReflectUtils",15
"1012","5","time","org.joda.time.base.AbstractPartial","org.joda.time.YearMonth",19
"1013","5","time","org.joda.time.base.BasePeriod","org.joda.time.base.AbstractPeriod",16
"1014","5","time","org.joda.time.chrono.BasicChronology","org.joda.time.chrono.CopticChronology",18
"1015","5","time","org.joda.time.chrono.BasicWeekyearDateTimeField","org.joda.time.chrono.BasicChronology",167
"1016","5","time","org.joda.time.chrono.CopticChronology","org.joda.time.DateTimeZone",33
"1017","5","time","org.joda.time.chrono.GJChronology","org.joda.time.chrono.GJChronology$CutoverField",2
"1018","5","time","org.joda.time.chrono.ISOChronology","org.joda.time.DateTimeZone",53
"1019","5","time","org.joda.time.chrono.ZonedChronology","org.joda.time.chrono.AssembledChronology",135
"1020","5","time","org.joda.time.chrono.ZonedChronology","org.joda.time.DateTimeZone",12
"1021","5","time","org.joda.time.chrono.ZonedChronology$ZonedDateTimeField","org.joda.time.DateTimeZone",23
"1022","5","time","org.joda.time.DateTimeUtils","org.joda.time.DateTimeZone",6
"1023","5","time","org.joda.time.DateTimeZone","org.joda.time.format.DateTimeFormat",4
"1024","5","time","org.joda.time.DateTimeZone","org.joda.time.format.FormatUtils",18
"1025","5","time","org.joda.time.Days","org.joda.time.base.BaseSingleFieldPeriod",29
"1026","5","time","org.joda.time.format.DateTimeFormat","org.joda.time.format.DateTimeFormatterBuilder",2
"1027","5","time","org.joda.time.format.DateTimeFormatter","org.joda.time.DateTimeZone",18
"1028","5","time","org.joda.time.format.DateTimeFormatter","org.joda.time.format.DateTimeParserBucket",10
"1029","5","time","org.joda.time.format.DateTimeFormatterBuilder$PaddedNumber","org.joda.time.format.DateTimeFormatterBuilder",3
"1030","5","time","org.joda.time.format.DateTimeFormatterBuilder$TextField","org.joda.time.format.DateTimeParserBucket",4
"1031","5","time","org.joda.time.format.DateTimeParserBucket$SavedState","org.joda.time.format.DateTimeParserBucket",3
"1032","5","time","org.joda.time.format.ISODateTimeFormat","org.joda.time.format.DateTimeFormatterBuilder",5
"1033","5","time","org.joda.time.LocalDate","org.joda.time.DateTime",2
"1034","5","time","org.joda.time.LocalDate","org.joda.time.format.ISODateTimeFormat",37
"1035","5","time","org.joda.time.LocalDateTime","org.joda.time.DateTimeZone",222
"1036","5","time","org.joda.time.LocalDateTime","org.joda.time.format.DateTimeFormatter",2
"1037","5","time","org.joda.time.MutablePeriod","org.joda.time.base.BasePeriod",23
"1038","5","time","org.joda.time.Period","org.joda.time.base.AbstractPeriod",2
"1039","5","time","org.joda.time.Period","org.joda.time.base.BasePeriod",8
"1040","5","time","org.joda.time.Period","org.joda.time.PeriodType",527
"1041","5","time","org.joda.time.tz.ZoneInfoCompiler","org.joda.time.DateTimeZone",187
"1042","5","time","org.joda.time.Weeks","org.joda.time.base.BaseSingleFieldPeriod",31
"1043","6","closure","com.google.javascript.rhino.head.IRFactory","com.google.javascript.rhino.head.Node",6
"1044","6","closure","com.google.javascript.rhino.head.NativeArray","com.google.javascript.rhino.head.IdScriptableObject",11
"1045","6","closure","com.google.javascript.rhino.head.NativeObject","com.google.javascript.rhino.head.ScriptableObject",64
"1046","6","closure","com.google.javascript.rhino.head.ScriptRuntime","com.google.javascript.rhino.head.ScriptableObject",146
"1047","6","closure","com.google.javascript.rhino.head.tools.shell.Global","com.google.javascript.rhino.head.ScriptRuntime",11
"1048","6","lang","org.apache.commons.lang3.builder.ToStringBuilder","org.apache.commons.lang3.builder.ToStringStyle",101
"1049","6","lang","org.apache.commons.lang3.concurrent.MultiBackgroundInitializer","org.apache.commons.lang3.concurrent.BackgroundInitializer",1
"1050","6","lang","org.apache.commons.lang3.text.StrBuilder$StrBuilderReader","org.apache.commons.lang3.text.StrBuilder",4
"1051","6","lang","org.apache.commons.lang3.text.StrSubstitutor","org.apache.commons.lang3.text.StrBuilder",8
"1052","6","lang","org.apache.commons.lang3.text.translate.UnicodeEscaper","org.apache.commons.lang3.text.translate.CharSequenceTranslator",1
"1053","6","lang","org.apache.commons.lang3.time.DurationFormatUtils","org.apache.commons.lang3.time.DurationFormatUtils$Token",10
"1054","6","math","org.apache.commons.math.analysis.LaguerreSolver","org.apache.commons.math.complex.Complex",4
"1055","6","math","org.apache.commons.math.analysis.MullerSolver","org.apache.commons.math.analysis.UnivariateRealSolverImpl",98
"1056","6","math","org.apache.commons.math.linear.MatrixUtils","org.apache.commons.math.linear.BigMatrixImpl",1
"1057","6","math","org.apache.commons.math.ode.AbstractStepInterpolator","org.apache.commons.math.ode.DormandPrince853StepInterpolator",73
"1058","6","math","org.apache.commons.math.ode.ContinuousOutputModel","org.apache.commons.math.ode.AbstractStepInterpolator",47
"1059","6","math","org.apache.commons.math.ode.EmbeddedRungeKuttaIntegrator","org.apache.commons.math.ode.DormandPrince853Integrator",11
"1060","6","math","org.apache.commons.math.ode.EmbeddedRungeKuttaIntegrator","org.apache.commons.math.ode.HighamHall54Integrator",9
"1061","6","math","org.apache.commons.math.ode.GraggBulirschStoerIntegrator","org.apache.commons.math.ode.AdaptiveStepsizeIntegrator",50
"1062","6","math","org.apache.commons.math.ode.GraggBulirschStoerIntegrator","org.apache.commons.math.ode.SwitchingFunctionsHandler",5
"1063","6","math","org.apache.commons.math.ode.GraggBulirschStoerStepInterpolator","org.apache.commons.math.ode.AbstractStepInterpolator",17
"1064","6","math","org.apache.commons.math.ode.SwitchingFunctionsHandler","org.apache.commons.math.ode.SwitchState",71
"1065","6","math","org.apache.commons.math.ode.SwitchState","org.apache.commons.math.analysis.BrentSolver",77
"1066","6","math","org.apache.commons.math.optimization.NelderMead","org.apache.commons.math.optimization.DirectSearchOptimizer",56
"1067","6","math","org.apache.commons.math.stat.descriptive.AbstractStorelessUnivariateStatistic","org.apache.commons.math.stat.descriptive.moment.Variance",1
"1068","6","math","org.apache.commons.math.stat.inference.TTestImpl","org.apache.commons.math.stat.StatUtils",2
"1069","6","math","org.apache.commons.math.transform.FastFourierTransformer","org.apache.commons.math.complex.Complex",20
"1070","6","mockito","org.mockito.asm.AnnotationWriter","org.mockito.asm.ClassWriter",59
"1071","6","mockito","org.mockito.asm.MethodWriter","org.mockito.asm.ByteVector",25
"1072","6","mockito","org.mockito.asm.tree.analysis.BasicVerifier","org.mockito.asm.tree.analysis.BasicInterpreter",8
"1073","6","mockito","org.mockito.cglib.core.CodeEmitter","org.mockito.cglib.core.TypeUtils",86
"1074","6","mockito","org.mockito.cglib.core.EmitUtils","org.mockito.cglib.core.CodeEmitter",87
"1075","6","mockito","org.mockito.cglib.proxy.Enhancer","org.mockito.cglib.core.ReflectUtils",28
"1076","6","mockito","org.mockito.cglib.proxy.Mixin$Generator","org.mockito.cglib.core.ReflectUtils",29
"1077","6","time","org.joda.time.base.AbstractPartial","org.joda.time.MonthDay",26
"1078","6","time","org.joda.time.base.AbstractPartial","org.joda.time.YearMonth",5
"1079","6","time","org.joda.time.base.BasePeriod","org.joda.time.base.AbstractPeriod",23
"1080","6","time","org.joda.time.chrono.BasicChronology","org.joda.time.chrono.CopticChronology",22
"1081","6","time","org.joda.time.chrono.BasicWeekyearDateTimeField","org.joda.time.chrono.BasicChronology",6
"1082","6","time","org.joda.time.chrono.CopticChronology","org.joda.time.DateTimeZone",56
"1083","6","time","org.joda.time.chrono.ISOChronology","org.joda.time.chrono.AssembledChronology",29
"1084","6","time","org.joda.time.chrono.ISOChronology","org.joda.time.DateTimeZone",122
"1085","6","time","org.joda.time.chrono.ZonedChronology","org.joda.time.chrono.AssembledChronology",64
"1086","6","time","org.joda.time.chrono.ZonedChronology","org.joda.time.DateTimeZone",8
"1087","6","time","org.joda.time.chrono.ZonedChronology$ZonedDateTimeField","org.joda.time.DateTimeZone",39
"1088","6","time","org.joda.time.DateTimeUtils","org.joda.time.DateTimeZone",42
"1089","6","time","org.joda.time.Days","org.joda.time.base.BaseSingleFieldPeriod",23
"1090","6","time","org.joda.time.format.DateTimeFormatter","org.joda.time.DateTimeZone",14
"1091","6","time","org.joda.time.format.DateTimeFormatter","org.joda.time.format.DateTimeParserBucket",8
"1092","6","time","org.joda.time.format.DateTimeFormatterBuilder$PaddedNumber","org.joda.time.format.DateTimeFormatterBuilder",3
"1093","6","time","org.joda.time.format.DateTimeFormatterBuilder$TextField","org.joda.time.format.DateTimeParserBucket",3
"1094","6","time","org.joda.time.format.DateTimeParserBucket$SavedState","org.joda.time.format.DateTimeParserBucket",16
"1095","6","time","org.joda.time.format.ISODateTimeFormat","org.joda.time.format.DateTimeFormatterBuilder",8
"1096","6","time","org.joda.time.Hours","org.joda.time.base.BaseSingleFieldPeriod",1
"1097","6","time","org.joda.time.LocalDate","org.joda.time.format.ISODateTimeFormat",2
"1098","6","time","org.joda.time.LocalDateTime","org.joda.time.DateTimeZone",98
"1099","6","time","org.joda.time.LocalDateTime","org.joda.time.format.DateTimeFormatter",2
"1100","6","time","org.joda.time.MutablePeriod","org.joda.time.base.BasePeriod",1
"1101","6","time","org.joda.time.Period","org.joda.time.base.AbstractPeriod",1
"1102","6","time","org.joda.time.Period","org.joda.time.PeriodType",208
"1103","6","time","org.joda.time.tz.ZoneInfoCompiler","org.joda.time.DateTimeZone",176
"1104","6","time","org.joda.time.Weeks","org.joda.time.base.BaseSingleFieldPeriod",2
"1105","7","closure","com.google.javascript.rhino.head.IdScriptableObject","com.google.javascript.rhino.head.ScriptableObject",265
"1106","7","closure","com.google.javascript.rhino.head.IRFactory","com.google.javascript.rhino.head.Parser",3
"1107","7","closure","com.google.javascript.rhino.head.NativeArray","com.google.javascript.rhino.head.IdScriptableObject",18
"1108","7","closure","com.google.javascript.rhino.head.NativeArray","com.google.javascript.rhino.head.ScriptableObject",45
"1109","7","closure","com.google.javascript.rhino.head.NativeArray","com.google.javascript.rhino.head.ScriptRuntime",63
"1110","7","closure","com.google.javascript.rhino.head.ScriptableObject","com.google.javascript.rhino.head.FunctionObject",18
"1111","7","closure","com.google.javascript.rhino.head.tools.debugger.Dim","com.google.javascript.rhino.head.ScriptRuntime",9
"1112","7","closure","com.google.javascript.rhino.head.tools.shell.Global","com.google.javascript.rhino.head.ScriptRuntime",23
"1113","7","closure","com.google.javascript.rhino.JSDocInfoBuilder","com.google.javascript.rhino.JSDocInfo",45
"1114","7","closure","com.google.javascript.rhino.jstype.JSType","com.google.javascript.rhino.jstype.ProxyObjectType",1
"1115","7","closure","com.google.javascript.rhino.jstype.JSType","com.google.javascript.rhino.jstype.UnionType",16
"1116","7","lang","org.apache.commons.lang3.concurrent.MultiBackgroundInitializer","org.apache.commons.lang3.concurrent.BackgroundInitializer",9
"1117","7","lang","org.apache.commons.lang3.text.StrSubstitutor","org.apache.commons.lang3.text.StrBuilder",7
"1118","7","lang","org.apache.commons.lang3.text.translate.UnicodeEscaper","org.apache.commons.lang3.text.translate.CharSequenceTranslator",1
"1119","7","lang","org.apache.commons.lang3.time.DurationFormatUtils","org.apache.commons.lang3.time.DurationFormatUtils$Token",21
"1120","7","math","org.apache.commons.math.analysis.LaguerreSolver","org.apache.commons.math.complex.Complex",2
"1121","7","math","org.apache.commons.math.analysis.MullerSolver","org.apache.commons.math.analysis.UnivariateRealSolverImpl",99
"1122","7","math","org.apache.commons.math.fraction.ProperFractionFormat","org.apache.commons.math.fraction.FractionFormat",2
"1123","7","math","org.apache.commons.math.linear.MatrixUtils","org.apache.commons.math.linear.BigMatrixImpl",1
"1124","7","math","org.apache.commons.math.ode.AbstractStepInterpolator","org.apache.commons.math.ode.DormandPrince853StepInterpolator",63
"1125","7","math","org.apache.commons.math.ode.ContinuousOutputModel","org.apache.commons.math.ode.AbstractStepInterpolator",45
"1126","7","math","org.apache.commons.math.ode.EmbeddedRungeKuttaIntegrator","org.apache.commons.math.ode.DormandPrince853Integrator",8
"1127","7","math","org.apache.commons.math.ode.EmbeddedRungeKuttaIntegrator","org.apache.commons.math.ode.HighamHall54Integrator",7
"1128","7","math","org.apache.commons.math.ode.GraggBulirschStoerIntegrator","org.apache.commons.math.ode.AdaptiveStepsizeIntegrator",70
"1129","7","math","org.apache.commons.math.ode.GraggBulirschStoerIntegrator","org.apache.commons.math.ode.SwitchingFunctionsHandler",5
"1130","7","math","org.apache.commons.math.ode.GraggBulirschStoerStepInterpolator","org.apache.commons.math.ode.AbstractStepInterpolator",38
"1131","7","math","org.apache.commons.math.ode.SwitchingFunctionsHandler","org.apache.commons.math.ode.SwitchState",61
"1132","7","math","org.apache.commons.math.optimization.NelderMead","org.apache.commons.math.optimization.DirectSearchOptimizer",59
"1133","7","mockito","org.mockito.asm.AnnotationWriter","org.mockito.asm.ClassWriter",78
"1134","7","mockito","org.mockito.asm.MethodWriter","org.mockito.asm.ByteVector",28
"1135","7","mockito","org.mockito.asm.MethodWriter","org.mockito.asm.ClassWriter",11
"1136","7","mockito","org.mockito.asm.tree.analysis.BasicVerifier","org.mockito.asm.tree.analysis.BasicInterpreter",11
"1137","7","mockito","org.mockito.cglib.core.ClassEmitter","org.mockito.cglib.transform.impl.InterceptFieldTransformer",8
"1138","7","mockito","org.mockito.cglib.core.CodeEmitter","org.mockito.cglib.core.TypeUtils",76
"1139","7","mockito","org.mockito.cglib.core.EmitUtils","org.mockito.cglib.core.CodeEmitter",50
"1140","7","mockito","org.mockito.cglib.proxy.Enhancer","org.mockito.cglib.core.ReflectUtils",28
"1141","7","time","org.joda.time.base.AbstractPartial","org.joda.time.MonthDay",18
"1142","7","time","org.joda.time.chrono.BasicChronology","org.joda.time.chrono.IslamicChronology",68
"1143","7","time","org.joda.time.chrono.BasicWeekyearDateTimeField","org.joda.time.chrono.BasicChronology",384
"1144","7","time","org.joda.time.chrono.CopticChronology","org.joda.time.DateTimeZone",44
"1145","7","time","org.joda.time.chrono.ISOChronology","org.joda.time.chrono.AssembledChronology",10
"1146","7","time","org.joda.time.chrono.ISOChronology","org.joda.time.DateTimeZone",50
"1147","7","time","org.joda.time.chrono.ZonedChronology","org.joda.time.chrono.AssembledChronology",6
"1148","7","time","org.joda.time.chrono.ZonedChronology$ZonedDateTimeField","org.joda.time.DateTimeZone",17
"1149","7","time","org.joda.time.DateTimeUtils","org.joda.time.DateTimeZone",22
"1150","7","time","org.joda.time.DateTimeZone","org.joda.time.format.DateTimeFormat",3
"1151","7","time","org.joda.time.format.DateTimeFormat","org.joda.time.format.DateTimeFormat$StyleFormatter",4
"1152","7","time","org.joda.time.format.DateTimeFormatter","org.joda.time.DateTimeZone",10
"1153","7","time","org.joda.time.format.DateTimeFormatter","org.joda.time.format.DateTimeParserBucket",2
"1154","7","time","org.joda.time.format.DateTimeFormatterBuilder$PaddedNumber","org.joda.time.format.DateTimeFormatterBuilder",1
"1155","7","time","org.joda.time.format.DateTimeFormatterBuilder$TextField","org.joda.time.MutableDateTime",2
"1156","7","time","org.joda.time.format.DateTimeParserBucket$SavedState","org.joda.time.format.DateTimeParserBucket",45
"1157","7","time","org.joda.time.format.ISODateTimeFormat","org.joda.time.format.DateTimeFormatterBuilder",8
"1158","7","time","org.joda.time.LocalDate","org.joda.time.format.ISODateTimeFormat",17
"1159","7","time","org.joda.time.LocalDateTime","org.joda.time.DateTimeZone",54
"1160","7","time","org.joda.time.LocalDateTime","org.joda.time.format.DateTimeFormatter",4
"1161","7","time","org.joda.time.LocalTime$Property","org.joda.time.LocalTime",5
"1162","7","time","org.joda.time.MutableInterval","org.joda.time.base.BaseInterval",1
"1163","7","time","org.joda.time.Period","org.joda.time.base.AbstractPeriod",2
"1164","7","time","org.joda.time.Period","org.joda.time.PeriodType",505
"1165","7","time","org.joda.time.Seconds","org.joda.time.base.BaseSingleFieldPeriod",1
"1166","7","time","org.joda.time.tz.ZoneInfoCompiler","org.joda.time.DateTimeZone",176
"1167","8","closure","com.google.javascript.rhino.head.IdScriptableObject","com.google.javascript.rhino.head.ScriptableObject",120
"1168","8","closure","com.google.javascript.rhino.head.Interpreter","com.google.javascript.rhino.head.ScriptableObject",181
"1169","8","closure","com.google.javascript.rhino.head.IRFactory","com.google.javascript.rhino.head.Node",4
"1170","8","closure","com.google.javascript.rhino.head.IRFactory","com.google.javascript.rhino.head.Parser",94
"1171","8","closure","com.google.javascript.rhino.head.regexp.NativeRegExp","com.google.javascript.rhino.head.ScriptRuntime",58
"1172","8","closure","com.google.javascript.rhino.head.tools.debugger.Dim","com.google.javascript.rhino.head.ScriptRuntime",35
"1173","8","closure","com.google.javascript.rhino.head.tools.shell.Global","com.google.javascript.rhino.head.ScriptRuntime",18
"1174","8","closure","com.google.javascript.rhino.jstype.JSType","com.google.javascript.rhino.jstype.FunctionType",259
"1175","8","closure","com.google.javascript.rhino.jstype.JSType","com.google.javascript.rhino.jstype.ProxyObjectType",9
"1176","8","closure","com.google.javascript.rhino.jstype.JSType","com.google.javascript.rhino.jstype.UnionType",9
"1177","8","lang","org.apache.commons.lang3.builder.ToStringBuilder","org.apache.commons.lang3.builder.ToStringStyle",62
"1178","8","lang","org.apache.commons.lang3.concurrent.MultiBackgroundInitializer","org.apache.commons.lang3.concurrent.BackgroundInitializer",10
"1179","8","lang","org.apache.commons.lang3.text.StrBuilder$StrBuilderReader","org.apache.commons.lang3.text.StrBuilder",8
"1180","8","lang","org.apache.commons.lang3.text.StrSubstitutor","org.apache.commons.lang3.text.StrBuilder",11
"1181","8","lang","org.apache.commons.lang3.time.DurationFormatUtils","org.apache.commons.lang3.time.DurationFormatUtils$Token",5
"1182","8","math","org.apache.commons.math.analysis.LaguerreSolver","org.apache.commons.math.complex.Complex",2
"1183","8","math","org.apache.commons.math.analysis.MullerSolver","org.apache.commons.math.analysis.UnivariateRealSolverImpl",94
"1184","8","math","org.apache.commons.math.linear.MatrixUtils","org.apache.commons.math.linear.BigMatrixImpl",1
"1185","8","math","org.apache.commons.math.ode.AbstractStepInterpolator","org.apache.commons.math.ode.DormandPrince853StepInterpolator",77
"1186","8","math","org.apache.commons.math.ode.ContinuousOutputModel","org.apache.commons.math.ode.AbstractStepInterpolator",38
"1187","8","math","org.apache.commons.math.ode.EmbeddedRungeKuttaIntegrator","org.apache.commons.math.ode.DormandPrince853Integrator",10
"1188","8","math","org.apache.commons.math.ode.GraggBulirschStoerIntegrator","org.apache.commons.math.ode.AdaptiveStepsizeIntegrator",47
"1189","8","math","org.apache.commons.math.ode.GraggBulirschStoerIntegrator","org.apache.commons.math.ode.SwitchingFunctionsHandler",14
"1190","8","math","org.apache.commons.math.ode.GraggBulirschStoerStepInterpolator","org.apache.commons.math.ode.AbstractStepInterpolator",37
"1191","8","math","org.apache.commons.math.ode.SwitchingFunctionsHandler","org.apache.commons.math.ode.SwitchState",38
"1192","8","math","org.apache.commons.math.ode.SwitchState","org.apache.commons.math.analysis.BrentSolver",41
"1193","8","math","org.apache.commons.math.optimization.NelderMead","org.apache.commons.math.optimization.DirectSearchOptimizer",86
"1194","8","math","org.apache.commons.math.stat.descriptive.AbstractStorelessUnivariateStatistic","org.apache.commons.math.stat.descriptive.moment.Variance",1
"1195","8","math","org.apache.commons.math.stat.inference.TTestImpl","org.apache.commons.math.stat.StatUtils",2
"1196","8","math","org.apache.commons.math.transform.FastFourierTransformer","org.apache.commons.math.complex.Complex",14
"1197","8","mockito","org.mockito.asm.AnnotationWriter","org.mockito.asm.ClassWriter",69
"1198","8","mockito","org.mockito.asm.MethodWriter","org.mockito.asm.ByteVector",43
"1199","8","mockito","org.mockito.asm.MethodWriter","org.mockito.asm.ClassWriter",11
"1200","8","mockito","org.mockito.asm.tree.analysis.BasicVerifier","org.mockito.asm.tree.analysis.BasicInterpreter",27
"1201","8","mockito","org.mockito.cglib.core.ClassEmitter","org.mockito.cglib.transform.impl.InterceptFieldTransformer",8
"1202","8","mockito","org.mockito.cglib.core.CodeEmitter","org.mockito.cglib.core.TypeUtils",78
"1203","8","mockito","org.mockito.cglib.core.EmitUtils","org.mockito.cglib.core.CodeEmitter",84
"1204","8","mockito","org.mockito.cglib.proxy.Enhancer","org.mockito.cglib.core.ReflectUtils",28
"1205","8","mockito","org.mockito.cglib.proxy.Mixin$Generator","org.mockito.cglib.core.ReflectUtils",26
"1206","8","time","org.joda.time.base.AbstractPartial","org.joda.time.YearMonth",21
"1207","8","time","org.joda.time.base.BasePeriod","org.joda.time.base.AbstractPeriod",17
"1208","8","time","org.joda.time.chrono.BasicChronology","org.joda.time.chrono.IslamicChronology",2
"1209","8","time","org.joda.time.chrono.BasicWeekyearDateTimeField","org.joda.time.chrono.BasicChronology",12
"1210","8","time","org.joda.time.chrono.CopticChronology","org.joda.time.DateTimeZone",16
"1211","8","time","org.joda.time.chrono.ISOChronology","org.joda.time.chrono.AssembledChronology",2
"1212","8","time","org.joda.time.chrono.ISOChronology","org.joda.time.DateTimeZone",171
"1213","8","time","org.joda.time.chrono.ZonedChronology","org.joda.time.chrono.AssembledChronology",69
"1214","8","time","org.joda.time.chrono.ZonedChronology","org.joda.time.DateTimeZone",140
"1215","8","time","org.joda.time.chrono.ZonedChronology$ZonedDateTimeField","org.joda.time.DateTimeZone",186
"1216","8","time","org.joda.time.DateTimeUtils","org.joda.time.DateTimeZone",66
"1217","8","time","org.joda.time.DateTimeZone","org.joda.time.format.FormatUtils",3
"1218","8","time","org.joda.time.Days","org.joda.time.base.BaseSingleFieldPeriod",1
"1219","8","time","org.joda.time.format.DateTimeFormat","org.joda.time.format.DateTimeFormat$StyleFormatter",5
"1220","8","time","org.joda.time.format.DateTimeFormatter","org.joda.time.DateTimeZone",17
"1221","8","time","org.joda.time.format.DateTimeFormatter","org.joda.time.format.DateTimeParserBucket",27
"1222","8","time","org.joda.time.format.DateTimeFormatterBuilder$TextField","org.joda.time.format.DateTimeParserBucket",2
"1223","8","time","org.joda.time.format.DateTimeParserBucket$SavedState","org.joda.time.format.DateTimeParserBucket",15
"1224","8","time","org.joda.time.format.ISODateTimeFormat","org.joda.time.format.DateTimeFormatterBuilder",5
"1225","8","time","org.joda.time.Hours","org.joda.time.base.BaseSingleFieldPeriod",2
"1226","8","time","org.joda.time.LocalDate","org.joda.time.format.ISODateTimeFormat",28
"1227","8","time","org.joda.time.LocalDateTime","org.joda.time.DateTimeZone",45
"1228","8","time","org.joda.time.LocalTime$Property","org.joda.time.LocalTime",4
"1229","8","time","org.joda.time.MutableInterval","org.joda.time.base.BaseInterval",2
"1230","8","time","org.joda.time.Period","org.joda.time.PeriodType",548
"1231","8","time","org.joda.time.tz.ZoneInfoCompiler","org.joda.time.DateTimeZone",37
"1232","9","closure","com.google.javascript.rhino.head.IRFactory","com.google.javascript.rhino.head.Parser",88
"1233","9","closure","com.google.javascript.rhino.head.NativeArray","com.google.javascript.rhino.head.IdScriptableObject",7
"1234","9","closure","com.google.javascript.rhino.head.NativeObject","com.google.javascript.rhino.head.ScriptableObject",169
"1235","9","closure","com.google.javascript.rhino.head.ScriptableObject","com.google.javascript.rhino.head.FunctionObject",20
"1236","9","closure","com.google.javascript.rhino.head.tools.shell.Global","com.google.javascript.rhino.head.ScriptRuntime",31
"1237","9","closure","com.google.javascript.rhino.jstype.JSType","com.google.javascript.rhino.jstype.FunctionType",330
"1238","9","closure","com.google.javascript.rhino.jstype.JSType","com.google.javascript.rhino.jstype.ProxyObjectType",4
"1239","9","lang","org.apache.commons.lang3.builder.ToStringBuilder","org.apache.commons.lang3.builder.ToStringStyle",18
"1240","9","lang","org.apache.commons.lang3.concurrent.MultiBackgroundInitializer","org.apache.commons.lang3.concurrent.BackgroundInitializer",8
"1241","9","lang","org.apache.commons.lang3.text.StrBuilder$StrBuilderReader","org.apache.commons.lang3.text.StrBuilder",2
"1242","9","lang","org.apache.commons.lang3.text.StrSubstitutor","org.apache.commons.lang3.text.StrBuilder",8
"1243","9","lang","org.apache.commons.lang3.time.DurationFormatUtils","org.apache.commons.lang3.time.DurationFormatUtils$Token",16
"1244","9","math","org.apache.commons.math.analysis.LaguerreSolver","org.apache.commons.math.complex.Complex",6
"1245","9","math","org.apache.commons.math.analysis.MullerSolver","org.apache.commons.math.analysis.UnivariateRealSolverImpl",99
"1246","9","math","org.apache.commons.math.fraction.ProperFractionFormat","org.apache.commons.math.fraction.FractionFormat",4
"1247","9","math","org.apache.commons.math.linear.MatrixUtils","org.apache.commons.math.linear.BigMatrixImpl",1
"1248","9","math","org.apache.commons.math.ode.AbstractStepInterpolator","org.apache.commons.math.ode.DormandPrince853StepInterpolator",73
"1249","9","math","org.apache.commons.math.ode.ContinuousOutputModel","org.apache.commons.math.ode.AbstractStepInterpolator",44
"1250","9","math","org.apache.commons.math.ode.EmbeddedRungeKuttaIntegrator","org.apache.commons.math.ode.DormandPrince853Integrator",12
"1251","9","math","org.apache.commons.math.ode.EmbeddedRungeKuttaIntegrator","org.apache.commons.math.ode.HighamHall54Integrator",7
"1252","9","math","org.apache.commons.math.ode.GraggBulirschStoerIntegrator","org.apache.commons.math.ode.AdaptiveStepsizeIntegrator",52
"1253","9","math","org.apache.commons.math.ode.GraggBulirschStoerIntegrator","org.apache.commons.math.ode.SwitchingFunctionsHandler",12
"1254","9","math","org.apache.commons.math.ode.GraggBulirschStoerStepInterpolator","org.apache.commons.math.ode.AbstractStepInterpolator",38
"1255","9","math","org.apache.commons.math.ode.SwitchingFunctionsHandler","org.apache.commons.math.ode.SwitchState",59
"1256","9","math","org.apache.commons.math.ode.SwitchState","org.apache.commons.math.analysis.BrentSolver",28
"1257","9","math","org.apache.commons.math.optimization.NelderMead","org.apache.commons.math.optimization.DirectSearchOptimizer",66
"1258","9","math","org.apache.commons.math.stat.inference.TTestImpl","org.apache.commons.math.stat.StatUtils",2
"1259","9","math","org.apache.commons.math.transform.FastFourierTransformer","org.apache.commons.math.complex.Complex",21
"1260","9","mockito","org.mockito.asm.AnnotationWriter","org.mockito.asm.ClassWriter",57
"1261","9","mockito","org.mockito.asm.MethodWriter","org.mockito.asm.ByteVector",12
"1262","9","mockito","org.mockito.asm.MethodWriter","org.mockito.asm.ClassWriter",11
"1263","9","mockito","org.mockito.asm.tree.analysis.BasicVerifier","org.mockito.asm.tree.analysis.BasicInterpreter",11
"1264","9","mockito","org.mockito.cglib.core.CodeEmitter","org.mockito.cglib.core.TypeUtils",71
"1265","9","mockito","org.mockito.cglib.core.EmitUtils","org.mockito.cglib.core.CodeEmitter",109
"1266","9","mockito","org.mockito.cglib.proxy.Enhancer","org.mockito.cglib.core.CodeEmitter",240
"1267","9","mockito","org.mockito.cglib.proxy.Enhancer","org.mockito.cglib.core.ReflectUtils",28
"1268","9","mockito","org.mockito.cglib.proxy.Mixin$Generator","org.mockito.cglib.core.ReflectUtils",31
"1269","9","time","org.joda.time.base.AbstractPartial","org.joda.time.MonthDay",2
"1270","9","time","org.joda.time.base.AbstractPartial","org.joda.time.YearMonth",11
"1271","9","time","org.joda.time.chrono.BasicChronology","org.joda.time.chrono.CopticChronology",10
"1272","9","time","org.joda.time.chrono.BasicWeekyearDateTimeField","org.joda.time.chrono.BasicChronology",100
"1273","9","time","org.joda.time.chrono.CopticChronology","org.joda.time.DateTimeZone",52
"1274","9","time","org.joda.time.chrono.GJChronology","org.joda.time.chrono.GJChronology$CutoverField",12
"1275","9","time","org.joda.time.chrono.ISOChronology","org.joda.time.chrono.AssembledChronology",36
"1276","9","time","org.joda.time.chrono.ISOChronology","org.joda.time.DateTimeZone",24
"1277","9","time","org.joda.time.chrono.ZonedChronology","org.joda.time.chrono.AssembledChronology",120
"1278","9","time","org.joda.time.chrono.ZonedChronology","org.joda.time.DateTimeZone",413
"1279","9","time","org.joda.time.chrono.ZonedChronology$ZonedDateTimeField","org.joda.time.DateTimeZone",9
"1280","9","time","org.joda.time.DateTimeZone","org.joda.time.format.FormatUtils",7
"1281","9","time","org.joda.time.Days","org.joda.time.base.BaseSingleFieldPeriod",1
"1282","9","time","org.joda.time.format.DateTimeFormat","org.joda.time.format.DateTimeFormat$StyleFormatter",4
"1283","9","time","org.joda.time.format.DateTimeFormatter","org.joda.time.DateTimeZone",16
"1284","9","time","org.joda.time.format.DateTimeFormatterBuilder$PaddedNumber","org.joda.time.format.DateTimeFormatterBuilder",27
"1285","9","time","org.joda.time.format.DateTimeFormatterBuilder$TextField","org.joda.time.format.DateTimeParserBucket",2
"1286","9","time","org.joda.time.format.DateTimeFormatterBuilder$TextField","org.joda.time.MutableDateTime",1
"1287","9","time","org.joda.time.format.DateTimeParserBucket$SavedState","org.joda.time.format.DateTimeParserBucket",16
"1288","9","time","org.joda.time.format.ISODateTimeFormat","org.joda.time.format.DateTimeFormatterBuilder",4
"1289","9","time","org.joda.time.Hours","org.joda.time.base.BaseSingleFieldPeriod",1
"1290","9","time","org.joda.time.LocalDate","org.joda.time.DateTime",4
"1291","9","time","org.joda.time.LocalDate","org.joda.time.format.ISODateTimeFormat",39
"1292","9","time","org.joda.time.LocalDateTime","org.joda.time.DateTimeZone",62
"1293","9","time","org.joda.time.LocalTime$Property","org.joda.time.LocalTime",4
"1294","9","time","org.joda.time.Minutes","org.joda.time.base.BaseSingleFieldPeriod",1
"1295","9","time","org.joda.time.Period","org.joda.time.PeriodType",556
"1296","9","time","org.joda.time.Seconds","org.joda.time.base.BaseSingleFieldPeriod",2
"1297","9","time","org.joda.time.tz.ZoneInfoCompiler","org.joda.time.DateTimeZone",307
"1298","9","time","org.joda.time.Weeks","org.joda.time.base.BaseSingleFieldPeriod",3
"1299","executionId","project","caller","callee",1
