"","executionId","project","caller","callee","killedM"
"1",1,"closure","com.google.javascript.rhino.head.IdScriptableObject","com.google.javascript.rhino.head.ScriptableObject",15
"2",1,"closure","com.google.javascript.rhino.head.IRFactory","com.google.javascript.rhino.head.Parser",2
"3",1,"closure","com.google.javascript.rhino.head.NativeArray","com.google.javascript.rhino.head.ScriptableObject",3
"4",1,"closure","com.google.javascript.rhino.head.NativeObject","com.google.javascript.rhino.head.ScriptableObject",11
"5",1,"closure","com.google.javascript.rhino.head.regexp.NativeRegExp","com.google.javascript.rhino.head.ScriptRuntime",26
"6",1,"closure","com.google.javascript.rhino.head.tools.debugger.Dim","com.google.javascript.rhino.head.ScriptRuntime",2
"7",1,"closure","com.google.javascript.rhino.jstype.JSType","com.google.javascript.rhino.jstype.FunctionType",47
"8",1,"closure","com.google.javascript.rhino.jstype.JSType","com.google.javascript.rhino.jstype.ProxyObjectType",2
"9",1,"lang","org.apache.commons.lang3.builder.ReflectionToStringBuilder","org.apache.commons.lang3.builder.ToStringBuilder",2
"10",1,"lang","org.apache.commons.lang3.builder.ToStringBuilder","org.apache.commons.lang3.builder.ToStringStyle",4
"11",1,"lang","org.apache.commons.lang3.concurrent.MultiBackgroundInitializer","org.apache.commons.lang3.concurrent.BackgroundInitializer",13
"12",1,"lang","org.apache.commons.lang3.text.StrBuilder$StrBuilderReader","org.apache.commons.lang3.text.StrBuilder",2
"13",1,"lang","org.apache.commons.lang3.text.StrSubstitutor","org.apache.commons.lang3.text.StrBuilder",22
"14",1,"lang","org.apache.commons.lang3.text.translate.UnicodeEscaper","org.apache.commons.lang3.text.translate.CharSequenceTranslator",7
"15",1,"math","org.apache.commons.math.analysis.LaguerreSolver","org.apache.commons.math.complex.Complex",21
"16",1,"math","org.apache.commons.math.analysis.MullerSolver","org.apache.commons.math.analysis.UnivariateRealSolverImpl",52
"17",1,"math","org.apache.commons.math.distribution.AbstractIntegerDistribution","org.apache.commons.math.distribution.HypergeometricDistributionImpl",2
"18",1,"math","org.apache.commons.math.geometry.Rotation","org.apache.commons.math.geometry.Vector3D",7
"19",1,"math","org.apache.commons.math.linear.MatrixUtils","org.apache.commons.math.linear.BigMatrixImpl",1
"20",1,"math","org.apache.commons.math.ode.AbstractStepInterpolator","org.apache.commons.math.ode.DormandPrince853StepInterpolator",34
"21",1,"math","org.apache.commons.math.ode.EmbeddedRungeKuttaIntegrator","org.apache.commons.math.ode.DormandPrince853Integrator",4
"22",1,"math","org.apache.commons.math.ode.EmbeddedRungeKuttaIntegrator","org.apache.commons.math.ode.HighamHall54Integrator",1
"23",1,"math","org.apache.commons.math.ode.GraggBulirschStoerIntegrator","org.apache.commons.math.ode.AdaptiveStepsizeIntegrator",10
"24",1,"math","org.apache.commons.math.ode.GraggBulirschStoerStepInterpolator","org.apache.commons.math.ode.AbstractStepInterpolator",16
"25",1,"math","org.apache.commons.math.ode.SwitchingFunctionsHandler","org.apache.commons.math.ode.SwitchState",23
"26",1,"math","org.apache.commons.math.ode.SwitchState","org.apache.commons.math.analysis.BrentSolver",1
"27",1,"math","org.apache.commons.math.optimization.NelderMead","org.apache.commons.math.optimization.DirectSearchOptimizer",62
"28",1,"math","org.apache.commons.math.random.EmpiricalDistributionImpl","org.apache.commons.math.stat.descriptive.SummaryStatistics",1
"29",1,"math","org.apache.commons.math.stat.descriptive.AbstractStorelessUnivariateStatistic","org.apache.commons.math.stat.descriptive.moment.Variance",5
"30",1,"math","org.apache.commons.math.stat.descriptive.DescriptiveStatistics","org.apache.commons.math.util.ResizableDoubleArray",24
"31",1,"math","org.apache.commons.math.stat.inference.TTestImpl","org.apache.commons.math.stat.StatUtils",2
"32",1,"math","org.apache.commons.math.transform.FastFourierTransformer","org.apache.commons.math.complex.Complex",25
"33",1,"mockito","org.mockito.asm.AnnotationWriter","org.mockito.asm.ClassWriter",33
"34",1,"mockito","org.mockito.asm.MethodWriter","org.mockito.asm.ByteVector",15
"35",1,"mockito","org.mockito.cglib.core.ClassEmitter","org.mockito.cglib.transform.impl.InterceptFieldTransformer",8
"36",1,"mockito","org.mockito.cglib.core.CodeEmitter","org.mockito.cglib.core.TypeUtils",3
"37",1,"mockito","org.mockito.cglib.core.EmitUtils","org.mockito.cglib.core.CodeEmitter",12
"38",1,"mockito","org.mockito.cglib.proxy.Enhancer","org.mockito.cglib.core.ReflectUtils",35
"39",1,"mockito","org.mockito.cglib.proxy.Mixin$Generator","org.mockito.cglib.core.ReflectUtils",54
"40",1,"time","org.joda.time.base.AbstractPartial","org.joda.time.MonthDay",13
"41",1,"time","org.joda.time.base.BasePeriod","org.joda.time.base.AbstractPeriod",2
"42",1,"time","org.joda.time.chrono.BasicChronology","org.joda.time.chrono.EthiopicChronology",1
"43",1,"time","org.joda.time.chrono.BasicChronology","org.joda.time.chrono.IslamicChronology",52
"44",1,"time","org.joda.time.chrono.BasicWeekyearDateTimeField","org.joda.time.chrono.BasicChronology",51
"45",1,"time","org.joda.time.chrono.CopticChronology","org.joda.time.DateTimeZone",12
"46",1,"time","org.joda.time.chrono.GJChronology","org.joda.time.chrono.JulianChronology",5
"47",1,"time","org.joda.time.chrono.ISOChronology","org.joda.time.chrono.AssembledChronology",2
"48",1,"time","org.joda.time.chrono.ISOChronology","org.joda.time.DateTimeZone",70
"49",1,"time","org.joda.time.chrono.ZonedChronology","org.joda.time.DateTimeZone",1
"50",1,"time","org.joda.time.DateTimeUtils","org.joda.time.DateTimeZone",12
"51",1,"time","org.joda.time.DateTimeZone","org.joda.time.format.DateTimeFormat",1
"52",1,"time","org.joda.time.format.DateTimeFormatterBuilder$TextField","org.joda.time.format.DateTimeParserBucket",4
"53",1,"time","org.joda.time.format.DateTimeParserBucket$SavedState","org.joda.time.format.DateTimeParserBucket",1
"54",1,"time","org.joda.time.Hours","org.joda.time.base.BaseSingleFieldPeriod",6
"55",1,"time","org.joda.time.LocalDate","org.joda.time.format.ISODateTimeFormat",3
"56",1,"time","org.joda.time.LocalDateTime","org.joda.time.DateTimeZone",10
"57",1,"time","org.joda.time.LocalDateTime","org.joda.time.format.DateTimeFormatter",6
"58",1,"time","org.joda.time.LocalTime$Property","org.joda.time.LocalTime",3
"59",1,"time","org.joda.time.Minutes","org.joda.time.base.BaseSingleFieldPeriod",9
"60",1,"time","org.joda.time.MutableInterval","org.joda.time.base.BaseInterval",1
"61",1,"time","org.joda.time.MutablePeriod","org.joda.time.base.BasePeriod",11
"62",1,"time","org.joda.time.Period","org.joda.time.base.BasePeriod",8
"63",1,"time","org.joda.time.Period","org.joda.time.PeriodType",496
"64",1,"time","org.joda.time.Seconds","org.joda.time.base.BaseSingleFieldPeriod",3
"65",1,"time","org.joda.time.Weeks","org.joda.time.base.BaseSingleFieldPeriod",10
"66",1,"time","org.joda.time.YearMonthDay","org.joda.time.base.BasePartial",3
"67",2,"closure","com.google.javascript.rhino.head.IdScriptableObject","com.google.javascript.rhino.head.ScriptableObject",18
"68",2,"closure","com.google.javascript.rhino.head.Interpreter","com.google.javascript.rhino.head.ScriptableObject",1
"69",2,"closure","com.google.javascript.rhino.head.IRFactory","com.google.javascript.rhino.head.Node",4
"70",2,"closure","com.google.javascript.rhino.head.IRFactory","com.google.javascript.rhino.head.Parser",2
"71",2,"closure","com.google.javascript.rhino.head.NativeArray","com.google.javascript.rhino.head.ScriptableObject",7
"72",2,"closure","com.google.javascript.rhino.head.NativeArray","com.google.javascript.rhino.head.ScriptRuntime",13
"73",2,"closure","com.google.javascript.rhino.head.NativeObject","com.google.javascript.rhino.head.ScriptableObject",16
"74",2,"closure","com.google.javascript.rhino.jstype.JSType","com.google.javascript.rhino.jstype.UnionType",9
"75",2,"lang","org.apache.commons.lang3.builder.ReflectionToStringBuilder","org.apache.commons.lang3.builder.ToStringBuilder",1
"76",2,"lang","org.apache.commons.lang3.builder.ToStringBuilder","org.apache.commons.lang3.builder.ToStringStyle",5
"77",2,"lang","org.apache.commons.lang3.concurrent.MultiBackgroundInitializer","org.apache.commons.lang3.concurrent.BackgroundInitializer",12
"78",2,"lang","org.apache.commons.lang3.text.StrBuilder$StrBuilderReader","org.apache.commons.lang3.text.StrBuilder",2
"79",2,"lang","org.apache.commons.lang3.text.StrSubstitutor","org.apache.commons.lang3.text.StrBuilder",21
"80",2,"lang","org.apache.commons.lang3.text.translate.UnicodeEscaper","org.apache.commons.lang3.text.translate.CharSequenceTranslator",5
"81",2,"math","org.apache.commons.math.analysis.LaguerreSolver","org.apache.commons.math.complex.Complex",22
"82",2,"math","org.apache.commons.math.analysis.MullerSolver","org.apache.commons.math.analysis.UnivariateRealSolverImpl",50
"83",2,"math","org.apache.commons.math.distribution.AbstractIntegerDistribution","org.apache.commons.math.distribution.HypergeometricDistributionImpl",2
"84",2,"math","org.apache.commons.math.fraction.ProperFractionFormat","org.apache.commons.math.fraction.FractionFormat",1
"85",2,"math","org.apache.commons.math.geometry.Rotation","org.apache.commons.math.geometry.Vector3D",3
"86",2,"math","org.apache.commons.math.linear.MatrixUtils","org.apache.commons.math.linear.BigMatrixImpl",1
"87",2,"math","org.apache.commons.math.ode.AbstractStepInterpolator","org.apache.commons.math.ode.DormandPrince853StepInterpolator",22
"88",2,"math","org.apache.commons.math.ode.ContinuousOutputModel","org.apache.commons.math.ode.AbstractStepInterpolator",4
"89",2,"math","org.apache.commons.math.ode.EmbeddedRungeKuttaIntegrator","org.apache.commons.math.ode.DormandPrince853Integrator",2
"90",2,"math","org.apache.commons.math.ode.EmbeddedRungeKuttaIntegrator","org.apache.commons.math.ode.HighamHall54Integrator",6
"91",2,"math","org.apache.commons.math.ode.GraggBulirschStoerIntegrator","org.apache.commons.math.ode.AdaptiveStepsizeIntegrator",10
"92",2,"math","org.apache.commons.math.ode.GraggBulirschStoerStepInterpolator","org.apache.commons.math.ode.AbstractStepInterpolator",6
"93",2,"math","org.apache.commons.math.ode.SwitchingFunctionsHandler","org.apache.commons.math.ode.SwitchState",22
"94",2,"math","org.apache.commons.math.optimization.NelderMead","org.apache.commons.math.optimization.DirectSearchOptimizer",12
"95",2,"math","org.apache.commons.math.stat.descriptive.AbstractStorelessUnivariateStatistic","org.apache.commons.math.stat.descriptive.moment.Variance",8
"96",2,"math","org.apache.commons.math.stat.descriptive.DescriptiveStatistics","org.apache.commons.math.util.ResizableDoubleArray",8
"97",2,"math","org.apache.commons.math.transform.FastFourierTransformer","org.apache.commons.math.complex.Complex",15
"98",2,"mockito","org.mockito.asm.AnnotationWriter","org.mockito.asm.ClassWriter",36
"99",2,"mockito","org.mockito.cglib.core.CodeEmitter","org.mockito.cglib.core.TypeUtils",14
"100",2,"mockito","org.mockito.cglib.core.EmitUtils","org.mockito.cglib.core.CodeEmitter",8
"101",2,"mockito","org.mockito.cglib.proxy.Enhancer","org.mockito.cglib.core.CodeEmitter",174
"102",2,"mockito","org.mockito.cglib.proxy.Enhancer","org.mockito.cglib.core.ReflectUtils",40
"103",2,"time","org.joda.time.base.AbstractPartial","org.joda.time.YearMonth",2
"104",2,"time","org.joda.time.base.BasePeriod","org.joda.time.base.AbstractPeriod",30
"105",2,"time","org.joda.time.chrono.BasicChronology","org.joda.time.chrono.CopticChronology",9
"106",2,"time","org.joda.time.chrono.BasicChronology","org.joda.time.chrono.EthiopicChronology",1
"107",2,"time","org.joda.time.chrono.BasicChronology","org.joda.time.chrono.IslamicChronology",11
"108",2,"time","org.joda.time.chrono.BasicWeekyearDateTimeField","org.joda.time.chrono.BasicChronology",5
"109",2,"time","org.joda.time.chrono.CopticChronology","org.joda.time.DateTimeZone",41
"110",2,"time","org.joda.time.chrono.GJChronology","org.joda.time.chrono.GJChronology$CutoverField",2
"111",2,"time","org.joda.time.chrono.GJChronology","org.joda.time.chrono.JulianChronology",7
"112",2,"time","org.joda.time.chrono.ISOChronology","org.joda.time.chrono.AssembledChronology",14
"113",2,"time","org.joda.time.chrono.ZonedChronology","org.joda.time.DateTimeZone",2
"114",2,"time","org.joda.time.chrono.ZonedChronology$ZonedDateTimeField","org.joda.time.DateTimeZone",23
"115",2,"time","org.joda.time.DateTimeUtils","org.joda.time.DateTimeZone",55
"116",2,"time","org.joda.time.DateTimeZone","org.joda.time.format.FormatUtils",1
"117",2,"time","org.joda.time.Days","org.joda.time.base.BaseSingleFieldPeriod",2
"118",2,"time","org.joda.time.format.DateTimeFormat","org.joda.time.format.DateTimeFormat$StyleFormatter",4
"119",2,"time","org.joda.time.format.DateTimeFormatter","org.joda.time.DateTimeZone",21
"120",2,"time","org.joda.time.format.DateTimeFormatter","org.joda.time.format.DateTimeParserBucket",1
"121",2,"time","org.joda.time.format.DateTimeParserBucket$SavedState","org.joda.time.format.DateTimeParserBucket",1
"122",2,"time","org.joda.time.Hours","org.joda.time.base.BaseSingleFieldPeriod",4
"123",2,"time","org.joda.time.LocalDate","org.joda.time.format.ISODateTimeFormat",1
"124",2,"time","org.joda.time.LocalDateTime","org.joda.time.DateTimeZone",72
"125",2,"time","org.joda.time.LocalTime$Property","org.joda.time.LocalTime",3
"126",2,"time","org.joda.time.Minutes","org.joda.time.base.BaseSingleFieldPeriod",8
"127",2,"time","org.joda.time.MutablePeriod","org.joda.time.base.BasePeriod",1
"128",2,"time","org.joda.time.Period","org.joda.time.base.AbstractPeriod",2
"129",2,"time","org.joda.time.Period","org.joda.time.base.BasePeriod",1
"130",2,"time","org.joda.time.Period","org.joda.time.PeriodType",531
"131",2,"time","org.joda.time.Seconds","org.joda.time.base.BaseSingleFieldPeriod",6
"132",2,"time","org.joda.time.tz.ZoneInfoCompiler","org.joda.time.DateTimeZone",76
"133",2,"time","org.joda.time.Weeks","org.joda.time.base.BaseSingleFieldPeriod",11
"134",2,"time","org.joda.time.YearMonthDay","org.joda.time.base.BasePartial",6
"135",3,"closure","com.google.javascript.jscomp.NodeUtil","com.google.javascript.rhino.Node",1
"136",3,"closure","com.google.javascript.rhino.head.IdScriptableObject","com.google.javascript.rhino.head.ScriptableObject",9
"137",3,"closure","com.google.javascript.rhino.head.Interpreter","com.google.javascript.rhino.head.ScriptableObject",2
"138",3,"closure","com.google.javascript.rhino.head.IRFactory","com.google.javascript.rhino.head.Parser",1
"139",3,"closure","com.google.javascript.rhino.head.Parser","com.google.javascript.rhino.head.CompilerEnvirons",2
"140",3,"closure","com.google.javascript.rhino.head.ScriptRuntime","com.google.javascript.rhino.head.ScriptableObject",3
"141",3,"closure","com.google.javascript.rhino.head.tools.debugger.Dim","com.google.javascript.rhino.head.ScriptRuntime",2
"142",3,"closure","com.google.javascript.rhino.head.tools.shell.Global","com.google.javascript.rhino.head.ScriptRuntime",3
"143",3,"closure","com.google.javascript.rhino.JSDocInfoBuilder","com.google.javascript.rhino.JSDocInfo",134
"144",3,"closure","com.google.javascript.rhino.jstype.JSType","com.google.javascript.rhino.jstype.UnionType",1
"145",3,"lang","org.apache.commons.lang3.builder.ReflectionToStringBuilder","org.apache.commons.lang3.builder.ToStringBuilder",1
"146",3,"lang","org.apache.commons.lang3.builder.ToStringBuilder","org.apache.commons.lang3.builder.ToStringStyle",19
"147",3,"lang","org.apache.commons.lang3.concurrent.MultiBackgroundInitializer","org.apache.commons.lang3.concurrent.BackgroundInitializer",8
"148",3,"lang","org.apache.commons.lang3.text.StrBuilder$StrBuilderReader","org.apache.commons.lang3.text.StrBuilder",2
"149",3,"lang","org.apache.commons.lang3.text.StrSubstitutor","org.apache.commons.lang3.text.StrBuilder",16
"150",3,"lang","org.apache.commons.lang3.text.translate.UnicodeEscaper","org.apache.commons.lang3.text.translate.CharSequenceTranslator",1
"151",3,"math","org.apache.commons.math.analysis.LaguerreSolver","org.apache.commons.math.complex.Complex",10
"152",3,"math","org.apache.commons.math.analysis.MullerSolver","org.apache.commons.math.analysis.UnivariateRealSolverImpl",58
"153",3,"math","org.apache.commons.math.geometry.Rotation","org.apache.commons.math.geometry.Vector3D",2
"154",3,"math","org.apache.commons.math.linear.MatrixUtils","org.apache.commons.math.linear.BigMatrixImpl",1
"155",3,"math","org.apache.commons.math.ode.AbstractStepInterpolator","org.apache.commons.math.ode.DormandPrince853StepInterpolator",18
"156",3,"math","org.apache.commons.math.ode.ContinuousOutputModel","org.apache.commons.math.ode.AbstractStepInterpolator",3
"157",3,"math","org.apache.commons.math.ode.EmbeddedRungeKuttaIntegrator","org.apache.commons.math.ode.DormandPrince853Integrator",1
"158",3,"math","org.apache.commons.math.ode.EmbeddedRungeKuttaIntegrator","org.apache.commons.math.ode.HighamHall54Integrator",3
"159",3,"math","org.apache.commons.math.ode.GraggBulirschStoerIntegrator","org.apache.commons.math.ode.AdaptiveStepsizeIntegrator",17
"160",3,"math","org.apache.commons.math.ode.GraggBulirschStoerIntegrator","org.apache.commons.math.ode.SwitchingFunctionsHandler",3
"161",3,"math","org.apache.commons.math.ode.GraggBulirschStoerStepInterpolator","org.apache.commons.math.ode.AbstractStepInterpolator",9
"162",3,"math","org.apache.commons.math.ode.SwitchingFunctionsHandler","org.apache.commons.math.ode.SwitchState",9
"163",3,"math","org.apache.commons.math.ode.SwitchState","org.apache.commons.math.analysis.BrentSolver",3
"164",3,"math","org.apache.commons.math.optimization.NelderMead","org.apache.commons.math.optimization.DirectSearchOptimizer",58
"165",3,"math","org.apache.commons.math.random.EmpiricalDistributionImpl","org.apache.commons.math.stat.descriptive.SummaryStatistics",1
"166",3,"math","org.apache.commons.math.stat.descriptive.AbstractStorelessUnivariateStatistic","org.apache.commons.math.stat.descriptive.moment.Variance",2
"167",3,"math","org.apache.commons.math.stat.descriptive.DescriptiveStatistics","org.apache.commons.math.util.ResizableDoubleArray",8
"168",3,"math","org.apache.commons.math.transform.FastFourierTransformer","org.apache.commons.math.complex.Complex",50
"169",3,"mockito","org.mockito.asm.AnnotationWriter","org.mockito.asm.ClassWriter",36
"170",3,"mockito","org.mockito.asm.MethodWriter","org.mockito.asm.ByteVector",44
"171",3,"mockito","org.mockito.cglib.core.ClassEmitter","org.mockito.cglib.transform.impl.InterceptFieldTransformer",5
"172",3,"mockito","org.mockito.cglib.core.CodeEmitter","org.mockito.cglib.core.TypeUtils",7
"173",3,"mockito","org.mockito.cglib.core.EmitUtils","org.mockito.cglib.core.CodeEmitter",10
"174",3,"mockito","org.mockito.cglib.proxy.Enhancer","org.mockito.cglib.core.ReflectUtils",37
"175",3,"mockito","org.mockito.cglib.proxy.Mixin$Generator","org.mockito.cglib.core.AbstractClassGenerator",2
"176",3,"time","org.joda.time.base.AbstractPartial","org.joda.time.MonthDay",31
"177",3,"time","org.joda.time.base.AbstractPartial","org.joda.time.YearMonth",2
"178",3,"time","org.joda.time.base.BasePeriod","org.joda.time.base.AbstractPeriod",4
"179",3,"time","org.joda.time.chrono.BasicChronology","org.joda.time.chrono.CopticChronology",68
"180",3,"time","org.joda.time.chrono.BasicChronology","org.joda.time.chrono.IslamicChronology",6
"181",3,"time","org.joda.time.chrono.BasicWeekyearDateTimeField","org.joda.time.chrono.BasicChronology",14
"182",3,"time","org.joda.time.chrono.CopticChronology","org.joda.time.DateTimeZone",17
"183",3,"time","org.joda.time.chrono.GJChronology","org.joda.time.chrono.GJChronology$CutoverField",8
"184",3,"time","org.joda.time.chrono.GJChronology","org.joda.time.chrono.JulianChronology",1
"185",3,"time","org.joda.time.chrono.ISOChronology","org.joda.time.chrono.AssembledChronology",33
"186",3,"time","org.joda.time.chrono.ISOChronology","org.joda.time.DateTimeZone",22
"187",3,"time","org.joda.time.chrono.ZonedChronology","org.joda.time.DateTimeZone",1
"188",3,"time","org.joda.time.chrono.ZonedChronology$ZonedDateTimeField","org.joda.time.DateTimeZone",3
"189",3,"time","org.joda.time.DateTimeUtils","org.joda.time.DateTimeZone",30
"190",3,"time","org.joda.time.Days","org.joda.time.base.BaseSingleFieldPeriod",5
"191",3,"time","org.joda.time.format.DateTimeFormatter","org.joda.time.format.DateTimeParserBucket",3
"192",3,"time","org.joda.time.format.DateTimeFormatterBuilder$TextField","org.joda.time.format.DateTimeParserBucket",7
"193",3,"time","org.joda.time.format.ISODateTimeFormat","org.joda.time.format.DateTimeFormatterBuilder",1
"194",3,"time","org.joda.time.Hours","org.joda.time.base.BaseSingleFieldPeriod",1
"195",3,"time","org.joda.time.LocalDate","org.joda.time.format.ISODateTimeFormat",33
"196",3,"time","org.joda.time.LocalDateTime","org.joda.time.DateTimeZone",58
"197",3,"time","org.joda.time.Minutes","org.joda.time.base.BaseSingleFieldPeriod",5
"198",3,"time","org.joda.time.MutableInterval","org.joda.time.base.BaseInterval",6
"199",3,"time","org.joda.time.MutablePeriod","org.joda.time.base.BasePeriod",3
"200",3,"time","org.joda.time.Period","org.joda.time.base.BasePeriod",11
"201",3,"time","org.joda.time.Period","org.joda.time.PeriodType",95
"202",3,"time","org.joda.time.Seconds","org.joda.time.base.BaseSingleFieldPeriod",1
"203",3,"time","org.joda.time.tz.ZoneInfoCompiler","org.joda.time.DateTimeZone",3
"204",3,"time","org.joda.time.Weeks","org.joda.time.base.BaseSingleFieldPeriod",5
"205",3,"time","org.joda.time.YearMonthDay","org.joda.time.base.BasePartial",3
"206",4,"closure","com.google.javascript.rhino.head.IdScriptableObject","com.google.javascript.rhino.head.ScriptableObject",8
"207",4,"closure","com.google.javascript.rhino.head.Interpreter","com.google.javascript.rhino.head.InterpretedFunction",1
"208",4,"closure","com.google.javascript.rhino.head.IRFactory","com.google.javascript.rhino.head.Node",7
"209",4,"closure","com.google.javascript.rhino.head.IRFactory","com.google.javascript.rhino.head.Parser",6
"210",4,"closure","com.google.javascript.rhino.head.NativeArray","com.google.javascript.rhino.head.ScriptableObject",23
"211",4,"closure","com.google.javascript.rhino.head.NativeObject","com.google.javascript.rhino.head.ScriptableObject",8
"212",4,"closure","com.google.javascript.rhino.head.tools.debugger.Dim","com.google.javascript.rhino.head.ScriptRuntime",6
"213",4,"closure","com.google.javascript.rhino.head.tools.shell.Global","com.google.javascript.rhino.head.ScriptRuntime",3
"214",4,"lang","org.apache.commons.lang3.builder.ReflectionToStringBuilder","org.apache.commons.lang3.builder.ToStringBuilder",4
"215",4,"lang","org.apache.commons.lang3.builder.ToStringBuilder","org.apache.commons.lang3.builder.ToStringStyle",5
"216",4,"lang","org.apache.commons.lang3.text.StrBuilder$StrBuilderReader","org.apache.commons.lang3.text.StrBuilder",2
"217",4,"lang","org.apache.commons.lang3.text.StrSubstitutor","org.apache.commons.lang3.text.StrBuilder",24
"218",4,"math","org.apache.commons.math.analysis.MullerSolver","org.apache.commons.math.analysis.UnivariateRealSolverImpl",52
"219",4,"math","org.apache.commons.math.distribution.AbstractIntegerDistribution","org.apache.commons.math.distribution.HypergeometricDistributionImpl",4
"220",4,"math","org.apache.commons.math.fraction.ProperFractionFormat","org.apache.commons.math.fraction.FractionFormat",1
"221",4,"math","org.apache.commons.math.geometry.Rotation","org.apache.commons.math.geometry.Vector3D",6
"222",4,"math","org.apache.commons.math.linear.MatrixUtils","org.apache.commons.math.linear.BigMatrixImpl",12
"223",4,"math","org.apache.commons.math.ode.AbstractStepInterpolator","org.apache.commons.math.ode.DormandPrince853StepInterpolator",21
"224",4,"math","org.apache.commons.math.ode.ContinuousOutputModel","org.apache.commons.math.ode.AbstractStepInterpolator",1
"225",4,"math","org.apache.commons.math.ode.EmbeddedRungeKuttaIntegrator","org.apache.commons.math.ode.DormandPrince853Integrator",6
"226",4,"math","org.apache.commons.math.ode.EmbeddedRungeKuttaIntegrator","org.apache.commons.math.ode.HighamHall54Integrator",3
"227",4,"math","org.apache.commons.math.ode.GraggBulirschStoerIntegrator","org.apache.commons.math.ode.AdaptiveStepsizeIntegrator",13
"228",4,"math","org.apache.commons.math.ode.GraggBulirschStoerStepInterpolator","org.apache.commons.math.ode.AbstractStepInterpolator",15
"229",4,"math","org.apache.commons.math.ode.SwitchingFunctionsHandler","org.apache.commons.math.ode.SwitchState",28
"230",4,"math","org.apache.commons.math.ode.SwitchState","org.apache.commons.math.analysis.BrentSolver",8
"231",4,"math","org.apache.commons.math.optimization.NelderMead","org.apache.commons.math.optimization.DirectSearchOptimizer",43
"232",4,"math","org.apache.commons.math.stat.descriptive.AbstractStorelessUnivariateStatistic","org.apache.commons.math.stat.descriptive.moment.Variance",3
"233",4,"math","org.apache.commons.math.stat.descriptive.DescriptiveStatistics","org.apache.commons.math.util.ResizableDoubleArray",12
"234",4,"math","org.apache.commons.math.stat.inference.TTestImpl","org.apache.commons.math.stat.StatUtils",2
"235",4,"math","org.apache.commons.math.transform.FastFourierTransformer","org.apache.commons.math.complex.Complex",37
"236",4,"mockito","org.mockito.asm.AnnotationWriter","org.mockito.asm.ClassWriter",48
"237",4,"mockito","org.mockito.asm.MethodWriter","org.mockito.asm.ByteVector",49
"238",4,"mockito","org.mockito.asm.MethodWriter","org.mockito.asm.ClassWriter",3
"239",4,"mockito","org.mockito.asm.tree.analysis.BasicVerifier","org.mockito.asm.tree.analysis.BasicInterpreter",2
"240",4,"mockito","org.mockito.cglib.core.CodeEmitter","org.mockito.cglib.core.TypeUtils",12
"241",4,"mockito","org.mockito.cglib.core.EmitUtils","org.mockito.cglib.core.CodeEmitter",20
"242",4,"mockito","org.mockito.cglib.proxy.Enhancer","org.mockito.cglib.core.CodeEmitter",159
"243",4,"mockito","org.mockito.cglib.proxy.Enhancer","org.mockito.cglib.core.ReflectUtils",46
"244",4,"mockito","org.mockito.cglib.proxy.Mixin$Generator","org.mockito.cglib.core.AbstractClassGenerator",3
"245",4,"mockito","org.mockito.cglib.proxy.Mixin$Generator","org.mockito.cglib.core.ReflectUtils",68
"246",4,"time","org.joda.time.base.AbstractPartial","org.joda.time.MonthDay",4
"247",4,"time","org.joda.time.chrono.BasicChronology","org.joda.time.chrono.EthiopicChronology",2
"248",4,"time","org.joda.time.chrono.BasicChronology","org.joda.time.chrono.IslamicChronology",9
"249",4,"time","org.joda.time.chrono.BasicWeekyearDateTimeField","org.joda.time.chrono.BasicChronology",3
"250",4,"time","org.joda.time.chrono.CopticChronology","org.joda.time.DateTimeZone",52
"251",4,"time","org.joda.time.chrono.GJChronology","org.joda.time.chrono.GJChronology$CutoverField",4
"252",4,"time","org.joda.time.chrono.GJChronology","org.joda.time.chrono.JulianChronology",16
"253",4,"time","org.joda.time.chrono.ISOChronology","org.joda.time.chrono.AssembledChronology",15
"254",4,"time","org.joda.time.chrono.ISOChronology","org.joda.time.DateTimeZone",175
"255",4,"time","org.joda.time.chrono.ZonedChronology","org.joda.time.DateTimeZone",24
"256",4,"time","org.joda.time.chrono.ZonedChronology$ZonedDateTimeField","org.joda.time.DateTimeZone",34
"257",4,"time","org.joda.time.DateTimeUtils","org.joda.time.DateTimeZone",6
"258",4,"time","org.joda.time.Days","org.joda.time.base.BaseSingleFieldPeriod",6
"259",4,"time","org.joda.time.format.DateTimeFormat","org.joda.time.format.DateTimeFormatterBuilder",2
"260",4,"time","org.joda.time.format.DateTimeFormatter","org.joda.time.DateTimeZone",16
"261",4,"time","org.joda.time.format.DateTimeFormatter","org.joda.time.format.DateTimeParserBucket",11
"262",4,"time","org.joda.time.format.DateTimeFormatterBuilder$TextField","org.joda.time.format.DateTimeParserBucket",4
"263",4,"time","org.joda.time.format.DateTimeParserBucket$SavedState","org.joda.time.format.DateTimeParserBucket",3
"264",4,"time","org.joda.time.Hours","org.joda.time.base.BaseSingleFieldPeriod",5
"265",4,"time","org.joda.time.LocalDate","org.joda.time.format.ISODateTimeFormat",6
"266",4,"time","org.joda.time.LocalDateTime","org.joda.time.DateTimeZone",14
"267",4,"time","org.joda.time.LocalDateTime","org.joda.time.format.DateTimeFormatter",3
"268",4,"time","org.joda.time.Minutes","org.joda.time.base.BaseSingleFieldPeriod",7
"269",4,"time","org.joda.time.MutableInterval","org.joda.time.base.BaseInterval",5
"270",4,"time","org.joda.time.MutablePeriod","org.joda.time.base.BasePeriod",3
"271",4,"time","org.joda.time.Period","org.joda.time.base.AbstractPeriod",2
"272",4,"time","org.joda.time.Period","org.joda.time.base.BasePeriod",19
"273",4,"time","org.joda.time.Period","org.joda.time.PeriodType",14
"274",4,"time","org.joda.time.Seconds","org.joda.time.base.BaseSingleFieldPeriod",4
"275",4,"time","org.joda.time.tz.ZoneInfoCompiler","org.joda.time.DateTimeZone",139
"276",4,"time","org.joda.time.Weeks","org.joda.time.base.BaseSingleFieldPeriod",7
"277",4,"time","org.joda.time.YearMonthDay","org.joda.time.base.BasePartial",3
"278",5,"closure","com.google.javascript.jscomp.NodeUtil","com.google.javascript.rhino.Node",3
"279",5,"closure","com.google.javascript.rhino.head.Interpreter","com.google.javascript.rhino.head.ScriptableObject",38
"280",5,"closure","com.google.javascript.rhino.head.IRFactory","com.google.javascript.rhino.head.Parser",7
"281",5,"closure","com.google.javascript.rhino.head.NativeArray","com.google.javascript.rhino.head.IdScriptableObject",1
"282",5,"closure","com.google.javascript.rhino.head.NativeArray","com.google.javascript.rhino.head.ScriptRuntime",7
"283",5,"closure","com.google.javascript.rhino.head.NativeObject","com.google.javascript.rhino.head.ScriptableObject",80
"284",5,"closure","com.google.javascript.rhino.head.ScriptRuntime","com.google.javascript.rhino.head.ScriptableObject",10
"285",5,"closure","com.google.javascript.rhino.head.tools.debugger.Dim","com.google.javascript.rhino.head.ScriptRuntime",1
"286",5,"lang","org.apache.commons.lang3.builder.ToStringBuilder","org.apache.commons.lang3.builder.ToStringStyle",1
"287",5,"lang","org.apache.commons.lang3.concurrent.MultiBackgroundInitializer","org.apache.commons.lang3.concurrent.BackgroundInitializer",5
"288",5,"lang","org.apache.commons.lang3.text.StrBuilder$StrBuilderReader","org.apache.commons.lang3.text.StrBuilder",5
"289",5,"lang","org.apache.commons.lang3.text.StrSubstitutor","org.apache.commons.lang3.text.StrBuilder",36
"290",5,"lang","org.apache.commons.lang3.text.StrTokenizer","org.apache.commons.lang3.text.StrMatcher",2
"291",5,"lang","org.apache.commons.lang3.text.translate.UnicodeEscaper","org.apache.commons.lang3.text.translate.CharSequenceTranslator",31
"292",5,"math","org.apache.commons.math.analysis.LaguerreSolver","org.apache.commons.math.complex.Complex",39
"293",5,"math","org.apache.commons.math.analysis.MullerSolver","org.apache.commons.math.analysis.UnivariateRealSolverImpl",56
"294",5,"math","org.apache.commons.math.distribution.AbstractIntegerDistribution","org.apache.commons.math.distribution.HypergeometricDistributionImpl",4
"295",5,"math","org.apache.commons.math.geometry.Rotation","org.apache.commons.math.geometry.Vector3D",3
"296",5,"math","org.apache.commons.math.linear.MatrixUtils","org.apache.commons.math.linear.BigMatrixImpl",1
"297",5,"math","org.apache.commons.math.ode.AbstractStepInterpolator","org.apache.commons.math.ode.DormandPrince853StepInterpolator",27
"298",5,"math","org.apache.commons.math.ode.EmbeddedRungeKuttaIntegrator","org.apache.commons.math.ode.DormandPrince853Integrator",5
"299",5,"math","org.apache.commons.math.ode.EmbeddedRungeKuttaIntegrator","org.apache.commons.math.ode.HighamHall54Integrator",1
"300",5,"math","org.apache.commons.math.ode.GraggBulirschStoerIntegrator","org.apache.commons.math.ode.AdaptiveStepsizeIntegrator",15
"301",5,"math","org.apache.commons.math.ode.GraggBulirschStoerStepInterpolator","org.apache.commons.math.ode.AbstractStepInterpolator",8
"302",5,"math","org.apache.commons.math.ode.SwitchingFunctionsHandler","org.apache.commons.math.ode.SwitchState",27
"303",5,"math","org.apache.commons.math.ode.SwitchState","org.apache.commons.math.analysis.BrentSolver",10
"304",5,"math","org.apache.commons.math.optimization.NelderMead","org.apache.commons.math.optimization.DirectSearchOptimizer",17
"305",5,"math","org.apache.commons.math.stat.descriptive.AbstractStorelessUnivariateStatistic","org.apache.commons.math.stat.descriptive.moment.Variance",1
"306",5,"math","org.apache.commons.math.stat.descriptive.DescriptiveStatistics","org.apache.commons.math.util.ResizableDoubleArray",9
"307",5,"math","org.apache.commons.math.stat.inference.TTestImpl","org.apache.commons.math.stat.StatUtils",1
"308",5,"math","org.apache.commons.math.transform.FastFourierTransformer","org.apache.commons.math.complex.Complex",23
"309",5,"mockito","org.mockito.asm.AnnotationWriter","org.mockito.asm.ClassWriter",38
"310",5,"mockito","org.mockito.asm.MethodWriter","org.mockito.asm.ByteVector",33
"311",5,"mockito","org.mockito.cglib.core.CodeEmitter","org.mockito.cglib.core.TypeUtils",79
"312",5,"mockito","org.mockito.cglib.core.EmitUtils","org.mockito.cglib.core.CodeEmitter",16
"313",5,"mockito","org.mockito.cglib.proxy.Enhancer","org.mockito.cglib.core.ReflectUtils",35
"314",5,"mockito","org.mockito.cglib.proxy.Mixin$Generator","org.mockito.cglib.core.ReflectUtils",25
"315",5,"time","org.joda.time.base.AbstractPartial","org.joda.time.YearMonth",7
"316",5,"time","org.joda.time.base.BasePeriod","org.joda.time.base.AbstractPeriod",7
"317",5,"time","org.joda.time.chrono.BasicChronology","org.joda.time.chrono.CopticChronology",48
"318",5,"time","org.joda.time.chrono.BasicChronology","org.joda.time.chrono.IslamicChronology",3
"319",5,"time","org.joda.time.chrono.BasicWeekyearDateTimeField","org.joda.time.chrono.BasicChronology",3
"320",5,"time","org.joda.time.chrono.CopticChronology","org.joda.time.DateTimeZone",36
"321",5,"time","org.joda.time.chrono.GJChronology","org.joda.time.chrono.GJChronology$CutoverField",1
"322",5,"time","org.joda.time.chrono.GJChronology","org.joda.time.chrono.JulianChronology",5
"323",5,"time","org.joda.time.chrono.ISOChronology","org.joda.time.chrono.AssembledChronology",2
"324",5,"time","org.joda.time.chrono.ISOChronology","org.joda.time.DateTimeZone",32
"325",5,"time","org.joda.time.chrono.ZonedChronology","org.joda.time.DateTimeZone",17
"326",5,"time","org.joda.time.chrono.ZonedChronology$ZonedDateTimeField","org.joda.time.DateTimeZone",40
"327",5,"time","org.joda.time.DateTimeUtils","org.joda.time.DateTimeZone",11
"328",5,"time","org.joda.time.DateTimeZone","org.joda.time.format.FormatUtils",5
"329",5,"time","org.joda.time.Days","org.joda.time.base.BaseSingleFieldPeriod",8
"330",5,"time","org.joda.time.format.DateTimeFormat","org.joda.time.format.DateTimeFormatterBuilder",2
"331",5,"time","org.joda.time.format.DateTimeFormatter","org.joda.time.DateTimeZone",34
"332",5,"time","org.joda.time.format.DateTimeFormatterBuilder$PaddedNumber","org.joda.time.format.DateTimeFormatterBuilder",3
"333",5,"time","org.joda.time.format.DateTimeFormatterBuilder$TextField","org.joda.time.format.DateTimeParserBucket",5
"334",5,"time","org.joda.time.format.DateTimeParserBucket$SavedState","org.joda.time.format.DateTimeParserBucket",1
"335",5,"time","org.joda.time.Hours","org.joda.time.base.BaseSingleFieldPeriod",4
"336",5,"time","org.joda.time.LocalDate","org.joda.time.format.ISODateTimeFormat",1
"337",5,"time","org.joda.time.LocalDateTime","org.joda.time.DateTimeZone",213
"338",5,"time","org.joda.time.LocalTime$Property","org.joda.time.LocalTime",3
"339",5,"time","org.joda.time.Minutes","org.joda.time.base.BaseSingleFieldPeriod",8
"340",5,"time","org.joda.time.MutableInterval","org.joda.time.base.BaseInterval",1
"341",5,"time","org.joda.time.MutablePeriod","org.joda.time.base.BasePeriod",5
"342",5,"time","org.joda.time.Period","org.joda.time.base.BasePeriod",7
"343",5,"time","org.joda.time.Period","org.joda.time.PeriodType",513
"344",5,"time","org.joda.time.Seconds","org.joda.time.base.BaseSingleFieldPeriod",4
"345",5,"time","org.joda.time.tz.ZoneInfoCompiler","org.joda.time.DateTimeZone",35
"346",5,"time","org.joda.time.Weeks","org.joda.time.base.BaseSingleFieldPeriod",5
"347",5,"time","org.joda.time.YearMonthDay","org.joda.time.base.BasePartial",6
"348",6,"closure","com.google.javascript.rhino.head.IRFactory","com.google.javascript.rhino.head.Node",6
"349",6,"closure","com.google.javascript.rhino.head.NativeArray","com.google.javascript.rhino.head.IdScriptableObject",8
"350",6,"closure","com.google.javascript.rhino.head.NativeObject","com.google.javascript.rhino.head.ScriptableObject",33
"351",6,"closure","com.google.javascript.rhino.head.ScriptRuntime","com.google.javascript.rhino.head.ScriptableObject",14
"352",6,"closure","com.google.javascript.rhino.head.tools.shell.Global","com.google.javascript.rhino.head.ScriptRuntime",1
"353",6,"lang","org.apache.commons.lang3.builder.ReflectionToStringBuilder","org.apache.commons.lang3.builder.ToStringBuilder",5
"354",6,"lang","org.apache.commons.lang3.builder.ToStringBuilder","org.apache.commons.lang3.builder.ToStringStyle",1
"355",6,"lang","org.apache.commons.lang3.text.StrBuilder$StrBuilderReader","org.apache.commons.lang3.text.StrBuilder",6
"356",6,"lang","org.apache.commons.lang3.text.StrSubstitutor","org.apache.commons.lang3.text.StrBuilder",28
"357",6,"math","org.apache.commons.math.analysis.LaguerreSolver","org.apache.commons.math.complex.Complex",113
"358",6,"math","org.apache.commons.math.analysis.MullerSolver","org.apache.commons.math.analysis.UnivariateRealSolverImpl",53
"359",6,"math","org.apache.commons.math.distribution.AbstractIntegerDistribution","org.apache.commons.math.distribution.HypergeometricDistributionImpl",3
"360",6,"math","org.apache.commons.math.geometry.Rotation","org.apache.commons.math.geometry.Vector3D",5
"361",6,"math","org.apache.commons.math.linear.MatrixUtils","org.apache.commons.math.linear.BigMatrixImpl",1
"362",6,"math","org.apache.commons.math.ode.AbstractStepInterpolator","org.apache.commons.math.ode.DormandPrince853StepInterpolator",24
"363",6,"math","org.apache.commons.math.ode.ContinuousOutputModel","org.apache.commons.math.ode.AbstractStepInterpolator",4
"364",6,"math","org.apache.commons.math.ode.EmbeddedRungeKuttaIntegrator","org.apache.commons.math.ode.DormandPrince853Integrator",1
"365",6,"math","org.apache.commons.math.ode.EmbeddedRungeKuttaIntegrator","org.apache.commons.math.ode.HighamHall54Integrator",4
"366",6,"math","org.apache.commons.math.ode.GraggBulirschStoerIntegrator","org.apache.commons.math.ode.AdaptiveStepsizeIntegrator",13
"367",6,"math","org.apache.commons.math.ode.GraggBulirschStoerStepInterpolator","org.apache.commons.math.ode.AbstractStepInterpolator",7
"368",6,"math","org.apache.commons.math.ode.SwitchingFunctionsHandler","org.apache.commons.math.ode.SwitchState",25
"369",6,"math","org.apache.commons.math.ode.SwitchState","org.apache.commons.math.analysis.BrentSolver",24
"370",6,"math","org.apache.commons.math.optimization.NelderMead","org.apache.commons.math.optimization.DirectSearchOptimizer",6
"371",6,"math","org.apache.commons.math.stat.descriptive.AbstractStorelessUnivariateStatistic","org.apache.commons.math.stat.descriptive.moment.Variance",2
"372",6,"math","org.apache.commons.math.stat.descriptive.DescriptiveStatistics","org.apache.commons.math.util.ResizableDoubleArray",16
"373",6,"math","org.apache.commons.math.stat.inference.TTestImpl","org.apache.commons.math.stat.StatUtils",1
"374",6,"math","org.apache.commons.math.transform.FastFourierTransformer","org.apache.commons.math.complex.Complex",250
"375",6,"mockito","org.mockito.asm.AnnotationWriter","org.mockito.asm.ClassWriter",44
"376",6,"mockito","org.mockito.asm.MethodWriter","org.mockito.asm.ByteVector",41
"377",6,"mockito","org.mockito.cglib.core.CodeEmitter","org.mockito.cglib.core.TypeUtils",9
"378",6,"mockito","org.mockito.cglib.core.EmitUtils","org.mockito.cglib.core.CodeEmitter",12
"379",6,"mockito","org.mockito.cglib.proxy.Enhancer","org.mockito.cglib.core.ReflectUtils",37
"380",6,"mockito","org.mockito.cglib.proxy.Mixin$Generator","org.mockito.cglib.core.ReflectUtils",60
"381",6,"time","org.joda.time.base.AbstractPartial","org.joda.time.YearMonth",1
"382",6,"time","org.joda.time.base.BasePeriod","org.joda.time.base.AbstractPeriod",1
"383",6,"time","org.joda.time.chrono.BasicChronology","org.joda.time.chrono.CopticChronology",49
"384",6,"time","org.joda.time.chrono.BasicChronology","org.joda.time.chrono.IslamicChronology",30
"385",6,"time","org.joda.time.chrono.BasicWeekyearDateTimeField","org.joda.time.chrono.BasicChronology",5
"386",6,"time","org.joda.time.chrono.CopticChronology","org.joda.time.DateTimeZone",18
"387",6,"time","org.joda.time.chrono.GJChronology","org.joda.time.chrono.JulianChronology",11
"388",6,"time","org.joda.time.chrono.ISOChronology","org.joda.time.chrono.AssembledChronology",10
"389",6,"time","org.joda.time.chrono.ISOChronology","org.joda.time.DateTimeZone",108
"390",6,"time","org.joda.time.chrono.ZonedChronology","org.joda.time.DateTimeZone",11
"391",6,"time","org.joda.time.chrono.ZonedChronology$ZonedDateTimeField","org.joda.time.DateTimeZone",13
"392",6,"time","org.joda.time.DateTimeUtils","org.joda.time.DateTimeZone",7
"393",6,"time","org.joda.time.DateTimeZone","org.joda.time.format.FormatUtils",2
"394",6,"time","org.joda.time.Days","org.joda.time.base.BaseSingleFieldPeriod",1
"395",6,"time","org.joda.time.format.DateTimeFormat","org.joda.time.format.DateTimeFormatterBuilder",4
"396",6,"time","org.joda.time.format.DateTimeFormatter","org.joda.time.DateTimeZone",1
"397",6,"time","org.joda.time.format.DateTimeFormatter","org.joda.time.format.DateTimeParserBucket",12
"398",6,"time","org.joda.time.format.DateTimeFormatterBuilder$PaddedNumber","org.joda.time.format.DateTimeFormatterBuilder",7
"399",6,"time","org.joda.time.format.DateTimeFormatterBuilder$TextField","org.joda.time.format.DateTimeParserBucket",6
"400",6,"time","org.joda.time.format.DateTimeParserBucket$SavedState","org.joda.time.format.DateTimeParserBucket",2
"401",6,"time","org.joda.time.format.ISODateTimeFormat","org.joda.time.format.DateTimeFormatterBuilder",1
"402",6,"time","org.joda.time.Hours","org.joda.time.base.BaseSingleFieldPeriod",2
"403",6,"time","org.joda.time.LocalDate","org.joda.time.format.ISODateTimeFormat",35
"404",6,"time","org.joda.time.LocalDateTime","org.joda.time.DateTimeZone",33
"405",6,"time","org.joda.time.LocalDateTime","org.joda.time.format.DateTimeFormatter",3
"406",6,"time","org.joda.time.LocalTime$Property","org.joda.time.LocalTime",3
"407",6,"time","org.joda.time.Minutes","org.joda.time.base.BaseSingleFieldPeriod",5
"408",6,"time","org.joda.time.MutableInterval","org.joda.time.base.BaseInterval",2
"409",6,"time","org.joda.time.MutablePeriod","org.joda.time.base.BasePeriod",7
"410",6,"time","org.joda.time.Period","org.joda.time.base.AbstractPeriod",1
"411",6,"time","org.joda.time.Period","org.joda.time.base.BasePeriod",7
"412",6,"time","org.joda.time.Period","org.joda.time.PeriodType",21
"413",6,"time","org.joda.time.Seconds","org.joda.time.base.BaseSingleFieldPeriod",10
"414",6,"time","org.joda.time.tz.ZoneInfoCompiler","org.joda.time.DateTimeZone",8
"415",6,"time","org.joda.time.Weeks","org.joda.time.base.BaseSingleFieldPeriod",5
"416",6,"time","org.joda.time.YearMonthDay","org.joda.time.base.BasePartial",6
"417",7,"closure","com.google.javascript.rhino.head.IdScriptableObject","com.google.javascript.rhino.head.ScriptableObject",25
"418",7,"closure","com.google.javascript.rhino.head.NativeArray","com.google.javascript.rhino.head.IdScriptableObject",38
"419",7,"closure","com.google.javascript.rhino.head.NativeArray","com.google.javascript.rhino.head.ScriptableObject",39
"420",7,"closure","com.google.javascript.rhino.head.NativeArray","com.google.javascript.rhino.head.ScriptRuntime",8
"421",7,"closure","com.google.javascript.rhino.head.tools.shell.Global","com.google.javascript.rhino.head.ScriptRuntime",3
"422",7,"closure","com.google.javascript.rhino.JSDocInfoBuilder","com.google.javascript.rhino.JSDocInfo",128
"423",7,"closure","com.google.javascript.rhino.jstype.JSType","com.google.javascript.rhino.jstype.UnionType",3
"424",7,"lang","org.apache.commons.lang3.builder.ReflectionToStringBuilder","org.apache.commons.lang3.builder.ToStringBuilder",3
"425",7,"lang","org.apache.commons.lang3.concurrent.MultiBackgroundInitializer","org.apache.commons.lang3.concurrent.BackgroundInitializer",6
"426",7,"lang","org.apache.commons.lang3.text.StrBuilder$StrBuilderReader","org.apache.commons.lang3.text.StrBuilder",2
"427",7,"lang","org.apache.commons.lang3.text.StrSubstitutor","org.apache.commons.lang3.text.StrBuilder",12
"428",7,"lang","org.apache.commons.lang3.text.translate.UnicodeEscaper","org.apache.commons.lang3.text.translate.CharSequenceTranslator",1
"429",7,"math","org.apache.commons.math.analysis.LaguerreSolver","org.apache.commons.math.complex.Complex",16
"430",7,"math","org.apache.commons.math.analysis.MullerSolver","org.apache.commons.math.analysis.UnivariateRealSolverImpl",54
"431",7,"math","org.apache.commons.math.distribution.AbstractIntegerDistribution","org.apache.commons.math.distribution.HypergeometricDistributionImpl",2
"432",7,"math","org.apache.commons.math.fraction.ProperFractionFormat","org.apache.commons.math.fraction.FractionFormat",1
"433",7,"math","org.apache.commons.math.geometry.Rotation","org.apache.commons.math.geometry.Vector3D",18
"434",7,"math","org.apache.commons.math.linear.MatrixUtils","org.apache.commons.math.linear.BigMatrixImpl",1
"435",7,"math","org.apache.commons.math.ode.AbstractStepInterpolator","org.apache.commons.math.ode.DormandPrince853StepInterpolator",26
"436",7,"math","org.apache.commons.math.ode.ContinuousOutputModel","org.apache.commons.math.ode.AbstractStepInterpolator",1
"437",7,"math","org.apache.commons.math.ode.EmbeddedRungeKuttaIntegrator","org.apache.commons.math.ode.DormandPrince853Integrator",4
"438",7,"math","org.apache.commons.math.ode.EmbeddedRungeKuttaIntegrator","org.apache.commons.math.ode.HighamHall54Integrator",3
"439",7,"math","org.apache.commons.math.ode.GraggBulirschStoerIntegrator","org.apache.commons.math.ode.AdaptiveStepsizeIntegrator",24
"440",7,"math","org.apache.commons.math.ode.GraggBulirschStoerStepInterpolator","org.apache.commons.math.ode.AbstractStepInterpolator",9
"441",7,"math","org.apache.commons.math.ode.SwitchingFunctionsHandler","org.apache.commons.math.ode.SwitchState",11
"442",7,"math","org.apache.commons.math.optimization.NelderMead","org.apache.commons.math.optimization.DirectSearchOptimizer",48
"443",7,"math","org.apache.commons.math.stat.descriptive.AbstractStorelessUnivariateStatistic","org.apache.commons.math.stat.descriptive.moment.Variance",3
"444",7,"math","org.apache.commons.math.stat.descriptive.DescriptiveStatistics","org.apache.commons.math.util.ResizableDoubleArray",25
"445",7,"math","org.apache.commons.math.transform.FastFourierTransformer","org.apache.commons.math.complex.Complex",19
"446",7,"mockito","org.mockito.asm.AnnotationWriter","org.mockito.asm.ClassWriter",65
"447",7,"mockito","org.mockito.asm.MethodWriter","org.mockito.asm.ByteVector",26
"448",7,"mockito","org.mockito.asm.MethodWriter","org.mockito.asm.ClassWriter",1
"449",7,"mockito","org.mockito.asm.tree.analysis.BasicVerifier","org.mockito.asm.tree.analysis.BasicInterpreter",5
"450",7,"mockito","org.mockito.cglib.core.ClassEmitter","org.mockito.cglib.transform.impl.InterceptFieldTransformer",10
"451",7,"mockito","org.mockito.cglib.core.CodeEmitter","org.mockito.cglib.core.TypeUtils",7
"452",7,"mockito","org.mockito.cglib.core.EmitUtils","org.mockito.cglib.core.CodeEmitter",2
"453",7,"mockito","org.mockito.cglib.proxy.Enhancer","org.mockito.cglib.core.ReflectUtils",43
"454",7,"time","org.joda.time.base.AbstractPartial","org.joda.time.MonthDay",9
"455",7,"time","org.joda.time.chrono.BasicChronology","org.joda.time.chrono.CopticChronology",13
"456",7,"time","org.joda.time.chrono.BasicChronology","org.joda.time.chrono.EthiopicChronology",21
"457",7,"time","org.joda.time.chrono.BasicWeekyearDateTimeField","org.joda.time.chrono.BasicChronology",8
"458",7,"time","org.joda.time.chrono.CopticChronology","org.joda.time.DateTimeZone",15
"459",7,"time","org.joda.time.chrono.GJChronology","org.joda.time.chrono.JulianChronology",1
"460",7,"time","org.joda.time.chrono.ISOChronology","org.joda.time.chrono.AssembledChronology",3
"461",7,"time","org.joda.time.chrono.ISOChronology","org.joda.time.DateTimeZone",35
"462",7,"time","org.joda.time.chrono.ZonedChronology","org.joda.time.chrono.AssembledChronology",2
"463",7,"time","org.joda.time.chrono.ZonedChronology$ZonedDateTimeField","org.joda.time.DateTimeZone",5
"464",7,"time","org.joda.time.DateTimeUtils","org.joda.time.DateTimeZone",10
"465",7,"time","org.joda.time.Days","org.joda.time.base.BaseSingleFieldPeriod",4
"466",7,"time","org.joda.time.format.DateTimeFormat","org.joda.time.format.DateTimeFormatterBuilder",1
"467",7,"time","org.joda.time.format.DateTimeFormatter","org.joda.time.format.DateTimeParserBucket",4
"468",7,"time","org.joda.time.format.DateTimeFormatterBuilder$PaddedNumber","org.joda.time.format.DateTimeFormatterBuilder",3
"469",7,"time","org.joda.time.format.DateTimeParserBucket$SavedState","org.joda.time.format.DateTimeParserBucket",5
"470",7,"time","org.joda.time.Hours","org.joda.time.base.BaseSingleFieldPeriod",5
"471",7,"time","org.joda.time.LocalDate","org.joda.time.format.ISODateTimeFormat",1
"472",7,"time","org.joda.time.LocalDateTime","org.joda.time.DateTimeZone",19
"473",7,"time","org.joda.time.LocalDateTime","org.joda.time.format.DateTimeFormatter",3
"474",7,"time","org.joda.time.LocalTime$Property","org.joda.time.LocalTime",31
"475",7,"time","org.joda.time.Minutes","org.joda.time.base.BaseSingleFieldPeriod",1
"476",7,"time","org.joda.time.MutableInterval","org.joda.time.base.BaseInterval",2
"477",7,"time","org.joda.time.MutablePeriod","org.joda.time.base.BasePeriod",1
"478",7,"time","org.joda.time.Period","org.joda.time.base.AbstractPeriod",1
"479",7,"time","org.joda.time.Period","org.joda.time.base.BasePeriod",1
"480",7,"time","org.joda.time.Period","org.joda.time.PeriodType",13
"481",7,"time","org.joda.time.Seconds","org.joda.time.base.BaseSingleFieldPeriod",1
"482",7,"time","org.joda.time.tz.ZoneInfoCompiler","org.joda.time.DateTimeZone",11
"483",7,"time","org.joda.time.Weeks","org.joda.time.base.BaseSingleFieldPeriod",5
"484",7,"time","org.joda.time.YearMonthDay","org.joda.time.base.BasePartial",6
"485",8,"closure","com.google.javascript.rhino.head.IdScriptableObject","com.google.javascript.rhino.head.ScriptableObject",20
"486",8,"closure","com.google.javascript.rhino.head.Interpreter","com.google.javascript.rhino.head.ScriptableObject",7
"487",8,"closure","com.google.javascript.rhino.head.IRFactory","com.google.javascript.rhino.head.Parser",1
"488",8,"closure","com.google.javascript.rhino.head.regexp.NativeRegExp","com.google.javascript.rhino.head.ScriptRuntime",12
"489",8,"closure","com.google.javascript.rhino.head.tools.debugger.Dim","com.google.javascript.rhino.head.ScriptRuntime",3
"490",8,"closure","com.google.javascript.rhino.head.tools.shell.Global","com.google.javascript.rhino.head.ScriptRuntime",1
"491",8,"closure","com.google.javascript.rhino.jstype.JSType","com.google.javascript.rhino.jstype.ProxyObjectType",3
"492",8,"lang","org.apache.commons.lang3.builder.ToStringBuilder","org.apache.commons.lang3.builder.ToStringStyle",102
"493",8,"lang","org.apache.commons.lang3.builder.ToStringStyle","org.apache.commons.lang3.ClassUtils",1
"494",8,"lang","org.apache.commons.lang3.concurrent.MultiBackgroundInitializer","org.apache.commons.lang3.concurrent.BackgroundInitializer",3
"495",8,"lang","org.apache.commons.lang3.text.StrBuilder$StrBuilderReader","org.apache.commons.lang3.text.StrBuilder",108
"496",8,"lang","org.apache.commons.lang3.text.StrSubstitutor","org.apache.commons.lang3.text.StrBuilder",203
"497",8,"math","org.apache.commons.math.analysis.LaguerreSolver","org.apache.commons.math.complex.Complex",5
"498",8,"math","org.apache.commons.math.analysis.MullerSolver","org.apache.commons.math.analysis.UnivariateRealSolverImpl",50
"499",8,"math","org.apache.commons.math.distribution.AbstractIntegerDistribution","org.apache.commons.math.distribution.HypergeometricDistributionImpl",3
"500",8,"math","org.apache.commons.math.fraction.ProperFractionFormat","org.apache.commons.math.fraction.FractionFormat",2
"501",8,"math","org.apache.commons.math.geometry.Rotation","org.apache.commons.math.geometry.Vector3D",4
"502",8,"math","org.apache.commons.math.linear.MatrixUtils","org.apache.commons.math.linear.BigMatrixImpl",1
"503",8,"math","org.apache.commons.math.ode.AbstractStepInterpolator","org.apache.commons.math.ode.DormandPrince853StepInterpolator",77
"504",8,"math","org.apache.commons.math.ode.EmbeddedRungeKuttaIntegrator","org.apache.commons.math.ode.DormandPrince853Integrator",4
"505",8,"math","org.apache.commons.math.ode.GraggBulirschStoerIntegrator","org.apache.commons.math.ode.AdaptiveStepsizeIntegrator",14
"506",8,"math","org.apache.commons.math.ode.GraggBulirschStoerIntegrator","org.apache.commons.math.ode.SwitchingFunctionsHandler",8
"507",8,"math","org.apache.commons.math.ode.GraggBulirschStoerStepInterpolator","org.apache.commons.math.ode.AbstractStepInterpolator",9
"508",8,"math","org.apache.commons.math.ode.SwitchingFunctionsHandler","org.apache.commons.math.ode.SwitchState",4
"509",8,"math","org.apache.commons.math.ode.SwitchState","org.apache.commons.math.analysis.BrentSolver",10
"510",8,"math","org.apache.commons.math.optimization.NelderMead","org.apache.commons.math.optimization.DirectSearchOptimizer",24
"511",8,"math","org.apache.commons.math.stat.descriptive.AbstractStorelessUnivariateStatistic","org.apache.commons.math.stat.descriptive.moment.Variance",2
"512",8,"math","org.apache.commons.math.stat.descriptive.DescriptiveStatistics","org.apache.commons.math.util.ResizableDoubleArray",14
"513",8,"math","org.apache.commons.math.stat.inference.TTestImpl","org.apache.commons.math.stat.StatUtils",2
"514",8,"math","org.apache.commons.math.transform.FastFourierTransformer","org.apache.commons.math.complex.Complex",17
"515",8,"mockito","org.mockito.asm.AnnotationWriter","org.mockito.asm.ClassWriter",30
"516",8,"mockito","org.mockito.asm.MethodWriter","org.mockito.asm.ByteVector",25
"517",8,"mockito","org.mockito.asm.tree.analysis.BasicVerifier","org.mockito.asm.tree.analysis.BasicInterpreter",2
"518",8,"mockito","org.mockito.cglib.core.ClassEmitter","org.mockito.cglib.transform.impl.InterceptFieldTransformer",8
"519",8,"mockito","org.mockito.cglib.core.CodeEmitter","org.mockito.cglib.core.TypeUtils",10
"520",8,"mockito","org.mockito.cglib.core.EmitUtils","org.mockito.cglib.core.CodeEmitter",13
"521",8,"mockito","org.mockito.cglib.proxy.Enhancer","org.mockito.cglib.core.ReflectUtils",41
"522",8,"mockito","org.mockito.cglib.proxy.Mixin$Generator","org.mockito.cglib.core.AbstractClassGenerator",3
"523",8,"mockito","org.mockito.cglib.proxy.Mixin$Generator","org.mockito.cglib.core.ReflectUtils",29
"524",8,"time","org.joda.time.base.AbstractPartial","org.joda.time.YearMonth",8
"525",8,"time","org.joda.time.base.BasePeriod","org.joda.time.base.AbstractPeriod",10
"526",8,"time","org.joda.time.chrono.BasicChronology","org.joda.time.chrono.IslamicChronology",71
"527",8,"time","org.joda.time.chrono.BasicWeekyearDateTimeField","org.joda.time.chrono.BasicChronology",54
"528",8,"time","org.joda.time.chrono.CopticChronology","org.joda.time.DateTimeZone",17
"529",8,"time","org.joda.time.chrono.GJChronology","org.joda.time.chrono.JulianChronology",5
"530",8,"time","org.joda.time.chrono.ISOChronology","org.joda.time.chrono.AssembledChronology",82
"531",8,"time","org.joda.time.chrono.ISOChronology","org.joda.time.DateTimeZone",23
"532",8,"time","org.joda.time.chrono.ZonedChronology","org.joda.time.DateTimeZone",170
"533",8,"time","org.joda.time.chrono.ZonedChronology$ZonedDateTimeField","org.joda.time.DateTimeZone",16
"534",8,"time","org.joda.time.DateTimeUtils","org.joda.time.DateTimeZone",58
"535",8,"time","org.joda.time.DateTimeZone","org.joda.time.format.FormatUtils",1
"536",8,"time","org.joda.time.Days","org.joda.time.base.BaseSingleFieldPeriod",3
"537",8,"time","org.joda.time.format.DateTimeFormat","org.joda.time.format.DateTimeFormatterBuilder",29
"538",8,"time","org.joda.time.format.DateTimeFormatter","org.joda.time.DateTimeZone",4
"539",8,"time","org.joda.time.format.DateTimeFormatter","org.joda.time.format.DateTimeParserBucket",3
"540",8,"time","org.joda.time.format.DateTimeFormatterBuilder$PaddedNumber","org.joda.time.format.DateTimeFormatterBuilder",15
"541",8,"time","org.joda.time.format.DateTimeFormatterBuilder$TextField","org.joda.time.format.DateTimeParserBucket",8
"542",8,"time","org.joda.time.Hours","org.joda.time.base.BaseSingleFieldPeriod",6
"543",8,"time","org.joda.time.LocalDate","org.joda.time.format.ISODateTimeFormat",1
"544",8,"time","org.joda.time.LocalDateTime","org.joda.time.DateTimeZone",9
"545",8,"time","org.joda.time.LocalDateTime","org.joda.time.format.DateTimeFormatter",6
"546",8,"time","org.joda.time.Minutes","org.joda.time.base.BaseSingleFieldPeriod",6
"547",8,"time","org.joda.time.MutableInterval","org.joda.time.base.BaseInterval",2
"548",8,"time","org.joda.time.MutablePeriod","org.joda.time.base.BasePeriod",3
"549",8,"time","org.joda.time.Period","org.joda.time.base.AbstractPeriod",4
"550",8,"time","org.joda.time.Period","org.joda.time.base.BasePeriod",6
"551",8,"time","org.joda.time.Period","org.joda.time.PeriodType",22
"552",8,"time","org.joda.time.Seconds","org.joda.time.base.BaseSingleFieldPeriod",4
"553",8,"time","org.joda.time.tz.ZoneInfoCompiler","org.joda.time.DateTimeZone",20
"554",8,"time","org.joda.time.Weeks","org.joda.time.base.BaseSingleFieldPeriod",9
"555",8,"time","org.joda.time.YearMonthDay","org.joda.time.base.BasePartial",15
"556",9,"closure","com.google.javascript.rhino.head.IRFactory","com.google.javascript.rhino.head.Parser",2
"557",9,"closure","com.google.javascript.rhino.head.NativeArray","com.google.javascript.rhino.head.IdScriptableObject",12
"558",9,"closure","com.google.javascript.rhino.head.NativeObject","com.google.javascript.rhino.head.ScriptableObject",78
"559",9,"closure","com.google.javascript.rhino.head.ScriptableObject","com.google.javascript.rhino.head.FunctionObject",3
"560",9,"closure","com.google.javascript.rhino.head.tools.shell.Global","com.google.javascript.rhino.head.ScriptRuntime",7
"561",9,"closure","com.google.javascript.rhino.jstype.JSType","com.google.javascript.rhino.jstype.FunctionType",11
"562",9,"lang","org.apache.commons.lang3.builder.ToStringBuilder","org.apache.commons.lang3.builder.ToStringStyle",2
"563",9,"lang","org.apache.commons.lang3.concurrent.MultiBackgroundInitializer","org.apache.commons.lang3.concurrent.BackgroundInitializer",6
"564",9,"lang","org.apache.commons.lang3.text.StrBuilder$StrBuilderReader","org.apache.commons.lang3.text.StrBuilder",3
"565",9,"lang","org.apache.commons.lang3.text.StrSubstitutor","org.apache.commons.lang3.text.StrBuilder",25
"566",9,"math","org.apache.commons.math.analysis.LaguerreSolver","org.apache.commons.math.complex.Complex",24
"567",9,"math","org.apache.commons.math.analysis.MullerSolver","org.apache.commons.math.analysis.UnivariateRealSolverImpl",54
"568",9,"math","org.apache.commons.math.distribution.AbstractIntegerDistribution","org.apache.commons.math.distribution.HypergeometricDistributionImpl",13
"569",9,"math","org.apache.commons.math.fraction.ProperFractionFormat","org.apache.commons.math.fraction.FractionFormat",4
"570",9,"math","org.apache.commons.math.geometry.Rotation","org.apache.commons.math.geometry.Vector3D",4
"571",9,"math","org.apache.commons.math.linear.MatrixUtils","org.apache.commons.math.linear.BigMatrixImpl",1
"572",9,"math","org.apache.commons.math.ode.AbstractStepInterpolator","org.apache.commons.math.ode.DormandPrince853StepInterpolator",32
"573",9,"math","org.apache.commons.math.ode.EmbeddedRungeKuttaIntegrator","org.apache.commons.math.ode.DormandPrince853Integrator",1
"574",9,"math","org.apache.commons.math.ode.EmbeddedRungeKuttaIntegrator","org.apache.commons.math.ode.HighamHall54Integrator",8
"575",9,"math","org.apache.commons.math.ode.GraggBulirschStoerIntegrator","org.apache.commons.math.ode.AdaptiveStepsizeIntegrator",25
"576",9,"math","org.apache.commons.math.ode.GraggBulirschStoerIntegrator","org.apache.commons.math.ode.SwitchingFunctionsHandler",13
"577",9,"math","org.apache.commons.math.ode.GraggBulirschStoerStepInterpolator","org.apache.commons.math.ode.AbstractStepInterpolator",9
"578",9,"math","org.apache.commons.math.ode.SwitchingFunctionsHandler","org.apache.commons.math.ode.SwitchState",29
"579",9,"math","org.apache.commons.math.ode.SwitchState","org.apache.commons.math.analysis.BrentSolver",12
"580",9,"math","org.apache.commons.math.optimization.NelderMead","org.apache.commons.math.optimization.DirectSearchOptimizer",29
"581",9,"math","org.apache.commons.math.stat.descriptive.AbstractStorelessUnivariateStatistic","org.apache.commons.math.stat.descriptive.moment.Variance",6
"582",9,"math","org.apache.commons.math.stat.descriptive.DescriptiveStatistics","org.apache.commons.math.util.ResizableDoubleArray",11
"583",9,"math","org.apache.commons.math.transform.FastFourierTransformer","org.apache.commons.math.complex.Complex",16
"584",9,"mockito","org.mockito.asm.AnnotationWriter","org.mockito.asm.ClassWriter",35
"585",9,"mockito","org.mockito.asm.MethodWriter","org.mockito.asm.ByteVector",14
"586",9,"mockito","org.mockito.cglib.core.CodeEmitter","org.mockito.cglib.core.TypeUtils",11
"587",9,"mockito","org.mockito.cglib.core.EmitUtils","org.mockito.cglib.core.CodeEmitter",19
"588",9,"mockito","org.mockito.cglib.proxy.Enhancer","org.mockito.cglib.core.CodeEmitter",171
"589",9,"mockito","org.mockito.cglib.proxy.Enhancer","org.mockito.cglib.core.ReflectUtils",50
"590",9,"mockito","org.mockito.cglib.proxy.Mixin$Generator","org.mockito.cglib.core.ReflectUtils",69
"591",9,"time","org.joda.time.base.AbstractPartial","org.joda.time.TimeOfDay",2
"592",9,"time","org.joda.time.base.AbstractPartial","org.joda.time.YearMonth",1
"593",9,"time","org.joda.time.chrono.BasicChronology","org.joda.time.chrono.CopticChronology",14
"594",9,"time","org.joda.time.chrono.BasicChronology","org.joda.time.chrono.EthiopicChronology",1
"595",9,"time","org.joda.time.chrono.BasicChronology","org.joda.time.chrono.IslamicChronology",8
"596",9,"time","org.joda.time.chrono.BasicWeekyearDateTimeField","org.joda.time.chrono.BasicChronology",41
"597",9,"time","org.joda.time.chrono.CopticChronology","org.joda.time.DateTimeZone",21
"598",9,"time","org.joda.time.chrono.GJChronology","org.joda.time.chrono.GJChronology$CutoverField",7
"599",9,"time","org.joda.time.chrono.ISOChronology","org.joda.time.chrono.AssembledChronology",8
"600",9,"time","org.joda.time.chrono.ISOChronology","org.joda.time.DateTimeZone",29
"601",9,"time","org.joda.time.chrono.ZonedChronology","org.joda.time.DateTimeZone",149
"602",9,"time","org.joda.time.chrono.ZonedChronology$ZonedDateTimeField","org.joda.time.DateTimeZone",21
"603",9,"time","org.joda.time.Days","org.joda.time.base.BaseSingleFieldPeriod",2
"604",9,"time","org.joda.time.format.DateTimeFormat","org.joda.time.format.DateTimeFormatterBuilder",1
"605",9,"time","org.joda.time.format.DateTimeFormatter","org.joda.time.DateTimeZone",2
"606",9,"time","org.joda.time.format.DateTimeFormatter","org.joda.time.format.DateTimeParserBucket",1
"607",9,"time","org.joda.time.format.DateTimeFormatterBuilder$PaddedNumber","org.joda.time.format.DateTimeFormatterBuilder",52
"608",9,"time","org.joda.time.format.DateTimeFormatterBuilder$TextField","org.joda.time.format.DateTimeParserBucket",5
"609",9,"time","org.joda.time.Hours","org.joda.time.base.BaseSingleFieldPeriod",8
"610",9,"time","org.joda.time.LocalDate","org.joda.time.DateTime",5
"611",9,"time","org.joda.time.LocalDate","org.joda.time.format.ISODateTimeFormat",5
"612",9,"time","org.joda.time.LocalDateTime","org.joda.time.DateTimeZone",23
"613",9,"time","org.joda.time.LocalDateTime","org.joda.time.format.DateTimeFormatter",3
"614",9,"time","org.joda.time.LocalTime$Property","org.joda.time.LocalTime",5
"615",9,"time","org.joda.time.Minutes","org.joda.time.base.BaseSingleFieldPeriod",1
"616",9,"time","org.joda.time.MutableInterval","org.joda.time.base.BaseInterval",2
"617",9,"time","org.joda.time.MutablePeriod","org.joda.time.base.BasePeriod",8
"618",9,"time","org.joda.time.Period","org.joda.time.base.AbstractPeriod",1
"619",9,"time","org.joda.time.Period","org.joda.time.base.BasePeriod",7
"620",9,"time","org.joda.time.Period","org.joda.time.PeriodType",544
"621",9,"time","org.joda.time.Seconds","org.joda.time.base.BaseSingleFieldPeriod",2
"622",9,"time","org.joda.time.tz.ZoneInfoCompiler","org.joda.time.DateTimeZone",63
"623",9,"time","org.joda.time.Weeks","org.joda.time.base.BaseSingleFieldPeriod",8
"624",9,"time","org.joda.time.YearMonthDay","org.joda.time.base.BasePartial",6
"625",10,"closure","com.google.javascript.jscomp.NodeUtil","com.google.javascript.rhino.Node",16
"626",10,"closure","com.google.javascript.rhino.head.IdScriptableObject","com.google.javascript.rhino.head.ScriptableObject",18
"627",10,"closure","com.google.javascript.rhino.head.IRFactory","com.google.javascript.rhino.head.Parser",4
"628",10,"closure","com.google.javascript.rhino.head.NativeArray","com.google.javascript.rhino.head.IdScriptableObject",3
"629",10,"closure","com.google.javascript.rhino.head.ScriptableObject","com.google.javascript.rhino.head.FunctionObject",1
"630",10,"closure","com.google.javascript.rhino.head.tools.debugger.Dim","com.google.javascript.rhino.head.ScriptRuntime",2
"631",10,"closure","com.google.javascript.rhino.head.tools.shell.Global","com.google.javascript.rhino.head.ScriptRuntime",1
"632",10,"closure","com.google.javascript.rhino.jstype.JSType","com.google.javascript.rhino.jstype.FunctionType",9
"633",10,"closure","com.google.javascript.rhino.jstype.JSType","com.google.javascript.rhino.jstype.UnionType",1
"634",10,"lang","org.apache.commons.lang3.builder.ReflectionToStringBuilder","org.apache.commons.lang3.builder.ToStringBuilder",1
"635",10,"lang","org.apache.commons.lang3.builder.ToStringBuilder","org.apache.commons.lang3.builder.ToStringStyle",12
"636",10,"lang","org.apache.commons.lang3.concurrent.MultiBackgroundInitializer","org.apache.commons.lang3.concurrent.BackgroundInitializer",8
"637",10,"lang","org.apache.commons.lang3.text.StrBuilder$StrBuilderReader","org.apache.commons.lang3.text.StrBuilder",2
"638",10,"lang","org.apache.commons.lang3.text.StrSubstitutor","org.apache.commons.lang3.text.StrBuilder",6
"639",10,"lang","org.apache.commons.lang3.text.translate.UnicodeEscaper","org.apache.commons.lang3.text.translate.CharSequenceTranslator",1
"640",10,"math","org.apache.commons.math.analysis.LaguerreSolver","org.apache.commons.math.complex.Complex",3
"641",10,"math","org.apache.commons.math.analysis.MullerSolver","org.apache.commons.math.analysis.UnivariateRealSolverImpl",55
"642",10,"math","org.apache.commons.math.distribution.AbstractIntegerDistribution","org.apache.commons.math.distribution.HypergeometricDistributionImpl",3
"643",10,"math","org.apache.commons.math.geometry.Rotation","org.apache.commons.math.geometry.Vector3D",1
"644",10,"math","org.apache.commons.math.linear.MatrixUtils","org.apache.commons.math.linear.BigMatrixImpl",1
"645",10,"math","org.apache.commons.math.ode.AbstractStepInterpolator","org.apache.commons.math.ode.DormandPrince853StepInterpolator",26
"646",10,"math","org.apache.commons.math.ode.EmbeddedRungeKuttaIntegrator","org.apache.commons.math.ode.DormandPrince853Integrator",2
"647",10,"math","org.apache.commons.math.ode.EmbeddedRungeKuttaIntegrator","org.apache.commons.math.ode.HighamHall54Integrator",3
"648",10,"math","org.apache.commons.math.ode.GraggBulirschStoerIntegrator","org.apache.commons.math.ode.AdaptiveStepsizeIntegrator",18
"649",10,"math","org.apache.commons.math.ode.GraggBulirschStoerStepInterpolator","org.apache.commons.math.ode.AbstractStepInterpolator",8
"650",10,"math","org.apache.commons.math.ode.SwitchingFunctionsHandler","org.apache.commons.math.ode.SwitchState",8
"651",10,"math","org.apache.commons.math.ode.SwitchState","org.apache.commons.math.analysis.BrentSolver",2
"652",10,"math","org.apache.commons.math.optimization.NelderMead","org.apache.commons.math.optimization.DirectSearchOptimizer",16
"653",10,"math","org.apache.commons.math.stat.descriptive.AbstractStorelessUnivariateStatistic","org.apache.commons.math.stat.descriptive.moment.Variance",3
"654",10,"math","org.apache.commons.math.stat.descriptive.DescriptiveStatistics","org.apache.commons.math.util.ResizableDoubleArray",13
"655",10,"math","org.apache.commons.math.transform.FastFourierTransformer","org.apache.commons.math.complex.Complex",12
"656",10,"mockito","org.mockito.asm.AnnotationWriter","org.mockito.asm.ClassWriter",44
"657",10,"mockito","org.mockito.asm.MethodWriter","org.mockito.asm.ByteVector",16
"658",10,"mockito","org.mockito.cglib.core.CodeEmitter","org.mockito.cglib.core.TypeUtils",16
"659",10,"mockito","org.mockito.cglib.core.EmitUtils","org.mockito.cglib.core.CodeEmitter",17
"660",10,"mockito","org.mockito.cglib.proxy.Enhancer","org.mockito.cglib.core.CodeEmitter",168
"661",10,"mockito","org.mockito.cglib.proxy.Enhancer","org.mockito.cglib.core.ReflectUtils",46
"662",10,"time","org.joda.time.base.AbstractPartial","org.joda.time.MonthDay",25
"663",10,"time","org.joda.time.base.AbstractPartial","org.joda.time.YearMonth",20
"664",10,"time","org.joda.time.chrono.BasicChronology","org.joda.time.chrono.CopticChronology",6
"665",10,"time","org.joda.time.chrono.BasicChronology","org.joda.time.chrono.IslamicChronology",18
"666",10,"time","org.joda.time.chrono.BasicWeekyearDateTimeField","org.joda.time.chrono.BasicChronology",8
"667",10,"time","org.joda.time.chrono.CopticChronology","org.joda.time.DateTimeZone",54
"668",10,"time","org.joda.time.chrono.GJChronology","org.joda.time.chrono.JulianChronology",8
"669",10,"time","org.joda.time.chrono.ISOChronology","org.joda.time.chrono.AssembledChronology",9
"670",10,"time","org.joda.time.chrono.ISOChronology","org.joda.time.DateTimeZone",32
"671",10,"time","org.joda.time.chrono.ZonedChronology","org.joda.time.chrono.AssembledChronology",1
"672",10,"time","org.joda.time.chrono.ZonedChronology","org.joda.time.DateTimeZone",36
"673",10,"time","org.joda.time.chrono.ZonedChronology$ZonedDateTimeField","org.joda.time.DateTimeZone",52
"674",10,"time","org.joda.time.DateTimeUtils","org.joda.time.DateTimeZone",11
"675",10,"time","org.joda.time.Days","org.joda.time.base.BaseSingleFieldPeriod",7
"676",10,"time","org.joda.time.format.DateTimeFormatter","org.joda.time.DateTimeZone",22
"677",10,"time","org.joda.time.format.DateTimeFormatter","org.joda.time.format.DateTimeParserBucket",12
"678",10,"time","org.joda.time.format.DateTimeFormatterBuilder$PaddedNumber","org.joda.time.format.DateTimeFormatterBuilder",6
"679",10,"time","org.joda.time.format.DateTimeFormatterBuilder$TextField","org.joda.time.format.DateTimeParserBucket",6
"680",10,"time","org.joda.time.Hours","org.joda.time.base.BaseSingleFieldPeriod",4
"681",10,"time","org.joda.time.LocalDate","org.joda.time.format.ISODateTimeFormat",3
"682",10,"time","org.joda.time.LocalDateTime","org.joda.time.DateTimeZone",98
"683",10,"time","org.joda.time.LocalDateTime","org.joda.time.format.DateTimeFormatter",1
"684",10,"time","org.joda.time.LocalTime$Property","org.joda.time.LocalTime",3
"685",10,"time","org.joda.time.Minutes","org.joda.time.base.BaseSingleFieldPeriod",7
"686",10,"time","org.joda.time.MutableInterval","org.joda.time.base.BaseInterval",1
"687",10,"time","org.joda.time.MutablePeriod","org.joda.time.base.BasePeriod",1
"688",10,"time","org.joda.time.Period","org.joda.time.base.BasePeriod",5
"689",10,"time","org.joda.time.Period","org.joda.time.PeriodType",85
"690",10,"time","org.joda.time.Seconds","org.joda.time.base.BaseSingleFieldPeriod",1
"691",10,"time","org.joda.time.tz.ZoneInfoCompiler","org.joda.time.DateTimeZone",68
"692",10,"time","org.joda.time.Weeks","org.joda.time.base.BaseSingleFieldPeriod",9
"693",10,"time","org.joda.time.YearMonthDay","org.joda.time.base.BasePartial",6
"694",11,"closure","com.google.javascript.rhino.head.IdScriptableObject","com.google.javascript.rhino.head.ScriptableObject",12
"695",11,"closure","com.google.javascript.rhino.head.Interpreter","com.google.javascript.rhino.head.ScriptableObject",52
"696",11,"closure","com.google.javascript.rhino.head.IRFactory","com.google.javascript.rhino.head.Parser",4
"697",11,"closure","com.google.javascript.rhino.head.NativeArray","com.google.javascript.rhino.head.IdScriptableObject",1
"698",11,"closure","com.google.javascript.rhino.head.NativeArray","com.google.javascript.rhino.head.ScriptableObject",18
"699",11,"closure","com.google.javascript.rhino.head.NativeArray","com.google.javascript.rhino.head.ScriptRuntime",13
"700",11,"closure","com.google.javascript.rhino.head.NativeObject","com.google.javascript.rhino.head.ScriptableObject",150
"701",11,"closure","com.google.javascript.rhino.head.regexp.NativeRegExp","com.google.javascript.rhino.head.ScriptRuntime",9
"702",11,"closure","com.google.javascript.rhino.head.ScriptRuntime","com.google.javascript.rhino.head.ScriptableObject",8
"703",11,"closure","com.google.javascript.rhino.head.tools.debugger.Dim","com.google.javascript.rhino.head.ScriptRuntime",14
"704",11,"lang","org.apache.commons.lang3.builder.ReflectionToStringBuilder","org.apache.commons.lang3.builder.ToStringBuilder",2
"705",11,"lang","org.apache.commons.lang3.builder.ToStringBuilder","org.apache.commons.lang3.builder.ToStringStyle",15
"706",11,"lang","org.apache.commons.lang3.concurrent.MultiBackgroundInitializer","org.apache.commons.lang3.concurrent.BackgroundInitializer",8
"707",11,"lang","org.apache.commons.lang3.text.StrBuilder$StrBuilderReader","org.apache.commons.lang3.text.StrBuilder",67
"708",11,"lang","org.apache.commons.lang3.text.StrSubstitutor","org.apache.commons.lang3.text.StrBuilder",267
"709",11,"lang","org.apache.commons.lang3.text.translate.UnicodeEscaper","org.apache.commons.lang3.text.translate.CharSequenceTranslator",3
"710",11,"math","org.apache.commons.math.analysis.LaguerreSolver","org.apache.commons.math.complex.Complex",18
"711",11,"math","org.apache.commons.math.analysis.MullerSolver","org.apache.commons.math.analysis.UnivariateRealSolverImpl",58
"712",11,"math","org.apache.commons.math.distribution.AbstractIntegerDistribution","org.apache.commons.math.distribution.HypergeometricDistributionImpl",45
"713",11,"math","org.apache.commons.math.fraction.ProperFractionFormat","org.apache.commons.math.fraction.FractionFormat",41
"714",11,"math","org.apache.commons.math.geometry.Rotation","org.apache.commons.math.geometry.Vector3D",66
"715",11,"math","org.apache.commons.math.linear.MatrixUtils","org.apache.commons.math.linear.BigMatrixImpl",17
"716",11,"math","org.apache.commons.math.ode.AbstractStepInterpolator","org.apache.commons.math.ode.DormandPrince853StepInterpolator",66
"717",11,"math","org.apache.commons.math.ode.EmbeddedRungeKuttaIntegrator","org.apache.commons.math.ode.DormandPrince853Integrator",5
"718",11,"math","org.apache.commons.math.ode.GraggBulirschStoerIntegrator","org.apache.commons.math.ode.AdaptiveStepsizeIntegrator",40
"719",11,"math","org.apache.commons.math.ode.GraggBulirschStoerStepInterpolator","org.apache.commons.math.ode.AbstractStepInterpolator",12
"720",11,"math","org.apache.commons.math.ode.SwitchingFunctionsHandler","org.apache.commons.math.ode.SwitchState",12
"721",11,"math","org.apache.commons.math.ode.SwitchState","org.apache.commons.math.analysis.BrentSolver",1
"722",11,"math","org.apache.commons.math.optimization.NelderMead","org.apache.commons.math.optimization.DirectSearchOptimizer",51
"723",11,"math","org.apache.commons.math.stat.descriptive.AbstractStorelessUnivariateStatistic","org.apache.commons.math.stat.descriptive.moment.Variance",26
"724",11,"math","org.apache.commons.math.stat.descriptive.DescriptiveStatistics","org.apache.commons.math.util.ResizableDoubleArray",77
"725",11,"math","org.apache.commons.math.stat.inference.TTestImpl","org.apache.commons.math.stat.StatUtils",2
"726",11,"math","org.apache.commons.math.transform.FastFourierTransformer","org.apache.commons.math.complex.Complex",37
"727",11,"mockito","org.mockito.asm.AnnotationWriter","org.mockito.asm.ClassWriter",420
"728",11,"mockito","org.mockito.asm.MethodWriter","org.mockito.asm.ByteVector",28
"729",11,"mockito","org.mockito.asm.MethodWriter","org.mockito.asm.ClassWriter",17
"730",11,"mockito","org.mockito.asm.tree.analysis.BasicVerifier","org.mockito.asm.tree.analysis.BasicInterpreter",25
"731",11,"mockito","org.mockito.asm.tree.analysis.BasicVerifier","org.mockito.asm.tree.analysis.SimpleVerifier",10
"732",11,"mockito","org.mockito.cglib.core.CodeEmitter","org.mockito.cglib.core.TypeUtils",81
"733",11,"mockito","org.mockito.cglib.core.EmitUtils","org.mockito.cglib.core.CodeEmitter",5
"734",11,"mockito","org.mockito.cglib.proxy.Enhancer","org.mockito.cglib.core.CodeEmitter",187
"735",11,"mockito","org.mockito.cglib.proxy.Enhancer","org.mockito.cglib.core.ReflectUtils",40
"736",11,"mockito","org.mockito.cglib.proxy.Mixin$Generator","org.mockito.cglib.core.AbstractClassGenerator",2
"737",11,"mockito","org.mockito.cglib.proxy.Mixin$Generator","org.mockito.cglib.core.ReflectUtils",50
"738",11,"time","org.joda.time.base.AbstractPartial","org.joda.time.MonthDay",22
"739",11,"time","org.joda.time.base.AbstractPartial","org.joda.time.TimeOfDay",32
"740",11,"time","org.joda.time.base.AbstractPartial","org.joda.time.YearMonth",19
"741",11,"time","org.joda.time.base.BasePeriod","org.joda.time.base.AbstractPeriod",52
"742",11,"time","org.joda.time.chrono.BasicChronology","org.joda.time.chrono.EthiopicChronology",1
"743",11,"time","org.joda.time.chrono.BasicChronology","org.joda.time.chrono.IslamicChronology",158
"744",11,"time","org.joda.time.chrono.BasicWeekyearDateTimeField","org.joda.time.chrono.BasicChronology",48
"745",11,"time","org.joda.time.chrono.CopticChronology","org.joda.time.DateTimeZone",16
"746",11,"time","org.joda.time.chrono.GJChronology","org.joda.time.chrono.GJChronology$CutoverField",14
"747",11,"time","org.joda.time.chrono.GJChronology","org.joda.time.chrono.JulianChronology",37
"748",11,"time","org.joda.time.chrono.ISOChronology","org.joda.time.chrono.AssembledChronology",25
"749",11,"time","org.joda.time.chrono.ISOChronology","org.joda.time.DateTimeZone",26
"750",11,"time","org.joda.time.chrono.ZonedChronology","org.joda.time.chrono.AssembledChronology",2
"751",11,"time","org.joda.time.chrono.ZonedChronology","org.joda.time.DateTimeZone",36
"752",11,"time","org.joda.time.chrono.ZonedChronology$ZonedDateTimeField","org.joda.time.DateTimeZone",5
"753",11,"time","org.joda.time.DateTimeUtils","org.joda.time.DateTimeZone",9
"754",11,"time","org.joda.time.Days","org.joda.time.base.BaseSingleFieldPeriod",58
"755",11,"time","org.joda.time.format.DateTimeFormat","org.joda.time.format.DateTimeFormat$StyleFormatter",2
"756",11,"time","org.joda.time.format.DateTimeFormat","org.joda.time.format.DateTimeFormatterBuilder",2
"757",11,"time","org.joda.time.format.DateTimeFormatter","org.joda.time.DateTimeZone",5
"758",11,"time","org.joda.time.format.DateTimeFormatter","org.joda.time.format.DateTimeParserBucket",37
"759",11,"time","org.joda.time.format.DateTimeFormatterBuilder$PaddedNumber","org.joda.time.format.DateTimeFormatterBuilder",15
"760",11,"time","org.joda.time.format.DateTimeFormatterBuilder$TextField","org.joda.time.format.DateTimeParserBucket",48
"761",11,"time","org.joda.time.format.DateTimeParserBucket$SavedState","org.joda.time.format.DateTimeParserBucket",15
"762",11,"time","org.joda.time.Hours","org.joda.time.base.BaseSingleFieldPeriod",47
"763",11,"time","org.joda.time.LocalDateTime","org.joda.time.DateTimeZone",9
"764",11,"time","org.joda.time.LocalDateTime","org.joda.time.format.DateTimeFormatter",3
"765",11,"time","org.joda.time.LocalTime$Property","org.joda.time.LocalTime",16
"766",11,"time","org.joda.time.Minutes","org.joda.time.base.BaseSingleFieldPeriod",59
"767",11,"time","org.joda.time.MutableInterval","org.joda.time.base.BaseInterval",3
"768",11,"time","org.joda.time.MutablePeriod","org.joda.time.base.BasePeriod",21
"769",11,"time","org.joda.time.Period","org.joda.time.base.AbstractPeriod",26
"770",11,"time","org.joda.time.Period","org.joda.time.base.BasePeriod",18
"771",11,"time","org.joda.time.Period","org.joda.time.PeriodType",12
"772",11,"time","org.joda.time.Seconds","org.joda.time.base.BaseSingleFieldPeriod",50
"773",11,"time","org.joda.time.tz.ZoneInfoCompiler","org.joda.time.DateTimeZone",7
"774",11,"time","org.joda.time.Weeks","org.joda.time.base.BaseSingleFieldPeriod",68
"775",11,"time","org.joda.time.YearMonthDay","org.joda.time.base.BasePartial",3
"776",12,"closure","com.google.javascript.rhino.head.IdScriptableObject","com.google.javascript.rhino.head.ScriptableObject",83
"777",12,"closure","com.google.javascript.rhino.head.IRFactory","com.google.javascript.rhino.head.Node",29
"778",12,"closure","com.google.javascript.rhino.head.IRFactory","com.google.javascript.rhino.head.Parser",1
"779",12,"closure","com.google.javascript.rhino.head.NativeArray","com.google.javascript.rhino.head.IdScriptableObject",4
"780",12,"closure","com.google.javascript.rhino.head.NativeArray","com.google.javascript.rhino.head.ScriptableObject",16
"781",12,"closure","com.google.javascript.rhino.head.NativeObject","com.google.javascript.rhino.head.ScriptableObject",188
"782",12,"closure","com.google.javascript.rhino.head.regexp.NativeRegExp","com.google.javascript.rhino.head.ScriptRuntime",3
"783",12,"closure","com.google.javascript.rhino.head.ScriptRuntime","com.google.javascript.rhino.head.ScriptableObject",48
"784",12,"closure","com.google.javascript.rhino.head.tools.debugger.Dim","com.google.javascript.rhino.head.ScriptRuntime",1
"785",12,"closure","com.google.javascript.rhino.jstype.JSType","com.google.javascript.rhino.jstype.UnionType",47
"786",12,"lang","org.apache.commons.lang3.builder.ReflectionToStringBuilder","org.apache.commons.lang3.builder.ToStringBuilder",1
"787",12,"lang","org.apache.commons.lang3.builder.ToStringBuilder","org.apache.commons.lang3.builder.ToStringStyle",7
"788",12,"lang","org.apache.commons.lang3.concurrent.MultiBackgroundInitializer","org.apache.commons.lang3.concurrent.BackgroundInitializer",3
"789",12,"lang","org.apache.commons.lang3.text.StrBuilder$StrBuilderReader","org.apache.commons.lang3.text.StrBuilder",76
"790",12,"lang","org.apache.commons.lang3.text.StrSubstitutor","org.apache.commons.lang3.text.StrBuilder",271
"791",12,"lang","org.apache.commons.lang3.text.translate.UnicodeEscaper","org.apache.commons.lang3.text.translate.CharSequenceTranslator",31
"792",12,"math","org.apache.commons.math.analysis.LaguerreSolver","org.apache.commons.math.complex.Complex",4
"793",12,"math","org.apache.commons.math.analysis.MullerSolver","org.apache.commons.math.analysis.UnivariateRealSolverImpl",53
"794",12,"math","org.apache.commons.math.distribution.AbstractIntegerDistribution","org.apache.commons.math.distribution.HypergeometricDistributionImpl",73
"795",12,"math","org.apache.commons.math.fraction.ProperFractionFormat","org.apache.commons.math.fraction.FractionFormat",48
"796",12,"math","org.apache.commons.math.geometry.Rotation","org.apache.commons.math.geometry.Vector3D",83
"797",12,"math","org.apache.commons.math.linear.MatrixUtils","org.apache.commons.math.linear.BigMatrixImpl",1
"798",12,"math","org.apache.commons.math.ode.AbstractStepInterpolator","org.apache.commons.math.ode.DormandPrince853StepInterpolator",65
"799",12,"math","org.apache.commons.math.ode.ContinuousOutputModel","org.apache.commons.math.ode.AbstractStepInterpolator",8
"800",12,"math","org.apache.commons.math.ode.EmbeddedRungeKuttaIntegrator","org.apache.commons.math.ode.DormandPrince853Integrator",23
"801",12,"math","org.apache.commons.math.ode.EmbeddedRungeKuttaIntegrator","org.apache.commons.math.ode.HighamHall54Integrator",2
"802",12,"math","org.apache.commons.math.ode.GraggBulirschStoerIntegrator","org.apache.commons.math.ode.AdaptiveStepsizeIntegrator",41
"803",12,"math","org.apache.commons.math.ode.GraggBulirschStoerIntegrator","org.apache.commons.math.ode.SwitchingFunctionsHandler",9
"804",12,"math","org.apache.commons.math.ode.GraggBulirschStoerStepInterpolator","org.apache.commons.math.ode.AbstractStepInterpolator",4
"805",12,"math","org.apache.commons.math.ode.SwitchingFunctionsHandler","org.apache.commons.math.ode.SwitchState",6
"806",12,"math","org.apache.commons.math.ode.SwitchState","org.apache.commons.math.analysis.BrentSolver",4
"807",12,"math","org.apache.commons.math.optimization.NelderMead","org.apache.commons.math.optimization.DirectSearchOptimizer",69
"808",12,"math","org.apache.commons.math.random.EmpiricalDistributionImpl","org.apache.commons.math.stat.descriptive.SummaryStatistics",4
"809",12,"math","org.apache.commons.math.stat.descriptive.AbstractStorelessUnivariateStatistic","org.apache.commons.math.stat.descriptive.moment.Variance",71
"810",12,"math","org.apache.commons.math.stat.descriptive.DescriptiveStatistics","org.apache.commons.math.util.ResizableDoubleArray",89
"811",12,"math","org.apache.commons.math.stat.inference.TTestImpl","org.apache.commons.math.stat.StatUtils",1
"812",12,"math","org.apache.commons.math.transform.FastFourierTransformer","org.apache.commons.math.complex.Complex",32
"813",12,"mockito","org.mockito.asm.AnnotationWriter","org.mockito.asm.ClassWriter",379
"814",12,"mockito","org.mockito.asm.MethodWriter","org.mockito.asm.ByteVector",30
"815",12,"mockito","org.mockito.asm.MethodWriter","org.mockito.asm.ClassWriter",4
"816",12,"mockito","org.mockito.asm.tree.analysis.BasicVerifier","org.mockito.asm.tree.analysis.BasicInterpreter",18
"817",12,"mockito","org.mockito.asm.tree.analysis.BasicVerifier","org.mockito.asm.tree.analysis.SimpleVerifier",8
"818",12,"mockito","org.mockito.asm.util.ASMifierClassVisitor","org.mockito.asm.util.ASMifierAbstractVisitor",16
"819",12,"mockito","org.mockito.cglib.core.CodeEmitter","org.mockito.cglib.core.TypeUtils",77
"820",12,"mockito","org.mockito.cglib.core.EmitUtils","org.mockito.cglib.core.CodeEmitter",13
"821",12,"mockito","org.mockito.cglib.proxy.Enhancer","org.mockito.cglib.core.ReflectUtils",36
"822",12,"mockito","org.mockito.cglib.proxy.Mixin$Generator","org.mockito.cglib.core.ReflectUtils",65
"823",12,"time","org.joda.time.base.AbstractPartial","org.joda.time.MonthDay",44
"824",12,"time","org.joda.time.base.AbstractPartial","org.joda.time.TimeOfDay",1
"825",12,"time","org.joda.time.base.AbstractPartial","org.joda.time.YearMonth",1
"826",12,"time","org.joda.time.base.BasePeriod","org.joda.time.base.AbstractPeriod",62
"827",12,"time","org.joda.time.chrono.BasicChronology","org.joda.time.chrono.EthiopicChronology",7
"828",12,"time","org.joda.time.chrono.BasicChronology","org.joda.time.chrono.IslamicChronology",9
"829",12,"time","org.joda.time.chrono.BasicWeekyearDateTimeField","org.joda.time.chrono.BasicChronology",111
"830",12,"time","org.joda.time.chrono.CopticChronology","org.joda.time.DateTimeZone",45
"831",12,"time","org.joda.time.chrono.GJChronology","org.joda.time.chrono.JulianChronology",22
"832",12,"time","org.joda.time.chrono.ISOChronology","org.joda.time.chrono.AssembledChronology",34
"833",12,"time","org.joda.time.chrono.ZonedChronology","org.joda.time.chrono.AssembledChronology",9
"834",12,"time","org.joda.time.chrono.ZonedChronology","org.joda.time.DateTimeZone",38
"835",12,"time","org.joda.time.chrono.ZonedChronology$ZonedDateTimeField","org.joda.time.DateTimeZone",41
"836",12,"time","org.joda.time.DateTimeUtils","org.joda.time.DateTimeZone",13
"837",12,"time","org.joda.time.DateTimeZone","org.joda.time.format.FormatUtils",1
"838",12,"time","org.joda.time.Days","org.joda.time.base.BaseSingleFieldPeriod",63
"839",12,"time","org.joda.time.format.DateTimeFormat","org.joda.time.format.DateTimeFormatterBuilder",10
"840",12,"time","org.joda.time.format.DateTimeFormatter","org.joda.time.DateTimeZone",37
"841",12,"time","org.joda.time.format.DateTimeFormatter","org.joda.time.format.DateTimeParserBucket",65
"842",12,"time","org.joda.time.format.DateTimeFormatterBuilder$PaddedNumber","org.joda.time.format.DateTimeFormatterBuilder",15
"843",12,"time","org.joda.time.format.DateTimeFormatterBuilder$TextField","org.joda.time.format.DateTimeParserBucket",75
"844",12,"time","org.joda.time.format.DateTimeFormatterBuilder$TextField","org.joda.time.MutableDateTime",20
"845",12,"time","org.joda.time.format.DateTimeParserBucket$SavedState","org.joda.time.format.DateTimeParserBucket",15
"846",12,"time","org.joda.time.Hours","org.joda.time.base.BaseSingleFieldPeriod",38
"847",12,"time","org.joda.time.LocalDate","org.joda.time.format.ISODateTimeFormat",2
"848",12,"time","org.joda.time.LocalDateTime","org.joda.time.DateTimeZone",144
"849",12,"time","org.joda.time.LocalDateTime","org.joda.time.format.DateTimeFormatter",2
"850",12,"time","org.joda.time.LocalTime$Property","org.joda.time.LocalTime",8
"851",12,"time","org.joda.time.Minutes","org.joda.time.base.BaseSingleFieldPeriod",58
"852",12,"time","org.joda.time.MutablePeriod","org.joda.time.base.BasePeriod",19
"853",12,"time","org.joda.time.Period","org.joda.time.base.AbstractPeriod",6
"854",12,"time","org.joda.time.Period","org.joda.time.base.BasePeriod",5
"855",12,"time","org.joda.time.Period","org.joda.time.PeriodType",88
"856",12,"time","org.joda.time.Seconds","org.joda.time.base.BaseSingleFieldPeriod",74
"857",12,"time","org.joda.time.Weeks","org.joda.time.base.BaseSingleFieldPeriod",81
"858",12,"time","org.joda.time.YearMonthDay","org.joda.time.base.BasePartial",6
"859",13,"closure","com.google.javascript.rhino.head.Interpreter","com.google.javascript.rhino.head.ScriptableObject",69
"860",13,"closure","com.google.javascript.rhino.head.IRFactory","com.google.javascript.rhino.head.Node",17
"861",13,"closure","com.google.javascript.rhino.head.NativeArray","com.google.javascript.rhino.head.IdScriptableObject",7
"862",13,"closure","com.google.javascript.rhino.head.NativeArray","com.google.javascript.rhino.head.ScriptableObject",43
"863",13,"closure","com.google.javascript.rhino.head.NativeObject","com.google.javascript.rhino.head.ScriptableObject",180
"864",13,"closure","com.google.javascript.rhino.head.regexp.NativeRegExp","com.google.javascript.rhino.head.ScriptRuntime",16
"865",13,"closure","com.google.javascript.rhino.head.tools.debugger.Dim","com.google.javascript.rhino.head.ScriptRuntime",5
"866",13,"closure","com.google.javascript.rhino.JSDocInfoBuilder","com.google.javascript.rhino.JSDocInfo",123
"867",13,"closure","com.google.javascript.rhino.jstype.JSType","com.google.javascript.rhino.jstype.UnionType",6
"868",13,"lang","org.apache.commons.lang3.concurrent.MultiBackgroundInitializer","org.apache.commons.lang3.concurrent.BackgroundInitializer",6
"869",13,"lang","org.apache.commons.lang3.text.StrBuilder$StrBuilderReader","org.apache.commons.lang3.text.StrBuilder",66
"870",13,"lang","org.apache.commons.lang3.text.StrSubstitutor","org.apache.commons.lang3.text.StrBuilder",186
"871",13,"math","org.apache.commons.math.analysis.LaguerreSolver","org.apache.commons.math.complex.Complex",31
"872",13,"math","org.apache.commons.math.analysis.MullerSolver","org.apache.commons.math.analysis.UnivariateRealSolverImpl",58
"873",13,"math","org.apache.commons.math.distribution.AbstractIntegerDistribution","org.apache.commons.math.distribution.HypergeometricDistributionImpl",38
"874",13,"math","org.apache.commons.math.fraction.ProperFractionFormat","org.apache.commons.math.fraction.FractionFormat",29
"875",13,"math","org.apache.commons.math.geometry.Rotation","org.apache.commons.math.geometry.Vector3D",83
"876",13,"math","org.apache.commons.math.linear.MatrixUtils","org.apache.commons.math.linear.BigMatrixImpl",15
"877",13,"math","org.apache.commons.math.ode.AbstractStepInterpolator","org.apache.commons.math.ode.DormandPrince853StepInterpolator",64
"878",13,"math","org.apache.commons.math.ode.EmbeddedRungeKuttaIntegrator","org.apache.commons.math.ode.DormandPrince853Integrator",5
"879",13,"math","org.apache.commons.math.ode.EmbeddedRungeKuttaIntegrator","org.apache.commons.math.ode.HighamHall54Integrator",2
"880",13,"math","org.apache.commons.math.ode.GraggBulirschStoerIntegrator","org.apache.commons.math.ode.AdaptiveStepsizeIntegrator",66
"881",13,"math","org.apache.commons.math.ode.GraggBulirschStoerIntegrator","org.apache.commons.math.ode.SwitchingFunctionsHandler",8
"882",13,"math","org.apache.commons.math.ode.GraggBulirschStoerStepInterpolator","org.apache.commons.math.ode.AbstractStepInterpolator",13
"883",13,"math","org.apache.commons.math.ode.SwitchingFunctionsHandler","org.apache.commons.math.ode.SwitchState",21
"884",13,"math","org.apache.commons.math.ode.SwitchState","org.apache.commons.math.analysis.BrentSolver",27
"885",13,"math","org.apache.commons.math.optimization.NelderMead","org.apache.commons.math.optimization.DirectSearchOptimizer",61
"886",13,"math","org.apache.commons.math.stat.descriptive.AbstractStorelessUnivariateStatistic","org.apache.commons.math.stat.descriptive.moment.Variance",36
"887",13,"math","org.apache.commons.math.stat.descriptive.DescriptiveStatistics","org.apache.commons.math.util.ResizableDoubleArray",116
"888",13,"math","org.apache.commons.math.stat.inference.TTestImpl","org.apache.commons.math.stat.StatUtils",2
"889",13,"math","org.apache.commons.math.transform.FastFourierTransformer","org.apache.commons.math.complex.Complex",20
"890",13,"mockito","org.mockito.asm.AnnotationWriter","org.mockito.asm.ClassWriter",268
"891",13,"mockito","org.mockito.asm.MethodWriter","org.mockito.asm.ByteVector",36
"892",13,"mockito","org.mockito.asm.MethodWriter","org.mockito.asm.ClassWriter",8
"893",13,"mockito","org.mockito.asm.tree.analysis.BasicVerifier","org.mockito.asm.tree.analysis.BasicInterpreter",2
"894",13,"mockito","org.mockito.asm.util.ASMifierClassVisitor","org.mockito.asm.util.ASMifierAbstractVisitor",24
"895",13,"mockito","org.mockito.cglib.core.ClassEmitter","org.mockito.cglib.transform.impl.InterceptFieldTransformer",10
"896",13,"mockito","org.mockito.cglib.core.CodeEmitter","org.mockito.cglib.core.TypeUtils",7
"897",13,"mockito","org.mockito.cglib.core.EmitUtils","org.mockito.cglib.core.CodeEmitter",65
"898",13,"mockito","org.mockito.cglib.proxy.Enhancer","org.mockito.cglib.core.ReflectUtils",37
"899",13,"time","org.joda.time.base.AbstractPartial","org.joda.time.MonthDay",40
"900",13,"time","org.joda.time.base.AbstractPartial","org.joda.time.TimeOfDay",41
"901",13,"time","org.joda.time.base.BasePeriod","org.joda.time.base.AbstractPeriod",39
"902",13,"time","org.joda.time.chrono.BasicChronology","org.joda.time.chrono.CopticChronology",5
"903",13,"time","org.joda.time.chrono.BasicChronology","org.joda.time.chrono.EthiopicChronology",22
"904",13,"time","org.joda.time.chrono.BasicChronology","org.joda.time.chrono.IslamicChronology",15
"905",13,"time","org.joda.time.chrono.BasicWeekyearDateTimeField","org.joda.time.chrono.BasicChronology",14
"906",13,"time","org.joda.time.chrono.CopticChronology","org.joda.time.DateTimeZone",23
"907",13,"time","org.joda.time.chrono.GJChronology","org.joda.time.chrono.GJChronology$CutoverField",2
"908",13,"time","org.joda.time.chrono.GJChronology","org.joda.time.chrono.JulianChronology",41
"909",13,"time","org.joda.time.chrono.ISOChronology","org.joda.time.chrono.AssembledChronology",89
"910",13,"time","org.joda.time.chrono.ISOChronology","org.joda.time.DateTimeZone",10
"911",13,"time","org.joda.time.chrono.ZonedChronology","org.joda.time.chrono.AssembledChronology",13
"912",13,"time","org.joda.time.chrono.ZonedChronology","org.joda.time.DateTimeZone",2
"913",13,"time","org.joda.time.chrono.ZonedChronology$ZonedDateTimeField","org.joda.time.DateTimeZone",22
"914",13,"time","org.joda.time.DateTimeUtils","org.joda.time.DateTimeZone",9
"915",13,"time","org.joda.time.DateTimeZone","org.joda.time.field.FieldUtils",1
"916",13,"time","org.joda.time.Days","org.joda.time.base.BaseSingleFieldPeriod",68
"917",13,"time","org.joda.time.format.DateTimeFormatter","org.joda.time.DateTimeZone",23
"918",13,"time","org.joda.time.format.DateTimeFormatter","org.joda.time.format.DateTimeParserBucket",69
"919",13,"time","org.joda.time.format.DateTimeFormatterBuilder$PaddedNumber","org.joda.time.format.DateTimeFormatterBuilder",14
"920",13,"time","org.joda.time.format.DateTimeFormatterBuilder$TextField","org.joda.time.format.DateTimeParserBucket",86
"921",13,"time","org.joda.time.format.DateTimeFormatterBuilder$TextField","org.joda.time.MutableDateTime",4
"922",13,"time","org.joda.time.format.DateTimeParserBucket$SavedState","org.joda.time.format.DateTimeParserBucket",34
"923",13,"time","org.joda.time.Hours","org.joda.time.base.BaseSingleFieldPeriod",53
"924",13,"time","org.joda.time.LocalDate","org.joda.time.DateTime",8
"925",13,"time","org.joda.time.LocalDate","org.joda.time.format.ISODateTimeFormat",2
"926",13,"time","org.joda.time.LocalDateTime","org.joda.time.DateTimeZone",14
"927",13,"time","org.joda.time.LocalDateTime","org.joda.time.format.DateTimeFormatter",4
"928",13,"time","org.joda.time.LocalTime$Property","org.joda.time.LocalTime",125
"929",13,"time","org.joda.time.Minutes","org.joda.time.base.BaseSingleFieldPeriod",59
"930",13,"time","org.joda.time.MutableInterval","org.joda.time.base.BaseInterval",6
"931",13,"time","org.joda.time.MutablePeriod","org.joda.time.base.BasePeriod",14
"932",13,"time","org.joda.time.Period","org.joda.time.base.AbstractPeriod",22
"933",13,"time","org.joda.time.Period","org.joda.time.base.BasePeriod",3
"934",13,"time","org.joda.time.Period","org.joda.time.PeriodType",22
"935",13,"time","org.joda.time.Seconds","org.joda.time.base.BaseSingleFieldPeriod",50
"936",13,"time","org.joda.time.tz.ZoneInfoCompiler","org.joda.time.DateTimeZone",24
"937",13,"time","org.joda.time.Weeks","org.joda.time.base.BaseSingleFieldPeriod",49
"938",13,"time","org.joda.time.YearMonthDay","org.joda.time.base.BasePartial",6
"939",14,"closure","com.google.javascript.rhino.head.IdScriptableObject","com.google.javascript.rhino.head.ScriptableObject",81
"940",14,"closure","com.google.javascript.rhino.head.Interpreter","com.google.javascript.rhino.head.ScriptableObject",74
"941",14,"closure","com.google.javascript.rhino.head.IRFactory","com.google.javascript.rhino.head.Node",22
"942",14,"closure","com.google.javascript.rhino.head.NativeArray","com.google.javascript.rhino.head.ScriptableObject",27
"943",14,"closure","com.google.javascript.rhino.head.NativeArray","com.google.javascript.rhino.head.ScriptRuntime",21
"944",14,"closure","com.google.javascript.rhino.head.ScriptRuntime","com.google.javascript.rhino.head.ScriptableObject",19
"945",14,"closure","com.google.javascript.rhino.jstype.JSType","com.google.javascript.rhino.jstype.FunctionType",135
"946",14,"lang","org.apache.commons.lang3.builder.ToStringBuilder","org.apache.commons.lang3.builder.ToStringStyle",2
"947",14,"lang","org.apache.commons.lang3.builder.ToStringStyle","org.apache.commons.lang3.ClassUtils",1
"948",14,"lang","org.apache.commons.lang3.concurrent.MultiBackgroundInitializer","org.apache.commons.lang3.concurrent.BackgroundInitializer",5
"949",14,"lang","org.apache.commons.lang3.text.StrBuilder$StrBuilderReader","org.apache.commons.lang3.text.StrBuilder",95
"950",14,"lang","org.apache.commons.lang3.text.StrSubstitutor","org.apache.commons.lang3.text.StrBuilder",245
"951",14,"lang","org.apache.commons.lang3.text.translate.UnicodeEscaper","org.apache.commons.lang3.text.translate.CharSequenceTranslator",9
"952",14,"lang","org.apache.commons.lang3.time.DurationFormatUtils","org.apache.commons.lang3.time.DurationFormatUtils$Token",2
"953",14,"math","org.apache.commons.math.analysis.LaguerreSolver","org.apache.commons.math.complex.Complex",18
"954",14,"math","org.apache.commons.math.analysis.MullerSolver","org.apache.commons.math.analysis.UnivariateRealSolverImpl",52
"955",14,"math","org.apache.commons.math.distribution.AbstractIntegerDistribution","org.apache.commons.math.distribution.HypergeometricDistributionImpl",35
"956",14,"math","org.apache.commons.math.fraction.ProperFractionFormat","org.apache.commons.math.fraction.FractionFormat",29
"957",14,"math","org.apache.commons.math.geometry.Rotation","org.apache.commons.math.geometry.Vector3D",57
"958",14,"math","org.apache.commons.math.linear.MatrixUtils","org.apache.commons.math.linear.BigMatrixImpl",7
"959",14,"math","org.apache.commons.math.ode.AbstractStepInterpolator","org.apache.commons.math.ode.DormandPrince853StepInterpolator",73
"960",14,"math","org.apache.commons.math.ode.EmbeddedRungeKuttaIntegrator","org.apache.commons.math.ode.DormandPrince853Integrator",14
"961",14,"math","org.apache.commons.math.ode.EmbeddedRungeKuttaIntegrator","org.apache.commons.math.ode.HighamHall54Integrator",2
"962",14,"math","org.apache.commons.math.ode.GraggBulirschStoerIntegrator","org.apache.commons.math.ode.AdaptiveStepsizeIntegrator",46
"963",14,"math","org.apache.commons.math.ode.GraggBulirschStoerStepInterpolator","org.apache.commons.math.ode.AbstractStepInterpolator",6
"964",14,"math","org.apache.commons.math.ode.SwitchingFunctionsHandler","org.apache.commons.math.ode.SwitchState",7
"965",14,"math","org.apache.commons.math.ode.SwitchState","org.apache.commons.math.analysis.BrentSolver",1
"966",14,"math","org.apache.commons.math.optimization.NelderMead","org.apache.commons.math.optimization.DirectSearchOptimizer",76
"967",14,"math","org.apache.commons.math.random.EmpiricalDistributionImpl","org.apache.commons.math.stat.descriptive.SummaryStatistics",1
"968",14,"math","org.apache.commons.math.stat.descriptive.AbstractStorelessUnivariateStatistic","org.apache.commons.math.stat.descriptive.moment.Variance",45
"969",14,"math","org.apache.commons.math.stat.descriptive.DescriptiveStatistics","org.apache.commons.math.util.ResizableDoubleArray",90
"970",14,"math","org.apache.commons.math.stat.inference.TTestImpl","org.apache.commons.math.stat.StatUtils",1
"971",14,"math","org.apache.commons.math.transform.FastFourierTransformer","org.apache.commons.math.complex.Complex",24
"972",14,"mockito","org.mockito.asm.AnnotationWriter","org.mockito.asm.ClassWriter",403
"973",14,"mockito","org.mockito.asm.MethodWriter","org.mockito.asm.ByteVector",25
"974",14,"mockito","org.mockito.asm.tree.analysis.BasicVerifier","org.mockito.asm.tree.analysis.BasicInterpreter",23
"975",14,"mockito","org.mockito.cglib.core.CodeEmitter","org.mockito.cglib.core.TypeUtils",104
"976",14,"mockito","org.mockito.cglib.proxy.Enhancer","org.mockito.cglib.core.ReflectUtils",37
"977",14,"mockito","org.mockito.cglib.proxy.Mixin$Generator","org.mockito.cglib.core.AbstractClassGenerator",5
"978",14,"mockito","org.mockito.cglib.proxy.Mixin$Generator","org.mockito.cglib.core.ReflectUtils",21
"979",14,"time","org.joda.time.base.AbstractPartial","org.joda.time.MonthDay",6
"980",14,"time","org.joda.time.base.AbstractPartial","org.joda.time.TimeOfDay",1
"981",14,"time","org.joda.time.base.AbstractPartial","org.joda.time.YearMonth",33
"982",14,"time","org.joda.time.base.BasePeriod","org.joda.time.base.AbstractPeriod",67
"983",14,"time","org.joda.time.chrono.BasicChronology","org.joda.time.chrono.CopticChronology",1
"984",14,"time","org.joda.time.chrono.BasicChronology","org.joda.time.chrono.EthiopicChronology",10
"985",14,"time","org.joda.time.chrono.BasicChronology","org.joda.time.chrono.IslamicChronology",21
"986",14,"time","org.joda.time.chrono.CopticChronology","org.joda.time.DateTimeZone",18
"987",14,"time","org.joda.time.chrono.GJChronology","org.joda.time.chrono.JulianChronology",88
"988",14,"time","org.joda.time.chrono.ISOChronology","org.joda.time.chrono.AssembledChronology",30
"989",14,"time","org.joda.time.chrono.ISOChronology","org.joda.time.DateTimeZone",28
"990",14,"time","org.joda.time.chrono.ZonedChronology","org.joda.time.DateTimeZone",124
"991",14,"time","org.joda.time.chrono.ZonedChronology$ZonedDateTimeField","org.joda.time.DateTimeZone",7
"992",14,"time","org.joda.time.DateTimeUtils","org.joda.time.DateTimeZone",63
"993",14,"time","org.joda.time.Days","org.joda.time.base.BaseSingleFieldPeriod",45
"994",14,"time","org.joda.time.format.DateTimeFormat","org.joda.time.format.DateTimeFormat$StyleFormatter",2
"995",14,"time","org.joda.time.format.DateTimeFormat","org.joda.time.format.DateTimeFormatterBuilder",2
"996",14,"time","org.joda.time.format.DateTimeFormatter","org.joda.time.DateTimeZone",7
"997",14,"time","org.joda.time.format.DateTimeFormatter","org.joda.time.format.DateTimeParserBucket",62
"998",14,"time","org.joda.time.format.DateTimeFormatterBuilder$TextField","org.joda.time.format.DateTimeParserBucket",100
"999",14,"time","org.joda.time.format.DateTimeFormatterBuilder$TextField","org.joda.time.MutableDateTime",2
"1000",14,"time","org.joda.time.format.DateTimeParserBucket$SavedState","org.joda.time.format.DateTimeParserBucket",15
"1001",14,"time","org.joda.time.Hours","org.joda.time.base.BaseSingleFieldPeriod",46
"1002",14,"time","org.joda.time.LocalDate","org.joda.time.DateTime",8
"1003",14,"time","org.joda.time.LocalDateTime","org.joda.time.DateTimeZone",13
"1004",14,"time","org.joda.time.LocalTime$Property","org.joda.time.LocalTime",14
"1005",14,"time","org.joda.time.Minutes","org.joda.time.base.BaseSingleFieldPeriod",44
"1006",14,"time","org.joda.time.MutableInterval","org.joda.time.base.BaseInterval",2
"1007",14,"time","org.joda.time.MutablePeriod","org.joda.time.base.BasePeriod",2
"1008",14,"time","org.joda.time.Period","org.joda.time.base.AbstractPeriod",11
"1009",14,"time","org.joda.time.Period","org.joda.time.base.BasePeriod",6
"1010",14,"time","org.joda.time.Period","org.joda.time.PeriodType",113
"1011",14,"time","org.joda.time.Seconds","org.joda.time.base.BaseSingleFieldPeriod",73
"1012",14,"time","org.joda.time.tz.ZoneInfoCompiler","org.joda.time.DateTimeZone",1
"1013",14,"time","org.joda.time.Weeks","org.joda.time.base.BaseSingleFieldPeriod",78
"1014",14,"time","org.joda.time.YearMonthDay","org.joda.time.base.BasePartial",6
"1015",15,"closure","com.google.javascript.rhino.head.IdScriptableObject","com.google.javascript.rhino.head.ScriptableObject",31
"1016",15,"closure","com.google.javascript.rhino.head.Interpreter","com.google.javascript.rhino.head.ScriptableObject",36
"1017",15,"closure","com.google.javascript.rhino.head.IRFactory","com.google.javascript.rhino.head.Decompiler",24
"1018",15,"closure","com.google.javascript.rhino.head.NativeArray","com.google.javascript.rhino.head.ScriptableObject",4
"1019",15,"closure","com.google.javascript.rhino.head.NativeObject","com.google.javascript.rhino.head.ScriptableObject",28
"1020",15,"closure","com.google.javascript.rhino.head.regexp.NativeRegExp","com.google.javascript.rhino.head.ScriptRuntime",4
"1021",15,"closure","com.google.javascript.rhino.head.tools.debugger.Dim","com.google.javascript.rhino.head.ScriptRuntime",3
"1022",15,"closure","com.google.javascript.rhino.jstype.JSType","com.google.javascript.rhino.jstype.ProxyObjectType",2
"1023",15,"closure","com.google.javascript.rhino.jstype.JSType","com.google.javascript.rhino.jstype.UnionType",8
"1024",15,"lang","org.apache.commons.lang3.builder.ReflectionToStringBuilder","org.apache.commons.lang3.builder.ToStringBuilder",3
"1025",15,"lang","org.apache.commons.lang3.builder.ToStringBuilder","org.apache.commons.lang3.builder.ToStringStyle",11
"1026",15,"lang","org.apache.commons.lang3.concurrent.MultiBackgroundInitializer","org.apache.commons.lang3.concurrent.BackgroundInitializer",3
"1027",15,"lang","org.apache.commons.lang3.text.StrBuilder$StrBuilderReader","org.apache.commons.lang3.text.StrBuilder",79
"1028",15,"lang","org.apache.commons.lang3.text.StrSubstitutor","org.apache.commons.lang3.text.StrBuilder",223
"1029",15,"lang","org.apache.commons.lang3.text.StrTokenizer","org.apache.commons.lang3.text.StrMatcher",2
"1030",15,"lang","org.apache.commons.lang3.text.translate.UnicodeEscaper","org.apache.commons.lang3.text.translate.CharSequenceTranslator",6
"1031",15,"math","org.apache.commons.math.analysis.LaguerreSolver","org.apache.commons.math.complex.Complex",21
"1032",15,"math","org.apache.commons.math.analysis.MullerSolver","org.apache.commons.math.analysis.UnivariateRealSolverImpl",51
"1033",15,"math","org.apache.commons.math.distribution.AbstractIntegerDistribution","org.apache.commons.math.distribution.HypergeometricDistributionImpl",2
"1034",15,"math","org.apache.commons.math.fraction.ProperFractionFormat","org.apache.commons.math.fraction.FractionFormat",51
"1035",15,"math","org.apache.commons.math.geometry.Rotation","org.apache.commons.math.geometry.Vector3D",69
"1036",15,"math","org.apache.commons.math.linear.MatrixUtils","org.apache.commons.math.linear.BigMatrixImpl",24
"1037",15,"math","org.apache.commons.math.ode.AbstractStepInterpolator","org.apache.commons.math.ode.DormandPrince853StepInterpolator",74
"1038",15,"math","org.apache.commons.math.ode.ContinuousOutputModel","org.apache.commons.math.ode.AbstractStepInterpolator",1
"1039",15,"math","org.apache.commons.math.ode.EmbeddedRungeKuttaIntegrator","org.apache.commons.math.ode.DormandPrince853Integrator",14
"1040",15,"math","org.apache.commons.math.ode.EmbeddedRungeKuttaIntegrator","org.apache.commons.math.ode.HighamHall54Integrator",1
"1041",15,"math","org.apache.commons.math.ode.GraggBulirschStoerIntegrator","org.apache.commons.math.ode.AdaptiveStepsizeIntegrator",39
"1042",15,"math","org.apache.commons.math.ode.GraggBulirschStoerIntegrator","org.apache.commons.math.ode.SwitchingFunctionsHandler",12
"1043",15,"math","org.apache.commons.math.ode.GraggBulirschStoerStepInterpolator","org.apache.commons.math.ode.AbstractStepInterpolator",7
"1044",15,"math","org.apache.commons.math.ode.SwitchingFunctionsHandler","org.apache.commons.math.ode.SwitchState",21
"1045",15,"math","org.apache.commons.math.ode.SwitchState","org.apache.commons.math.analysis.BrentSolver",1
"1046",15,"math","org.apache.commons.math.optimization.NelderMead","org.apache.commons.math.optimization.DirectSearchOptimizer",24
"1047",15,"math","org.apache.commons.math.stat.descriptive.AbstractStorelessUnivariateStatistic","org.apache.commons.math.stat.descriptive.moment.Variance",35
"1048",15,"math","org.apache.commons.math.stat.descriptive.DescriptiveStatistics","org.apache.commons.math.util.ResizableDoubleArray",126
"1049",15,"math","org.apache.commons.math.stat.inference.TTestImpl","org.apache.commons.math.stat.StatUtils",1
"1050",15,"math","org.apache.commons.math.transform.FastFourierTransformer","org.apache.commons.math.complex.Complex",33
"1051",15,"mockito","org.mockito.asm.AnnotationWriter","org.mockito.asm.ClassWriter",325
"1052",15,"mockito","org.mockito.asm.MethodWriter","org.mockito.asm.ByteVector",44
"1053",15,"mockito","org.mockito.asm.tree.analysis.BasicVerifier","org.mockito.asm.tree.analysis.BasicInterpreter",19
"1054",15,"mockito","org.mockito.asm.tree.analysis.BasicVerifier","org.mockito.asm.tree.analysis.SimpleVerifier",21
"1055",15,"mockito","org.mockito.cglib.core.ClassEmitter","org.mockito.cglib.transform.impl.InterceptFieldTransformer",9
"1056",15,"mockito","org.mockito.cglib.core.CodeEmitter","org.mockito.cglib.core.TypeUtils",107
"1057",15,"mockito","org.mockito.cglib.core.EmitUtils","org.mockito.cglib.core.CodeEmitter",7
"1058",15,"mockito","org.mockito.cglib.proxy.Enhancer","org.mockito.cglib.core.ReflectUtils",37
"1059",15,"mockito","org.mockito.cglib.proxy.Mixin$Generator","org.mockito.cglib.core.AbstractClassGenerator",2
"1060",15,"time","org.joda.time.base.AbstractPartial","org.joda.time.MonthDay",21
"1061",15,"time","org.joda.time.base.AbstractPartial","org.joda.time.TimeOfDay",42
"1062",15,"time","org.joda.time.base.AbstractPartial","org.joda.time.YearMonth",26
"1063",15,"time","org.joda.time.base.BasePeriod","org.joda.time.base.AbstractPeriod",30
"1064",15,"time","org.joda.time.chrono.BasicChronology","org.joda.time.chrono.CopticChronology",2
"1065",15,"time","org.joda.time.chrono.BasicChronology","org.joda.time.chrono.EthiopicChronology",8
"1066",15,"time","org.joda.time.chrono.BasicChronology","org.joda.time.chrono.IslamicChronology",14
"1067",15,"time","org.joda.time.chrono.BasicWeekyearDateTimeField","org.joda.time.chrono.BasicChronology",7
"1068",15,"time","org.joda.time.chrono.CopticChronology","org.joda.time.DateTimeZone",45
"1069",15,"time","org.joda.time.chrono.GJChronology","org.joda.time.chrono.JulianChronology",7
"1070",15,"time","org.joda.time.chrono.ISOChronology","org.joda.time.chrono.AssembledChronology",22
"1071",15,"time","org.joda.time.chrono.ISOChronology","org.joda.time.DateTimeZone",26
"1072",15,"time","org.joda.time.chrono.ZonedChronology","org.joda.time.chrono.AssembledChronology",5
"1073",15,"time","org.joda.time.chrono.ZonedChronology","org.joda.time.DateTimeZone",24
"1074",15,"time","org.joda.time.chrono.ZonedChronology$ZonedDateTimeField","org.joda.time.DateTimeZone",35
"1075",15,"time","org.joda.time.DateTimeUtils","org.joda.time.DateTimeZone",93
"1076",15,"time","org.joda.time.DateTimeZone","org.joda.time.field.FieldUtils",6
"1077",15,"time","org.joda.time.DateTimeZone","org.joda.time.format.DateTimeFormat",7
"1078",15,"time","org.joda.time.Days","org.joda.time.base.BaseSingleFieldPeriod",35
"1079",15,"time","org.joda.time.format.DateTimeFormat","org.joda.time.format.DateTimeFormatterBuilder",1
"1080",15,"time","org.joda.time.format.DateTimeFormatter","org.joda.time.DateTimeZone",27
"1081",15,"time","org.joda.time.format.DateTimeFormatter","org.joda.time.format.DateTimeParserBucket",64
"1082",15,"time","org.joda.time.format.DateTimeFormatterBuilder$PaddedNumber","org.joda.time.format.DateTimeFormatterBuilder",2
"1083",15,"time","org.joda.time.format.DateTimeFormatterBuilder$TextField","org.joda.time.format.DateTimeParserBucket",83
"1084",15,"time","org.joda.time.format.DateTimeFormatterBuilder$TextField","org.joda.time.MutableDateTime",4
"1085",15,"time","org.joda.time.format.DateTimeParserBucket$SavedState","org.joda.time.format.DateTimeParserBucket",16
"1086",15,"time","org.joda.time.Hours","org.joda.time.base.BaseSingleFieldPeriod",50
"1087",15,"time","org.joda.time.LocalDateTime","org.joda.time.DateTimeZone",134
"1088",15,"time","org.joda.time.LocalDateTime","org.joda.time.format.DateTimeFormatter",1
"1089",15,"time","org.joda.time.LocalTime$Property","org.joda.time.LocalTime",8
"1090",15,"time","org.joda.time.Minutes","org.joda.time.base.BaseSingleFieldPeriod",57
"1091",15,"time","org.joda.time.MutableInterval","org.joda.time.base.BaseInterval",8
"1092",15,"time","org.joda.time.MutablePeriod","org.joda.time.base.BasePeriod",5
"1093",15,"time","org.joda.time.Period","org.joda.time.base.AbstractPeriod",17
"1094",15,"time","org.joda.time.Period","org.joda.time.base.BasePeriod",10
"1095",15,"time","org.joda.time.Period","org.joda.time.PeriodType",83
"1096",15,"time","org.joda.time.Seconds","org.joda.time.base.BaseSingleFieldPeriod",49
"1097",15,"time","org.joda.time.tz.ZoneInfoCompiler","org.joda.time.DateTimeZone",106
"1098",15,"time","org.joda.time.Weeks","org.joda.time.base.BaseSingleFieldPeriod",76
"1099",15,"time","org.joda.time.YearMonthDay","org.joda.time.base.BasePartial",6
"1100",16,"closure","com.google.javascript.rhino.head.IRFactory","com.google.javascript.rhino.head.Node",28
"1101",16,"closure","com.google.javascript.rhino.head.IRFactory","com.google.javascript.rhino.head.Parser",2
"1102",16,"closure","com.google.javascript.rhino.head.NativeObject","com.google.javascript.rhino.head.ScriptableObject",225
"1103",16,"closure","com.google.javascript.rhino.head.ScriptableObject","com.google.javascript.rhino.head.FunctionObject",5
"1104",16,"closure","com.google.javascript.rhino.head.tools.debugger.Dim","com.google.javascript.rhino.head.ScriptRuntime",1
"1105",16,"closure","com.google.javascript.rhino.jstype.JSType","com.google.javascript.rhino.jstype.FunctionType",131
"1106",16,"closure","com.google.javascript.rhino.jstype.JSType","com.google.javascript.rhino.jstype.UnionType",19
"1107",16,"lang","org.apache.commons.lang3.builder.ReflectionToStringBuilder","org.apache.commons.lang3.builder.ToStringBuilder",1
"1108",16,"lang","org.apache.commons.lang3.builder.ToStringBuilder","org.apache.commons.lang3.builder.ToStringStyle",14
"1109",16,"lang","org.apache.commons.lang3.concurrent.MultiBackgroundInitializer","org.apache.commons.lang3.concurrent.BackgroundInitializer",6
"1110",16,"lang","org.apache.commons.lang3.text.StrBuilder$StrBuilderReader","org.apache.commons.lang3.text.StrBuilder",92
"1111",16,"lang","org.apache.commons.lang3.text.StrSubstitutor","org.apache.commons.lang3.text.StrBuilder",163
"1112",16,"lang","org.apache.commons.lang3.text.translate.UnicodeEscaper","org.apache.commons.lang3.text.translate.CharSequenceTranslator",31
"1113",16,"math","org.apache.commons.math.analysis.LaguerreSolver","org.apache.commons.math.complex.Complex",16
"1114",16,"math","org.apache.commons.math.analysis.MullerSolver","org.apache.commons.math.analysis.UnivariateRealSolverImpl",57
"1115",16,"math","org.apache.commons.math.distribution.AbstractIntegerDistribution","org.apache.commons.math.distribution.HypergeometricDistributionImpl",69
"1116",16,"math","org.apache.commons.math.fraction.ProperFractionFormat","org.apache.commons.math.fraction.FractionFormat",34
"1117",16,"math","org.apache.commons.math.geometry.Rotation","org.apache.commons.math.geometry.Vector3D",72
"1118",16,"math","org.apache.commons.math.linear.MatrixUtils","org.apache.commons.math.linear.BigMatrixImpl",14
"1119",16,"math","org.apache.commons.math.ode.AbstractStepInterpolator","org.apache.commons.math.ode.DormandPrince853StepInterpolator",76
"1120",16,"math","org.apache.commons.math.ode.EmbeddedRungeKuttaIntegrator","org.apache.commons.math.ode.DormandPrince853Integrator",1
"1121",16,"math","org.apache.commons.math.ode.GraggBulirschStoerIntegrator","org.apache.commons.math.ode.AdaptiveStepsizeIntegrator",46
"1122",16,"math","org.apache.commons.math.ode.GraggBulirschStoerIntegrator","org.apache.commons.math.ode.SwitchingFunctionsHandler",12
"1123",16,"math","org.apache.commons.math.ode.GraggBulirschStoerStepInterpolator","org.apache.commons.math.ode.AbstractStepInterpolator",4
"1124",16,"math","org.apache.commons.math.ode.SwitchingFunctionsHandler","org.apache.commons.math.ode.SwitchState",6
"1125",16,"math","org.apache.commons.math.ode.SwitchState","org.apache.commons.math.analysis.BrentSolver",3
"1126",16,"math","org.apache.commons.math.optimization.NelderMead","org.apache.commons.math.optimization.DirectSearchOptimizer",63
"1127",16,"math","org.apache.commons.math.stat.descriptive.AbstractStorelessUnivariateStatistic","org.apache.commons.math.stat.descriptive.moment.Variance",51
"1128",16,"math","org.apache.commons.math.stat.descriptive.DescriptiveStatistics","org.apache.commons.math.util.ResizableDoubleArray",95
"1129",16,"math","org.apache.commons.math.transform.FastFourierTransformer","org.apache.commons.math.complex.Complex",17
"1130",16,"mockito","org.mockito.asm.AnnotationWriter","org.mockito.asm.ClassWriter",356
"1131",16,"mockito","org.mockito.asm.MethodWriter","org.mockito.asm.ByteVector",32
"1132",16,"mockito","org.mockito.asm.tree.analysis.BasicVerifier","org.mockito.asm.tree.analysis.BasicInterpreter",6
"1133",16,"mockito","org.mockito.asm.tree.analysis.BasicVerifier","org.mockito.asm.tree.analysis.SimpleVerifier",23
"1134",16,"mockito","org.mockito.asm.util.ASMifierClassVisitor","org.mockito.asm.util.ASMifierAbstractVisitor",24
"1135",16,"mockito","org.mockito.cglib.core.CodeEmitter","org.mockito.cglib.core.TypeUtils",78
"1136",16,"mockito","org.mockito.cglib.core.EmitUtils","org.mockito.cglib.core.CodeEmitter",46
"1137",16,"mockito","org.mockito.cglib.proxy.Enhancer","org.mockito.cglib.core.ReflectUtils",39
"1138",16,"mockito","org.mockito.cglib.proxy.Mixin$Generator","org.mockito.cglib.core.AbstractClassGenerator",3
"1139",16,"time","org.joda.time.base.AbstractPartial","org.joda.time.MonthDay",1
"1140",16,"time","org.joda.time.base.AbstractPartial","org.joda.time.TimeOfDay",32
"1141",16,"time","org.joda.time.base.AbstractPartial","org.joda.time.YearMonth",6
"1142",16,"time","org.joda.time.base.BasePeriod","org.joda.time.base.AbstractPeriod",21
"1143",16,"time","org.joda.time.chrono.BasicChronology","org.joda.time.chrono.CopticChronology",3
"1144",16,"time","org.joda.time.chrono.BasicChronology","org.joda.time.chrono.EthiopicChronology",18
"1145",16,"time","org.joda.time.chrono.BasicChronology","org.joda.time.chrono.IslamicChronology",4
"1146",16,"time","org.joda.time.chrono.BasicWeekyearDateTimeField","org.joda.time.chrono.BasicChronology",98
"1147",16,"time","org.joda.time.chrono.CopticChronology","org.joda.time.DateTimeZone",124
"1148",16,"time","org.joda.time.chrono.GJChronology","org.joda.time.chrono.GJChronology$CutoverField",5
"1149",16,"time","org.joda.time.chrono.GJChronology","org.joda.time.chrono.JulianChronology",17
"1150",16,"time","org.joda.time.chrono.ISOChronology","org.joda.time.chrono.AssembledChronology",101
"1151",16,"time","org.joda.time.chrono.ISOChronology","org.joda.time.DateTimeZone",31
"1152",16,"time","org.joda.time.chrono.ZonedChronology","org.joda.time.DateTimeZone",34
"1153",16,"time","org.joda.time.chrono.ZonedChronology$ZonedDateTimeField","org.joda.time.DateTimeZone",53
"1154",16,"time","org.joda.time.DateTimeUtils","org.joda.time.DateTimeZone",18
"1155",16,"time","org.joda.time.DateTimeZone","org.joda.time.format.FormatUtils",3
"1156",16,"time","org.joda.time.Days","org.joda.time.base.BaseSingleFieldPeriod",46
"1157",16,"time","org.joda.time.format.DateTimeFormatter","org.joda.time.DateTimeZone",12
"1158",16,"time","org.joda.time.format.DateTimeFormatter","org.joda.time.format.DateTimeParserBucket",24
"1159",16,"time","org.joda.time.format.DateTimeFormatterBuilder$PaddedNumber","org.joda.time.format.DateTimeFormatterBuilder",1
"1160",16,"time","org.joda.time.format.DateTimeFormatterBuilder$TextField","org.joda.time.format.DateTimeParserBucket",87
"1161",16,"time","org.joda.time.format.DateTimeFormatterBuilder$TextField","org.joda.time.MutableDateTime",4
"1162",16,"time","org.joda.time.format.DateTimeParserBucket$SavedState","org.joda.time.format.DateTimeParserBucket",15
"1163",16,"time","org.joda.time.Hours","org.joda.time.base.BaseSingleFieldPeriod",52
"1164",16,"time","org.joda.time.LocalDate","org.joda.time.DateTime",2
"1165",16,"time","org.joda.time.LocalDateTime","org.joda.time.DateTimeZone",22
"1166",16,"time","org.joda.time.LocalTime$Property","org.joda.time.LocalTime",22
"1167",16,"time","org.joda.time.Minutes","org.joda.time.base.BaseSingleFieldPeriod",77
"1168",16,"time","org.joda.time.MutableInterval","org.joda.time.base.BaseInterval",2
"1169",16,"time","org.joda.time.MutablePeriod","org.joda.time.base.BasePeriod",2
"1170",16,"time","org.joda.time.Period","org.joda.time.base.AbstractPeriod",27
"1171",16,"time","org.joda.time.Period","org.joda.time.base.BasePeriod",12
"1172",16,"time","org.joda.time.Period","org.joda.time.PeriodType",23
"1173",16,"time","org.joda.time.Seconds","org.joda.time.base.BaseSingleFieldPeriod",66
"1174",16,"time","org.joda.time.tz.ZoneInfoCompiler","org.joda.time.DateTimeZone",81
"1175",16,"time","org.joda.time.Weeks","org.joda.time.base.BaseSingleFieldPeriod",56
"1176",16,"time","org.joda.time.YearMonthDay","org.joda.time.base.BasePartial",6
"1177",17,"closure","com.google.javascript.jscomp.NodeUtil","com.google.javascript.rhino.Node",97
"1178",17,"closure","com.google.javascript.rhino.head.IdScriptableObject","com.google.javascript.rhino.head.ScriptableObject",6
"1179",17,"closure","com.google.javascript.rhino.head.Interpreter","com.google.javascript.rhino.head.ScriptableObject",11
"1180",17,"closure","com.google.javascript.rhino.head.IRFactory","com.google.javascript.rhino.head.Parser",17
"1181",17,"closure","com.google.javascript.rhino.head.NativeArray","com.google.javascript.rhino.head.IdScriptableObject",14
"1182",17,"closure","com.google.javascript.rhino.head.NativeArray","com.google.javascript.rhino.head.ScriptableObject",8
"1183",17,"closure","com.google.javascript.rhino.head.NativeObject","com.google.javascript.rhino.head.ScriptableObject",162
"1184",17,"closure","com.google.javascript.rhino.head.ScriptableObject","com.google.javascript.rhino.head.FunctionObject",9
"1185",17,"closure","com.google.javascript.rhino.jstype.JSType","com.google.javascript.rhino.jstype.UnionType",10
"1186",17,"lang","org.apache.commons.lang3.builder.ToStringBuilder","org.apache.commons.lang3.builder.ToStringStyle",2
"1187",17,"lang","org.apache.commons.lang3.concurrent.MultiBackgroundInitializer","org.apache.commons.lang3.concurrent.BackgroundInitializer",6
"1188",17,"lang","org.apache.commons.lang3.text.StrBuilder$StrBuilderReader","org.apache.commons.lang3.text.StrBuilder",62
"1189",17,"lang","org.apache.commons.lang3.text.StrSubstitutor","org.apache.commons.lang3.text.StrBuilder",173
"1190",17,"math","org.apache.commons.math.analysis.LaguerreSolver","org.apache.commons.math.complex.Complex",8
"1191",17,"math","org.apache.commons.math.analysis.MullerSolver","org.apache.commons.math.analysis.UnivariateRealSolverImpl",52
"1192",17,"math","org.apache.commons.math.distribution.AbstractIntegerDistribution","org.apache.commons.math.distribution.HypergeometricDistributionImpl",65
"1193",17,"math","org.apache.commons.math.fraction.ProperFractionFormat","org.apache.commons.math.fraction.FractionFormat",12
"1194",17,"math","org.apache.commons.math.geometry.Rotation","org.apache.commons.math.geometry.Vector3D",85
"1195",17,"math","org.apache.commons.math.linear.MatrixUtils","org.apache.commons.math.linear.BigMatrixImpl",29
"1196",17,"math","org.apache.commons.math.ode.AbstractStepInterpolator","org.apache.commons.math.ode.DormandPrince853StepInterpolator",68
"1197",17,"math","org.apache.commons.math.ode.EmbeddedRungeKuttaIntegrator","org.apache.commons.math.ode.DormandPrince853Integrator",10
"1198",17,"math","org.apache.commons.math.ode.GraggBulirschStoerIntegrator","org.apache.commons.math.ode.AdaptiveStepsizeIntegrator",43
"1199",17,"math","org.apache.commons.math.ode.GraggBulirschStoerIntegrator","org.apache.commons.math.ode.SwitchingFunctionsHandler",9
"1200",17,"math","org.apache.commons.math.ode.GraggBulirschStoerStepInterpolator","org.apache.commons.math.ode.AbstractStepInterpolator",2
"1201",17,"math","org.apache.commons.math.ode.SwitchingFunctionsHandler","org.apache.commons.math.ode.SwitchState",26
"1202",17,"math","org.apache.commons.math.ode.SwitchState","org.apache.commons.math.analysis.BrentSolver",1
"1203",17,"math","org.apache.commons.math.optimization.NelderMead","org.apache.commons.math.optimization.DirectSearchOptimizer",43
"1204",17,"math","org.apache.commons.math.random.EmpiricalDistributionImpl","org.apache.commons.math.stat.descriptive.SummaryStatistics",5
"1205",17,"math","org.apache.commons.math.stat.descriptive.AbstractStorelessUnivariateStatistic","org.apache.commons.math.stat.descriptive.moment.Variance",55
"1206",17,"math","org.apache.commons.math.stat.descriptive.DescriptiveStatistics","org.apache.commons.math.util.ResizableDoubleArray",121
"1207",17,"math","org.apache.commons.math.transform.FastFourierTransformer","org.apache.commons.math.complex.Complex",23
"1208",17,"mockito","org.mockito.asm.AnnotationWriter","org.mockito.asm.ClassWriter",418
"1209",17,"mockito","org.mockito.asm.MethodWriter","org.mockito.asm.ByteVector",1
"1210",17,"mockito","org.mockito.asm.MethodWriter","org.mockito.asm.ClassWriter",4
"1211",17,"mockito","org.mockito.asm.tree.analysis.BasicVerifier","org.mockito.asm.tree.analysis.BasicInterpreter",26
"1212",17,"mockito","org.mockito.asm.tree.analysis.BasicVerifier","org.mockito.asm.tree.analysis.SimpleVerifier",10
"1213",17,"mockito","org.mockito.asm.util.ASMifierClassVisitor","org.mockito.asm.util.ASMifierAbstractVisitor",16
"1214",17,"mockito","org.mockito.cglib.core.CodeEmitter","org.mockito.cglib.core.TypeUtils",24
"1215",17,"mockito","org.mockito.cglib.core.EmitUtils","org.mockito.cglib.core.CodeEmitter",13
"1216",17,"mockito","org.mockito.cglib.proxy.Enhancer","org.mockito.cglib.core.ReflectUtils",41
"1217",17,"time","org.joda.time.base.AbstractPartial","org.joda.time.MonthDay",34
"1218",17,"time","org.joda.time.base.AbstractPartial","org.joda.time.TimeOfDay",6
"1219",17,"time","org.joda.time.base.AbstractPartial","org.joda.time.YearMonth",6
"1220",17,"time","org.joda.time.base.BasePeriod","org.joda.time.base.AbstractPeriod",36
"1221",17,"time","org.joda.time.chrono.BasicChronology","org.joda.time.chrono.EthiopicChronology",3
"1222",17,"time","org.joda.time.chrono.BasicChronology","org.joda.time.chrono.IslamicChronology",13
"1223",17,"time","org.joda.time.chrono.BasicWeekyearDateTimeField","org.joda.time.chrono.BasicChronology",4
"1224",17,"time","org.joda.time.chrono.CopticChronology","org.joda.time.DateTimeZone",53
"1225",17,"time","org.joda.time.chrono.GJChronology","org.joda.time.chrono.JulianChronology",26
"1226",17,"time","org.joda.time.chrono.ISOChronology","org.joda.time.chrono.AssembledChronology",58
"1227",17,"time","org.joda.time.chrono.ISOChronology","org.joda.time.DateTimeZone",64
"1228",17,"time","org.joda.time.chrono.ZonedChronology","org.joda.time.chrono.AssembledChronology",14
"1229",17,"time","org.joda.time.chrono.ZonedChronology$ZonedDateTimeField","org.joda.time.DateTimeZone",13
"1230",17,"time","org.joda.time.DateTimeUtils","org.joda.time.DateTimeZone",92
"1231",17,"time","org.joda.time.DateTimeZone","org.joda.time.format.DateTimeFormat",2
"1232",17,"time","org.joda.time.DateTimeZone","org.joda.time.format.FormatUtils",13
"1233",17,"time","org.joda.time.Days","org.joda.time.base.BaseSingleFieldPeriod",67
"1234",17,"time","org.joda.time.format.DateTimeFormat","org.joda.time.format.DateTimeFormatterBuilder",6
"1235",17,"time","org.joda.time.format.DateTimeFormatter","org.joda.time.DateTimeZone",5
"1236",17,"time","org.joda.time.format.DateTimeFormatter","org.joda.time.format.DateTimeParserBucket",20
"1237",17,"time","org.joda.time.format.DateTimeFormatterBuilder$PaddedNumber","org.joda.time.format.DateTimeFormatterBuilder",1
"1238",17,"time","org.joda.time.format.DateTimeFormatterBuilder$TextField","org.joda.time.format.DateTimeParserBucket",65
"1239",17,"time","org.joda.time.format.DateTimeFormatterBuilder$TextField","org.joda.time.MutableDateTime",6
"1240",17,"time","org.joda.time.format.DateTimeParserBucket$SavedState","org.joda.time.format.DateTimeParserBucket",15
"1241",17,"time","org.joda.time.format.ISODateTimeFormat","org.joda.time.format.DateTimeFormatterBuilder",3
"1242",17,"time","org.joda.time.Hours","org.joda.time.base.BaseSingleFieldPeriod",49
"1243",17,"time","org.joda.time.LocalDateTime","org.joda.time.DateTimeZone",107
"1244",17,"time","org.joda.time.LocalTime$Property","org.joda.time.LocalTime",3
"1245",17,"time","org.joda.time.Minutes","org.joda.time.base.BaseSingleFieldPeriod",58
"1246",17,"time","org.joda.time.MutableInterval","org.joda.time.base.BaseInterval",6
"1247",17,"time","org.joda.time.MutablePeriod","org.joda.time.base.BasePeriod",3
"1248",17,"time","org.joda.time.Period","org.joda.time.base.AbstractPeriod",22
"1249",17,"time","org.joda.time.Period","org.joda.time.base.BasePeriod",9
"1250",17,"time","org.joda.time.Period","org.joda.time.PeriodType",540
"1251",17,"time","org.joda.time.Seconds","org.joda.time.base.BaseSingleFieldPeriod",50
"1252",17,"time","org.joda.time.tz.ZoneInfoCompiler","org.joda.time.DateTimeZone",65
"1253",17,"time","org.joda.time.Weeks","org.joda.time.base.BaseSingleFieldPeriod",45
"1254",17,"time","org.joda.time.YearMonthDay","org.joda.time.base.BasePartial",4
"1255",18,"closure","com.google.javascript.rhino.head.IdScriptableObject","com.google.javascript.rhino.head.ScriptableObject",137
"1256",18,"closure","com.google.javascript.rhino.head.IRFactory","com.google.javascript.rhino.head.Parser",9
"1257",18,"closure","com.google.javascript.rhino.head.NativeArray","com.google.javascript.rhino.head.ScriptableObject",1
"1258",18,"closure","com.google.javascript.rhino.head.NativeArray","com.google.javascript.rhino.head.ScriptRuntime",22
"1259",18,"closure","com.google.javascript.rhino.head.regexp.NativeRegExp","com.google.javascript.rhino.head.ScriptRuntime",22
"1260",18,"closure","com.google.javascript.rhino.head.ScriptRuntime","com.google.javascript.rhino.head.ScriptableObject",16
"1261",18,"closure","com.google.javascript.rhino.head.tools.debugger.Dim","com.google.javascript.rhino.head.ScriptRuntime",20
"1262",18,"closure","com.google.javascript.rhino.JSDocInfoBuilder","com.google.javascript.rhino.JSDocInfo",58
"1263",18,"closure","com.google.javascript.rhino.jstype.JSType","com.google.javascript.rhino.jstype.FunctionType",188
"1264",18,"closure","com.google.javascript.rhino.jstype.JSType","com.google.javascript.rhino.jstype.UnionType",10
"1265",18,"lang","org.apache.commons.lang3.builder.ReflectionToStringBuilder","org.apache.commons.lang3.builder.ToStringBuilder",7
"1266",18,"lang","org.apache.commons.lang3.builder.ToStringBuilder","org.apache.commons.lang3.builder.ToStringStyle",2
"1267",18,"lang","org.apache.commons.lang3.concurrent.MultiBackgroundInitializer","org.apache.commons.lang3.concurrent.BackgroundInitializer",4
"1268",18,"lang","org.apache.commons.lang3.StringUtils","org.apache.commons.lang3.ArrayUtils",5
"1269",18,"lang","org.apache.commons.lang3.text.StrBuilder$StrBuilderReader","org.apache.commons.lang3.text.StrBuilder",50
"1270",18,"lang","org.apache.commons.lang3.text.StrSubstitutor","org.apache.commons.lang3.text.StrBuilder",156
"1271",18,"math","org.apache.commons.math.analysis.LaguerreSolver","org.apache.commons.math.complex.Complex",12
"1272",18,"math","org.apache.commons.math.analysis.MullerSolver","org.apache.commons.math.analysis.UnivariateRealSolverImpl",55
"1273",18,"math","org.apache.commons.math.distribution.AbstractIntegerDistribution","org.apache.commons.math.distribution.HypergeometricDistributionImpl",59
"1274",18,"math","org.apache.commons.math.fraction.ProperFractionFormat","org.apache.commons.math.fraction.FractionFormat",37
"1275",18,"math","org.apache.commons.math.geometry.Rotation","org.apache.commons.math.geometry.Vector3D",72
"1276",18,"math","org.apache.commons.math.linear.MatrixUtils","org.apache.commons.math.linear.BigMatrixImpl",22
"1277",18,"math","org.apache.commons.math.ode.AbstractStepInterpolator","org.apache.commons.math.ode.DormandPrince853StepInterpolator",71
"1278",18,"math","org.apache.commons.math.ode.ContinuousOutputModel","org.apache.commons.math.ode.AbstractStepInterpolator",4
"1279",18,"math","org.apache.commons.math.ode.EmbeddedRungeKuttaIntegrator","org.apache.commons.math.ode.DormandPrince853Integrator",9
"1280",18,"math","org.apache.commons.math.ode.EmbeddedRungeKuttaIntegrator","org.apache.commons.math.ode.HighamHall54Integrator",4
"1281",18,"math","org.apache.commons.math.ode.GraggBulirschStoerIntegrator","org.apache.commons.math.ode.AdaptiveStepsizeIntegrator",30
"1282",18,"math","org.apache.commons.math.ode.GraggBulirschStoerStepInterpolator","org.apache.commons.math.ode.AbstractStepInterpolator",6
"1283",18,"math","org.apache.commons.math.ode.SwitchingFunctionsHandler","org.apache.commons.math.ode.SwitchState",19
"1284",18,"math","org.apache.commons.math.optimization.NelderMead","org.apache.commons.math.optimization.DirectSearchOptimizer",55
"1285",18,"math","org.apache.commons.math.stat.descriptive.AbstractStorelessUnivariateStatistic","org.apache.commons.math.stat.descriptive.moment.Variance",31
"1286",18,"math","org.apache.commons.math.stat.descriptive.DescriptiveStatistics","org.apache.commons.math.util.ResizableDoubleArray",109
"1287",18,"math","org.apache.commons.math.stat.inference.TTestImpl","org.apache.commons.math.stat.StatUtils",2
"1288",18,"math","org.apache.commons.math.transform.FastFourierTransformer","org.apache.commons.math.complex.Complex",16
"1289",18,"mockito","org.mockito.asm.AnnotationWriter","org.mockito.asm.ClassWriter",353
"1290",18,"mockito","org.mockito.asm.MethodWriter","org.mockito.asm.ByteVector",22
"1291",18,"mockito","org.mockito.asm.MethodWriter","org.mockito.asm.ClassWriter",3
"1292",18,"mockito","org.mockito.asm.tree.analysis.BasicVerifier","org.mockito.asm.tree.analysis.BasicInterpreter",21
"1293",18,"mockito","org.mockito.asm.tree.analysis.BasicVerifier","org.mockito.asm.tree.analysis.SimpleVerifier",14
"1294",18,"mockito","org.mockito.cglib.core.CodeEmitter","org.mockito.cglib.core.TypeUtils",91
"1295",18,"mockito","org.mockito.cglib.core.EmitUtils","org.mockito.cglib.core.CodeEmitter",16
"1296",18,"mockito","org.mockito.cglib.proxy.Enhancer","org.mockito.cglib.core.ReflectUtils",37
"1297",18,"mockito","org.mockito.cglib.proxy.Mixin$Generator","org.mockito.cglib.core.ReflectUtils",36
"1298",18,"time","org.joda.time.base.AbstractPartial","org.joda.time.TimeOfDay",1
"1299",18,"time","org.joda.time.base.AbstractPartial","org.joda.time.YearMonth",18
"1300",18,"time","org.joda.time.base.BasePeriod","org.joda.time.base.AbstractPeriod",57
"1301",18,"time","org.joda.time.chrono.BasicChronology","org.joda.time.chrono.CopticChronology",22
"1302",18,"time","org.joda.time.chrono.BasicChronology","org.joda.time.chrono.EthiopicChronology",18
"1303",18,"time","org.joda.time.chrono.BasicChronology","org.joda.time.chrono.IslamicChronology",136
"1304",18,"time","org.joda.time.chrono.BasicWeekyearDateTimeField","org.joda.time.chrono.BasicChronology",3
"1305",18,"time","org.joda.time.chrono.CopticChronology","org.joda.time.DateTimeZone",51
"1306",18,"time","org.joda.time.chrono.GJChronology","org.joda.time.chrono.JulianChronology",10
"1307",18,"time","org.joda.time.chrono.ISOChronology","org.joda.time.chrono.AssembledChronology",103
"1308",18,"time","org.joda.time.chrono.ISOChronology","org.joda.time.DateTimeZone",33
"1309",18,"time","org.joda.time.chrono.ZonedChronology","org.joda.time.chrono.AssembledChronology",9
"1310",18,"time","org.joda.time.chrono.ZonedChronology","org.joda.time.DateTimeZone",82
"1311",18,"time","org.joda.time.chrono.ZonedChronology$ZonedDateTimeField","org.joda.time.DateTimeZone",35
"1312",18,"time","org.joda.time.DateTimeUtils","org.joda.time.DateTimeZone",68
"1313",18,"time","org.joda.time.DateTimeZone","org.joda.time.format.FormatUtils",7
"1314",18,"time","org.joda.time.Days","org.joda.time.base.BaseSingleFieldPeriod",48
"1315",18,"time","org.joda.time.format.DateTimeFormat","org.joda.time.format.DateTimeFormat$StyleFormatter",1
"1316",18,"time","org.joda.time.format.DateTimeFormat","org.joda.time.format.DateTimeFormatterBuilder",3
"1317",18,"time","org.joda.time.format.DateTimeFormatter","org.joda.time.DateTimeZone",12
"1318",18,"time","org.joda.time.format.DateTimeFormatter","org.joda.time.format.DateTimeParserBucket",37
"1319",18,"time","org.joda.time.format.DateTimeFormatterBuilder$PaddedNumber","org.joda.time.format.DateTimeFormatterBuilder",9
"1320",18,"time","org.joda.time.format.DateTimeFormatterBuilder$TextField","org.joda.time.format.DateTimeParserBucket",42
"1321",18,"time","org.joda.time.format.DateTimeFormatterBuilder$TextField","org.joda.time.MutableDateTime",6
"1322",18,"time","org.joda.time.format.DateTimeParserBucket$SavedState","org.joda.time.format.DateTimeParserBucket",15
"1323",18,"time","org.joda.time.Hours","org.joda.time.base.BaseSingleFieldPeriod",74
"1324",18,"time","org.joda.time.LocalDate","org.joda.time.format.ISODateTimeFormat",3
"1325",18,"time","org.joda.time.LocalDateTime","org.joda.time.DateTimeZone",45
"1326",18,"time","org.joda.time.LocalTime$Property","org.joda.time.LocalTime",8
"1327",18,"time","org.joda.time.Minutes","org.joda.time.base.BaseSingleFieldPeriod",86
"1328",18,"time","org.joda.time.MutableInterval","org.joda.time.base.BaseInterval",5
"1329",18,"time","org.joda.time.MutablePeriod","org.joda.time.base.BasePeriod",7
"1330",18,"time","org.joda.time.Period","org.joda.time.base.AbstractPeriod",18
"1331",18,"time","org.joda.time.Period","org.joda.time.base.BasePeriod",5
"1332",18,"time","org.joda.time.Period","org.joda.time.PeriodType",26
"1333",18,"time","org.joda.time.Seconds","org.joda.time.base.BaseSingleFieldPeriod",53
"1334",18,"time","org.joda.time.tz.ZoneInfoCompiler","org.joda.time.DateTimeZone",110
"1335",18,"time","org.joda.time.Weeks","org.joda.time.base.BaseSingleFieldPeriod",48
"1336",18,"time","org.joda.time.YearMonthDay","org.joda.time.base.BasePartial",3
"1337",19,"closure","com.google.javascript.rhino.head.IdScriptableObject","com.google.javascript.rhino.head.ScriptableObject",83
"1338",19,"closure","com.google.javascript.rhino.head.NativeArray","com.google.javascript.rhino.head.IdScriptableObject",6
"1339",19,"closure","com.google.javascript.rhino.head.NativeArray","com.google.javascript.rhino.head.ScriptableObject",2
"1340",19,"closure","com.google.javascript.rhino.head.regexp.NativeRegExp","com.google.javascript.rhino.head.ScriptRuntime",9
"1341",19,"closure","com.google.javascript.rhino.head.ScriptableObject","com.google.javascript.rhino.head.FunctionObject",3
"1342",19,"closure","com.google.javascript.rhino.head.tools.debugger.Dim","com.google.javascript.rhino.head.ScriptRuntime",5
"1343",19,"closure","com.google.javascript.rhino.jstype.JSType","com.google.javascript.rhino.jstype.UnionType",14
"1344",19,"lang","org.apache.commons.lang3.builder.ReflectionToStringBuilder","org.apache.commons.lang3.builder.ToStringBuilder",2
"1345",19,"lang","org.apache.commons.lang3.concurrent.MultiBackgroundInitializer","org.apache.commons.lang3.concurrent.BackgroundInitializer",3
"1346",19,"lang","org.apache.commons.lang3.text.StrBuilder$StrBuilderReader","org.apache.commons.lang3.text.StrBuilder",68
"1347",19,"lang","org.apache.commons.lang3.text.StrSubstitutor","org.apache.commons.lang3.text.StrBuilder",227
"1348",19,"lang","org.apache.commons.lang3.text.translate.UnicodeEscaper","org.apache.commons.lang3.text.translate.CharSequenceTranslator",31
"1349",19,"math","org.apache.commons.math.analysis.LaguerreSolver","org.apache.commons.math.complex.Complex",20
"1350",19,"math","org.apache.commons.math.analysis.MullerSolver","org.apache.commons.math.analysis.UnivariateRealSolverImpl",57
"1351",19,"math","org.apache.commons.math.distribution.AbstractIntegerDistribution","org.apache.commons.math.distribution.HypergeometricDistributionImpl",49
"1352",19,"math","org.apache.commons.math.fraction.ProperFractionFormat","org.apache.commons.math.fraction.FractionFormat",49
"1353",19,"math","org.apache.commons.math.geometry.Rotation","org.apache.commons.math.geometry.Vector3D",89
"1354",19,"math","org.apache.commons.math.linear.MatrixUtils","org.apache.commons.math.linear.BigMatrixImpl",1
"1355",19,"math","org.apache.commons.math.ode.AbstractStepInterpolator","org.apache.commons.math.ode.DormandPrince853StepInterpolator",69
"1356",19,"math","org.apache.commons.math.ode.ContinuousOutputModel","org.apache.commons.math.ode.AbstractStepInterpolator",1
"1357",19,"math","org.apache.commons.math.ode.EmbeddedRungeKuttaIntegrator","org.apache.commons.math.ode.DormandPrince853Integrator",6
"1358",19,"math","org.apache.commons.math.ode.GraggBulirschStoerIntegrator","org.apache.commons.math.ode.AdaptiveStepsizeIntegrator",31
"1359",19,"math","org.apache.commons.math.ode.GraggBulirschStoerIntegrator","org.apache.commons.math.ode.SwitchingFunctionsHandler",8
"1360",19,"math","org.apache.commons.math.ode.GraggBulirschStoerStepInterpolator","org.apache.commons.math.ode.AbstractStepInterpolator",7
"1361",19,"math","org.apache.commons.math.ode.SwitchingFunctionsHandler","org.apache.commons.math.ode.SwitchState",25
"1362",19,"math","org.apache.commons.math.ode.SwitchState","org.apache.commons.math.analysis.BrentSolver",6
"1363",19,"math","org.apache.commons.math.optimization.NelderMead","org.apache.commons.math.optimization.DirectSearchOptimizer",93
"1364",19,"math","org.apache.commons.math.stat.descriptive.AbstractStorelessUnivariateStatistic","org.apache.commons.math.stat.descriptive.moment.Variance",59
"1365",19,"math","org.apache.commons.math.stat.descriptive.DescriptiveStatistics","org.apache.commons.math.util.ResizableDoubleArray",97
"1366",19,"math","org.apache.commons.math.transform.FastFourierTransformer","org.apache.commons.math.complex.Complex",25
"1367",19,"mockito","org.mockito.asm.AnnotationWriter","org.mockito.asm.ClassWriter",445
"1368",19,"mockito","org.mockito.asm.MethodWriter","org.mockito.asm.ByteVector",21
"1369",19,"mockito","org.mockito.asm.MethodWriter","org.mockito.asm.ClassWriter",15
"1370",19,"mockito","org.mockito.asm.tree.analysis.BasicVerifier","org.mockito.asm.tree.analysis.BasicInterpreter",18
"1371",19,"mockito","org.mockito.asm.tree.analysis.BasicVerifier","org.mockito.asm.tree.analysis.SimpleVerifier",11
"1372",19,"mockito","org.mockito.asm.util.ASMifierClassVisitor","org.mockito.asm.util.ASMifierAbstractVisitor",16
"1373",19,"mockito","org.mockito.cglib.core.ClassEmitter","org.mockito.cglib.transform.impl.InterceptFieldTransformer",10
"1374",19,"mockito","org.mockito.cglib.core.CodeEmitter","org.mockito.cglib.core.TypeUtils",103
"1375",19,"mockito","org.mockito.cglib.core.EmitUtils","org.mockito.cglib.core.CodeEmitter",14
"1376",19,"mockito","org.mockito.cglib.proxy.Enhancer","org.mockito.cglib.core.ReflectUtils",42
"1377",19,"mockito","org.mockito.cglib.proxy.Mixin$Generator","org.mockito.cglib.core.AbstractClassGenerator",2
"1378",19,"mockito","org.mockito.cglib.proxy.Mixin$Generator","org.mockito.cglib.core.ReflectUtils",67
"1379",19,"time","org.joda.time.base.AbstractPartial","org.joda.time.MonthDay",1
"1380",19,"time","org.joda.time.base.AbstractPartial","org.joda.time.TimeOfDay",4
"1381",19,"time","org.joda.time.base.AbstractPartial","org.joda.time.YearMonth",19
"1382",19,"time","org.joda.time.base.BasePeriod","org.joda.time.base.AbstractPeriod",42
"1383",19,"time","org.joda.time.chrono.BasicChronology","org.joda.time.chrono.CopticChronology",4
"1384",19,"time","org.joda.time.chrono.BasicChronology","org.joda.time.chrono.EthiopicChronology",2
"1385",19,"time","org.joda.time.chrono.BasicChronology","org.joda.time.chrono.IslamicChronology",142
"1386",19,"time","org.joda.time.chrono.BasicWeekyearDateTimeField","org.joda.time.chrono.BasicChronology",2
"1387",19,"time","org.joda.time.chrono.CopticChronology","org.joda.time.DateTimeZone",22
"1388",19,"time","org.joda.time.chrono.GJChronology","org.joda.time.chrono.GJChronology$CutoverField",8
"1389",19,"time","org.joda.time.chrono.GJChronology","org.joda.time.chrono.JulianChronology",12
"1390",19,"time","org.joda.time.chrono.ISOChronology","org.joda.time.chrono.AssembledChronology",50
"1391",19,"time","org.joda.time.chrono.ISOChronology","org.joda.time.DateTimeZone",21
"1392",19,"time","org.joda.time.chrono.ZonedChronology","org.joda.time.chrono.AssembledChronology",5
"1393",19,"time","org.joda.time.chrono.ZonedChronology$ZonedDateTimeField","org.joda.time.DateTimeZone",34
"1394",19,"time","org.joda.time.DateTimeUtils","org.joda.time.DateTimeZone",10
"1395",19,"time","org.joda.time.DateTimeZone","org.joda.time.field.FieldUtils",1
"1396",19,"time","org.joda.time.DateTimeZone","org.joda.time.format.FormatUtils",2
"1397",19,"time","org.joda.time.Days","org.joda.time.base.BaseSingleFieldPeriod",39
"1398",19,"time","org.joda.time.format.DateTimeFormat","org.joda.time.format.DateTimeFormatterBuilder",9
"1399",19,"time","org.joda.time.format.DateTimeFormatter","org.joda.time.DateTimeZone",24
"1400",19,"time","org.joda.time.format.DateTimeFormatter","org.joda.time.format.DateTimeParserBucket",7
"1401",19,"time","org.joda.time.format.DateTimeFormatterBuilder$PaddedNumber","org.joda.time.format.DateTimeFormatterBuilder",70
"1402",19,"time","org.joda.time.format.DateTimeFormatterBuilder$TextField","org.joda.time.format.DateTimeParserBucket",32
"1403",19,"time","org.joda.time.format.DateTimeFormatterBuilder$TextField","org.joda.time.MutableDateTime",2
"1404",19,"time","org.joda.time.format.DateTimeParserBucket$SavedState","org.joda.time.format.DateTimeParserBucket",16
"1405",19,"time","org.joda.time.Hours","org.joda.time.base.BaseSingleFieldPeriod",34
"1406",19,"time","org.joda.time.LocalDateTime","org.joda.time.DateTimeZone",21
"1407",19,"time","org.joda.time.LocalDateTime","org.joda.time.format.DateTimeFormatter",3
"1408",19,"time","org.joda.time.LocalTime$Property","org.joda.time.LocalTime",91
"1409",19,"time","org.joda.time.Minutes","org.joda.time.base.BaseSingleFieldPeriod",64
"1410",19,"time","org.joda.time.MutableInterval","org.joda.time.base.BaseInterval",11
"1411",19,"time","org.joda.time.MutablePeriod","org.joda.time.base.BasePeriod",6
"1412",19,"time","org.joda.time.Period","org.joda.time.base.AbstractPeriod",34
"1413",19,"time","org.joda.time.Period","org.joda.time.base.BasePeriod",1
"1414",19,"time","org.joda.time.Period","org.joda.time.PeriodType",507
"1415",19,"time","org.joda.time.Seconds","org.joda.time.base.BaseSingleFieldPeriod",64
"1416",19,"time","org.joda.time.tz.ZoneInfoCompiler","org.joda.time.DateTimeZone",80
"1417",19,"time","org.joda.time.Weeks","org.joda.time.base.BaseSingleFieldPeriod",57
"1418",19,"time","org.joda.time.YearMonthDay","org.joda.time.base.BasePartial",6
"1419",20,"closure","com.google.javascript.rhino.head.IdScriptableObject","com.google.javascript.rhino.head.ScriptableObject",7
"1420",20,"closure","com.google.javascript.rhino.head.IRFactory","com.google.javascript.rhino.head.Node",26
"1421",20,"closure","com.google.javascript.rhino.head.IRFactory","com.google.javascript.rhino.head.Parser",10
"1422",20,"closure","com.google.javascript.rhino.head.NativeArray","com.google.javascript.rhino.head.IdScriptableObject",4
"1423",20,"closure","com.google.javascript.rhino.head.NativeArray","com.google.javascript.rhino.head.ScriptableObject",19
"1424",20,"closure","com.google.javascript.rhino.head.regexp.NativeRegExp","com.google.javascript.rhino.head.ScriptRuntime",15
"1425",20,"closure","com.google.javascript.rhino.head.ScriptableObject","com.google.javascript.rhino.head.FunctionObject",5
"1426",20,"closure","com.google.javascript.rhino.JSDocInfoBuilder","com.google.javascript.rhino.JSDocInfo",125
"1427",20,"closure","com.google.javascript.rhino.jstype.JSType","com.google.javascript.rhino.jstype.ProxyObjectType",3
"1428",20,"closure","com.google.javascript.rhino.jstype.JSType","com.google.javascript.rhino.jstype.UnionType",4
"1429",20,"lang","org.apache.commons.lang3.builder.ToStringBuilder","org.apache.commons.lang3.builder.ToStringStyle",3
"1430",20,"lang","org.apache.commons.lang3.concurrent.MultiBackgroundInitializer","org.apache.commons.lang3.concurrent.BackgroundInitializer",3
"1431",20,"lang","org.apache.commons.lang3.text.StrBuilder$StrBuilderReader","org.apache.commons.lang3.text.StrBuilder",53
"1432",20,"lang","org.apache.commons.lang3.text.StrSubstitutor","org.apache.commons.lang3.text.StrBuilder",179
"1433",20,"lang","org.apache.commons.lang3.time.DurationFormatUtils","org.apache.commons.lang3.time.DurationFormatUtils$Token",1
"1434",20,"math","org.apache.commons.math.analysis.MullerSolver","org.apache.commons.math.analysis.UnivariateRealSolverImpl",59
"1435",20,"math","org.apache.commons.math.distribution.AbstractIntegerDistribution","org.apache.commons.math.distribution.HypergeometricDistributionImpl",55
"1436",20,"math","org.apache.commons.math.fraction.ProperFractionFormat","org.apache.commons.math.fraction.FractionFormat",37
"1437",20,"math","org.apache.commons.math.geometry.Rotation","org.apache.commons.math.geometry.Vector3D",59
"1438",20,"math","org.apache.commons.math.linear.MatrixUtils","org.apache.commons.math.linear.BigMatrixImpl",19
"1439",20,"math","org.apache.commons.math.ode.AbstractStepInterpolator","org.apache.commons.math.ode.DormandPrince853StepInterpolator",66
"1440",20,"math","org.apache.commons.math.ode.ContinuousOutputModel","org.apache.commons.math.ode.AbstractStepInterpolator",2
"1441",20,"math","org.apache.commons.math.ode.EmbeddedRungeKuttaIntegrator","org.apache.commons.math.ode.DormandPrince853Integrator",10
"1442",20,"math","org.apache.commons.math.ode.GraggBulirschStoerIntegrator","org.apache.commons.math.ode.AdaptiveStepsizeIntegrator",38
"1443",20,"math","org.apache.commons.math.ode.GraggBulirschStoerStepInterpolator","org.apache.commons.math.ode.AbstractStepInterpolator",7
"1444",20,"math","org.apache.commons.math.ode.SwitchingFunctionsHandler","org.apache.commons.math.ode.SwitchState",14
"1445",20,"math","org.apache.commons.math.ode.SwitchState","org.apache.commons.math.analysis.BrentSolver",1
"1446",20,"math","org.apache.commons.math.optimization.NelderMead","org.apache.commons.math.optimization.DirectSearchOptimizer",55
"1447",20,"math","org.apache.commons.math.stat.descriptive.AbstractStorelessUnivariateStatistic","org.apache.commons.math.stat.descriptive.moment.Variance",65
"1448",20,"math","org.apache.commons.math.stat.descriptive.DescriptiveStatistics","org.apache.commons.math.util.ResizableDoubleArray",100
"1449",20,"math","org.apache.commons.math.transform.FastFourierTransformer","org.apache.commons.math.complex.Complex",7
"1450",20,"mockito","org.mockito.asm.AnnotationWriter","org.mockito.asm.ClassWriter",387
"1451",20,"mockito","org.mockito.asm.MethodWriter","org.mockito.asm.ByteVector",28
"1452",20,"mockito","org.mockito.asm.MethodWriter","org.mockito.asm.ClassWriter",4
"1453",20,"mockito","org.mockito.asm.tree.analysis.BasicVerifier","org.mockito.asm.tree.analysis.BasicInterpreter",32
"1454",20,"mockito","org.mockito.asm.tree.analysis.BasicVerifier","org.mockito.asm.tree.analysis.SimpleVerifier",8
"1455",20,"mockito","org.mockito.cglib.core.CodeEmitter","org.mockito.cglib.core.TypeUtils",89
"1456",20,"mockito","org.mockito.cglib.core.EmitUtils","org.mockito.cglib.core.CodeEmitter",4
"1457",20,"mockito","org.mockito.cglib.proxy.Enhancer","org.mockito.cglib.core.ReflectUtils",38
"1458",20,"mockito","org.mockito.cglib.proxy.Mixin$Generator","org.mockito.cglib.core.ReflectUtils",37
"1459",20,"time","org.joda.time.base.AbstractPartial","org.joda.time.MonthDay",14
"1460",20,"time","org.joda.time.base.AbstractPartial","org.joda.time.TimeOfDay",22
"1461",20,"time","org.joda.time.base.AbstractPartial","org.joda.time.YearMonth",45
"1462",20,"time","org.joda.time.base.BasePeriod","org.joda.time.base.AbstractPeriod",34
"1463",20,"time","org.joda.time.chrono.BasicChronology","org.joda.time.chrono.CopticChronology",3
"1464",20,"time","org.joda.time.chrono.BasicChronology","org.joda.time.chrono.IslamicChronology",59
"1465",20,"time","org.joda.time.chrono.BasicWeekyearDateTimeField","org.joda.time.chrono.BasicChronology",5
"1466",20,"time","org.joda.time.chrono.CopticChronology","org.joda.time.DateTimeZone",68
"1467",20,"time","org.joda.time.chrono.GJChronology","org.joda.time.chrono.JulianChronology",21
"1468",20,"time","org.joda.time.chrono.ISOChronology","org.joda.time.chrono.AssembledChronology",120
"1469",20,"time","org.joda.time.chrono.ZonedChronology","org.joda.time.chrono.AssembledChronology",5
"1470",20,"time","org.joda.time.chrono.ZonedChronology","org.joda.time.DateTimeZone",18
"1471",20,"time","org.joda.time.chrono.ZonedChronology$ZonedDateTimeField","org.joda.time.DateTimeZone",28
"1472",20,"time","org.joda.time.DateTimeUtils","org.joda.time.DateTimeZone",19
"1473",20,"time","org.joda.time.DateTimeZone","org.joda.time.field.FieldUtils",6
"1474",20,"time","org.joda.time.DateTimeZone","org.joda.time.format.FormatUtils",5
"1475",20,"time","org.joda.time.Days","org.joda.time.base.BaseSingleFieldPeriod",68
"1476",20,"time","org.joda.time.format.DateTimeFormat","org.joda.time.format.DateTimeFormat$StyleFormatter",4
"1477",20,"time","org.joda.time.format.DateTimeFormat","org.joda.time.format.DateTimeFormatterBuilder",4
"1478",20,"time","org.joda.time.format.DateTimeFormatter","org.joda.time.DateTimeZone",17
"1479",20,"time","org.joda.time.format.DateTimeFormatter","org.joda.time.format.DateTimeParserBucket",8
"1480",20,"time","org.joda.time.format.DateTimeFormatterBuilder$TextField","org.joda.time.format.DateTimeParserBucket",30
"1481",20,"time","org.joda.time.format.DateTimeFormatterBuilder$TextField","org.joda.time.MutableDateTime",2
"1482",20,"time","org.joda.time.format.DateTimeParserBucket$SavedState","org.joda.time.format.DateTimeParserBucket",16
"1483",20,"time","org.joda.time.Hours","org.joda.time.base.BaseSingleFieldPeriod",43
"1484",20,"time","org.joda.time.LocalDate","org.joda.time.format.ISODateTimeFormat",2
"1485",20,"time","org.joda.time.LocalTime$Property","org.joda.time.LocalTime",13
"1486",20,"time","org.joda.time.Minutes","org.joda.time.base.BaseSingleFieldPeriod",53
"1487",20,"time","org.joda.time.MutableInterval","org.joda.time.base.BaseInterval",2
"1488",20,"time","org.joda.time.MutablePeriod","org.joda.time.base.BasePeriod",1
"1489",20,"time","org.joda.time.Period","org.joda.time.base.AbstractPeriod",23
"1490",20,"time","org.joda.time.Period","org.joda.time.base.BasePeriod",1
"1491",20,"time","org.joda.time.Period","org.joda.time.PeriodType",505
"1492",20,"time","org.joda.time.Seconds","org.joda.time.base.BaseSingleFieldPeriod",48
"1493",20,"time","org.joda.time.tz.ZoneInfoCompiler","org.joda.time.DateTimeZone",36
"1494",20,"time","org.joda.time.Weeks","org.joda.time.base.BaseSingleFieldPeriod",51
"1495",20,"time","org.joda.time.YearMonthDay","org.joda.time.base.BasePartial",7
