"","executionId","project","caller","callee","killedM"
"1",1,"closure","com.google.javascript.rhino.head.IdScriptableObject","com.google.javascript.rhino.head.ScriptableObject",329
"2",1,"closure","com.google.javascript.rhino.head.IRFactory","com.google.javascript.rhino.head.Node",58
"3",1,"closure","com.google.javascript.rhino.head.IRFactory","com.google.javascript.rhino.head.Parser",209
"4",1,"closure","com.google.javascript.rhino.head.NativeArray","com.google.javascript.rhino.head.ScriptableObject",73
"5",1,"closure","com.google.javascript.rhino.head.NativeObject","com.google.javascript.rhino.head.ScriptableObject",375
"6",1,"closure","com.google.javascript.rhino.head.regexp.NativeRegExp","com.google.javascript.rhino.head.ScriptRuntime",108
"7",1,"closure","com.google.javascript.rhino.head.tools.debugger.Dim","com.google.javascript.rhino.head.ScriptRuntime",39
"8",1,"closure","com.google.javascript.rhino.jstype.JSType","com.google.javascript.rhino.jstype.FunctionType",255
"9",1,"closure","com.google.javascript.rhino.jstype.JSType","com.google.javascript.rhino.jstype.ProxyObjectType",8
"10",1,"lang","org.apache.commons.lang3.builder.ToStringBuilder","org.apache.commons.lang3.builder.ToStringStyle",1
"11",1,"lang","org.apache.commons.lang3.concurrent.MultiBackgroundInitializer","org.apache.commons.lang3.concurrent.BackgroundInitializer",10
"12",1,"lang","org.apache.commons.lang3.text.StrBuilder$StrBuilderReader","org.apache.commons.lang3.text.StrBuilder",4
"13",1,"lang","org.apache.commons.lang3.text.StrSubstitutor","org.apache.commons.lang3.text.StrBuilder",12
"14",1,"lang","org.apache.commons.lang3.text.translate.UnicodeEscaper","org.apache.commons.lang3.text.translate.CharSequenceTranslator",1
"15",1,"lang","org.apache.commons.lang3.time.DurationFormatUtils","org.apache.commons.lang3.time.DurationFormatUtils$Token",9
"16",1,"lang","org.apache.commons.lang3.time.FastDateFormat","org.apache.commons.lang3.time.FastDateFormat$TextField",12
"17",1,"math","org.apache.commons.math.analysis.LaguerreSolver","org.apache.commons.math.complex.Complex",6
"18",1,"math","org.apache.commons.math.analysis.MullerSolver","org.apache.commons.math.analysis.UnivariateRealSolverImpl",95
"19",1,"math","org.apache.commons.math.fraction.ProperFractionFormat","org.apache.commons.math.fraction.FractionFormat",80
"20",1,"math","org.apache.commons.math.linear.MatrixUtils","org.apache.commons.math.linear.BigMatrixImpl",112
"21",1,"math","org.apache.commons.math.ode.AbstractStepInterpolator","org.apache.commons.math.ode.DormandPrince853StepInterpolator",73
"22",1,"math","org.apache.commons.math.ode.ContinuousOutputModel","org.apache.commons.math.ode.AbstractStepInterpolator",44
"23",1,"math","org.apache.commons.math.ode.EmbeddedRungeKuttaIntegrator","org.apache.commons.math.ode.DormandPrince853Integrator",11
"24",1,"math","org.apache.commons.math.ode.EmbeddedRungeKuttaIntegrator","org.apache.commons.math.ode.HighamHall54Integrator",6
"25",1,"math","org.apache.commons.math.ode.GraggBulirschStoerIntegrator","org.apache.commons.math.ode.AdaptiveStepsizeIntegrator",53
"26",1,"math","org.apache.commons.math.ode.GraggBulirschStoerIntegrator","org.apache.commons.math.ode.SwitchingFunctionsHandler",5
"27",1,"math","org.apache.commons.math.ode.GraggBulirschStoerStepInterpolator","org.apache.commons.math.ode.AbstractStepInterpolator",45
"28",1,"math","org.apache.commons.math.ode.SwitchingFunctionsHandler","org.apache.commons.math.ode.SwitchState",62
"29",1,"math","org.apache.commons.math.ode.SwitchState","org.apache.commons.math.analysis.BrentSolver",13
"30",1,"math","org.apache.commons.math.optimization.NelderMead","org.apache.commons.math.optimization.DirectSearchOptimizer",60
"31",1,"math","org.apache.commons.math.random.EmpiricalDistributionImpl","org.apache.commons.math.stat.descriptive.SummaryStatistics",36
"32",1,"math","org.apache.commons.math.stat.inference.TTestImpl","org.apache.commons.math.stat.StatUtils",20
"33",1,"math","org.apache.commons.math.transform.FastFourierTransformer","org.apache.commons.math.complex.Complex",339
"34",1,"mockito","org.mockito.asm.AnnotationWriter","org.mockito.asm.ClassWriter",479
"35",1,"mockito","org.mockito.asm.MethodWriter","org.mockito.asm.ByteVector",92
"36",1,"mockito","org.mockito.asm.MethodWriter","org.mockito.asm.ClassWriter",12
"37",1,"mockito","org.mockito.asm.tree.analysis.BasicVerifier","org.mockito.asm.tree.analysis.BasicInterpreter",14
"38",1,"mockito","org.mockito.asm.util.ASMifierClassVisitor","org.mockito.asm.util.ASMifierAbstractVisitor",24
"39",1,"mockito","org.mockito.cglib.core.ClassEmitter","org.mockito.cglib.transform.impl.InterceptFieldTransformer",10
"40",1,"mockito","org.mockito.cglib.core.CodeEmitter","org.mockito.cglib.core.ClassEmitter",1
"41",1,"mockito","org.mockito.cglib.core.CodeEmitter","org.mockito.cglib.core.TypeUtils",130
"42",1,"mockito","org.mockito.cglib.core.EmitUtils","org.mockito.cglib.core.CodeEmitter",49
"43",1,"mockito","org.mockito.cglib.proxy.Enhancer","org.mockito.cglib.core.ReflectUtils",28
"44",1,"mockito","org.mockito.cglib.proxy.Mixin$Generator","org.mockito.cglib.core.ReflectUtils",32
"45",1,"time","org.joda.time.base.AbstractPartial","org.joda.time.MonthDay",18
"46",1,"time","org.joda.time.base.AbstractPartial","org.joda.time.TimeOfDay",1
"47",1,"time","org.joda.time.base.AbstractPartial","org.joda.time.YearMonth",4
"48",1,"time","org.joda.time.base.BasePeriod","org.joda.time.base.AbstractPeriod",1
"49",1,"time","org.joda.time.chrono.BasicChronology","org.joda.time.chrono.IslamicChronology",23
"50",1,"time","org.joda.time.chrono.BasicWeekyearDateTimeField","org.joda.time.chrono.BasicChronology",277
"51",1,"time","org.joda.time.chrono.CopticChronology","org.joda.time.DateTimeZone",25
"52",1,"time","org.joda.time.chrono.GJChronology","org.joda.time.chrono.JulianChronology",2
"53",1,"time","org.joda.time.chrono.ISOChronology","org.joda.time.chrono.AssembledChronology",72
"54",1,"time","org.joda.time.chrono.ISOChronology","org.joda.time.DateTimeZone",186
"55",1,"time","org.joda.time.chrono.ZonedChronology","org.joda.time.chrono.AssembledChronology",2
"56",1,"time","org.joda.time.chrono.ZonedChronology","org.joda.time.DateTimeZone",17
"57",1,"time","org.joda.time.chrono.ZonedChronology$ZonedDateTimeField","org.joda.time.DateTimeZone",19
"58",1,"time","org.joda.time.DateTimeUtils","org.joda.time.DateTimeZone",33
"59",1,"time","org.joda.time.DateTimeZone","org.joda.time.format.DateTimeFormat",70
"60",1,"time","org.joda.time.format.DateTimeFormat","org.joda.time.format.DateTimeFormat$StyleFormatter",5
"61",1,"time","org.joda.time.format.DateTimeFormatter","org.joda.time.DateTimeZone",18
"62",1,"time","org.joda.time.format.DateTimeFormatter","org.joda.time.format.DateTimeParserBucket",96
"63",1,"time","org.joda.time.format.DateTimeFormatterBuilder$PaddedNumber","org.joda.time.format.DateTimeFormatterBuilder",6
"64",1,"time","org.joda.time.format.DateTimeFormatterBuilder$TextField","org.joda.time.format.DateTimeParserBucket",2
"65",1,"time","org.joda.time.format.ISODateTimeFormat","org.joda.time.format.DateTimeFormatterBuilder",15
"66",1,"time","org.joda.time.Hours","org.joda.time.base.BaseSingleFieldPeriod",6
"67",1,"time","org.joda.time.LocalDate","org.joda.time.format.ISODateTimeFormat",33
"68",1,"time","org.joda.time.LocalDateTime","org.joda.time.DateTimeZone",47
"69",1,"time","org.joda.time.LocalDateTime","org.joda.time.format.DateTimeFormatter",5
"70",1,"time","org.joda.time.Minutes","org.joda.time.base.BaseSingleFieldPeriod",8
"71",1,"time","org.joda.time.MutableInterval","org.joda.time.base.BaseInterval",2
"72",1,"time","org.joda.time.MutablePeriod","org.joda.time.base.BasePeriod",125
"73",1,"time","org.joda.time.Period","org.joda.time.base.BasePeriod",5
"74",1,"time","org.joda.time.Period","org.joda.time.PeriodType",532
"75",1,"time","org.joda.time.Seconds","org.joda.time.base.BaseSingleFieldPeriod",6
"76",1,"time","org.joda.time.tz.ZoneInfoCompiler","org.joda.time.DateTimeZone",180
"77",1,"time","org.joda.time.Weeks","org.joda.time.base.BaseSingleFieldPeriod",10
"78",1,"time","org.joda.time.YearMonthDay","org.joda.time.base.BasePartial",5
"79",2,"closure","com.google.javascript.rhino.head.IdScriptableObject","com.google.javascript.rhino.head.ScriptableObject",144
"80",2,"closure","com.google.javascript.rhino.head.Interpreter","com.google.javascript.rhino.head.InterpretedFunction",2
"81",2,"closure","com.google.javascript.rhino.head.Interpreter","com.google.javascript.rhino.head.ScriptableObject",71
"82",2,"closure","com.google.javascript.rhino.head.IRFactory","com.google.javascript.rhino.head.Node",60
"83",2,"closure","com.google.javascript.rhino.head.IRFactory","com.google.javascript.rhino.head.Parser",136
"84",2,"closure","com.google.javascript.rhino.head.NativeArray","com.google.javascript.rhino.head.ScriptableObject",35
"85",2,"closure","com.google.javascript.rhino.head.NativeArray","com.google.javascript.rhino.head.ScriptRuntime",75
"86",2,"closure","com.google.javascript.rhino.head.NativeObject","com.google.javascript.rhino.head.ScriptableObject",74
"87",2,"closure","com.google.javascript.rhino.jstype.JSType","com.google.javascript.rhino.jstype.ProxyObjectType",2
"88",2,"closure","com.google.javascript.rhino.jstype.JSType","com.google.javascript.rhino.jstype.UnionType",79
"89",2,"closure","com.google.javascript.rhino.jstype.PrototypeObjectType","com.google.javascript.rhino.jstype.JSType",113
"90",2,"lang","org.apache.commons.lang3.builder.ReflectionToStringBuilder","org.apache.commons.lang3.builder.ToStringBuilder",4
"91",2,"lang","org.apache.commons.lang3.builder.ToStringBuilder","org.apache.commons.lang3.builder.ToStringStyle",13
"92",2,"lang","org.apache.commons.lang3.concurrent.MultiBackgroundInitializer","org.apache.commons.lang3.concurrent.BackgroundInitializer",10
"93",2,"lang","org.apache.commons.lang3.text.StrSubstitutor","org.apache.commons.lang3.text.StrBuilder",6
"94",2,"lang","org.apache.commons.lang3.text.translate.UnicodeEscaper","org.apache.commons.lang3.text.translate.CharSequenceTranslator",1
"95",2,"lang","org.apache.commons.lang3.time.DurationFormatUtils","org.apache.commons.lang3.time.DurationFormatUtils$Token",20
"96",2,"lang","org.apache.commons.lang3.time.FastDateFormat","org.apache.commons.lang3.time.FastDateFormat$TextField",16
"97",2,"math","org.apache.commons.math.analysis.LaguerreSolver","org.apache.commons.math.complex.Complex",4
"98",2,"math","org.apache.commons.math.analysis.MullerSolver","org.apache.commons.math.analysis.UnivariateRealSolverImpl",95
"99",2,"math","org.apache.commons.math.fraction.ProperFractionFormat","org.apache.commons.math.fraction.FractionFormat",83
"100",2,"math","org.apache.commons.math.geometry.Rotation","org.apache.commons.math.geometry.Vector3D",1
"101",2,"math","org.apache.commons.math.linear.MatrixUtils","org.apache.commons.math.linear.BigMatrixImpl",111
"102",2,"math","org.apache.commons.math.ode.AbstractStepInterpolator","org.apache.commons.math.ode.DormandPrince853StepInterpolator",65
"103",2,"math","org.apache.commons.math.ode.ContinuousOutputModel","org.apache.commons.math.ode.AbstractStepInterpolator",35
"104",2,"math","org.apache.commons.math.ode.EmbeddedRungeKuttaIntegrator","org.apache.commons.math.ode.DormandPrince853Integrator",9
"105",2,"math","org.apache.commons.math.ode.EmbeddedRungeKuttaIntegrator","org.apache.commons.math.ode.HighamHall54Integrator",11
"106",2,"math","org.apache.commons.math.ode.GraggBulirschStoerIntegrator","org.apache.commons.math.ode.AdaptiveStepsizeIntegrator",46
"107",2,"math","org.apache.commons.math.ode.GraggBulirschStoerIntegrator","org.apache.commons.math.ode.SwitchingFunctionsHandler",5
"108",2,"math","org.apache.commons.math.ode.GraggBulirschStoerStepInterpolator","org.apache.commons.math.ode.AbstractStepInterpolator",15
"109",2,"math","org.apache.commons.math.ode.SwitchingFunctionsHandler","org.apache.commons.math.ode.SwitchState",64
"110",2,"math","org.apache.commons.math.ode.SwitchState","org.apache.commons.math.analysis.BrentSolver",16
"111",2,"math","org.apache.commons.math.optimization.NelderMead","org.apache.commons.math.optimization.DirectSearchOptimizer",65
"112",2,"math","org.apache.commons.math.random.EmpiricalDistributionImpl","org.apache.commons.math.stat.descriptive.SummaryStatistics",31
"113",2,"math","org.apache.commons.math.stat.descriptive.AbstractStorelessUnivariateStatistic","org.apache.commons.math.stat.descriptive.moment.Variance",1
"114",2,"math","org.apache.commons.math.stat.inference.TTestImpl","org.apache.commons.math.stat.StatUtils",18
"115",2,"math","org.apache.commons.math.transform.FastFourierTransformer","org.apache.commons.math.complex.Complex",317
"116",2,"mockito","org.mockito.asm.AnnotationWriter","org.mockito.asm.ClassWriter",468
"117",2,"mockito","org.mockito.asm.MethodWriter","org.mockito.asm.ByteVector",71
"118",2,"mockito","org.mockito.asm.tree.analysis.BasicVerifier","org.mockito.asm.tree.analysis.BasicInterpreter",6
"119",2,"mockito","org.mockito.asm.util.ASMifierClassVisitor","org.mockito.asm.util.ASMifierAbstractVisitor",24
"120",2,"mockito","org.mockito.cglib.core.CodeEmitter","org.mockito.cglib.core.TypeUtils",178
"121",2,"mockito","org.mockito.cglib.core.EmitUtils","org.mockito.cglib.core.CodeEmitter",73
"122",2,"mockito","org.mockito.cglib.proxy.Enhancer","org.mockito.cglib.core.CodeEmitter",240
"123",2,"mockito","org.mockito.cglib.proxy.Enhancer","org.mockito.cglib.core.ReflectUtils",26
"124",2,"time","org.joda.time.base.AbstractPartial","org.joda.time.MonthDay",58
"125",2,"time","org.joda.time.base.AbstractPartial","org.joda.time.TimeOfDay",1
"126",2,"time","org.joda.time.base.AbstractPartial","org.joda.time.YearMonth",29
"127",2,"time","org.joda.time.base.BasePeriod","org.joda.time.base.AbstractPeriod",3
"128",2,"time","org.joda.time.chrono.BasicChronology","org.joda.time.chrono.EthiopicChronology",12
"129",2,"time","org.joda.time.chrono.BasicChronology","org.joda.time.chrono.IslamicChronology",83
"130",2,"time","org.joda.time.chrono.BasicWeekyearDateTimeField","org.joda.time.chrono.BasicChronology",172
"131",2,"time","org.joda.time.chrono.CopticChronology","org.joda.time.DateTimeZone",19
"132",2,"time","org.joda.time.chrono.GJChronology","org.joda.time.chrono.JulianChronology",1
"133",2,"time","org.joda.time.chrono.ZonedChronology","org.joda.time.chrono.AssembledChronology",1
"134",2,"time","org.joda.time.chrono.ZonedChronology","org.joda.time.DateTimeZone",39
"135",2,"time","org.joda.time.chrono.ZonedChronology$ZonedDateTimeField","org.joda.time.DateTimeZone",16
"136",2,"time","org.joda.time.DateTimeUtils","org.joda.time.DateTimeZone",60
"137",2,"time","org.joda.time.DateTimeZone","org.joda.time.format.DateTimeFormat",4
"138",2,"time","org.joda.time.DateTimeZone","org.joda.time.format.FormatUtils",1
"139",2,"time","org.joda.time.Days","org.joda.time.base.BaseSingleFieldPeriod",8
"140",2,"time","org.joda.time.format.DateTimeFormat","org.joda.time.format.DateTimeFormat$StyleFormatter",3
"141",2,"time","org.joda.time.format.DateTimeFormatter","org.joda.time.DateTimeZone",12
"142",2,"time","org.joda.time.format.DateTimeFormatter","org.joda.time.format.DateTimeParserBucket",11
"143",2,"time","org.joda.time.format.DateTimeFormatterBuilder$PaddedNumber","org.joda.time.format.DateTimeFormatterBuilder",1
"144",2,"time","org.joda.time.format.DateTimeFormatterBuilder$TextField","org.joda.time.format.DateTimeParserBucket",2
"145",2,"time","org.joda.time.format.ISODateTimeFormat","org.joda.time.format.DateTimeFormatterBuilder",9
"146",2,"time","org.joda.time.Hours","org.joda.time.base.BaseSingleFieldPeriod",5
"147",2,"time","org.joda.time.LocalDate","org.joda.time.format.ISODateTimeFormat",33
"148",2,"time","org.joda.time.LocalDateTime","org.joda.time.DateTimeZone",117
"149",2,"time","org.joda.time.LocalDateTime","org.joda.time.format.DateTimeFormatter",1
"150",2,"time","org.joda.time.LocalTime$Property","org.joda.time.LocalTime",4
"151",2,"time","org.joda.time.MutablePeriod","org.joda.time.base.BasePeriod",2
"152",2,"time","org.joda.time.Period","org.joda.time.base.AbstractPeriod",15
"153",2,"time","org.joda.time.Period","org.joda.time.base.BasePeriod",1
"154",2,"time","org.joda.time.Period","org.joda.time.PeriodType",618
"155",2,"time","org.joda.time.Seconds","org.joda.time.base.BaseSingleFieldPeriod",9
"156",2,"time","org.joda.time.tz.ZoneInfoCompiler","org.joda.time.DateTimeZone",275
"157",2,"time","org.joda.time.Weeks","org.joda.time.base.BaseSingleFieldPeriod",6
"158",2,"time","org.joda.time.YearMonthDay","org.joda.time.base.BasePartial",14
"159",3,"closure","com.google.javascript.jscomp.NodeUtil","com.google.javascript.rhino.Node",11
"160",3,"closure","com.google.javascript.rhino.head.IdScriptableObject","com.google.javascript.rhino.head.ScriptableObject",203
"161",3,"closure","com.google.javascript.rhino.head.Interpreter","com.google.javascript.rhino.head.ScriptableObject",2
"162",3,"closure","com.google.javascript.rhino.head.IRFactory","com.google.javascript.rhino.head.Parser",130
"163",3,"closure","com.google.javascript.rhino.head.Parser","com.google.javascript.rhino.head.CompilerEnvirons",76
"164",3,"closure","com.google.javascript.rhino.head.ScriptRuntime","com.google.javascript.rhino.head.ScriptableObject",127
"165",3,"closure","com.google.javascript.rhino.head.tools.debugger.Dim","com.google.javascript.rhino.head.ScriptRuntime",42
"166",3,"closure","com.google.javascript.rhino.head.tools.shell.Global","com.google.javascript.rhino.head.ScriptRuntime",43
"167",3,"closure","com.google.javascript.rhino.JSDocInfoBuilder","com.google.javascript.rhino.JSDocInfo",55
"168",3,"closure","com.google.javascript.rhino.jstype.JSType","com.google.javascript.rhino.jstype.ProxyObjectType",2
"169",3,"closure","com.google.javascript.rhino.jstype.JSType","com.google.javascript.rhino.jstype.UnionType",49
"170",3,"lang","org.apache.commons.lang3.builder.ToStringBuilder","org.apache.commons.lang3.builder.ToStringStyle",115
"171",3,"lang","org.apache.commons.lang3.concurrent.MultiBackgroundInitializer","org.apache.commons.lang3.concurrent.BackgroundInitializer",6
"172",3,"lang","org.apache.commons.lang3.text.StrBuilder$StrBuilderReader","org.apache.commons.lang3.text.StrBuilder",3
"173",3,"lang","org.apache.commons.lang3.text.StrSubstitutor","org.apache.commons.lang3.text.StrBuilder",6
"174",3,"lang","org.apache.commons.lang3.text.translate.UnicodeEscaper","org.apache.commons.lang3.text.translate.CharSequenceTranslator",1
"175",3,"lang","org.apache.commons.lang3.time.DurationFormatUtils","org.apache.commons.lang3.time.DurationFormatUtils$Token",9
"176",3,"lang","org.apache.commons.lang3.time.FastDateFormat","org.apache.commons.lang3.time.FastDateFormat$TextField",4
"177",3,"math","org.apache.commons.math.analysis.LaguerreSolver","org.apache.commons.math.complex.Complex",13
"178",3,"math","org.apache.commons.math.analysis.MullerSolver","org.apache.commons.math.analysis.UnivariateRealSolverImpl",104
"179",3,"math","org.apache.commons.math.geometry.Rotation","org.apache.commons.math.geometry.Vector3D",2
"180",3,"math","org.apache.commons.math.linear.MatrixUtils","org.apache.commons.math.linear.BigMatrixImpl",1
"181",3,"math","org.apache.commons.math.ode.AbstractStepInterpolator","org.apache.commons.math.ode.DormandPrince853StepInterpolator",64
"182",3,"math","org.apache.commons.math.ode.ContinuousOutputModel","org.apache.commons.math.ode.AbstractStepInterpolator",47
"183",3,"math","org.apache.commons.math.ode.EmbeddedRungeKuttaIntegrator","org.apache.commons.math.ode.DormandPrince853Integrator",8
"184",3,"math","org.apache.commons.math.ode.EmbeddedRungeKuttaIntegrator","org.apache.commons.math.ode.HighamHall54Integrator",8
"185",3,"math","org.apache.commons.math.ode.GraggBulirschStoerIntegrator","org.apache.commons.math.ode.AdaptiveStepsizeIntegrator",59
"186",3,"math","org.apache.commons.math.ode.GraggBulirschStoerIntegrator","org.apache.commons.math.ode.SwitchingFunctionsHandler",21
"187",3,"math","org.apache.commons.math.ode.GraggBulirschStoerStepInterpolator","org.apache.commons.math.ode.AbstractStepInterpolator",37
"188",3,"math","org.apache.commons.math.ode.SwitchingFunctionsHandler","org.apache.commons.math.ode.SwitchState",52
"189",3,"math","org.apache.commons.math.ode.SwitchState","org.apache.commons.math.analysis.BrentSolver",34
"190",3,"math","org.apache.commons.math.optimization.NelderMead","org.apache.commons.math.optimization.DirectSearchOptimizer",79
"191",3,"math","org.apache.commons.math.random.EmpiricalDistributionImpl","org.apache.commons.math.stat.descriptive.SummaryStatistics",36
"192",3,"math","org.apache.commons.math.stat.descriptive.AbstractStorelessUnivariateStatistic","org.apache.commons.math.stat.descriptive.moment.Variance",1
"193",3,"math","org.apache.commons.math.stat.inference.TTestImpl","org.apache.commons.math.stat.StatUtils",18
"194",3,"math","org.apache.commons.math.transform.FastFourierTransformer","org.apache.commons.math.complex.Complex",353
"195",3,"mockito","org.mockito.asm.AnnotationWriter","org.mockito.asm.ClassWriter",482
"196",3,"mockito","org.mockito.asm.MethodWriter","org.mockito.asm.ByteVector",88
"197",3,"mockito","org.mockito.asm.MethodWriter","org.mockito.asm.ClassWriter",83
"198",3,"mockito","org.mockito.asm.tree.analysis.BasicVerifier","org.mockito.asm.tree.analysis.BasicInterpreter",20
"199",3,"mockito","org.mockito.asm.tree.analysis.BasicVerifier","org.mockito.asm.tree.analysis.SimpleVerifier",1
"200",3,"mockito","org.mockito.cglib.core.ClassEmitter","org.mockito.cglib.transform.impl.InterceptFieldTransformer",6
"201",3,"mockito","org.mockito.cglib.core.CodeEmitter","org.mockito.cglib.core.ClassEmitter",1
"202",3,"mockito","org.mockito.cglib.core.CodeEmitter","org.mockito.cglib.core.TypeUtils",195
"203",3,"mockito","org.mockito.cglib.core.EmitUtils","org.mockito.cglib.core.CodeEmitter",57
"204",3,"mockito","org.mockito.cglib.proxy.Enhancer","org.mockito.cglib.core.ReflectUtils",26
"205",3,"time","org.joda.time.base.AbstractPartial","org.joda.time.MonthDay",42
"206",3,"time","org.joda.time.base.BasePeriod","org.joda.time.base.AbstractPeriod",12
"207",3,"time","org.joda.time.chrono.BasicChronology","org.joda.time.chrono.CopticChronology",22
"208",3,"time","org.joda.time.chrono.BasicWeekyearDateTimeField","org.joda.time.chrono.BasicChronology",233
"209",3,"time","org.joda.time.chrono.CopticChronology","org.joda.time.DateTimeZone",20
"210",3,"time","org.joda.time.chrono.GJChronology","org.joda.time.chrono.GJChronology$CutoverField",1
"211",3,"time","org.joda.time.chrono.ISOChronology","org.joda.time.DateTimeZone",230
"212",3,"time","org.joda.time.chrono.ZonedChronology","org.joda.time.chrono.AssembledChronology",67
"213",3,"time","org.joda.time.chrono.ZonedChronology","org.joda.time.DateTimeZone",14
"214",3,"time","org.joda.time.chrono.ZonedChronology$ZonedDateTimeField","org.joda.time.DateTimeZone",155
"215",3,"time","org.joda.time.DateTimeUtils","org.joda.time.DateTimeZone",70
"216",3,"time","org.joda.time.format.DateTimeFormat","org.joda.time.format.DateTimeFormat$StyleFormatter",5
"217",3,"time","org.joda.time.format.DateTimeFormatter","org.joda.time.DateTimeZone",15
"218",3,"time","org.joda.time.format.DateTimeFormatter","org.joda.time.format.DateTimeParserBucket",10
"219",3,"time","org.joda.time.format.DateTimeFormatterBuilder$PaddedNumber","org.joda.time.format.DateTimeFormatterBuilder",4
"220",3,"time","org.joda.time.format.DateTimeFormatterBuilder$TextField","org.joda.time.format.DateTimeParserBucket",2
"221",3,"time","org.joda.time.format.DateTimeParserBucket$SavedState","org.joda.time.format.DateTimeParserBucket",16
"222",3,"time","org.joda.time.format.ISODateTimeFormat","org.joda.time.format.DateTimeFormatterBuilder",11
"223",3,"time","org.joda.time.Hours","org.joda.time.base.BaseSingleFieldPeriod",1
"224",3,"time","org.joda.time.LocalDate","org.joda.time.format.ISODateTimeFormat",36
"225",3,"time","org.joda.time.LocalDateTime","org.joda.time.DateTimeZone",100
"226",3,"time","org.joda.time.Minutes","org.joda.time.base.BaseSingleFieldPeriod",12
"227",3,"time","org.joda.time.MutablePeriod","org.joda.time.base.BasePeriod",1
"228",3,"time","org.joda.time.Period","org.joda.time.base.AbstractPeriod",17
"229",3,"time","org.joda.time.Period","org.joda.time.base.BasePeriod",5
"230",3,"time","org.joda.time.Period","org.joda.time.PeriodType",533
"231",3,"time","org.joda.time.Seconds","org.joda.time.base.BaseSingleFieldPeriod",119
"232",3,"time","org.joda.time.tz.ZoneInfoCompiler","org.joda.time.DateTimeZone",195
"233",3,"time","org.joda.time.Weeks","org.joda.time.base.BaseSingleFieldPeriod",3
"234",3,"time","org.joda.time.YearMonthDay","org.joda.time.base.BasePartial",11
"235",4,"closure","com.google.javascript.rhino.head.IdScriptableObject","com.google.javascript.rhino.head.ScriptableObject",149
"236",4,"closure","com.google.javascript.rhino.head.Interpreter","com.google.javascript.rhino.head.InterpretedFunction",2
"237",4,"closure","com.google.javascript.rhino.head.IRFactory","com.google.javascript.rhino.head.Node",68
"238",4,"closure","com.google.javascript.rhino.head.IRFactory","com.google.javascript.rhino.head.Parser",157
"239",4,"closure","com.google.javascript.rhino.head.NativeArray","com.google.javascript.rhino.head.ScriptableObject",189
"240",4,"closure","com.google.javascript.rhino.head.NativeObject","com.google.javascript.rhino.head.ScriptableObject",261
"241",4,"closure","com.google.javascript.rhino.head.ScriptableObject","com.google.javascript.rhino.head.FunctionObject",15
"242",4,"closure","com.google.javascript.rhino.head.tools.debugger.Dim","com.google.javascript.rhino.head.ScriptRuntime",30
"243",4,"closure","com.google.javascript.rhino.head.tools.shell.Global","com.google.javascript.rhino.head.ScriptRuntime",32
"244",4,"closure","com.google.javascript.rhino.jstype.JSType","com.google.javascript.rhino.jstype.ProxyObjectType",2
"245",4,"lang","org.apache.commons.lang3.builder.ToStringBuilder","org.apache.commons.lang3.builder.ToStringStyle",166
"246",4,"lang","org.apache.commons.lang3.concurrent.MultiBackgroundInitializer","org.apache.commons.lang3.concurrent.BackgroundInitializer",4
"247",4,"lang","org.apache.commons.lang3.text.StrBuilder$StrBuilderReader","org.apache.commons.lang3.text.StrBuilder",2
"248",4,"lang","org.apache.commons.lang3.text.StrSubstitutor","org.apache.commons.lang3.text.StrBuilder",5
"249",4,"lang","org.apache.commons.lang3.time.DurationFormatUtils","org.apache.commons.lang3.time.DurationFormatUtils$Token",8
"250",4,"lang","org.apache.commons.lang3.time.FastDateFormat","org.apache.commons.lang3.time.FastDateFormat$TextField",4
"251",4,"math","org.apache.commons.math.analysis.MullerSolver","org.apache.commons.math.analysis.UnivariateRealSolverImpl",99
"252",4,"math","org.apache.commons.math.geometry.Rotation","org.apache.commons.math.geometry.Vector3D",10
"253",4,"math","org.apache.commons.math.linear.MatrixUtils","org.apache.commons.math.linear.BigMatrixImpl",1
"254",4,"math","org.apache.commons.math.ode.AbstractStepInterpolator","org.apache.commons.math.ode.DormandPrince853StepInterpolator",64
"255",4,"math","org.apache.commons.math.ode.ContinuousOutputModel","org.apache.commons.math.ode.AbstractStepInterpolator",47
"256",4,"math","org.apache.commons.math.ode.EmbeddedRungeKuttaIntegrator","org.apache.commons.math.ode.DormandPrince853Integrator",10
"257",4,"math","org.apache.commons.math.ode.EmbeddedRungeKuttaIntegrator","org.apache.commons.math.ode.HighamHall54Integrator",7
"258",4,"math","org.apache.commons.math.ode.GraggBulirschStoerIntegrator","org.apache.commons.math.ode.AdaptiveStepsizeIntegrator",59
"259",4,"math","org.apache.commons.math.ode.GraggBulirschStoerIntegrator","org.apache.commons.math.ode.SwitchingFunctionsHandler",2
"260",4,"math","org.apache.commons.math.ode.GraggBulirschStoerStepInterpolator","org.apache.commons.math.ode.AbstractStepInterpolator",45
"261",4,"math","org.apache.commons.math.ode.SwitchingFunctionsHandler","org.apache.commons.math.ode.SwitchState",63
"262",4,"math","org.apache.commons.math.ode.SwitchState","org.apache.commons.math.analysis.BrentSolver",60
"263",4,"math","org.apache.commons.math.optimization.NelderMead","org.apache.commons.math.optimization.DirectSearchOptimizer",80
"264",4,"math","org.apache.commons.math.random.EmpiricalDistributionImpl","org.apache.commons.math.stat.descriptive.SummaryStatistics",36
"265",4,"math","org.apache.commons.math.stat.descriptive.AbstractStorelessUnivariateStatistic","org.apache.commons.math.stat.descriptive.moment.Variance",1
"266",4,"math","org.apache.commons.math.stat.inference.TTestImpl","org.apache.commons.math.stat.StatUtils",20
"267",4,"math","org.apache.commons.math.transform.FastFourierTransformer","org.apache.commons.math.complex.Complex",365
"268",4,"mockito","org.mockito.asm.AnnotationWriter","org.mockito.asm.ClassWriter",471
"269",4,"mockito","org.mockito.asm.MethodWriter","org.mockito.asm.ByteVector",103
"270",4,"mockito","org.mockito.asm.MethodWriter","org.mockito.asm.ClassWriter",136
"271",4,"mockito","org.mockito.asm.tree.analysis.BasicVerifier","org.mockito.asm.tree.analysis.BasicInterpreter",20
"272",4,"mockito","org.mockito.cglib.core.CodeEmitter","org.mockito.cglib.core.ClassEmitter",1
"273",4,"mockito","org.mockito.cglib.core.CodeEmitter","org.mockito.cglib.core.TypeUtils",218
"274",4,"mockito","org.mockito.cglib.core.EmitUtils","org.mockito.cglib.core.CodeEmitter",113
"275",4,"mockito","org.mockito.cglib.proxy.Enhancer","org.mockito.cglib.core.CodeEmitter",240
"276",4,"mockito","org.mockito.cglib.proxy.Enhancer","org.mockito.cglib.core.ReflectUtils",32
"277",4,"mockito","org.mockito.cglib.proxy.Mixin$Generator","org.mockito.cglib.core.ReflectUtils",30
"278",4,"time","org.joda.time.base.AbstractPartial","org.joda.time.MonthDay",24
"279",4,"time","org.joda.time.base.AbstractPartial","org.joda.time.TimeOfDay",32
"280",4,"time","org.joda.time.base.AbstractPartial","org.joda.time.YearMonth",36
"281",4,"time","org.joda.time.base.BasePeriod","org.joda.time.base.AbstractPeriod",15
"282",4,"time","org.joda.time.chrono.BasicChronology","org.joda.time.chrono.IslamicChronology",43
"283",4,"time","org.joda.time.chrono.BasicWeekyearDateTimeField","org.joda.time.chrono.BasicChronology",424
"284",4,"time","org.joda.time.chrono.CopticChronology","org.joda.time.DateTimeZone",42
"285",4,"time","org.joda.time.chrono.GJChronology","org.joda.time.chrono.JulianChronology",1
"286",4,"time","org.joda.time.chrono.ISOChronology","org.joda.time.chrono.AssembledChronology",68
"287",4,"time","org.joda.time.chrono.ISOChronology","org.joda.time.DateTimeZone",169
"288",4,"time","org.joda.time.chrono.ZonedChronology","org.joda.time.chrono.AssembledChronology",151
"289",4,"time","org.joda.time.chrono.ZonedChronology","org.joda.time.DateTimeZone",11
"290",4,"time","org.joda.time.chrono.ZonedChronology$ZonedDateTimeField","org.joda.time.DateTimeZone",177
"291",4,"time","org.joda.time.DateTimeUtils","org.joda.time.DateTimeZone",13
"292",4,"time","org.joda.time.DateTimeZone","org.joda.time.format.DateTimeFormat",3
"293",4,"time","org.joda.time.DateTimeZone","org.joda.time.format.FormatUtils",7
"294",4,"time","org.joda.time.DateTimeZone","org.joda.time.tz.FixedDateTimeZone",18
"295",4,"time","org.joda.time.Days","org.joda.time.base.BaseSingleFieldPeriod",6
"296",4,"time","org.joda.time.format.DateTimeFormat","org.joda.time.format.DateTimeFormat$StyleFormatter",1
"297",4,"time","org.joda.time.format.DateTimeFormatter","org.joda.time.DateTimeZone",12
"298",4,"time","org.joda.time.format.DateTimeFormatter","org.joda.time.format.DateTimeParserBucket",11
"299",4,"time","org.joda.time.format.DateTimeParserBucket$SavedState","org.joda.time.format.DateTimeParserBucket",2
"300",4,"time","org.joda.time.format.ISODateTimeFormat","org.joda.time.format.DateTimeFormatterBuilder",11
"301",4,"time","org.joda.time.Hours","org.joda.time.base.BaseSingleFieldPeriod",5
"302",4,"time","org.joda.time.LocalDate","org.joda.time.format.ISODateTimeFormat",6
"303",4,"time","org.joda.time.LocalDateTime","org.joda.time.DateTimeZone",38
"304",4,"time","org.joda.time.LocalDateTime","org.joda.time.format.DateTimeFormatter",5
"305",4,"time","org.joda.time.LocalTime$Property","org.joda.time.LocalTime",4
"306",4,"time","org.joda.time.Minutes","org.joda.time.base.BaseSingleFieldPeriod",1
"307",4,"time","org.joda.time.MutablePeriod","org.joda.time.base.BasePeriod",1
"308",4,"time","org.joda.time.Period","org.joda.time.base.AbstractPeriod",14
"309",4,"time","org.joda.time.Period","org.joda.time.base.BasePeriod",1
"310",4,"time","org.joda.time.Period","org.joda.time.PeriodType",2
"311",4,"time","org.joda.time.Seconds","org.joda.time.base.BaseSingleFieldPeriod",6
"312",4,"time","org.joda.time.tz.ZoneInfoCompiler","org.joda.time.DateTimeZone",315
"313",4,"time","org.joda.time.Weeks","org.joda.time.base.BaseSingleFieldPeriod",1
"314",4,"time","org.joda.time.YearMonthDay","org.joda.time.base.BasePartial",5
"315",5,"closure","com.google.javascript.jscomp.NodeUtil","com.google.javascript.rhino.Node",9
"316",5,"closure","com.google.javascript.rhino.head.Interpreter","com.google.javascript.rhino.head.ScriptableObject",242
"317",5,"closure","com.google.javascript.rhino.head.IRFactory","com.google.javascript.rhino.head.Parser",257
"318",5,"closure","com.google.javascript.rhino.head.NativeArray","com.google.javascript.rhino.head.IdScriptableObject",98
"319",5,"closure","com.google.javascript.rhino.head.NativeArray","com.google.javascript.rhino.head.ScriptRuntime",100
"320",5,"closure","com.google.javascript.rhino.head.NativeObject","com.google.javascript.rhino.head.ScriptableObject",326
"321",5,"closure","com.google.javascript.rhino.head.ScriptRuntime","com.google.javascript.rhino.head.ScriptableObject",136
"322",5,"closure","com.google.javascript.rhino.head.tools.debugger.Dim","com.google.javascript.rhino.head.ScriptRuntime",9
"323",5,"closure","com.google.javascript.rhino.head.tools.shell.Global","com.google.javascript.rhino.head.ScriptRuntime",21
"324",5,"lang","org.apache.commons.lang3.builder.ReflectionToStringBuilder","org.apache.commons.lang3.builder.ToStringBuilder",4
"325",5,"lang","org.apache.commons.lang3.builder.ToStringBuilder","org.apache.commons.lang3.builder.ToStringStyle",2
"326",5,"lang","org.apache.commons.lang3.concurrent.MultiBackgroundInitializer","org.apache.commons.lang3.concurrent.BackgroundInitializer",4
"327",5,"lang","org.apache.commons.lang3.text.StrBuilder$StrBuilderReader","org.apache.commons.lang3.text.StrBuilder",3
"328",5,"lang","org.apache.commons.lang3.text.StrSubstitutor","org.apache.commons.lang3.text.StrBuilder",7
"329",5,"lang","org.apache.commons.lang3.text.translate.UnicodeEscaper","org.apache.commons.lang3.text.translate.CharSequenceTranslator",1
"330",5,"lang","org.apache.commons.lang3.time.DurationFormatUtils","org.apache.commons.lang3.time.DurationFormatUtils$Token",9
"331",5,"lang","org.apache.commons.lang3.time.FastDateFormat","org.apache.commons.lang3.time.FastDateFormat$TextField",4
"332",5,"math","org.apache.commons.math.analysis.LaguerreSolver","org.apache.commons.math.complex.Complex",10
"333",5,"math","org.apache.commons.math.analysis.MullerSolver","org.apache.commons.math.analysis.UnivariateRealSolverImpl",100
"334",5,"math","org.apache.commons.math.fraction.ProperFractionFormat","org.apache.commons.math.fraction.FractionFormat",103
"335",5,"math","org.apache.commons.math.linear.MatrixUtils","org.apache.commons.math.linear.BigMatrixImpl",1
"336",5,"math","org.apache.commons.math.ode.AbstractStepInterpolator","org.apache.commons.math.ode.DormandPrince853StepInterpolator",81
"337",5,"math","org.apache.commons.math.ode.ContinuousOutputModel","org.apache.commons.math.ode.AbstractStepInterpolator",36
"338",5,"math","org.apache.commons.math.ode.EmbeddedRungeKuttaIntegrator","org.apache.commons.math.ode.DormandPrince853Integrator",12
"339",5,"math","org.apache.commons.math.ode.EmbeddedRungeKuttaIntegrator","org.apache.commons.math.ode.HighamHall54Integrator",6
"340",5,"math","org.apache.commons.math.ode.GraggBulirschStoerIntegrator","org.apache.commons.math.ode.AdaptiveStepsizeIntegrator",53
"341",5,"math","org.apache.commons.math.ode.GraggBulirschStoerStepInterpolator","org.apache.commons.math.ode.AbstractStepInterpolator",16
"342",5,"math","org.apache.commons.math.ode.SwitchingFunctionsHandler","org.apache.commons.math.ode.SwitchState",68
"343",5,"math","org.apache.commons.math.ode.SwitchState","org.apache.commons.math.analysis.BrentSolver",57
"344",5,"math","org.apache.commons.math.optimization.NelderMead","org.apache.commons.math.optimization.DirectSearchOptimizer",50
"345",5,"math","org.apache.commons.math.random.EmpiricalDistributionImpl","org.apache.commons.math.stat.descriptive.SummaryStatistics",31
"346",5,"math","org.apache.commons.math.stat.descriptive.AbstractStorelessUnivariateStatistic","org.apache.commons.math.stat.descriptive.moment.Variance",1
"347",5,"math","org.apache.commons.math.stat.inference.TTestImpl","org.apache.commons.math.stat.StatUtils",35
"348",5,"math","org.apache.commons.math.transform.FastFourierTransformer","org.apache.commons.math.complex.Complex",335
"349",5,"mockito","org.mockito.asm.AnnotationWriter","org.mockito.asm.ClassWriter",429
"350",5,"mockito","org.mockito.asm.MethodWriter","org.mockito.asm.ByteVector",86
"351",5,"mockito","org.mockito.asm.MethodWriter","org.mockito.asm.ClassWriter",48
"352",5,"mockito","org.mockito.asm.tree.analysis.BasicVerifier","org.mockito.asm.tree.analysis.BasicInterpreter",7
"353",5,"mockito","org.mockito.cglib.core.CodeEmitter","org.mockito.cglib.core.ClassEmitter",1
"354",5,"mockito","org.mockito.cglib.core.CodeEmitter","org.mockito.cglib.core.TypeUtils",202
"355",5,"mockito","org.mockito.cglib.core.EmitUtils","org.mockito.cglib.core.CodeEmitter",101
"356",5,"mockito","org.mockito.cglib.proxy.Enhancer","org.mockito.cglib.core.ReflectUtils",34
"357",5,"mockito","org.mockito.cglib.proxy.Mixin$Generator","org.mockito.cglib.core.ReflectUtils",15
"358",5,"time","org.joda.time.base.AbstractPartial","org.joda.time.MonthDay",17
"359",5,"time","org.joda.time.base.AbstractPartial","org.joda.time.TimeOfDay",1
"360",5,"time","org.joda.time.base.AbstractPartial","org.joda.time.YearMonth",51
"361",5,"time","org.joda.time.base.AbstractPartial","org.joda.time.YearMonthDay",9
"362",5,"time","org.joda.time.base.BasePeriod","org.joda.time.base.AbstractPeriod",16
"363",5,"time","org.joda.time.chrono.BasicChronology","org.joda.time.chrono.CopticChronology",18
"364",5,"time","org.joda.time.chrono.BasicChronology","org.joda.time.chrono.EthiopicChronology",8
"365",5,"time","org.joda.time.chrono.BasicWeekyearDateTimeField","org.joda.time.chrono.BasicChronology",167
"366",5,"time","org.joda.time.chrono.CopticChronology","org.joda.time.DateTimeZone",34
"367",5,"time","org.joda.time.chrono.GJChronology","org.joda.time.chrono.GJChronology$CutoverField",2
"368",5,"time","org.joda.time.chrono.ISOChronology","org.joda.time.DateTimeZone",53
"369",5,"time","org.joda.time.chrono.ZonedChronology","org.joda.time.chrono.AssembledChronology",135
"370",5,"time","org.joda.time.chrono.ZonedChronology","org.joda.time.DateTimeZone",12
"371",5,"time","org.joda.time.chrono.ZonedChronology$ZonedDateTimeField","org.joda.time.DateTimeZone",23
"372",5,"time","org.joda.time.DateTimeUtils","org.joda.time.DateTimeZone",6
"373",5,"time","org.joda.time.DateTimeZone","org.joda.time.format.DateTimeFormat",7
"374",5,"time","org.joda.time.DateTimeZone","org.joda.time.format.FormatUtils",18
"375",5,"time","org.joda.time.Days","org.joda.time.base.BaseSingleFieldPeriod",122
"376",5,"time","org.joda.time.format.DateTimeFormat","org.joda.time.format.DateTimeFormatterBuilder",2
"377",5,"time","org.joda.time.format.DateTimeFormatter","org.joda.time.DateTimeZone",18
"378",5,"time","org.joda.time.format.DateTimeFormatter","org.joda.time.format.DateTimeParserBucket",10
"379",5,"time","org.joda.time.format.DateTimeFormatterBuilder$PaddedNumber","org.joda.time.format.DateTimeFormatterBuilder",3
"380",5,"time","org.joda.time.format.DateTimeFormatterBuilder$TextField","org.joda.time.format.DateTimeParserBucket",4
"381",5,"time","org.joda.time.format.DateTimeParserBucket$SavedState","org.joda.time.format.DateTimeParserBucket",3
"382",5,"time","org.joda.time.format.ISODateTimeFormat","org.joda.time.format.DateTimeFormatterBuilder",16
"383",5,"time","org.joda.time.Hours","org.joda.time.base.BaseSingleFieldPeriod",6
"384",5,"time","org.joda.time.LocalDate","org.joda.time.DateTime",2
"385",5,"time","org.joda.time.LocalDate","org.joda.time.format.ISODateTimeFormat",40
"386",5,"time","org.joda.time.LocalDateTime","org.joda.time.DateTimeZone",222
"387",5,"time","org.joda.time.LocalDateTime","org.joda.time.format.DateTimeFormatter",2
"388",5,"time","org.joda.time.Minutes","org.joda.time.base.BaseSingleFieldPeriod",15
"389",5,"time","org.joda.time.MutablePeriod","org.joda.time.base.BasePeriod",128
"390",5,"time","org.joda.time.Period","org.joda.time.base.AbstractPeriod",67
"391",5,"time","org.joda.time.Period","org.joda.time.base.BasePeriod",8
"392",5,"time","org.joda.time.Period","org.joda.time.PeriodType",548
"393",5,"time","org.joda.time.tz.ZoneInfoCompiler","org.joda.time.DateTimeZone",187
"394",5,"time","org.joda.time.Weeks","org.joda.time.base.BaseSingleFieldPeriod",120
"395",5,"time","org.joda.time.YearMonthDay","org.joda.time.base.BasePartial",15
"396",6,"closure","com.google.javascript.rhino.head.IRFactory","com.google.javascript.rhino.head.Node",74
"397",6,"closure","com.google.javascript.rhino.head.NativeArray","com.google.javascript.rhino.head.IdScriptableObject",83
"398",6,"closure","com.google.javascript.rhino.head.NativeObject","com.google.javascript.rhino.head.ScriptableObject",189
"399",6,"closure","com.google.javascript.rhino.head.ScriptRuntime","com.google.javascript.rhino.head.ScriptableObject",146
"400",6,"closure","com.google.javascript.rhino.head.tools.shell.Global","com.google.javascript.rhino.head.ScriptRuntime",11
"401",6,"lang","org.apache.commons.lang3.builder.ToStringBuilder","org.apache.commons.lang3.builder.ToStringStyle",189
"402",6,"lang","org.apache.commons.lang3.CharUtils","org.apache.commons.lang3.StringUtils",1
"403",6,"lang","org.apache.commons.lang3.concurrent.MultiBackgroundInitializer","org.apache.commons.lang3.concurrent.BackgroundInitializer",1
"404",6,"lang","org.apache.commons.lang3.text.StrBuilder$StrBuilderReader","org.apache.commons.lang3.text.StrBuilder",4
"405",6,"lang","org.apache.commons.lang3.text.StrSubstitutor","org.apache.commons.lang3.text.StrBuilder",9
"406",6,"lang","org.apache.commons.lang3.text.translate.UnicodeEscaper","org.apache.commons.lang3.text.translate.CharSequenceTranslator",1
"407",6,"lang","org.apache.commons.lang3.time.DurationFormatUtils","org.apache.commons.lang3.time.DurationFormatUtils$Token",15
"408",6,"lang","org.apache.commons.lang3.time.FastDateFormat","org.apache.commons.lang3.time.FastDateFormat$TextField",12
"409",6,"math","org.apache.commons.math.analysis.LaguerreSolver","org.apache.commons.math.complex.Complex",4
"410",6,"math","org.apache.commons.math.analysis.MullerSolver","org.apache.commons.math.analysis.UnivariateRealSolverImpl",98
"411",6,"math","org.apache.commons.math.fraction.ProperFractionFormat","org.apache.commons.math.fraction.FractionFormat",95
"412",6,"math","org.apache.commons.math.linear.MatrixUtils","org.apache.commons.math.linear.BigMatrixImpl",1
"413",6,"math","org.apache.commons.math.ode.AbstractStepInterpolator","org.apache.commons.math.ode.DormandPrince853StepInterpolator",73
"414",6,"math","org.apache.commons.math.ode.ContinuousOutputModel","org.apache.commons.math.ode.AbstractStepInterpolator",47
"415",6,"math","org.apache.commons.math.ode.EmbeddedRungeKuttaIntegrator","org.apache.commons.math.ode.DormandPrince853Integrator",11
"416",6,"math","org.apache.commons.math.ode.EmbeddedRungeKuttaIntegrator","org.apache.commons.math.ode.HighamHall54Integrator",9
"417",6,"math","org.apache.commons.math.ode.GraggBulirschStoerIntegrator","org.apache.commons.math.ode.AdaptiveStepsizeIntegrator",56
"418",6,"math","org.apache.commons.math.ode.GraggBulirschStoerIntegrator","org.apache.commons.math.ode.SwitchingFunctionsHandler",5
"419",6,"math","org.apache.commons.math.ode.GraggBulirschStoerStepInterpolator","org.apache.commons.math.ode.AbstractStepInterpolator",17
"420",6,"math","org.apache.commons.math.ode.SwitchingFunctionsHandler","org.apache.commons.math.ode.SwitchState",71
"421",6,"math","org.apache.commons.math.ode.SwitchState","org.apache.commons.math.analysis.BrentSolver",77
"422",6,"math","org.apache.commons.math.optimization.NelderMead","org.apache.commons.math.optimization.DirectSearchOptimizer",56
"423",6,"math","org.apache.commons.math.random.EmpiricalDistributionImpl","org.apache.commons.math.stat.descriptive.SummaryStatistics",31
"424",6,"math","org.apache.commons.math.stat.descriptive.AbstractStorelessUnivariateStatistic","org.apache.commons.math.stat.descriptive.moment.Variance",1
"425",6,"math","org.apache.commons.math.stat.inference.TTestImpl","org.apache.commons.math.stat.StatUtils",2
"426",6,"math","org.apache.commons.math.transform.FastFourierTransformer","org.apache.commons.math.complex.Complex",274
"427",6,"mockito","org.mockito.asm.AnnotationWriter","org.mockito.asm.ClassWriter",418
"428",6,"mockito","org.mockito.asm.MethodWriter","org.mockito.asm.ByteVector",74
"429",6,"mockito","org.mockito.asm.tree.analysis.BasicVerifier","org.mockito.asm.tree.analysis.BasicInterpreter",8
"430",6,"mockito","org.mockito.cglib.core.CodeEmitter","org.mockito.cglib.core.TypeUtils",260
"431",6,"mockito","org.mockito.cglib.core.EmitUtils","org.mockito.cglib.core.CodeEmitter",87
"432",6,"mockito","org.mockito.cglib.proxy.Enhancer","org.mockito.cglib.core.ReflectUtils",28
"433",6,"mockito","org.mockito.cglib.proxy.Mixin$Generator","org.mockito.cglib.core.ReflectUtils",30
"434",6,"time","org.joda.time.base.AbstractPartial","org.joda.time.MonthDay",58
"435",6,"time","org.joda.time.base.AbstractPartial","org.joda.time.TimeOfDay",14
"436",6,"time","org.joda.time.base.AbstractPartial","org.joda.time.YearMonth",16
"437",6,"time","org.joda.time.base.AbstractPartial","org.joda.time.YearMonthDay",9
"438",6,"time","org.joda.time.base.BasePeriod","org.joda.time.base.AbstractPeriod",23
"439",6,"time","org.joda.time.chrono.BasicChronology","org.joda.time.chrono.CopticChronology",22
"440",6,"time","org.joda.time.chrono.BasicChronology","org.joda.time.chrono.EthiopicChronology",6
"441",6,"time","org.joda.time.chrono.BasicWeekyearDateTimeField","org.joda.time.chrono.BasicChronology",6
"442",6,"time","org.joda.time.chrono.CopticChronology","org.joda.time.DateTimeZone",57
"443",6,"time","org.joda.time.chrono.ISOChronology","org.joda.time.chrono.AssembledChronology",29
"444",6,"time","org.joda.time.chrono.ISOChronology","org.joda.time.DateTimeZone",122
"445",6,"time","org.joda.time.chrono.ZonedChronology","org.joda.time.chrono.AssembledChronology",64
"446",6,"time","org.joda.time.chrono.ZonedChronology","org.joda.time.DateTimeZone",8
"447",6,"time","org.joda.time.chrono.ZonedChronology$ZonedDateTimeField","org.joda.time.DateTimeZone",39
"448",6,"time","org.joda.time.DateTimeUtils","org.joda.time.DateTimeZone",42
"449",6,"time","org.joda.time.Days","org.joda.time.base.BaseSingleFieldPeriod",108
"450",6,"time","org.joda.time.format.DateTimeFormatter","org.joda.time.DateTimeZone",14
"451",6,"time","org.joda.time.format.DateTimeFormatter","org.joda.time.format.DateTimeParserBucket",8
"452",6,"time","org.joda.time.format.DateTimeFormatterBuilder$PaddedNumber","org.joda.time.format.DateTimeFormatterBuilder",7
"453",6,"time","org.joda.time.format.DateTimeFormatterBuilder$TextField","org.joda.time.format.DateTimeParserBucket",3
"454",6,"time","org.joda.time.format.DateTimeFormatterBuilder$TextField","org.joda.time.MutableDateTime",2
"455",6,"time","org.joda.time.format.DateTimeParserBucket$SavedState","org.joda.time.format.DateTimeParserBucket",16
"456",6,"time","org.joda.time.format.ISODateTimeFormat","org.joda.time.format.DateTimeFormatterBuilder",10
"457",6,"time","org.joda.time.Hours","org.joda.time.base.BaseSingleFieldPeriod",8
"458",6,"time","org.joda.time.LocalDate","org.joda.time.format.ISODateTimeFormat",2
"459",6,"time","org.joda.time.LocalDateTime","org.joda.time.DateTimeZone",100
"460",6,"time","org.joda.time.LocalDateTime","org.joda.time.format.DateTimeFormatter",5
"461",6,"time","org.joda.time.Minutes","org.joda.time.base.BaseSingleFieldPeriod",12
"462",6,"time","org.joda.time.MutablePeriod","org.joda.time.base.BasePeriod",3
"463",6,"time","org.joda.time.Period","org.joda.time.base.AbstractPeriod",17
"464",6,"time","org.joda.time.Period","org.joda.time.PeriodType",234
"465",6,"time","org.joda.time.Seconds","org.joda.time.base.BaseSingleFieldPeriod",1
"466",6,"time","org.joda.time.tz.ZoneInfoCompiler","org.joda.time.DateTimeZone",176
"467",6,"time","org.joda.time.Weeks","org.joda.time.base.BaseSingleFieldPeriod",14
"468",6,"time","org.joda.time.YearMonthDay","org.joda.time.base.BasePartial",8
"469",7,"closure","com.google.javascript.rhino.head.IdScriptableObject","com.google.javascript.rhino.head.ScriptableObject",265
"470",7,"closure","com.google.javascript.rhino.head.IRFactory","com.google.javascript.rhino.head.Parser",3
"471",7,"closure","com.google.javascript.rhino.head.NativeArray","com.google.javascript.rhino.head.IdScriptableObject",99
"472",7,"closure","com.google.javascript.rhino.head.NativeArray","com.google.javascript.rhino.head.ScriptableObject",190
"473",7,"closure","com.google.javascript.rhino.head.NativeArray","com.google.javascript.rhino.head.ScriptRuntime",107
"474",7,"closure","com.google.javascript.rhino.head.ScriptableObject","com.google.javascript.rhino.head.FunctionObject",20
"475",7,"closure","com.google.javascript.rhino.head.tools.debugger.Dim","com.google.javascript.rhino.head.ScriptRuntime",9
"476",7,"closure","com.google.javascript.rhino.head.tools.shell.Global","com.google.javascript.rhino.head.ScriptRuntime",36
"477",7,"closure","com.google.javascript.rhino.JSDocInfoBuilder","com.google.javascript.rhino.JSDocInfo",74
"478",7,"closure","com.google.javascript.rhino.jstype.JSType","com.google.javascript.rhino.jstype.ProxyObjectType",1
"479",7,"closure","com.google.javascript.rhino.jstype.JSType","com.google.javascript.rhino.jstype.UnionType",16
"480",7,"lang","org.apache.commons.lang3.concurrent.MultiBackgroundInitializer","org.apache.commons.lang3.concurrent.BackgroundInitializer",9
"481",7,"lang","org.apache.commons.lang3.text.StrBuilder$StrBuilderReader","org.apache.commons.lang3.text.StrBuilder",1
"482",7,"lang","org.apache.commons.lang3.text.StrSubstitutor","org.apache.commons.lang3.text.StrBuilder",8
"483",7,"lang","org.apache.commons.lang3.text.translate.UnicodeEscaper","org.apache.commons.lang3.text.translate.CharSequenceTranslator",1
"484",7,"lang","org.apache.commons.lang3.time.DurationFormatUtils","org.apache.commons.lang3.time.DurationFormatUtils$Token",25
"485",7,"lang","org.apache.commons.lang3.time.FastDateFormat","org.apache.commons.lang3.time.FastDateFormat$TextField",12
"486",7,"math","org.apache.commons.math.analysis.LaguerreSolver","org.apache.commons.math.complex.Complex",2
"487",7,"math","org.apache.commons.math.analysis.MullerSolver","org.apache.commons.math.analysis.UnivariateRealSolverImpl",99
"488",7,"math","org.apache.commons.math.fraction.ProperFractionFormat","org.apache.commons.math.fraction.FractionFormat",93
"489",7,"math","org.apache.commons.math.linear.MatrixUtils","org.apache.commons.math.linear.BigMatrixImpl",113
"490",7,"math","org.apache.commons.math.ode.AbstractStepInterpolator","org.apache.commons.math.ode.DormandPrince853StepInterpolator",63
"491",7,"math","org.apache.commons.math.ode.ContinuousOutputModel","org.apache.commons.math.ode.AbstractStepInterpolator",45
"492",7,"math","org.apache.commons.math.ode.EmbeddedRungeKuttaIntegrator","org.apache.commons.math.ode.DormandPrince853Integrator",8
"493",7,"math","org.apache.commons.math.ode.EmbeddedRungeKuttaIntegrator","org.apache.commons.math.ode.HighamHall54Integrator",7
"494",7,"math","org.apache.commons.math.ode.GraggBulirschStoerIntegrator","org.apache.commons.math.ode.AdaptiveStepsizeIntegrator",70
"495",7,"math","org.apache.commons.math.ode.GraggBulirschStoerIntegrator","org.apache.commons.math.ode.SwitchingFunctionsHandler",5
"496",7,"math","org.apache.commons.math.ode.GraggBulirschStoerStepInterpolator","org.apache.commons.math.ode.AbstractStepInterpolator",38
"497",7,"math","org.apache.commons.math.ode.SwitchingFunctionsHandler","org.apache.commons.math.ode.SwitchState",61
"498",7,"math","org.apache.commons.math.optimization.NelderMead","org.apache.commons.math.optimization.DirectSearchOptimizer",59
"499",7,"math","org.apache.commons.math.transform.FastFourierTransformer","org.apache.commons.math.complex.Complex",5
"500",7,"mockito","org.mockito.asm.AnnotationWriter","org.mockito.asm.ClassWriter",509
"501",7,"mockito","org.mockito.asm.MethodWriter","org.mockito.asm.ByteVector",78
"502",7,"mockito","org.mockito.asm.MethodWriter","org.mockito.asm.ClassWriter",88
"503",7,"mockito","org.mockito.asm.tree.analysis.BasicVerifier","org.mockito.asm.tree.analysis.BasicInterpreter",11
"504",7,"mockito","org.mockito.cglib.core.ClassEmitter","org.mockito.cglib.transform.impl.InterceptFieldTransformer",10
"505",7,"mockito","org.mockito.cglib.core.CodeEmitter","org.mockito.cglib.core.ClassEmitter",1
"506",7,"mockito","org.mockito.cglib.core.CodeEmitter","org.mockito.cglib.core.TypeUtils",235
"507",7,"mockito","org.mockito.cglib.core.EmitUtils","org.mockito.cglib.core.CodeEmitter",50
"508",7,"mockito","org.mockito.cglib.proxy.Enhancer","org.mockito.cglib.core.ReflectUtils",28
"509",7,"time","org.joda.time.base.AbstractPartial","org.joda.time.MonthDay",46
"510",7,"time","org.joda.time.chrono.BasicChronology","org.joda.time.chrono.IslamicChronology",79
"511",7,"time","org.joda.time.chrono.BasicWeekyearDateTimeField","org.joda.time.chrono.BasicChronology",384
"512",7,"time","org.joda.time.chrono.CopticChronology","org.joda.time.DateTimeZone",45
"513",7,"time","org.joda.time.chrono.ISOChronology","org.joda.time.chrono.AssembledChronology",10
"514",7,"time","org.joda.time.chrono.ISOChronology","org.joda.time.DateTimeZone",50
"515",7,"time","org.joda.time.chrono.ZonedChronology","org.joda.time.chrono.AssembledChronology",6
"516",7,"time","org.joda.time.chrono.ZonedChronology$ZonedDateTimeField","org.joda.time.DateTimeZone",17
"517",7,"time","org.joda.time.DateTimeUtils","org.joda.time.DateTimeZone",22
"518",7,"time","org.joda.time.DateTimeZone","org.joda.time.format.DateTimeFormat",7
"519",7,"time","org.joda.time.Days","org.joda.time.base.BaseSingleFieldPeriod",2
"520",7,"time","org.joda.time.format.DateTimeFormat","org.joda.time.format.DateTimeFormat$StyleFormatter",4
"521",7,"time","org.joda.time.format.DateTimeFormatter","org.joda.time.DateTimeZone",10
"522",7,"time","org.joda.time.format.DateTimeFormatter","org.joda.time.format.DateTimeParserBucket",2
"523",7,"time","org.joda.time.format.DateTimeFormatterBuilder$PaddedNumber","org.joda.time.format.DateTimeFormatterBuilder",2
"524",7,"time","org.joda.time.format.DateTimeFormatterBuilder$TextField","org.joda.time.MutableDateTime",2
"525",7,"time","org.joda.time.format.DateTimeParserBucket$SavedState","org.joda.time.format.DateTimeParserBucket",61
"526",7,"time","org.joda.time.format.ISODateTimeFormat","org.joda.time.format.DateTimeFormatterBuilder",18
"527",7,"time","org.joda.time.Hours","org.joda.time.base.BaseSingleFieldPeriod",2
"528",7,"time","org.joda.time.LocalDate","org.joda.time.format.ISODateTimeFormat",17
"529",7,"time","org.joda.time.LocalDateTime","org.joda.time.DateTimeZone",54
"530",7,"time","org.joda.time.LocalDateTime","org.joda.time.format.DateTimeFormatter",51
"531",7,"time","org.joda.time.LocalTime$Property","org.joda.time.LocalTime",53
"532",7,"time","org.joda.time.Minutes","org.joda.time.base.BaseSingleFieldPeriod",7
"533",7,"time","org.joda.time.MutableInterval","org.joda.time.base.BaseInterval",1
"534",7,"time","org.joda.time.Period","org.joda.time.base.AbstractPeriod",17
"535",7,"time","org.joda.time.Period","org.joda.time.base.BasePeriod",1
"536",7,"time","org.joda.time.Period","org.joda.time.PeriodType",507
"537",7,"time","org.joda.time.Seconds","org.joda.time.base.BaseSingleFieldPeriod",3
"538",7,"time","org.joda.time.tz.ZoneInfoCompiler","org.joda.time.DateTimeZone",176
"539",7,"time","org.joda.time.Weeks","org.joda.time.base.BaseSingleFieldPeriod",8
"540",7,"time","org.joda.time.YearMonthDay","org.joda.time.base.BasePartial",14
"541",8,"closure","com.google.javascript.rhino.head.IdScriptableObject","com.google.javascript.rhino.head.ScriptableObject",120
"542",8,"closure","com.google.javascript.rhino.head.Interpreter","com.google.javascript.rhino.head.ScriptableObject",181
"543",8,"closure","com.google.javascript.rhino.head.IRFactory","com.google.javascript.rhino.head.Node",43
"544",8,"closure","com.google.javascript.rhino.head.IRFactory","com.google.javascript.rhino.head.Parser",190
"545",8,"closure","com.google.javascript.rhino.head.regexp.NativeRegExp","com.google.javascript.rhino.head.ScriptRuntime",58
"546",8,"closure","com.google.javascript.rhino.head.tools.debugger.Dim","com.google.javascript.rhino.head.ScriptRuntime",35
"547",8,"closure","com.google.javascript.rhino.head.tools.shell.Global","com.google.javascript.rhino.head.ScriptRuntime",26
"548",8,"closure","com.google.javascript.rhino.jstype.JSType","com.google.javascript.rhino.jstype.FunctionType",259
"549",8,"closure","com.google.javascript.rhino.jstype.JSType","com.google.javascript.rhino.jstype.ProxyObjectType",9
"550",8,"closure","com.google.javascript.rhino.jstype.JSType","com.google.javascript.rhino.jstype.UnionType",9
"551",8,"lang","org.apache.commons.lang3.builder.ToStringBuilder","org.apache.commons.lang3.builder.ToStringStyle",62
"552",8,"lang","org.apache.commons.lang3.CharUtils","org.apache.commons.lang3.StringUtils",1
"553",8,"lang","org.apache.commons.lang3.concurrent.MultiBackgroundInitializer","org.apache.commons.lang3.concurrent.BackgroundInitializer",10
"554",8,"lang","org.apache.commons.lang3.text.StrBuilder$StrBuilderReader","org.apache.commons.lang3.text.StrBuilder",9
"555",8,"lang","org.apache.commons.lang3.text.StrSubstitutor","org.apache.commons.lang3.text.StrBuilder",12
"556",8,"lang","org.apache.commons.lang3.time.DurationFormatUtils","org.apache.commons.lang3.time.DurationFormatUtils$Token",9
"557",8,"lang","org.apache.commons.lang3.time.FastDateFormat","org.apache.commons.lang3.time.FastDateFormat$TextField",11
"558",8,"math","org.apache.commons.math.analysis.LaguerreSolver","org.apache.commons.math.complex.Complex",2
"559",8,"math","org.apache.commons.math.analysis.MullerSolver","org.apache.commons.math.analysis.UnivariateRealSolverImpl",94
"560",8,"math","org.apache.commons.math.fraction.ProperFractionFormat","org.apache.commons.math.fraction.FractionFormat",88
"561",8,"math","org.apache.commons.math.linear.MatrixUtils","org.apache.commons.math.linear.BigMatrixImpl",1
"562",8,"math","org.apache.commons.math.ode.AbstractStepInterpolator","org.apache.commons.math.ode.DormandPrince853StepInterpolator",77
"563",8,"math","org.apache.commons.math.ode.ContinuousOutputModel","org.apache.commons.math.ode.AbstractStepInterpolator",38
"564",8,"math","org.apache.commons.math.ode.EmbeddedRungeKuttaIntegrator","org.apache.commons.math.ode.DormandPrince853Integrator",10
"565",8,"math","org.apache.commons.math.ode.GraggBulirschStoerIntegrator","org.apache.commons.math.ode.AdaptiveStepsizeIntegrator",47
"566",8,"math","org.apache.commons.math.ode.GraggBulirschStoerIntegrator","org.apache.commons.math.ode.SwitchingFunctionsHandler",14
"567",8,"math","org.apache.commons.math.ode.GraggBulirschStoerStepInterpolator","org.apache.commons.math.ode.AbstractStepInterpolator",37
"568",8,"math","org.apache.commons.math.ode.SwitchingFunctionsHandler","org.apache.commons.math.ode.SwitchState",38
"569",8,"math","org.apache.commons.math.ode.SwitchState","org.apache.commons.math.analysis.BrentSolver",41
"570",8,"math","org.apache.commons.math.optimization.NelderMead","org.apache.commons.math.optimization.DirectSearchOptimizer",86
"571",8,"math","org.apache.commons.math.random.EmpiricalDistributionImpl","org.apache.commons.math.stat.descriptive.SummaryStatistics",36
"572",8,"math","org.apache.commons.math.stat.descriptive.AbstractStorelessUnivariateStatistic","org.apache.commons.math.stat.descriptive.moment.Variance",1
"573",8,"math","org.apache.commons.math.stat.descriptive.DescriptiveStatistics","org.apache.commons.math.util.ResizableDoubleArray",1
"574",8,"math","org.apache.commons.math.stat.inference.TTestImpl","org.apache.commons.math.stat.StatUtils",20
"575",8,"math","org.apache.commons.math.transform.FastFourierTransformer","org.apache.commons.math.complex.Complex",274
"576",8,"mockito","org.mockito.asm.AnnotationWriter","org.mockito.asm.ClassWriter",476
"577",8,"mockito","org.mockito.asm.MethodWriter","org.mockito.asm.ByteVector",93
"578",8,"mockito","org.mockito.asm.MethodWriter","org.mockito.asm.ClassWriter",55
"579",8,"mockito","org.mockito.asm.tree.analysis.BasicVerifier","org.mockito.asm.tree.analysis.BasicInterpreter",27
"580",8,"mockito","org.mockito.cglib.core.ClassEmitter","org.mockito.cglib.transform.impl.InterceptFieldTransformer",10
"581",8,"mockito","org.mockito.cglib.core.CodeEmitter","org.mockito.cglib.core.ClassEmitter",1
"582",8,"mockito","org.mockito.cglib.core.CodeEmitter","org.mockito.cglib.core.TypeUtils",228
"583",8,"mockito","org.mockito.cglib.core.EmitUtils","org.mockito.cglib.core.CodeEmitter",84
"584",8,"mockito","org.mockito.cglib.proxy.Enhancer","org.mockito.cglib.core.ReflectUtils",28
"585",8,"mockito","org.mockito.cglib.proxy.Mixin$Generator","org.mockito.cglib.core.ReflectUtils",27
"586",8,"time","org.joda.time.base.AbstractPartial","org.joda.time.MonthDay",2
"587",8,"time","org.joda.time.base.AbstractPartial","org.joda.time.TimeOfDay",1
"588",8,"time","org.joda.time.base.AbstractPartial","org.joda.time.YearMonth",61
"589",8,"time","org.joda.time.base.BasePeriod","org.joda.time.base.AbstractPeriod",17
"590",8,"time","org.joda.time.chrono.BasicChronology","org.joda.time.chrono.EthiopicChronology",8
"591",8,"time","org.joda.time.chrono.BasicChronology","org.joda.time.chrono.IslamicChronology",2
"592",8,"time","org.joda.time.chrono.BasicWeekyearDateTimeField","org.joda.time.chrono.BasicChronology",12
"593",8,"time","org.joda.time.chrono.CopticChronology","org.joda.time.DateTimeZone",17
"594",8,"time","org.joda.time.chrono.GJChronology","org.joda.time.chrono.JulianChronology",1
"595",8,"time","org.joda.time.chrono.ISOChronology","org.joda.time.chrono.AssembledChronology",2
"596",8,"time","org.joda.time.chrono.ISOChronology","org.joda.time.DateTimeZone",175
"597",8,"time","org.joda.time.chrono.ZonedChronology","org.joda.time.chrono.AssembledChronology",69
"598",8,"time","org.joda.time.chrono.ZonedChronology","org.joda.time.DateTimeZone",140
"599",8,"time","org.joda.time.chrono.ZonedChronology$ZonedDateTimeField","org.joda.time.DateTimeZone",186
"600",8,"time","org.joda.time.DateTimeUtils","org.joda.time.DateTimeZone",66
"601",8,"time","org.joda.time.DateTimeZone","org.joda.time.field.FieldUtils",12
"602",8,"time","org.joda.time.DateTimeZone","org.joda.time.format.FormatUtils",3
"603",8,"time","org.joda.time.Days","org.joda.time.base.BaseSingleFieldPeriod",6
"604",8,"time","org.joda.time.format.DateTimeFormat","org.joda.time.format.DateTimeFormat$StyleFormatter",5
"605",8,"time","org.joda.time.format.DateTimeFormatter","org.joda.time.DateTimeZone",17
"606",8,"time","org.joda.time.format.DateTimeFormatter","org.joda.time.format.DateTimeParserBucket",63
"607",8,"time","org.joda.time.format.DateTimeFormatterBuilder$TextField","org.joda.time.format.DateTimeParserBucket",2
"608",8,"time","org.joda.time.format.DateTimeFormatterBuilder$TextField","org.joda.time.MutableDateTime",2
"609",8,"time","org.joda.time.format.DateTimeParserBucket$SavedState","org.joda.time.format.DateTimeParserBucket",15
"610",8,"time","org.joda.time.format.ISODateTimeFormat","org.joda.time.format.DateTimeFormatterBuilder",7
"611",8,"time","org.joda.time.Hours","org.joda.time.base.BaseSingleFieldPeriod",14
"612",8,"time","org.joda.time.LocalDate","org.joda.time.format.ISODateTimeFormat",31
"613",8,"time","org.joda.time.LocalDateTime","org.joda.time.DateTimeZone",45
"614",8,"time","org.joda.time.LocalTime$Property","org.joda.time.LocalTime",4
"615",8,"time","org.joda.time.Minutes","org.joda.time.base.BaseSingleFieldPeriod",5
"616",8,"time","org.joda.time.MutableInterval","org.joda.time.base.BaseInterval",2
"617",8,"time","org.joda.time.MutablePeriod","org.joda.time.base.BasePeriod",1
"618",8,"time","org.joda.time.Period","org.joda.time.base.BasePeriod",1
"619",8,"time","org.joda.time.Period","org.joda.time.PeriodType",579
"620",8,"time","org.joda.time.Seconds","org.joda.time.base.BaseSingleFieldPeriod",2
"621",8,"time","org.joda.time.tz.ZoneInfoCompiler","org.joda.time.DateTimeZone",37
"622",8,"time","org.joda.time.Weeks","org.joda.time.base.BaseSingleFieldPeriod",6
"623",8,"time","org.joda.time.YearMonthDay","org.joda.time.base.BasePartial",15
"624",9,"closure","com.google.javascript.rhino.head.IRFactory","com.google.javascript.rhino.head.Node",53
"625",9,"closure","com.google.javascript.rhino.head.IRFactory","com.google.javascript.rhino.head.Parser",198
"626",9,"closure","com.google.javascript.rhino.head.NativeArray","com.google.javascript.rhino.head.IdScriptableObject",94
"627",9,"closure","com.google.javascript.rhino.head.NativeObject","com.google.javascript.rhino.head.ScriptableObject",474
"628",9,"closure","com.google.javascript.rhino.head.ScriptableObject","com.google.javascript.rhino.head.FunctionObject",24
"629",9,"closure","com.google.javascript.rhino.head.tools.shell.Global","com.google.javascript.rhino.head.ScriptRuntime",47
"630",9,"closure","com.google.javascript.rhino.jstype.JSType","com.google.javascript.rhino.jstype.FunctionType",330
"631",9,"closure","com.google.javascript.rhino.jstype.JSType","com.google.javascript.rhino.jstype.ProxyObjectType",4
"632",9,"lang","org.apache.commons.lang3.builder.ToStringBuilder","org.apache.commons.lang3.builder.ToStringStyle",104
"633",9,"lang","org.apache.commons.lang3.concurrent.MultiBackgroundInitializer","org.apache.commons.lang3.concurrent.BackgroundInitializer",8
"634",9,"lang","org.apache.commons.lang3.text.StrBuilder$StrBuilderReader","org.apache.commons.lang3.text.StrBuilder",2
"635",9,"lang","org.apache.commons.lang3.text.StrSubstitutor","org.apache.commons.lang3.text.StrBuilder",23
"636",9,"lang","org.apache.commons.lang3.time.DurationFormatUtils","org.apache.commons.lang3.time.DurationFormatUtils$Token",20
"637",9,"lang","org.apache.commons.lang3.time.FastDateFormat","org.apache.commons.lang3.time.FastDateFormat$TextField",4
"638",9,"math","org.apache.commons.math.analysis.LaguerreSolver","org.apache.commons.math.complex.Complex",6
"639",9,"math","org.apache.commons.math.analysis.MullerSolver","org.apache.commons.math.analysis.UnivariateRealSolverImpl",99
"640",9,"math","org.apache.commons.math.fraction.ProperFractionFormat","org.apache.commons.math.fraction.FractionFormat",90
"641",9,"math","org.apache.commons.math.linear.MatrixUtils","org.apache.commons.math.linear.BigMatrixImpl",1
"642",9,"math","org.apache.commons.math.ode.AbstractStepInterpolator","org.apache.commons.math.ode.DormandPrince853StepInterpolator",73
"643",9,"math","org.apache.commons.math.ode.ContinuousOutputModel","org.apache.commons.math.ode.AbstractStepInterpolator",44
"644",9,"math","org.apache.commons.math.ode.EmbeddedRungeKuttaIntegrator","org.apache.commons.math.ode.DormandPrince853Integrator",12
"645",9,"math","org.apache.commons.math.ode.EmbeddedRungeKuttaIntegrator","org.apache.commons.math.ode.HighamHall54Integrator",7
"646",9,"math","org.apache.commons.math.ode.GraggBulirschStoerIntegrator","org.apache.commons.math.ode.AdaptiveStepsizeIntegrator",56
"647",9,"math","org.apache.commons.math.ode.GraggBulirschStoerIntegrator","org.apache.commons.math.ode.SwitchingFunctionsHandler",12
"648",9,"math","org.apache.commons.math.ode.GraggBulirschStoerStepInterpolator","org.apache.commons.math.ode.AbstractStepInterpolator",38
"649",9,"math","org.apache.commons.math.ode.SwitchingFunctionsHandler","org.apache.commons.math.ode.SwitchState",59
"650",9,"math","org.apache.commons.math.ode.SwitchState","org.apache.commons.math.analysis.BrentSolver",28
"651",9,"math","org.apache.commons.math.optimization.NelderMead","org.apache.commons.math.optimization.DirectSearchOptimizer",66
"652",9,"math","org.apache.commons.math.random.EmpiricalDistributionImpl","org.apache.commons.math.stat.descriptive.SummaryStatistics",35
"653",9,"math","org.apache.commons.math.stat.inference.TTestImpl","org.apache.commons.math.stat.StatUtils",20
"654",9,"math","org.apache.commons.math.transform.FastFourierTransformer","org.apache.commons.math.complex.Complex",337
"655",9,"mockito","org.mockito.asm.AnnotationWriter","org.mockito.asm.ClassWriter",449
"656",9,"mockito","org.mockito.asm.MethodWriter","org.mockito.asm.ByteVector",53
"657",9,"mockito","org.mockito.asm.MethodWriter","org.mockito.asm.ClassWriter",50
"658",9,"mockito","org.mockito.asm.tree.analysis.BasicVerifier","org.mockito.asm.tree.analysis.BasicInterpreter",11
"659",9,"mockito","org.mockito.asm.util.ASMifierClassVisitor","org.mockito.asm.util.ASMifierAbstractVisitor",24
"660",9,"mockito","org.mockito.cglib.core.CodeEmitter","org.mockito.cglib.core.TypeUtils",217
"661",9,"mockito","org.mockito.cglib.core.EmitUtils","org.mockito.cglib.core.CodeEmitter",109
"662",9,"mockito","org.mockito.cglib.proxy.Enhancer","org.mockito.cglib.core.CodeEmitter",240
"663",9,"mockito","org.mockito.cglib.proxy.Enhancer","org.mockito.cglib.core.ReflectUtils",28
"664",9,"mockito","org.mockito.cglib.proxy.Mixin$Generator","org.mockito.cglib.core.ReflectUtils",34
"665",9,"time","org.joda.time.base.AbstractPartial","org.joda.time.MonthDay",2
"666",9,"time","org.joda.time.base.AbstractPartial","org.joda.time.YearMonth",31
"667",9,"time","org.joda.time.chrono.BasicChronology","org.joda.time.chrono.CopticChronology",25
"668",9,"time","org.joda.time.chrono.BasicChronology","org.joda.time.chrono.EthiopicChronology",10
"669",9,"time","org.joda.time.chrono.BasicWeekyearDateTimeField","org.joda.time.chrono.BasicChronology",100
"670",9,"time","org.joda.time.chrono.CopticChronology","org.joda.time.DateTimeZone",53
"671",9,"time","org.joda.time.chrono.GJChronology","org.joda.time.chrono.GJChronology$CutoverField",12
"672",9,"time","org.joda.time.chrono.GJChronology","org.joda.time.chrono.JulianChronology",1
"673",9,"time","org.joda.time.chrono.ISOChronology","org.joda.time.chrono.AssembledChronology",70
"674",9,"time","org.joda.time.chrono.ISOChronology","org.joda.time.DateTimeZone",24
"675",9,"time","org.joda.time.chrono.ZonedChronology","org.joda.time.chrono.AssembledChronology",120
"676",9,"time","org.joda.time.chrono.ZonedChronology","org.joda.time.DateTimeZone",413
"677",9,"time","org.joda.time.chrono.ZonedChronology$ZonedDateTimeField","org.joda.time.DateTimeZone",9
"678",9,"time","org.joda.time.DateTimeZone","org.joda.time.field.FieldUtils",12
"679",9,"time","org.joda.time.DateTimeZone","org.joda.time.format.FormatUtils",7
"680",9,"time","org.joda.time.Days","org.joda.time.base.BaseSingleFieldPeriod",2
"681",9,"time","org.joda.time.format.DateTimeFormat","org.joda.time.format.DateTimeFormat$StyleFormatter",4
"682",9,"time","org.joda.time.format.DateTimeFormatter","org.joda.time.DateTimeZone",16
"683",9,"time","org.joda.time.format.DateTimeFormatterBuilder$PaddedNumber","org.joda.time.format.DateTimeFormatterBuilder",31
"684",9,"time","org.joda.time.format.DateTimeFormatterBuilder$TextField","org.joda.time.format.DateTimeParserBucket",2
"685",9,"time","org.joda.time.format.DateTimeFormatterBuilder$TextField","org.joda.time.MutableDateTime",1
"686",9,"time","org.joda.time.format.DateTimeParserBucket$SavedState","org.joda.time.format.DateTimeParserBucket",16
"687",9,"time","org.joda.time.format.ISODateTimeFormat","org.joda.time.format.DateTimeFormatterBuilder",23
"688",9,"time","org.joda.time.Hours","org.joda.time.base.BaseSingleFieldPeriod",93
"689",9,"time","org.joda.time.LocalDate","org.joda.time.DateTime",4
"690",9,"time","org.joda.time.LocalDate","org.joda.time.format.ISODateTimeFormat",39
"691",9,"time","org.joda.time.LocalDateTime","org.joda.time.DateTimeZone",62
"692",9,"time","org.joda.time.LocalTime$Property","org.joda.time.LocalTime",5
"693",9,"time","org.joda.time.Minutes","org.joda.time.base.BaseSingleFieldPeriod",6
"694",9,"time","org.joda.time.Period","org.joda.time.base.BasePeriod",1
"695",9,"time","org.joda.time.Period","org.joda.time.PeriodType",580
"696",9,"time","org.joda.time.Seconds","org.joda.time.base.BaseSingleFieldPeriod",2
"697",9,"time","org.joda.time.tz.ZoneInfoCompiler","org.joda.time.DateTimeZone",307
"698",9,"time","org.joda.time.Weeks","org.joda.time.base.BaseSingleFieldPeriod",5
"699",10,"closure","com.google.javascript.jscomp.NodeUtil","com.google.javascript.rhino.Node",36
"700",10,"closure","com.google.javascript.rhino.head.IdScriptableObject","com.google.javascript.rhino.head.ScriptableObject",162
"701",10,"closure","com.google.javascript.rhino.head.IRFactory","com.google.javascript.rhino.head.Parser",239
"702",10,"closure","com.google.javascript.rhino.head.NativeArray","com.google.javascript.rhino.head.IdScriptableObject",36
"703",10,"closure","com.google.javascript.rhino.head.ScriptableObject","com.google.javascript.rhino.head.FunctionObject",63
"704",10,"closure","com.google.javascript.rhino.head.tools.debugger.Dim","com.google.javascript.rhino.head.ScriptRuntime",8
"705",10,"closure","com.google.javascript.rhino.head.tools.shell.Global","com.google.javascript.rhino.head.ScriptRuntime",18
"706",10,"closure","com.google.javascript.rhino.jstype.JSType","com.google.javascript.rhino.jstype.FunctionType",329
"707",10,"closure","com.google.javascript.rhino.jstype.JSType","com.google.javascript.rhino.jstype.UnionType",11
"708",10,"lang","org.apache.commons.lang3.builder.ToStringBuilder","org.apache.commons.lang3.builder.ToStringStyle",125
"709",10,"lang","org.apache.commons.lang3.CharUtils","org.apache.commons.lang3.StringUtils",1
"710",10,"lang","org.apache.commons.lang3.concurrent.MultiBackgroundInitializer","org.apache.commons.lang3.concurrent.BackgroundInitializer",7
"711",10,"lang","org.apache.commons.lang3.text.StrBuilder$StrBuilderReader","org.apache.commons.lang3.text.StrBuilder",4
"712",10,"lang","org.apache.commons.lang3.text.StrSubstitutor","org.apache.commons.lang3.text.StrBuilder",5
"713",10,"lang","org.apache.commons.lang3.time.DurationFormatUtils","org.apache.commons.lang3.time.DurationFormatUtils$Token",21
"714",10,"lang","org.apache.commons.lang3.time.FastDateFormat","org.apache.commons.lang3.time.FastDateFormat$TextField",11
"715",10,"math","org.apache.commons.math.analysis.MullerSolver","org.apache.commons.math.analysis.UnivariateRealSolverImpl",101
"716",10,"math","org.apache.commons.math.fraction.ProperFractionFormat","org.apache.commons.math.fraction.FractionFormat",95
"717",10,"math","org.apache.commons.math.linear.MatrixUtils","org.apache.commons.math.linear.BigMatrixImpl",1
"718",10,"math","org.apache.commons.math.ode.AbstractStepInterpolator","org.apache.commons.math.ode.DormandPrince853StepInterpolator",61
"719",10,"math","org.apache.commons.math.ode.ContinuousOutputModel","org.apache.commons.math.ode.AbstractStepInterpolator",48
"720",10,"math","org.apache.commons.math.ode.EmbeddedRungeKuttaIntegrator","org.apache.commons.math.ode.DormandPrince853Integrator",8
"721",10,"math","org.apache.commons.math.ode.EmbeddedRungeKuttaIntegrator","org.apache.commons.math.ode.HighamHall54Integrator",7
"722",10,"math","org.apache.commons.math.ode.GraggBulirschStoerIntegrator","org.apache.commons.math.ode.AdaptiveStepsizeIntegrator",75
"723",10,"math","org.apache.commons.math.ode.GraggBulirschStoerIntegrator","org.apache.commons.math.ode.SwitchingFunctionsHandler",5
"724",10,"math","org.apache.commons.math.ode.GraggBulirschStoerStepInterpolator","org.apache.commons.math.ode.AbstractStepInterpolator",36
"725",10,"math","org.apache.commons.math.ode.SwitchingFunctionsHandler","org.apache.commons.math.ode.SwitchState",51
"726",10,"math","org.apache.commons.math.ode.SwitchState","org.apache.commons.math.analysis.BrentSolver",29
"727",10,"math","org.apache.commons.math.optimization.NelderMead","org.apache.commons.math.optimization.DirectSearchOptimizer",60
"728",10,"math","org.apache.commons.math.random.EmpiricalDistributionImpl","org.apache.commons.math.stat.descriptive.SummaryStatistics",36
"729",10,"math","org.apache.commons.math.stat.inference.TTestImpl","org.apache.commons.math.stat.StatUtils",20
"730",10,"math","org.apache.commons.math.transform.FastFourierTransformer","org.apache.commons.math.complex.Complex",267
"731",10,"mockito","org.mockito.asm.AnnotationWriter","org.mockito.asm.ClassWriter",468
"732",10,"mockito","org.mockito.asm.MethodWriter","org.mockito.asm.ByteVector",64
"733",10,"mockito","org.mockito.asm.MethodWriter","org.mockito.asm.ClassWriter",67
"734",10,"mockito","org.mockito.asm.tree.analysis.BasicVerifier","org.mockito.asm.tree.analysis.BasicInterpreter",5
"735",10,"mockito","org.mockito.asm.util.ASMifierClassVisitor","org.mockito.asm.util.ASMifierAbstractVisitor",24
"736",10,"mockito","org.mockito.cglib.core.CodeEmitter","org.mockito.cglib.core.TypeUtils",229
"737",10,"mockito","org.mockito.cglib.core.EmitUtils","org.mockito.cglib.core.CodeEmitter",114
"738",10,"mockito","org.mockito.cglib.proxy.Enhancer","org.mockito.cglib.core.CodeEmitter",240
"739",10,"mockito","org.mockito.cglib.proxy.Enhancer","org.mockito.cglib.core.ReflectUtils",28
"740",10,"time","org.joda.time.base.AbstractPartial","org.joda.time.MonthDay",28
"741",10,"time","org.joda.time.base.AbstractPartial","org.joda.time.TimeOfDay",8
"742",10,"time","org.joda.time.base.BasePeriod","org.joda.time.base.AbstractPeriod",15
"743",10,"time","org.joda.time.chrono.BasicWeekyearDateTimeField","org.joda.time.chrono.BasicChronology",43
"744",10,"time","org.joda.time.chrono.CopticChronology","org.joda.time.DateTimeZone",39
"745",10,"time","org.joda.time.chrono.GJChronology","org.joda.time.chrono.JulianChronology",1
"746",10,"time","org.joda.time.chrono.ISOChronology","org.joda.time.chrono.AssembledChronology",1
"747",10,"time","org.joda.time.chrono.ISOChronology","org.joda.time.DateTimeZone",34
"748",10,"time","org.joda.time.chrono.ZonedChronology","org.joda.time.chrono.AssembledChronology",74
"749",10,"time","org.joda.time.chrono.ZonedChronology","org.joda.time.DateTimeZone",191
"750",10,"time","org.joda.time.chrono.ZonedChronology$ZonedDateTimeField","org.joda.time.DateTimeZone",36
"751",10,"time","org.joda.time.DateTimeUtils","org.joda.time.DateTimeZone",18
"752",10,"time","org.joda.time.Days","org.joda.time.base.BaseSingleFieldPeriod",3
"753",10,"time","org.joda.time.format.DateTimeFormatter","org.joda.time.DateTimeZone",14
"754",10,"time","org.joda.time.format.DateTimeFormatter","org.joda.time.format.DateTimeParserBucket",110
"755",10,"time","org.joda.time.format.DateTimeFormatterBuilder$PaddedNumber","org.joda.time.format.DateTimeFormatterBuilder",21
"756",10,"time","org.joda.time.format.DateTimeParserBucket$SavedState","org.joda.time.format.DateTimeParserBucket",16
"757",10,"time","org.joda.time.format.ISODateTimeFormat","org.joda.time.format.DateTimeFormatterBuilder",13
"758",10,"time","org.joda.time.Hours","org.joda.time.base.BaseSingleFieldPeriod",95
"759",10,"time","org.joda.time.LocalDate","org.joda.time.format.ISODateTimeFormat",28
"760",10,"time","org.joda.time.LocalDateTime","org.joda.time.DateTimeZone",92
"761",10,"time","org.joda.time.LocalDateTime","org.joda.time.format.DateTimeFormatter",16
"762",10,"time","org.joda.time.MutableInterval","org.joda.time.base.BaseInterval",2
"763",10,"time","org.joda.time.Period","org.joda.time.base.AbstractPeriod",62
"764",10,"time","org.joda.time.Period","org.joda.time.base.BasePeriod",1
"765",10,"time","org.joda.time.Period","org.joda.time.PeriodType",451
"766",10,"time","org.joda.time.Seconds","org.joda.time.base.BaseSingleFieldPeriod",5
"767",10,"time","org.joda.time.tz.ZoneInfoCompiler","org.joda.time.DateTimeZone",234
"768",10,"time","org.joda.time.Weeks","org.joda.time.base.BaseSingleFieldPeriod",7
"769",10,"time","org.joda.time.YearMonthDay","org.joda.time.base.BasePartial",8
"770",11,"closure","com.google.javascript.rhino.head.IdScriptableObject","com.google.javascript.rhino.head.ScriptableObject",48
"771",11,"closure","com.google.javascript.rhino.head.Interpreter","com.google.javascript.rhino.head.ScriptableObject",72
"772",11,"closure","com.google.javascript.rhino.head.IRFactory","com.google.javascript.rhino.head.Parser",231
"773",11,"closure","com.google.javascript.rhino.head.NativeArray","com.google.javascript.rhino.head.IdScriptableObject",84
"774",11,"closure","com.google.javascript.rhino.head.NativeArray","com.google.javascript.rhino.head.ScriptableObject",200
"775",11,"closure","com.google.javascript.rhino.head.NativeArray","com.google.javascript.rhino.head.ScriptRuntime",92
"776",11,"closure","com.google.javascript.rhino.head.NativeObject","com.google.javascript.rhino.head.ScriptableObject",359
"777",11,"closure","com.google.javascript.rhino.head.regexp.NativeRegExp","com.google.javascript.rhino.head.ScriptRuntime",30
"778",11,"closure","com.google.javascript.rhino.head.ScriptRuntime","com.google.javascript.rhino.head.ScriptableObject",104
"779",11,"closure","com.google.javascript.rhino.head.tools.debugger.Dim","com.google.javascript.rhino.head.ScriptRuntime",30
"780",11,"lang","org.apache.commons.lang3.builder.ToStringBuilder","org.apache.commons.lang3.builder.ToStringStyle",1
"781",11,"lang","org.apache.commons.lang3.concurrent.MultiBackgroundInitializer","org.apache.commons.lang3.concurrent.BackgroundInitializer",4
"782",11,"lang","org.apache.commons.lang3.text.StrBuilder$StrBuilderReader","org.apache.commons.lang3.text.StrBuilder",2
"783",11,"lang","org.apache.commons.lang3.text.StrSubstitutor","org.apache.commons.lang3.text.StrBuilder",10
"784",11,"lang","org.apache.commons.lang3.text.translate.UnicodeEscaper","org.apache.commons.lang3.text.translate.CharSequenceTranslator",1
"785",11,"lang","org.apache.commons.lang3.time.DurationFormatUtils","org.apache.commons.lang3.time.DurationFormatUtils$Token",8
"786",11,"lang","org.apache.commons.lang3.time.FastDateFormat","org.apache.commons.lang3.time.FastDateFormat$TextField",4
"787",11,"math","org.apache.commons.math.analysis.LaguerreSolver","org.apache.commons.math.complex.Complex",3
"788",11,"math","org.apache.commons.math.analysis.MullerSolver","org.apache.commons.math.analysis.UnivariateRealSolverImpl",103
"789",11,"math","org.apache.commons.math.fraction.ProperFractionFormat","org.apache.commons.math.fraction.FractionFormat",96
"790",11,"math","org.apache.commons.math.linear.MatrixUtils","org.apache.commons.math.linear.BigMatrixImpl",106
"791",11,"math","org.apache.commons.math.ode.AbstractStepInterpolator","org.apache.commons.math.ode.DormandPrince853StepInterpolator",66
"792",11,"math","org.apache.commons.math.ode.ContinuousOutputModel","org.apache.commons.math.ode.AbstractStepInterpolator",44
"793",11,"math","org.apache.commons.math.ode.EmbeddedRungeKuttaIntegrator","org.apache.commons.math.ode.DormandPrince853Integrator",5
"794",11,"math","org.apache.commons.math.ode.EmbeddedRungeKuttaIntegrator","org.apache.commons.math.ode.HighamHall54Integrator",2
"795",11,"math","org.apache.commons.math.ode.GraggBulirschStoerIntegrator","org.apache.commons.math.ode.AdaptiveStepsizeIntegrator",50
"796",11,"math","org.apache.commons.math.ode.GraggBulirschStoerIntegrator","org.apache.commons.math.ode.SwitchingFunctionsHandler",5
"797",11,"math","org.apache.commons.math.ode.GraggBulirschStoerStepInterpolator","org.apache.commons.math.ode.AbstractStepInterpolator",22
"798",11,"math","org.apache.commons.math.ode.SwitchingFunctionsHandler","org.apache.commons.math.ode.SwitchState",64
"799",11,"math","org.apache.commons.math.ode.SwitchState","org.apache.commons.math.analysis.BrentSolver",28
"800",11,"math","org.apache.commons.math.optimization.NelderMead","org.apache.commons.math.optimization.DirectSearchOptimizer",55
"801",11,"math","org.apache.commons.math.random.EmpiricalDistributionImpl","org.apache.commons.math.stat.descriptive.SummaryStatistics",35
"802",11,"math","org.apache.commons.math.stat.descriptive.AbstractStorelessUnivariateStatistic","org.apache.commons.math.stat.descriptive.moment.Variance",1
"803",11,"math","org.apache.commons.math.stat.inference.TTestImpl","org.apache.commons.math.stat.StatUtils",20
"804",11,"math","org.apache.commons.math.transform.FastFourierTransformer","org.apache.commons.math.complex.Complex",362
"805",11,"mockito","org.mockito.asm.AnnotationWriter","org.mockito.asm.ClassWriter",470
"806",11,"mockito","org.mockito.asm.MethodWriter","org.mockito.asm.ByteVector",74
"807",11,"mockito","org.mockito.asm.MethodWriter","org.mockito.asm.ClassWriter",90
"808",11,"mockito","org.mockito.asm.tree.analysis.BasicVerifier","org.mockito.asm.tree.analysis.BasicInterpreter",25
"809",11,"mockito","org.mockito.cglib.core.CodeEmitter","org.mockito.cglib.core.ClassEmitter",1
"810",11,"mockito","org.mockito.cglib.core.CodeEmitter","org.mockito.cglib.core.TypeUtils",222
"811",11,"mockito","org.mockito.cglib.core.EmitUtils","org.mockito.cglib.core.CodeEmitter",71
"812",11,"mockito","org.mockito.cglib.proxy.Enhancer","org.mockito.cglib.core.CodeEmitter",240
"813",11,"mockito","org.mockito.cglib.proxy.Enhancer","org.mockito.cglib.core.ReflectUtils",28
"814",11,"mockito","org.mockito.cglib.proxy.Mixin$Generator","org.mockito.cglib.core.ReflectUtils",34
"815",11,"time","org.joda.time.base.AbstractPartial","org.joda.time.MonthDay",22
"816",11,"time","org.joda.time.base.AbstractPartial","org.joda.time.TimeOfDay",32
"817",11,"time","org.joda.time.base.AbstractPartial","org.joda.time.YearMonth",29
"818",11,"time","org.joda.time.base.BasePeriod","org.joda.time.base.AbstractPeriod",18
"819",11,"time","org.joda.time.chrono.BasicChronology","org.joda.time.chrono.CopticChronology",8
"820",11,"time","org.joda.time.chrono.BasicChronology","org.joda.time.chrono.IslamicChronology",158
"821",11,"time","org.joda.time.chrono.BasicWeekyearDateTimeField","org.joda.time.chrono.BasicChronology",120
"822",11,"time","org.joda.time.chrono.CopticChronology","org.joda.time.DateTimeZone",42
"823",11,"time","org.joda.time.chrono.GJChronology","org.joda.time.chrono.GJChronology$CutoverField",7
"824",11,"time","org.joda.time.chrono.ISOChronology","org.joda.time.chrono.AssembledChronology",1
"825",11,"time","org.joda.time.chrono.ISOChronology","org.joda.time.DateTimeZone",43
"826",11,"time","org.joda.time.chrono.ZonedChronology","org.joda.time.chrono.AssembledChronology",62
"827",11,"time","org.joda.time.chrono.ZonedChronology","org.joda.time.DateTimeZone",24
"828",11,"time","org.joda.time.chrono.ZonedChronology$ZonedDateTimeField","org.joda.time.DateTimeZone",13
"829",11,"time","org.joda.time.DateTimeUtils","org.joda.time.DateTimeZone",36
"830",11,"time","org.joda.time.DateTimeZone","org.joda.time.format.DateTimeFormat",11
"831",11,"time","org.joda.time.Days","org.joda.time.base.BaseSingleFieldPeriod",3
"832",11,"time","org.joda.time.format.DateTimeFormat","org.joda.time.format.DateTimeFormat$StyleFormatter",1
"833",11,"time","org.joda.time.format.DateTimeFormatter","org.joda.time.DateTimeZone",33
"834",11,"time","org.joda.time.format.DateTimeFormatter","org.joda.time.format.DateTimeParserBucket",10
"835",11,"time","org.joda.time.format.DateTimeFormatterBuilder$PaddedNumber","org.joda.time.format.DateTimeFormatterBuilder",5
"836",11,"time","org.joda.time.format.DateTimeFormatterBuilder$TextField","org.joda.time.format.DateTimeParserBucket",12
"837",11,"time","org.joda.time.format.DateTimeParserBucket$SavedState","org.joda.time.format.DateTimeParserBucket",15
"838",11,"time","org.joda.time.format.ISODateTimeFormat","org.joda.time.format.DateTimeFormatterBuilder",224
"839",11,"time","org.joda.time.Hours","org.joda.time.base.BaseSingleFieldPeriod",5
"840",11,"time","org.joda.time.LocalDate","org.joda.time.format.ISODateTimeFormat",29
"841",11,"time","org.joda.time.LocalDateTime","org.joda.time.DateTimeZone",44
"842",11,"time","org.joda.time.LocalDateTime","org.joda.time.format.DateTimeFormatter",2
"843",11,"time","org.joda.time.Minutes","org.joda.time.base.BaseSingleFieldPeriod",5
"844",11,"time","org.joda.time.MutablePeriod","org.joda.time.base.BasePeriod",6
"845",11,"time","org.joda.time.Period","org.joda.time.base.AbstractPeriod",16
"846",11,"time","org.joda.time.Period","org.joda.time.base.BasePeriod",3
"847",11,"time","org.joda.time.Period","org.joda.time.PeriodType",307
"848",11,"time","org.joda.time.Seconds","org.joda.time.base.BaseSingleFieldPeriod",6
"849",11,"time","org.joda.time.tz.ZoneInfoCompiler","org.joda.time.DateTimeZone",199
"850",11,"time","org.joda.time.Weeks","org.joda.time.base.BaseSingleFieldPeriod",10
"851",11,"time","org.joda.time.YearMonthDay","org.joda.time.base.BasePartial",5
"852",12,"closure","com.google.javascript.rhino.head.IdScriptableObject","com.google.javascript.rhino.head.ScriptableObject",273
"853",12,"closure","com.google.javascript.rhino.head.IRFactory","com.google.javascript.rhino.head.Node",67
"854",12,"closure","com.google.javascript.rhino.head.IRFactory","com.google.javascript.rhino.head.Parser",182
"855",12,"closure","com.google.javascript.rhino.head.NativeArray","com.google.javascript.rhino.head.IdScriptableObject",75
"856",12,"closure","com.google.javascript.rhino.head.NativeArray","com.google.javascript.rhino.head.ScriptableObject",42
"857",12,"closure","com.google.javascript.rhino.head.NativeObject","com.google.javascript.rhino.head.ScriptableObject",431
"858",12,"closure","com.google.javascript.rhino.head.regexp.NativeRegExp","com.google.javascript.rhino.head.ScriptRuntime",32
"859",12,"closure","com.google.javascript.rhino.head.ScriptRuntime","com.google.javascript.rhino.head.ScriptableObject",247
"860",12,"closure","com.google.javascript.rhino.head.tools.debugger.Dim","com.google.javascript.rhino.head.ScriptRuntime",9
"861",12,"closure","com.google.javascript.rhino.jstype.JSType","com.google.javascript.rhino.jstype.UnionType",73
"862",12,"lang","org.apache.commons.lang3.builder.ToStringBuilder","org.apache.commons.lang3.builder.ToStringStyle",177
"863",12,"lang","org.apache.commons.lang3.concurrent.MultiBackgroundInitializer","org.apache.commons.lang3.concurrent.BackgroundInitializer",7
"864",12,"lang","org.apache.commons.lang3.text.StrBuilder$StrBuilderReader","org.apache.commons.lang3.text.StrBuilder",2
"865",12,"lang","org.apache.commons.lang3.text.StrSubstitutor","org.apache.commons.lang3.text.StrBuilder",9
"866",12,"lang","org.apache.commons.lang3.text.translate.UnicodeEscaper","org.apache.commons.lang3.text.translate.CharSequenceTranslator",1
"867",12,"lang","org.apache.commons.lang3.time.DurationFormatUtils","org.apache.commons.lang3.time.DurationFormatUtils$Token",21
"868",12,"lang","org.apache.commons.lang3.time.FastDateFormat","org.apache.commons.lang3.time.FastDateFormat$TextField",4
"869",12,"math","org.apache.commons.math.analysis.LaguerreSolver","org.apache.commons.math.complex.Complex",2
"870",12,"math","org.apache.commons.math.analysis.MullerSolver","org.apache.commons.math.analysis.UnivariateRealSolverImpl",96
"871",12,"math","org.apache.commons.math.fraction.ProperFractionFormat","org.apache.commons.math.fraction.FractionFormat",79
"872",12,"math","org.apache.commons.math.geometry.Rotation","org.apache.commons.math.geometry.Vector3D",3
"873",12,"math","org.apache.commons.math.linear.MatrixUtils","org.apache.commons.math.linear.BigMatrixImpl",1
"874",12,"math","org.apache.commons.math.ode.AbstractStepInterpolator","org.apache.commons.math.ode.DormandPrince853StepInterpolator",65
"875",12,"math","org.apache.commons.math.ode.ContinuousOutputModel","org.apache.commons.math.ode.AbstractStepInterpolator",44
"876",12,"math","org.apache.commons.math.ode.EmbeddedRungeKuttaIntegrator","org.apache.commons.math.ode.DormandPrince853Integrator",21
"877",12,"math","org.apache.commons.math.ode.EmbeddedRungeKuttaIntegrator","org.apache.commons.math.ode.HighamHall54Integrator",7
"878",12,"math","org.apache.commons.math.ode.GraggBulirschStoerIntegrator","org.apache.commons.math.ode.AdaptiveStepsizeIntegrator",55
"879",12,"math","org.apache.commons.math.ode.GraggBulirschStoerIntegrator","org.apache.commons.math.ode.SwitchingFunctionsHandler",19
"880",12,"math","org.apache.commons.math.ode.GraggBulirschStoerStepInterpolator","org.apache.commons.math.ode.AbstractStepInterpolator",26
"881",12,"math","org.apache.commons.math.ode.SwitchingFunctionsHandler","org.apache.commons.math.ode.SwitchState",68
"882",12,"math","org.apache.commons.math.ode.SwitchState","org.apache.commons.math.analysis.BrentSolver",53
"883",12,"math","org.apache.commons.math.optimization.NelderMead","org.apache.commons.math.optimization.DirectSearchOptimizer",76
"884",12,"math","org.apache.commons.math.random.EmpiricalDistributionImpl","org.apache.commons.math.stat.descriptive.SummaryStatistics",36
"885",12,"math","org.apache.commons.math.stat.descriptive.AbstractStorelessUnivariateStatistic","org.apache.commons.math.stat.descriptive.moment.Variance",2
"886",12,"math","org.apache.commons.math.stat.inference.TTestImpl","org.apache.commons.math.stat.StatUtils",34
"887",12,"math","org.apache.commons.math.transform.FastFourierTransformer","org.apache.commons.math.complex.Complex",3
"888",12,"mockito","org.mockito.asm.AnnotationWriter","org.mockito.asm.ClassWriter",429
"889",12,"mockito","org.mockito.asm.MethodWriter","org.mockito.asm.ByteVector",80
"890",12,"mockito","org.mockito.asm.MethodWriter","org.mockito.asm.ClassWriter",102
"891",12,"mockito","org.mockito.asm.tree.analysis.BasicVerifier","org.mockito.asm.tree.analysis.BasicInterpreter",17
"892",12,"mockito","org.mockito.cglib.core.CodeEmitter","org.mockito.cglib.core.ClassEmitter",1
"893",12,"mockito","org.mockito.cglib.core.CodeEmitter","org.mockito.cglib.core.TypeUtils",221
"894",12,"mockito","org.mockito.cglib.core.EmitUtils","org.mockito.cglib.core.CodeEmitter",77
"895",12,"mockito","org.mockito.cglib.proxy.Enhancer","org.mockito.cglib.core.ReflectUtils",28
"896",12,"mockito","org.mockito.cglib.proxy.Mixin$Generator","org.mockito.cglib.core.ReflectUtils",28
"897",12,"time","org.joda.time.base.AbstractPartial","org.joda.time.YearMonth",4
"898",12,"time","org.joda.time.base.BasePeriod","org.joda.time.base.AbstractPeriod",16
"899",12,"time","org.joda.time.chrono.BasicWeekyearDateTimeField","org.joda.time.chrono.BasicChronology",72
"900",12,"time","org.joda.time.chrono.CopticChronology","org.joda.time.DateTimeZone",15
"901",12,"time","org.joda.time.chrono.GJChronology","org.joda.time.chrono.JulianChronology",1
"902",12,"time","org.joda.time.chrono.ZonedChronology","org.joda.time.chrono.AssembledChronology",1
"903",12,"time","org.joda.time.chrono.ZonedChronology","org.joda.time.DateTimeZone",28
"904",12,"time","org.joda.time.chrono.ZonedChronology$ZonedDateTimeField","org.joda.time.DateTimeZone",126
"905",12,"time","org.joda.time.DateTimeUtils","org.joda.time.DateTimeZone",18
"906",12,"time","org.joda.time.DateTimeZone","org.joda.time.format.DateTimeFormat",11
"907",12,"time","org.joda.time.DateTimeZone","org.joda.time.tz.FixedDateTimeZone",18
"908",12,"time","org.joda.time.Days","org.joda.time.base.BaseSingleFieldPeriod",2
"909",12,"time","org.joda.time.format.DateTimeFormatter","org.joda.time.DateTimeZone",22
"910",12,"time","org.joda.time.format.DateTimeFormatterBuilder$PaddedNumber","org.joda.time.format.DateTimeFormatterBuilder",9
"911",12,"time","org.joda.time.format.DateTimeFormatterBuilder$TextField","org.joda.time.format.DateTimeParserBucket",88
"912",12,"time","org.joda.time.format.DateTimeFormatterBuilder$TextField","org.joda.time.MutableDateTime",1
"913",12,"time","org.joda.time.format.ISODateTimeFormat","org.joda.time.format.DateTimeFormatterBuilder",16
"914",12,"time","org.joda.time.Hours","org.joda.time.base.BaseSingleFieldPeriod",3
"915",12,"time","org.joda.time.LocalDate","org.joda.time.format.ISODateTimeFormat",30
"916",12,"time","org.joda.time.LocalDateTime","org.joda.time.DateTimeZone",122
"917",12,"time","org.joda.time.LocalTime$Property","org.joda.time.LocalTime",21
"918",12,"time","org.joda.time.Minutes","org.joda.time.base.BaseSingleFieldPeriod",6
"919",12,"time","org.joda.time.MutablePeriod","org.joda.time.base.BasePeriod",1
"920",12,"time","org.joda.time.Period","org.joda.time.base.AbstractPeriod",17
"921",12,"time","org.joda.time.Period","org.joda.time.base.BasePeriod",1
"922",12,"time","org.joda.time.Period","org.joda.time.PeriodType",452
"923",12,"time","org.joda.time.Seconds","org.joda.time.base.BaseSingleFieldPeriod",6
"924",12,"time","org.joda.time.Weeks","org.joda.time.base.BaseSingleFieldPeriod",14
"925",13,"closure","com.google.javascript.rhino.head.Interpreter","com.google.javascript.rhino.head.ScriptableObject",101
"926",13,"closure","com.google.javascript.rhino.head.IRFactory","com.google.javascript.rhino.head.Node",48
"927",13,"closure","com.google.javascript.rhino.head.NativeArray","com.google.javascript.rhino.head.IdScriptableObject",104
"928",13,"closure","com.google.javascript.rhino.head.NativeArray","com.google.javascript.rhino.head.ScriptableObject",120
"929",13,"closure","com.google.javascript.rhino.head.NativeObject","com.google.javascript.rhino.head.ScriptableObject",276
"930",13,"closure","com.google.javascript.rhino.head.regexp.NativeRegExp","com.google.javascript.rhino.head.ScriptRuntime",90
"931",13,"closure","com.google.javascript.rhino.head.ScriptableObject","com.google.javascript.rhino.head.FunctionObject",19
"932",13,"closure","com.google.javascript.rhino.head.tools.debugger.Dim","com.google.javascript.rhino.head.ScriptRuntime",36
"933",13,"closure","com.google.javascript.rhino.JSDocInfoBuilder","com.google.javascript.rhino.JSDocInfo",101
"934",13,"closure","com.google.javascript.rhino.jstype.JSType","com.google.javascript.rhino.jstype.UnionType",24
"935",13,"lang","org.apache.commons.lang3.builder.ToStringBuilder","org.apache.commons.lang3.builder.ToStringStyle",64
"936",13,"lang","org.apache.commons.lang3.concurrent.MultiBackgroundInitializer","org.apache.commons.lang3.concurrent.BackgroundInitializer",10
"937",13,"lang","org.apache.commons.lang3.text.StrBuilder$StrBuilderReader","org.apache.commons.lang3.text.StrBuilder",2
"938",13,"lang","org.apache.commons.lang3.text.StrSubstitutor","org.apache.commons.lang3.text.StrBuilder",14
"939",13,"lang","org.apache.commons.lang3.text.translate.UnicodeEscaper","org.apache.commons.lang3.text.translate.CharSequenceTranslator",1
"940",13,"lang","org.apache.commons.lang3.time.DurationFormatUtils","org.apache.commons.lang3.time.DurationFormatUtils$Token",5
"941",13,"lang","org.apache.commons.lang3.time.FastDateFormat","org.apache.commons.lang3.time.FastDateFormat$TextField",4
"942",13,"math","org.apache.commons.math.analysis.LaguerreSolver","org.apache.commons.math.complex.Complex",12
"943",13,"math","org.apache.commons.math.analysis.MullerSolver","org.apache.commons.math.analysis.UnivariateRealSolverImpl",102
"944",13,"math","org.apache.commons.math.fraction.ProperFractionFormat","org.apache.commons.math.fraction.FractionFormat",77
"945",13,"math","org.apache.commons.math.linear.MatrixUtils","org.apache.commons.math.linear.BigMatrixImpl",1
"946",13,"math","org.apache.commons.math.ode.AbstractStepInterpolator","org.apache.commons.math.ode.DormandPrince853StepInterpolator",64
"947",13,"math","org.apache.commons.math.ode.ContinuousOutputModel","org.apache.commons.math.ode.AbstractStepInterpolator",47
"948",13,"math","org.apache.commons.math.ode.EmbeddedRungeKuttaIntegrator","org.apache.commons.math.ode.DormandPrince853Integrator",5
"949",13,"math","org.apache.commons.math.ode.EmbeddedRungeKuttaIntegrator","org.apache.commons.math.ode.HighamHall54Integrator",5
"950",13,"math","org.apache.commons.math.ode.GraggBulirschStoerIntegrator","org.apache.commons.math.ode.AdaptiveStepsizeIntegrator",81
"951",13,"math","org.apache.commons.math.ode.GraggBulirschStoerIntegrator","org.apache.commons.math.ode.SwitchingFunctionsHandler",23
"952",13,"math","org.apache.commons.math.ode.GraggBulirschStoerStepInterpolator","org.apache.commons.math.ode.AbstractStepInterpolator",42
"953",13,"math","org.apache.commons.math.ode.SwitchingFunctionsHandler","org.apache.commons.math.ode.SwitchState",56
"954",13,"math","org.apache.commons.math.ode.SwitchState","org.apache.commons.math.analysis.BrentSolver",90
"955",13,"math","org.apache.commons.math.optimization.NelderMead","org.apache.commons.math.optimization.DirectSearchOptimizer",57
"956",13,"math","org.apache.commons.math.random.EmpiricalDistributionImpl","org.apache.commons.math.stat.descriptive.SummaryStatistics",35
"957",13,"math","org.apache.commons.math.stat.inference.TTestImpl","org.apache.commons.math.stat.StatUtils",20
"958",13,"math","org.apache.commons.math.transform.FastFourierTransformer","org.apache.commons.math.complex.Complex",320
"959",13,"mockito","org.mockito.asm.AnnotationWriter","org.mockito.asm.ClassWriter",401
"960",13,"mockito","org.mockito.asm.MethodWriter","org.mockito.asm.ByteVector",71
"961",13,"mockito","org.mockito.asm.MethodWriter","org.mockito.asm.ClassWriter",88
"962",13,"mockito","org.mockito.asm.tree.analysis.BasicVerifier","org.mockito.asm.tree.analysis.BasicInterpreter",2
"963",13,"mockito","org.mockito.cglib.core.ClassEmitter","org.mockito.cglib.transform.impl.InterceptFieldTransformer",10
"964",13,"mockito","org.mockito.cglib.core.CodeEmitter","org.mockito.cglib.core.TypeUtils",113
"965",13,"mockito","org.mockito.cglib.core.EmitUtils","org.mockito.cglib.core.CodeEmitter",185
"966",13,"mockito","org.mockito.cglib.proxy.Enhancer","org.mockito.cglib.core.ReflectUtils",28
"967",13,"time","org.joda.time.base.AbstractPartial","org.joda.time.MonthDay",40
"968",13,"time","org.joda.time.base.AbstractPartial","org.joda.time.YearMonth",7
"969",13,"time","org.joda.time.base.BasePeriod","org.joda.time.base.AbstractPeriod",1
"970",13,"time","org.joda.time.chrono.BasicChronology","org.joda.time.chrono.CopticChronology",34
"971",13,"time","org.joda.time.chrono.BasicChronology","org.joda.time.chrono.EthiopicChronology",5
"972",13,"time","org.joda.time.chrono.BasicWeekyearDateTimeField","org.joda.time.chrono.BasicChronology",142
"973",13,"time","org.joda.time.chrono.CopticChronology","org.joda.time.DateTimeZone",24
"974",13,"time","org.joda.time.chrono.GJChronology","org.joda.time.chrono.JulianChronology",1
"975",13,"time","org.joda.time.chrono.ISOChronology","org.joda.time.DateTimeZone",25
"976",13,"time","org.joda.time.chrono.ZonedChronology","org.joda.time.chrono.AssembledChronology",4
"977",13,"time","org.joda.time.chrono.ZonedChronology","org.joda.time.DateTimeZone",26
"978",13,"time","org.joda.time.chrono.ZonedChronology$ZonedDateTimeField","org.joda.time.DateTimeZone",132
"979",13,"time","org.joda.time.DateTimeUtils","org.joda.time.DateTimeZone",10
"980",13,"time","org.joda.time.Days","org.joda.time.base.BaseSingleFieldPeriod",13
"981",13,"time","org.joda.time.format.DateTimeFormat","org.joda.time.format.DateTimeFormat$StyleFormatter",1
"982",13,"time","org.joda.time.format.DateTimeFormat","org.joda.time.format.DateTimeFormatterBuilder",60
"983",13,"time","org.joda.time.format.DateTimeFormatter","org.joda.time.DateTimeZone",16
"984",13,"time","org.joda.time.format.DateTimeFormatter","org.joda.time.format.DateTimeParserBucket",11
"985",13,"time","org.joda.time.format.DateTimeFormatterBuilder$PaddedNumber","org.joda.time.format.DateTimeFormatterBuilder",2
"986",13,"time","org.joda.time.format.DateTimeFormatterBuilder$TextField","org.joda.time.format.DateTimeParserBucket",88
"987",13,"time","org.joda.time.format.DateTimeFormatterBuilder$TextField","org.joda.time.MutableDateTime",1
"988",13,"time","org.joda.time.format.DateTimeParserBucket$SavedState","org.joda.time.format.DateTimeParserBucket",36
"989",13,"time","org.joda.time.format.ISODateTimeFormat","org.joda.time.format.DateTimeFormatterBuilder",2
"990",13,"time","org.joda.time.LocalDate","org.joda.time.DateTime",7
"991",13,"time","org.joda.time.LocalDate","org.joda.time.format.ISODateTimeFormat",42
"992",13,"time","org.joda.time.LocalDateTime","org.joda.time.DateTimeZone",51
"993",13,"time","org.joda.time.LocalDateTime","org.joda.time.format.DateTimeFormatter",3
"994",13,"time","org.joda.time.LocalTime$Property","org.joda.time.LocalTime",131
"995",13,"time","org.joda.time.Minutes","org.joda.time.base.BaseSingleFieldPeriod",3
"996",13,"time","org.joda.time.MutableInterval","org.joda.time.base.BaseInterval",2
"997",13,"time","org.joda.time.Period","org.joda.time.base.AbstractPeriod",18
"998",13,"time","org.joda.time.Period","org.joda.time.base.BasePeriod",4
"999",13,"time","org.joda.time.Period","org.joda.time.PeriodType",561
"1000",13,"time","org.joda.time.Seconds","org.joda.time.base.BaseSingleFieldPeriod",10
"1001",13,"time","org.joda.time.tz.ZoneInfoCompiler","org.joda.time.DateTimeZone",199
"1002",13,"time","org.joda.time.Weeks","org.joda.time.base.BaseSingleFieldPeriod",8
"1003",14,"closure","com.google.javascript.rhino.head.IdScriptableObject","com.google.javascript.rhino.head.ScriptableObject",268
"1004",14,"closure","com.google.javascript.rhino.head.Interpreter","com.google.javascript.rhino.head.ScriptableObject",226
"1005",14,"closure","com.google.javascript.rhino.head.IRFactory","com.google.javascript.rhino.head.Node",60
"1006",14,"closure","com.google.javascript.rhino.head.IRFactory","com.google.javascript.rhino.head.Parser",162
"1007",14,"closure","com.google.javascript.rhino.head.NativeArray","com.google.javascript.rhino.head.ScriptableObject",137
"1008",14,"closure","com.google.javascript.rhino.head.NativeArray","com.google.javascript.rhino.head.ScriptRuntime",81
"1009",14,"closure","com.google.javascript.rhino.head.ScriptRuntime","com.google.javascript.rhino.head.ScriptableObject",133
"1010",14,"closure","com.google.javascript.rhino.jstype.JSType","com.google.javascript.rhino.jstype.FunctionType",266
"1011",14,"lang","org.apache.commons.lang3.builder.ToStringBuilder","org.apache.commons.lang3.builder.ToStringStyle",101
"1012",14,"lang","org.apache.commons.lang3.concurrent.MultiBackgroundInitializer","org.apache.commons.lang3.concurrent.BackgroundInitializer",7
"1013",14,"lang","org.apache.commons.lang3.text.StrBuilder$StrBuilderReader","org.apache.commons.lang3.text.StrBuilder",9
"1014",14,"lang","org.apache.commons.lang3.text.StrSubstitutor","org.apache.commons.lang3.text.StrBuilder",3
"1015",14,"lang","org.apache.commons.lang3.text.translate.UnicodeEscaper","org.apache.commons.lang3.text.translate.CharSequenceTranslator",1
"1016",14,"lang","org.apache.commons.lang3.time.DurationFormatUtils","org.apache.commons.lang3.time.DurationFormatUtils$Token",23
"1017",14,"lang","org.apache.commons.lang3.time.FastDateFormat","org.apache.commons.lang3.time.FastDateFormat$TextField",12
"1018",14,"math","org.apache.commons.math.analysis.MullerSolver","org.apache.commons.math.analysis.UnivariateRealSolverImpl",95
"1019",14,"math","org.apache.commons.math.fraction.ProperFractionFormat","org.apache.commons.math.fraction.FractionFormat",92
"1020",14,"math","org.apache.commons.math.geometry.Rotation","org.apache.commons.math.geometry.Vector3D",2
"1021",14,"math","org.apache.commons.math.linear.MatrixUtils","org.apache.commons.math.linear.BigMatrixImpl",1
"1022",14,"math","org.apache.commons.math.ode.AbstractStepInterpolator","org.apache.commons.math.ode.DormandPrince853StepInterpolator",73
"1023",14,"math","org.apache.commons.math.ode.ContinuousOutputModel","org.apache.commons.math.ode.AbstractStepInterpolator",48
"1024",14,"math","org.apache.commons.math.ode.EmbeddedRungeKuttaIntegrator","org.apache.commons.math.ode.DormandPrince853Integrator",13
"1025",14,"math","org.apache.commons.math.ode.EmbeddedRungeKuttaIntegrator","org.apache.commons.math.ode.HighamHall54Integrator",9
"1026",14,"math","org.apache.commons.math.ode.GraggBulirschStoerIntegrator","org.apache.commons.math.ode.AdaptiveStepsizeIntegrator",67
"1027",14,"math","org.apache.commons.math.ode.GraggBulirschStoerIntegrator","org.apache.commons.math.ode.SwitchingFunctionsHandler",5
"1028",14,"math","org.apache.commons.math.ode.GraggBulirschStoerStepInterpolator","org.apache.commons.math.ode.AbstractStepInterpolator",42
"1029",14,"math","org.apache.commons.math.ode.SwitchingFunctionsHandler","org.apache.commons.math.ode.SwitchState",77
"1030",14,"math","org.apache.commons.math.ode.SwitchState","org.apache.commons.math.analysis.BrentSolver",13
"1031",14,"math","org.apache.commons.math.optimization.NelderMead","org.apache.commons.math.optimization.DirectSearchOptimizer",84
"1032",14,"math","org.apache.commons.math.random.EmpiricalDistributionImpl","org.apache.commons.math.stat.descriptive.SummaryStatistics",36
"1033",14,"math","org.apache.commons.math.stat.descriptive.DescriptiveStatistics","org.apache.commons.math.util.ResizableDoubleArray",2
"1034",14,"math","org.apache.commons.math.stat.inference.TTestImpl","org.apache.commons.math.stat.StatUtils",30
"1035",14,"math","org.apache.commons.math.transform.FastFourierTransformer","org.apache.commons.math.complex.Complex",267
"1036",14,"mockito","org.mockito.asm.AnnotationWriter","org.mockito.asm.ClassWriter",453
"1037",14,"mockito","org.mockito.asm.MethodWriter","org.mockito.asm.ByteVector",98
"1038",14,"mockito","org.mockito.asm.MethodWriter","org.mockito.asm.ClassWriter",36
"1039",14,"mockito","org.mockito.asm.tree.analysis.BasicVerifier","org.mockito.asm.tree.analysis.BasicInterpreter",25
"1040",14,"mockito","org.mockito.cglib.core.CodeEmitter","org.mockito.cglib.core.ClassEmitter",1
"1041",14,"mockito","org.mockito.cglib.core.CodeEmitter","org.mockito.cglib.core.TypeUtils",237
"1042",14,"mockito","org.mockito.cglib.core.EmitUtils","org.mockito.cglib.core.CodeEmitter",57
"1043",14,"mockito","org.mockito.cglib.proxy.Enhancer","org.mockito.cglib.core.ReflectUtils",33
"1044",14,"mockito","org.mockito.cglib.proxy.Mixin$Generator","org.mockito.cglib.core.ReflectUtils",30
"1045",14,"time","org.joda.time.base.AbstractPartial","org.joda.time.MonthDay",12
"1046",14,"time","org.joda.time.base.AbstractPartial","org.joda.time.TimeOfDay",1
"1047",14,"time","org.joda.time.base.AbstractPartial","org.joda.time.YearMonth",2
"1048",14,"time","org.joda.time.base.AbstractPartial","org.joda.time.YearMonthDay",9
"1049",14,"time","org.joda.time.base.BasePeriod","org.joda.time.base.AbstractPeriod",17
"1050",14,"time","org.joda.time.chrono.BasicChronology","org.joda.time.chrono.EthiopicChronology",15
"1051",14,"time","org.joda.time.chrono.BasicWeekyearDateTimeField","org.joda.time.chrono.BasicChronology",122
"1052",14,"time","org.joda.time.chrono.CopticChronology","org.joda.time.DateTimeZone",31
"1053",14,"time","org.joda.time.chrono.GJChronology","org.joda.time.chrono.GJChronology$CutoverField",2
"1054",14,"time","org.joda.time.chrono.GJChronology","org.joda.time.chrono.JulianChronology",12
"1055",14,"time","org.joda.time.chrono.ISOChronology","org.joda.time.chrono.AssembledChronology",3
"1056",14,"time","org.joda.time.chrono.ISOChronology","org.joda.time.DateTimeZone",35
"1057",14,"time","org.joda.time.chrono.ZonedChronology","org.joda.time.chrono.AssembledChronology",34
"1058",14,"time","org.joda.time.chrono.ZonedChronology","org.joda.time.DateTimeZone",54
"1059",14,"time","org.joda.time.chrono.ZonedChronology$ZonedDateTimeField","org.joda.time.DateTimeZone",20
"1060",14,"time","org.joda.time.DateTimeUtils","org.joda.time.DateTimeZone",96
"1061",14,"time","org.joda.time.DateTimeZone","org.joda.time.tz.FixedDateTimeZone",18
"1062",14,"time","org.joda.time.Days","org.joda.time.base.BaseSingleFieldPeriod",3
"1063",14,"time","org.joda.time.format.DateTimeFormatter","org.joda.time.DateTimeZone",20
"1064",14,"time","org.joda.time.format.DateTimeFormatter","org.joda.time.format.DateTimeParserBucket",13
"1065",14,"time","org.joda.time.format.DateTimeFormatterBuilder$PaddedNumber","org.joda.time.format.DateTimeFormatterBuilder",30
"1066",14,"time","org.joda.time.format.DateTimeFormatterBuilder$TextField","org.joda.time.format.DateTimeParserBucket",4
"1067",14,"time","org.joda.time.format.DateTimeParserBucket$SavedState","org.joda.time.format.DateTimeParserBucket",3
"1068",14,"time","org.joda.time.format.ISODateTimeFormat","org.joda.time.format.DateTimeFormatterBuilder",7
"1069",14,"time","org.joda.time.Hours","org.joda.time.base.BaseSingleFieldPeriod",88
"1070",14,"time","org.joda.time.LocalDate","org.joda.time.DateTime",2
"1071",14,"time","org.joda.time.LocalDate","org.joda.time.format.ISODateTimeFormat",16
"1072",14,"time","org.joda.time.LocalDateTime","org.joda.time.DateTimeZone",29
"1073",14,"time","org.joda.time.Minutes","org.joda.time.base.BaseSingleFieldPeriod",1
"1074",14,"time","org.joda.time.Period","org.joda.time.base.AbstractPeriod",2
"1075",14,"time","org.joda.time.Period","org.joda.time.PeriodType",867
"1076",14,"time","org.joda.time.Seconds","org.joda.time.base.BaseSingleFieldPeriod",7
"1077",14,"time","org.joda.time.tz.ZoneInfoCompiler","org.joda.time.DateTimeZone",168
"1078",14,"time","org.joda.time.Weeks","org.joda.time.base.BaseSingleFieldPeriod",6
"1079",14,"time","org.joda.time.YearMonthDay","org.joda.time.base.BasePartial",8
"1080",15,"closure","com.google.javascript.rhino.head.IdScriptableObject","com.google.javascript.rhino.head.ScriptableObject",279
"1081",15,"closure","com.google.javascript.rhino.head.Interpreter","com.google.javascript.rhino.head.ScriptableObject",258
"1082",15,"closure","com.google.javascript.rhino.head.IRFactory","com.google.javascript.rhino.head.Decompiler",61
"1083",15,"closure","com.google.javascript.rhino.head.NativeArray","com.google.javascript.rhino.head.ScriptableObject",127
"1084",15,"closure","com.google.javascript.rhino.head.NativeObject","com.google.javascript.rhino.head.ScriptableObject",127
"1085",15,"closure","com.google.javascript.rhino.head.regexp.NativeRegExp","com.google.javascript.rhino.head.ScriptRuntime",13
"1086",15,"closure","com.google.javascript.rhino.head.ScriptableObject","com.google.javascript.rhino.head.FunctionObject",7
"1087",15,"closure","com.google.javascript.rhino.head.tools.debugger.Dim","com.google.javascript.rhino.head.ScriptRuntime",10
"1088",15,"closure","com.google.javascript.rhino.jstype.JSType","com.google.javascript.rhino.jstype.ProxyObjectType",2
"1089",15,"closure","com.google.javascript.rhino.jstype.JSType","com.google.javascript.rhino.jstype.UnionType",22
"1090",15,"lang","org.apache.commons.lang3.builder.ToStringBuilder","org.apache.commons.lang3.builder.ToStringStyle",1
"1091",15,"lang","org.apache.commons.lang3.concurrent.MultiBackgroundInitializer","org.apache.commons.lang3.concurrent.BackgroundInitializer",7
"1092",15,"lang","org.apache.commons.lang3.text.StrSubstitutor","org.apache.commons.lang3.text.StrBuilder",13
"1093",15,"lang","org.apache.commons.lang3.time.DurationFormatUtils","org.apache.commons.lang3.time.DurationFormatUtils$Token",20
"1094",15,"lang","org.apache.commons.lang3.time.FastDateFormat","org.apache.commons.lang3.time.FastDateFormat$TextField",4
"1095",15,"math","org.apache.commons.math.analysis.LaguerreSolver","org.apache.commons.math.complex.Complex",9
"1096",15,"math","org.apache.commons.math.analysis.MullerSolver","org.apache.commons.math.analysis.UnivariateRealSolverImpl",97
"1097",15,"math","org.apache.commons.math.fraction.ProperFractionFormat","org.apache.commons.math.fraction.FractionFormat",82
"1098",15,"math","org.apache.commons.math.linear.MatrixUtils","org.apache.commons.math.linear.BigMatrixImpl",108
"1099",15,"math","org.apache.commons.math.ode.AbstractStepInterpolator","org.apache.commons.math.ode.DormandPrince853StepInterpolator",74
"1100",15,"math","org.apache.commons.math.ode.ContinuousOutputModel","org.apache.commons.math.ode.AbstractStepInterpolator",43
"1101",15,"math","org.apache.commons.math.ode.EmbeddedRungeKuttaIntegrator","org.apache.commons.math.ode.DormandPrince853Integrator",18
"1102",15,"math","org.apache.commons.math.ode.EmbeddedRungeKuttaIntegrator","org.apache.commons.math.ode.HighamHall54Integrator",4
"1103",15,"math","org.apache.commons.math.ode.GraggBulirschStoerIntegrator","org.apache.commons.math.ode.AdaptiveStepsizeIntegrator",58
"1104",15,"math","org.apache.commons.math.ode.GraggBulirschStoerIntegrator","org.apache.commons.math.ode.SwitchingFunctionsHandler",18
"1105",15,"math","org.apache.commons.math.ode.GraggBulirschStoerStepInterpolator","org.apache.commons.math.ode.AbstractStepInterpolator",37
"1106",15,"math","org.apache.commons.math.ode.SwitchingFunctionsHandler","org.apache.commons.math.ode.SwitchState",82
"1107",15,"math","org.apache.commons.math.ode.SwitchState","org.apache.commons.math.analysis.BrentSolver",13
"1108",15,"math","org.apache.commons.math.optimization.NelderMead","org.apache.commons.math.optimization.DirectSearchOptimizer",81
"1109",15,"math","org.apache.commons.math.random.EmpiricalDistributionImpl","org.apache.commons.math.stat.descriptive.SummaryStatistics",36
"1110",15,"math","org.apache.commons.math.stat.inference.TTestImpl","org.apache.commons.math.stat.StatUtils",2
"1111",15,"math","org.apache.commons.math.transform.FastFourierTransformer","org.apache.commons.math.complex.Complex",352
"1112",15,"mockito","org.mockito.asm.AnnotationWriter","org.mockito.asm.ClassWriter",375
"1113",15,"mockito","org.mockito.asm.MethodWriter","org.mockito.asm.ByteVector",90
"1114",15,"mockito","org.mockito.asm.MethodWriter","org.mockito.asm.ClassWriter",53
"1115",15,"mockito","org.mockito.asm.tree.analysis.BasicVerifier","org.mockito.asm.tree.analysis.BasicInterpreter",19
"1116",15,"mockito","org.mockito.asm.tree.analysis.BasicVerifier","org.mockito.asm.tree.analysis.SimpleVerifier",9
"1117",15,"mockito","org.mockito.cglib.core.ClassEmitter","org.mockito.cglib.transform.impl.InterceptFieldTransformer",9
"1118",15,"mockito","org.mockito.cglib.core.CodeEmitter","org.mockito.cglib.core.ClassEmitter",1
"1119",15,"mockito","org.mockito.cglib.core.CodeEmitter","org.mockito.cglib.core.TypeUtils",237
"1120",15,"mockito","org.mockito.cglib.core.EmitUtils","org.mockito.cglib.core.CodeEmitter",56
"1121",15,"mockito","org.mockito.cglib.proxy.Enhancer","org.mockito.cglib.core.ReflectUtils",19
"1122",15,"time","org.joda.time.base.AbstractPartial","org.joda.time.TimeOfDay",42
"1123",15,"time","org.joda.time.base.AbstractPartial","org.joda.time.YearMonth",6
"1124",15,"time","org.joda.time.chrono.BasicChronology","org.joda.time.chrono.CopticChronology",11
"1125",15,"time","org.joda.time.chrono.BasicChronology","org.joda.time.chrono.IslamicChronology",2
"1126",15,"time","org.joda.time.chrono.BasicWeekyearDateTimeField","org.joda.time.chrono.BasicChronology",46
"1127",15,"time","org.joda.time.chrono.CopticChronology","org.joda.time.DateTimeZone",54
"1128",15,"time","org.joda.time.chrono.GJChronology","org.joda.time.chrono.JulianChronology",1
"1129",15,"time","org.joda.time.chrono.ISOChronology","org.joda.time.chrono.AssembledChronology",52
"1130",15,"time","org.joda.time.chrono.ISOChronology","org.joda.time.DateTimeZone",209
"1131",15,"time","org.joda.time.chrono.ZonedChronology","org.joda.time.chrono.AssembledChronology",5
"1132",15,"time","org.joda.time.chrono.ZonedChronology","org.joda.time.DateTimeZone",35
"1133",15,"time","org.joda.time.chrono.ZonedChronology$ZonedDateTimeField","org.joda.time.DateTimeZone",6
"1134",15,"time","org.joda.time.DateTimeUtils","org.joda.time.DateTimeZone",88
"1135",15,"time","org.joda.time.DateTimeZone","org.joda.time.format.DateTimeFormat",13
"1136",15,"time","org.joda.time.Days","org.joda.time.base.BaseSingleFieldPeriod",4
"1137",15,"time","org.joda.time.format.DateTimeFormat","org.joda.time.format.DateTimeFormat$StyleFormatter",1
"1138",15,"time","org.joda.time.format.DateTimeFormatter","org.joda.time.DateTimeZone",10
"1139",15,"time","org.joda.time.format.DateTimeFormatter","org.joda.time.format.DateTimeParserBucket",3
"1140",15,"time","org.joda.time.format.DateTimeFormatterBuilder$PaddedNumber","org.joda.time.format.DateTimeFormatterBuilder",25
"1141",15,"time","org.joda.time.format.DateTimeFormatterBuilder$TextField","org.joda.time.format.DateTimeParserBucket",4
"1142",15,"time","org.joda.time.format.DateTimeParserBucket$SavedState","org.joda.time.format.DateTimeParserBucket",16
"1143",15,"time","org.joda.time.format.ISODateTimeFormat","org.joda.time.format.DateTimeFormatterBuilder",7
"1144",15,"time","org.joda.time.Hours","org.joda.time.base.BaseSingleFieldPeriod",6
"1145",15,"time","org.joda.time.LocalDate","org.joda.time.format.ISODateTimeFormat",10
"1146",15,"time","org.joda.time.LocalDateTime","org.joda.time.DateTimeZone",130
"1147",15,"time","org.joda.time.LocalDateTime","org.joda.time.format.DateTimeFormatter",3
"1148",15,"time","org.joda.time.LocalTime$Property","org.joda.time.LocalTime",18
"1149",15,"time","org.joda.time.Minutes","org.joda.time.base.BaseSingleFieldPeriod",1
"1150",15,"time","org.joda.time.MutableInterval","org.joda.time.base.BaseInterval",2
"1151",15,"time","org.joda.time.MutablePeriod","org.joda.time.base.BasePeriod",1
"1152",15,"time","org.joda.time.Period","org.joda.time.base.AbstractPeriod",3
"1153",15,"time","org.joda.time.Period","org.joda.time.base.BasePeriod",5
"1154",15,"time","org.joda.time.Period","org.joda.time.PeriodType",535
"1155",15,"time","org.joda.time.Seconds","org.joda.time.base.BaseSingleFieldPeriod",11
"1156",15,"time","org.joda.time.tz.ZoneInfoCompiler","org.joda.time.DateTimeZone",227
"1157",15,"time","org.joda.time.Weeks","org.joda.time.base.BaseSingleFieldPeriod",1
"1158",15,"time","org.joda.time.YearMonthDay","org.joda.time.base.BasePartial",8
"1159",16,"closure","com.google.javascript.rhino.head.IRFactory","com.google.javascript.rhino.head.Node",55
"1160",16,"closure","com.google.javascript.rhino.head.IRFactory","com.google.javascript.rhino.head.Parser",122
"1161",16,"closure","com.google.javascript.rhino.head.NativeArray","com.google.javascript.rhino.head.ScriptableObject",16
"1162",16,"closure","com.google.javascript.rhino.head.NativeObject","com.google.javascript.rhino.head.ScriptableObject",400
"1163",16,"closure","com.google.javascript.rhino.head.ScriptableObject","com.google.javascript.rhino.head.FunctionObject",24
"1164",16,"closure","com.google.javascript.rhino.head.tools.debugger.Dim","com.google.javascript.rhino.head.ScriptRuntime",34
"1165",16,"closure","com.google.javascript.rhino.jstype.JSType","com.google.javascript.rhino.jstype.FunctionType",290
"1166",16,"closure","com.google.javascript.rhino.jstype.JSType","com.google.javascript.rhino.jstype.UnionType",55
"1167",16,"lang","org.apache.commons.lang3.builder.ToStringBuilder","org.apache.commons.lang3.builder.ToStringStyle",62
"1168",16,"lang","org.apache.commons.lang3.concurrent.MultiBackgroundInitializer","org.apache.commons.lang3.concurrent.BackgroundInitializer",10
"1169",16,"lang","org.apache.commons.lang3.text.StrBuilder$StrBuilderReader","org.apache.commons.lang3.text.StrBuilder",3
"1170",16,"lang","org.apache.commons.lang3.text.StrSubstitutor","org.apache.commons.lang3.text.StrBuilder",7
"1171",16,"lang","org.apache.commons.lang3.text.translate.UnicodeEscaper","org.apache.commons.lang3.text.translate.CharSequenceTranslator",1
"1172",16,"lang","org.apache.commons.lang3.time.DurationFormatUtils","org.apache.commons.lang3.time.DurationFormatUtils$Token",8
"1173",16,"lang","org.apache.commons.lang3.time.FastDateFormat","org.apache.commons.lang3.time.FastDateFormat$TextField",4
"1174",16,"math","org.apache.commons.math.analysis.MullerSolver","org.apache.commons.math.analysis.UnivariateRealSolverImpl",97
"1175",16,"math","org.apache.commons.math.geometry.Rotation","org.apache.commons.math.geometry.Vector3D",1
"1176",16,"math","org.apache.commons.math.linear.MatrixUtils","org.apache.commons.math.linear.BigMatrixImpl",1
"1177",16,"math","org.apache.commons.math.ode.AbstractStepInterpolator","org.apache.commons.math.ode.DormandPrince853StepInterpolator",76
"1178",16,"math","org.apache.commons.math.ode.ContinuousOutputModel","org.apache.commons.math.ode.AbstractStepInterpolator",46
"1179",16,"math","org.apache.commons.math.ode.EmbeddedRungeKuttaIntegrator","org.apache.commons.math.ode.DormandPrince853Integrator",9
"1180",16,"math","org.apache.commons.math.ode.GraggBulirschStoerIntegrator","org.apache.commons.math.ode.AdaptiveStepsizeIntegrator",61
"1181",16,"math","org.apache.commons.math.ode.GraggBulirschStoerIntegrator","org.apache.commons.math.ode.SwitchingFunctionsHandler",23
"1182",16,"math","org.apache.commons.math.ode.GraggBulirschStoerStepInterpolator","org.apache.commons.math.ode.AbstractStepInterpolator",38
"1183",16,"math","org.apache.commons.math.ode.SwitchingFunctionsHandler","org.apache.commons.math.ode.SwitchState",52
"1184",16,"math","org.apache.commons.math.ode.SwitchState","org.apache.commons.math.analysis.BrentSolver",64
"1185",16,"math","org.apache.commons.math.optimization.NelderMead","org.apache.commons.math.optimization.DirectSearchOptimizer",62
"1186",16,"math","org.apache.commons.math.random.EmpiricalDistributionImpl","org.apache.commons.math.stat.descriptive.SummaryStatistics",36
"1187",16,"math","org.apache.commons.math.stat.inference.TTestImpl","org.apache.commons.math.stat.StatUtils",18
"1188",16,"math","org.apache.commons.math.transform.FastFourierTransformer","org.apache.commons.math.complex.Complex",295
"1189",16,"mockito","org.mockito.asm.AnnotationWriter","org.mockito.asm.ClassWriter",406
"1190",16,"mockito","org.mockito.asm.MethodWriter","org.mockito.asm.ByteVector",62
"1191",16,"mockito","org.mockito.asm.MethodWriter","org.mockito.asm.ClassWriter",36
"1192",16,"mockito","org.mockito.asm.tree.analysis.BasicVerifier","org.mockito.asm.tree.analysis.BasicInterpreter",5
"1193",16,"mockito","org.mockito.asm.tree.analysis.BasicVerifier","org.mockito.asm.tree.analysis.SimpleVerifier",11
"1194",16,"mockito","org.mockito.asm.util.ASMifierClassVisitor","org.mockito.asm.util.ASMifierAbstractVisitor",24
"1195",16,"mockito","org.mockito.cglib.core.CodeEmitter","org.mockito.cglib.core.ClassEmitter",1
"1196",16,"mockito","org.mockito.cglib.core.CodeEmitter","org.mockito.cglib.core.TypeUtils",209
"1197",16,"mockito","org.mockito.cglib.core.EmitUtils","org.mockito.cglib.core.CodeEmitter",165
"1198",16,"mockito","org.mockito.cglib.proxy.Enhancer","org.mockito.cglib.core.CodeEmitter",240
"1199",16,"mockito","org.mockito.cglib.proxy.Enhancer","org.mockito.cglib.core.ReflectUtils",28
"1200",16,"time","org.joda.time.base.AbstractPartial","org.joda.time.YearMonth",9
"1201",16,"time","org.joda.time.base.BasePeriod","org.joda.time.base.AbstractPeriod",14
"1202",16,"time","org.joda.time.chrono.BasicWeekyearDateTimeField","org.joda.time.chrono.BasicChronology",147
"1203",16,"time","org.joda.time.chrono.CopticChronology","org.joda.time.DateTimeZone",85
"1204",16,"time","org.joda.time.chrono.ISOChronology","org.joda.time.chrono.AssembledChronology",1
"1205",16,"time","org.joda.time.chrono.ISOChronology","org.joda.time.DateTimeZone",52
"1206",16,"time","org.joda.time.chrono.ZonedChronology","org.joda.time.chrono.AssembledChronology",62
"1207",16,"time","org.joda.time.chrono.ZonedChronology","org.joda.time.DateTimeZone",40
"1208",16,"time","org.joda.time.chrono.ZonedChronology$ZonedDateTimeField","org.joda.time.DateTimeZone",17
"1209",16,"time","org.joda.time.DateTimeUtils","org.joda.time.DateTimeZone",47
"1210",16,"time","org.joda.time.DateTimeZone","org.joda.time.format.FormatUtils",8
"1211",16,"time","org.joda.time.format.DateTimeFormatter","org.joda.time.DateTimeZone",16
"1212",16,"time","org.joda.time.format.DateTimeFormatter","org.joda.time.format.DateTimeParserBucket",56
"1213",16,"time","org.joda.time.format.DateTimeFormatterBuilder$PaddedNumber","org.joda.time.format.DateTimeFormatterBuilder",7
"1214",16,"time","org.joda.time.format.DateTimeFormatterBuilder$TextField","org.joda.time.format.DateTimeParserBucket",2
"1215",16,"time","org.joda.time.format.DateTimeParserBucket$SavedState","org.joda.time.format.DateTimeParserBucket",15
"1216",16,"time","org.joda.time.format.ISODateTimeFormat","org.joda.time.format.DateTimeFormatterBuilder",5
"1217",16,"time","org.joda.time.Hours","org.joda.time.base.BaseSingleFieldPeriod",7
"1218",16,"time","org.joda.time.LocalDate","org.joda.time.format.ISODateTimeFormat",34
"1219",16,"time","org.joda.time.LocalDateTime","org.joda.time.DateTimeZone",15
"1220",16,"time","org.joda.time.Minutes","org.joda.time.base.BaseSingleFieldPeriod",5
"1221",16,"time","org.joda.time.MutableInterval","org.joda.time.base.BaseInterval",2
"1222",16,"time","org.joda.time.Period","org.joda.time.base.AbstractPeriod",12
"1223",16,"time","org.joda.time.Period","org.joda.time.base.BasePeriod",1
"1224",16,"time","org.joda.time.Period","org.joda.time.PeriodType",383
"1225",16,"time","org.joda.time.Seconds","org.joda.time.base.BaseSingleFieldPeriod",8
"1226",16,"time","org.joda.time.tz.ZoneInfoCompiler","org.joda.time.DateTimeZone",236
"1227",16,"time","org.joda.time.Weeks","org.joda.time.base.BaseSingleFieldPeriod",5
"1228",16,"time","org.joda.time.YearMonthDay","org.joda.time.base.BasePartial",8
"1229",17,"closure","com.google.javascript.jscomp.NodeUtil","com.google.javascript.rhino.Node",17
"1230",17,"closure","com.google.javascript.rhino.head.IdScriptableObject","com.google.javascript.rhino.head.ScriptableObject",41
"1231",17,"closure","com.google.javascript.rhino.head.Interpreter","com.google.javascript.rhino.head.ScriptableObject",43
"1232",17,"closure","com.google.javascript.rhino.head.IRFactory","com.google.javascript.rhino.head.Parser",238
"1233",17,"closure","com.google.javascript.rhino.head.NativeArray","com.google.javascript.rhino.head.IdScriptableObject",82
"1234",17,"closure","com.google.javascript.rhino.head.NativeArray","com.google.javascript.rhino.head.ScriptableObject",23
"1235",17,"closure","com.google.javascript.rhino.head.NativeObject","com.google.javascript.rhino.head.ScriptableObject",399
"1236",17,"closure","com.google.javascript.rhino.head.ScriptableObject","com.google.javascript.rhino.head.FunctionObject",12
"1237",17,"closure","com.google.javascript.rhino.jstype.JSType","com.google.javascript.rhino.jstype.UnionType",25
"1238",17,"closure","com.google.javascript.rhino.jstype.PrototypeObjectType","com.google.javascript.rhino.jstype.JSType",81
"1239",17,"lang","org.apache.commons.lang3.builder.ToStringBuilder","org.apache.commons.lang3.builder.ToStringStyle",98
"1240",17,"lang","org.apache.commons.lang3.concurrent.MultiBackgroundInitializer","org.apache.commons.lang3.concurrent.BackgroundInitializer",7
"1241",17,"lang","org.apache.commons.lang3.text.StrSubstitutor","org.apache.commons.lang3.text.StrBuilder",6
"1242",17,"lang","org.apache.commons.lang3.text.translate.UnicodeEscaper","org.apache.commons.lang3.text.translate.CharSequenceTranslator",1
"1243",17,"lang","org.apache.commons.lang3.time.DurationFormatUtils","org.apache.commons.lang3.time.DurationFormatUtils$Token",9
"1244",17,"lang","org.apache.commons.lang3.time.FastDateFormat","org.apache.commons.lang3.time.FastDateFormat$TextField",11
"1245",17,"math","org.apache.commons.math.analysis.MullerSolver","org.apache.commons.math.analysis.UnivariateRealSolverImpl",97
"1246",17,"math","org.apache.commons.math.geometry.Rotation","org.apache.commons.math.geometry.Vector3D",1
"1247",17,"math","org.apache.commons.math.linear.MatrixUtils","org.apache.commons.math.linear.BigMatrixImpl",1
"1248",17,"math","org.apache.commons.math.ode.AbstractStepInterpolator","org.apache.commons.math.ode.DormandPrince853StepInterpolator",68
"1249",17,"math","org.apache.commons.math.ode.ContinuousOutputModel","org.apache.commons.math.ode.AbstractStepInterpolator",44
"1250",17,"math","org.apache.commons.math.ode.EmbeddedRungeKuttaIntegrator","org.apache.commons.math.ode.DormandPrince853Integrator",10
"1251",17,"math","org.apache.commons.math.ode.GraggBulirschStoerIntegrator","org.apache.commons.math.ode.AdaptiveStepsizeIntegrator",56
"1252",17,"math","org.apache.commons.math.ode.GraggBulirschStoerIntegrator","org.apache.commons.math.ode.SwitchingFunctionsHandler",19
"1253",17,"math","org.apache.commons.math.ode.GraggBulirschStoerStepInterpolator","org.apache.commons.math.ode.AbstractStepInterpolator",29
"1254",17,"math","org.apache.commons.math.ode.SwitchingFunctionsHandler","org.apache.commons.math.ode.SwitchState",79
"1255",17,"math","org.apache.commons.math.ode.SwitchState","org.apache.commons.math.analysis.BrentSolver",16
"1256",17,"math","org.apache.commons.math.optimization.NelderMead","org.apache.commons.math.optimization.DirectSearchOptimizer",51
"1257",17,"math","org.apache.commons.math.random.EmpiricalDistributionImpl","org.apache.commons.math.stat.descriptive.SummaryStatistics",39
"1258",17,"math","org.apache.commons.math.stat.descriptive.DescriptiveStatistics","org.apache.commons.math.util.ResizableDoubleArray",1
"1259",17,"math","org.apache.commons.math.transform.FastFourierTransformer","org.apache.commons.math.complex.Complex",3
"1260",17,"mockito","org.mockito.asm.AnnotationWriter","org.mockito.asm.ClassWriter",468
"1261",17,"mockito","org.mockito.asm.MethodWriter","org.mockito.asm.ByteVector",56
"1262",17,"mockito","org.mockito.asm.MethodWriter","org.mockito.asm.ClassWriter",54
"1263",17,"mockito","org.mockito.asm.tree.analysis.BasicVerifier","org.mockito.asm.tree.analysis.BasicInterpreter",26
"1264",17,"mockito","org.mockito.asm.util.ASMifierClassVisitor","org.mockito.asm.util.ASMifierAbstractVisitor",24
"1265",17,"mockito","org.mockito.cglib.core.CodeEmitter","org.mockito.cglib.core.TypeUtils",216
"1266",17,"mockito","org.mockito.cglib.core.EmitUtils","org.mockito.cglib.core.CodeEmitter",99
"1267",17,"mockito","org.mockito.cglib.proxy.Enhancer","org.mockito.cglib.core.CodeEmitter",8
"1268",17,"mockito","org.mockito.cglib.proxy.Enhancer","org.mockito.cglib.core.ReflectUtils",28
"1269",17,"time","org.joda.time.base.AbstractPartial","org.joda.time.YearMonth",12
"1270",17,"time","org.joda.time.base.AbstractPartial","org.joda.time.YearMonthDay",14
"1271",17,"time","org.joda.time.base.BasePeriod","org.joda.time.base.AbstractPeriod",12
"1272",17,"time","org.joda.time.chrono.BasicChronology","org.joda.time.chrono.EthiopicChronology",8
"1273",17,"time","org.joda.time.chrono.BasicWeekyearDateTimeField","org.joda.time.chrono.BasicChronology",10
"1274",17,"time","org.joda.time.chrono.CopticChronology","org.joda.time.DateTimeZone",25
"1275",17,"time","org.joda.time.chrono.GJChronology","org.joda.time.chrono.JulianChronology",4
"1276",17,"time","org.joda.time.chrono.ISOChronology","org.joda.time.chrono.AssembledChronology",2
"1277",17,"time","org.joda.time.chrono.ISOChronology","org.joda.time.DateTimeZone",36
"1278",17,"time","org.joda.time.chrono.ZonedChronology","org.joda.time.chrono.AssembledChronology",6
"1279",17,"time","org.joda.time.chrono.ZonedChronology$ZonedDateTimeField","org.joda.time.DateTimeZone",9
"1280",17,"time","org.joda.time.DateTimeUtils","org.joda.time.DateTimeZone",99
"1281",17,"time","org.joda.time.DateTimeZone","org.joda.time.format.DateTimeFormat",8
"1282",17,"time","org.joda.time.DateTimeZone","org.joda.time.tz.FixedDateTimeZone",21
"1283",17,"time","org.joda.time.Days","org.joda.time.base.BaseSingleFieldPeriod",11
"1284",17,"time","org.joda.time.format.DateTimeFormatter","org.joda.time.DateTimeZone",11
"1285",17,"time","org.joda.time.format.DateTimeFormatterBuilder$PaddedNumber","org.joda.time.format.DateTimeFormatterBuilder",4
"1286",17,"time","org.joda.time.format.DateTimeFormatterBuilder$TextField","org.joda.time.format.DateTimeParserBucket",2
"1287",17,"time","org.joda.time.format.DateTimeParserBucket$SavedState","org.joda.time.format.DateTimeParserBucket",15
"1288",17,"time","org.joda.time.format.ISODateTimeFormat","org.joda.time.format.DateTimeFormatterBuilder",7
"1289",17,"time","org.joda.time.Hours","org.joda.time.base.BaseSingleFieldPeriod",7
"1290",17,"time","org.joda.time.LocalDate","org.joda.time.format.ISODateTimeFormat",31
"1291",17,"time","org.joda.time.LocalDateTime","org.joda.time.DateTimeZone",107
"1292",17,"time","org.joda.time.LocalDateTime","org.joda.time.format.DateTimeFormatter",1
"1293",17,"time","org.joda.time.Minutes","org.joda.time.base.BaseSingleFieldPeriod",1
"1294",17,"time","org.joda.time.MutablePeriod","org.joda.time.base.BasePeriod",1
"1295",17,"time","org.joda.time.Period","org.joda.time.base.AbstractPeriod",18
"1296",17,"time","org.joda.time.Period","org.joda.time.base.BasePeriod",1
"1297",17,"time","org.joda.time.Period","org.joda.time.PeriodType",566
"1298",17,"time","org.joda.time.Seconds","org.joda.time.base.BaseSingleFieldPeriod",13
"1299",17,"time","org.joda.time.tz.ZoneInfoCompiler","org.joda.time.DateTimeZone",235
"1300",17,"time","org.joda.time.Weeks","org.joda.time.base.BaseSingleFieldPeriod",4
"1301",17,"time","org.joda.time.YearMonthDay","org.joda.time.base.BasePartial",12
"1302",18,"closure","com.google.javascript.rhino.head.IdScriptableObject","com.google.javascript.rhino.head.ScriptableObject",482
"1303",18,"closure","com.google.javascript.rhino.head.IRFactory","com.google.javascript.rhino.head.Parser",220
"1304",18,"closure","com.google.javascript.rhino.head.NativeArray","com.google.javascript.rhino.head.ScriptableObject",102
"1305",18,"closure","com.google.javascript.rhino.head.NativeArray","com.google.javascript.rhino.head.ScriptRuntime",133
"1306",18,"closure","com.google.javascript.rhino.head.regexp.NativeRegExp","com.google.javascript.rhino.head.ScriptRuntime",91
"1307",18,"closure","com.google.javascript.rhino.head.ScriptRuntime","com.google.javascript.rhino.head.ScriptableObject",101
"1308",18,"closure","com.google.javascript.rhino.head.tools.debugger.Dim","com.google.javascript.rhino.head.ScriptRuntime",74
"1309",18,"closure","com.google.javascript.rhino.JSDocInfoBuilder","com.google.javascript.rhino.JSDocInfo",49
"1310",18,"closure","com.google.javascript.rhino.jstype.JSType","com.google.javascript.rhino.jstype.FunctionType",264
"1311",18,"closure","com.google.javascript.rhino.jstype.JSType","com.google.javascript.rhino.jstype.UnionType",26
"1312",18,"lang","org.apache.commons.lang3.builder.ReflectionToStringBuilder","org.apache.commons.lang3.builder.ToStringBuilder",49
"1313",18,"lang","org.apache.commons.lang3.builder.ToStringBuilder","org.apache.commons.lang3.builder.ToStringStyle",108
"1314",18,"lang","org.apache.commons.lang3.concurrent.MultiBackgroundInitializer","org.apache.commons.lang3.concurrent.BackgroundInitializer",10
"1315",18,"lang","org.apache.commons.lang3.text.StrBuilder$StrBuilderReader","org.apache.commons.lang3.text.StrBuilder",1
"1316",18,"lang","org.apache.commons.lang3.text.StrSubstitutor","org.apache.commons.lang3.text.StrBuilder",7
"1317",18,"lang","org.apache.commons.lang3.text.translate.UnicodeEscaper","org.apache.commons.lang3.text.translate.CharSequenceTranslator",1
"1318",18,"lang","org.apache.commons.lang3.time.DurationFormatUtils","org.apache.commons.lang3.time.DurationFormatUtils$Token",20
"1319",18,"lang","org.apache.commons.lang3.time.FastDateFormat","org.apache.commons.lang3.time.FastDateFormat$TextField",4
"1320",18,"math","org.apache.commons.math.analysis.LaguerreSolver","org.apache.commons.math.complex.Complex",4
"1321",18,"math","org.apache.commons.math.analysis.MullerSolver","org.apache.commons.math.analysis.UnivariateRealSolverImpl",97
"1322",18,"math","org.apache.commons.math.fraction.ProperFractionFormat","org.apache.commons.math.fraction.FractionFormat",91
"1323",18,"math","org.apache.commons.math.linear.MatrixUtils","org.apache.commons.math.linear.BigMatrixImpl",1
"1324",18,"math","org.apache.commons.math.ode.AbstractStepInterpolator","org.apache.commons.math.ode.DormandPrince853StepInterpolator",71
"1325",18,"math","org.apache.commons.math.ode.ContinuousOutputModel","org.apache.commons.math.ode.AbstractStepInterpolator",47
"1326",18,"math","org.apache.commons.math.ode.EmbeddedRungeKuttaIntegrator","org.apache.commons.math.ode.DormandPrince853Integrator",9
"1327",18,"math","org.apache.commons.math.ode.EmbeddedRungeKuttaIntegrator","org.apache.commons.math.ode.HighamHall54Integrator",8
"1328",18,"math","org.apache.commons.math.ode.GraggBulirschStoerIntegrator","org.apache.commons.math.ode.AdaptiveStepsizeIntegrator",50
"1329",18,"math","org.apache.commons.math.ode.GraggBulirschStoerIntegrator","org.apache.commons.math.ode.SwitchingFunctionsHandler",5
"1330",18,"math","org.apache.commons.math.ode.GraggBulirschStoerStepInterpolator","org.apache.commons.math.ode.AbstractStepInterpolator",31
"1331",18,"math","org.apache.commons.math.ode.SwitchingFunctionsHandler","org.apache.commons.math.ode.SwitchState",52
"1332",18,"math","org.apache.commons.math.optimization.NelderMead","org.apache.commons.math.optimization.DirectSearchOptimizer",63
"1333",18,"math","org.apache.commons.math.random.EmpiricalDistributionImpl","org.apache.commons.math.stat.descriptive.SummaryStatistics",35
"1334",18,"math","org.apache.commons.math.stat.inference.TTestImpl","org.apache.commons.math.stat.StatUtils",31
"1335",18,"math","org.apache.commons.math.transform.FastFourierTransformer","org.apache.commons.math.complex.Complex",12
"1336",18,"mockito","org.mockito.asm.AnnotationWriter","org.mockito.asm.ClassWriter",403
"1337",18,"mockito","org.mockito.asm.MethodWriter","org.mockito.asm.ByteVector",92
"1338",18,"mockito","org.mockito.asm.MethodWriter","org.mockito.asm.ClassWriter",77
"1339",18,"mockito","org.mockito.asm.tree.analysis.BasicVerifier","org.mockito.asm.tree.analysis.BasicInterpreter",22
"1340",18,"mockito","org.mockito.asm.tree.analysis.BasicVerifier","org.mockito.asm.tree.analysis.SimpleVerifier",9
"1341",18,"mockito","org.mockito.cglib.core.CodeEmitter","org.mockito.cglib.core.TypeUtils",222
"1342",18,"mockito","org.mockito.cglib.core.EmitUtils","org.mockito.cglib.core.CodeEmitter",102
"1343",18,"mockito","org.mockito.cglib.proxy.Enhancer","org.mockito.cglib.core.ReflectUtils",19
"1344",18,"mockito","org.mockito.cglib.proxy.Mixin$Generator","org.mockito.cglib.core.ReflectUtils",26
"1345",18,"time","org.joda.time.base.AbstractPartial","org.joda.time.TimeOfDay",1
"1346",18,"time","org.joda.time.base.AbstractPartial","org.joda.time.YearMonth",22
"1347",18,"time","org.joda.time.base.AbstractPartial","org.joda.time.YearMonthDay",4
"1348",18,"time","org.joda.time.base.BasePeriod","org.joda.time.base.AbstractPeriod",12
"1349",18,"time","org.joda.time.chrono.BasicChronology","org.joda.time.chrono.IslamicChronology",24
"1350",18,"time","org.joda.time.chrono.BasicWeekyearDateTimeField","org.joda.time.chrono.BasicChronology",215
"1351",18,"time","org.joda.time.chrono.CopticChronology","org.joda.time.DateTimeZone",33
"1352",18,"time","org.joda.time.chrono.GJChronology","org.joda.time.chrono.GJChronology$CutoverField",18
"1353",18,"time","org.joda.time.chrono.GJChronology","org.joda.time.chrono.JulianChronology",1
"1354",18,"time","org.joda.time.chrono.ISOChronology","org.joda.time.chrono.AssembledChronology",81
"1355",18,"time","org.joda.time.chrono.ISOChronology","org.joda.time.DateTimeZone",40
"1356",18,"time","org.joda.time.chrono.ZonedChronology","org.joda.time.chrono.AssembledChronology",4
"1357",18,"time","org.joda.time.chrono.ZonedChronology","org.joda.time.DateTimeZone",287
"1358",18,"time","org.joda.time.chrono.ZonedChronology$ZonedDateTimeField","org.joda.time.DateTimeZone",13
"1359",18,"time","org.joda.time.DateTimeUtils","org.joda.time.DateTimeZone",95
"1360",18,"time","org.joda.time.format.DateTimeFormat","org.joda.time.format.DateTimeFormat$StyleFormatter",1
"1361",18,"time","org.joda.time.format.DateTimeFormatter","org.joda.time.DateTimeZone",13
"1362",18,"time","org.joda.time.format.DateTimeFormatter","org.joda.time.format.DateTimeParserBucket",71
"1363",18,"time","org.joda.time.format.DateTimeFormatterBuilder$PaddedNumber","org.joda.time.format.DateTimeFormatterBuilder",21
"1364",18,"time","org.joda.time.format.DateTimeFormatterBuilder$TextField","org.joda.time.MutableDateTime",2
"1365",18,"time","org.joda.time.format.ISODateTimeFormat","org.joda.time.format.DateTimeFormatterBuilder",3
"1366",18,"time","org.joda.time.Hours","org.joda.time.base.BaseSingleFieldPeriod",10
"1367",18,"time","org.joda.time.LocalDate","org.joda.time.format.ISODateTimeFormat",36
"1368",18,"time","org.joda.time.LocalDateTime","org.joda.time.DateTimeZone",36
"1369",18,"time","org.joda.time.LocalDateTime","org.joda.time.format.DateTimeFormatter",29
"1370",18,"time","org.joda.time.Minutes","org.joda.time.base.BaseSingleFieldPeriod",6
"1371",18,"time","org.joda.time.MutablePeriod","org.joda.time.base.BasePeriod",6
"1372",18,"time","org.joda.time.Period","org.joda.time.base.AbstractPeriod",1
"1373",18,"time","org.joda.time.Period","org.joda.time.base.BasePeriod",6
"1374",18,"time","org.joda.time.Period","org.joda.time.PeriodType",497
"1375",18,"time","org.joda.time.Seconds","org.joda.time.base.BaseSingleFieldPeriod",129
"1376",18,"time","org.joda.time.tz.ZoneInfoCompiler","org.joda.time.DateTimeZone",328
"1377",18,"time","org.joda.time.Weeks","org.joda.time.base.BaseSingleFieldPeriod",100
"1378",18,"time","org.joda.time.YearMonthDay","org.joda.time.base.BasePartial",5
"1379",19,"closure","com.google.javascript.rhino.head.IdScriptableObject","com.google.javascript.rhino.head.ScriptableObject",308
"1380",19,"closure","com.google.javascript.rhino.head.IRFactory","com.google.javascript.rhino.head.Parser",137
"1381",19,"closure","com.google.javascript.rhino.head.NativeArray","com.google.javascript.rhino.head.IdScriptableObject",108
"1382",19,"closure","com.google.javascript.rhino.head.NativeArray","com.google.javascript.rhino.head.ScriptableObject",65
"1383",19,"closure","com.google.javascript.rhino.head.regexp.NativeRegExp","com.google.javascript.rhino.head.ScriptRuntime",20
"1384",19,"closure","com.google.javascript.rhino.head.ScriptableObject","com.google.javascript.rhino.head.FunctionObject",20
"1385",19,"closure","com.google.javascript.rhino.head.tools.debugger.Dim","com.google.javascript.rhino.head.ScriptRuntime",35
"1386",19,"closure","com.google.javascript.rhino.jstype.JSType","com.google.javascript.rhino.jstype.UnionType",28
"1387",19,"lang","org.apache.commons.lang3.concurrent.MultiBackgroundInitializer","org.apache.commons.lang3.concurrent.BackgroundInitializer",4
"1388",19,"lang","org.apache.commons.lang3.text.StrBuilder$StrBuilderReader","org.apache.commons.lang3.text.StrBuilder",1
"1389",19,"lang","org.apache.commons.lang3.text.StrSubstitutor","org.apache.commons.lang3.text.StrBuilder",8
"1390",19,"lang","org.apache.commons.lang3.time.DurationFormatUtils","org.apache.commons.lang3.time.DurationFormatUtils$Token",20
"1391",19,"lang","org.apache.commons.lang3.time.FastDateFormat","org.apache.commons.lang3.time.FastDateFormat$TextField",12
"1392",19,"math","org.apache.commons.math.analysis.MullerSolver","org.apache.commons.math.analysis.UnivariateRealSolverImpl",103
"1393",19,"math","org.apache.commons.math.geometry.Rotation","org.apache.commons.math.geometry.Vector3D",2
"1394",19,"math","org.apache.commons.math.linear.MatrixUtils","org.apache.commons.math.linear.BigMatrixImpl",1
"1395",19,"math","org.apache.commons.math.ode.AbstractStepInterpolator","org.apache.commons.math.ode.DormandPrince853StepInterpolator",70
"1396",19,"math","org.apache.commons.math.ode.ContinuousOutputModel","org.apache.commons.math.ode.AbstractStepInterpolator",36
"1397",19,"math","org.apache.commons.math.ode.EmbeddedRungeKuttaIntegrator","org.apache.commons.math.ode.DormandPrince853Integrator",12
"1398",19,"math","org.apache.commons.math.ode.GraggBulirschStoerIntegrator","org.apache.commons.math.ode.AdaptiveStepsizeIntegrator",56
"1399",19,"math","org.apache.commons.math.ode.GraggBulirschStoerIntegrator","org.apache.commons.math.ode.SwitchingFunctionsHandler",14
"1400",19,"math","org.apache.commons.math.ode.GraggBulirschStoerStepInterpolator","org.apache.commons.math.ode.AbstractStepInterpolator",28
"1401",19,"math","org.apache.commons.math.ode.SwitchingFunctionsHandler","org.apache.commons.math.ode.SwitchState",63
"1402",19,"math","org.apache.commons.math.ode.SwitchState","org.apache.commons.math.analysis.BrentSolver",43
"1403",19,"math","org.apache.commons.math.optimization.NelderMead","org.apache.commons.math.optimization.DirectSearchOptimizer",82
"1404",19,"math","org.apache.commons.math.stat.descriptive.DescriptiveStatistics","org.apache.commons.math.util.ResizableDoubleArray",2
"1405",19,"math","org.apache.commons.math.stat.inference.TTestImpl","org.apache.commons.math.stat.StatUtils",20
"1406",19,"math","org.apache.commons.math.transform.FastFourierTransformer","org.apache.commons.math.complex.Complex",327
"1407",19,"mockito","org.mockito.asm.AnnotationWriter","org.mockito.asm.ClassWriter",495
"1408",19,"mockito","org.mockito.asm.MethodWriter","org.mockito.asm.ByteVector",87
"1409",19,"mockito","org.mockito.asm.MethodWriter","org.mockito.asm.ClassWriter",95
"1410",19,"mockito","org.mockito.asm.tree.analysis.BasicVerifier","org.mockito.asm.tree.analysis.BasicInterpreter",17
"1411",19,"mockito","org.mockito.asm.tree.analysis.BasicVerifier","org.mockito.asm.tree.analysis.SimpleVerifier",3
"1412",19,"mockito","org.mockito.cglib.core.ClassEmitter","org.mockito.cglib.transform.impl.InterceptFieldTransformer",10
"1413",19,"mockito","org.mockito.cglib.core.CodeEmitter","org.mockito.cglib.core.ClassEmitter",1
"1414",19,"mockito","org.mockito.cglib.core.CodeEmitter","org.mockito.cglib.core.TypeUtils",228
"1415",19,"mockito","org.mockito.cglib.core.EmitUtils","org.mockito.cglib.core.CodeEmitter",83
"1416",19,"mockito","org.mockito.cglib.proxy.Enhancer","org.mockito.cglib.core.ReflectUtils",25
"1417",19,"mockito","org.mockito.cglib.proxy.Mixin$Generator","org.mockito.cglib.core.ReflectUtils",24
"1418",19,"time","org.joda.time.base.AbstractPartial","org.joda.time.YearMonth",39
"1419",19,"time","org.joda.time.base.BasePeriod","org.joda.time.base.AbstractPeriod",13
"1420",19,"time","org.joda.time.chrono.BasicChronology","org.joda.time.chrono.IslamicChronology",23
"1421",19,"time","org.joda.time.chrono.BasicWeekyearDateTimeField","org.joda.time.chrono.BasicChronology",110
"1422",19,"time","org.joda.time.chrono.CopticChronology","org.joda.time.DateTimeZone",23
"1423",19,"time","org.joda.time.chrono.GJChronology","org.joda.time.chrono.GJChronology$CutoverField",32
"1424",19,"time","org.joda.time.chrono.ISOChronology","org.joda.time.DateTimeZone",47
"1425",19,"time","org.joda.time.chrono.ZonedChronology","org.joda.time.chrono.AssembledChronology",3
"1426",19,"time","org.joda.time.chrono.ZonedChronology$ZonedDateTimeField","org.joda.time.DateTimeZone",18
"1427",19,"time","org.joda.time.DateTimeUtils","org.joda.time.DateTimeZone",140
"1428",19,"time","org.joda.time.Days","org.joda.time.base.BaseSingleFieldPeriod",111
"1429",19,"time","org.joda.time.format.DateTimeFormatter","org.joda.time.DateTimeZone",24
"1430",19,"time","org.joda.time.format.DateTimeFormatter","org.joda.time.format.DateTimeParserBucket",9
"1431",19,"time","org.joda.time.format.DateTimeFormatterBuilder$PaddedNumber","org.joda.time.format.DateTimeFormatterBuilder",33
"1432",19,"time","org.joda.time.format.DateTimeFormatterBuilder$TextField","org.joda.time.MutableDateTime",8
"1433",19,"time","org.joda.time.format.DateTimeParserBucket$SavedState","org.joda.time.format.DateTimeParserBucket",3
"1434",19,"time","org.joda.time.format.ISODateTimeFormat","org.joda.time.format.DateTimeFormatterBuilder",19
"1435",19,"time","org.joda.time.Hours","org.joda.time.base.BaseSingleFieldPeriod",2
"1436",19,"time","org.joda.time.LocalDate","org.joda.time.format.ISODateTimeFormat",24
"1437",19,"time","org.joda.time.LocalDateTime","org.joda.time.DateTimeZone",22
"1438",19,"time","org.joda.time.LocalTime$Property","org.joda.time.LocalTime",4
"1439",19,"time","org.joda.time.Minutes","org.joda.time.base.BaseSingleFieldPeriod",10
"1440",19,"time","org.joda.time.MutableInterval","org.joda.time.base.BaseInterval",21
"1441",19,"time","org.joda.time.Period","org.joda.time.base.AbstractPeriod",8
"1442",19,"time","org.joda.time.Period","org.joda.time.PeriodType",566
"1443",19,"time","org.joda.time.Seconds","org.joda.time.base.BaseSingleFieldPeriod",14
"1444",19,"time","org.joda.time.tz.ZoneInfoCompiler","org.joda.time.DateTimeZone",251
"1445",19,"time","org.joda.time.Weeks","org.joda.time.base.BaseSingleFieldPeriod",1
"1446",20,"closure","com.google.javascript.rhino.head.IdScriptableObject","com.google.javascript.rhino.head.ScriptableObject",71
"1447",20,"closure","com.google.javascript.rhino.head.IRFactory","com.google.javascript.rhino.head.Node",61
"1448",20,"closure","com.google.javascript.rhino.head.IRFactory","com.google.javascript.rhino.head.Parser",166
"1449",20,"closure","com.google.javascript.rhino.head.NativeArray","com.google.javascript.rhino.head.IdScriptableObject",69
"1450",20,"closure","com.google.javascript.rhino.head.NativeArray","com.google.javascript.rhino.head.ScriptableObject",70
"1451",20,"closure","com.google.javascript.rhino.head.regexp.NativeRegExp","com.google.javascript.rhino.head.ScriptRuntime",38
"1452",20,"closure","com.google.javascript.rhino.head.ScriptableObject","com.google.javascript.rhino.head.FunctionObject",24
"1453",20,"closure","com.google.javascript.rhino.JSDocInfoBuilder","com.google.javascript.rhino.JSDocInfo",30
"1454",20,"closure","com.google.javascript.rhino.jstype.JSType","com.google.javascript.rhino.jstype.ProxyObjectType",4
"1455",20,"closure","com.google.javascript.rhino.jstype.JSType","com.google.javascript.rhino.jstype.UnionType",5
"1456",20,"lang","org.apache.commons.lang3.builder.ToStringBuilder","org.apache.commons.lang3.builder.ToStringStyle",64
"1457",20,"lang","org.apache.commons.lang3.concurrent.MultiBackgroundInitializer","org.apache.commons.lang3.concurrent.BackgroundInitializer",7
"1458",20,"lang","org.apache.commons.lang3.text.StrSubstitutor","org.apache.commons.lang3.text.StrBuilder",4
"1459",20,"lang","org.apache.commons.lang3.text.translate.UnicodeEscaper","org.apache.commons.lang3.text.translate.CharSequenceTranslator",1
"1460",20,"lang","org.apache.commons.lang3.time.DurationFormatUtils","org.apache.commons.lang3.time.DurationFormatUtils$Token",15
"1461",20,"lang","org.apache.commons.lang3.time.FastDateFormat","org.apache.commons.lang3.time.FastDateFormat$TextField",4
"1462",20,"math","org.apache.commons.math.analysis.MullerSolver","org.apache.commons.math.analysis.UnivariateRealSolverImpl",103
"1463",20,"math","org.apache.commons.math.linear.MatrixUtils","org.apache.commons.math.linear.BigMatrixImpl",1
"1464",20,"math","org.apache.commons.math.ode.AbstractStepInterpolator","org.apache.commons.math.ode.DormandPrince853StepInterpolator",66
"1465",20,"math","org.apache.commons.math.ode.ContinuousOutputModel","org.apache.commons.math.ode.AbstractStepInterpolator",44
"1466",20,"math","org.apache.commons.math.ode.EmbeddedRungeKuttaIntegrator","org.apache.commons.math.ode.DormandPrince853Integrator",10
"1467",20,"math","org.apache.commons.math.ode.EmbeddedRungeKuttaIntegrator","org.apache.commons.math.ode.HighamHall54Integrator",9
"1468",20,"math","org.apache.commons.math.ode.GraggBulirschStoerIntegrator","org.apache.commons.math.ode.AdaptiveStepsizeIntegrator",61
"1469",20,"math","org.apache.commons.math.ode.GraggBulirschStoerIntegrator","org.apache.commons.math.ode.SwitchingFunctionsHandler",5
"1470",20,"math","org.apache.commons.math.ode.GraggBulirschStoerStepInterpolator","org.apache.commons.math.ode.AbstractStepInterpolator",34
"1471",20,"math","org.apache.commons.math.ode.SwitchingFunctionsHandler","org.apache.commons.math.ode.SwitchState",49
"1472",20,"math","org.apache.commons.math.ode.SwitchState","org.apache.commons.math.analysis.BrentSolver",49
"1473",20,"math","org.apache.commons.math.optimization.NelderMead","org.apache.commons.math.optimization.DirectSearchOptimizer",61
"1474",20,"math","org.apache.commons.math.random.EmpiricalDistributionImpl","org.apache.commons.math.stat.descriptive.SummaryStatistics",36
"1475",20,"math","org.apache.commons.math.stat.descriptive.AbstractStorelessUnivariateStatistic","org.apache.commons.math.stat.descriptive.moment.Variance",1
"1476",20,"math","org.apache.commons.math.stat.inference.TTestImpl","org.apache.commons.math.stat.StatUtils",32
"1477",20,"math","org.apache.commons.math.transform.FastFourierTransformer","org.apache.commons.math.complex.Complex",303
"1478",20,"mockito","org.mockito.asm.AnnotationWriter","org.mockito.asm.ClassWriter",437
"1479",20,"mockito","org.mockito.asm.MethodWriter","org.mockito.asm.ByteVector",76
"1480",20,"mockito","org.mockito.asm.MethodWriter","org.mockito.asm.ClassWriter",47
"1481",20,"mockito","org.mockito.asm.tree.analysis.BasicVerifier","org.mockito.asm.tree.analysis.BasicInterpreter",30
"1482",20,"mockito","org.mockito.cglib.core.CodeEmitter","org.mockito.cglib.core.ClassEmitter",1
"1483",20,"mockito","org.mockito.cglib.core.CodeEmitter","org.mockito.cglib.core.TypeUtils",222
"1484",20,"mockito","org.mockito.cglib.core.EmitUtils","org.mockito.cglib.core.CodeEmitter",45
"1485",20,"mockito","org.mockito.cglib.proxy.Enhancer","org.mockito.cglib.core.CodeEmitter",240
"1486",20,"mockito","org.mockito.cglib.proxy.Enhancer","org.mockito.cglib.core.ReflectUtils",25
"1487",20,"mockito","org.mockito.cglib.proxy.Mixin$Generator","org.mockito.cglib.core.ReflectUtils",19
"1488",20,"time","org.joda.time.base.AbstractPartial","org.joda.time.TimeOfDay",22
"1489",20,"time","org.joda.time.base.AbstractPartial","org.joda.time.YearMonth",48
"1490",20,"time","org.joda.time.base.BasePeriod","org.joda.time.base.AbstractPeriod",62
"1491",20,"time","org.joda.time.chrono.BasicWeekyearDateTimeField","org.joda.time.chrono.BasicChronology",139
"1492",20,"time","org.joda.time.chrono.CopticChronology","org.joda.time.DateTimeZone",27
"1493",20,"time","org.joda.time.chrono.GJChronology","org.joda.time.chrono.JulianChronology",1
"1494",20,"time","org.joda.time.chrono.ISOChronology","org.joda.time.chrono.AssembledChronology",1
"1495",20,"time","org.joda.time.chrono.ZonedChronology","org.joda.time.chrono.AssembledChronology",4
"1496",20,"time","org.joda.time.chrono.ZonedChronology","org.joda.time.DateTimeZone",24
"1497",20,"time","org.joda.time.chrono.ZonedChronology$ZonedDateTimeField","org.joda.time.DateTimeZone",15
"1498",20,"time","org.joda.time.DateTimeUtils","org.joda.time.DateTimeZone",160
"1499",20,"time","org.joda.time.Days","org.joda.time.base.BaseSingleFieldPeriod",6
"1500",20,"time","org.joda.time.format.DateTimeFormat","org.joda.time.format.DateTimeFormat$StyleFormatter",3
"1501",20,"time","org.joda.time.format.DateTimeFormat","org.joda.time.format.DateTimeFormatterBuilder",65
"1502",20,"time","org.joda.time.format.DateTimeFormatter","org.joda.time.DateTimeZone",16
"1503",20,"time","org.joda.time.format.DateTimeFormatterBuilder$PaddedNumber","org.joda.time.format.DateTimeFormatterBuilder",10
"1504",20,"time","org.joda.time.format.DateTimeFormatterBuilder$TextField","org.joda.time.MutableDateTime",8
"1505",20,"time","org.joda.time.format.DateTimeParserBucket$SavedState","org.joda.time.format.DateTimeParserBucket",16
"1506",20,"time","org.joda.time.format.ISODateTimeFormat","org.joda.time.format.DateTimeFormatterBuilder",8
"1507",20,"time","org.joda.time.LocalDate","org.joda.time.format.ISODateTimeFormat",35
"1508",20,"time","org.joda.time.MutableInterval","org.joda.time.base.BaseInterval",2
"1509",20,"time","org.joda.time.Period","org.joda.time.base.AbstractPeriod",11
"1510",20,"time","org.joda.time.Period","org.joda.time.PeriodType",517
"1511",20,"time","org.joda.time.Seconds","org.joda.time.base.BaseSingleFieldPeriod",2
"1512",20,"time","org.joda.time.tz.ZoneInfoCompiler","org.joda.time.DateTimeZone",19
"1513",20,"time","org.joda.time.Weeks","org.joda.time.base.BaseSingleFieldPeriod",6
