"","executionId","project","caller","callee","killedM"
"1",1,"closure","com.google.javascript.rhino.head.IdScriptableObject","com.google.javascript.rhino.head.ScriptableObject",329
"2",1,"closure","com.google.javascript.rhino.head.IRFactory","com.google.javascript.rhino.head.Node",51
"3",1,"closure","com.google.javascript.rhino.head.IRFactory","com.google.javascript.rhino.head.Parser",93
"4",1,"closure","com.google.javascript.rhino.head.NativeArray","com.google.javascript.rhino.head.ScriptableObject",12
"5",1,"closure","com.google.javascript.rhino.head.NativeObject","com.google.javascript.rhino.head.ScriptableObject",108
"6",1,"closure","com.google.javascript.rhino.head.regexp.NativeRegExp","com.google.javascript.rhino.head.ScriptRuntime",108
"7",1,"closure","com.google.javascript.rhino.head.tools.debugger.Dim","com.google.javascript.rhino.head.ScriptRuntime",39
"8",1,"closure","com.google.javascript.rhino.jstype.JSType","com.google.javascript.rhino.jstype.FunctionType",255
"9",1,"closure","com.google.javascript.rhino.jstype.JSType","com.google.javascript.rhino.jstype.ProxyObjectType",8
"10",1,"lang","org.apache.commons.lang3.builder.ReflectionToStringBuilder","org.apache.commons.lang3.builder.ToStringBuilder",1
"11",1,"lang","org.apache.commons.lang3.builder.ToStringBuilder","org.apache.commons.lang3.builder.ToStringStyle",28
"12",1,"lang","org.apache.commons.lang3.builder.ToStringStyle","org.apache.commons.lang3.ClassUtils",36
"13",1,"lang","org.apache.commons.lang3.concurrent.MultiBackgroundInitializer","org.apache.commons.lang3.concurrent.BackgroundInitializer",10
"14",1,"lang","org.apache.commons.lang3.text.StrBuilder$StrBuilderReader","org.apache.commons.lang3.text.StrBuilder",82
"15",1,"lang","org.apache.commons.lang3.text.StrSubstitutor","org.apache.commons.lang3.text.StrBuilder",267
"16",1,"lang","org.apache.commons.lang3.text.StrTokenizer","org.apache.commons.lang3.text.StrMatcher",7
"17",1,"lang","org.apache.commons.lang3.text.translate.UnicodeEscaper","org.apache.commons.lang3.text.translate.CharSequenceTranslator",2
"18",1,"lang","org.apache.commons.lang3.time.DurationFormatUtils","org.apache.commons.lang3.time.DurationFormatUtils$Token",5
"19",1,"math","org.apache.commons.math.analysis.LaguerreSolver","org.apache.commons.math.complex.Complex",334
"20",1,"math","org.apache.commons.math.analysis.MullerSolver","org.apache.commons.math.analysis.UnivariateRealSolverImpl",95
"21",1,"math","org.apache.commons.math.distribution.AbstractIntegerDistribution","org.apache.commons.math.distribution.HypergeometricDistributionImpl",51
"22",1,"math","org.apache.commons.math.geometry.Rotation","org.apache.commons.math.geometry.Vector3D",106
"23",1,"math","org.apache.commons.math.linear.MatrixUtils","org.apache.commons.math.linear.BigMatrixImpl",27
"24",1,"math","org.apache.commons.math.ode.AbstractStepInterpolator","org.apache.commons.math.ode.DormandPrince853StepInterpolator",73
"25",1,"math","org.apache.commons.math.ode.ContinuousOutputModel","org.apache.commons.math.ode.AbstractStepInterpolator",44
"26",1,"math","org.apache.commons.math.ode.EmbeddedRungeKuttaIntegrator","org.apache.commons.math.ode.DormandPrince853Integrator",11
"27",1,"math","org.apache.commons.math.ode.EmbeddedRungeKuttaIntegrator","org.apache.commons.math.ode.HighamHall54Integrator",7
"28",1,"math","org.apache.commons.math.ode.GraggBulirschStoerIntegrator","org.apache.commons.math.ode.AdaptiveStepsizeIntegrator",53
"29",1,"math","org.apache.commons.math.ode.GraggBulirschStoerIntegrator","org.apache.commons.math.ode.SwitchingFunctionsHandler",20
"30",1,"math","org.apache.commons.math.ode.GraggBulirschStoerStepInterpolator","org.apache.commons.math.ode.AbstractStepInterpolator",45
"31",1,"math","org.apache.commons.math.ode.SwitchingFunctionsHandler","org.apache.commons.math.ode.SwitchState",62
"32",1,"math","org.apache.commons.math.ode.SwitchState","org.apache.commons.math.analysis.BrentSolver",13
"33",1,"math","org.apache.commons.math.optimization.NelderMead","org.apache.commons.math.optimization.DirectSearchOptimizer",60
"34",1,"math","org.apache.commons.math.stat.descriptive.AbstractStorelessUnivariateStatistic","org.apache.commons.math.stat.descriptive.moment.Variance",61
"35",1,"math","org.apache.commons.math.stat.descriptive.DescriptiveStatistics","org.apache.commons.math.util.ResizableDoubleArray",122
"36",1,"math","org.apache.commons.math.stat.inference.TTestImpl","org.apache.commons.math.stat.StatUtils",2
"37",1,"math","org.apache.commons.math.transform.FastFourierTransformer","org.apache.commons.math.complex.Complex",320
"38",1,"mockito","org.mockito.asm.AnnotationWriter","org.mockito.asm.ClassWriter",479
"39",1,"mockito","org.mockito.asm.MethodWriter","org.mockito.asm.ByteVector",92
"40",1,"mockito","org.mockito.asm.MethodWriter","org.mockito.asm.ClassWriter",91
"41",1,"mockito","org.mockito.asm.tree.analysis.BasicVerifier","org.mockito.asm.tree.analysis.BasicInterpreter",21
"42",1,"mockito","org.mockito.asm.tree.analysis.BasicVerifier","org.mockito.asm.tree.analysis.SimpleVerifier",5
"43",1,"mockito","org.mockito.cglib.core.ClassEmitter","org.mockito.cglib.transform.impl.InterceptFieldTransformer",10
"44",1,"mockito","org.mockito.cglib.core.CodeEmitter","org.mockito.cglib.core.ClassEmitter",1
"45",1,"mockito","org.mockito.cglib.core.CodeEmitter","org.mockito.cglib.core.TypeUtils",130
"46",1,"mockito","org.mockito.cglib.core.EmitUtils","org.mockito.cglib.core.CodeEmitter",49
"47",1,"mockito","org.mockito.cglib.proxy.Enhancer","org.mockito.cglib.core.ReflectUtils",96
"48",1,"mockito","org.mockito.cglib.proxy.Mixin$Generator","org.mockito.cglib.core.ReflectUtils",87
"49",1,"time","org.joda.time.base.AbstractPartial","org.joda.time.MonthDay",18
"50",1,"time","org.joda.time.base.AbstractPartial","org.joda.time.TimeOfDay",1
"51",1,"time","org.joda.time.base.AbstractPartial","org.joda.time.YearMonth",32
"52",1,"time","org.joda.time.base.BasePeriod","org.joda.time.base.AbstractPeriod",63
"53",1,"time","org.joda.time.chrono.BasicChronology","org.joda.time.chrono.CopticChronology",12
"54",1,"time","org.joda.time.chrono.BasicChronology","org.joda.time.chrono.EthiopicChronology",12
"55",1,"time","org.joda.time.chrono.BasicChronology","org.joda.time.chrono.IslamicChronology",184
"56",1,"time","org.joda.time.chrono.BasicWeekyearDateTimeField","org.joda.time.chrono.BasicChronology",277
"57",1,"time","org.joda.time.chrono.CopticChronology","org.joda.time.DateTimeZone",214
"58",1,"time","org.joda.time.chrono.GJChronology","org.joda.time.chrono.GJChronology$CutoverField",25
"59",1,"time","org.joda.time.chrono.GJChronology","org.joda.time.chrono.JulianChronology",33
"60",1,"time","org.joda.time.chrono.ISOChronology","org.joda.time.chrono.AssembledChronology",47
"61",1,"time","org.joda.time.chrono.ISOChronology","org.joda.time.DateTimeZone",409
"62",1,"time","org.joda.time.chrono.ZonedChronology","org.joda.time.chrono.AssembledChronology",71
"63",1,"time","org.joda.time.chrono.ZonedChronology","org.joda.time.DateTimeZone",130
"64",1,"time","org.joda.time.chrono.ZonedChronology$ZonedDateTimeField","org.joda.time.DateTimeZone",153
"65",1,"time","org.joda.time.DateTimeUtils","org.joda.time.DateTimeZone",175
"66",1,"time","org.joda.time.DateTimeZone","org.joda.time.field.FieldUtils",12
"67",1,"time","org.joda.time.DateTimeZone","org.joda.time.format.DateTimeFormat",284
"68",1,"time","org.joda.time.DateTimeZone","org.joda.time.tz.FixedDateTimeZone",18
"69",1,"time","org.joda.time.Days","org.joda.time.base.BaseSingleFieldPeriod",27
"70",1,"time","org.joda.time.format.DateTimeFormat","org.joda.time.format.DateTimeFormat$StyleFormatter",16
"71",1,"time","org.joda.time.format.DateTimeFormat","org.joda.time.format.DateTimeFormatterBuilder",76
"72",1,"time","org.joda.time.format.DateTimeFormatter","org.joda.time.DateTimeZone",114
"73",1,"time","org.joda.time.format.DateTimeFormatter","org.joda.time.format.DateTimeParserBucket",96
"74",1,"time","org.joda.time.format.DateTimeFormatterBuilder$PaddedNumber","org.joda.time.format.DateTimeFormatterBuilder",41
"75",1,"time","org.joda.time.format.DateTimeFormatterBuilder$TextField","org.joda.time.format.DateTimeParserBucket",93
"76",1,"time","org.joda.time.format.DateTimeFormatterBuilder$TextField","org.joda.time.MutableDateTime",7
"77",1,"time","org.joda.time.format.DateTimeParserBucket$SavedState","org.joda.time.format.DateTimeParserBucket",51
"78",1,"time","org.joda.time.format.ISODateTimeFormat","org.joda.time.format.DateTimeFormatterBuilder",221
"79",1,"time","org.joda.time.LocalDate","org.joda.time.format.ISODateTimeFormat",33
"80",1,"time","org.joda.time.LocalDateTime","org.joda.time.DateTimeZone",170
"81",1,"time","org.joda.time.LocalDateTime","org.joda.time.format.DateTimeFormatter",25
"82",1,"time","org.joda.time.LocalTime$Property","org.joda.time.LocalTime",26
"83",1,"time","org.joda.time.Minutes","org.joda.time.base.BaseSingleFieldPeriod",37
"84",1,"time","org.joda.time.MutableInterval","org.joda.time.base.BaseInterval",8
"85",1,"time","org.joda.time.MutablePeriod","org.joda.time.base.BasePeriod",28
"86",1,"time","org.joda.time.Period","org.joda.time.base.AbstractPeriod",2
"87",1,"time","org.joda.time.Period","org.joda.time.base.BasePeriod",73
"88",1,"time","org.joda.time.Period","org.joda.time.PeriodType",740
"89",1,"time","org.joda.time.Seconds","org.joda.time.base.BaseSingleFieldPeriod",35
"90",1,"time","org.joda.time.tz.ZoneInfoCompiler","org.joda.time.DateTimeZone",180
"91",1,"time","org.joda.time.Weeks","org.joda.time.base.BaseSingleFieldPeriod",31
"92",2,"closure","com.google.javascript.rhino.head.IdScriptableObject","com.google.javascript.rhino.head.ScriptableObject",144
"93",2,"closure","com.google.javascript.rhino.head.Interpreter","com.google.javascript.rhino.head.InterpretedFunction",1
"94",2,"closure","com.google.javascript.rhino.head.Interpreter","com.google.javascript.rhino.head.ScriptableObject",71
"95",2,"closure","com.google.javascript.rhino.head.IRFactory","com.google.javascript.rhino.head.Node",53
"96",2,"closure","com.google.javascript.rhino.head.IRFactory","com.google.javascript.rhino.head.Parser",37
"97",2,"closure","com.google.javascript.rhino.head.NativeArray","com.google.javascript.rhino.head.ScriptableObject",9
"98",2,"closure","com.google.javascript.rhino.head.NativeArray","com.google.javascript.rhino.head.ScriptRuntime",48
"99",2,"closure","com.google.javascript.rhino.head.NativeObject","com.google.javascript.rhino.head.ScriptableObject",17
"100",2,"closure","com.google.javascript.rhino.jstype.JSType","com.google.javascript.rhino.jstype.ProxyObjectType",2
"101",2,"closure","com.google.javascript.rhino.jstype.JSType","com.google.javascript.rhino.jstype.UnionType",79
"102",2,"closure","com.google.javascript.rhino.jstype.PrototypeObjectType","com.google.javascript.rhino.jstype.JSType",113
"103",2,"lang","org.apache.commons.lang3.builder.ReflectionToStringBuilder","org.apache.commons.lang3.builder.ToStringBuilder",1
"104",2,"lang","org.apache.commons.lang3.builder.ToStringBuilder","org.apache.commons.lang3.builder.ToStringStyle",75
"105",2,"lang","org.apache.commons.lang3.builder.ToStringStyle","org.apache.commons.lang3.ClassUtils",36
"106",2,"lang","org.apache.commons.lang3.concurrent.MultiBackgroundInitializer","org.apache.commons.lang3.concurrent.BackgroundInitializer",10
"107",2,"lang","org.apache.commons.lang3.text.StrBuilder$StrBuilderReader","org.apache.commons.lang3.text.StrBuilder",78
"108",2,"lang","org.apache.commons.lang3.text.StrSubstitutor","org.apache.commons.lang3.text.StrBuilder",253
"109",2,"lang","org.apache.commons.lang3.text.StrTokenizer","org.apache.commons.lang3.text.StrMatcher",7
"110",2,"lang","org.apache.commons.lang3.text.translate.UnicodeEscaper","org.apache.commons.lang3.text.translate.CharSequenceTranslator",1
"111",2,"lang","org.apache.commons.lang3.time.DurationFormatUtils","org.apache.commons.lang3.time.DurationFormatUtils$Token",17
"112",2,"math","org.apache.commons.math.analysis.LaguerreSolver","org.apache.commons.math.complex.Complex",332
"113",2,"math","org.apache.commons.math.analysis.MullerSolver","org.apache.commons.math.analysis.UnivariateRealSolverImpl",95
"114",2,"math","org.apache.commons.math.distribution.AbstractIntegerDistribution","org.apache.commons.math.distribution.HypergeometricDistributionImpl",70
"115",2,"math","org.apache.commons.math.geometry.Rotation","org.apache.commons.math.geometry.Vector3D",98
"116",2,"math","org.apache.commons.math.linear.MatrixUtils","org.apache.commons.math.linear.BigMatrixImpl",23
"117",2,"math","org.apache.commons.math.ode.AbstractStepInterpolator","org.apache.commons.math.ode.DormandPrince853StepInterpolator",65
"118",2,"math","org.apache.commons.math.ode.ContinuousOutputModel","org.apache.commons.math.ode.AbstractStepInterpolator",35
"119",2,"math","org.apache.commons.math.ode.EmbeddedRungeKuttaIntegrator","org.apache.commons.math.ode.DormandPrince853Integrator",10
"120",2,"math","org.apache.commons.math.ode.EmbeddedRungeKuttaIntegrator","org.apache.commons.math.ode.HighamHall54Integrator",11
"121",2,"math","org.apache.commons.math.ode.GraggBulirschStoerIntegrator","org.apache.commons.math.ode.AdaptiveStepsizeIntegrator",46
"122",2,"math","org.apache.commons.math.ode.GraggBulirschStoerIntegrator","org.apache.commons.math.ode.SwitchingFunctionsHandler",15
"123",2,"math","org.apache.commons.math.ode.GraggBulirschStoerStepInterpolator","org.apache.commons.math.ode.AbstractStepInterpolator",15
"124",2,"math","org.apache.commons.math.ode.SwitchingFunctionsHandler","org.apache.commons.math.ode.SwitchState",64
"125",2,"math","org.apache.commons.math.ode.SwitchState","org.apache.commons.math.analysis.BrentSolver",16
"126",2,"math","org.apache.commons.math.optimization.NelderMead","org.apache.commons.math.optimization.DirectSearchOptimizer",65
"127",2,"math","org.apache.commons.math.stat.descriptive.AbstractStorelessUnivariateStatistic","org.apache.commons.math.stat.descriptive.moment.Variance",65
"128",2,"math","org.apache.commons.math.stat.descriptive.DescriptiveStatistics","org.apache.commons.math.util.ResizableDoubleArray",87
"129",2,"math","org.apache.commons.math.transform.FastFourierTransformer","org.apache.commons.math.complex.Complex",298
"130",2,"mockito","org.mockito.asm.AnnotationWriter","org.mockito.asm.ClassWriter",468
"131",2,"mockito","org.mockito.asm.MethodWriter","org.mockito.asm.ByteVector",71
"132",2,"mockito","org.mockito.asm.MethodWriter","org.mockito.asm.ClassWriter",36
"133",2,"mockito","org.mockito.asm.tree.analysis.BasicVerifier","org.mockito.asm.tree.analysis.BasicInterpreter",7
"134",2,"mockito","org.mockito.asm.tree.analysis.BasicVerifier","org.mockito.asm.tree.analysis.SimpleVerifier",2
"135",2,"mockito","org.mockito.cglib.core.CodeEmitter","org.mockito.cglib.core.TypeUtils",178
"136",2,"mockito","org.mockito.cglib.core.EmitUtils","org.mockito.cglib.core.CodeEmitter",73
"137",2,"mockito","org.mockito.cglib.proxy.Enhancer","org.mockito.cglib.core.CodeEmitter",240
"138",2,"mockito","org.mockito.cglib.proxy.Enhancer","org.mockito.cglib.core.ReflectUtils",89
"139",2,"time","org.joda.time.base.AbstractPartial","org.joda.time.MonthDay",58
"140",2,"time","org.joda.time.base.AbstractPartial","org.joda.time.TimeOfDay",1
"141",2,"time","org.joda.time.base.AbstractPartial","org.joda.time.YearMonth",29
"142",2,"time","org.joda.time.base.BasePeriod","org.joda.time.base.AbstractPeriod",80
"143",2,"time","org.joda.time.chrono.BasicChronology","org.joda.time.chrono.CopticChronology",30
"144",2,"time","org.joda.time.chrono.BasicChronology","org.joda.time.chrono.EthiopicChronology",12
"145",2,"time","org.joda.time.chrono.BasicChronology","org.joda.time.chrono.IslamicChronology",83
"146",2,"time","org.joda.time.chrono.BasicWeekyearDateTimeField","org.joda.time.chrono.BasicChronology",172
"147",2,"time","org.joda.time.chrono.CopticChronology","org.joda.time.DateTimeZone",179
"148",2,"time","org.joda.time.chrono.GJChronology","org.joda.time.chrono.GJChronology$CutoverField",23
"149",2,"time","org.joda.time.chrono.GJChronology","org.joda.time.chrono.JulianChronology",23
"150",2,"time","org.joda.time.chrono.ISOChronology","org.joda.time.chrono.AssembledChronology",38
"151",2,"time","org.joda.time.chrono.ZonedChronology","org.joda.time.chrono.AssembledChronology",62
"152",2,"time","org.joda.time.chrono.ZonedChronology","org.joda.time.DateTimeZone",175
"153",2,"time","org.joda.time.chrono.ZonedChronology$ZonedDateTimeField","org.joda.time.DateTimeZone",173
"154",2,"time","org.joda.time.DateTimeUtils","org.joda.time.DateTimeZone",203
"155",2,"time","org.joda.time.DateTimeZone","org.joda.time.field.FieldUtils",12
"156",2,"time","org.joda.time.DateTimeZone","org.joda.time.format.DateTimeFormat",223
"157",2,"time","org.joda.time.DateTimeZone","org.joda.time.format.FormatUtils",54
"158",2,"time","org.joda.time.DateTimeZone","org.joda.time.tz.FixedDateTimeZone",21
"159",2,"time","org.joda.time.Days","org.joda.time.base.BaseSingleFieldPeriod",27
"160",2,"time","org.joda.time.format.DateTimeFormat","org.joda.time.format.DateTimeFormat$StyleFormatter",22
"161",2,"time","org.joda.time.format.DateTimeFormat","org.joda.time.format.DateTimeFormatterBuilder",77
"162",2,"time","org.joda.time.format.DateTimeFormatter","org.joda.time.DateTimeZone",131
"163",2,"time","org.joda.time.format.DateTimeFormatter","org.joda.time.format.DateTimeParserBucket",64
"164",2,"time","org.joda.time.format.DateTimeFormatterBuilder$PaddedNumber","org.joda.time.format.DateTimeFormatterBuilder",47
"165",2,"time","org.joda.time.format.DateTimeFormatterBuilder$TextField","org.joda.time.format.DateTimeParserBucket",54
"166",2,"time","org.joda.time.format.DateTimeFormatterBuilder$TextField","org.joda.time.MutableDateTime",18
"167",2,"time","org.joda.time.format.DateTimeParserBucket$SavedState","org.joda.time.format.DateTimeParserBucket",15
"168",2,"time","org.joda.time.format.ISODateTimeFormat","org.joda.time.format.DateTimeFormatterBuilder",219
"169",2,"time","org.joda.time.Hours","org.joda.time.base.BaseSingleFieldPeriod",1
"170",2,"time","org.joda.time.LocalDate","org.joda.time.format.ISODateTimeFormat",33
"171",2,"time","org.joda.time.LocalDateTime","org.joda.time.DateTimeZone",267
"172",2,"time","org.joda.time.LocalDateTime","org.joda.time.format.DateTimeFormatter",10
"173",2,"time","org.joda.time.LocalTime$Property","org.joda.time.LocalTime",144
"174",2,"time","org.joda.time.Minutes","org.joda.time.base.BaseSingleFieldPeriod",8
"175",2,"time","org.joda.time.MutableInterval","org.joda.time.base.BaseInterval",3
"176",2,"time","org.joda.time.MutablePeriod","org.joda.time.base.BasePeriod",29
"177",2,"time","org.joda.time.Period","org.joda.time.base.AbstractPeriod",3
"178",2,"time","org.joda.time.Period","org.joda.time.base.BasePeriod",44
"179",2,"time","org.joda.time.Period","org.joda.time.PeriodType",740
"180",2,"time","org.joda.time.Seconds","org.joda.time.base.BaseSingleFieldPeriod",33
"181",2,"time","org.joda.time.tz.ZoneInfoCompiler","org.joda.time.DateTimeZone",275
"182",2,"time","org.joda.time.Weeks","org.joda.time.base.BaseSingleFieldPeriod",37
"183",3,"closure","com.google.javascript.jscomp.NodeUtil","com.google.javascript.rhino.Node",334
"184",3,"closure","com.google.javascript.rhino.head.IdScriptableObject","com.google.javascript.rhino.head.ScriptableObject",203
"185",3,"closure","com.google.javascript.rhino.head.Interpreter","com.google.javascript.rhino.head.ScriptableObject",33
"186",3,"closure","com.google.javascript.rhino.head.IRFactory","com.google.javascript.rhino.head.Parser",32
"187",3,"closure","com.google.javascript.rhino.head.Parser","com.google.javascript.rhino.head.CompilerEnvirons",71
"188",3,"closure","com.google.javascript.rhino.head.ScriptRuntime","com.google.javascript.rhino.head.ScriptableObject",127
"189",3,"closure","com.google.javascript.rhino.head.tools.debugger.Dim","com.google.javascript.rhino.head.ScriptRuntime",42
"190",3,"closure","com.google.javascript.rhino.head.tools.shell.Global","com.google.javascript.rhino.head.ScriptRuntime",31
"191",3,"closure","com.google.javascript.rhino.JSDocInfoBuilder","com.google.javascript.rhino.JSDocInfo",167
"192",3,"closure","com.google.javascript.rhino.jstype.JSType","com.google.javascript.rhino.jstype.ProxyObjectType",2
"193",3,"closure","com.google.javascript.rhino.jstype.JSType","com.google.javascript.rhino.jstype.UnionType",49
"194",3,"lang","org.apache.commons.lang3.builder.ReflectionToStringBuilder","org.apache.commons.lang3.builder.ToStringBuilder",1
"195",3,"lang","org.apache.commons.lang3.builder.ToStringBuilder","org.apache.commons.lang3.builder.ToStringStyle",30
"196",3,"lang","org.apache.commons.lang3.builder.ToStringStyle","org.apache.commons.lang3.ClassUtils",36
"197",3,"lang","org.apache.commons.lang3.concurrent.MultiBackgroundInitializer","org.apache.commons.lang3.concurrent.BackgroundInitializer",7
"198",3,"lang","org.apache.commons.lang3.text.StrBuilder$StrBuilderReader","org.apache.commons.lang3.text.StrBuilder",106
"199",3,"lang","org.apache.commons.lang3.text.StrSubstitutor","org.apache.commons.lang3.text.StrBuilder",192
"200",3,"lang","org.apache.commons.lang3.text.StrTokenizer","org.apache.commons.lang3.text.StrMatcher",9
"201",3,"lang","org.apache.commons.lang3.text.translate.UnicodeEscaper","org.apache.commons.lang3.text.translate.CharSequenceTranslator",1
"202",3,"lang","org.apache.commons.lang3.time.DurationFormatUtils","org.apache.commons.lang3.time.DurationFormatUtils$Token",5
"203",3,"math","org.apache.commons.math.analysis.LaguerreSolver","org.apache.commons.math.complex.Complex",421
"204",3,"math","org.apache.commons.math.analysis.MullerSolver","org.apache.commons.math.analysis.UnivariateRealSolverImpl",104
"205",3,"math","org.apache.commons.math.distribution.AbstractIntegerDistribution","org.apache.commons.math.distribution.HypergeometricDistributionImpl",71
"206",3,"math","org.apache.commons.math.fraction.ProperFractionFormat","org.apache.commons.math.fraction.FractionFormat",2
"207",3,"math","org.apache.commons.math.geometry.Rotation","org.apache.commons.math.geometry.Vector3D",81
"208",3,"math","org.apache.commons.math.linear.MatrixUtils","org.apache.commons.math.linear.BigMatrixImpl",16
"209",3,"math","org.apache.commons.math.ode.AbstractStepInterpolator","org.apache.commons.math.ode.DormandPrince853StepInterpolator",64
"210",3,"math","org.apache.commons.math.ode.ContinuousOutputModel","org.apache.commons.math.ode.AbstractStepInterpolator",47
"211",3,"math","org.apache.commons.math.ode.EmbeddedRungeKuttaIntegrator","org.apache.commons.math.ode.DormandPrince853Integrator",8
"212",3,"math","org.apache.commons.math.ode.EmbeddedRungeKuttaIntegrator","org.apache.commons.math.ode.HighamHall54Integrator",9
"213",3,"math","org.apache.commons.math.ode.GraggBulirschStoerIntegrator","org.apache.commons.math.ode.AdaptiveStepsizeIntegrator",59
"214",3,"math","org.apache.commons.math.ode.GraggBulirschStoerIntegrator","org.apache.commons.math.ode.SwitchingFunctionsHandler",39
"215",3,"math","org.apache.commons.math.ode.GraggBulirschStoerStepInterpolator","org.apache.commons.math.ode.AbstractStepInterpolator",37
"216",3,"math","org.apache.commons.math.ode.SwitchingFunctionsHandler","org.apache.commons.math.ode.SwitchState",52
"217",3,"math","org.apache.commons.math.ode.SwitchState","org.apache.commons.math.analysis.BrentSolver",34
"218",3,"math","org.apache.commons.math.optimization.NelderMead","org.apache.commons.math.optimization.DirectSearchOptimizer",79
"219",3,"math","org.apache.commons.math.stat.descriptive.AbstractStorelessUnivariateStatistic","org.apache.commons.math.stat.descriptive.moment.Variance",56
"220",3,"math","org.apache.commons.math.stat.descriptive.DescriptiveStatistics","org.apache.commons.math.util.ResizableDoubleArray",95
"221",3,"math","org.apache.commons.math.transform.FastFourierTransformer","org.apache.commons.math.complex.Complex",335
"222",3,"mockito","org.mockito.asm.AnnotationWriter","org.mockito.asm.ClassWriter",482
"223",3,"mockito","org.mockito.asm.MethodWriter","org.mockito.asm.ByteVector",88
"224",3,"mockito","org.mockito.asm.MethodWriter","org.mockito.asm.ClassWriter",83
"225",3,"mockito","org.mockito.asm.tree.analysis.BasicVerifier","org.mockito.asm.tree.analysis.BasicInterpreter",29
"226",3,"mockito","org.mockito.asm.tree.analysis.BasicVerifier","org.mockito.asm.tree.analysis.SimpleVerifier",3
"227",3,"mockito","org.mockito.cglib.core.ClassEmitter","org.mockito.cglib.transform.impl.InterceptFieldTransformer",6
"228",3,"mockito","org.mockito.cglib.core.CodeEmitter","org.mockito.cglib.core.ClassEmitter",1
"229",3,"mockito","org.mockito.cglib.core.CodeEmitter","org.mockito.cglib.core.TypeUtils",195
"230",3,"mockito","org.mockito.cglib.core.EmitUtils","org.mockito.cglib.core.CodeEmitter",57
"231",3,"mockito","org.mockito.cglib.proxy.Enhancer","org.mockito.cglib.core.ReflectUtils",89
"232",3,"time","org.joda.time.base.AbstractPartial","org.joda.time.MonthDay",42
"233",3,"time","org.joda.time.base.AbstractPartial","org.joda.time.TimeOfDay",1
"234",3,"time","org.joda.time.base.AbstractPartial","org.joda.time.YearMonth",34
"235",3,"time","org.joda.time.base.BasePeriod","org.joda.time.base.AbstractPeriod",52
"236",3,"time","org.joda.time.chrono.BasicChronology","org.joda.time.chrono.CopticChronology",84
"237",3,"time","org.joda.time.chrono.BasicChronology","org.joda.time.chrono.EthiopicChronology",2
"238",3,"time","org.joda.time.chrono.BasicChronology","org.joda.time.chrono.IslamicChronology",81
"239",3,"time","org.joda.time.chrono.BasicWeekyearDateTimeField","org.joda.time.chrono.BasicChronology",233
"240",3,"time","org.joda.time.chrono.CopticChronology","org.joda.time.DateTimeZone",169
"241",3,"time","org.joda.time.chrono.GJChronology","org.joda.time.chrono.GJChronology$CutoverField",54
"242",3,"time","org.joda.time.chrono.GJChronology","org.joda.time.chrono.JulianChronology",11
"243",3,"time","org.joda.time.chrono.ISOChronology","org.joda.time.chrono.AssembledChronology",59
"244",3,"time","org.joda.time.chrono.ISOChronology","org.joda.time.DateTimeZone",226
"245",3,"time","org.joda.time.chrono.ZonedChronology","org.joda.time.chrono.AssembledChronology",67
"246",3,"time","org.joda.time.chrono.ZonedChronology","org.joda.time.DateTimeZone",181
"247",3,"time","org.joda.time.chrono.ZonedChronology$ZonedDateTimeField","org.joda.time.DateTimeZone",155
"248",3,"time","org.joda.time.DateTimeUtils","org.joda.time.DateTimeZone",183
"249",3,"time","org.joda.time.DateTimeZone","org.joda.time.field.FieldUtils",12
"250",3,"time","org.joda.time.DateTimeZone","org.joda.time.tz.FixedDateTimeZone",21
"251",3,"time","org.joda.time.format.DateTimeFormat","org.joda.time.format.DateTimeFormat$StyleFormatter",16
"252",3,"time","org.joda.time.format.DateTimeFormat","org.joda.time.format.DateTimeFormatterBuilder",30
"253",3,"time","org.joda.time.format.DateTimeFormatter","org.joda.time.DateTimeZone",112
"254",3,"time","org.joda.time.format.DateTimeFormatter","org.joda.time.format.DateTimeParserBucket",96
"255",3,"time","org.joda.time.format.DateTimeFormatterBuilder$PaddedNumber","org.joda.time.format.DateTimeFormatterBuilder",9
"256",3,"time","org.joda.time.format.DateTimeFormatterBuilder$TextField","org.joda.time.format.DateTimeParserBucket",79
"257",3,"time","org.joda.time.format.DateTimeFormatterBuilder$TextField","org.joda.time.MutableDateTime",8
"258",3,"time","org.joda.time.format.DateTimeParserBucket$SavedState","org.joda.time.format.DateTimeParserBucket",16
"259",3,"time","org.joda.time.format.ISODateTimeFormat","org.joda.time.format.DateTimeFormatterBuilder",222
"260",3,"time","org.joda.time.LocalDate","org.joda.time.format.ISODateTimeFormat",36
"261",3,"time","org.joda.time.LocalDateTime","org.joda.time.DateTimeZone",287
"262",3,"time","org.joda.time.LocalDateTime","org.joda.time.format.DateTimeFormatter",19
"263",3,"time","org.joda.time.LocalTime$Property","org.joda.time.LocalTime",50
"264",3,"time","org.joda.time.Minutes","org.joda.time.base.BaseSingleFieldPeriod",35
"265",3,"time","org.joda.time.MutableInterval","org.joda.time.base.BaseInterval",11
"266",3,"time","org.joda.time.MutablePeriod","org.joda.time.base.BasePeriod",30
"267",3,"time","org.joda.time.Period","org.joda.time.base.BasePeriod",70
"268",3,"time","org.joda.time.Period","org.joda.time.PeriodType",728
"269",3,"time","org.joda.time.Seconds","org.joda.time.base.BaseSingleFieldPeriod",35
"270",3,"time","org.joda.time.tz.ZoneInfoCompiler","org.joda.time.DateTimeZone",195
"271",3,"time","org.joda.time.Weeks","org.joda.time.base.BaseSingleFieldPeriod",33
"272",4,"closure","com.google.javascript.rhino.head.IdScriptableObject","com.google.javascript.rhino.head.ScriptableObject",149
"273",4,"closure","com.google.javascript.rhino.head.Interpreter","com.google.javascript.rhino.head.InterpretedFunction",1
"274",4,"closure","com.google.javascript.rhino.head.IRFactory","com.google.javascript.rhino.head.Node",61
"275",4,"closure","com.google.javascript.rhino.head.IRFactory","com.google.javascript.rhino.head.Parser",55
"276",4,"closure","com.google.javascript.rhino.head.NativeArray","com.google.javascript.rhino.head.ScriptableObject",41
"277",4,"closure","com.google.javascript.rhino.head.NativeObject","com.google.javascript.rhino.head.ScriptableObject",43
"278",4,"closure","com.google.javascript.rhino.head.ScriptableObject","com.google.javascript.rhino.head.FunctionObject",15
"279",4,"closure","com.google.javascript.rhino.head.tools.debugger.Dim","com.google.javascript.rhino.head.ScriptRuntime",30
"280",4,"closure","com.google.javascript.rhino.head.tools.shell.Global","com.google.javascript.rhino.head.ScriptRuntime",21
"281",4,"closure","com.google.javascript.rhino.jstype.JSType","com.google.javascript.rhino.jstype.ProxyObjectType",2
"282",4,"lang","org.apache.commons.lang3.builder.ReflectionToStringBuilder","org.apache.commons.lang3.builder.ToStringBuilder",1
"283",4,"lang","org.apache.commons.lang3.builder.ToStringBuilder","org.apache.commons.lang3.builder.ToStringStyle",82
"284",4,"lang","org.apache.commons.lang3.builder.ToStringStyle","org.apache.commons.lang3.ClassUtils",36
"285",4,"lang","org.apache.commons.lang3.concurrent.MultiBackgroundInitializer","org.apache.commons.lang3.concurrent.BackgroundInitializer",4
"286",4,"lang","org.apache.commons.lang3.text.StrBuilder$StrBuilderReader","org.apache.commons.lang3.text.StrBuilder",89
"287",4,"lang","org.apache.commons.lang3.text.StrSubstitutor","org.apache.commons.lang3.text.StrBuilder",204
"288",4,"lang","org.apache.commons.lang3.text.StrTokenizer","org.apache.commons.lang3.text.StrMatcher",7
"289",4,"lang","org.apache.commons.lang3.time.DurationFormatUtils","org.apache.commons.lang3.time.DurationFormatUtils$Token",5
"290",4,"math","org.apache.commons.math.analysis.LaguerreSolver","org.apache.commons.math.complex.Complex",154
"291",4,"math","org.apache.commons.math.analysis.MullerSolver","org.apache.commons.math.analysis.UnivariateRealSolverImpl",99
"292",4,"math","org.apache.commons.math.distribution.AbstractIntegerDistribution","org.apache.commons.math.distribution.HypergeometricDistributionImpl",48
"293",4,"math","org.apache.commons.math.geometry.Rotation","org.apache.commons.math.geometry.Vector3D",96
"294",4,"math","org.apache.commons.math.linear.MatrixUtils","org.apache.commons.math.linear.BigMatrixImpl",24
"295",4,"math","org.apache.commons.math.ode.AbstractStepInterpolator","org.apache.commons.math.ode.DormandPrince853StepInterpolator",64
"296",4,"math","org.apache.commons.math.ode.ContinuousOutputModel","org.apache.commons.math.ode.AbstractStepInterpolator",47
"297",4,"math","org.apache.commons.math.ode.EmbeddedRungeKuttaIntegrator","org.apache.commons.math.ode.DormandPrince853Integrator",11
"298",4,"math","org.apache.commons.math.ode.EmbeddedRungeKuttaIntegrator","org.apache.commons.math.ode.HighamHall54Integrator",8
"299",4,"math","org.apache.commons.math.ode.GraggBulirschStoerIntegrator","org.apache.commons.math.ode.AdaptiveStepsizeIntegrator",53
"300",4,"math","org.apache.commons.math.ode.GraggBulirschStoerIntegrator","org.apache.commons.math.ode.SwitchingFunctionsHandler",17
"301",4,"math","org.apache.commons.math.ode.GraggBulirschStoerStepInterpolator","org.apache.commons.math.ode.AbstractStepInterpolator",45
"302",4,"math","org.apache.commons.math.ode.SwitchingFunctionsHandler","org.apache.commons.math.ode.SwitchState",63
"303",4,"math","org.apache.commons.math.ode.SwitchState","org.apache.commons.math.analysis.BrentSolver",60
"304",4,"math","org.apache.commons.math.optimization.NelderMead","org.apache.commons.math.optimization.DirectSearchOptimizer",80
"305",4,"math","org.apache.commons.math.stat.descriptive.AbstractStorelessUnivariateStatistic","org.apache.commons.math.stat.descriptive.moment.Variance",52
"306",4,"math","org.apache.commons.math.stat.descriptive.DescriptiveStatistics","org.apache.commons.math.util.ResizableDoubleArray",101
"307",4,"math","org.apache.commons.math.stat.inference.TTestImpl","org.apache.commons.math.stat.StatUtils",2
"308",4,"math","org.apache.commons.math.transform.FastFourierTransformer","org.apache.commons.math.complex.Complex",346
"309",4,"mockito","org.mockito.asm.AnnotationWriter","org.mockito.asm.ClassWriter",471
"310",4,"mockito","org.mockito.asm.MethodWriter","org.mockito.asm.ByteVector",103
"311",4,"mockito","org.mockito.asm.MethodWriter","org.mockito.asm.ClassWriter",136
"312",4,"mockito","org.mockito.asm.tree.analysis.BasicVerifier","org.mockito.asm.tree.analysis.BasicInterpreter",27
"313",4,"mockito","org.mockito.cglib.core.CodeEmitter","org.mockito.cglib.core.ClassEmitter",1
"314",4,"mockito","org.mockito.cglib.core.CodeEmitter","org.mockito.cglib.core.TypeUtils",218
"315",4,"mockito","org.mockito.cglib.core.EmitUtils","org.mockito.cglib.core.CodeEmitter",113
"316",4,"mockito","org.mockito.cglib.proxy.Enhancer","org.mockito.cglib.core.CodeEmitter",240
"317",4,"mockito","org.mockito.cglib.proxy.Enhancer","org.mockito.cglib.core.ReflectUtils",89
"318",4,"mockito","org.mockito.cglib.proxy.Mixin$Generator","org.mockito.cglib.core.ReflectUtils",95
"319",4,"time","org.joda.time.base.AbstractPartial","org.joda.time.MonthDay",24
"320",4,"time","org.joda.time.base.AbstractPartial","org.joda.time.TimeOfDay",32
"321",4,"time","org.joda.time.base.AbstractPartial","org.joda.time.YearMonth",36
"322",4,"time","org.joda.time.base.BasePeriod","org.joda.time.base.AbstractPeriod",70
"323",4,"time","org.joda.time.chrono.BasicChronology","org.joda.time.chrono.CopticChronology",8
"324",4,"time","org.joda.time.chrono.BasicChronology","org.joda.time.chrono.EthiopicChronology",7
"325",4,"time","org.joda.time.chrono.BasicChronology","org.joda.time.chrono.IslamicChronology",43
"326",4,"time","org.joda.time.chrono.BasicWeekyearDateTimeField","org.joda.time.chrono.BasicChronology",424
"327",4,"time","org.joda.time.chrono.CopticChronology","org.joda.time.DateTimeZone",218
"328",4,"time","org.joda.time.chrono.GJChronology","org.joda.time.chrono.GJChronology$CutoverField",50
"329",4,"time","org.joda.time.chrono.GJChronology","org.joda.time.chrono.JulianChronology",41
"330",4,"time","org.joda.time.chrono.ISOChronology","org.joda.time.chrono.AssembledChronology",40
"331",4,"time","org.joda.time.chrono.ISOChronology","org.joda.time.DateTimeZone",344
"332",4,"time","org.joda.time.chrono.ZonedChronology","org.joda.time.chrono.AssembledChronology",151
"333",4,"time","org.joda.time.chrono.ZonedChronology","org.joda.time.DateTimeZone",192
"334",4,"time","org.joda.time.chrono.ZonedChronology$ZonedDateTimeField","org.joda.time.DateTimeZone",177
"335",4,"time","org.joda.time.DateTimeUtils","org.joda.time.DateTimeZone",137
"336",4,"time","org.joda.time.DateTimeZone","org.joda.time.field.FieldUtils",12
"337",4,"time","org.joda.time.DateTimeZone","org.joda.time.format.DateTimeFormat",208
"338",4,"time","org.joda.time.DateTimeZone","org.joda.time.format.FormatUtils",51
"339",4,"time","org.joda.time.DateTimeZone","org.joda.time.tz.FixedDateTimeZone",18
"340",4,"time","org.joda.time.Days","org.joda.time.base.BaseSingleFieldPeriod",29
"341",4,"time","org.joda.time.format.DateTimeFormat","org.joda.time.format.DateTimeFormat$StyleFormatter",9
"342",4,"time","org.joda.time.format.DateTimeFormat","org.joda.time.format.DateTimeFormatterBuilder",30
"343",4,"time","org.joda.time.format.DateTimeFormatter","org.joda.time.DateTimeZone",105
"344",4,"time","org.joda.time.format.DateTimeFormatter","org.joda.time.format.DateTimeParserBucket",47
"345",4,"time","org.joda.time.format.DateTimeFormatterBuilder$PaddedNumber","org.joda.time.format.DateTimeFormatterBuilder",42
"346",4,"time","org.joda.time.format.DateTimeFormatterBuilder$TextField","org.joda.time.format.DateTimeParserBucket",65
"347",4,"time","org.joda.time.format.DateTimeFormatterBuilder$TextField","org.joda.time.MutableDateTime",15
"348",4,"time","org.joda.time.format.DateTimeParserBucket$SavedState","org.joda.time.format.DateTimeParserBucket",16
"349",4,"time","org.joda.time.format.ISODateTimeFormat","org.joda.time.format.DateTimeFormatterBuilder",221
"350",4,"time","org.joda.time.Hours","org.joda.time.base.BaseSingleFieldPeriod",24
"351",4,"time","org.joda.time.LocalDate","org.joda.time.format.ISODateTimeFormat",40
"352",4,"time","org.joda.time.LocalDateTime","org.joda.time.DateTimeZone",162
"353",4,"time","org.joda.time.LocalDateTime","org.joda.time.format.DateTimeFormatter",26
"354",4,"time","org.joda.time.LocalTime$Property","org.joda.time.LocalTime",95
"355",4,"time","org.joda.time.Minutes","org.joda.time.base.BaseSingleFieldPeriod",35
"356",4,"time","org.joda.time.MutableInterval","org.joda.time.base.BaseInterval",10
"357",4,"time","org.joda.time.MutablePeriod","org.joda.time.base.BasePeriod",30
"358",4,"time","org.joda.time.Period","org.joda.time.base.AbstractPeriod",5
"359",4,"time","org.joda.time.Period","org.joda.time.base.BasePeriod",71
"360",4,"time","org.joda.time.Period","org.joda.time.PeriodType",62
"361",4,"time","org.joda.time.Seconds","org.joda.time.base.BaseSingleFieldPeriod",37
"362",4,"time","org.joda.time.tz.ZoneInfoCompiler","org.joda.time.DateTimeZone",315
"363",4,"time","org.joda.time.Weeks","org.joda.time.base.BaseSingleFieldPeriod",32
"364",5,"closure","com.google.javascript.jscomp.NodeUtil","com.google.javascript.rhino.Node",230
"365",5,"closure","com.google.javascript.rhino.head.Interpreter","com.google.javascript.rhino.head.ScriptableObject",242
"366",5,"closure","com.google.javascript.rhino.head.IRFactory","com.google.javascript.rhino.head.Parser",135
"367",5,"closure","com.google.javascript.rhino.head.NativeArray","com.google.javascript.rhino.head.IdScriptableObject",12
"368",5,"closure","com.google.javascript.rhino.head.NativeArray","com.google.javascript.rhino.head.ScriptRuntime",63
"369",5,"closure","com.google.javascript.rhino.head.NativeObject","com.google.javascript.rhino.head.ScriptableObject",116
"370",5,"closure","com.google.javascript.rhino.head.ScriptRuntime","com.google.javascript.rhino.head.ScriptableObject",136
"371",5,"closure","com.google.javascript.rhino.head.tools.debugger.Dim","com.google.javascript.rhino.head.ScriptRuntime",9
"372",5,"closure","com.google.javascript.rhino.head.tools.shell.Global","com.google.javascript.rhino.head.ScriptRuntime",11
"373",5,"lang","org.apache.commons.lang3.builder.ReflectionToStringBuilder","org.apache.commons.lang3.builder.ToStringBuilder",1
"374",5,"lang","org.apache.commons.lang3.builder.ToStringBuilder","org.apache.commons.lang3.builder.ToStringStyle",18
"375",5,"lang","org.apache.commons.lang3.builder.ToStringStyle","org.apache.commons.lang3.ClassUtils",36
"376",5,"lang","org.apache.commons.lang3.concurrent.MultiBackgroundInitializer","org.apache.commons.lang3.concurrent.BackgroundInitializer",4
"377",5,"lang","org.apache.commons.lang3.text.StrBuilder$StrBuilderReader","org.apache.commons.lang3.text.StrBuilder",112
"378",5,"lang","org.apache.commons.lang3.text.StrSubstitutor","org.apache.commons.lang3.text.StrBuilder",252
"379",5,"lang","org.apache.commons.lang3.text.StrTokenizer","org.apache.commons.lang3.text.StrMatcher",18
"380",5,"lang","org.apache.commons.lang3.text.translate.UnicodeEscaper","org.apache.commons.lang3.text.translate.CharSequenceTranslator",1
"381",5,"lang","org.apache.commons.lang3.time.DurationFormatUtils","org.apache.commons.lang3.time.DurationFormatUtils$Token",5
"382",5,"math","org.apache.commons.math.analysis.LaguerreSolver","org.apache.commons.math.complex.Complex",403
"383",5,"math","org.apache.commons.math.analysis.MullerSolver","org.apache.commons.math.analysis.UnivariateRealSolverImpl",100
"384",5,"math","org.apache.commons.math.distribution.AbstractIntegerDistribution","org.apache.commons.math.distribution.HypergeometricDistributionImpl",45
"385",5,"math","org.apache.commons.math.geometry.Rotation","org.apache.commons.math.geometry.Vector3D",84
"386",5,"math","org.apache.commons.math.linear.MatrixUtils","org.apache.commons.math.linear.BigMatrixImpl",24
"387",5,"math","org.apache.commons.math.ode.AbstractStepInterpolator","org.apache.commons.math.ode.DormandPrince853StepInterpolator",81
"388",5,"math","org.apache.commons.math.ode.ContinuousOutputModel","org.apache.commons.math.ode.AbstractStepInterpolator",36
"389",5,"math","org.apache.commons.math.ode.EmbeddedRungeKuttaIntegrator","org.apache.commons.math.ode.DormandPrince853Integrator",12
"390",5,"math","org.apache.commons.math.ode.EmbeddedRungeKuttaIntegrator","org.apache.commons.math.ode.HighamHall54Integrator",7
"391",5,"math","org.apache.commons.math.ode.GraggBulirschStoerIntegrator","org.apache.commons.math.ode.AdaptiveStepsizeIntegrator",53
"392",5,"math","org.apache.commons.math.ode.GraggBulirschStoerIntegrator","org.apache.commons.math.ode.SwitchingFunctionsHandler",9
"393",5,"math","org.apache.commons.math.ode.GraggBulirschStoerStepInterpolator","org.apache.commons.math.ode.AbstractStepInterpolator",16
"394",5,"math","org.apache.commons.math.ode.SwitchingFunctionsHandler","org.apache.commons.math.ode.SwitchState",68
"395",5,"math","org.apache.commons.math.ode.SwitchState","org.apache.commons.math.analysis.BrentSolver",57
"396",5,"math","org.apache.commons.math.optimization.NelderMead","org.apache.commons.math.optimization.DirectSearchOptimizer",50
"397",5,"math","org.apache.commons.math.stat.descriptive.AbstractStorelessUnivariateStatistic","org.apache.commons.math.stat.descriptive.moment.Variance",32
"398",5,"math","org.apache.commons.math.stat.descriptive.DescriptiveStatistics","org.apache.commons.math.util.ResizableDoubleArray",94
"399",5,"math","org.apache.commons.math.stat.inference.TTestImpl","org.apache.commons.math.stat.StatUtils",11
"400",5,"math","org.apache.commons.math.transform.FastFourierTransformer","org.apache.commons.math.complex.Complex",316
"401",5,"mockito","org.mockito.asm.AnnotationWriter","org.mockito.asm.ClassWriter",429
"402",5,"mockito","org.mockito.asm.MethodWriter","org.mockito.asm.ByteVector",86
"403",5,"mockito","org.mockito.asm.MethodWriter","org.mockito.asm.ClassWriter",48
"404",5,"mockito","org.mockito.asm.tree.analysis.BasicVerifier","org.mockito.asm.tree.analysis.BasicInterpreter",9
"405",5,"mockito","org.mockito.asm.tree.analysis.BasicVerifier","org.mockito.asm.tree.analysis.SimpleVerifier",18
"406",5,"mockito","org.mockito.cglib.core.CodeEmitter","org.mockito.cglib.core.ClassEmitter",1
"407",5,"mockito","org.mockito.cglib.core.CodeEmitter","org.mockito.cglib.core.TypeUtils",202
"408",5,"mockito","org.mockito.cglib.core.EmitUtils","org.mockito.cglib.core.CodeEmitter",101
"409",5,"mockito","org.mockito.cglib.proxy.Enhancer","org.mockito.cglib.core.ReflectUtils",88
"410",5,"mockito","org.mockito.cglib.proxy.Mixin$Generator","org.mockito.cglib.core.ReflectUtils",83
"411",5,"time","org.joda.time.base.AbstractPartial","org.joda.time.MonthDay",17
"412",5,"time","org.joda.time.base.AbstractPartial","org.joda.time.TimeOfDay",1
"413",5,"time","org.joda.time.base.AbstractPartial","org.joda.time.YearMonth",51
"414",5,"time","org.joda.time.base.AbstractPartial","org.joda.time.YearMonthDay",9
"415",5,"time","org.joda.time.base.BasePeriod","org.joda.time.base.AbstractPeriod",87
"416",5,"time","org.joda.time.chrono.BasicChronology","org.joda.time.chrono.CopticChronology",83
"417",5,"time","org.joda.time.chrono.BasicChronology","org.joda.time.chrono.EthiopicChronology",8
"418",5,"time","org.joda.time.chrono.BasicChronology","org.joda.time.chrono.IslamicChronology",100
"419",5,"time","org.joda.time.chrono.BasicWeekyearDateTimeField","org.joda.time.chrono.BasicChronology",167
"420",5,"time","org.joda.time.chrono.CopticChronology","org.joda.time.DateTimeZone",181
"421",5,"time","org.joda.time.chrono.GJChronology","org.joda.time.chrono.GJChronology$CutoverField",28
"422",5,"time","org.joda.time.chrono.GJChronology","org.joda.time.chrono.JulianChronology",19
"423",5,"time","org.joda.time.chrono.ISOChronology","org.joda.time.chrono.AssembledChronology",25
"424",5,"time","org.joda.time.chrono.ISOChronology","org.joda.time.DateTimeZone",213
"425",5,"time","org.joda.time.chrono.ZonedChronology","org.joda.time.chrono.AssembledChronology",135
"426",5,"time","org.joda.time.chrono.ZonedChronology","org.joda.time.DateTimeZone",201
"427",5,"time","org.joda.time.chrono.ZonedChronology$ZonedDateTimeField","org.joda.time.DateTimeZone",174
"428",5,"time","org.joda.time.DateTimeUtils","org.joda.time.DateTimeZone",41
"429",5,"time","org.joda.time.DateTimeZone","org.joda.time.field.FieldUtils",23
"430",5,"time","org.joda.time.DateTimeZone","org.joda.time.format.DateTimeFormat",224
"431",5,"time","org.joda.time.DateTimeZone","org.joda.time.format.FormatUtils",69
"432",5,"time","org.joda.time.DateTimeZone","org.joda.time.tz.FixedDateTimeZone",18
"433",5,"time","org.joda.time.Days","org.joda.time.base.BaseSingleFieldPeriod",29
"434",5,"time","org.joda.time.format.DateTimeFormat","org.joda.time.format.DateTimeFormat$StyleFormatter",8
"435",5,"time","org.joda.time.format.DateTimeFormat","org.joda.time.format.DateTimeFormatterBuilder",66
"436",5,"time","org.joda.time.format.DateTimeFormatter","org.joda.time.DateTimeZone",119
"437",5,"time","org.joda.time.format.DateTimeFormatter","org.joda.time.format.DateTimeParserBucket",66
"438",5,"time","org.joda.time.format.DateTimeFormatterBuilder$PaddedNumber","org.joda.time.format.DateTimeFormatterBuilder",29
"439",5,"time","org.joda.time.format.DateTimeFormatterBuilder$TextField","org.joda.time.format.DateTimeParserBucket",55
"440",5,"time","org.joda.time.format.DateTimeFormatterBuilder$TextField","org.joda.time.MutableDateTime",9
"441",5,"time","org.joda.time.format.DateTimeParserBucket$SavedState","org.joda.time.format.DateTimeParserBucket",15
"442",5,"time","org.joda.time.format.ISODateTimeFormat","org.joda.time.format.DateTimeFormatterBuilder",221
"443",5,"time","org.joda.time.Hours","org.joda.time.base.BaseSingleFieldPeriod",1
"444",5,"time","org.joda.time.LocalDate","org.joda.time.DateTime",2
"445",5,"time","org.joda.time.LocalDate","org.joda.time.format.ISODateTimeFormat",40
"446",5,"time","org.joda.time.LocalDateTime","org.joda.time.DateTimeZone",413
"447",5,"time","org.joda.time.LocalDateTime","org.joda.time.format.DateTimeFormatter",72
"448",5,"time","org.joda.time.LocalTime$Property","org.joda.time.LocalTime",40
"449",5,"time","org.joda.time.Minutes","org.joda.time.base.BaseSingleFieldPeriod",34
"450",5,"time","org.joda.time.MutableInterval","org.joda.time.base.BaseInterval",4
"451",5,"time","org.joda.time.MutablePeriod","org.joda.time.base.BasePeriod",23
"452",5,"time","org.joda.time.Period","org.joda.time.base.AbstractPeriod",2
"453",5,"time","org.joda.time.Period","org.joda.time.base.BasePeriod",55
"454",5,"time","org.joda.time.Period","org.joda.time.PeriodType",738
"455",5,"time","org.joda.time.Seconds","org.joda.time.base.BaseSingleFieldPeriod",4
"456",5,"time","org.joda.time.tz.ZoneInfoCompiler","org.joda.time.DateTimeZone",187
"457",5,"time","org.joda.time.Weeks","org.joda.time.base.BaseSingleFieldPeriod",31
"458",6,"closure","com.google.javascript.rhino.head.IRFactory","com.google.javascript.rhino.head.Node",67
"459",6,"closure","com.google.javascript.rhino.head.NativeArray","com.google.javascript.rhino.head.IdScriptableObject",11
"460",6,"closure","com.google.javascript.rhino.head.NativeObject","com.google.javascript.rhino.head.ScriptableObject",64
"461",6,"closure","com.google.javascript.rhino.head.ScriptRuntime","com.google.javascript.rhino.head.ScriptableObject",146
"462",6,"closure","com.google.javascript.rhino.head.tools.shell.Global","com.google.javascript.rhino.head.ScriptRuntime",11
"463",6,"lang","org.apache.commons.lang3.builder.ReflectionToStringBuilder","org.apache.commons.lang3.builder.ToStringBuilder",1
"464",6,"lang","org.apache.commons.lang3.builder.ToStringBuilder","org.apache.commons.lang3.builder.ToStringStyle",101
"465",6,"lang","org.apache.commons.lang3.builder.ToStringStyle","org.apache.commons.lang3.ClassUtils",36
"466",6,"lang","org.apache.commons.lang3.concurrent.MultiBackgroundInitializer","org.apache.commons.lang3.concurrent.BackgroundInitializer",1
"467",6,"lang","org.apache.commons.lang3.text.StrBuilder$StrBuilderReader","org.apache.commons.lang3.text.StrBuilder",99
"468",6,"lang","org.apache.commons.lang3.text.StrSubstitutor","org.apache.commons.lang3.text.StrBuilder",226
"469",6,"lang","org.apache.commons.lang3.text.StrTokenizer","org.apache.commons.lang3.text.StrMatcher",7
"470",6,"lang","org.apache.commons.lang3.text.translate.UnicodeEscaper","org.apache.commons.lang3.text.translate.CharSequenceTranslator",1
"471",6,"lang","org.apache.commons.lang3.time.DurationFormatUtils","org.apache.commons.lang3.time.DurationFormatUtils$Token",10
"472",6,"math","org.apache.commons.math.analysis.LaguerreSolver","org.apache.commons.math.complex.Complex",291
"473",6,"math","org.apache.commons.math.analysis.MullerSolver","org.apache.commons.math.analysis.UnivariateRealSolverImpl",98
"474",6,"math","org.apache.commons.math.distribution.AbstractIntegerDistribution","org.apache.commons.math.distribution.HypergeometricDistributionImpl",55
"475",6,"math","org.apache.commons.math.geometry.Rotation","org.apache.commons.math.geometry.Vector3D",88
"476",6,"math","org.apache.commons.math.linear.MatrixUtils","org.apache.commons.math.linear.BigMatrixImpl",24
"477",6,"math","org.apache.commons.math.ode.AbstractStepInterpolator","org.apache.commons.math.ode.DormandPrince853StepInterpolator",73
"478",6,"math","org.apache.commons.math.ode.ContinuousOutputModel","org.apache.commons.math.ode.AbstractStepInterpolator",47
"479",6,"math","org.apache.commons.math.ode.EmbeddedRungeKuttaIntegrator","org.apache.commons.math.ode.DormandPrince853Integrator",12
"480",6,"math","org.apache.commons.math.ode.EmbeddedRungeKuttaIntegrator","org.apache.commons.math.ode.HighamHall54Integrator",10
"481",6,"math","org.apache.commons.math.ode.GraggBulirschStoerIntegrator","org.apache.commons.math.ode.AdaptiveStepsizeIntegrator",50
"482",6,"math","org.apache.commons.math.ode.GraggBulirschStoerIntegrator","org.apache.commons.math.ode.SwitchingFunctionsHandler",15
"483",6,"math","org.apache.commons.math.ode.GraggBulirschStoerStepInterpolator","org.apache.commons.math.ode.AbstractStepInterpolator",17
"484",6,"math","org.apache.commons.math.ode.SwitchingFunctionsHandler","org.apache.commons.math.ode.SwitchState",71
"485",6,"math","org.apache.commons.math.ode.SwitchState","org.apache.commons.math.analysis.BrentSolver",77
"486",6,"math","org.apache.commons.math.optimization.NelderMead","org.apache.commons.math.optimization.DirectSearchOptimizer",56
"487",6,"math","org.apache.commons.math.stat.descriptive.AbstractStorelessUnivariateStatistic","org.apache.commons.math.stat.descriptive.moment.Variance",48
"488",6,"math","org.apache.commons.math.stat.descriptive.DescriptiveStatistics","org.apache.commons.math.util.ResizableDoubleArray",88
"489",6,"math","org.apache.commons.math.stat.inference.TTestImpl","org.apache.commons.math.stat.StatUtils",13
"490",6,"math","org.apache.commons.math.transform.FastFourierTransformer","org.apache.commons.math.complex.Complex",256
"491",6,"mockito","org.mockito.asm.AnnotationWriter","org.mockito.asm.ClassWriter",418
"492",6,"mockito","org.mockito.asm.MethodWriter","org.mockito.asm.ByteVector",74
"493",6,"mockito","org.mockito.asm.MethodWriter","org.mockito.asm.ClassWriter",49
"494",6,"mockito","org.mockito.asm.tree.analysis.BasicVerifier","org.mockito.asm.tree.analysis.BasicInterpreter",9
"495",6,"mockito","org.mockito.cglib.core.CodeEmitter","org.mockito.cglib.core.TypeUtils",260
"496",6,"mockito","org.mockito.cglib.core.EmitUtils","org.mockito.cglib.core.CodeEmitter",87
"497",6,"mockito","org.mockito.cglib.proxy.Enhancer","org.mockito.cglib.core.ReflectUtils",88
"498",6,"mockito","org.mockito.cglib.proxy.Mixin$Generator","org.mockito.cglib.core.ReflectUtils",83
"499",6,"time","org.joda.time.base.AbstractPartial","org.joda.time.MonthDay",58
"500",6,"time","org.joda.time.base.AbstractPartial","org.joda.time.TimeOfDay",14
"501",6,"time","org.joda.time.base.AbstractPartial","org.joda.time.YearMonth",16
"502",6,"time","org.joda.time.base.AbstractPartial","org.joda.time.YearMonthDay",9
"503",6,"time","org.joda.time.base.BasePeriod","org.joda.time.base.AbstractPeriod",70
"504",6,"time","org.joda.time.chrono.BasicChronology","org.joda.time.chrono.CopticChronology",87
"505",6,"time","org.joda.time.chrono.BasicChronology","org.joda.time.chrono.EthiopicChronology",6
"506",6,"time","org.joda.time.chrono.BasicChronology","org.joda.time.chrono.IslamicChronology",110
"507",6,"time","org.joda.time.chrono.BasicWeekyearDateTimeField","org.joda.time.chrono.BasicChronology",141
"508",6,"time","org.joda.time.chrono.CopticChronology","org.joda.time.DateTimeZone",240
"509",6,"time","org.joda.time.chrono.GJChronology","org.joda.time.chrono.GJChronology$CutoverField",19
"510",6,"time","org.joda.time.chrono.GJChronology","org.joda.time.chrono.JulianChronology",51
"511",6,"time","org.joda.time.chrono.ISOChronology","org.joda.time.chrono.AssembledChronology",29
"512",6,"time","org.joda.time.chrono.ISOChronology","org.joda.time.DateTimeZone",342
"513",6,"time","org.joda.time.chrono.ZonedChronology","org.joda.time.chrono.AssembledChronology",64
"514",6,"time","org.joda.time.chrono.ZonedChronology","org.joda.time.DateTimeZone",175
"515",6,"time","org.joda.time.chrono.ZonedChronology$ZonedDateTimeField","org.joda.time.DateTimeZone",185
"516",6,"time","org.joda.time.DateTimeUtils","org.joda.time.DateTimeZone",140
"517",6,"time","org.joda.time.DateTimeZone","org.joda.time.field.FieldUtils",12
"518",6,"time","org.joda.time.DateTimeZone","org.joda.time.format.FormatUtils",59
"519",6,"time","org.joda.time.DateTimeZone","org.joda.time.tz.FixedDateTimeZone",18
"520",6,"time","org.joda.time.Days","org.joda.time.base.BaseSingleFieldPeriod",23
"521",6,"time","org.joda.time.format.DateTimeFormat","org.joda.time.format.DateTimeFormat$StyleFormatter",8
"522",6,"time","org.joda.time.format.DateTimeFormat","org.joda.time.format.DateTimeFormatterBuilder",78
"523",6,"time","org.joda.time.format.DateTimeFormatter","org.joda.time.DateTimeZone",79
"524",6,"time","org.joda.time.format.DateTimeFormatter","org.joda.time.format.DateTimeParserBucket",87
"525",6,"time","org.joda.time.format.DateTimeFormatterBuilder$PaddedNumber","org.joda.time.format.DateTimeFormatterBuilder",52
"526",6,"time","org.joda.time.format.DateTimeFormatterBuilder$TextField","org.joda.time.format.DateTimeParserBucket",54
"527",6,"time","org.joda.time.format.DateTimeFormatterBuilder$TextField","org.joda.time.MutableDateTime",8
"528",6,"time","org.joda.time.format.DateTimeParserBucket$SavedState","org.joda.time.format.DateTimeParserBucket",16
"529",6,"time","org.joda.time.format.ISODateTimeFormat","org.joda.time.format.DateTimeFormatterBuilder",221
"530",6,"time","org.joda.time.Hours","org.joda.time.base.BaseSingleFieldPeriod",28
"531",6,"time","org.joda.time.LocalDate","org.joda.time.format.ISODateTimeFormat",37
"532",6,"time","org.joda.time.LocalDateTime","org.joda.time.DateTimeZone",274
"533",6,"time","org.joda.time.LocalDateTime","org.joda.time.format.DateTimeFormatter",19
"534",6,"time","org.joda.time.LocalTime$Property","org.joda.time.LocalTime",37
"535",6,"time","org.joda.time.Minutes","org.joda.time.base.BaseSingleFieldPeriod",34
"536",6,"time","org.joda.time.MutableInterval","org.joda.time.base.BaseInterval",10
"537",6,"time","org.joda.time.MutablePeriod","org.joda.time.base.BasePeriod",22
"538",6,"time","org.joda.time.Period","org.joda.time.base.AbstractPeriod",1
"539",6,"time","org.joda.time.Period","org.joda.time.base.BasePeriod",66
"540",6,"time","org.joda.time.Period","org.joda.time.PeriodType",732
"541",6,"time","org.joda.time.Seconds","org.joda.time.base.BaseSingleFieldPeriod",27
"542",6,"time","org.joda.time.tz.ZoneInfoCompiler","org.joda.time.DateTimeZone",176
"543",6,"time","org.joda.time.Weeks","org.joda.time.base.BaseSingleFieldPeriod",32
"544",7,"closure","com.google.javascript.rhino.head.IdScriptableObject","com.google.javascript.rhino.head.ScriptableObject",265
"545",7,"closure","com.google.javascript.rhino.head.IRFactory","com.google.javascript.rhino.head.Parser",3
"546",7,"closure","com.google.javascript.rhino.head.NativeArray","com.google.javascript.rhino.head.IdScriptableObject",18
"547",7,"closure","com.google.javascript.rhino.head.NativeArray","com.google.javascript.rhino.head.ScriptableObject",45
"548",7,"closure","com.google.javascript.rhino.head.NativeArray","com.google.javascript.rhino.head.ScriptRuntime",63
"549",7,"closure","com.google.javascript.rhino.head.ScriptableObject","com.google.javascript.rhino.head.FunctionObject",20
"550",7,"closure","com.google.javascript.rhino.head.tools.debugger.Dim","com.google.javascript.rhino.head.ScriptRuntime",9
"551",7,"closure","com.google.javascript.rhino.head.tools.shell.Global","com.google.javascript.rhino.head.ScriptRuntime",23
"552",7,"closure","com.google.javascript.rhino.JSDocInfoBuilder","com.google.javascript.rhino.JSDocInfo",159
"553",7,"closure","com.google.javascript.rhino.jstype.JSType","com.google.javascript.rhino.jstype.ProxyObjectType",1
"554",7,"closure","com.google.javascript.rhino.jstype.JSType","com.google.javascript.rhino.jstype.UnionType",16
"555",7,"lang","org.apache.commons.lang3.builder.ReflectionToStringBuilder","org.apache.commons.lang3.builder.ToStringBuilder",1
"556",7,"lang","org.apache.commons.lang3.builder.ToStringBuilder","org.apache.commons.lang3.builder.ToStringStyle",17
"557",7,"lang","org.apache.commons.lang3.builder.ToStringStyle","org.apache.commons.lang3.ClassUtils",36
"558",7,"lang","org.apache.commons.lang3.concurrent.MultiBackgroundInitializer","org.apache.commons.lang3.concurrent.BackgroundInitializer",10
"559",7,"lang","org.apache.commons.lang3.text.StrBuilder$StrBuilderReader","org.apache.commons.lang3.text.StrBuilder",104
"560",7,"lang","org.apache.commons.lang3.text.StrSubstitutor","org.apache.commons.lang3.text.StrBuilder",185
"561",7,"lang","org.apache.commons.lang3.text.StrTokenizer","org.apache.commons.lang3.text.StrMatcher",7
"562",7,"lang","org.apache.commons.lang3.text.translate.UnicodeEscaper","org.apache.commons.lang3.text.translate.CharSequenceTranslator",1
"563",7,"lang","org.apache.commons.lang3.time.DurationFormatUtils","org.apache.commons.lang3.time.DurationFormatUtils$Token",21
"564",7,"math","org.apache.commons.math.analysis.LaguerreSolver","org.apache.commons.math.complex.Complex",308
"565",7,"math","org.apache.commons.math.analysis.MullerSolver","org.apache.commons.math.analysis.UnivariateRealSolverImpl",99
"566",7,"math","org.apache.commons.math.distribution.AbstractIntegerDistribution","org.apache.commons.math.distribution.HypergeometricDistributionImpl",51
"567",7,"math","org.apache.commons.math.fraction.ProperFractionFormat","org.apache.commons.math.fraction.FractionFormat",2
"568",7,"math","org.apache.commons.math.geometry.Rotation","org.apache.commons.math.geometry.Vector3D",129
"569",7,"math","org.apache.commons.math.linear.MatrixUtils","org.apache.commons.math.linear.BigMatrixImpl",24
"570",7,"math","org.apache.commons.math.ode.AbstractStepInterpolator","org.apache.commons.math.ode.DormandPrince853StepInterpolator",63
"571",7,"math","org.apache.commons.math.ode.ContinuousOutputModel","org.apache.commons.math.ode.AbstractStepInterpolator",45
"572",7,"math","org.apache.commons.math.ode.EmbeddedRungeKuttaIntegrator","org.apache.commons.math.ode.DormandPrince853Integrator",8
"573",7,"math","org.apache.commons.math.ode.EmbeddedRungeKuttaIntegrator","org.apache.commons.math.ode.HighamHall54Integrator",8
"574",7,"math","org.apache.commons.math.ode.GraggBulirschStoerIntegrator","org.apache.commons.math.ode.AdaptiveStepsizeIntegrator",70
"575",7,"math","org.apache.commons.math.ode.GraggBulirschStoerIntegrator","org.apache.commons.math.ode.SwitchingFunctionsHandler",31
"576",7,"math","org.apache.commons.math.ode.GraggBulirschStoerStepInterpolator","org.apache.commons.math.ode.AbstractStepInterpolator",38
"577",7,"math","org.apache.commons.math.ode.SwitchingFunctionsHandler","org.apache.commons.math.ode.SwitchState",61
"578",7,"math","org.apache.commons.math.optimization.NelderMead","org.apache.commons.math.optimization.DirectSearchOptimizer",59
"579",7,"math","org.apache.commons.math.stat.descriptive.AbstractStorelessUnivariateStatistic","org.apache.commons.math.stat.descriptive.moment.Variance",32
"580",7,"math","org.apache.commons.math.stat.descriptive.DescriptiveStatistics","org.apache.commons.math.util.ResizableDoubleArray",108
"581",7,"math","org.apache.commons.math.stat.inference.TTestImpl","org.apache.commons.math.stat.StatUtils",10
"582",7,"math","org.apache.commons.math.transform.FastFourierTransformer","org.apache.commons.math.complex.Complex",281
"583",7,"mockito","org.mockito.asm.AnnotationWriter","org.mockito.asm.ClassWriter",509
"584",7,"mockito","org.mockito.asm.MethodWriter","org.mockito.asm.ByteVector",78
"585",7,"mockito","org.mockito.asm.MethodWriter","org.mockito.asm.ClassWriter",88
"586",7,"mockito","org.mockito.asm.tree.analysis.BasicVerifier","org.mockito.asm.tree.analysis.BasicInterpreter",12
"587",7,"mockito","org.mockito.asm.tree.analysis.BasicVerifier","org.mockito.asm.tree.analysis.SimpleVerifier",5
"588",7,"mockito","org.mockito.cglib.core.ClassEmitter","org.mockito.cglib.transform.impl.InterceptFieldTransformer",10
"589",7,"mockito","org.mockito.cglib.core.CodeEmitter","org.mockito.cglib.core.ClassEmitter",1
"590",7,"mockito","org.mockito.cglib.core.CodeEmitter","org.mockito.cglib.core.TypeUtils",235
"591",7,"mockito","org.mockito.cglib.core.EmitUtils","org.mockito.cglib.core.CodeEmitter",50
"592",7,"mockito","org.mockito.cglib.proxy.Enhancer","org.mockito.cglib.core.ReflectUtils",88
"593",7,"time","org.joda.time.base.AbstractPartial","org.joda.time.MonthDay",46
"594",7,"time","org.joda.time.base.AbstractPartial","org.joda.time.TimeOfDay",1
"595",7,"time","org.joda.time.base.AbstractPartial","org.joda.time.YearMonth",4
"596",7,"time","org.joda.time.base.BasePeriod","org.joda.time.base.AbstractPeriod",62
"597",7,"time","org.joda.time.chrono.BasicChronology","org.joda.time.chrono.CopticChronology",22
"598",7,"time","org.joda.time.chrono.BasicChronology","org.joda.time.chrono.EthiopicChronology",21
"599",7,"time","org.joda.time.chrono.BasicChronology","org.joda.time.chrono.IslamicChronology",79
"600",7,"time","org.joda.time.chrono.BasicWeekyearDateTimeField","org.joda.time.chrono.BasicChronology",384
"601",7,"time","org.joda.time.chrono.CopticChronology","org.joda.time.DateTimeZone",218
"602",7,"time","org.joda.time.chrono.GJChronology","org.joda.time.chrono.JulianChronology",12
"603",7,"time","org.joda.time.chrono.ISOChronology","org.joda.time.chrono.AssembledChronology",32
"604",7,"time","org.joda.time.chrono.ISOChronology","org.joda.time.DateTimeZone",225
"605",7,"time","org.joda.time.chrono.ZonedChronology","org.joda.time.chrono.AssembledChronology",66
"606",7,"time","org.joda.time.chrono.ZonedChronology$ZonedDateTimeField","org.joda.time.DateTimeZone",183
"607",7,"time","org.joda.time.DateTimeUtils","org.joda.time.DateTimeZone",148
"608",7,"time","org.joda.time.DateTimeZone","org.joda.time.field.FieldUtils",12
"609",7,"time","org.joda.time.DateTimeZone","org.joda.time.format.DateTimeFormat",219
"610",7,"time","org.joda.time.DateTimeZone","org.joda.time.tz.FixedDateTimeZone",18
"611",7,"time","org.joda.time.Days","org.joda.time.base.BaseSingleFieldPeriod",6
"612",7,"time","org.joda.time.format.DateTimeFormat","org.joda.time.format.DateTimeFormat$StyleFormatter",16
"613",7,"time","org.joda.time.format.DateTimeFormat","org.joda.time.format.DateTimeFormatterBuilder",38
"614",7,"time","org.joda.time.format.DateTimeFormatter","org.joda.time.DateTimeZone",35
"615",7,"time","org.joda.time.format.DateTimeFormatter","org.joda.time.format.DateTimeParserBucket",87
"616",7,"time","org.joda.time.format.DateTimeFormatterBuilder$PaddedNumber","org.joda.time.format.DateTimeFormatterBuilder",35
"617",7,"time","org.joda.time.format.DateTimeFormatterBuilder$TextField","org.joda.time.MutableDateTime",11
"618",7,"time","org.joda.time.format.DateTimeParserBucket$SavedState","org.joda.time.format.DateTimeParserBucket",61
"619",7,"time","org.joda.time.format.ISODateTimeFormat","org.joda.time.format.DateTimeFormatterBuilder",221
"620",7,"time","org.joda.time.Hours","org.joda.time.base.BaseSingleFieldPeriod",6
"621",7,"time","org.joda.time.LocalDate","org.joda.time.format.ISODateTimeFormat",31
"622",7,"time","org.joda.time.LocalDateTime","org.joda.time.DateTimeZone",198
"623",7,"time","org.joda.time.LocalDateTime","org.joda.time.format.DateTimeFormatter",19
"624",7,"time","org.joda.time.LocalTime$Property","org.joda.time.LocalTime",53
"625",7,"time","org.joda.time.Minutes","org.joda.time.base.BaseSingleFieldPeriod",34
"626",7,"time","org.joda.time.MutableInterval","org.joda.time.base.BaseInterval",5
"627",7,"time","org.joda.time.MutablePeriod","org.joda.time.base.BasePeriod",26
"628",7,"time","org.joda.time.Period","org.joda.time.base.AbstractPeriod",5
"629",7,"time","org.joda.time.Period","org.joda.time.base.BasePeriod",66
"630",7,"time","org.joda.time.Period","org.joda.time.PeriodType",756
"631",7,"time","org.joda.time.Seconds","org.joda.time.base.BaseSingleFieldPeriod",36
"632",7,"time","org.joda.time.tz.ZoneInfoCompiler","org.joda.time.DateTimeZone",176
"633",7,"time","org.joda.time.Weeks","org.joda.time.base.BaseSingleFieldPeriod",35
"634",8,"closure","com.google.javascript.rhino.head.IdScriptableObject","com.google.javascript.rhino.head.ScriptableObject",120
"635",8,"closure","com.google.javascript.rhino.head.Interpreter","com.google.javascript.rhino.head.ScriptableObject",181
"636",8,"closure","com.google.javascript.rhino.head.IRFactory","com.google.javascript.rhino.head.Node",36
"637",8,"closure","com.google.javascript.rhino.head.IRFactory","com.google.javascript.rhino.head.Parser",94
"638",8,"closure","com.google.javascript.rhino.head.regexp.NativeRegExp","com.google.javascript.rhino.head.ScriptRuntime",58
"639",8,"closure","com.google.javascript.rhino.head.tools.debugger.Dim","com.google.javascript.rhino.head.ScriptRuntime",35
"640",8,"closure","com.google.javascript.rhino.head.tools.shell.Global","com.google.javascript.rhino.head.ScriptRuntime",18
"641",8,"closure","com.google.javascript.rhino.jstype.JSType","com.google.javascript.rhino.jstype.FunctionType",259
"642",8,"closure","com.google.javascript.rhino.jstype.JSType","com.google.javascript.rhino.jstype.ProxyObjectType",9
"643",8,"closure","com.google.javascript.rhino.jstype.JSType","com.google.javascript.rhino.jstype.UnionType",9
"644",8,"lang","org.apache.commons.lang3.builder.ReflectionToStringBuilder","org.apache.commons.lang3.builder.ToStringBuilder",1
"645",8,"lang","org.apache.commons.lang3.builder.ToStringBuilder","org.apache.commons.lang3.builder.ToStringStyle",92
"646",8,"lang","org.apache.commons.lang3.builder.ToStringStyle","org.apache.commons.lang3.ClassUtils",36
"647",8,"lang","org.apache.commons.lang3.concurrent.MultiBackgroundInitializer","org.apache.commons.lang3.concurrent.BackgroundInitializer",10
"648",8,"lang","org.apache.commons.lang3.text.StrBuilder$StrBuilderReader","org.apache.commons.lang3.text.StrBuilder",135
"649",8,"lang","org.apache.commons.lang3.text.StrSubstitutor","org.apache.commons.lang3.text.StrBuilder",218
"650",8,"lang","org.apache.commons.lang3.text.StrTokenizer","org.apache.commons.lang3.text.StrMatcher",12
"651",8,"lang","org.apache.commons.lang3.text.translate.UnicodeEscaper","org.apache.commons.lang3.text.translate.CharSequenceTranslator",1
"652",8,"lang","org.apache.commons.lang3.time.DurationFormatUtils","org.apache.commons.lang3.time.DurationFormatUtils$Token",5
"653",8,"math","org.apache.commons.math.analysis.LaguerreSolver","org.apache.commons.math.complex.Complex",190
"654",8,"math","org.apache.commons.math.analysis.MullerSolver","org.apache.commons.math.analysis.UnivariateRealSolverImpl",94
"655",8,"math","org.apache.commons.math.distribution.AbstractIntegerDistribution","org.apache.commons.math.distribution.HypergeometricDistributionImpl",71
"656",8,"math","org.apache.commons.math.geometry.Rotation","org.apache.commons.math.geometry.Vector3D",86
"657",8,"math","org.apache.commons.math.linear.MatrixUtils","org.apache.commons.math.linear.BigMatrixImpl",24
"658",8,"math","org.apache.commons.math.ode.AbstractStepInterpolator","org.apache.commons.math.ode.DormandPrince853StepInterpolator",77
"659",8,"math","org.apache.commons.math.ode.ContinuousOutputModel","org.apache.commons.math.ode.AbstractStepInterpolator",38
"660",8,"math","org.apache.commons.math.ode.EmbeddedRungeKuttaIntegrator","org.apache.commons.math.ode.DormandPrince853Integrator",11
"661",8,"math","org.apache.commons.math.ode.GraggBulirschStoerIntegrator","org.apache.commons.math.ode.AdaptiveStepsizeIntegrator",47
"662",8,"math","org.apache.commons.math.ode.GraggBulirschStoerIntegrator","org.apache.commons.math.ode.SwitchingFunctionsHandler",24
"663",8,"math","org.apache.commons.math.ode.GraggBulirschStoerStepInterpolator","org.apache.commons.math.ode.AbstractStepInterpolator",37
"664",8,"math","org.apache.commons.math.ode.SwitchingFunctionsHandler","org.apache.commons.math.ode.SwitchState",38
"665",8,"math","org.apache.commons.math.ode.SwitchState","org.apache.commons.math.analysis.BrentSolver",41
"666",8,"math","org.apache.commons.math.optimization.NelderMead","org.apache.commons.math.optimization.DirectSearchOptimizer",86
"667",8,"math","org.apache.commons.math.stat.descriptive.AbstractStorelessUnivariateStatistic","org.apache.commons.math.stat.descriptive.moment.Variance",52
"668",8,"math","org.apache.commons.math.stat.descriptive.DescriptiveStatistics","org.apache.commons.math.util.ResizableDoubleArray",116
"669",8,"math","org.apache.commons.math.stat.inference.TTestImpl","org.apache.commons.math.stat.StatUtils",2
"670",8,"math","org.apache.commons.math.transform.FastFourierTransformer","org.apache.commons.math.complex.Complex",256
"671",8,"mockito","org.mockito.asm.AnnotationWriter","org.mockito.asm.ClassWriter",476
"672",8,"mockito","org.mockito.asm.MethodWriter","org.mockito.asm.ByteVector",93
"673",8,"mockito","org.mockito.asm.MethodWriter","org.mockito.asm.ClassWriter",55
"674",8,"mockito","org.mockito.asm.tree.analysis.BasicVerifier","org.mockito.asm.tree.analysis.BasicInterpreter",34
"675",8,"mockito","org.mockito.asm.tree.analysis.BasicVerifier","org.mockito.asm.tree.analysis.SimpleVerifier",11
"676",8,"mockito","org.mockito.cglib.core.ClassEmitter","org.mockito.cglib.transform.impl.InterceptFieldTransformer",10
"677",8,"mockito","org.mockito.cglib.core.CodeEmitter","org.mockito.cglib.core.ClassEmitter",1
"678",8,"mockito","org.mockito.cglib.core.CodeEmitter","org.mockito.cglib.core.TypeUtils",228
"679",8,"mockito","org.mockito.cglib.core.EmitUtils","org.mockito.cglib.core.CodeEmitter",84
"680",8,"mockito","org.mockito.cglib.proxy.Enhancer","org.mockito.cglib.core.ReflectUtils",88
"681",8,"mockito","org.mockito.cglib.proxy.Mixin$Generator","org.mockito.cglib.core.ReflectUtils",95
"682",8,"time","org.joda.time.base.AbstractPartial","org.joda.time.MonthDay",2
"683",8,"time","org.joda.time.base.AbstractPartial","org.joda.time.TimeOfDay",21
"684",8,"time","org.joda.time.base.AbstractPartial","org.joda.time.YearMonth",61
"685",8,"time","org.joda.time.base.BasePeriod","org.joda.time.base.AbstractPeriod",92
"686",8,"time","org.joda.time.chrono.BasicChronology","org.joda.time.chrono.CopticChronology",8
"687",8,"time","org.joda.time.chrono.BasicChronology","org.joda.time.chrono.EthiopicChronology",8
"688",8,"time","org.joda.time.chrono.BasicChronology","org.joda.time.chrono.IslamicChronology",151
"689",8,"time","org.joda.time.chrono.BasicWeekyearDateTimeField","org.joda.time.chrono.BasicChronology",164
"690",8,"time","org.joda.time.chrono.CopticChronology","org.joda.time.DateTimeZone",181
"691",8,"time","org.joda.time.chrono.GJChronology","org.joda.time.chrono.GJChronology$CutoverField",26
"692",8,"time","org.joda.time.chrono.GJChronology","org.joda.time.chrono.JulianChronology",36
"693",8,"time","org.joda.time.chrono.ISOChronology","org.joda.time.chrono.AssembledChronology",111
"694",8,"time","org.joda.time.chrono.ISOChronology","org.joda.time.DateTimeZone",171
"695",8,"time","org.joda.time.chrono.ZonedChronology","org.joda.time.chrono.AssembledChronology",69
"696",8,"time","org.joda.time.chrono.ZonedChronology","org.joda.time.DateTimeZone",390
"697",8,"time","org.joda.time.chrono.ZonedChronology$ZonedDateTimeField","org.joda.time.DateTimeZone",186
"698",8,"time","org.joda.time.DateTimeUtils","org.joda.time.DateTimeZone",239
"699",8,"time","org.joda.time.DateTimeZone","org.joda.time.field.FieldUtils",12
"700",8,"time","org.joda.time.DateTimeZone","org.joda.time.format.FormatUtils",51
"701",8,"time","org.joda.time.DateTimeZone","org.joda.time.tz.FixedDateTimeZone",18
"702",8,"time","org.joda.time.Days","org.joda.time.base.BaseSingleFieldPeriod",28
"703",8,"time","org.joda.time.format.DateTimeFormat","org.joda.time.format.DateTimeFormat$StyleFormatter",16
"704",8,"time","org.joda.time.format.DateTimeFormat","org.joda.time.format.DateTimeFormatterBuilder",77
"705",8,"time","org.joda.time.format.DateTimeFormatter","org.joda.time.DateTimeZone",117
"706",8,"time","org.joda.time.format.DateTimeFormatter","org.joda.time.format.DateTimeParserBucket",63
"707",8,"time","org.joda.time.format.DateTimeFormatterBuilder$PaddedNumber","org.joda.time.format.DateTimeFormatterBuilder",29
"708",8,"time","org.joda.time.format.DateTimeFormatterBuilder$TextField","org.joda.time.format.DateTimeParserBucket",63
"709",8,"time","org.joda.time.format.DateTimeFormatterBuilder$TextField","org.joda.time.MutableDateTime",8
"710",8,"time","org.joda.time.format.DateTimeParserBucket$SavedState","org.joda.time.format.DateTimeParserBucket",15
"711",8,"time","org.joda.time.format.ISODateTimeFormat","org.joda.time.format.DateTimeFormatterBuilder",222
"712",8,"time","org.joda.time.Hours","org.joda.time.base.BaseSingleFieldPeriod",28
"713",8,"time","org.joda.time.LocalDate","org.joda.time.format.ISODateTimeFormat",33
"714",8,"time","org.joda.time.LocalDateTime","org.joda.time.DateTimeZone",165
"715",8,"time","org.joda.time.LocalDateTime","org.joda.time.format.DateTimeFormatter",23
"716",8,"time","org.joda.time.LocalTime$Property","org.joda.time.LocalTime",95
"717",8,"time","org.joda.time.Minutes","org.joda.time.base.BaseSingleFieldPeriod",18
"718",8,"time","org.joda.time.MutableInterval","org.joda.time.base.BaseInterval",2
"719",8,"time","org.joda.time.MutablePeriod","org.joda.time.base.BasePeriod",24
"720",8,"time","org.joda.time.Period","org.joda.time.base.AbstractPeriod",3
"721",8,"time","org.joda.time.Period","org.joda.time.base.BasePeriod",66
"722",8,"time","org.joda.time.Period","org.joda.time.PeriodType",721
"723",8,"time","org.joda.time.Seconds","org.joda.time.base.BaseSingleFieldPeriod",41
"724",8,"time","org.joda.time.tz.ZoneInfoCompiler","org.joda.time.DateTimeZone",197
"725",8,"time","org.joda.time.Weeks","org.joda.time.base.BaseSingleFieldPeriod",27
"726",9,"closure","com.google.javascript.rhino.head.IRFactory","com.google.javascript.rhino.head.Node",46
"727",9,"closure","com.google.javascript.rhino.head.IRFactory","com.google.javascript.rhino.head.Parser",88
"728",9,"closure","com.google.javascript.rhino.head.NativeArray","com.google.javascript.rhino.head.IdScriptableObject",7
"729",9,"closure","com.google.javascript.rhino.head.NativeObject","com.google.javascript.rhino.head.ScriptableObject",169
"730",9,"closure","com.google.javascript.rhino.head.ScriptableObject","com.google.javascript.rhino.head.FunctionObject",24
"731",9,"closure","com.google.javascript.rhino.head.tools.shell.Global","com.google.javascript.rhino.head.ScriptRuntime",31
"732",9,"closure","com.google.javascript.rhino.jstype.JSType","com.google.javascript.rhino.jstype.FunctionType",330
"733",9,"closure","com.google.javascript.rhino.jstype.JSType","com.google.javascript.rhino.jstype.ProxyObjectType",4
"734",9,"lang","org.apache.commons.lang3.builder.ReflectionToStringBuilder","org.apache.commons.lang3.builder.ToStringBuilder",1
"735",9,"lang","org.apache.commons.lang3.builder.ToStringBuilder","org.apache.commons.lang3.builder.ToStringStyle",18
"736",9,"lang","org.apache.commons.lang3.builder.ToStringStyle","org.apache.commons.lang3.ClassUtils",36
"737",9,"lang","org.apache.commons.lang3.concurrent.MultiBackgroundInitializer","org.apache.commons.lang3.concurrent.BackgroundInitializer",8
"738",9,"lang","org.apache.commons.lang3.text.StrBuilder$StrBuilderReader","org.apache.commons.lang3.text.StrBuilder",114
"739",9,"lang","org.apache.commons.lang3.text.StrSubstitutor","org.apache.commons.lang3.text.StrBuilder",292
"740",9,"lang","org.apache.commons.lang3.text.StrTokenizer","org.apache.commons.lang3.text.StrMatcher",4
"741",9,"lang","org.apache.commons.lang3.time.DurationFormatUtils","org.apache.commons.lang3.time.DurationFormatUtils$Token",16
"742",9,"math","org.apache.commons.math.analysis.LaguerreSolver","org.apache.commons.math.complex.Complex",398
"743",9,"math","org.apache.commons.math.analysis.MullerSolver","org.apache.commons.math.analysis.UnivariateRealSolverImpl",99
"744",9,"math","org.apache.commons.math.distribution.AbstractIntegerDistribution","org.apache.commons.math.distribution.HypergeometricDistributionImpl",57
"745",9,"math","org.apache.commons.math.fraction.ProperFractionFormat","org.apache.commons.math.fraction.FractionFormat",4
"746",9,"math","org.apache.commons.math.geometry.Rotation","org.apache.commons.math.geometry.Vector3D",102
"747",9,"math","org.apache.commons.math.linear.MatrixUtils","org.apache.commons.math.linear.BigMatrixImpl",18
"748",9,"math","org.apache.commons.math.ode.AbstractStepInterpolator","org.apache.commons.math.ode.DormandPrince853StepInterpolator",73
"749",9,"math","org.apache.commons.math.ode.ContinuousOutputModel","org.apache.commons.math.ode.AbstractStepInterpolator",44
"750",9,"math","org.apache.commons.math.ode.EmbeddedRungeKuttaIntegrator","org.apache.commons.math.ode.DormandPrince853Integrator",13
"751",9,"math","org.apache.commons.math.ode.EmbeddedRungeKuttaIntegrator","org.apache.commons.math.ode.HighamHall54Integrator",8
"752",9,"math","org.apache.commons.math.ode.GraggBulirschStoerIntegrator","org.apache.commons.math.ode.AdaptiveStepsizeIntegrator",52
"753",9,"math","org.apache.commons.math.ode.GraggBulirschStoerIntegrator","org.apache.commons.math.ode.SwitchingFunctionsHandler",22
"754",9,"math","org.apache.commons.math.ode.GraggBulirschStoerStepInterpolator","org.apache.commons.math.ode.AbstractStepInterpolator",38
"755",9,"math","org.apache.commons.math.ode.SwitchingFunctionsHandler","org.apache.commons.math.ode.SwitchState",59
"756",9,"math","org.apache.commons.math.ode.SwitchState","org.apache.commons.math.analysis.BrentSolver",28
"757",9,"math","org.apache.commons.math.optimization.NelderMead","org.apache.commons.math.optimization.DirectSearchOptimizer",66
"758",9,"math","org.apache.commons.math.stat.descriptive.AbstractStorelessUnivariateStatistic","org.apache.commons.math.stat.descriptive.moment.Variance",35
"759",9,"math","org.apache.commons.math.stat.descriptive.DescriptiveStatistics","org.apache.commons.math.util.ResizableDoubleArray",100
"760",9,"math","org.apache.commons.math.stat.inference.TTestImpl","org.apache.commons.math.stat.StatUtils",2
"761",9,"math","org.apache.commons.math.transform.FastFourierTransformer","org.apache.commons.math.complex.Complex",318
"762",9,"mockito","org.mockito.asm.AnnotationWriter","org.mockito.asm.ClassWriter",449
"763",9,"mockito","org.mockito.asm.MethodWriter","org.mockito.asm.ByteVector",53
"764",9,"mockito","org.mockito.asm.MethodWriter","org.mockito.asm.ClassWriter",50
"765",9,"mockito","org.mockito.asm.tree.analysis.BasicVerifier","org.mockito.asm.tree.analysis.BasicInterpreter",18
"766",9,"mockito","org.mockito.asm.tree.analysis.BasicVerifier","org.mockito.asm.tree.analysis.SimpleVerifier",11
"767",9,"mockito","org.mockito.cglib.core.CodeEmitter","org.mockito.cglib.core.TypeUtils",217
"768",9,"mockito","org.mockito.cglib.core.EmitUtils","org.mockito.cglib.core.CodeEmitter",109
"769",9,"mockito","org.mockito.cglib.proxy.Enhancer","org.mockito.cglib.core.CodeEmitter",240
"770",9,"mockito","org.mockito.cglib.proxy.Enhancer","org.mockito.cglib.core.ReflectUtils",89
"771",9,"mockito","org.mockito.cglib.proxy.Mixin$Generator","org.mockito.cglib.core.ReflectUtils",60
"772",9,"time","org.joda.time.base.AbstractPartial","org.joda.time.MonthDay",29
"773",9,"time","org.joda.time.base.AbstractPartial","org.joda.time.TimeOfDay",42
"774",9,"time","org.joda.time.base.AbstractPartial","org.joda.time.YearMonth",31
"775",9,"time","org.joda.time.base.BasePeriod","org.joda.time.base.AbstractPeriod",50
"776",9,"time","org.joda.time.chrono.BasicChronology","org.joda.time.chrono.CopticChronology",25
"777",9,"time","org.joda.time.chrono.BasicChronology","org.joda.time.chrono.EthiopicChronology",10
"778",9,"time","org.joda.time.chrono.BasicChronology","org.joda.time.chrono.IslamicChronology",185
"779",9,"time","org.joda.time.chrono.BasicWeekyearDateTimeField","org.joda.time.chrono.BasicChronology",267
"780",9,"time","org.joda.time.chrono.CopticChronology","org.joda.time.DateTimeZone",215
"781",9,"time","org.joda.time.chrono.GJChronology","org.joda.time.chrono.GJChronology$CutoverField",50
"782",9,"time","org.joda.time.chrono.GJChronology","org.joda.time.chrono.JulianChronology",21
"783",9,"time","org.joda.time.chrono.ISOChronology","org.joda.time.chrono.AssembledChronology",36
"784",9,"time","org.joda.time.chrono.ISOChronology","org.joda.time.DateTimeZone",183
"785",9,"time","org.joda.time.chrono.ZonedChronology","org.joda.time.chrono.AssembledChronology",120
"786",9,"time","org.joda.time.chrono.ZonedChronology","org.joda.time.DateTimeZone",413
"787",9,"time","org.joda.time.chrono.ZonedChronology$ZonedDateTimeField","org.joda.time.DateTimeZone",161
"788",9,"time","org.joda.time.DateTimeZone","org.joda.time.field.FieldUtils",12
"789",9,"time","org.joda.time.DateTimeZone","org.joda.time.format.FormatUtils",53
"790",9,"time","org.joda.time.DateTimeZone","org.joda.time.tz.FixedDateTimeZone",21
"791",9,"time","org.joda.time.Days","org.joda.time.base.BaseSingleFieldPeriod",28
"792",9,"time","org.joda.time.format.DateTimeFormat","org.joda.time.format.DateTimeFormat$StyleFormatter",23
"793",9,"time","org.joda.time.format.DateTimeFormat","org.joda.time.format.DateTimeFormatterBuilder",17
"794",9,"time","org.joda.time.format.DateTimeFormatter","org.joda.time.DateTimeZone",125
"795",9,"time","org.joda.time.format.DateTimeFormatter","org.joda.time.format.DateTimeParserBucket",58
"796",9,"time","org.joda.time.format.DateTimeFormatterBuilder$PaddedNumber","org.joda.time.format.DateTimeFormatterBuilder",280
"797",9,"time","org.joda.time.format.DateTimeFormatterBuilder$TextField","org.joda.time.format.DateTimeParserBucket",49
"798",9,"time","org.joda.time.format.DateTimeFormatterBuilder$TextField","org.joda.time.MutableDateTime",11
"799",9,"time","org.joda.time.format.DateTimeParserBucket$SavedState","org.joda.time.format.DateTimeParserBucket",16
"800",9,"time","org.joda.time.format.ISODateTimeFormat","org.joda.time.format.DateTimeFormatterBuilder",221
"801",9,"time","org.joda.time.Hours","org.joda.time.base.BaseSingleFieldPeriod",1
"802",9,"time","org.joda.time.LocalDate","org.joda.time.DateTime",8
"803",9,"time","org.joda.time.LocalDate","org.joda.time.format.ISODateTimeFormat",44
"804",9,"time","org.joda.time.LocalDateTime","org.joda.time.DateTimeZone",202
"805",9,"time","org.joda.time.LocalDateTime","org.joda.time.format.DateTimeFormatter",18
"806",9,"time","org.joda.time.LocalTime$Property","org.joda.time.LocalTime",115
"807",9,"time","org.joda.time.Minutes","org.joda.time.base.BaseSingleFieldPeriod",34
"808",9,"time","org.joda.time.MutableInterval","org.joda.time.base.BaseInterval",5
"809",9,"time","org.joda.time.MutablePeriod","org.joda.time.base.BasePeriod",27
"810",9,"time","org.joda.time.Period","org.joda.time.base.AbstractPeriod",4
"811",9,"time","org.joda.time.Period","org.joda.time.base.BasePeriod",73
"812",9,"time","org.joda.time.Period","org.joda.time.PeriodType",731
"813",9,"time","org.joda.time.Seconds","org.joda.time.base.BaseSingleFieldPeriod",36
"814",9,"time","org.joda.time.tz.ZoneInfoCompiler","org.joda.time.DateTimeZone",307
"815",9,"time","org.joda.time.Weeks","org.joda.time.base.BaseSingleFieldPeriod",36
"816",10,"closure","com.google.javascript.jscomp.NodeUtil","com.google.javascript.rhino.Node",439
"817",10,"closure","com.google.javascript.rhino.head.IdScriptableObject","com.google.javascript.rhino.head.ScriptableObject",162
"818",10,"closure","com.google.javascript.rhino.head.IRFactory","com.google.javascript.rhino.head.Parser",124
"819",10,"closure","com.google.javascript.rhino.head.NativeArray","com.google.javascript.rhino.head.IdScriptableObject",6
"820",10,"closure","com.google.javascript.rhino.head.ScriptableObject","com.google.javascript.rhino.head.FunctionObject",63
"821",10,"closure","com.google.javascript.rhino.head.tools.debugger.Dim","com.google.javascript.rhino.head.ScriptRuntime",8
"822",10,"closure","com.google.javascript.rhino.head.tools.shell.Global","com.google.javascript.rhino.head.ScriptRuntime",18
"823",10,"closure","com.google.javascript.rhino.jstype.JSType","com.google.javascript.rhino.jstype.FunctionType",329
"824",10,"closure","com.google.javascript.rhino.jstype.JSType","com.google.javascript.rhino.jstype.UnionType",11
"825",10,"lang","org.apache.commons.lang3.builder.ReflectionToStringBuilder","org.apache.commons.lang3.builder.ToStringBuilder",1
"826",10,"lang","org.apache.commons.lang3.builder.ToStringBuilder","org.apache.commons.lang3.builder.ToStringStyle",37
"827",10,"lang","org.apache.commons.lang3.builder.ToStringStyle","org.apache.commons.lang3.ClassUtils",36
"828",10,"lang","org.apache.commons.lang3.concurrent.MultiBackgroundInitializer","org.apache.commons.lang3.concurrent.BackgroundInitializer",7
"829",10,"lang","org.apache.commons.lang3.text.StrBuilder$StrBuilderReader","org.apache.commons.lang3.text.StrBuilder",98
"830",10,"lang","org.apache.commons.lang3.text.StrSubstitutor","org.apache.commons.lang3.text.StrBuilder",187
"831",10,"lang","org.apache.commons.lang3.text.StrTokenizer","org.apache.commons.lang3.text.StrMatcher",8
"832",10,"lang","org.apache.commons.lang3.text.translate.UnicodeEscaper","org.apache.commons.lang3.text.translate.CharSequenceTranslator",1
"833",10,"lang","org.apache.commons.lang3.time.DurationFormatUtils","org.apache.commons.lang3.time.DurationFormatUtils$Token",17
"834",10,"math","org.apache.commons.math.analysis.LaguerreSolver","org.apache.commons.math.complex.Complex",218
"835",10,"math","org.apache.commons.math.analysis.MullerSolver","org.apache.commons.math.analysis.UnivariateRealSolverImpl",101
"836",10,"math","org.apache.commons.math.distribution.AbstractIntegerDistribution","org.apache.commons.math.distribution.HypergeometricDistributionImpl",52
"837",10,"math","org.apache.commons.math.geometry.Rotation","org.apache.commons.math.geometry.Vector3D",85
"838",10,"math","org.apache.commons.math.linear.MatrixUtils","org.apache.commons.math.linear.BigMatrixImpl",24
"839",10,"math","org.apache.commons.math.ode.AbstractStepInterpolator","org.apache.commons.math.ode.DormandPrince853StepInterpolator",61
"840",10,"math","org.apache.commons.math.ode.ContinuousOutputModel","org.apache.commons.math.ode.AbstractStepInterpolator",48
"841",10,"math","org.apache.commons.math.ode.EmbeddedRungeKuttaIntegrator","org.apache.commons.math.ode.DormandPrince853Integrator",9
"842",10,"math","org.apache.commons.math.ode.EmbeddedRungeKuttaIntegrator","org.apache.commons.math.ode.HighamHall54Integrator",8
"843",10,"math","org.apache.commons.math.ode.GraggBulirschStoerIntegrator","org.apache.commons.math.ode.AdaptiveStepsizeIntegrator",70
"844",10,"math","org.apache.commons.math.ode.GraggBulirschStoerIntegrator","org.apache.commons.math.ode.SwitchingFunctionsHandler",26
"845",10,"math","org.apache.commons.math.ode.GraggBulirschStoerStepInterpolator","org.apache.commons.math.ode.AbstractStepInterpolator",36
"846",10,"math","org.apache.commons.math.ode.SwitchingFunctionsHandler","org.apache.commons.math.ode.SwitchState",51
"847",10,"math","org.apache.commons.math.ode.SwitchState","org.apache.commons.math.analysis.BrentSolver",29
"848",10,"math","org.apache.commons.math.optimization.NelderMead","org.apache.commons.math.optimization.DirectSearchOptimizer",59
"849",10,"math","org.apache.commons.math.stat.descriptive.AbstractStorelessUnivariateStatistic","org.apache.commons.math.stat.descriptive.moment.Variance",49
"850",10,"math","org.apache.commons.math.stat.descriptive.DescriptiveStatistics","org.apache.commons.math.util.ResizableDoubleArray",93
"851",10,"math","org.apache.commons.math.stat.inference.TTestImpl","org.apache.commons.math.stat.StatUtils",2
"852",10,"math","org.apache.commons.math.transform.FastFourierTransformer","org.apache.commons.math.complex.Complex",249
"853",10,"mockito","org.mockito.asm.AnnotationWriter","org.mockito.asm.ClassWriter",468
"854",10,"mockito","org.mockito.asm.MethodWriter","org.mockito.asm.ByteVector",64
"855",10,"mockito","org.mockito.asm.MethodWriter","org.mockito.asm.ClassWriter",67
"856",10,"mockito","org.mockito.asm.tree.analysis.BasicVerifier","org.mockito.asm.tree.analysis.BasicInterpreter",6
"857",10,"mockito","org.mockito.cglib.core.CodeEmitter","org.mockito.cglib.core.TypeUtils",229
"858",10,"mockito","org.mockito.cglib.core.EmitUtils","org.mockito.cglib.core.CodeEmitter",114
"859",10,"mockito","org.mockito.cglib.proxy.Enhancer","org.mockito.cglib.core.CodeEmitter",240
"860",10,"mockito","org.mockito.cglib.proxy.Enhancer","org.mockito.cglib.core.ReflectUtils",89
"861",10,"time","org.joda.time.base.AbstractPartial","org.joda.time.MonthDay",28
"862",10,"time","org.joda.time.base.AbstractPartial","org.joda.time.TimeOfDay",54
"863",10,"time","org.joda.time.base.AbstractPartial","org.joda.time.YearMonth",33
"864",10,"time","org.joda.time.base.AbstractPartial","org.joda.time.YearMonthDay",4
"865",10,"time","org.joda.time.base.BasePeriod","org.joda.time.base.AbstractPeriod",58
"866",10,"time","org.joda.time.chrono.BasicChronology","org.joda.time.chrono.CopticChronology",12
"867",10,"time","org.joda.time.chrono.BasicChronology","org.joda.time.chrono.EthiopicChronology",2
"868",10,"time","org.joda.time.chrono.BasicChronology","org.joda.time.chrono.IslamicChronology",85
"869",10,"time","org.joda.time.chrono.BasicWeekyearDateTimeField","org.joda.time.chrono.BasicChronology",194
"870",10,"time","org.joda.time.chrono.CopticChronology","org.joda.time.DateTimeZone",216
"871",10,"time","org.joda.time.chrono.GJChronology","org.joda.time.chrono.JulianChronology",64
"872",10,"time","org.joda.time.chrono.ISOChronology","org.joda.time.chrono.AssembledChronology",40
"873",10,"time","org.joda.time.chrono.ISOChronology","org.joda.time.DateTimeZone",189
"874",10,"time","org.joda.time.chrono.ZonedChronology","org.joda.time.chrono.AssembledChronology",74
"875",10,"time","org.joda.time.chrono.ZonedChronology","org.joda.time.DateTimeZone",191
"876",10,"time","org.joda.time.chrono.ZonedChronology$ZonedDateTimeField","org.joda.time.DateTimeZone",198
"877",10,"time","org.joda.time.DateTimeUtils","org.joda.time.DateTimeZone",143
"878",10,"time","org.joda.time.DateTimeZone","org.joda.time.field.FieldUtils",13
"879",10,"time","org.joda.time.DateTimeZone","org.joda.time.tz.FixedDateTimeZone",21
"880",10,"time","org.joda.time.Days","org.joda.time.base.BaseSingleFieldPeriod",28
"881",10,"time","org.joda.time.format.DateTimeFormat","org.joda.time.format.DateTimeFormat$StyleFormatter",12
"882",10,"time","org.joda.time.format.DateTimeFormat","org.joda.time.format.DateTimeFormatterBuilder",48
"883",10,"time","org.joda.time.format.DateTimeFormatter","org.joda.time.DateTimeZone",102
"884",10,"time","org.joda.time.format.DateTimeFormatter","org.joda.time.format.DateTimeParserBucket",110
"885",10,"time","org.joda.time.format.DateTimeFormatterBuilder$PaddedNumber","org.joda.time.format.DateTimeFormatterBuilder",143
"886",10,"time","org.joda.time.format.DateTimeFormatterBuilder$TextField","org.joda.time.format.DateTimeParserBucket",62
"887",10,"time","org.joda.time.format.DateTimeFormatterBuilder$TextField","org.joda.time.MutableDateTime",15
"888",10,"time","org.joda.time.format.DateTimeParserBucket$SavedState","org.joda.time.format.DateTimeParserBucket",16
"889",10,"time","org.joda.time.format.ISODateTimeFormat","org.joda.time.format.DateTimeFormatterBuilder",221
"890",10,"time","org.joda.time.Hours","org.joda.time.base.BaseSingleFieldPeriod",1
"891",10,"time","org.joda.time.LocalDate","org.joda.time.format.ISODateTimeFormat",30
"892",10,"time","org.joda.time.LocalDateTime","org.joda.time.DateTimeZone",225
"893",10,"time","org.joda.time.LocalDateTime","org.joda.time.format.DateTimeFormatter",29
"894",10,"time","org.joda.time.LocalTime$Property","org.joda.time.LocalTime",18
"895",10,"time","org.joda.time.Minutes","org.joda.time.base.BaseSingleFieldPeriod",32
"896",10,"time","org.joda.time.MutableInterval","org.joda.time.base.BaseInterval",4
"897",10,"time","org.joda.time.MutablePeriod","org.joda.time.base.BasePeriod",19
"898",10,"time","org.joda.time.Period","org.joda.time.base.AbstractPeriod",2
"899",10,"time","org.joda.time.Period","org.joda.time.base.BasePeriod",71
"900",10,"time","org.joda.time.Period","org.joda.time.PeriodType",741
"901",10,"time","org.joda.time.Seconds","org.joda.time.base.BaseSingleFieldPeriod",9
"902",10,"time","org.joda.time.tz.ZoneInfoCompiler","org.joda.time.DateTimeZone",234
"903",10,"time","org.joda.time.Weeks","org.joda.time.base.BaseSingleFieldPeriod",33
"904",11,"closure","com.google.javascript.rhino.head.IdScriptableObject","com.google.javascript.rhino.head.ScriptableObject",48
"905",11,"closure","com.google.javascript.rhino.head.Interpreter","com.google.javascript.rhino.head.ScriptableObject",72
"906",11,"closure","com.google.javascript.rhino.head.IRFactory","com.google.javascript.rhino.head.Parser",112
"907",11,"closure","com.google.javascript.rhino.head.NativeArray","com.google.javascript.rhino.head.IdScriptableObject",12
"908",11,"closure","com.google.javascript.rhino.head.NativeArray","com.google.javascript.rhino.head.ScriptableObject",23
"909",11,"closure","com.google.javascript.rhino.head.NativeArray","com.google.javascript.rhino.head.ScriptRuntime",51
"910",11,"closure","com.google.javascript.rhino.head.NativeObject","com.google.javascript.rhino.head.ScriptableObject",138
"911",11,"closure","com.google.javascript.rhino.head.regexp.NativeRegExp","com.google.javascript.rhino.head.ScriptRuntime",30
"912",11,"closure","com.google.javascript.rhino.head.ScriptRuntime","com.google.javascript.rhino.head.ScriptableObject",104
"913",11,"closure","com.google.javascript.rhino.head.tools.debugger.Dim","com.google.javascript.rhino.head.ScriptRuntime",30
"914",11,"lang","org.apache.commons.lang3.builder.ReflectionToStringBuilder","org.apache.commons.lang3.builder.ToStringBuilder",1
"915",11,"lang","org.apache.commons.lang3.builder.ToStringBuilder","org.apache.commons.lang3.builder.ToStringStyle",30
"916",11,"lang","org.apache.commons.lang3.builder.ToStringStyle","org.apache.commons.lang3.ClassUtils",36
"917",11,"lang","org.apache.commons.lang3.concurrent.MultiBackgroundInitializer","org.apache.commons.lang3.concurrent.BackgroundInitializer",7
"918",11,"lang","org.apache.commons.lang3.text.StrBuilder$StrBuilderReader","org.apache.commons.lang3.text.StrBuilder",99
"919",11,"lang","org.apache.commons.lang3.text.StrSubstitutor","org.apache.commons.lang3.text.StrBuilder",270
"920",11,"lang","org.apache.commons.lang3.text.StrTokenizer","org.apache.commons.lang3.text.StrMatcher",9
"921",11,"lang","org.apache.commons.lang3.time.DurationFormatUtils","org.apache.commons.lang3.time.DurationFormatUtils$Token",5
"922",11,"math","org.apache.commons.math.analysis.LaguerreSolver","org.apache.commons.math.complex.Complex",324
"923",11,"math","org.apache.commons.math.analysis.MullerSolver","org.apache.commons.math.analysis.UnivariateRealSolverImpl",103
"924",11,"math","org.apache.commons.math.distribution.AbstractIntegerDistribution","org.apache.commons.math.distribution.HypergeometricDistributionImpl",45
"925",11,"math","org.apache.commons.math.fraction.ProperFractionFormat","org.apache.commons.math.fraction.FractionFormat",2
"926",11,"math","org.apache.commons.math.geometry.Rotation","org.apache.commons.math.geometry.Vector3D",84
"927",11,"math","org.apache.commons.math.linear.MatrixUtils","org.apache.commons.math.linear.BigMatrixImpl",18
"928",11,"math","org.apache.commons.math.ode.AbstractStepInterpolator","org.apache.commons.math.ode.DormandPrince853StepInterpolator",66
"929",11,"math","org.apache.commons.math.ode.ContinuousOutputModel","org.apache.commons.math.ode.AbstractStepInterpolator",44
"930",11,"math","org.apache.commons.math.ode.EmbeddedRungeKuttaIntegrator","org.apache.commons.math.ode.DormandPrince853Integrator",5
"931",11,"math","org.apache.commons.math.ode.EmbeddedRungeKuttaIntegrator","org.apache.commons.math.ode.HighamHall54Integrator",2
"932",11,"math","org.apache.commons.math.ode.GraggBulirschStoerIntegrator","org.apache.commons.math.ode.AdaptiveStepsizeIntegrator",50
"933",11,"math","org.apache.commons.math.ode.GraggBulirschStoerIntegrator","org.apache.commons.math.ode.SwitchingFunctionsHandler",20
"934",11,"math","org.apache.commons.math.ode.GraggBulirschStoerStepInterpolator","org.apache.commons.math.ode.AbstractStepInterpolator",22
"935",11,"math","org.apache.commons.math.ode.SwitchingFunctionsHandler","org.apache.commons.math.ode.SwitchState",64
"936",11,"math","org.apache.commons.math.ode.SwitchState","org.apache.commons.math.analysis.BrentSolver",28
"937",11,"math","org.apache.commons.math.optimization.NelderMead","org.apache.commons.math.optimization.DirectSearchOptimizer",55
"938",11,"math","org.apache.commons.math.stat.descriptive.AbstractStorelessUnivariateStatistic","org.apache.commons.math.stat.descriptive.moment.Variance",26
"939",11,"math","org.apache.commons.math.stat.descriptive.DescriptiveStatistics","org.apache.commons.math.util.ResizableDoubleArray",76
"940",11,"math","org.apache.commons.math.stat.inference.TTestImpl","org.apache.commons.math.stat.StatUtils",2
"941",11,"math","org.apache.commons.math.transform.FastFourierTransformer","org.apache.commons.math.complex.Complex",347
"942",11,"mockito","org.mockito.asm.AnnotationWriter","org.mockito.asm.ClassWriter",470
"943",11,"mockito","org.mockito.asm.MethodWriter","org.mockito.asm.ByteVector",74
"944",11,"mockito","org.mockito.asm.MethodWriter","org.mockito.asm.ClassWriter",90
"945",11,"mockito","org.mockito.asm.tree.analysis.BasicVerifier","org.mockito.asm.tree.analysis.BasicInterpreter",31
"946",11,"mockito","org.mockito.asm.tree.analysis.BasicVerifier","org.mockito.asm.tree.analysis.SimpleVerifier",10
"947",11,"mockito","org.mockito.cglib.core.CodeEmitter","org.mockito.cglib.core.ClassEmitter",1
"948",11,"mockito","org.mockito.cglib.core.CodeEmitter","org.mockito.cglib.core.TypeUtils",222
"949",11,"mockito","org.mockito.cglib.core.EmitUtils","org.mockito.cglib.core.CodeEmitter",71
"950",11,"mockito","org.mockito.cglib.proxy.Enhancer","org.mockito.cglib.core.CodeEmitter",240
"951",11,"mockito","org.mockito.cglib.proxy.Enhancer","org.mockito.cglib.core.ReflectUtils",89
"952",11,"mockito","org.mockito.cglib.proxy.Mixin$Generator","org.mockito.cglib.core.ReflectUtils",60
"953",11,"time","org.joda.time.base.AbstractPartial","org.joda.time.MonthDay",22
"954",11,"time","org.joda.time.base.AbstractPartial","org.joda.time.TimeOfDay",32
"955",11,"time","org.joda.time.base.AbstractPartial","org.joda.time.YearMonth",29
"956",11,"time","org.joda.time.base.BasePeriod","org.joda.time.base.AbstractPeriod",70
"957",11,"time","org.joda.time.chrono.BasicChronology","org.joda.time.chrono.CopticChronology",8
"958",11,"time","org.joda.time.chrono.BasicChronology","org.joda.time.chrono.EthiopicChronology",7
"959",11,"time","org.joda.time.chrono.BasicChronology","org.joda.time.chrono.IslamicChronology",158
"960",11,"time","org.joda.time.chrono.BasicWeekyearDateTimeField","org.joda.time.chrono.BasicChronology",423
"961",11,"time","org.joda.time.chrono.CopticChronology","org.joda.time.DateTimeZone",216
"962",11,"time","org.joda.time.chrono.GJChronology","org.joda.time.chrono.GJChronology$CutoverField",64
"963",11,"time","org.joda.time.chrono.GJChronology","org.joda.time.chrono.JulianChronology",50
"964",11,"time","org.joda.time.chrono.ISOChronology","org.joda.time.chrono.AssembledChronology",20
"965",11,"time","org.joda.time.chrono.ISOChronology","org.joda.time.DateTimeZone",199
"966",11,"time","org.joda.time.chrono.ZonedChronology","org.joda.time.chrono.AssembledChronology",62
"967",11,"time","org.joda.time.chrono.ZonedChronology","org.joda.time.DateTimeZone",215
"968",11,"time","org.joda.time.chrono.ZonedChronology$ZonedDateTimeField","org.joda.time.DateTimeZone",129
"969",11,"time","org.joda.time.DateTimeUtils","org.joda.time.DateTimeZone",117
"970",11,"time","org.joda.time.DateTimeZone","org.joda.time.field.FieldUtils",12
"971",11,"time","org.joda.time.DateTimeZone","org.joda.time.format.DateTimeFormat",11
"972",11,"time","org.joda.time.DateTimeZone","org.joda.time.tz.FixedDateTimeZone",21
"973",11,"time","org.joda.time.Days","org.joda.time.base.BaseSingleFieldPeriod",28
"974",11,"time","org.joda.time.format.DateTimeFormat","org.joda.time.format.DateTimeFormat$StyleFormatter",9
"975",11,"time","org.joda.time.format.DateTimeFormat","org.joda.time.format.DateTimeFormatterBuilder",46
"976",11,"time","org.joda.time.format.DateTimeFormatter","org.joda.time.DateTimeZone",115
"977",11,"time","org.joda.time.format.DateTimeFormatter","org.joda.time.format.DateTimeParserBucket",69
"978",11,"time","org.joda.time.format.DateTimeFormatterBuilder$PaddedNumber","org.joda.time.format.DateTimeFormatterBuilder",56
"979",11,"time","org.joda.time.format.DateTimeFormatterBuilder$TextField","org.joda.time.format.DateTimeParserBucket",50
"980",11,"time","org.joda.time.format.DateTimeFormatterBuilder$TextField","org.joda.time.MutableDateTime",2
"981",11,"time","org.joda.time.format.DateTimeParserBucket$SavedState","org.joda.time.format.DateTimeParserBucket",15
"982",11,"time","org.joda.time.format.ISODateTimeFormat","org.joda.time.format.DateTimeFormatterBuilder",221
"983",11,"time","org.joda.time.Hours","org.joda.time.base.BaseSingleFieldPeriod",1
"984",11,"time","org.joda.time.LocalDate","org.joda.time.format.ISODateTimeFormat",31
"985",11,"time","org.joda.time.LocalDateTime","org.joda.time.DateTimeZone",167
"986",11,"time","org.joda.time.LocalDateTime","org.joda.time.format.DateTimeFormatter",15
"987",11,"time","org.joda.time.LocalTime$Property","org.joda.time.LocalTime",27
"988",11,"time","org.joda.time.Minutes","org.joda.time.base.BaseSingleFieldPeriod",25
"989",11,"time","org.joda.time.MutableInterval","org.joda.time.base.BaseInterval",3
"990",11,"time","org.joda.time.MutablePeriod","org.joda.time.base.BasePeriod",19
"991",11,"time","org.joda.time.Period","org.joda.time.base.AbstractPeriod",4
"992",11,"time","org.joda.time.Period","org.joda.time.base.BasePeriod",88
"993",11,"time","org.joda.time.Period","org.joda.time.PeriodType",743
"994",11,"time","org.joda.time.Seconds","org.joda.time.base.BaseSingleFieldPeriod",36
"995",11,"time","org.joda.time.tz.ZoneInfoCompiler","org.joda.time.DateTimeZone",199
"996",11,"time","org.joda.time.Weeks","org.joda.time.base.BaseSingleFieldPeriod",35
"997",12,"closure","com.google.javascript.rhino.head.IdScriptableObject","com.google.javascript.rhino.head.ScriptableObject",273
"998",12,"closure","com.google.javascript.rhino.head.IRFactory","com.google.javascript.rhino.head.Node",59
"999",12,"closure","com.google.javascript.rhino.head.IRFactory","com.google.javascript.rhino.head.Parser",87
"1000",12,"closure","com.google.javascript.rhino.head.NativeArray","com.google.javascript.rhino.head.IdScriptableObject",13
"1001",12,"closure","com.google.javascript.rhino.head.NativeArray","com.google.javascript.rhino.head.ScriptableObject",12
"1002",12,"closure","com.google.javascript.rhino.head.NativeObject","com.google.javascript.rhino.head.ScriptableObject",136
"1003",12,"closure","com.google.javascript.rhino.head.regexp.NativeRegExp","com.google.javascript.rhino.head.ScriptRuntime",32
"1004",12,"closure","com.google.javascript.rhino.head.ScriptRuntime","com.google.javascript.rhino.head.ScriptableObject",247
"1005",12,"closure","com.google.javascript.rhino.head.tools.debugger.Dim","com.google.javascript.rhino.head.ScriptRuntime",9
"1006",12,"closure","com.google.javascript.rhino.jstype.JSType","com.google.javascript.rhino.jstype.UnionType",73
"1007",12,"lang","org.apache.commons.lang3.builder.ReflectionToStringBuilder","org.apache.commons.lang3.builder.ToStringBuilder",1
"1008",12,"lang","org.apache.commons.lang3.builder.ToStringBuilder","org.apache.commons.lang3.builder.ToStringStyle",91
"1009",12,"lang","org.apache.commons.lang3.builder.ToStringStyle","org.apache.commons.lang3.ClassUtils",36
"1010",12,"lang","org.apache.commons.lang3.concurrent.MultiBackgroundInitializer","org.apache.commons.lang3.concurrent.BackgroundInitializer",7
"1011",12,"lang","org.apache.commons.lang3.text.StrBuilder$StrBuilderReader","org.apache.commons.lang3.text.StrBuilder",107
"1012",12,"lang","org.apache.commons.lang3.text.StrSubstitutor","org.apache.commons.lang3.text.StrBuilder",297
"1013",12,"lang","org.apache.commons.lang3.text.StrTokenizer","org.apache.commons.lang3.text.StrMatcher",6
"1014",12,"lang","org.apache.commons.lang3.time.DurationFormatUtils","org.apache.commons.lang3.time.DurationFormatUtils$Token",17
"1015",12,"math","org.apache.commons.math.analysis.LaguerreSolver","org.apache.commons.math.complex.Complex",202
"1016",12,"math","org.apache.commons.math.analysis.MullerSolver","org.apache.commons.math.analysis.UnivariateRealSolverImpl",96
"1017",12,"math","org.apache.commons.math.distribution.AbstractIntegerDistribution","org.apache.commons.math.distribution.HypergeometricDistributionImpl",73
"1018",12,"math","org.apache.commons.math.geometry.Rotation","org.apache.commons.math.geometry.Vector3D",110
"1019",12,"math","org.apache.commons.math.linear.MatrixUtils","org.apache.commons.math.linear.BigMatrixImpl",24
"1020",12,"math","org.apache.commons.math.ode.AbstractStepInterpolator","org.apache.commons.math.ode.DormandPrince853StepInterpolator",65
"1021",12,"math","org.apache.commons.math.ode.ContinuousOutputModel","org.apache.commons.math.ode.AbstractStepInterpolator",44
"1022",12,"math","org.apache.commons.math.ode.EmbeddedRungeKuttaIntegrator","org.apache.commons.math.ode.DormandPrince853Integrator",23
"1023",12,"math","org.apache.commons.math.ode.EmbeddedRungeKuttaIntegrator","org.apache.commons.math.ode.HighamHall54Integrator",8
"1024",12,"math","org.apache.commons.math.ode.GraggBulirschStoerIntegrator","org.apache.commons.math.ode.AdaptiveStepsizeIntegrator",56
"1025",12,"math","org.apache.commons.math.ode.GraggBulirschStoerIntegrator","org.apache.commons.math.ode.SwitchingFunctionsHandler",32
"1026",12,"math","org.apache.commons.math.ode.GraggBulirschStoerStepInterpolator","org.apache.commons.math.ode.AbstractStepInterpolator",26
"1027",12,"math","org.apache.commons.math.ode.SwitchingFunctionsHandler","org.apache.commons.math.ode.SwitchState",68
"1028",12,"math","org.apache.commons.math.ode.SwitchState","org.apache.commons.math.analysis.BrentSolver",53
"1029",12,"math","org.apache.commons.math.optimization.NelderMead","org.apache.commons.math.optimization.DirectSearchOptimizer",76
"1030",12,"math","org.apache.commons.math.stat.descriptive.AbstractStorelessUnivariateStatistic","org.apache.commons.math.stat.descriptive.moment.Variance",71
"1031",12,"math","org.apache.commons.math.stat.descriptive.DescriptiveStatistics","org.apache.commons.math.util.ResizableDoubleArray",83
"1032",12,"math","org.apache.commons.math.stat.inference.TTestImpl","org.apache.commons.math.stat.StatUtils",10
"1033",12,"math","org.apache.commons.math.transform.FastFourierTransformer","org.apache.commons.math.complex.Complex",288
"1034",12,"mockito","org.mockito.asm.AnnotationWriter","org.mockito.asm.ClassWriter",429
"1035",12,"mockito","org.mockito.asm.MethodWriter","org.mockito.asm.ByteVector",80
"1036",12,"mockito","org.mockito.asm.MethodWriter","org.mockito.asm.ClassWriter",102
"1037",12,"mockito","org.mockito.asm.tree.analysis.BasicVerifier","org.mockito.asm.tree.analysis.BasicInterpreter",23
"1038",12,"mockito","org.mockito.asm.tree.analysis.BasicVerifier","org.mockito.asm.tree.analysis.SimpleVerifier",8
"1039",12,"mockito","org.mockito.cglib.core.CodeEmitter","org.mockito.cglib.core.ClassEmitter",1
"1040",12,"mockito","org.mockito.cglib.core.CodeEmitter","org.mockito.cglib.core.TypeUtils",221
"1041",12,"mockito","org.mockito.cglib.core.EmitUtils","org.mockito.cglib.core.CodeEmitter",77
"1042",12,"mockito","org.mockito.cglib.proxy.Enhancer","org.mockito.cglib.core.ReflectUtils",88
"1043",12,"mockito","org.mockito.cglib.proxy.Mixin$Generator","org.mockito.cglib.core.ReflectUtils",83
"1044",12,"time","org.joda.time.base.AbstractPartial","org.joda.time.MonthDay",49
"1045",12,"time","org.joda.time.base.AbstractPartial","org.joda.time.TimeOfDay",1
"1046",12,"time","org.joda.time.base.AbstractPartial","org.joda.time.YearMonth",4
"1047",12,"time","org.joda.time.base.BasePeriod","org.joda.time.base.AbstractPeriod",84
"1048",12,"time","org.joda.time.chrono.BasicChronology","org.joda.time.chrono.CopticChronology",12
"1049",12,"time","org.joda.time.chrono.BasicChronology","org.joda.time.chrono.EthiopicChronology",7
"1050",12,"time","org.joda.time.chrono.BasicChronology","org.joda.time.chrono.IslamicChronology",35
"1051",12,"time","org.joda.time.chrono.BasicWeekyearDateTimeField","org.joda.time.chrono.BasicChronology",385
"1052",12,"time","org.joda.time.chrono.CopticChronology","org.joda.time.DateTimeZone",188
"1053",12,"time","org.joda.time.chrono.GJChronology","org.joda.time.chrono.GJChronology$CutoverField",11
"1054",12,"time","org.joda.time.chrono.GJChronology","org.joda.time.chrono.JulianChronology",33
"1055",12,"time","org.joda.time.chrono.ISOChronology","org.joda.time.chrono.AssembledChronology",35
"1056",12,"time","org.joda.time.chrono.ZonedChronology","org.joda.time.chrono.AssembledChronology",102
"1057",12,"time","org.joda.time.chrono.ZonedChronology","org.joda.time.DateTimeZone",212
"1058",12,"time","org.joda.time.chrono.ZonedChronology$ZonedDateTimeField","org.joda.time.DateTimeZone",126
"1059",12,"time","org.joda.time.DateTimeUtils","org.joda.time.DateTimeZone",138
"1060",12,"time","org.joda.time.DateTimeZone","org.joda.time.field.FieldUtils",12
"1061",12,"time","org.joda.time.DateTimeZone","org.joda.time.format.DateTimeFormat",11
"1062",12,"time","org.joda.time.DateTimeZone","org.joda.time.format.FormatUtils",46
"1063",12,"time","org.joda.time.DateTimeZone","org.joda.time.tz.FixedDateTimeZone",18
"1064",12,"time","org.joda.time.Days","org.joda.time.base.BaseSingleFieldPeriod",24
"1065",12,"time","org.joda.time.format.DateTimeFormat","org.joda.time.format.DateTimeFormat$StyleFormatter",8
"1066",12,"time","org.joda.time.format.DateTimeFormat","org.joda.time.format.DateTimeFormatterBuilder",81
"1067",12,"time","org.joda.time.format.DateTimeFormatter","org.joda.time.DateTimeZone",124
"1068",12,"time","org.joda.time.format.DateTimeFormatter","org.joda.time.format.DateTimeParserBucket",95
"1069",12,"time","org.joda.time.format.DateTimeFormatterBuilder$PaddedNumber","org.joda.time.format.DateTimeFormatterBuilder",31
"1070",12,"time","org.joda.time.format.DateTimeFormatterBuilder$TextField","org.joda.time.format.DateTimeParserBucket",88
"1071",12,"time","org.joda.time.format.DateTimeFormatterBuilder$TextField","org.joda.time.MutableDateTime",21
"1072",12,"time","org.joda.time.format.DateTimeParserBucket$SavedState","org.joda.time.format.DateTimeParserBucket",15
"1073",12,"time","org.joda.time.format.ISODateTimeFormat","org.joda.time.format.DateTimeFormatterBuilder",221
"1074",12,"time","org.joda.time.LocalDate","org.joda.time.format.ISODateTimeFormat",30
"1075",12,"time","org.joda.time.LocalDateTime","org.joda.time.DateTimeZone",264
"1076",12,"time","org.joda.time.LocalDateTime","org.joda.time.format.DateTimeFormatter",11
"1077",12,"time","org.joda.time.LocalTime$Property","org.joda.time.LocalTime",21
"1078",12,"time","org.joda.time.Minutes","org.joda.time.base.BaseSingleFieldPeriod",30
"1079",12,"time","org.joda.time.MutablePeriod","org.joda.time.base.BasePeriod",34
"1080",12,"time","org.joda.time.Period","org.joda.time.base.BasePeriod",69
"1081",12,"time","org.joda.time.Period","org.joda.time.PeriodType",724
"1082",12,"time","org.joda.time.Seconds","org.joda.time.base.BaseSingleFieldPeriod",31
"1083",12,"time","org.joda.time.Weeks","org.joda.time.base.BaseSingleFieldPeriod",29
"1084",13,"closure","com.google.javascript.rhino.head.Interpreter","com.google.javascript.rhino.head.ScriptableObject",101
"1085",13,"closure","com.google.javascript.rhino.head.IRFactory","com.google.javascript.rhino.head.Node",41
"1086",13,"closure","com.google.javascript.rhino.head.NativeArray","com.google.javascript.rhino.head.IdScriptableObject",12
"1087",13,"closure","com.google.javascript.rhino.head.NativeArray","com.google.javascript.rhino.head.ScriptableObject",6
"1088",13,"closure","com.google.javascript.rhino.head.NativeObject","com.google.javascript.rhino.head.ScriptableObject",109
"1089",13,"closure","com.google.javascript.rhino.head.regexp.NativeRegExp","com.google.javascript.rhino.head.ScriptRuntime",90
"1090",13,"closure","com.google.javascript.rhino.head.ScriptableObject","com.google.javascript.rhino.head.FunctionObject",19
"1091",13,"closure","com.google.javascript.rhino.head.tools.debugger.Dim","com.google.javascript.rhino.head.ScriptRuntime",36
"1092",13,"closure","com.google.javascript.rhino.JSDocInfoBuilder","com.google.javascript.rhino.JSDocInfo",160
"1093",13,"closure","com.google.javascript.rhino.jstype.JSType","com.google.javascript.rhino.jstype.UnionType",24
"1094",13,"lang","org.apache.commons.lang3.builder.ReflectionToStringBuilder","org.apache.commons.lang3.builder.ToStringBuilder",1
"1095",13,"lang","org.apache.commons.lang3.builder.ToStringBuilder","org.apache.commons.lang3.builder.ToStringStyle",73
"1096",13,"lang","org.apache.commons.lang3.builder.ToStringStyle","org.apache.commons.lang3.ClassUtils",36
"1097",13,"lang","org.apache.commons.lang3.concurrent.MultiBackgroundInitializer","org.apache.commons.lang3.concurrent.BackgroundInitializer",10
"1098",13,"lang","org.apache.commons.lang3.text.StrBuilder$StrBuilderReader","org.apache.commons.lang3.text.StrBuilder",96
"1099",13,"lang","org.apache.commons.lang3.text.StrSubstitutor","org.apache.commons.lang3.text.StrBuilder",244
"1100",13,"lang","org.apache.commons.lang3.text.StrTokenizer","org.apache.commons.lang3.text.StrMatcher",9
"1101",13,"lang","org.apache.commons.lang3.text.translate.UnicodeEscaper","org.apache.commons.lang3.text.translate.CharSequenceTranslator",1
"1102",13,"lang","org.apache.commons.lang3.time.DurationFormatUtils","org.apache.commons.lang3.time.DurationFormatUtils$Token",5
"1103",13,"math","org.apache.commons.math.analysis.LaguerreSolver","org.apache.commons.math.complex.Complex",423
"1104",13,"math","org.apache.commons.math.analysis.MullerSolver","org.apache.commons.math.analysis.UnivariateRealSolverImpl",102
"1105",13,"math","org.apache.commons.math.distribution.AbstractIntegerDistribution","org.apache.commons.math.distribution.HypergeometricDistributionImpl",38
"1106",13,"math","org.apache.commons.math.geometry.Rotation","org.apache.commons.math.geometry.Vector3D",109
"1107",13,"math","org.apache.commons.math.linear.MatrixUtils","org.apache.commons.math.linear.BigMatrixImpl",24
"1108",13,"math","org.apache.commons.math.ode.AbstractStepInterpolator","org.apache.commons.math.ode.DormandPrince853StepInterpolator",64
"1109",13,"math","org.apache.commons.math.ode.ContinuousOutputModel","org.apache.commons.math.ode.AbstractStepInterpolator",47
"1110",13,"math","org.apache.commons.math.ode.EmbeddedRungeKuttaIntegrator","org.apache.commons.math.ode.DormandPrince853Integrator",5
"1111",13,"math","org.apache.commons.math.ode.EmbeddedRungeKuttaIntegrator","org.apache.commons.math.ode.HighamHall54Integrator",6
"1112",13,"math","org.apache.commons.math.ode.GraggBulirschStoerIntegrator","org.apache.commons.math.ode.AdaptiveStepsizeIntegrator",83
"1113",13,"math","org.apache.commons.math.ode.GraggBulirschStoerIntegrator","org.apache.commons.math.ode.SwitchingFunctionsHandler",39
"1114",13,"math","org.apache.commons.math.ode.GraggBulirschStoerStepInterpolator","org.apache.commons.math.ode.AbstractStepInterpolator",42
"1115",13,"math","org.apache.commons.math.ode.SwitchingFunctionsHandler","org.apache.commons.math.ode.SwitchState",56
"1116",13,"math","org.apache.commons.math.ode.SwitchState","org.apache.commons.math.analysis.BrentSolver",90
"1117",13,"math","org.apache.commons.math.optimization.NelderMead","org.apache.commons.math.optimization.DirectSearchOptimizer",57
"1118",13,"math","org.apache.commons.math.stat.descriptive.AbstractStorelessUnivariateStatistic","org.apache.commons.math.stat.descriptive.moment.Variance",41
"1119",13,"math","org.apache.commons.math.stat.descriptive.DescriptiveStatistics","org.apache.commons.math.util.ResizableDoubleArray",104
"1120",13,"math","org.apache.commons.math.stat.inference.TTestImpl","org.apache.commons.math.stat.StatUtils",2
"1121",13,"math","org.apache.commons.math.transform.FastFourierTransformer","org.apache.commons.math.complex.Complex",301
"1122",13,"mockito","org.mockito.asm.AnnotationWriter","org.mockito.asm.ClassWriter",401
"1123",13,"mockito","org.mockito.asm.MethodWriter","org.mockito.asm.ByteVector",71
"1124",13,"mockito","org.mockito.asm.MethodWriter","org.mockito.asm.ClassWriter",88
"1125",13,"mockito","org.mockito.asm.tree.analysis.BasicVerifier","org.mockito.asm.tree.analysis.BasicInterpreter",2
"1126",13,"mockito","org.mockito.cglib.core.ClassEmitter","org.mockito.cglib.transform.impl.InterceptFieldTransformer",10
"1127",13,"mockito","org.mockito.cglib.core.CodeEmitter","org.mockito.cglib.core.TypeUtils",113
"1128",13,"mockito","org.mockito.cglib.core.EmitUtils","org.mockito.cglib.core.CodeEmitter",185
"1129",13,"mockito","org.mockito.cglib.proxy.Enhancer","org.mockito.cglib.core.ReflectUtils",88
"1130",13,"time","org.joda.time.base.AbstractPartial","org.joda.time.MonthDay",40
"1131",13,"time","org.joda.time.base.AbstractPartial","org.joda.time.TimeOfDay",41
"1132",13,"time","org.joda.time.base.AbstractPartial","org.joda.time.YearMonth",7
"1133",13,"time","org.joda.time.base.BasePeriod","org.joda.time.base.AbstractPeriod",61
"1134",13,"time","org.joda.time.chrono.BasicChronology","org.joda.time.chrono.CopticChronology",83
"1135",13,"time","org.joda.time.chrono.BasicChronology","org.joda.time.chrono.EthiopicChronology",22
"1136",13,"time","org.joda.time.chrono.BasicChronology","org.joda.time.chrono.IslamicChronology",31
"1137",13,"time","org.joda.time.chrono.BasicWeekyearDateTimeField","org.joda.time.chrono.BasicChronology",142
"1138",13,"time","org.joda.time.chrono.CopticChronology","org.joda.time.DateTimeZone",170
"1139",13,"time","org.joda.time.chrono.GJChronology","org.joda.time.chrono.GJChronology$CutoverField",31
"1140",13,"time","org.joda.time.chrono.GJChronology","org.joda.time.chrono.JulianChronology",52
"1141",13,"time","org.joda.time.chrono.ISOChronology","org.joda.time.chrono.AssembledChronology",69
"1142",13,"time","org.joda.time.chrono.ISOChronology","org.joda.time.DateTimeZone",155
"1143",13,"time","org.joda.time.chrono.ZonedChronology","org.joda.time.chrono.AssembledChronology",268
"1144",13,"time","org.joda.time.chrono.ZonedChronology","org.joda.time.DateTimeZone",171
"1145",13,"time","org.joda.time.chrono.ZonedChronology$ZonedDateTimeField","org.joda.time.DateTimeZone",132
"1146",13,"time","org.joda.time.DateTimeUtils","org.joda.time.DateTimeZone",142
"1147",13,"time","org.joda.time.DateTimeZone","org.joda.time.field.FieldUtils",12
"1148",13,"time","org.joda.time.DateTimeZone","org.joda.time.tz.FixedDateTimeZone",21
"1149",13,"time","org.joda.time.Days","org.joda.time.base.BaseSingleFieldPeriod",25
"1150",13,"time","org.joda.time.format.DateTimeFormat","org.joda.time.format.DateTimeFormat$StyleFormatter",9
"1151",13,"time","org.joda.time.format.DateTimeFormat","org.joda.time.format.DateTimeFormatterBuilder",58
"1152",13,"time","org.joda.time.format.DateTimeFormatter","org.joda.time.DateTimeZone",105
"1153",13,"time","org.joda.time.format.DateTimeFormatter","org.joda.time.format.DateTimeParserBucket",90
"1154",13,"time","org.joda.time.format.DateTimeFormatterBuilder$PaddedNumber","org.joda.time.format.DateTimeFormatterBuilder",27
"1155",13,"time","org.joda.time.format.DateTimeFormatterBuilder$TextField","org.joda.time.format.DateTimeParserBucket",88
"1156",13,"time","org.joda.time.format.DateTimeFormatterBuilder$TextField","org.joda.time.MutableDateTime",13
"1157",13,"time","org.joda.time.format.DateTimeParserBucket$SavedState","org.joda.time.format.DateTimeParserBucket",36
"1158",13,"time","org.joda.time.format.ISODateTimeFormat","org.joda.time.format.DateTimeFormatterBuilder",222
"1159",13,"time","org.joda.time.LocalDate","org.joda.time.DateTime",8
"1160",13,"time","org.joda.time.LocalDate","org.joda.time.format.ISODateTimeFormat",42
"1161",13,"time","org.joda.time.LocalDateTime","org.joda.time.DateTimeZone",176
"1162",13,"time","org.joda.time.LocalDateTime","org.joda.time.format.DateTimeFormatter",31
"1163",13,"time","org.joda.time.LocalTime$Property","org.joda.time.LocalTime",131
"1164",13,"time","org.joda.time.Minutes","org.joda.time.base.BaseSingleFieldPeriod",40
"1165",13,"time","org.joda.time.MutableInterval","org.joda.time.base.BaseInterval",7
"1166",13,"time","org.joda.time.MutablePeriod","org.joda.time.base.BasePeriod",28
"1167",13,"time","org.joda.time.Period","org.joda.time.base.AbstractPeriod",1
"1168",13,"time","org.joda.time.Period","org.joda.time.base.BasePeriod",63
"1169",13,"time","org.joda.time.Period","org.joda.time.PeriodType",738
"1170",13,"time","org.joda.time.Seconds","org.joda.time.base.BaseSingleFieldPeriod",29
"1171",13,"time","org.joda.time.tz.ZoneInfoCompiler","org.joda.time.DateTimeZone",199
"1172",13,"time","org.joda.time.Weeks","org.joda.time.base.BaseSingleFieldPeriod",39
"1173",14,"closure","com.google.javascript.rhino.head.IdScriptableObject","com.google.javascript.rhino.head.ScriptableObject",268
"1174",14,"closure","com.google.javascript.rhino.head.Interpreter","com.google.javascript.rhino.head.ScriptableObject",226
"1175",14,"closure","com.google.javascript.rhino.head.IRFactory","com.google.javascript.rhino.head.Node",53
"1176",14,"closure","com.google.javascript.rhino.head.IRFactory","com.google.javascript.rhino.head.Parser",64
"1177",14,"closure","com.google.javascript.rhino.head.NativeArray","com.google.javascript.rhino.head.ScriptableObject",12
"1178",14,"closure","com.google.javascript.rhino.head.NativeArray","com.google.javascript.rhino.head.ScriptRuntime",47
"1179",14,"closure","com.google.javascript.rhino.head.ScriptRuntime","com.google.javascript.rhino.head.ScriptableObject",133
"1180",14,"closure","com.google.javascript.rhino.jstype.JSType","com.google.javascript.rhino.jstype.FunctionType",266
"1181",14,"lang","org.apache.commons.lang3.builder.ReflectionToStringBuilder","org.apache.commons.lang3.builder.ToStringBuilder",1
"1182",14,"lang","org.apache.commons.lang3.builder.ToStringBuilder","org.apache.commons.lang3.builder.ToStringStyle",18
"1183",14,"lang","org.apache.commons.lang3.builder.ToStringStyle","org.apache.commons.lang3.ClassUtils",36
"1184",14,"lang","org.apache.commons.lang3.concurrent.MultiBackgroundInitializer","org.apache.commons.lang3.concurrent.BackgroundInitializer",7
"1185",14,"lang","org.apache.commons.lang3.text.StrBuilder$StrBuilderReader","org.apache.commons.lang3.text.StrBuilder",119
"1186",14,"lang","org.apache.commons.lang3.text.StrSubstitutor","org.apache.commons.lang3.text.StrBuilder",259
"1187",14,"lang","org.apache.commons.lang3.text.StrTokenizer","org.apache.commons.lang3.text.StrMatcher",7
"1188",14,"lang","org.apache.commons.lang3.text.translate.UnicodeEscaper","org.apache.commons.lang3.text.translate.CharSequenceTranslator",2
"1189",14,"lang","org.apache.commons.lang3.time.DurationFormatUtils","org.apache.commons.lang3.time.DurationFormatUtils$Token",16
"1190",14,"math","org.apache.commons.math.analysis.LaguerreSolver","org.apache.commons.math.complex.Complex",353
"1191",14,"math","org.apache.commons.math.analysis.MullerSolver","org.apache.commons.math.analysis.UnivariateRealSolverImpl",95
"1192",14,"math","org.apache.commons.math.distribution.AbstractIntegerDistribution","org.apache.commons.math.distribution.HypergeometricDistributionImpl",46
"1193",14,"math","org.apache.commons.math.fraction.ProperFractionFormat","org.apache.commons.math.fraction.FractionFormat",2
"1194",14,"math","org.apache.commons.math.geometry.Rotation","org.apache.commons.math.geometry.Vector3D",104
"1195",14,"math","org.apache.commons.math.linear.MatrixUtils","org.apache.commons.math.linear.BigMatrixImpl",24
"1196",14,"math","org.apache.commons.math.ode.AbstractStepInterpolator","org.apache.commons.math.ode.DormandPrince853StepInterpolator",73
"1197",14,"math","org.apache.commons.math.ode.ContinuousOutputModel","org.apache.commons.math.ode.AbstractStepInterpolator",48
"1198",14,"math","org.apache.commons.math.ode.EmbeddedRungeKuttaIntegrator","org.apache.commons.math.ode.DormandPrince853Integrator",14
"1199",14,"math","org.apache.commons.math.ode.EmbeddedRungeKuttaIntegrator","org.apache.commons.math.ode.HighamHall54Integrator",10
"1200",14,"math","org.apache.commons.math.ode.GraggBulirschStoerIntegrator","org.apache.commons.math.ode.AdaptiveStepsizeIntegrator",66
"1201",14,"math","org.apache.commons.math.ode.GraggBulirschStoerIntegrator","org.apache.commons.math.ode.SwitchingFunctionsHandler",15
"1202",14,"math","org.apache.commons.math.ode.GraggBulirschStoerStepInterpolator","org.apache.commons.math.ode.AbstractStepInterpolator",42
"1203",14,"math","org.apache.commons.math.ode.SwitchingFunctionsHandler","org.apache.commons.math.ode.SwitchState",77
"1204",14,"math","org.apache.commons.math.ode.SwitchState","org.apache.commons.math.analysis.BrentSolver",13
"1205",14,"math","org.apache.commons.math.optimization.NelderMead","org.apache.commons.math.optimization.DirectSearchOptimizer",84
"1206",14,"math","org.apache.commons.math.stat.descriptive.AbstractStorelessUnivariateStatistic","org.apache.commons.math.stat.descriptive.moment.Variance",45
"1207",14,"math","org.apache.commons.math.stat.descriptive.DescriptiveStatistics","org.apache.commons.math.util.ResizableDoubleArray",83
"1208",14,"math","org.apache.commons.math.stat.inference.TTestImpl","org.apache.commons.math.stat.StatUtils",12
"1209",14,"math","org.apache.commons.math.transform.FastFourierTransformer","org.apache.commons.math.complex.Complex",249
"1210",14,"mockito","org.mockito.asm.AnnotationWriter","org.mockito.asm.ClassWriter",453
"1211",14,"mockito","org.mockito.asm.MethodWriter","org.mockito.asm.ByteVector",98
"1212",14,"mockito","org.mockito.asm.MethodWriter","org.mockito.asm.ClassWriter",36
"1213",14,"mockito","org.mockito.asm.tree.analysis.BasicVerifier","org.mockito.asm.tree.analysis.BasicInterpreter",35
"1214",14,"mockito","org.mockito.cglib.core.CodeEmitter","org.mockito.cglib.core.ClassEmitter",1
"1215",14,"mockito","org.mockito.cglib.core.CodeEmitter","org.mockito.cglib.core.TypeUtils",237
"1216",14,"mockito","org.mockito.cglib.core.EmitUtils","org.mockito.cglib.core.CodeEmitter",57
"1217",14,"mockito","org.mockito.cglib.proxy.Enhancer","org.mockito.cglib.core.ReflectUtils",88
"1218",14,"mockito","org.mockito.cglib.proxy.Mixin$Generator","org.mockito.cglib.core.ReflectUtils",83
"1219",14,"time","org.joda.time.base.AbstractPartial","org.joda.time.MonthDay",12
"1220",14,"time","org.joda.time.base.AbstractPartial","org.joda.time.TimeOfDay",1
"1221",14,"time","org.joda.time.base.AbstractPartial","org.joda.time.YearMonth",36
"1222",14,"time","org.joda.time.base.AbstractPartial","org.joda.time.YearMonthDay",9
"1223",14,"time","org.joda.time.base.BasePeriod","org.joda.time.base.AbstractPeriod",84
"1224",14,"time","org.joda.time.chrono.BasicChronology","org.joda.time.chrono.CopticChronology",10
"1225",14,"time","org.joda.time.chrono.BasicChronology","org.joda.time.chrono.EthiopicChronology",15
"1226",14,"time","org.joda.time.chrono.BasicChronology","org.joda.time.chrono.IslamicChronology",27
"1227",14,"time","org.joda.time.chrono.BasicWeekyearDateTimeField","org.joda.time.chrono.BasicChronology",390
"1228",14,"time","org.joda.time.chrono.CopticChronology","org.joda.time.DateTimeZone",178
"1229",14,"time","org.joda.time.chrono.GJChronology","org.joda.time.chrono.GJChronology$CutoverField",12
"1230",14,"time","org.joda.time.chrono.GJChronology","org.joda.time.chrono.JulianChronology",101
"1231",14,"time","org.joda.time.chrono.ISOChronology","org.joda.time.chrono.AssembledChronology",35
"1232",14,"time","org.joda.time.chrono.ISOChronology","org.joda.time.DateTimeZone",198
"1233",14,"time","org.joda.time.chrono.ZonedChronology","org.joda.time.chrono.AssembledChronology",34
"1234",14,"time","org.joda.time.chrono.ZonedChronology","org.joda.time.DateTimeZone",331
"1235",14,"time","org.joda.time.chrono.ZonedChronology$ZonedDateTimeField","org.joda.time.DateTimeZone",143
"1236",14,"time","org.joda.time.DateTimeUtils","org.joda.time.DateTimeZone",243
"1237",14,"time","org.joda.time.DateTimeZone","org.joda.time.field.FieldUtils",12
"1238",14,"time","org.joda.time.DateTimeZone","org.joda.time.tz.FixedDateTimeZone",18
"1239",14,"time","org.joda.time.Days","org.joda.time.base.BaseSingleFieldPeriod",25
"1240",14,"time","org.joda.time.format.DateTimeFormat","org.joda.time.format.DateTimeFormat$StyleFormatter",10
"1241",14,"time","org.joda.time.format.DateTimeFormat","org.joda.time.format.DateTimeFormatterBuilder",60
"1242",14,"time","org.joda.time.format.DateTimeFormatter","org.joda.time.DateTimeZone",102
"1243",14,"time","org.joda.time.format.DateTimeFormatter","org.joda.time.format.DateTimeParserBucket",113
"1244",14,"time","org.joda.time.format.DateTimeFormatterBuilder$PaddedNumber","org.joda.time.format.DateTimeFormatterBuilder",30
"1245",14,"time","org.joda.time.format.DateTimeFormatterBuilder$TextField","org.joda.time.format.DateTimeParserBucket",102
"1246",14,"time","org.joda.time.format.DateTimeFormatterBuilder$TextField","org.joda.time.MutableDateTime",8
"1247",14,"time","org.joda.time.format.DateTimeParserBucket$SavedState","org.joda.time.format.DateTimeParserBucket",15
"1248",14,"time","org.joda.time.format.ISODateTimeFormat","org.joda.time.format.DateTimeFormatterBuilder",221
"1249",14,"time","org.joda.time.Hours","org.joda.time.base.BaseSingleFieldPeriod",1
"1250",14,"time","org.joda.time.LocalDate","org.joda.time.DateTime",8
"1251",14,"time","org.joda.time.LocalDate","org.joda.time.format.ISODateTimeFormat",36
"1252",14,"time","org.joda.time.LocalDateTime","org.joda.time.DateTimeZone",135
"1253",14,"time","org.joda.time.LocalDateTime","org.joda.time.format.DateTimeFormatter",20
"1254",14,"time","org.joda.time.LocalTime$Property","org.joda.time.LocalTime",19
"1255",14,"time","org.joda.time.Minutes","org.joda.time.base.BaseSingleFieldPeriod",25
"1256",14,"time","org.joda.time.MutableInterval","org.joda.time.base.BaseInterval",2
"1257",14,"time","org.joda.time.MutablePeriod","org.joda.time.base.BasePeriod",28
"1258",14,"time","org.joda.time.Period","org.joda.time.base.AbstractPeriod",2
"1259",14,"time","org.joda.time.Period","org.joda.time.base.BasePeriod",76
"1260",14,"time","org.joda.time.Period","org.joda.time.PeriodType",778
"1261",14,"time","org.joda.time.Seconds","org.joda.time.base.BaseSingleFieldPeriod",36
"1262",14,"time","org.joda.time.tz.ZoneInfoCompiler","org.joda.time.DateTimeZone",168
"1263",14,"time","org.joda.time.Weeks","org.joda.time.base.BaseSingleFieldPeriod",36
"1264",15,"closure","com.google.javascript.rhino.head.IdScriptableObject","com.google.javascript.rhino.head.ScriptableObject",279
"1265",15,"closure","com.google.javascript.rhino.head.Interpreter","com.google.javascript.rhino.head.ScriptableObject",258
"1266",15,"closure","com.google.javascript.rhino.head.IRFactory","com.google.javascript.rhino.head.Decompiler",47
"1267",15,"closure","com.google.javascript.rhino.head.NativeArray","com.google.javascript.rhino.head.ScriptableObject",2
"1268",15,"closure","com.google.javascript.rhino.head.NativeObject","com.google.javascript.rhino.head.ScriptableObject",61
"1269",15,"closure","com.google.javascript.rhino.head.regexp.NativeRegExp","com.google.javascript.rhino.head.ScriptRuntime",13
"1270",15,"closure","com.google.javascript.rhino.head.ScriptableObject","com.google.javascript.rhino.head.FunctionObject",7
"1271",15,"closure","com.google.javascript.rhino.head.tools.debugger.Dim","com.google.javascript.rhino.head.ScriptRuntime",10
"1272",15,"closure","com.google.javascript.rhino.jstype.JSType","com.google.javascript.rhino.jstype.ProxyObjectType",2
"1273",15,"closure","com.google.javascript.rhino.jstype.JSType","com.google.javascript.rhino.jstype.UnionType",22
"1274",15,"lang","org.apache.commons.lang3.builder.ReflectionToStringBuilder","org.apache.commons.lang3.builder.ToStringBuilder",1
"1275",15,"lang","org.apache.commons.lang3.builder.ToStringBuilder","org.apache.commons.lang3.builder.ToStringStyle",28
"1276",15,"lang","org.apache.commons.lang3.builder.ToStringStyle","org.apache.commons.lang3.ClassUtils",36
"1277",15,"lang","org.apache.commons.lang3.concurrent.MultiBackgroundInitializer","org.apache.commons.lang3.concurrent.BackgroundInitializer",7
"1278",15,"lang","org.apache.commons.lang3.text.StrBuilder$StrBuilderReader","org.apache.commons.lang3.text.StrBuilder",107
"1279",15,"lang","org.apache.commons.lang3.text.StrSubstitutor","org.apache.commons.lang3.text.StrBuilder",265
"1280",15,"lang","org.apache.commons.lang3.text.StrTokenizer","org.apache.commons.lang3.text.StrMatcher",7
"1281",15,"lang","org.apache.commons.lang3.time.DurationFormatUtils","org.apache.commons.lang3.time.DurationFormatUtils$Token",20
"1282",15,"math","org.apache.commons.math.analysis.LaguerreSolver","org.apache.commons.math.complex.Complex",374
"1283",15,"math","org.apache.commons.math.analysis.MullerSolver","org.apache.commons.math.analysis.UnivariateRealSolverImpl",97
"1284",15,"math","org.apache.commons.math.distribution.AbstractIntegerDistribution","org.apache.commons.math.distribution.HypergeometricDistributionImpl",69
"1285",15,"math","org.apache.commons.math.geometry.Rotation","org.apache.commons.math.geometry.Vector3D",84
"1286",15,"math","org.apache.commons.math.linear.MatrixUtils","org.apache.commons.math.linear.BigMatrixImpl",24
"1287",15,"math","org.apache.commons.math.ode.AbstractStepInterpolator","org.apache.commons.math.ode.DormandPrince853StepInterpolator",74
"1288",15,"math","org.apache.commons.math.ode.ContinuousOutputModel","org.apache.commons.math.ode.AbstractStepInterpolator",43
"1289",15,"math","org.apache.commons.math.ode.EmbeddedRungeKuttaIntegrator","org.apache.commons.math.ode.DormandPrince853Integrator",20
"1290",15,"math","org.apache.commons.math.ode.EmbeddedRungeKuttaIntegrator","org.apache.commons.math.ode.HighamHall54Integrator",5
"1291",15,"math","org.apache.commons.math.ode.GraggBulirschStoerIntegrator","org.apache.commons.math.ode.AdaptiveStepsizeIntegrator",56
"1292",15,"math","org.apache.commons.math.ode.GraggBulirschStoerIntegrator","org.apache.commons.math.ode.SwitchingFunctionsHandler",45
"1293",15,"math","org.apache.commons.math.ode.GraggBulirschStoerStepInterpolator","org.apache.commons.math.ode.AbstractStepInterpolator",37
"1294",15,"math","org.apache.commons.math.ode.SwitchingFunctionsHandler","org.apache.commons.math.ode.SwitchState",82
"1295",15,"math","org.apache.commons.math.ode.SwitchState","org.apache.commons.math.analysis.BrentSolver",13
"1296",15,"math","org.apache.commons.math.optimization.NelderMead","org.apache.commons.math.optimization.DirectSearchOptimizer",80
"1297",15,"math","org.apache.commons.math.stat.descriptive.AbstractStorelessUnivariateStatistic","org.apache.commons.math.stat.descriptive.moment.Variance",36
"1298",15,"math","org.apache.commons.math.stat.descriptive.DescriptiveStatistics","org.apache.commons.math.util.ResizableDoubleArray",120
"1299",15,"math","org.apache.commons.math.stat.inference.TTestImpl","org.apache.commons.math.stat.StatUtils",13
"1300",15,"math","org.apache.commons.math.transform.FastFourierTransformer","org.apache.commons.math.complex.Complex",333
"1301",15,"mockito","org.mockito.asm.AnnotationWriter","org.mockito.asm.ClassWriter",375
"1302",15,"mockito","org.mockito.asm.MethodWriter","org.mockito.asm.ByteVector",90
"1303",15,"mockito","org.mockito.asm.MethodWriter","org.mockito.asm.ClassWriter",53
"1304",15,"mockito","org.mockito.asm.tree.analysis.BasicVerifier","org.mockito.asm.tree.analysis.BasicInterpreter",26
"1305",15,"mockito","org.mockito.asm.tree.analysis.BasicVerifier","org.mockito.asm.tree.analysis.SimpleVerifier",21
"1306",15,"mockito","org.mockito.cglib.core.ClassEmitter","org.mockito.cglib.transform.impl.InterceptFieldTransformer",9
"1307",15,"mockito","org.mockito.cglib.core.CodeEmitter","org.mockito.cglib.core.ClassEmitter",1
"1308",15,"mockito","org.mockito.cglib.core.CodeEmitter","org.mockito.cglib.core.TypeUtils",237
"1309",15,"mockito","org.mockito.cglib.core.EmitUtils","org.mockito.cglib.core.CodeEmitter",56
"1310",15,"mockito","org.mockito.cglib.proxy.Enhancer","org.mockito.cglib.core.ReflectUtils",88
"1311",15,"time","org.joda.time.base.AbstractPartial","org.joda.time.MonthDay",27
"1312",15,"time","org.joda.time.base.AbstractPartial","org.joda.time.TimeOfDay",42
"1313",15,"time","org.joda.time.base.AbstractPartial","org.joda.time.YearMonth",39
"1314",15,"time","org.joda.time.base.BasePeriod","org.joda.time.base.AbstractPeriod",52
"1315",15,"time","org.joda.time.chrono.BasicChronology","org.joda.time.chrono.CopticChronology",11
"1316",15,"time","org.joda.time.chrono.BasicChronology","org.joda.time.chrono.EthiopicChronology",8
"1317",15,"time","org.joda.time.chrono.BasicChronology","org.joda.time.chrono.IslamicChronology",91
"1318",15,"time","org.joda.time.chrono.BasicWeekyearDateTimeField","org.joda.time.chrono.BasicChronology",204
"1319",15,"time","org.joda.time.chrono.CopticChronology","org.joda.time.DateTimeZone",210
"1320",15,"time","org.joda.time.chrono.GJChronology","org.joda.time.chrono.JulianChronology",27
"1321",15,"time","org.joda.time.chrono.ISOChronology","org.joda.time.chrono.AssembledChronology",31
"1322",15,"time","org.joda.time.chrono.ISOChronology","org.joda.time.DateTimeZone",205
"1323",15,"time","org.joda.time.chrono.ZonedChronology","org.joda.time.chrono.AssembledChronology",67
"1324",15,"time","org.joda.time.chrono.ZonedChronology","org.joda.time.DateTimeZone",173
"1325",15,"time","org.joda.time.chrono.ZonedChronology$ZonedDateTimeField","org.joda.time.DateTimeZone",123
"1326",15,"time","org.joda.time.DateTimeUtils","org.joda.time.DateTimeZone",242
"1327",15,"time","org.joda.time.DateTimeZone","org.joda.time.field.FieldUtils",12
"1328",15,"time","org.joda.time.DateTimeZone","org.joda.time.format.DateTimeFormat",209
"1329",15,"time","org.joda.time.DateTimeZone","org.joda.time.tz.FixedDateTimeZone",18
"1330",15,"time","org.joda.time.Days","org.joda.time.base.BaseSingleFieldPeriod",30
"1331",15,"time","org.joda.time.format.DateTimeFormat","org.joda.time.format.DateTimeFormat$StyleFormatter",9
"1332",15,"time","org.joda.time.format.DateTimeFormat","org.joda.time.format.DateTimeFormatterBuilder",81
"1333",15,"time","org.joda.time.format.DateTimeFormatter","org.joda.time.DateTimeZone",88
"1334",15,"time","org.joda.time.format.DateTimeFormatter","org.joda.time.format.DateTimeParserBucket",94
"1335",15,"time","org.joda.time.format.DateTimeFormatterBuilder$PaddedNumber","org.joda.time.format.DateTimeFormatterBuilder",25
"1336",15,"time","org.joda.time.format.DateTimeFormatterBuilder$TextField","org.joda.time.format.DateTimeParserBucket",88
"1337",15,"time","org.joda.time.format.DateTimeFormatterBuilder$TextField","org.joda.time.MutableDateTime",9
"1338",15,"time","org.joda.time.format.DateTimeParserBucket$SavedState","org.joda.time.format.DateTimeParserBucket",16
"1339",15,"time","org.joda.time.format.ISODateTimeFormat","org.joda.time.format.DateTimeFormatterBuilder",222
"1340",15,"time","org.joda.time.Hours","org.joda.time.base.BaseSingleFieldPeriod",1
"1341",15,"time","org.joda.time.LocalDate","org.joda.time.format.ISODateTimeFormat",39
"1342",15,"time","org.joda.time.LocalDateTime","org.joda.time.DateTimeZone",302
"1343",15,"time","org.joda.time.LocalDateTime","org.joda.time.format.DateTimeFormatter",13
"1344",15,"time","org.joda.time.LocalTime$Property","org.joda.time.LocalTime",18
"1345",15,"time","org.joda.time.Minutes","org.joda.time.base.BaseSingleFieldPeriod",35
"1346",15,"time","org.joda.time.MutableInterval","org.joda.time.base.BaseInterval",5
"1347",15,"time","org.joda.time.MutablePeriod","org.joda.time.base.BasePeriod",23
"1348",15,"time","org.joda.time.Period","org.joda.time.base.AbstractPeriod",4
"1349",15,"time","org.joda.time.Period","org.joda.time.base.BasePeriod",72
"1350",15,"time","org.joda.time.Period","org.joda.time.PeriodType",751
"1351",15,"time","org.joda.time.Seconds","org.joda.time.base.BaseSingleFieldPeriod",35
"1352",15,"time","org.joda.time.tz.ZoneInfoCompiler","org.joda.time.DateTimeZone",227
"1353",15,"time","org.joda.time.Weeks","org.joda.time.base.BaseSingleFieldPeriod",35
"1354",16,"closure","com.google.javascript.rhino.head.IRFactory","com.google.javascript.rhino.head.Node",48
"1355",16,"closure","com.google.javascript.rhino.head.IRFactory","com.google.javascript.rhino.head.Parser",20
"1356",16,"closure","com.google.javascript.rhino.head.NativeArray","com.google.javascript.rhino.head.ScriptableObject",3
"1357",16,"closure","com.google.javascript.rhino.head.NativeObject","com.google.javascript.rhino.head.ScriptableObject",114
"1358",16,"closure","com.google.javascript.rhino.head.ScriptableObject","com.google.javascript.rhino.head.FunctionObject",24
"1359",16,"closure","com.google.javascript.rhino.head.tools.debugger.Dim","com.google.javascript.rhino.head.ScriptRuntime",34
"1360",16,"closure","com.google.javascript.rhino.jstype.JSType","com.google.javascript.rhino.jstype.FunctionType",290
"1361",16,"closure","com.google.javascript.rhino.jstype.JSType","com.google.javascript.rhino.jstype.UnionType",55
"1362",16,"lang","org.apache.commons.lang3.builder.ToStringBuilder","org.apache.commons.lang3.builder.ToStringStyle",110
"1363",16,"lang","org.apache.commons.lang3.builder.ToStringStyle","org.apache.commons.lang3.ClassUtils",36
"1364",16,"lang","org.apache.commons.lang3.concurrent.MultiBackgroundInitializer","org.apache.commons.lang3.concurrent.BackgroundInitializer",10
"1365",16,"lang","org.apache.commons.lang3.text.StrBuilder$StrBuilderReader","org.apache.commons.lang3.text.StrBuilder",122
"1366",16,"lang","org.apache.commons.lang3.text.StrSubstitutor","org.apache.commons.lang3.text.StrBuilder",174
"1367",16,"lang","org.apache.commons.lang3.text.StrTokenizer","org.apache.commons.lang3.text.StrMatcher",7
"1368",16,"lang","org.apache.commons.lang3.text.translate.UnicodeEscaper","org.apache.commons.lang3.text.translate.CharSequenceTranslator",1
"1369",16,"lang","org.apache.commons.lang3.time.DurationFormatUtils","org.apache.commons.lang3.time.DurationFormatUtils$Token",5
"1370",16,"math","org.apache.commons.math.analysis.LaguerreSolver","org.apache.commons.math.complex.Complex",320
"1371",16,"math","org.apache.commons.math.analysis.MullerSolver","org.apache.commons.math.analysis.UnivariateRealSolverImpl",97
"1372",16,"math","org.apache.commons.math.distribution.AbstractIntegerDistribution","org.apache.commons.math.distribution.HypergeometricDistributionImpl",69
"1373",16,"math","org.apache.commons.math.geometry.Rotation","org.apache.commons.math.geometry.Vector3D",89
"1374",16,"math","org.apache.commons.math.linear.MatrixUtils","org.apache.commons.math.linear.BigMatrixImpl",24
"1375",16,"math","org.apache.commons.math.ode.AbstractStepInterpolator","org.apache.commons.math.ode.DormandPrince853StepInterpolator",76
"1376",16,"math","org.apache.commons.math.ode.ContinuousOutputModel","org.apache.commons.math.ode.AbstractStepInterpolator",46
"1377",16,"math","org.apache.commons.math.ode.EmbeddedRungeKuttaIntegrator","org.apache.commons.math.ode.DormandPrince853Integrator",10
"1378",16,"math","org.apache.commons.math.ode.GraggBulirschStoerIntegrator","org.apache.commons.math.ode.AdaptiveStepsizeIntegrator",63
"1379",16,"math","org.apache.commons.math.ode.GraggBulirschStoerIntegrator","org.apache.commons.math.ode.SwitchingFunctionsHandler",47
"1380",16,"math","org.apache.commons.math.ode.GraggBulirschStoerStepInterpolator","org.apache.commons.math.ode.AbstractStepInterpolator",38
"1381",16,"math","org.apache.commons.math.ode.SwitchingFunctionsHandler","org.apache.commons.math.ode.SwitchState",52
"1382",16,"math","org.apache.commons.math.ode.SwitchState","org.apache.commons.math.analysis.BrentSolver",64
"1383",16,"math","org.apache.commons.math.optimization.NelderMead","org.apache.commons.math.optimization.DirectSearchOptimizer",62
"1384",16,"math","org.apache.commons.math.stat.descriptive.AbstractStorelessUnivariateStatistic","org.apache.commons.math.stat.descriptive.moment.Variance",54
"1385",16,"math","org.apache.commons.math.stat.descriptive.DescriptiveStatistics","org.apache.commons.math.util.ResizableDoubleArray",91
"1386",16,"math","org.apache.commons.math.transform.FastFourierTransformer","org.apache.commons.math.complex.Complex",276
"1387",16,"mockito","org.mockito.asm.AnnotationWriter","org.mockito.asm.ClassWriter",406
"1388",16,"mockito","org.mockito.asm.MethodWriter","org.mockito.asm.ByteVector",62
"1389",16,"mockito","org.mockito.asm.MethodWriter","org.mockito.asm.ClassWriter",36
"1390",16,"mockito","org.mockito.asm.tree.analysis.BasicVerifier","org.mockito.asm.tree.analysis.BasicInterpreter",5
"1391",16,"mockito","org.mockito.asm.tree.analysis.BasicVerifier","org.mockito.asm.tree.analysis.SimpleVerifier",23
"1392",16,"mockito","org.mockito.cglib.core.CodeEmitter","org.mockito.cglib.core.ClassEmitter",1
"1393",16,"mockito","org.mockito.cglib.core.CodeEmitter","org.mockito.cglib.core.TypeUtils",209
"1394",16,"mockito","org.mockito.cglib.core.EmitUtils","org.mockito.cglib.core.CodeEmitter",165
"1395",16,"mockito","org.mockito.cglib.proxy.Enhancer","org.mockito.cglib.core.CodeEmitter",240
"1396",16,"mockito","org.mockito.cglib.proxy.Enhancer","org.mockito.cglib.core.ReflectUtils",88
"1397",16,"time","org.joda.time.base.AbstractPartial","org.joda.time.MonthDay",5
"1398",16,"time","org.joda.time.base.AbstractPartial","org.joda.time.TimeOfDay",32
"1399",16,"time","org.joda.time.base.AbstractPartial","org.joda.time.YearMonth",9
"1400",16,"time","org.joda.time.base.BasePeriod","org.joda.time.base.AbstractPeriod",59
"1401",16,"time","org.joda.time.chrono.BasicChronology","org.joda.time.chrono.CopticChronology",15
"1402",16,"time","org.joda.time.chrono.BasicChronology","org.joda.time.chrono.EthiopicChronology",18
"1403",16,"time","org.joda.time.chrono.BasicChronology","org.joda.time.chrono.IslamicChronology",22
"1404",16,"time","org.joda.time.chrono.BasicWeekyearDateTimeField","org.joda.time.chrono.BasicChronology",388
"1405",16,"time","org.joda.time.chrono.CopticChronology","org.joda.time.DateTimeZone",307
"1406",16,"time","org.joda.time.chrono.GJChronology","org.joda.time.chrono.GJChronology$CutoverField",39
"1407",16,"time","org.joda.time.chrono.GJChronology","org.joda.time.chrono.JulianChronology",38
"1408",16,"time","org.joda.time.chrono.ISOChronology","org.joda.time.chrono.AssembledChronology",83
"1409",16,"time","org.joda.time.chrono.ISOChronology","org.joda.time.DateTimeZone",188
"1410",16,"time","org.joda.time.chrono.ZonedChronology","org.joda.time.chrono.AssembledChronology",62
"1411",16,"time","org.joda.time.chrono.ZonedChronology","org.joda.time.DateTimeZone",213
"1412",16,"time","org.joda.time.chrono.ZonedChronology$ZonedDateTimeField","org.joda.time.DateTimeZone",180
"1413",16,"time","org.joda.time.DateTimeUtils","org.joda.time.DateTimeZone",151
"1414",16,"time","org.joda.time.DateTimeZone","org.joda.time.field.FieldUtils",12
"1415",16,"time","org.joda.time.DateTimeZone","org.joda.time.format.DateTimeFormat",11
"1416",16,"time","org.joda.time.DateTimeZone","org.joda.time.format.FormatUtils",65
"1417",16,"time","org.joda.time.DateTimeZone","org.joda.time.tz.FixedDateTimeZone",18
"1418",16,"time","org.joda.time.format.DateTimeFormat","org.joda.time.format.DateTimeFormat$StyleFormatter",8
"1419",16,"time","org.joda.time.format.DateTimeFormat","org.joda.time.format.DateTimeFormatterBuilder",73
"1420",16,"time","org.joda.time.format.DateTimeFormatter","org.joda.time.DateTimeZone",114
"1421",16,"time","org.joda.time.format.DateTimeFormatter","org.joda.time.format.DateTimeParserBucket",56
"1422",16,"time","org.joda.time.format.DateTimeFormatterBuilder$PaddedNumber","org.joda.time.format.DateTimeFormatterBuilder",34
"1423",16,"time","org.joda.time.format.DateTimeFormatterBuilder$TextField","org.joda.time.format.DateTimeParserBucket",89
"1424",16,"time","org.joda.time.format.DateTimeFormatterBuilder$TextField","org.joda.time.MutableDateTime",9
"1425",16,"time","org.joda.time.format.DateTimeParserBucket$SavedState","org.joda.time.format.DateTimeParserBucket",15
"1426",16,"time","org.joda.time.format.ISODateTimeFormat","org.joda.time.format.DateTimeFormatterBuilder",221
"1427",16,"time","org.joda.time.LocalDate","org.joda.time.DateTime",2
"1428",16,"time","org.joda.time.LocalDate","org.joda.time.format.ISODateTimeFormat",36
"1429",16,"time","org.joda.time.LocalDateTime","org.joda.time.DateTimeZone",133
"1430",16,"time","org.joda.time.LocalDateTime","org.joda.time.format.DateTimeFormatter",12
"1431",16,"time","org.joda.time.LocalTime$Property","org.joda.time.LocalTime",34
"1432",16,"time","org.joda.time.Minutes","org.joda.time.base.BaseSingleFieldPeriod",36
"1433",16,"time","org.joda.time.MutableInterval","org.joda.time.base.BaseInterval",10
"1434",16,"time","org.joda.time.MutablePeriod","org.joda.time.base.BasePeriod",21
"1435",16,"time","org.joda.time.Period","org.joda.time.base.AbstractPeriod",3
"1436",16,"time","org.joda.time.Period","org.joda.time.base.BasePeriod",71
"1437",16,"time","org.joda.time.Period","org.joda.time.PeriodType",494
"1438",16,"time","org.joda.time.Seconds","org.joda.time.base.BaseSingleFieldPeriod",31
"1439",16,"time","org.joda.time.tz.ZoneInfoCompiler","org.joda.time.DateTimeZone",236
"1440",16,"time","org.joda.time.Weeks","org.joda.time.base.BaseSingleFieldPeriod",36
"1441",17,"closure","com.google.javascript.jscomp.NodeUtil","com.google.javascript.rhino.Node",391
"1442",17,"closure","com.google.javascript.rhino.head.IdScriptableObject","com.google.javascript.rhino.head.ScriptableObject",41
"1443",17,"closure","com.google.javascript.rhino.head.Interpreter","com.google.javascript.rhino.head.ScriptableObject",43
"1444",17,"closure","com.google.javascript.rhino.head.IRFactory","com.google.javascript.rhino.head.Parser",116
"1445",17,"closure","com.google.javascript.rhino.head.NativeArray","com.google.javascript.rhino.head.IdScriptableObject",16
"1446",17,"closure","com.google.javascript.rhino.head.NativeArray","com.google.javascript.rhino.head.ScriptableObject",8
"1447",17,"closure","com.google.javascript.rhino.head.NativeObject","com.google.javascript.rhino.head.ScriptableObject",168
"1448",17,"closure","com.google.javascript.rhino.head.ScriptableObject","com.google.javascript.rhino.head.FunctionObject",12
"1449",17,"closure","com.google.javascript.rhino.jstype.JSType","com.google.javascript.rhino.jstype.UnionType",25
"1450",17,"closure","com.google.javascript.rhino.jstype.PrototypeObjectType","com.google.javascript.rhino.jstype.JSType",81
"1451",17,"lang","org.apache.commons.lang3.builder.ReflectionToStringBuilder","org.apache.commons.lang3.builder.ToStringBuilder",1
"1452",17,"lang","org.apache.commons.lang3.builder.ToStringBuilder","org.apache.commons.lang3.builder.ToStringStyle",13
"1453",17,"lang","org.apache.commons.lang3.builder.ToStringStyle","org.apache.commons.lang3.ClassUtils",36
"1454",17,"lang","org.apache.commons.lang3.concurrent.MultiBackgroundInitializer","org.apache.commons.lang3.concurrent.BackgroundInitializer",7
"1455",17,"lang","org.apache.commons.lang3.text.StrBuilder$StrBuilderReader","org.apache.commons.lang3.text.StrBuilder",88
"1456",17,"lang","org.apache.commons.lang3.text.StrSubstitutor","org.apache.commons.lang3.text.StrBuilder",191
"1457",17,"lang","org.apache.commons.lang3.text.StrTokenizer","org.apache.commons.lang3.text.StrMatcher",7
"1458",17,"lang","org.apache.commons.lang3.text.translate.UnicodeEscaper","org.apache.commons.lang3.text.translate.CharSequenceTranslator",1
"1459",17,"lang","org.apache.commons.lang3.time.DurationFormatUtils","org.apache.commons.lang3.time.DurationFormatUtils$Token",5
"1460",17,"math","org.apache.commons.math.analysis.LaguerreSolver","org.apache.commons.math.complex.Complex",340
"1461",17,"math","org.apache.commons.math.analysis.MullerSolver","org.apache.commons.math.analysis.UnivariateRealSolverImpl",97
"1462",17,"math","org.apache.commons.math.distribution.AbstractIntegerDistribution","org.apache.commons.math.distribution.HypergeometricDistributionImpl",65
"1463",17,"math","org.apache.commons.math.geometry.Rotation","org.apache.commons.math.geometry.Vector3D",100
"1464",17,"math","org.apache.commons.math.linear.MatrixUtils","org.apache.commons.math.linear.BigMatrixImpl",24
"1465",17,"math","org.apache.commons.math.ode.AbstractStepInterpolator","org.apache.commons.math.ode.DormandPrince853StepInterpolator",68
"1466",17,"math","org.apache.commons.math.ode.ContinuousOutputModel","org.apache.commons.math.ode.AbstractStepInterpolator",44
"1467",17,"math","org.apache.commons.math.ode.EmbeddedRungeKuttaIntegrator","org.apache.commons.math.ode.DormandPrince853Integrator",12
"1468",17,"math","org.apache.commons.math.ode.GraggBulirschStoerIntegrator","org.apache.commons.math.ode.AdaptiveStepsizeIntegrator",56
"1469",17,"math","org.apache.commons.math.ode.GraggBulirschStoerIntegrator","org.apache.commons.math.ode.SwitchingFunctionsHandler",37
"1470",17,"math","org.apache.commons.math.ode.GraggBulirschStoerStepInterpolator","org.apache.commons.math.ode.AbstractStepInterpolator",29
"1471",17,"math","org.apache.commons.math.ode.SwitchingFunctionsHandler","org.apache.commons.math.ode.SwitchState",79
"1472",17,"math","org.apache.commons.math.ode.SwitchState","org.apache.commons.math.analysis.BrentSolver",16
"1473",17,"math","org.apache.commons.math.optimization.NelderMead","org.apache.commons.math.optimization.DirectSearchOptimizer",51
"1474",17,"math","org.apache.commons.math.stat.descriptive.AbstractStorelessUnivariateStatistic","org.apache.commons.math.stat.descriptive.moment.Variance",60
"1475",17,"math","org.apache.commons.math.stat.descriptive.DescriptiveStatistics","org.apache.commons.math.util.ResizableDoubleArray",116
"1476",17,"math","org.apache.commons.math.transform.FastFourierTransformer","org.apache.commons.math.complex.Complex",310
"1477",17,"mockito","org.mockito.asm.AnnotationWriter","org.mockito.asm.ClassWriter",468
"1478",17,"mockito","org.mockito.asm.MethodWriter","org.mockito.asm.ByteVector",56
"1479",17,"mockito","org.mockito.asm.MethodWriter","org.mockito.asm.ClassWriter",54
"1480",17,"mockito","org.mockito.asm.tree.analysis.BasicVerifier","org.mockito.asm.tree.analysis.BasicInterpreter",33
"1481",17,"mockito","org.mockito.asm.tree.analysis.BasicVerifier","org.mockito.asm.tree.analysis.SimpleVerifier",10
"1482",17,"mockito","org.mockito.cglib.core.CodeEmitter","org.mockito.cglib.core.TypeUtils",216
"1483",17,"mockito","org.mockito.cglib.core.EmitUtils","org.mockito.cglib.core.CodeEmitter",99
"1484",17,"mockito","org.mockito.cglib.proxy.Enhancer","org.mockito.cglib.core.CodeEmitter",8
"1485",17,"mockito","org.mockito.cglib.proxy.Enhancer","org.mockito.cglib.core.ReflectUtils",89
"1486",17,"time","org.joda.time.base.AbstractPartial","org.joda.time.MonthDay",34
"1487",17,"time","org.joda.time.base.AbstractPartial","org.joda.time.TimeOfDay",6
"1488",17,"time","org.joda.time.base.AbstractPartial","org.joda.time.YearMonth",12
"1489",17,"time","org.joda.time.base.AbstractPartial","org.joda.time.YearMonthDay",14
"1490",17,"time","org.joda.time.base.BasePeriod","org.joda.time.base.AbstractPeriod",79
"1491",17,"time","org.joda.time.chrono.BasicChronology","org.joda.time.chrono.CopticChronology",13
"1492",17,"time","org.joda.time.chrono.BasicChronology","org.joda.time.chrono.EthiopicChronology",8
"1493",17,"time","org.joda.time.chrono.BasicChronology","org.joda.time.chrono.IslamicChronology",27
"1494",17,"time","org.joda.time.chrono.BasicWeekyearDateTimeField","org.joda.time.chrono.BasicChronology",141
"1495",17,"time","org.joda.time.chrono.CopticChronology","org.joda.time.DateTimeZone",185
"1496",17,"time","org.joda.time.chrono.GJChronology","org.joda.time.chrono.GJChronology$CutoverField",13
"1497",17,"time","org.joda.time.chrono.GJChronology","org.joda.time.chrono.JulianChronology",34
"1498",17,"time","org.joda.time.chrono.ISOChronology","org.joda.time.chrono.AssembledChronology",46
"1499",17,"time","org.joda.time.chrono.ISOChronology","org.joda.time.DateTimeZone",229
"1500",17,"time","org.joda.time.chrono.ZonedChronology","org.joda.time.chrono.AssembledChronology",66
"1501",17,"time","org.joda.time.chrono.ZonedChronology$ZonedDateTimeField","org.joda.time.DateTimeZone",112
"1502",17,"time","org.joda.time.DateTimeUtils","org.joda.time.DateTimeZone",228
"1503",17,"time","org.joda.time.DateTimeZone","org.joda.time.field.FieldUtils",12
"1504",17,"time","org.joda.time.DateTimeZone","org.joda.time.format.DateTimeFormat",203
"1505",17,"time","org.joda.time.DateTimeZone","org.joda.time.format.FormatUtils",61
"1506",17,"time","org.joda.time.DateTimeZone","org.joda.time.tz.FixedDateTimeZone",21
"1507",17,"time","org.joda.time.Days","org.joda.time.base.BaseSingleFieldPeriod",28
"1508",17,"time","org.joda.time.format.DateTimeFormat","org.joda.time.format.DateTimeFormatterBuilder",78
"1509",17,"time","org.joda.time.format.DateTimeFormatter","org.joda.time.DateTimeZone",99
"1510",17,"time","org.joda.time.format.DateTimeFormatter","org.joda.time.format.DateTimeParserBucket",47
"1511",17,"time","org.joda.time.format.DateTimeFormatterBuilder$PaddedNumber","org.joda.time.format.DateTimeFormatterBuilder",33
"1512",17,"time","org.joda.time.format.DateTimeFormatterBuilder$TextField","org.joda.time.format.DateTimeParserBucket",66
"1513",17,"time","org.joda.time.format.DateTimeFormatterBuilder$TextField","org.joda.time.MutableDateTime",11
"1514",17,"time","org.joda.time.format.DateTimeParserBucket$SavedState","org.joda.time.format.DateTimeParserBucket",15
"1515",17,"time","org.joda.time.format.ISODateTimeFormat","org.joda.time.format.DateTimeFormatterBuilder",222
"1516",17,"time","org.joda.time.Hours","org.joda.time.base.BaseSingleFieldPeriod",1
"1517",17,"time","org.joda.time.LocalDate","org.joda.time.format.ISODateTimeFormat",36
"1518",17,"time","org.joda.time.LocalDateTime","org.joda.time.DateTimeZone",274
"1519",17,"time","org.joda.time.LocalDateTime","org.joda.time.format.DateTimeFormatter",18
"1520",17,"time","org.joda.time.LocalTime$Property","org.joda.time.LocalTime",8
"1521",17,"time","org.joda.time.Minutes","org.joda.time.base.BaseSingleFieldPeriod",8
"1522",17,"time","org.joda.time.MutableInterval","org.joda.time.base.BaseInterval",7
"1523",17,"time","org.joda.time.MutablePeriod","org.joda.time.base.BasePeriod",27
"1524",17,"time","org.joda.time.Period","org.joda.time.base.AbstractPeriod",4
"1525",17,"time","org.joda.time.Period","org.joda.time.base.BasePeriod",74
"1526",17,"time","org.joda.time.Period","org.joda.time.PeriodType",718
"1527",17,"time","org.joda.time.Seconds","org.joda.time.base.BaseSingleFieldPeriod",29
"1528",17,"time","org.joda.time.tz.ZoneInfoCompiler","org.joda.time.DateTimeZone",235
"1529",17,"time","org.joda.time.Weeks","org.joda.time.base.BaseSingleFieldPeriod",34
"1530",18,"closure","com.google.javascript.rhino.head.IdScriptableObject","com.google.javascript.rhino.head.ScriptableObject",482
"1531",18,"closure","com.google.javascript.rhino.head.IRFactory","com.google.javascript.rhino.head.Parser",106
"1532",18,"closure","com.google.javascript.rhino.head.NativeArray","com.google.javascript.rhino.head.ScriptableObject",2
"1533",18,"closure","com.google.javascript.rhino.head.NativeArray","com.google.javascript.rhino.head.ScriptRuntime",83
"1534",18,"closure","com.google.javascript.rhino.head.regexp.NativeRegExp","com.google.javascript.rhino.head.ScriptRuntime",91
"1535",18,"closure","com.google.javascript.rhino.head.ScriptRuntime","com.google.javascript.rhino.head.ScriptableObject",101
"1536",18,"closure","com.google.javascript.rhino.head.tools.debugger.Dim","com.google.javascript.rhino.head.ScriptRuntime",74
"1537",18,"closure","com.google.javascript.rhino.JSDocInfoBuilder","com.google.javascript.rhino.JSDocInfo",73
"1538",18,"closure","com.google.javascript.rhino.jstype.JSType","com.google.javascript.rhino.jstype.FunctionType",264
"1539",18,"closure","com.google.javascript.rhino.jstype.JSType","com.google.javascript.rhino.jstype.UnionType",26
"1540",18,"lang","org.apache.commons.lang3.builder.ReflectionToStringBuilder","org.apache.commons.lang3.builder.ToStringBuilder",1
"1541",18,"lang","org.apache.commons.lang3.builder.ToStringBuilder","org.apache.commons.lang3.builder.ToStringStyle",21
"1542",18,"lang","org.apache.commons.lang3.builder.ToStringStyle","org.apache.commons.lang3.ClassUtils",36
"1543",18,"lang","org.apache.commons.lang3.concurrent.MultiBackgroundInitializer","org.apache.commons.lang3.concurrent.BackgroundInitializer",10
"1544",18,"lang","org.apache.commons.lang3.text.StrBuilder$StrBuilderReader","org.apache.commons.lang3.text.StrBuilder",81
"1545",18,"lang","org.apache.commons.lang3.text.StrSubstitutor","org.apache.commons.lang3.text.StrBuilder",177
"1546",18,"lang","org.apache.commons.lang3.text.StrTokenizer","org.apache.commons.lang3.text.StrMatcher",4
"1547",18,"lang","org.apache.commons.lang3.text.translate.UnicodeEscaper","org.apache.commons.lang3.text.translate.CharSequenceTranslator",1
"1548",18,"lang","org.apache.commons.lang3.time.DurationFormatUtils","org.apache.commons.lang3.time.DurationFormatUtils$Token",17
"1549",18,"math","org.apache.commons.math.analysis.LaguerreSolver","org.apache.commons.math.complex.Complex",341
"1550",18,"math","org.apache.commons.math.analysis.MullerSolver","org.apache.commons.math.analysis.UnivariateRealSolverImpl",97
"1551",18,"math","org.apache.commons.math.distribution.AbstractIntegerDistribution","org.apache.commons.math.distribution.HypergeometricDistributionImpl",59
"1552",18,"math","org.apache.commons.math.fraction.ProperFractionFormat","org.apache.commons.math.fraction.FractionFormat",2
"1553",18,"math","org.apache.commons.math.geometry.Rotation","org.apache.commons.math.geometry.Vector3D",97
"1554",18,"math","org.apache.commons.math.linear.MatrixUtils","org.apache.commons.math.linear.BigMatrixImpl",24
"1555",18,"math","org.apache.commons.math.ode.AbstractStepInterpolator","org.apache.commons.math.ode.DormandPrince853StepInterpolator",71
"1556",18,"math","org.apache.commons.math.ode.ContinuousOutputModel","org.apache.commons.math.ode.AbstractStepInterpolator",47
"1557",18,"math","org.apache.commons.math.ode.EmbeddedRungeKuttaIntegrator","org.apache.commons.math.ode.DormandPrince853Integrator",9
"1558",18,"math","org.apache.commons.math.ode.EmbeddedRungeKuttaIntegrator","org.apache.commons.math.ode.HighamHall54Integrator",9
"1559",18,"math","org.apache.commons.math.ode.GraggBulirschStoerIntegrator","org.apache.commons.math.ode.AdaptiveStepsizeIntegrator",50
"1560",18,"math","org.apache.commons.math.ode.GraggBulirschStoerIntegrator","org.apache.commons.math.ode.SwitchingFunctionsHandler",15
"1561",18,"math","org.apache.commons.math.ode.GraggBulirschStoerStepInterpolator","org.apache.commons.math.ode.AbstractStepInterpolator",31
"1562",18,"math","org.apache.commons.math.ode.SwitchingFunctionsHandler","org.apache.commons.math.ode.SwitchState",52
"1563",18,"math","org.apache.commons.math.optimization.NelderMead","org.apache.commons.math.optimization.DirectSearchOptimizer",63
"1564",18,"math","org.apache.commons.math.stat.descriptive.AbstractStorelessUnivariateStatistic","org.apache.commons.math.stat.descriptive.moment.Variance",31
"1565",18,"math","org.apache.commons.math.stat.descriptive.DescriptiveStatistics","org.apache.commons.math.util.ResizableDoubleArray",102
"1566",18,"math","org.apache.commons.math.stat.inference.TTestImpl","org.apache.commons.math.stat.StatUtils",13
"1567",18,"math","org.apache.commons.math.transform.FastFourierTransformer","org.apache.commons.math.complex.Complex",281
"1568",18,"mockito","org.mockito.asm.AnnotationWriter","org.mockito.asm.ClassWriter",403
"1569",18,"mockito","org.mockito.asm.MethodWriter","org.mockito.asm.ByteVector",92
"1570",18,"mockito","org.mockito.asm.MethodWriter","org.mockito.asm.ClassWriter",77
"1571",18,"mockito","org.mockito.asm.tree.analysis.BasicVerifier","org.mockito.asm.tree.analysis.BasicInterpreter",29
"1572",18,"mockito","org.mockito.asm.tree.analysis.BasicVerifier","org.mockito.asm.tree.analysis.SimpleVerifier",14
"1573",18,"mockito","org.mockito.cglib.core.CodeEmitter","org.mockito.cglib.core.TypeUtils",222
"1574",18,"mockito","org.mockito.cglib.core.EmitUtils","org.mockito.cglib.core.CodeEmitter",102
"1575",18,"mockito","org.mockito.cglib.proxy.Enhancer","org.mockito.cglib.core.ReflectUtils",64
"1576",18,"mockito","org.mockito.cglib.proxy.Mixin$Generator","org.mockito.cglib.core.ReflectUtils",95
"1577",18,"time","org.joda.time.base.AbstractPartial","org.joda.time.MonthDay",5
"1578",18,"time","org.joda.time.base.AbstractPartial","org.joda.time.TimeOfDay",1
"1579",18,"time","org.joda.time.base.AbstractPartial","org.joda.time.YearMonth",22
"1580",18,"time","org.joda.time.base.AbstractPartial","org.joda.time.YearMonthDay",4
"1581",18,"time","org.joda.time.base.BasePeriod","org.joda.time.base.AbstractPeriod",82
"1582",18,"time","org.joda.time.chrono.BasicChronology","org.joda.time.chrono.CopticChronology",31
"1583",18,"time","org.joda.time.chrono.BasicChronology","org.joda.time.chrono.EthiopicChronology",18
"1584",18,"time","org.joda.time.chrono.BasicChronology","org.joda.time.chrono.IslamicChronology",172
"1585",18,"time","org.joda.time.chrono.BasicWeekyearDateTimeField","org.joda.time.chrono.BasicChronology",215
"1586",18,"time","org.joda.time.chrono.CopticChronology","org.joda.time.DateTimeZone",197
"1587",18,"time","org.joda.time.chrono.GJChronology","org.joda.time.chrono.GJChronology$CutoverField",36
"1588",18,"time","org.joda.time.chrono.GJChronology","org.joda.time.chrono.JulianChronology",14
"1589",18,"time","org.joda.time.chrono.ISOChronology","org.joda.time.chrono.AssembledChronology",82
"1590",18,"time","org.joda.time.chrono.ISOChronology","org.joda.time.DateTimeZone",190
"1591",18,"time","org.joda.time.chrono.ZonedChronology","org.joda.time.chrono.AssembledChronology",45
"1592",18,"time","org.joda.time.chrono.ZonedChronology","org.joda.time.DateTimeZone",287
"1593",18,"time","org.joda.time.chrono.ZonedChronology$ZonedDateTimeField","org.joda.time.DateTimeZone",166
"1594",18,"time","org.joda.time.DateTimeUtils","org.joda.time.DateTimeZone",203
"1595",18,"time","org.joda.time.DateTimeZone","org.joda.time.field.FieldUtils",12
"1596",18,"time","org.joda.time.DateTimeZone","org.joda.time.format.FormatUtils",56
"1597",18,"time","org.joda.time.DateTimeZone","org.joda.time.tz.FixedDateTimeZone",21
"1598",18,"time","org.joda.time.Days","org.joda.time.base.BaseSingleFieldPeriod",29
"1599",18,"time","org.joda.time.format.DateTimeFormat","org.joda.time.format.DateTimeFormat$StyleFormatter",17
"1600",18,"time","org.joda.time.format.DateTimeFormat","org.joda.time.format.DateTimeFormatterBuilder",58
"1601",18,"time","org.joda.time.format.DateTimeFormatter","org.joda.time.DateTimeZone",103
"1602",18,"time","org.joda.time.format.DateTimeFormatter","org.joda.time.format.DateTimeParserBucket",71
"1603",18,"time","org.joda.time.format.DateTimeFormatterBuilder$PaddedNumber","org.joda.time.format.DateTimeFormatterBuilder",31
"1604",18,"time","org.joda.time.format.DateTimeFormatterBuilder$TextField","org.joda.time.format.DateTimeParserBucket",44
"1605",18,"time","org.joda.time.format.DateTimeFormatterBuilder$TextField","org.joda.time.MutableDateTime",11
"1606",18,"time","org.joda.time.format.DateTimeParserBucket$SavedState","org.joda.time.format.DateTimeParserBucket",15
"1607",18,"time","org.joda.time.format.ISODateTimeFormat","org.joda.time.format.DateTimeFormatterBuilder",221
"1608",18,"time","org.joda.time.Hours","org.joda.time.base.BaseSingleFieldPeriod",35
"1609",18,"time","org.joda.time.LocalDate","org.joda.time.format.ISODateTimeFormat",36
"1610",18,"time","org.joda.time.LocalDateTime","org.joda.time.DateTimeZone",190
"1611",18,"time","org.joda.time.LocalDateTime","org.joda.time.format.DateTimeFormatter",8
"1612",18,"time","org.joda.time.LocalTime$Property","org.joda.time.LocalTime",18
"1613",18,"time","org.joda.time.Minutes","org.joda.time.base.BaseSingleFieldPeriod",36
"1614",18,"time","org.joda.time.MutableInterval","org.joda.time.base.BaseInterval",5
"1615",18,"time","org.joda.time.MutablePeriod","org.joda.time.base.BasePeriod",33
"1616",18,"time","org.joda.time.Period","org.joda.time.base.AbstractPeriod",4
"1617",18,"time","org.joda.time.Period","org.joda.time.base.BasePeriod",66
"1618",18,"time","org.joda.time.Period","org.joda.time.PeriodType",730
"1619",18,"time","org.joda.time.Seconds","org.joda.time.base.BaseSingleFieldPeriod",41
"1620",18,"time","org.joda.time.tz.ZoneInfoCompiler","org.joda.time.DateTimeZone",328
"1621",18,"time","org.joda.time.Weeks","org.joda.time.base.BaseSingleFieldPeriod",8
"1622",19,"closure","com.google.javascript.rhino.head.IdScriptableObject","com.google.javascript.rhino.head.ScriptableObject",308
"1623",19,"closure","com.google.javascript.rhino.head.IRFactory","com.google.javascript.rhino.head.Parser",22
"1624",19,"closure","com.google.javascript.rhino.head.NativeArray","com.google.javascript.rhino.head.IdScriptableObject",19
"1625",19,"closure","com.google.javascript.rhino.head.NativeArray","com.google.javascript.rhino.head.ScriptableObject",6
"1626",19,"closure","com.google.javascript.rhino.head.regexp.NativeRegExp","com.google.javascript.rhino.head.ScriptRuntime",20
"1627",19,"closure","com.google.javascript.rhino.head.ScriptableObject","com.google.javascript.rhino.head.FunctionObject",20
"1628",19,"closure","com.google.javascript.rhino.head.tools.debugger.Dim","com.google.javascript.rhino.head.ScriptRuntime",35
"1629",19,"closure","com.google.javascript.rhino.jstype.JSType","com.google.javascript.rhino.jstype.UnionType",28
"1630",19,"lang","org.apache.commons.lang3.builder.ReflectionToStringBuilder","org.apache.commons.lang3.builder.ToStringBuilder",1
"1631",19,"lang","org.apache.commons.lang3.builder.ToStringStyle","org.apache.commons.lang3.ClassUtils",36
"1632",19,"lang","org.apache.commons.lang3.concurrent.MultiBackgroundInitializer","org.apache.commons.lang3.concurrent.BackgroundInitializer",4
"1633",19,"lang","org.apache.commons.lang3.text.StrBuilder$StrBuilderReader","org.apache.commons.lang3.text.StrBuilder",93
"1634",19,"lang","org.apache.commons.lang3.text.StrSubstitutor","org.apache.commons.lang3.text.StrBuilder",257
"1635",19,"lang","org.apache.commons.lang3.text.StrTokenizer","org.apache.commons.lang3.text.StrMatcher",7
"1636",19,"lang","org.apache.commons.lang3.text.translate.UnicodeEscaper","org.apache.commons.lang3.text.translate.CharSequenceTranslator",1
"1637",19,"lang","org.apache.commons.lang3.time.DurationFormatUtils","org.apache.commons.lang3.time.DurationFormatUtils$Token",17
"1638",19,"math","org.apache.commons.math.analysis.LaguerreSolver","org.apache.commons.math.complex.Complex",330
"1639",19,"math","org.apache.commons.math.analysis.MullerSolver","org.apache.commons.math.analysis.UnivariateRealSolverImpl",103
"1640",19,"math","org.apache.commons.math.distribution.AbstractIntegerDistribution","org.apache.commons.math.distribution.HypergeometricDistributionImpl",49
"1641",19,"math","org.apache.commons.math.fraction.ProperFractionFormat","org.apache.commons.math.fraction.FractionFormat",2
"1642",19,"math","org.apache.commons.math.geometry.Rotation","org.apache.commons.math.geometry.Vector3D",121
"1643",19,"math","org.apache.commons.math.linear.MatrixUtils","org.apache.commons.math.linear.BigMatrixImpl",23
"1644",19,"math","org.apache.commons.math.ode.AbstractStepInterpolator","org.apache.commons.math.ode.DormandPrince853StepInterpolator",70
"1645",19,"math","org.apache.commons.math.ode.ContinuousOutputModel","org.apache.commons.math.ode.AbstractStepInterpolator",36
"1646",19,"math","org.apache.commons.math.ode.EmbeddedRungeKuttaIntegrator","org.apache.commons.math.ode.DormandPrince853Integrator",12
"1647",19,"math","org.apache.commons.math.ode.GraggBulirschStoerIntegrator","org.apache.commons.math.ode.AdaptiveStepsizeIntegrator",51
"1648",19,"math","org.apache.commons.math.ode.GraggBulirschStoerIntegrator","org.apache.commons.math.ode.SwitchingFunctionsHandler",24
"1649",19,"math","org.apache.commons.math.ode.GraggBulirschStoerStepInterpolator","org.apache.commons.math.ode.AbstractStepInterpolator",28
"1650",19,"math","org.apache.commons.math.ode.SwitchingFunctionsHandler","org.apache.commons.math.ode.SwitchState",63
"1651",19,"math","org.apache.commons.math.ode.SwitchState","org.apache.commons.math.analysis.BrentSolver",43
"1652",19,"math","org.apache.commons.math.optimization.NelderMead","org.apache.commons.math.optimization.DirectSearchOptimizer",82
"1653",19,"math","org.apache.commons.math.stat.descriptive.AbstractStorelessUnivariateStatistic","org.apache.commons.math.stat.descriptive.moment.Variance",59
"1654",19,"math","org.apache.commons.math.stat.descriptive.DescriptiveStatistics","org.apache.commons.math.util.ResizableDoubleArray",92
"1655",19,"math","org.apache.commons.math.stat.inference.TTestImpl","org.apache.commons.math.stat.StatUtils",2
"1656",19,"math","org.apache.commons.math.transform.FastFourierTransformer","org.apache.commons.math.complex.Complex",308
"1657",19,"mockito","org.mockito.asm.AnnotationWriter","org.mockito.asm.ClassWriter",495
"1658",19,"mockito","org.mockito.asm.MethodWriter","org.mockito.asm.ByteVector",87
"1659",19,"mockito","org.mockito.asm.MethodWriter","org.mockito.asm.ClassWriter",95
"1660",19,"mockito","org.mockito.asm.tree.analysis.BasicVerifier","org.mockito.asm.tree.analysis.BasicInterpreter",23
"1661",19,"mockito","org.mockito.asm.tree.analysis.BasicVerifier","org.mockito.asm.tree.analysis.SimpleVerifier",11
"1662",19,"mockito","org.mockito.cglib.core.ClassEmitter","org.mockito.cglib.transform.impl.InterceptFieldTransformer",10
"1663",19,"mockito","org.mockito.cglib.core.CodeEmitter","org.mockito.cglib.core.ClassEmitter",1
"1664",19,"mockito","org.mockito.cglib.core.CodeEmitter","org.mockito.cglib.core.TypeUtils",228
"1665",19,"mockito","org.mockito.cglib.core.EmitUtils","org.mockito.cglib.core.CodeEmitter",83
"1666",19,"mockito","org.mockito.cglib.proxy.Enhancer","org.mockito.cglib.core.ReflectUtils",89
"1667",19,"mockito","org.mockito.cglib.proxy.Mixin$Generator","org.mockito.cglib.core.ReflectUtils",83
"1668",19,"time","org.joda.time.base.AbstractPartial","org.joda.time.MonthDay",8
"1669",19,"time","org.joda.time.base.AbstractPartial","org.joda.time.TimeOfDay",4
"1670",19,"time","org.joda.time.base.AbstractPartial","org.joda.time.YearMonth",39
"1671",19,"time","org.joda.time.base.AbstractPartial","org.joda.time.YearMonthDay",18
"1672",19,"time","org.joda.time.base.BasePeriod","org.joda.time.base.AbstractPeriod",80
"1673",19,"time","org.joda.time.chrono.BasicChronology","org.joda.time.chrono.CopticChronology",34
"1674",19,"time","org.joda.time.chrono.BasicChronology","org.joda.time.chrono.EthiopicChronology",8
"1675",19,"time","org.joda.time.chrono.BasicChronology","org.joda.time.chrono.IslamicChronology",165
"1676",19,"time","org.joda.time.chrono.BasicWeekyearDateTimeField","org.joda.time.chrono.BasicChronology",110
"1677",19,"time","org.joda.time.chrono.CopticChronology","org.joda.time.DateTimeZone",172
"1678",19,"time","org.joda.time.chrono.GJChronology","org.joda.time.chrono.GJChronology$CutoverField",31
"1679",19,"time","org.joda.time.chrono.GJChronology","org.joda.time.chrono.JulianChronology",28
"1680",19,"time","org.joda.time.chrono.ISOChronology","org.joda.time.chrono.AssembledChronology",48
"1681",19,"time","org.joda.time.chrono.ISOChronology","org.joda.time.DateTimeZone",203
"1682",19,"time","org.joda.time.chrono.ZonedChronology","org.joda.time.chrono.AssembledChronology",146
"1683",19,"time","org.joda.time.chrono.ZonedChronology$ZonedDateTimeField","org.joda.time.DateTimeZone",216
"1684",19,"time","org.joda.time.DateTimeUtils","org.joda.time.DateTimeZone",138
"1685",19,"time","org.joda.time.DateTimeZone","org.joda.time.field.FieldUtils",12
"1686",19,"time","org.joda.time.DateTimeZone","org.joda.time.format.FormatUtils",52
"1687",19,"time","org.joda.time.DateTimeZone","org.joda.time.tz.FixedDateTimeZone",18
"1688",19,"time","org.joda.time.Days","org.joda.time.base.BaseSingleFieldPeriod",28
"1689",19,"time","org.joda.time.format.DateTimeFormat","org.joda.time.format.DateTimeFormat$StyleFormatter",8
"1690",19,"time","org.joda.time.format.DateTimeFormat","org.joda.time.format.DateTimeFormatterBuilder",90
"1691",19,"time","org.joda.time.format.DateTimeFormatter","org.joda.time.DateTimeZone",104
"1692",19,"time","org.joda.time.format.DateTimeFormatter","org.joda.time.format.DateTimeParserBucket",35
"1693",19,"time","org.joda.time.format.DateTimeFormatterBuilder$PaddedNumber","org.joda.time.format.DateTimeFormatterBuilder",275
"1694",19,"time","org.joda.time.format.DateTimeFormatterBuilder$TextField","org.joda.time.format.DateTimeParserBucket",63
"1695",19,"time","org.joda.time.format.DateTimeFormatterBuilder$TextField","org.joda.time.MutableDateTime",8
"1696",19,"time","org.joda.time.format.DateTimeParserBucket$SavedState","org.joda.time.format.DateTimeParserBucket",16
"1697",19,"time","org.joda.time.format.ISODateTimeFormat","org.joda.time.format.DateTimeFormatterBuilder",222
"1698",19,"time","org.joda.time.LocalDate","org.joda.time.format.ISODateTimeFormat",37
"1699",19,"time","org.joda.time.LocalDateTime","org.joda.time.DateTimeZone",129
"1700",19,"time","org.joda.time.LocalDateTime","org.joda.time.format.DateTimeFormatter",20
"1701",19,"time","org.joda.time.LocalTime$Property","org.joda.time.LocalTime",109
"1702",19,"time","org.joda.time.Minutes","org.joda.time.base.BaseSingleFieldPeriod",34
"1703",19,"time","org.joda.time.MutableInterval","org.joda.time.base.BaseInterval",11
"1704",19,"time","org.joda.time.MutablePeriod","org.joda.time.base.BasePeriod",28
"1705",19,"time","org.joda.time.Period","org.joda.time.base.AbstractPeriod",4
"1706",19,"time","org.joda.time.Period","org.joda.time.base.BasePeriod",72
"1707",19,"time","org.joda.time.Period","org.joda.time.PeriodType",748
"1708",19,"time","org.joda.time.Seconds","org.joda.time.base.BaseSingleFieldPeriod",41
"1709",19,"time","org.joda.time.tz.ZoneInfoCompiler","org.joda.time.DateTimeZone",251
"1710",19,"time","org.joda.time.Weeks","org.joda.time.base.BaseSingleFieldPeriod",35
"1711",20,"closure","com.google.javascript.rhino.head.IdScriptableObject","com.google.javascript.rhino.head.ScriptableObject",71
"1712",20,"closure","com.google.javascript.rhino.head.IRFactory","com.google.javascript.rhino.head.Node",54
"1713",20,"closure","com.google.javascript.rhino.head.IRFactory","com.google.javascript.rhino.head.Parser",52
"1714",20,"closure","com.google.javascript.rhino.head.NativeArray","com.google.javascript.rhino.head.IdScriptableObject",9
"1715",20,"closure","com.google.javascript.rhino.head.NativeArray","com.google.javascript.rhino.head.ScriptableObject",28
"1716",20,"closure","com.google.javascript.rhino.head.regexp.NativeRegExp","com.google.javascript.rhino.head.ScriptRuntime",38
"1717",20,"closure","com.google.javascript.rhino.head.ScriptableObject","com.google.javascript.rhino.head.FunctionObject",24
"1718",20,"closure","com.google.javascript.rhino.JSDocInfoBuilder","com.google.javascript.rhino.JSDocInfo",150
"1719",20,"closure","com.google.javascript.rhino.jstype.JSType","com.google.javascript.rhino.jstype.ProxyObjectType",4
"1720",20,"closure","com.google.javascript.rhino.jstype.JSType","com.google.javascript.rhino.jstype.UnionType",5
"1721",20,"lang","org.apache.commons.lang3.builder.ToStringBuilder","org.apache.commons.lang3.builder.ToStringStyle",92
"1722",20,"lang","org.apache.commons.lang3.builder.ToStringStyle","org.apache.commons.lang3.ClassUtils",36
"1723",20,"lang","org.apache.commons.lang3.concurrent.MultiBackgroundInitializer","org.apache.commons.lang3.concurrent.BackgroundInitializer",7
"1724",20,"lang","org.apache.commons.lang3.text.StrBuilder$StrBuilderReader","org.apache.commons.lang3.text.StrBuilder",69
"1725",20,"lang","org.apache.commons.lang3.text.StrSubstitutor","org.apache.commons.lang3.text.StrBuilder",202
"1726",20,"lang","org.apache.commons.lang3.text.StrTokenizer","org.apache.commons.lang3.text.StrMatcher",9
"1727",20,"lang","org.apache.commons.lang3.text.translate.UnicodeEscaper","org.apache.commons.lang3.text.translate.CharSequenceTranslator",1
"1728",20,"lang","org.apache.commons.lang3.time.DurationFormatUtils","org.apache.commons.lang3.time.DurationFormatUtils$Token",10
"1729",20,"math","org.apache.commons.math.analysis.LaguerreSolver","org.apache.commons.math.complex.Complex",162
"1730",20,"math","org.apache.commons.math.analysis.MullerSolver","org.apache.commons.math.analysis.UnivariateRealSolverImpl",103
"1731",20,"math","org.apache.commons.math.distribution.AbstractIntegerDistribution","org.apache.commons.math.distribution.HypergeometricDistributionImpl",55
"1732",20,"math","org.apache.commons.math.fraction.ProperFractionFormat","org.apache.commons.math.fraction.FractionFormat",2
"1733",20,"math","org.apache.commons.math.geometry.Rotation","org.apache.commons.math.geometry.Vector3D",75
"1734",20,"math","org.apache.commons.math.linear.MatrixUtils","org.apache.commons.math.linear.BigMatrixImpl",17
"1735",20,"math","org.apache.commons.math.ode.AbstractStepInterpolator","org.apache.commons.math.ode.DormandPrince853StepInterpolator",66
"1736",20,"math","org.apache.commons.math.ode.ContinuousOutputModel","org.apache.commons.math.ode.AbstractStepInterpolator",44
"1737",20,"math","org.apache.commons.math.ode.EmbeddedRungeKuttaIntegrator","org.apache.commons.math.ode.DormandPrince853Integrator",11
"1738",20,"math","org.apache.commons.math.ode.EmbeddedRungeKuttaIntegrator","org.apache.commons.math.ode.HighamHall54Integrator",10
"1739",20,"math","org.apache.commons.math.ode.GraggBulirschStoerIntegrator","org.apache.commons.math.ode.AdaptiveStepsizeIntegrator",56
"1740",20,"math","org.apache.commons.math.ode.GraggBulirschStoerIntegrator","org.apache.commons.math.ode.SwitchingFunctionsHandler",20
"1741",20,"math","org.apache.commons.math.ode.GraggBulirschStoerStepInterpolator","org.apache.commons.math.ode.AbstractStepInterpolator",34
"1742",20,"math","org.apache.commons.math.ode.SwitchingFunctionsHandler","org.apache.commons.math.ode.SwitchState",49
"1743",20,"math","org.apache.commons.math.ode.SwitchState","org.apache.commons.math.analysis.BrentSolver",49
"1744",20,"math","org.apache.commons.math.optimization.NelderMead","org.apache.commons.math.optimization.DirectSearchOptimizer",61
"1745",20,"math","org.apache.commons.math.stat.descriptive.AbstractStorelessUnivariateStatistic","org.apache.commons.math.stat.descriptive.moment.Variance",65
"1746",20,"math","org.apache.commons.math.stat.descriptive.DescriptiveStatistics","org.apache.commons.math.util.ResizableDoubleArray",94
"1747",20,"math","org.apache.commons.math.stat.inference.TTestImpl","org.apache.commons.math.stat.StatUtils",8
"1748",20,"math","org.apache.commons.math.transform.FastFourierTransformer","org.apache.commons.math.complex.Complex",285
"1749",20,"mockito","org.mockito.asm.AnnotationWriter","org.mockito.asm.ClassWriter",437
"1750",20,"mockito","org.mockito.asm.MethodWriter","org.mockito.asm.ByteVector",76
"1751",20,"mockito","org.mockito.asm.MethodWriter","org.mockito.asm.ClassWriter",47
"1752",20,"mockito","org.mockito.asm.tree.analysis.BasicVerifier","org.mockito.asm.tree.analysis.BasicInterpreter",41
"1753",20,"mockito","org.mockito.asm.tree.analysis.BasicVerifier","org.mockito.asm.tree.analysis.SimpleVerifier",8
"1754",20,"mockito","org.mockito.cglib.core.CodeEmitter","org.mockito.cglib.core.ClassEmitter",1
"1755",20,"mockito","org.mockito.cglib.core.CodeEmitter","org.mockito.cglib.core.TypeUtils",222
"1756",20,"mockito","org.mockito.cglib.core.EmitUtils","org.mockito.cglib.core.CodeEmitter",45
"1757",20,"mockito","org.mockito.cglib.proxy.Enhancer","org.mockito.cglib.core.CodeEmitter",240
"1758",20,"mockito","org.mockito.cglib.proxy.Enhancer","org.mockito.cglib.core.ReflectUtils",88
"1759",20,"mockito","org.mockito.cglib.proxy.Mixin$Generator","org.mockito.cglib.core.ReflectUtils",83
"1760",20,"time","org.joda.time.base.AbstractPartial","org.joda.time.MonthDay",30
"1761",20,"time","org.joda.time.base.AbstractPartial","org.joda.time.TimeOfDay",22
"1762",20,"time","org.joda.time.base.AbstractPartial","org.joda.time.YearMonth",48
"1763",20,"time","org.joda.time.base.BasePeriod","org.joda.time.base.AbstractPeriod",62
"1764",20,"time","org.joda.time.chrono.BasicChronology","org.joda.time.chrono.CopticChronology",6
"1765",20,"time","org.joda.time.chrono.BasicChronology","org.joda.time.chrono.EthiopicChronology",8
"1766",20,"time","org.joda.time.chrono.BasicChronology","org.joda.time.chrono.IslamicChronology",59
"1767",20,"time","org.joda.time.chrono.BasicWeekyearDateTimeField","org.joda.time.chrono.BasicChronology",139
"1768",20,"time","org.joda.time.chrono.CopticChronology","org.joda.time.DateTimeZone",202
"1769",20,"time","org.joda.time.chrono.GJChronology","org.joda.time.chrono.JulianChronology",26
"1770",20,"time","org.joda.time.chrono.ISOChronology","org.joda.time.chrono.AssembledChronology",93
"1771",20,"time","org.joda.time.chrono.ZonedChronology","org.joda.time.chrono.AssembledChronology",69
"1772",20,"time","org.joda.time.chrono.ZonedChronology","org.joda.time.DateTimeZone",187
"1773",20,"time","org.joda.time.chrono.ZonedChronology$ZonedDateTimeField","org.joda.time.DateTimeZone",152
"1774",20,"time","org.joda.time.DateTimeUtils","org.joda.time.DateTimeZone",158
"1775",20,"time","org.joda.time.DateTimeZone","org.joda.time.field.FieldUtils",22
"1776",20,"time","org.joda.time.DateTimeZone","org.joda.time.format.FormatUtils",41
"1777",20,"time","org.joda.time.DateTimeZone","org.joda.time.tz.FixedDateTimeZone",21
"1778",20,"time","org.joda.time.Days","org.joda.time.base.BaseSingleFieldPeriod",36
"1779",20,"time","org.joda.time.format.DateTimeFormat","org.joda.time.format.DateTimeFormat$StyleFormatter",19
"1780",20,"time","org.joda.time.format.DateTimeFormat","org.joda.time.format.DateTimeFormatterBuilder",63
"1781",20,"time","org.joda.time.format.DateTimeFormatter","org.joda.time.DateTimeZone",83
"1782",20,"time","org.joda.time.format.DateTimeFormatter","org.joda.time.format.DateTimeParserBucket",35
"1783",20,"time","org.joda.time.format.DateTimeFormatterBuilder$PaddedNumber","org.joda.time.format.DateTimeFormatterBuilder",47
"1784",20,"time","org.joda.time.format.DateTimeFormatterBuilder$TextField","org.joda.time.format.DateTimeParserBucket",32
"1785",20,"time","org.joda.time.format.DateTimeFormatterBuilder$TextField","org.joda.time.MutableDateTime",8
"1786",20,"time","org.joda.time.format.DateTimeParserBucket$SavedState","org.joda.time.format.DateTimeParserBucket",16
"1787",20,"time","org.joda.time.format.ISODateTimeFormat","org.joda.time.format.DateTimeFormatterBuilder",222
"1788",20,"time","org.joda.time.LocalDate","org.joda.time.format.ISODateTimeFormat",35
"1789",20,"time","org.joda.time.LocalDateTime","org.joda.time.format.DateTimeFormatter",14
"1790",20,"time","org.joda.time.LocalTime$Property","org.joda.time.LocalTime",23
"1791",20,"time","org.joda.time.Minutes","org.joda.time.base.BaseSingleFieldPeriod",12
"1792",20,"time","org.joda.time.MutableInterval","org.joda.time.base.BaseInterval",1
"1793",20,"time","org.joda.time.MutablePeriod","org.joda.time.base.BasePeriod",27
"1794",20,"time","org.joda.time.Period","org.joda.time.base.AbstractPeriod",6
"1795",20,"time","org.joda.time.Period","org.joda.time.base.BasePeriod",65
"1796",20,"time","org.joda.time.Period","org.joda.time.PeriodType",718
"1797",20,"time","org.joda.time.Seconds","org.joda.time.base.BaseSingleFieldPeriod",30
"1798",20,"time","org.joda.time.tz.ZoneInfoCompiler","org.joda.time.DateTimeZone",171
"1799",20,"time","org.joda.time.Weeks","org.joda.time.base.BaseSingleFieldPeriod",19
