"","execution_id","project","caller_class","callee_class","killedM"
"1",1,"closure","com.google.javascript.rhino.head.IdScriptableObject","com.google.javascript.rhino.head.ScriptableObject",329
"2",1,"closure","com.google.javascript.rhino.head.IRFactory","com.google.javascript.rhino.head.Node",58
"3",1,"closure","com.google.javascript.rhino.head.IRFactory","com.google.javascript.rhino.head.Parser",209
"4",1,"closure","com.google.javascript.rhino.head.NativeArray","com.google.javascript.rhino.head.ScriptableObject",73
"5",1,"closure","com.google.javascript.rhino.head.NativeObject","com.google.javascript.rhino.head.ScriptableObject",375
"6",1,"closure","com.google.javascript.rhino.head.regexp.NativeRegExp","com.google.javascript.rhino.head.ScriptRuntime",108
"7",1,"closure","com.google.javascript.rhino.head.tools.debugger.Dim","com.google.javascript.rhino.head.ScriptRuntime",39
"8",1,"closure","com.google.javascript.rhino.jstype.JSType","com.google.javascript.rhino.jstype.FunctionType",255
"9",1,"closure","com.google.javascript.rhino.jstype.JSType","com.google.javascript.rhino.jstype.ProxyObjectType",8
"10",1,"lang","org.apache.commons.lang3.builder.ReflectionToStringBuilder","org.apache.commons.lang3.builder.ToStringBuilder",49
"11",1,"lang","org.apache.commons.lang3.builder.ToStringBuilder","org.apache.commons.lang3.builder.ToStringStyle",113
"12",1,"lang","org.apache.commons.lang3.builder.ToStringStyle","org.apache.commons.lang3.ClassUtils",36
"13",1,"lang","org.apache.commons.lang3.CharUtils","org.apache.commons.lang3.StringUtils",4
"14",1,"lang","org.apache.commons.lang3.concurrent.MultiBackgroundInitializer","org.apache.commons.lang3.concurrent.BackgroundInitializer",49
"15",1,"lang","org.apache.commons.lang3.StringUtils","org.apache.commons.lang3.ArrayUtils",9
"16",1,"lang","org.apache.commons.lang3.text.StrBuilder$StrBuilderReader","org.apache.commons.lang3.text.StrBuilder",82
"17",1,"lang","org.apache.commons.lang3.text.StrSubstitutor","org.apache.commons.lang3.text.StrBuilder",324
"18",1,"lang","org.apache.commons.lang3.text.StrTokenizer","org.apache.commons.lang3.text.StrMatcher",11
"19",1,"lang","org.apache.commons.lang3.text.translate.UnicodeEscaper","org.apache.commons.lang3.text.translate.CharSequenceTranslator",34
"20",1,"lang","org.apache.commons.lang3.time.DurationFormatUtils","org.apache.commons.lang3.time.DurationFormatUtils$Token",9
"21",1,"lang","org.apache.commons.lang3.time.FastDateFormat","org.apache.commons.lang3.time.FastDateFormat$TextField",12
"22",1,"math","org.apache.commons.math.analysis.LaguerreSolver","org.apache.commons.math.complex.Complex",334
"23",1,"math","org.apache.commons.math.analysis.MullerSolver","org.apache.commons.math.analysis.UnivariateRealSolverImpl",98
"24",1,"math","org.apache.commons.math.distribution.AbstractIntegerDistribution","org.apache.commons.math.distribution.HypergeometricDistributionImpl",51
"25",1,"math","org.apache.commons.math.fraction.ProperFractionFormat","org.apache.commons.math.fraction.FractionFormat",80
"26",1,"math","org.apache.commons.math.geometry.Rotation","org.apache.commons.math.geometry.Vector3D",147
"27",1,"math","org.apache.commons.math.linear.MatrixUtils","org.apache.commons.math.linear.BigMatrixImpl",112
"28",1,"math","org.apache.commons.math.ode.AbstractStepInterpolator","org.apache.commons.math.ode.DormandPrince853StepInterpolator",73
"29",1,"math","org.apache.commons.math.ode.ContinuousOutputModel","org.apache.commons.math.ode.AbstractStepInterpolator",44
"30",1,"math","org.apache.commons.math.ode.EmbeddedRungeKuttaIntegrator","org.apache.commons.math.ode.DormandPrince853Integrator",11
"31",1,"math","org.apache.commons.math.ode.EmbeddedRungeKuttaIntegrator","org.apache.commons.math.ode.HighamHall54Integrator",7
"32",1,"math","org.apache.commons.math.ode.GraggBulirschStoerIntegrator","org.apache.commons.math.ode.AdaptiveStepsizeIntegrator",85
"33",1,"math","org.apache.commons.math.ode.GraggBulirschStoerIntegrator","org.apache.commons.math.ode.SwitchingFunctionsHandler",22
"34",1,"math","org.apache.commons.math.ode.GraggBulirschStoerStepInterpolator","org.apache.commons.math.ode.AbstractStepInterpolator",45
"35",1,"math","org.apache.commons.math.ode.SwitchingFunctionsHandler","org.apache.commons.math.ode.SwitchState",73
"36",1,"math","org.apache.commons.math.ode.SwitchState","org.apache.commons.math.analysis.BrentSolver",13
"37",1,"math","org.apache.commons.math.optimization.NelderMead","org.apache.commons.math.optimization.DirectSearchOptimizer",110
"38",1,"math","org.apache.commons.math.random.EmpiricalDistributionImpl","org.apache.commons.math.stat.descriptive.SummaryStatistics",36
"39",1,"math","org.apache.commons.math.stat.descriptive.AbstractStorelessUnivariateStatistic","org.apache.commons.math.stat.descriptive.moment.Variance",61
"40",1,"math","org.apache.commons.math.stat.descriptive.DescriptiveStatistics","org.apache.commons.math.util.ResizableDoubleArray",155
"41",1,"math","org.apache.commons.math.stat.inference.TTestImpl","org.apache.commons.math.stat.StatUtils",20
"42",1,"math","org.apache.commons.math.transform.FastFourierTransformer","org.apache.commons.math.complex.Complex",339
"43",1,"mockito","org.mockito.asm.AnnotationWriter","org.mockito.asm.ClassWriter",479
"44",1,"mockito","org.mockito.asm.MethodWriter","org.mockito.asm.ByteVector",92
"45",1,"mockito","org.mockito.asm.MethodWriter","org.mockito.asm.ClassWriter",91
"46",1,"mockito","org.mockito.asm.tree.analysis.BasicVerifier","org.mockito.asm.tree.analysis.BasicInterpreter",23
"47",1,"mockito","org.mockito.asm.tree.analysis.BasicVerifier","org.mockito.asm.tree.analysis.SimpleVerifier",5
"48",1,"mockito","org.mockito.asm.util.ASMifierClassVisitor","org.mockito.asm.util.ASMifierAbstractVisitor",24
"49",1,"mockito","org.mockito.cglib.core.ClassEmitter","org.mockito.cglib.transform.impl.InterceptFieldTransformer",10
"50",1,"mockito","org.mockito.cglib.core.CodeEmitter","org.mockito.cglib.core.ClassEmitter",1
"51",1,"mockito","org.mockito.cglib.core.CodeEmitter","org.mockito.cglib.core.TypeUtils",130
"52",1,"mockito","org.mockito.cglib.core.EmitUtils","org.mockito.cglib.core.CodeEmitter",49
"53",1,"mockito","org.mockito.cglib.proxy.Enhancer","org.mockito.cglib.core.ReflectUtils",96
"54",1,"mockito","org.mockito.cglib.proxy.Mixin$Generator","org.mockito.cglib.core.AbstractClassGenerator",9
"55",1,"mockito","org.mockito.cglib.proxy.Mixin$Generator","org.mockito.cglib.core.ReflectUtils",156
"56",1,"time","org.joda.time.base.AbstractPartial","org.joda.time.MonthDay",18
"57",1,"time","org.joda.time.base.AbstractPartial","org.joda.time.TimeOfDay",1
"58",1,"time","org.joda.time.base.AbstractPartial","org.joda.time.YearMonth",32
"59",1,"time","org.joda.time.base.BasePeriod","org.joda.time.base.AbstractPeriod",63
"60",1,"time","org.joda.time.chrono.BasicChronology","org.joda.time.chrono.CopticChronology",12
"61",1,"time","org.joda.time.chrono.BasicChronology","org.joda.time.chrono.EthiopicChronology",12
"62",1,"time","org.joda.time.chrono.BasicChronology","org.joda.time.chrono.IslamicChronology",184
"63",1,"time","org.joda.time.chrono.BasicWeekyearDateTimeField","org.joda.time.chrono.BasicChronology",277
"64",1,"time","org.joda.time.chrono.CopticChronology","org.joda.time.DateTimeZone",219
"65",1,"time","org.joda.time.chrono.GJChronology","org.joda.time.chrono.GJChronology$CutoverField",27
"66",1,"time","org.joda.time.chrono.GJChronology","org.joda.time.chrono.JulianChronology",44
"67",1,"time","org.joda.time.chrono.ISOChronology","org.joda.time.chrono.AssembledChronology",72
"68",1,"time","org.joda.time.chrono.ISOChronology","org.joda.time.DateTimeZone",413
"69",1,"time","org.joda.time.chrono.ZonedChronology","org.joda.time.chrono.AssembledChronology",71
"70",1,"time","org.joda.time.chrono.ZonedChronology","org.joda.time.DateTimeZone",130
"71",1,"time","org.joda.time.chrono.ZonedChronology$ZonedDateTimeField","org.joda.time.DateTimeZone",153
"72",1,"time","org.joda.time.DateTimeUtils","org.joda.time.DateTimeZone",177
"73",1,"time","org.joda.time.DateTimeZone","org.joda.time.field.FieldUtils",12
"74",1,"time","org.joda.time.DateTimeZone","org.joda.time.format.DateTimeFormat",284
"75",1,"time","org.joda.time.DateTimeZone","org.joda.time.tz.FixedDateTimeZone",18
"76",1,"time","org.joda.time.Days","org.joda.time.base.BaseSingleFieldPeriod",99
"77",1,"time","org.joda.time.format.DateTimeFormat","org.joda.time.format.DateTimeFormat$StyleFormatter",16
"78",1,"time","org.joda.time.format.DateTimeFormat","org.joda.time.format.DateTimeFormatterBuilder",78
"79",1,"time","org.joda.time.format.DateTimeFormatter","org.joda.time.DateTimeZone",116
"80",1,"time","org.joda.time.format.DateTimeFormatter","org.joda.time.format.DateTimeParserBucket",96
"81",1,"time","org.joda.time.format.DateTimeFormatterBuilder$PaddedNumber","org.joda.time.format.DateTimeFormatterBuilder",41
"82",1,"time","org.joda.time.format.DateTimeFormatterBuilder$TextField","org.joda.time.format.DateTimeParserBucket",93
"83",1,"time","org.joda.time.format.DateTimeFormatterBuilder$TextField","org.joda.time.MutableDateTime",7
"84",1,"time","org.joda.time.format.DateTimeParserBucket$SavedState","org.joda.time.format.DateTimeParserBucket",51
"85",1,"time","org.joda.time.format.ISODateTimeFormat","org.joda.time.format.DateTimeFormatterBuilder",224
"86",1,"time","org.joda.time.Hours","org.joda.time.base.BaseSingleFieldPeriod",87
"87",1,"time","org.joda.time.LocalDate","org.joda.time.format.ISODateTimeFormat",33
"88",1,"time","org.joda.time.LocalDateTime","org.joda.time.DateTimeZone",200
"89",1,"time","org.joda.time.LocalDateTime","org.joda.time.format.DateTimeFormatter",63
"90",1,"time","org.joda.time.LocalTime$Property","org.joda.time.LocalTime",26
"91",1,"time","org.joda.time.Minutes","org.joda.time.base.BaseSingleFieldPeriod",130
"92",1,"time","org.joda.time.MutableInterval","org.joda.time.base.BaseInterval",17
"93",1,"time","org.joda.time.MutablePeriod","org.joda.time.base.BasePeriod",125
"94",1,"time","org.joda.time.Period","org.joda.time.base.AbstractPeriod",69
"95",1,"time","org.joda.time.Period","org.joda.time.base.BasePeriod",137
"96",1,"time","org.joda.time.Period","org.joda.time.PeriodType",813
"97",1,"time","org.joda.time.Seconds","org.joda.time.base.BaseSingleFieldPeriod",115
"98",1,"time","org.joda.time.tz.ZoneInfoCompiler","org.joda.time.DateTimeZone",180
"99",1,"time","org.joda.time.Weeks","org.joda.time.base.BaseSingleFieldPeriod",126
"100",1,"time","org.joda.time.YearMonthDay","org.joda.time.base.BasePartial",5
"101",2,"closure","com.google.javascript.rhino.head.IdScriptableObject","com.google.javascript.rhino.head.ScriptableObject",144
"102",2,"closure","com.google.javascript.rhino.head.Interpreter","com.google.javascript.rhino.head.InterpretedFunction",2
"103",2,"closure","com.google.javascript.rhino.head.Interpreter","com.google.javascript.rhino.head.ScriptableObject",71
"104",2,"closure","com.google.javascript.rhino.head.IRFactory","com.google.javascript.rhino.head.Node",60
"105",2,"closure","com.google.javascript.rhino.head.IRFactory","com.google.javascript.rhino.head.Parser",136
"106",2,"closure","com.google.javascript.rhino.head.NativeArray","com.google.javascript.rhino.head.ScriptableObject",35
"107",2,"closure","com.google.javascript.rhino.head.NativeArray","com.google.javascript.rhino.head.ScriptRuntime",75
"108",2,"closure","com.google.javascript.rhino.head.NativeObject","com.google.javascript.rhino.head.ScriptableObject",74
"109",2,"closure","com.google.javascript.rhino.jstype.JSType","com.google.javascript.rhino.jstype.ProxyObjectType",2
"110",2,"closure","com.google.javascript.rhino.jstype.JSType","com.google.javascript.rhino.jstype.UnionType",79
"111",2,"closure","com.google.javascript.rhino.jstype.PrototypeObjectType","com.google.javascript.rhino.jstype.JSType",113
"112",2,"lang","org.apache.commons.lang3.builder.ReflectionToStringBuilder","org.apache.commons.lang3.builder.ToStringBuilder",40
"113",2,"lang","org.apache.commons.lang3.builder.ToStringBuilder","org.apache.commons.lang3.builder.ToStringStyle",164
"114",2,"lang","org.apache.commons.lang3.builder.ToStringStyle","org.apache.commons.lang3.ClassUtils",36
"115",2,"lang","org.apache.commons.lang3.CharUtils","org.apache.commons.lang3.StringUtils",10
"116",2,"lang","org.apache.commons.lang3.concurrent.MultiBackgroundInitializer","org.apache.commons.lang3.concurrent.BackgroundInitializer",51
"117",2,"lang","org.apache.commons.lang3.StringUtils","org.apache.commons.lang3.ArrayUtils",9
"118",2,"lang","org.apache.commons.lang3.text.StrBuilder$StrBuilderReader","org.apache.commons.lang3.text.StrBuilder",78
"119",2,"lang","org.apache.commons.lang3.text.StrSubstitutor","org.apache.commons.lang3.text.StrBuilder",304
"120",2,"lang","org.apache.commons.lang3.text.StrTokenizer","org.apache.commons.lang3.text.StrMatcher",23
"121",2,"lang","org.apache.commons.lang3.text.translate.UnicodeEscaper","org.apache.commons.lang3.text.translate.CharSequenceTranslator",35
"122",2,"lang","org.apache.commons.lang3.time.DurationFormatUtils","org.apache.commons.lang3.time.DurationFormatUtils$Token",20
"123",2,"lang","org.apache.commons.lang3.time.FastDateFormat","org.apache.commons.lang3.time.FastDateFormat$TextField",16
"124",2,"math","org.apache.commons.math.analysis.LaguerreSolver","org.apache.commons.math.complex.Complex",332
"125",2,"math","org.apache.commons.math.analysis.MullerSolver","org.apache.commons.math.analysis.UnivariateRealSolverImpl",98
"126",2,"math","org.apache.commons.math.distribution.AbstractIntegerDistribution","org.apache.commons.math.distribution.HypergeometricDistributionImpl",70
"127",2,"math","org.apache.commons.math.fraction.ProperFractionFormat","org.apache.commons.math.fraction.FractionFormat",83
"128",2,"math","org.apache.commons.math.geometry.Rotation","org.apache.commons.math.geometry.Vector3D",140
"129",2,"math","org.apache.commons.math.linear.MatrixUtils","org.apache.commons.math.linear.BigMatrixImpl",111
"130",2,"math","org.apache.commons.math.ode.AbstractStepInterpolator","org.apache.commons.math.ode.DormandPrince853StepInterpolator",65
"131",2,"math","org.apache.commons.math.ode.ContinuousOutputModel","org.apache.commons.math.ode.AbstractStepInterpolator",35
"132",2,"math","org.apache.commons.math.ode.EmbeddedRungeKuttaIntegrator","org.apache.commons.math.ode.DormandPrince853Integrator",10
"133",2,"math","org.apache.commons.math.ode.EmbeddedRungeKuttaIntegrator","org.apache.commons.math.ode.HighamHall54Integrator",11
"134",2,"math","org.apache.commons.math.ode.GraggBulirschStoerIntegrator","org.apache.commons.math.ode.AdaptiveStepsizeIntegrator",79
"135",2,"math","org.apache.commons.math.ode.GraggBulirschStoerIntegrator","org.apache.commons.math.ode.SwitchingFunctionsHandler",17
"136",2,"math","org.apache.commons.math.ode.GraggBulirschStoerStepInterpolator","org.apache.commons.math.ode.AbstractStepInterpolator",15
"137",2,"math","org.apache.commons.math.ode.SwitchingFunctionsHandler","org.apache.commons.math.ode.SwitchState",75
"138",2,"math","org.apache.commons.math.ode.SwitchState","org.apache.commons.math.analysis.BrentSolver",16
"139",2,"math","org.apache.commons.math.optimization.NelderMead","org.apache.commons.math.optimization.DirectSearchOptimizer",112
"140",2,"math","org.apache.commons.math.random.EmpiricalDistributionImpl","org.apache.commons.math.stat.descriptive.SummaryStatistics",31
"141",2,"math","org.apache.commons.math.stat.descriptive.AbstractStorelessUnivariateStatistic","org.apache.commons.math.stat.descriptive.moment.Variance",65
"142",2,"math","org.apache.commons.math.stat.descriptive.DescriptiveStatistics","org.apache.commons.math.util.ResizableDoubleArray",120
"143",2,"math","org.apache.commons.math.stat.inference.TTestImpl","org.apache.commons.math.stat.StatUtils",18
"144",2,"math","org.apache.commons.math.transform.FastFourierTransformer","org.apache.commons.math.complex.Complex",317
"145",2,"mockito","org.mockito.asm.AnnotationWriter","org.mockito.asm.ClassWriter",468
"146",2,"mockito","org.mockito.asm.MethodWriter","org.mockito.asm.ByteVector",71
"147",2,"mockito","org.mockito.asm.MethodWriter","org.mockito.asm.ClassWriter",36
"148",2,"mockito","org.mockito.asm.tree.analysis.BasicVerifier","org.mockito.asm.tree.analysis.BasicInterpreter",7
"149",2,"mockito","org.mockito.asm.tree.analysis.BasicVerifier","org.mockito.asm.tree.analysis.SimpleVerifier",2
"150",2,"mockito","org.mockito.asm.util.ASMifierClassVisitor","org.mockito.asm.util.ASMifierAbstractVisitor",24
"151",2,"mockito","org.mockito.cglib.core.CodeEmitter","org.mockito.cglib.core.TypeUtils",178
"152",2,"mockito","org.mockito.cglib.core.EmitUtils","org.mockito.cglib.core.CodeEmitter",73
"153",2,"mockito","org.mockito.cglib.proxy.Enhancer","org.mockito.cglib.core.CodeEmitter",240
"154",2,"mockito","org.mockito.cglib.proxy.Enhancer","org.mockito.cglib.core.ReflectUtils",96
"155",2,"mockito","org.mockito.cglib.proxy.Mixin$Generator","org.mockito.cglib.core.AbstractClassGenerator",9
"156",2,"time","org.joda.time.base.AbstractPartial","org.joda.time.MonthDay",58
"157",2,"time","org.joda.time.base.AbstractPartial","org.joda.time.TimeOfDay",1
"158",2,"time","org.joda.time.base.AbstractPartial","org.joda.time.YearMonth",29
"159",2,"time","org.joda.time.base.BasePeriod","org.joda.time.base.AbstractPeriod",80
"160",2,"time","org.joda.time.chrono.BasicChronology","org.joda.time.chrono.CopticChronology",30
"161",2,"time","org.joda.time.chrono.BasicChronology","org.joda.time.chrono.EthiopicChronology",12
"162",2,"time","org.joda.time.chrono.BasicChronology","org.joda.time.chrono.IslamicChronology",83
"163",2,"time","org.joda.time.chrono.BasicWeekyearDateTimeField","org.joda.time.chrono.BasicChronology",172
"164",2,"time","org.joda.time.chrono.CopticChronology","org.joda.time.DateTimeZone",184
"165",2,"time","org.joda.time.chrono.GJChronology","org.joda.time.chrono.GJChronology$CutoverField",26
"166",2,"time","org.joda.time.chrono.GJChronology","org.joda.time.chrono.JulianChronology",31
"167",2,"time","org.joda.time.chrono.ISOChronology","org.joda.time.chrono.AssembledChronology",69
"168",2,"time","org.joda.time.chrono.ZonedChronology","org.joda.time.chrono.AssembledChronology",62
"169",2,"time","org.joda.time.chrono.ZonedChronology","org.joda.time.DateTimeZone",175
"170",2,"time","org.joda.time.chrono.ZonedChronology$ZonedDateTimeField","org.joda.time.DateTimeZone",173
"171",2,"time","org.joda.time.DateTimeUtils","org.joda.time.DateTimeZone",205
"172",2,"time","org.joda.time.DateTimeZone","org.joda.time.field.FieldUtils",12
"173",2,"time","org.joda.time.DateTimeZone","org.joda.time.format.DateTimeFormat",223
"174",2,"time","org.joda.time.DateTimeZone","org.joda.time.format.FormatUtils",54
"175",2,"time","org.joda.time.DateTimeZone","org.joda.time.tz.FixedDateTimeZone",21
"176",2,"time","org.joda.time.Days","org.joda.time.base.BaseSingleFieldPeriod",112
"177",2,"time","org.joda.time.format.DateTimeFormat","org.joda.time.format.DateTimeFormat$StyleFormatter",22
"178",2,"time","org.joda.time.format.DateTimeFormat","org.joda.time.format.DateTimeFormatterBuilder",79
"179",2,"time","org.joda.time.format.DateTimeFormatter","org.joda.time.DateTimeZone",133
"180",2,"time","org.joda.time.format.DateTimeFormatter","org.joda.time.format.DateTimeParserBucket",64
"181",2,"time","org.joda.time.format.DateTimeFormatterBuilder$PaddedNumber","org.joda.time.format.DateTimeFormatterBuilder",47
"182",2,"time","org.joda.time.format.DateTimeFormatterBuilder$TextField","org.joda.time.format.DateTimeParserBucket",54
"183",2,"time","org.joda.time.format.DateTimeFormatterBuilder$TextField","org.joda.time.MutableDateTime",18
"184",2,"time","org.joda.time.format.DateTimeParserBucket$SavedState","org.joda.time.format.DateTimeParserBucket",15
"185",2,"time","org.joda.time.format.ISODateTimeFormat","org.joda.time.format.DateTimeFormatterBuilder",222
"186",2,"time","org.joda.time.Hours","org.joda.time.base.BaseSingleFieldPeriod",95
"187",2,"time","org.joda.time.LocalDate","org.joda.time.format.ISODateTimeFormat",33
"188",2,"time","org.joda.time.LocalDateTime","org.joda.time.DateTimeZone",330
"189",2,"time","org.joda.time.LocalDateTime","org.joda.time.format.DateTimeFormatter",38
"190",2,"time","org.joda.time.LocalTime$Property","org.joda.time.LocalTime",144
"191",2,"time","org.joda.time.Minutes","org.joda.time.base.BaseSingleFieldPeriod",116
"192",2,"time","org.joda.time.MutableInterval","org.joda.time.base.BaseInterval",9
"193",2,"time","org.joda.time.MutablePeriod","org.joda.time.base.BasePeriod",131
"194",2,"time","org.joda.time.Period","org.joda.time.base.AbstractPeriod",70
"195",2,"time","org.joda.time.Period","org.joda.time.base.BasePeriod",101
"196",2,"time","org.joda.time.Period","org.joda.time.PeriodType",837
"197",2,"time","org.joda.time.Seconds","org.joda.time.base.BaseSingleFieldPeriod",126
"198",2,"time","org.joda.time.tz.ZoneInfoCompiler","org.joda.time.DateTimeZone",275
"199",2,"time","org.joda.time.Weeks","org.joda.time.base.BaseSingleFieldPeriod",130
"200",2,"time","org.joda.time.YearMonthDay","org.joda.time.base.BasePartial",14
"201",3,"closure","com.google.javascript.jscomp.NodeUtil","com.google.javascript.rhino.Node",334
"202",3,"closure","com.google.javascript.rhino.head.IdScriptableObject","com.google.javascript.rhino.head.ScriptableObject",203
"203",3,"closure","com.google.javascript.rhino.head.Interpreter","com.google.javascript.rhino.head.ScriptableObject",33
"204",3,"closure","com.google.javascript.rhino.head.IRFactory","com.google.javascript.rhino.head.Parser",130
"205",3,"closure","com.google.javascript.rhino.head.Parser","com.google.javascript.rhino.head.CompilerEnvirons",76
"206",3,"closure","com.google.javascript.rhino.head.ScriptRuntime","com.google.javascript.rhino.head.ScriptableObject",127
"207",3,"closure","com.google.javascript.rhino.head.tools.debugger.Dim","com.google.javascript.rhino.head.ScriptRuntime",42
"208",3,"closure","com.google.javascript.rhino.head.tools.shell.Global","com.google.javascript.rhino.head.ScriptRuntime",43
"209",3,"closure","com.google.javascript.rhino.JSDocInfoBuilder","com.google.javascript.rhino.JSDocInfo",545
"210",3,"closure","com.google.javascript.rhino.jstype.JSType","com.google.javascript.rhino.jstype.ProxyObjectType",2
"211",3,"closure","com.google.javascript.rhino.jstype.JSType","com.google.javascript.rhino.jstype.UnionType",49
"212",3,"lang","org.apache.commons.lang3.builder.ReflectionToStringBuilder","org.apache.commons.lang3.builder.ToStringBuilder",50
"213",3,"lang","org.apache.commons.lang3.builder.ToStringBuilder","org.apache.commons.lang3.builder.ToStringStyle",115
"214",3,"lang","org.apache.commons.lang3.builder.ToStringStyle","org.apache.commons.lang3.ClassUtils",36
"215",3,"lang","org.apache.commons.lang3.CharUtils","org.apache.commons.lang3.StringUtils",4
"216",3,"lang","org.apache.commons.lang3.concurrent.MultiBackgroundInitializer","org.apache.commons.lang3.concurrent.BackgroundInitializer",40
"217",3,"lang","org.apache.commons.lang3.StringUtils","org.apache.commons.lang3.ArrayUtils",9
"218",3,"lang","org.apache.commons.lang3.text.StrBuilder$StrBuilderReader","org.apache.commons.lang3.text.StrBuilder",106
"219",3,"lang","org.apache.commons.lang3.text.StrSubstitutor","org.apache.commons.lang3.text.StrBuilder",253
"220",3,"lang","org.apache.commons.lang3.text.StrTokenizer","org.apache.commons.lang3.text.StrMatcher",24
"221",3,"lang","org.apache.commons.lang3.text.translate.UnicodeEscaper","org.apache.commons.lang3.text.translate.CharSequenceTranslator",36
"222",3,"lang","org.apache.commons.lang3.time.DurationFormatUtils","org.apache.commons.lang3.time.DurationFormatUtils$Token",9
"223",3,"lang","org.apache.commons.lang3.time.FastDateFormat","org.apache.commons.lang3.time.FastDateFormat$TextField",4
"224",3,"math","org.apache.commons.math.analysis.LaguerreSolver","org.apache.commons.math.complex.Complex",421
"225",3,"math","org.apache.commons.math.analysis.MullerSolver","org.apache.commons.math.analysis.UnivariateRealSolverImpl",107
"226",3,"math","org.apache.commons.math.distribution.AbstractIntegerDistribution","org.apache.commons.math.distribution.HypergeometricDistributionImpl",71
"227",3,"math","org.apache.commons.math.fraction.ProperFractionFormat","org.apache.commons.math.fraction.FractionFormat",92
"228",3,"math","org.apache.commons.math.geometry.Rotation","org.apache.commons.math.geometry.Vector3D",118
"229",3,"math","org.apache.commons.math.linear.MatrixUtils","org.apache.commons.math.linear.BigMatrixImpl",101
"230",3,"math","org.apache.commons.math.ode.AbstractStepInterpolator","org.apache.commons.math.ode.DormandPrince853StepInterpolator",64
"231",3,"math","org.apache.commons.math.ode.ContinuousOutputModel","org.apache.commons.math.ode.AbstractStepInterpolator",47
"232",3,"math","org.apache.commons.math.ode.EmbeddedRungeKuttaIntegrator","org.apache.commons.math.ode.DormandPrince853Integrator",8
"233",3,"math","org.apache.commons.math.ode.EmbeddedRungeKuttaIntegrator","org.apache.commons.math.ode.HighamHall54Integrator",9
"234",3,"math","org.apache.commons.math.ode.GraggBulirschStoerIntegrator","org.apache.commons.math.ode.AdaptiveStepsizeIntegrator",97
"235",3,"math","org.apache.commons.math.ode.GraggBulirschStoerIntegrator","org.apache.commons.math.ode.SwitchingFunctionsHandler",41
"236",3,"math","org.apache.commons.math.ode.GraggBulirschStoerStepInterpolator","org.apache.commons.math.ode.AbstractStepInterpolator",37
"237",3,"math","org.apache.commons.math.ode.SwitchingFunctionsHandler","org.apache.commons.math.ode.SwitchState",61
"238",3,"math","org.apache.commons.math.ode.SwitchState","org.apache.commons.math.analysis.BrentSolver",34
"239",3,"math","org.apache.commons.math.optimization.NelderMead","org.apache.commons.math.optimization.DirectSearchOptimizer",129
"240",3,"math","org.apache.commons.math.random.EmpiricalDistributionImpl","org.apache.commons.math.stat.descriptive.SummaryStatistics",36
"241",3,"math","org.apache.commons.math.stat.descriptive.AbstractStorelessUnivariateStatistic","org.apache.commons.math.stat.descriptive.moment.Variance",56
"242",3,"math","org.apache.commons.math.stat.descriptive.DescriptiveStatistics","org.apache.commons.math.util.ResizableDoubleArray",128
"243",3,"math","org.apache.commons.math.stat.inference.TTestImpl","org.apache.commons.math.stat.StatUtils",18
"244",3,"math","org.apache.commons.math.transform.FastFourierTransformer","org.apache.commons.math.complex.Complex",353
"245",3,"mockito","org.mockito.asm.AnnotationWriter","org.mockito.asm.ClassWriter",482
"246",3,"mockito","org.mockito.asm.MethodWriter","org.mockito.asm.ByteVector",88
"247",3,"mockito","org.mockito.asm.MethodWriter","org.mockito.asm.ClassWriter",83
"248",3,"mockito","org.mockito.asm.tree.analysis.BasicVerifier","org.mockito.asm.tree.analysis.BasicInterpreter",31
"249",3,"mockito","org.mockito.asm.tree.analysis.BasicVerifier","org.mockito.asm.tree.analysis.SimpleVerifier",3
"250",3,"mockito","org.mockito.cglib.core.ClassEmitter","org.mockito.cglib.transform.impl.InterceptFieldTransformer",6
"251",3,"mockito","org.mockito.cglib.core.CodeEmitter","org.mockito.cglib.core.ClassEmitter",1
"252",3,"mockito","org.mockito.cglib.core.CodeEmitter","org.mockito.cglib.core.TypeUtils",195
"253",3,"mockito","org.mockito.cglib.core.EmitUtils","org.mockito.cglib.core.CodeEmitter",57
"254",3,"mockito","org.mockito.cglib.proxy.Enhancer","org.mockito.cglib.core.ReflectUtils",96
"255",3,"mockito","org.mockito.cglib.proxy.Mixin$Generator","org.mockito.cglib.core.AbstractClassGenerator",6
"256",3,"time","org.joda.time.base.AbstractPartial","org.joda.time.MonthDay",42
"257",3,"time","org.joda.time.base.AbstractPartial","org.joda.time.TimeOfDay",1
"258",3,"time","org.joda.time.base.AbstractPartial","org.joda.time.YearMonth",34
"259",3,"time","org.joda.time.base.BasePeriod","org.joda.time.base.AbstractPeriod",52
"260",3,"time","org.joda.time.chrono.BasicChronology","org.joda.time.chrono.CopticChronology",84
"261",3,"time","org.joda.time.chrono.BasicChronology","org.joda.time.chrono.EthiopicChronology",2
"262",3,"time","org.joda.time.chrono.BasicChronology","org.joda.time.chrono.IslamicChronology",81
"263",3,"time","org.joda.time.chrono.BasicWeekyearDateTimeField","org.joda.time.chrono.BasicChronology",233
"264",3,"time","org.joda.time.chrono.CopticChronology","org.joda.time.DateTimeZone",174
"265",3,"time","org.joda.time.chrono.GJChronology","org.joda.time.chrono.GJChronology$CutoverField",57
"266",3,"time","org.joda.time.chrono.GJChronology","org.joda.time.chrono.JulianChronology",16
"267",3,"time","org.joda.time.chrono.ISOChronology","org.joda.time.chrono.AssembledChronology",86
"268",3,"time","org.joda.time.chrono.ISOChronology","org.joda.time.DateTimeZone",230
"269",3,"time","org.joda.time.chrono.ZonedChronology","org.joda.time.chrono.AssembledChronology",67
"270",3,"time","org.joda.time.chrono.ZonedChronology","org.joda.time.DateTimeZone",181
"271",3,"time","org.joda.time.chrono.ZonedChronology$ZonedDateTimeField","org.joda.time.DateTimeZone",155
"272",3,"time","org.joda.time.DateTimeUtils","org.joda.time.DateTimeZone",185
"273",3,"time","org.joda.time.DateTimeZone","org.joda.time.field.FieldUtils",12
"274",3,"time","org.joda.time.DateTimeZone","org.joda.time.tz.FixedDateTimeZone",21
"275",3,"time","org.joda.time.Days","org.joda.time.base.BaseSingleFieldPeriod",81
"276",3,"time","org.joda.time.format.DateTimeFormat","org.joda.time.format.DateTimeFormat$StyleFormatter",16
"277",3,"time","org.joda.time.format.DateTimeFormat","org.joda.time.format.DateTimeFormatterBuilder",32
"278",3,"time","org.joda.time.format.DateTimeFormatter","org.joda.time.DateTimeZone",114
"279",3,"time","org.joda.time.format.DateTimeFormatter","org.joda.time.format.DateTimeParserBucket",96
"280",3,"time","org.joda.time.format.DateTimeFormatterBuilder$PaddedNumber","org.joda.time.format.DateTimeFormatterBuilder",9
"281",3,"time","org.joda.time.format.DateTimeFormatterBuilder$TextField","org.joda.time.format.DateTimeParserBucket",79
"282",3,"time","org.joda.time.format.DateTimeFormatterBuilder$TextField","org.joda.time.MutableDateTime",8
"283",3,"time","org.joda.time.format.DateTimeParserBucket$SavedState","org.joda.time.format.DateTimeParserBucket",16
"284",3,"time","org.joda.time.format.ISODateTimeFormat","org.joda.time.format.DateTimeFormatterBuilder",225
"285",3,"time","org.joda.time.Hours","org.joda.time.base.BaseSingleFieldPeriod",89
"286",3,"time","org.joda.time.LocalDate","org.joda.time.format.ISODateTimeFormat",36
"287",3,"time","org.joda.time.LocalDateTime","org.joda.time.DateTimeZone",335
"288",3,"time","org.joda.time.LocalDateTime","org.joda.time.format.DateTimeFormatter",46
"289",3,"time","org.joda.time.LocalTime$Property","org.joda.time.LocalTime",50
"290",3,"time","org.joda.time.Minutes","org.joda.time.base.BaseSingleFieldPeriod",130
"291",3,"time","org.joda.time.MutableInterval","org.joda.time.base.BaseInterval",24
"292",3,"time","org.joda.time.MutablePeriod","org.joda.time.base.BasePeriod",137
"293",3,"time","org.joda.time.Period","org.joda.time.base.AbstractPeriod",59
"294",3,"time","org.joda.time.Period","org.joda.time.base.BasePeriod",131
"295",3,"time","org.joda.time.Period","org.joda.time.PeriodType",829
"296",3,"time","org.joda.time.Seconds","org.joda.time.base.BaseSingleFieldPeriod",119
"297",3,"time","org.joda.time.tz.ZoneInfoCompiler","org.joda.time.DateTimeZone",195
"298",3,"time","org.joda.time.Weeks","org.joda.time.base.BaseSingleFieldPeriod",128
"299",3,"time","org.joda.time.YearMonthDay","org.joda.time.base.BasePartial",11
"300",4,"closure","com.google.javascript.rhino.head.IdScriptableObject","com.google.javascript.rhino.head.ScriptableObject",149
"301",4,"closure","com.google.javascript.rhino.head.Interpreter","com.google.javascript.rhino.head.InterpretedFunction",2
"302",4,"closure","com.google.javascript.rhino.head.IRFactory","com.google.javascript.rhino.head.Node",68
"303",4,"closure","com.google.javascript.rhino.head.IRFactory","com.google.javascript.rhino.head.Parser",157
"304",4,"closure","com.google.javascript.rhino.head.NativeArray","com.google.javascript.rhino.head.ScriptableObject",189
"305",4,"closure","com.google.javascript.rhino.head.NativeObject","com.google.javascript.rhino.head.ScriptableObject",261
"306",4,"closure","com.google.javascript.rhino.head.ScriptableObject","com.google.javascript.rhino.head.FunctionObject",15
"307",4,"closure","com.google.javascript.rhino.head.tools.debugger.Dim","com.google.javascript.rhino.head.ScriptRuntime",30
"308",4,"closure","com.google.javascript.rhino.head.tools.shell.Global","com.google.javascript.rhino.head.ScriptRuntime",32
"309",4,"closure","com.google.javascript.rhino.jstype.JSType","com.google.javascript.rhino.jstype.ProxyObjectType",2
"310",4,"lang","org.apache.commons.lang3.builder.ReflectionToStringBuilder","org.apache.commons.lang3.builder.ToStringBuilder",38
"311",4,"lang","org.apache.commons.lang3.builder.ToStringBuilder","org.apache.commons.lang3.builder.ToStringStyle",166
"312",4,"lang","org.apache.commons.lang3.builder.ToStringStyle","org.apache.commons.lang3.ClassUtils",36
"313",4,"lang","org.apache.commons.lang3.CharUtils","org.apache.commons.lang3.StringUtils",10
"314",4,"lang","org.apache.commons.lang3.concurrent.MultiBackgroundInitializer","org.apache.commons.lang3.concurrent.BackgroundInitializer",46
"315",4,"lang","org.apache.commons.lang3.StringUtils","org.apache.commons.lang3.ArrayUtils",9
"316",4,"lang","org.apache.commons.lang3.text.StrBuilder$StrBuilderReader","org.apache.commons.lang3.text.StrBuilder",89
"317",4,"lang","org.apache.commons.lang3.text.StrSubstitutor","org.apache.commons.lang3.text.StrBuilder",258
"318",4,"lang","org.apache.commons.lang3.text.StrTokenizer","org.apache.commons.lang3.text.StrMatcher",11
"319",4,"lang","org.apache.commons.lang3.text.translate.UnicodeEscaper","org.apache.commons.lang3.text.translate.CharSequenceTranslator",14
"320",4,"lang","org.apache.commons.lang3.time.DurationFormatUtils","org.apache.commons.lang3.time.DurationFormatUtils$Token",8
"321",4,"lang","org.apache.commons.lang3.time.FastDateFormat","org.apache.commons.lang3.time.FastDateFormat$TextField",4
"322",4,"math","org.apache.commons.math.analysis.LaguerreSolver","org.apache.commons.math.complex.Complex",154
"323",4,"math","org.apache.commons.math.analysis.MullerSolver","org.apache.commons.math.analysis.UnivariateRealSolverImpl",102
"324",4,"math","org.apache.commons.math.distribution.AbstractIntegerDistribution","org.apache.commons.math.distribution.HypergeometricDistributionImpl",48
"325",4,"math","org.apache.commons.math.fraction.ProperFractionFormat","org.apache.commons.math.fraction.FractionFormat",101
"326",4,"math","org.apache.commons.math.geometry.Rotation","org.apache.commons.math.geometry.Vector3D",139
"327",4,"math","org.apache.commons.math.linear.MatrixUtils","org.apache.commons.math.linear.BigMatrixImpl",108
"328",4,"math","org.apache.commons.math.ode.AbstractStepInterpolator","org.apache.commons.math.ode.DormandPrince853StepInterpolator",64
"329",4,"math","org.apache.commons.math.ode.ContinuousOutputModel","org.apache.commons.math.ode.AbstractStepInterpolator",47
"330",4,"math","org.apache.commons.math.ode.EmbeddedRungeKuttaIntegrator","org.apache.commons.math.ode.DormandPrince853Integrator",11
"331",4,"math","org.apache.commons.math.ode.EmbeddedRungeKuttaIntegrator","org.apache.commons.math.ode.HighamHall54Integrator",8
"332",4,"math","org.apache.commons.math.ode.GraggBulirschStoerIntegrator","org.apache.commons.math.ode.AdaptiveStepsizeIntegrator",86
"333",4,"math","org.apache.commons.math.ode.GraggBulirschStoerIntegrator","org.apache.commons.math.ode.SwitchingFunctionsHandler",19
"334",4,"math","org.apache.commons.math.ode.GraggBulirschStoerStepInterpolator","org.apache.commons.math.ode.AbstractStepInterpolator",45
"335",4,"math","org.apache.commons.math.ode.SwitchingFunctionsHandler","org.apache.commons.math.ode.SwitchState",72
"336",4,"math","org.apache.commons.math.ode.SwitchState","org.apache.commons.math.analysis.BrentSolver",60
"337",4,"math","org.apache.commons.math.optimization.NelderMead","org.apache.commons.math.optimization.DirectSearchOptimizer",123
"338",4,"math","org.apache.commons.math.random.EmpiricalDistributionImpl","org.apache.commons.math.stat.descriptive.SummaryStatistics",36
"339",4,"math","org.apache.commons.math.stat.descriptive.AbstractStorelessUnivariateStatistic","org.apache.commons.math.stat.descriptive.moment.Variance",52
"340",4,"math","org.apache.commons.math.stat.descriptive.DescriptiveStatistics","org.apache.commons.math.util.ResizableDoubleArray",128
"341",4,"math","org.apache.commons.math.stat.inference.TTestImpl","org.apache.commons.math.stat.StatUtils",20
"342",4,"math","org.apache.commons.math.transform.FastFourierTransformer","org.apache.commons.math.complex.Complex",365
"343",4,"mockito","org.mockito.asm.AnnotationWriter","org.mockito.asm.ClassWriter",471
"344",4,"mockito","org.mockito.asm.MethodWriter","org.mockito.asm.ByteVector",103
"345",4,"mockito","org.mockito.asm.MethodWriter","org.mockito.asm.ClassWriter",136
"346",4,"mockito","org.mockito.asm.tree.analysis.BasicVerifier","org.mockito.asm.tree.analysis.BasicInterpreter",29
"347",4,"mockito","org.mockito.asm.util.ASMifierClassVisitor","org.mockito.asm.util.ASMifierAbstractVisitor",24
"348",4,"mockito","org.mockito.cglib.core.CodeEmitter","org.mockito.cglib.core.ClassEmitter",1
"349",4,"mockito","org.mockito.cglib.core.CodeEmitter","org.mockito.cglib.core.TypeUtils",218
"350",4,"mockito","org.mockito.cglib.core.EmitUtils","org.mockito.cglib.core.CodeEmitter",113
"351",4,"mockito","org.mockito.cglib.proxy.Enhancer","org.mockito.cglib.core.CodeEmitter",240
"352",4,"mockito","org.mockito.cglib.proxy.Enhancer","org.mockito.cglib.core.ReflectUtils",96
"353",4,"mockito","org.mockito.cglib.proxy.Mixin$Generator","org.mockito.cglib.core.AbstractClassGenerator",9
"354",4,"mockito","org.mockito.cglib.proxy.Mixin$Generator","org.mockito.cglib.core.ReflectUtils",168
"355",4,"time","org.joda.time.base.AbstractPartial","org.joda.time.MonthDay",24
"356",4,"time","org.joda.time.base.AbstractPartial","org.joda.time.TimeOfDay",32
"357",4,"time","org.joda.time.base.AbstractPartial","org.joda.time.YearMonth",36
"358",4,"time","org.joda.time.base.BasePeriod","org.joda.time.base.AbstractPeriod",70
"359",4,"time","org.joda.time.chrono.BasicChronology","org.joda.time.chrono.CopticChronology",8
"360",4,"time","org.joda.time.chrono.BasicChronology","org.joda.time.chrono.EthiopicChronology",7
"361",4,"time","org.joda.time.chrono.BasicChronology","org.joda.time.chrono.IslamicChronology",43
"362",4,"time","org.joda.time.chrono.BasicWeekyearDateTimeField","org.joda.time.chrono.BasicChronology",424
"363",4,"time","org.joda.time.chrono.CopticChronology","org.joda.time.DateTimeZone",223
"364",4,"time","org.joda.time.chrono.GJChronology","org.joda.time.chrono.GJChronology$CutoverField",53
"365",4,"time","org.joda.time.chrono.GJChronology","org.joda.time.chrono.JulianChronology",52
"366",4,"time","org.joda.time.chrono.ISOChronology","org.joda.time.chrono.AssembledChronology",68
"367",4,"time","org.joda.time.chrono.ISOChronology","org.joda.time.DateTimeZone",348
"368",4,"time","org.joda.time.chrono.ZonedChronology","org.joda.time.chrono.AssembledChronology",151
"369",4,"time","org.joda.time.chrono.ZonedChronology","org.joda.time.DateTimeZone",192
"370",4,"time","org.joda.time.chrono.ZonedChronology$ZonedDateTimeField","org.joda.time.DateTimeZone",177
"371",4,"time","org.joda.time.DateTimeUtils","org.joda.time.DateTimeZone",139
"372",4,"time","org.joda.time.DateTimeZone","org.joda.time.field.FieldUtils",12
"373",4,"time","org.joda.time.DateTimeZone","org.joda.time.format.DateTimeFormat",208
"374",4,"time","org.joda.time.DateTimeZone","org.joda.time.format.FormatUtils",51
"375",4,"time","org.joda.time.DateTimeZone","org.joda.time.tz.FixedDateTimeZone",18
"376",4,"time","org.joda.time.Days","org.joda.time.base.BaseSingleFieldPeriod",110
"377",4,"time","org.joda.time.format.DateTimeFormat","org.joda.time.format.DateTimeFormat$StyleFormatter",9
"378",4,"time","org.joda.time.format.DateTimeFormat","org.joda.time.format.DateTimeFormatterBuilder",32
"379",4,"time","org.joda.time.format.DateTimeFormatter","org.joda.time.DateTimeZone",107
"380",4,"time","org.joda.time.format.DateTimeFormatter","org.joda.time.format.DateTimeParserBucket",47
"381",4,"time","org.joda.time.format.DateTimeFormatterBuilder$PaddedNumber","org.joda.time.format.DateTimeFormatterBuilder",42
"382",4,"time","org.joda.time.format.DateTimeFormatterBuilder$TextField","org.joda.time.format.DateTimeParserBucket",65
"383",4,"time","org.joda.time.format.DateTimeFormatterBuilder$TextField","org.joda.time.MutableDateTime",15
"384",4,"time","org.joda.time.format.DateTimeParserBucket$SavedState","org.joda.time.format.DateTimeParserBucket",16
"385",4,"time","org.joda.time.format.ISODateTimeFormat","org.joda.time.format.DateTimeFormatterBuilder",224
"386",4,"time","org.joda.time.Hours","org.joda.time.base.BaseSingleFieldPeriod",113
"387",4,"time","org.joda.time.LocalDate","org.joda.time.format.ISODateTimeFormat",40
"388",4,"time","org.joda.time.LocalDateTime","org.joda.time.DateTimeZone",187
"389",4,"time","org.joda.time.LocalDateTime","org.joda.time.format.DateTimeFormatter",78
"390",4,"time","org.joda.time.LocalTime$Property","org.joda.time.LocalTime",95
"391",4,"time","org.joda.time.Minutes","org.joda.time.base.BaseSingleFieldPeriod",136
"392",4,"time","org.joda.time.MutableInterval","org.joda.time.base.BaseInterval",17
"393",4,"time","org.joda.time.MutablePeriod","org.joda.time.base.BasePeriod",129
"394",4,"time","org.joda.time.Period","org.joda.time.base.AbstractPeriod",82
"395",4,"time","org.joda.time.Period","org.joda.time.base.BasePeriod",137
"396",4,"time","org.joda.time.Period","org.joda.time.PeriodType",101
"397",4,"time","org.joda.time.Seconds","org.joda.time.base.BaseSingleFieldPeriod",128
"398",4,"time","org.joda.time.tz.ZoneInfoCompiler","org.joda.time.DateTimeZone",315
"399",4,"time","org.joda.time.Weeks","org.joda.time.base.BaseSingleFieldPeriod",125
"400",4,"time","org.joda.time.YearMonthDay","org.joda.time.base.BasePartial",5
"401",5,"closure","com.google.javascript.jscomp.NodeUtil","com.google.javascript.rhino.Node",230
"402",5,"closure","com.google.javascript.rhino.head.Interpreter","com.google.javascript.rhino.head.ScriptableObject",242
"403",5,"closure","com.google.javascript.rhino.head.IRFactory","com.google.javascript.rhino.head.Parser",257
"404",5,"closure","com.google.javascript.rhino.head.NativeArray","com.google.javascript.rhino.head.IdScriptableObject",98
"405",5,"closure","com.google.javascript.rhino.head.NativeArray","com.google.javascript.rhino.head.ScriptRuntime",100
"406",5,"closure","com.google.javascript.rhino.head.NativeObject","com.google.javascript.rhino.head.ScriptableObject",326
"407",5,"closure","com.google.javascript.rhino.head.ScriptRuntime","com.google.javascript.rhino.head.ScriptableObject",136
"408",5,"closure","com.google.javascript.rhino.head.tools.debugger.Dim","com.google.javascript.rhino.head.ScriptRuntime",9
"409",5,"closure","com.google.javascript.rhino.head.tools.shell.Global","com.google.javascript.rhino.head.ScriptRuntime",21
"410",5,"lang","org.apache.commons.lang3.builder.ReflectionToStringBuilder","org.apache.commons.lang3.builder.ToStringBuilder",50
"411",5,"lang","org.apache.commons.lang3.builder.ToStringBuilder","org.apache.commons.lang3.builder.ToStringStyle",102
"412",5,"lang","org.apache.commons.lang3.builder.ToStringStyle","org.apache.commons.lang3.ClassUtils",36
"413",5,"lang","org.apache.commons.lang3.CharUtils","org.apache.commons.lang3.StringUtils",4
"414",5,"lang","org.apache.commons.lang3.concurrent.MultiBackgroundInitializer","org.apache.commons.lang3.concurrent.BackgroundInitializer",38
"415",5,"lang","org.apache.commons.lang3.StringUtils","org.apache.commons.lang3.ArrayUtils",9
"416",5,"lang","org.apache.commons.lang3.text.StrBuilder$StrBuilderReader","org.apache.commons.lang3.text.StrBuilder",112
"417",5,"lang","org.apache.commons.lang3.text.StrSubstitutor","org.apache.commons.lang3.text.StrBuilder",309
"418",5,"lang","org.apache.commons.lang3.text.StrTokenizer","org.apache.commons.lang3.text.StrMatcher",25
"419",5,"lang","org.apache.commons.lang3.text.translate.UnicodeEscaper","org.apache.commons.lang3.text.translate.CharSequenceTranslator",35
"420",5,"lang","org.apache.commons.lang3.time.DurationFormatUtils","org.apache.commons.lang3.time.DurationFormatUtils$Token",9
"421",5,"lang","org.apache.commons.lang3.time.FastDateFormat","org.apache.commons.lang3.time.FastDateFormat$TextField",4
"422",5,"math","org.apache.commons.math.analysis.LaguerreSolver","org.apache.commons.math.complex.Complex",403
"423",5,"math","org.apache.commons.math.analysis.MullerSolver","org.apache.commons.math.analysis.UnivariateRealSolverImpl",103
"424",5,"math","org.apache.commons.math.distribution.AbstractIntegerDistribution","org.apache.commons.math.distribution.HypergeometricDistributionImpl",45
"425",5,"math","org.apache.commons.math.fraction.ProperFractionFormat","org.apache.commons.math.fraction.FractionFormat",103
"426",5,"math","org.apache.commons.math.geometry.Rotation","org.apache.commons.math.geometry.Vector3D",125
"427",5,"math","org.apache.commons.math.linear.MatrixUtils","org.apache.commons.math.linear.BigMatrixImpl",112
"428",5,"math","org.apache.commons.math.ode.AbstractStepInterpolator","org.apache.commons.math.ode.DormandPrince853StepInterpolator",81
"429",5,"math","org.apache.commons.math.ode.ContinuousOutputModel","org.apache.commons.math.ode.AbstractStepInterpolator",36
"430",5,"math","org.apache.commons.math.ode.EmbeddedRungeKuttaIntegrator","org.apache.commons.math.ode.DormandPrince853Integrator",12
"431",5,"math","org.apache.commons.math.ode.EmbeddedRungeKuttaIntegrator","org.apache.commons.math.ode.HighamHall54Integrator",7
"432",5,"math","org.apache.commons.math.ode.GraggBulirschStoerIntegrator","org.apache.commons.math.ode.AdaptiveStepsizeIntegrator",88
"433",5,"math","org.apache.commons.math.ode.GraggBulirschStoerIntegrator","org.apache.commons.math.ode.SwitchingFunctionsHandler",11
"434",5,"math","org.apache.commons.math.ode.GraggBulirschStoerStepInterpolator","org.apache.commons.math.ode.AbstractStepInterpolator",16
"435",5,"math","org.apache.commons.math.ode.SwitchingFunctionsHandler","org.apache.commons.math.ode.SwitchState",78
"436",5,"math","org.apache.commons.math.ode.SwitchState","org.apache.commons.math.analysis.BrentSolver",57
"437",5,"math","org.apache.commons.math.optimization.NelderMead","org.apache.commons.math.optimization.DirectSearchOptimizer",89
"438",5,"math","org.apache.commons.math.random.EmpiricalDistributionImpl","org.apache.commons.math.stat.descriptive.SummaryStatistics",31
"439",5,"math","org.apache.commons.math.stat.descriptive.AbstractStorelessUnivariateStatistic","org.apache.commons.math.stat.descriptive.moment.Variance",32
"440",5,"math","org.apache.commons.math.stat.descriptive.DescriptiveStatistics","org.apache.commons.math.util.ResizableDoubleArray",127
"441",5,"math","org.apache.commons.math.stat.inference.TTestImpl","org.apache.commons.math.stat.StatUtils",35
"442",5,"math","org.apache.commons.math.transform.FastFourierTransformer","org.apache.commons.math.complex.Complex",335
"443",5,"mockito","org.mockito.asm.AnnotationWriter","org.mockito.asm.ClassWriter",429
"444",5,"mockito","org.mockito.asm.MethodWriter","org.mockito.asm.ByteVector",86
"445",5,"mockito","org.mockito.asm.MethodWriter","org.mockito.asm.ClassWriter",48
"446",5,"mockito","org.mockito.asm.tree.analysis.BasicVerifier","org.mockito.asm.tree.analysis.BasicInterpreter",9
"447",5,"mockito","org.mockito.asm.tree.analysis.BasicVerifier","org.mockito.asm.tree.analysis.SimpleVerifier",18
"448",5,"mockito","org.mockito.asm.util.ASMifierClassVisitor","org.mockito.asm.util.ASMifierAbstractVisitor",24
"449",5,"mockito","org.mockito.cglib.core.CodeEmitter","org.mockito.cglib.core.ClassEmitter",1
"450",5,"mockito","org.mockito.cglib.core.CodeEmitter","org.mockito.cglib.core.TypeUtils",202
"451",5,"mockito","org.mockito.cglib.core.EmitUtils","org.mockito.cglib.core.CodeEmitter",101
"452",5,"mockito","org.mockito.cglib.proxy.Enhancer","org.mockito.cglib.core.ReflectUtils",95
"453",5,"mockito","org.mockito.cglib.proxy.Mixin$Generator","org.mockito.cglib.core.AbstractClassGenerator",9
"454",5,"mockito","org.mockito.cglib.proxy.Mixin$Generator","org.mockito.cglib.core.ReflectUtils",156
"455",5,"time","org.joda.time.base.AbstractPartial","org.joda.time.MonthDay",17
"456",5,"time","org.joda.time.base.AbstractPartial","org.joda.time.TimeOfDay",1
"457",5,"time","org.joda.time.base.AbstractPartial","org.joda.time.YearMonth",51
"458",5,"time","org.joda.time.base.AbstractPartial","org.joda.time.YearMonthDay",9
"459",5,"time","org.joda.time.base.BasePeriod","org.joda.time.base.AbstractPeriod",87
"460",5,"time","org.joda.time.chrono.BasicChronology","org.joda.time.chrono.CopticChronology",83
"461",5,"time","org.joda.time.chrono.BasicChronology","org.joda.time.chrono.EthiopicChronology",8
"462",5,"time","org.joda.time.chrono.BasicChronology","org.joda.time.chrono.IslamicChronology",100
"463",5,"time","org.joda.time.chrono.BasicWeekyearDateTimeField","org.joda.time.chrono.BasicChronology",167
"464",5,"time","org.joda.time.chrono.CopticChronology","org.joda.time.DateTimeZone",186
"465",5,"time","org.joda.time.chrono.GJChronology","org.joda.time.chrono.GJChronology$CutoverField",31
"466",5,"time","org.joda.time.chrono.GJChronology","org.joda.time.chrono.JulianChronology",33
"467",5,"time","org.joda.time.chrono.ISOChronology","org.joda.time.chrono.AssembledChronology",52
"468",5,"time","org.joda.time.chrono.ISOChronology","org.joda.time.DateTimeZone",217
"469",5,"time","org.joda.time.chrono.ZonedChronology","org.joda.time.chrono.AssembledChronology",135
"470",5,"time","org.joda.time.chrono.ZonedChronology","org.joda.time.DateTimeZone",201
"471",5,"time","org.joda.time.chrono.ZonedChronology$ZonedDateTimeField","org.joda.time.DateTimeZone",174
"472",5,"time","org.joda.time.DateTimeUtils","org.joda.time.DateTimeZone",43
"473",5,"time","org.joda.time.DateTimeZone","org.joda.time.field.FieldUtils",23
"474",5,"time","org.joda.time.DateTimeZone","org.joda.time.format.DateTimeFormat",224
"475",5,"time","org.joda.time.DateTimeZone","org.joda.time.format.FormatUtils",69
"476",5,"time","org.joda.time.DateTimeZone","org.joda.time.tz.FixedDateTimeZone",18
"477",5,"time","org.joda.time.Days","org.joda.time.base.BaseSingleFieldPeriod",122
"478",5,"time","org.joda.time.format.DateTimeFormat","org.joda.time.format.DateTimeFormat$StyleFormatter",8
"479",5,"time","org.joda.time.format.DateTimeFormat","org.joda.time.format.DateTimeFormatterBuilder",68
"480",5,"time","org.joda.time.format.DateTimeFormatter","org.joda.time.DateTimeZone",121
"481",5,"time","org.joda.time.format.DateTimeFormatter","org.joda.time.format.DateTimeParserBucket",66
"482",5,"time","org.joda.time.format.DateTimeFormatterBuilder$PaddedNumber","org.joda.time.format.DateTimeFormatterBuilder",29
"483",5,"time","org.joda.time.format.DateTimeFormatterBuilder$TextField","org.joda.time.format.DateTimeParserBucket",55
"484",5,"time","org.joda.time.format.DateTimeFormatterBuilder$TextField","org.joda.time.MutableDateTime",9
"485",5,"time","org.joda.time.format.DateTimeParserBucket$SavedState","org.joda.time.format.DateTimeParserBucket",15
"486",5,"time","org.joda.time.format.ISODateTimeFormat","org.joda.time.format.DateTimeFormatterBuilder",224
"487",5,"time","org.joda.time.Hours","org.joda.time.base.BaseSingleFieldPeriod",95
"488",5,"time","org.joda.time.LocalDate","org.joda.time.DateTime",2
"489",5,"time","org.joda.time.LocalDate","org.joda.time.format.ISODateTimeFormat",40
"490",5,"time","org.joda.time.LocalDateTime","org.joda.time.DateTimeZone",413
"491",5,"time","org.joda.time.LocalDateTime","org.joda.time.format.DateTimeFormatter",72
"492",5,"time","org.joda.time.LocalTime$Property","org.joda.time.LocalTime",40
"493",5,"time","org.joda.time.Minutes","org.joda.time.base.BaseSingleFieldPeriod",138
"494",5,"time","org.joda.time.MutableInterval","org.joda.time.base.BaseInterval",12
"495",5,"time","org.joda.time.MutablePeriod","org.joda.time.base.BasePeriod",128
"496",5,"time","org.joda.time.Period","org.joda.time.base.AbstractPeriod",67
"497",5,"time","org.joda.time.Period","org.joda.time.base.BasePeriod",109
"498",5,"time","org.joda.time.Period","org.joda.time.PeriodType",840
"499",5,"time","org.joda.time.Seconds","org.joda.time.base.BaseSingleFieldPeriod",97
"500",5,"time","org.joda.time.tz.ZoneInfoCompiler","org.joda.time.DateTimeZone",187
"501",5,"time","org.joda.time.Weeks","org.joda.time.base.BaseSingleFieldPeriod",120
"502",5,"time","org.joda.time.YearMonthDay","org.joda.time.base.BasePartial",15
"503",6,"closure","com.google.javascript.rhino.head.IRFactory","com.google.javascript.rhino.head.Node",74
"504",6,"closure","com.google.javascript.rhino.head.NativeArray","com.google.javascript.rhino.head.IdScriptableObject",83
"505",6,"closure","com.google.javascript.rhino.head.NativeObject","com.google.javascript.rhino.head.ScriptableObject",189
"506",6,"closure","com.google.javascript.rhino.head.ScriptRuntime","com.google.javascript.rhino.head.ScriptableObject",146
"507",6,"closure","com.google.javascript.rhino.head.tools.shell.Global","com.google.javascript.rhino.head.ScriptRuntime",11
"508",6,"lang","org.apache.commons.lang3.builder.ReflectionToStringBuilder","org.apache.commons.lang3.builder.ToStringBuilder",46
"509",6,"lang","org.apache.commons.lang3.builder.ToStringBuilder","org.apache.commons.lang3.builder.ToStringStyle",189
"510",6,"lang","org.apache.commons.lang3.builder.ToStringStyle","org.apache.commons.lang3.ClassUtils",36
"511",6,"lang","org.apache.commons.lang3.CharUtils","org.apache.commons.lang3.StringUtils",4
"512",6,"lang","org.apache.commons.lang3.concurrent.MultiBackgroundInitializer","org.apache.commons.lang3.concurrent.BackgroundInitializer",35
"513",6,"lang","org.apache.commons.lang3.StringUtils","org.apache.commons.lang3.ArrayUtils",9
"514",6,"lang","org.apache.commons.lang3.text.StrBuilder$StrBuilderReader","org.apache.commons.lang3.text.StrBuilder",99
"515",6,"lang","org.apache.commons.lang3.text.StrSubstitutor","org.apache.commons.lang3.text.StrBuilder",289
"516",6,"lang","org.apache.commons.lang3.text.StrTokenizer","org.apache.commons.lang3.text.StrMatcher",11
"517",6,"lang","org.apache.commons.lang3.text.translate.UnicodeEscaper","org.apache.commons.lang3.text.translate.CharSequenceTranslator",36
"518",6,"lang","org.apache.commons.lang3.time.DurationFormatUtils","org.apache.commons.lang3.time.DurationFormatUtils$Token",15
"519",6,"lang","org.apache.commons.lang3.time.FastDateFormat","org.apache.commons.lang3.time.FastDateFormat$TextField",12
"520",6,"math","org.apache.commons.math.analysis.LaguerreSolver","org.apache.commons.math.complex.Complex",291
"521",6,"math","org.apache.commons.math.analysis.MullerSolver","org.apache.commons.math.analysis.UnivariateRealSolverImpl",101
"522",6,"math","org.apache.commons.math.distribution.AbstractIntegerDistribution","org.apache.commons.math.distribution.HypergeometricDistributionImpl",55
"523",6,"math","org.apache.commons.math.fraction.ProperFractionFormat","org.apache.commons.math.fraction.FractionFormat",95
"524",6,"math","org.apache.commons.math.geometry.Rotation","org.apache.commons.math.geometry.Vector3D",129
"525",6,"math","org.apache.commons.math.linear.MatrixUtils","org.apache.commons.math.linear.BigMatrixImpl",112
"526",6,"math","org.apache.commons.math.ode.AbstractStepInterpolator","org.apache.commons.math.ode.DormandPrince853StepInterpolator",73
"527",6,"math","org.apache.commons.math.ode.ContinuousOutputModel","org.apache.commons.math.ode.AbstractStepInterpolator",47
"528",6,"math","org.apache.commons.math.ode.EmbeddedRungeKuttaIntegrator","org.apache.commons.math.ode.DormandPrince853Integrator",12
"529",6,"math","org.apache.commons.math.ode.EmbeddedRungeKuttaIntegrator","org.apache.commons.math.ode.HighamHall54Integrator",10
"530",6,"math","org.apache.commons.math.ode.GraggBulirschStoerIntegrator","org.apache.commons.math.ode.AdaptiveStepsizeIntegrator",84
"531",6,"math","org.apache.commons.math.ode.GraggBulirschStoerIntegrator","org.apache.commons.math.ode.SwitchingFunctionsHandler",17
"532",6,"math","org.apache.commons.math.ode.GraggBulirschStoerStepInterpolator","org.apache.commons.math.ode.AbstractStepInterpolator",17
"533",6,"math","org.apache.commons.math.ode.SwitchingFunctionsHandler","org.apache.commons.math.ode.SwitchState",82
"534",6,"math","org.apache.commons.math.ode.SwitchState","org.apache.commons.math.analysis.BrentSolver",77
"535",6,"math","org.apache.commons.math.optimization.NelderMead","org.apache.commons.math.optimization.DirectSearchOptimizer",101
"536",6,"math","org.apache.commons.math.random.EmpiricalDistributionImpl","org.apache.commons.math.stat.descriptive.SummaryStatistics",31
"537",6,"math","org.apache.commons.math.stat.descriptive.AbstractStorelessUnivariateStatistic","org.apache.commons.math.stat.descriptive.moment.Variance",48
"538",6,"math","org.apache.commons.math.stat.descriptive.DescriptiveStatistics","org.apache.commons.math.util.ResizableDoubleArray",121
"539",6,"math","org.apache.commons.math.stat.inference.TTestImpl","org.apache.commons.math.stat.StatUtils",32
"540",6,"math","org.apache.commons.math.transform.FastFourierTransformer","org.apache.commons.math.complex.Complex",274
"541",6,"mockito","org.mockito.asm.AnnotationWriter","org.mockito.asm.ClassWriter",418
"542",6,"mockito","org.mockito.asm.MethodWriter","org.mockito.asm.ByteVector",74
"543",6,"mockito","org.mockito.asm.MethodWriter","org.mockito.asm.ClassWriter",49
"544",6,"mockito","org.mockito.asm.tree.analysis.BasicVerifier","org.mockito.asm.tree.analysis.BasicInterpreter",10
"545",6,"mockito","org.mockito.asm.util.ASMifierClassVisitor","org.mockito.asm.util.ASMifierAbstractVisitor",26
"546",6,"mockito","org.mockito.cglib.core.CodeEmitter","org.mockito.cglib.core.TypeUtils",260
"547",6,"mockito","org.mockito.cglib.core.EmitUtils","org.mockito.cglib.core.CodeEmitter",87
"548",6,"mockito","org.mockito.cglib.proxy.Enhancer","org.mockito.cglib.core.ReflectUtils",95
"549",6,"mockito","org.mockito.cglib.proxy.Mixin$Generator","org.mockito.cglib.core.AbstractClassGenerator",11
"550",6,"mockito","org.mockito.cglib.proxy.Mixin$Generator","org.mockito.cglib.core.ReflectUtils",156
"551",6,"time","org.joda.time.base.AbstractPartial","org.joda.time.MonthDay",58
"552",6,"time","org.joda.time.base.AbstractPartial","org.joda.time.TimeOfDay",14
"553",6,"time","org.joda.time.base.AbstractPartial","org.joda.time.YearMonth",16
"554",6,"time","org.joda.time.base.AbstractPartial","org.joda.time.YearMonthDay",9
"555",6,"time","org.joda.time.base.BasePeriod","org.joda.time.base.AbstractPeriod",70
"556",6,"time","org.joda.time.chrono.BasicChronology","org.joda.time.chrono.CopticChronology",87
"557",6,"time","org.joda.time.chrono.BasicChronology","org.joda.time.chrono.EthiopicChronology",6
"558",6,"time","org.joda.time.chrono.BasicChronology","org.joda.time.chrono.IslamicChronology",110
"559",6,"time","org.joda.time.chrono.BasicWeekyearDateTimeField","org.joda.time.chrono.BasicChronology",141
"560",6,"time","org.joda.time.chrono.CopticChronology","org.joda.time.DateTimeZone",245
"561",6,"time","org.joda.time.chrono.GJChronology","org.joda.time.chrono.GJChronology$CutoverField",19
"562",6,"time","org.joda.time.chrono.GJChronology","org.joda.time.chrono.JulianChronology",66
"563",6,"time","org.joda.time.chrono.ISOChronology","org.joda.time.chrono.AssembledChronology",46
"564",6,"time","org.joda.time.chrono.ISOChronology","org.joda.time.DateTimeZone",346
"565",6,"time","org.joda.time.chrono.ZonedChronology","org.joda.time.chrono.AssembledChronology",64
"566",6,"time","org.joda.time.chrono.ZonedChronology","org.joda.time.DateTimeZone",175
"567",6,"time","org.joda.time.chrono.ZonedChronology$ZonedDateTimeField","org.joda.time.DateTimeZone",185
"568",6,"time","org.joda.time.DateTimeUtils","org.joda.time.DateTimeZone",142
"569",6,"time","org.joda.time.DateTimeZone","org.joda.time.field.FieldUtils",12
"570",6,"time","org.joda.time.DateTimeZone","org.joda.time.format.FormatUtils",59
"571",6,"time","org.joda.time.DateTimeZone","org.joda.time.tz.FixedDateTimeZone",18
"572",6,"time","org.joda.time.Days","org.joda.time.base.BaseSingleFieldPeriod",108
"573",6,"time","org.joda.time.format.DateTimeFormat","org.joda.time.format.DateTimeFormat$StyleFormatter",8
"574",6,"time","org.joda.time.format.DateTimeFormat","org.joda.time.format.DateTimeFormatterBuilder",80
"575",6,"time","org.joda.time.format.DateTimeFormatter","org.joda.time.DateTimeZone",81
"576",6,"time","org.joda.time.format.DateTimeFormatter","org.joda.time.format.DateTimeParserBucket",87
"577",6,"time","org.joda.time.format.DateTimeFormatterBuilder$PaddedNumber","org.joda.time.format.DateTimeFormatterBuilder",52
"578",6,"time","org.joda.time.format.DateTimeFormatterBuilder$TextField","org.joda.time.format.DateTimeParserBucket",54
"579",6,"time","org.joda.time.format.DateTimeFormatterBuilder$TextField","org.joda.time.MutableDateTime",8
"580",6,"time","org.joda.time.format.DateTimeParserBucket$SavedState","org.joda.time.format.DateTimeParserBucket",16
"581",6,"time","org.joda.time.format.ISODateTimeFormat","org.joda.time.format.DateTimeFormatterBuilder",224
"582",6,"time","org.joda.time.Hours","org.joda.time.base.BaseSingleFieldPeriod",118
"583",6,"time","org.joda.time.LocalDate","org.joda.time.format.ISODateTimeFormat",37
"584",6,"time","org.joda.time.LocalDateTime","org.joda.time.DateTimeZone",320
"585",6,"time","org.joda.time.LocalDateTime","org.joda.time.format.DateTimeFormatter",69
"586",6,"time","org.joda.time.LocalTime$Property","org.joda.time.LocalTime",37
"587",6,"time","org.joda.time.Minutes","org.joda.time.base.BaseSingleFieldPeriod",134
"588",6,"time","org.joda.time.MutableInterval","org.joda.time.base.BaseInterval",20
"589",6,"time","org.joda.time.MutablePeriod","org.joda.time.base.BasePeriod",113
"590",6,"time","org.joda.time.Period","org.joda.time.base.AbstractPeriod",66
"591",6,"time","org.joda.time.Period","org.joda.time.base.BasePeriod",116
"592",6,"time","org.joda.time.Period","org.joda.time.PeriodType",837
"593",6,"time","org.joda.time.Seconds","org.joda.time.base.BaseSingleFieldPeriod",123
"594",6,"time","org.joda.time.tz.ZoneInfoCompiler","org.joda.time.DateTimeZone",176
"595",6,"time","org.joda.time.Weeks","org.joda.time.base.BaseSingleFieldPeriod",126
"596",6,"time","org.joda.time.YearMonthDay","org.joda.time.base.BasePartial",8
"597",7,"closure","com.google.javascript.rhino.head.IdScriptableObject","com.google.javascript.rhino.head.ScriptableObject",265
"598",7,"closure","com.google.javascript.rhino.head.IRFactory","com.google.javascript.rhino.head.Parser",3
"599",7,"closure","com.google.javascript.rhino.head.NativeArray","com.google.javascript.rhino.head.IdScriptableObject",99
"600",7,"closure","com.google.javascript.rhino.head.NativeArray","com.google.javascript.rhino.head.ScriptableObject",190
"601",7,"closure","com.google.javascript.rhino.head.NativeArray","com.google.javascript.rhino.head.ScriptRuntime",107
"602",7,"closure","com.google.javascript.rhino.head.ScriptableObject","com.google.javascript.rhino.head.FunctionObject",20
"603",7,"closure","com.google.javascript.rhino.head.tools.debugger.Dim","com.google.javascript.rhino.head.ScriptRuntime",9
"604",7,"closure","com.google.javascript.rhino.head.tools.shell.Global","com.google.javascript.rhino.head.ScriptRuntime",36
"605",7,"closure","com.google.javascript.rhino.JSDocInfoBuilder","com.google.javascript.rhino.JSDocInfo",547
"606",7,"closure","com.google.javascript.rhino.jstype.JSType","com.google.javascript.rhino.jstype.ProxyObjectType",1
"607",7,"closure","com.google.javascript.rhino.jstype.JSType","com.google.javascript.rhino.jstype.UnionType",16
"608",7,"lang","org.apache.commons.lang3.builder.ReflectionToStringBuilder","org.apache.commons.lang3.builder.ToStringBuilder",50
"609",7,"lang","org.apache.commons.lang3.builder.ToStringBuilder","org.apache.commons.lang3.builder.ToStringStyle",105
"610",7,"lang","org.apache.commons.lang3.builder.ToStringStyle","org.apache.commons.lang3.ClassUtils",36
"611",7,"lang","org.apache.commons.lang3.CharUtils","org.apache.commons.lang3.StringUtils",10
"612",7,"lang","org.apache.commons.lang3.concurrent.MultiBackgroundInitializer","org.apache.commons.lang3.concurrent.BackgroundInitializer",43
"613",7,"lang","org.apache.commons.lang3.StringUtils","org.apache.commons.lang3.ArrayUtils",9
"614",7,"lang","org.apache.commons.lang3.text.StrBuilder$StrBuilderReader","org.apache.commons.lang3.text.StrBuilder",104
"615",7,"lang","org.apache.commons.lang3.text.StrSubstitutor","org.apache.commons.lang3.text.StrBuilder",243
"616",7,"lang","org.apache.commons.lang3.text.StrTokenizer","org.apache.commons.lang3.text.StrMatcher",9
"617",7,"lang","org.apache.commons.lang3.text.translate.UnicodeEscaper","org.apache.commons.lang3.text.translate.CharSequenceTranslator",35
"618",7,"lang","org.apache.commons.lang3.time.DurationFormatUtils","org.apache.commons.lang3.time.DurationFormatUtils$Token",25
"619",7,"lang","org.apache.commons.lang3.time.FastDateFormat","org.apache.commons.lang3.time.FastDateFormat$TextField",12
"620",7,"math","org.apache.commons.math.analysis.LaguerreSolver","org.apache.commons.math.complex.Complex",308
"621",7,"math","org.apache.commons.math.analysis.MullerSolver","org.apache.commons.math.analysis.UnivariateRealSolverImpl",102
"622",7,"math","org.apache.commons.math.distribution.AbstractIntegerDistribution","org.apache.commons.math.distribution.HypergeometricDistributionImpl",51
"623",7,"math","org.apache.commons.math.fraction.ProperFractionFormat","org.apache.commons.math.fraction.FractionFormat",93
"624",7,"math","org.apache.commons.math.geometry.Rotation","org.apache.commons.math.geometry.Vector3D",172
"625",7,"math","org.apache.commons.math.linear.MatrixUtils","org.apache.commons.math.linear.BigMatrixImpl",113
"626",7,"math","org.apache.commons.math.ode.AbstractStepInterpolator","org.apache.commons.math.ode.DormandPrince853StepInterpolator",63
"627",7,"math","org.apache.commons.math.ode.ContinuousOutputModel","org.apache.commons.math.ode.AbstractStepInterpolator",45
"628",7,"math","org.apache.commons.math.ode.EmbeddedRungeKuttaIntegrator","org.apache.commons.math.ode.DormandPrince853Integrator",8
"629",7,"math","org.apache.commons.math.ode.EmbeddedRungeKuttaIntegrator","org.apache.commons.math.ode.HighamHall54Integrator",8
"630",7,"math","org.apache.commons.math.ode.GraggBulirschStoerIntegrator","org.apache.commons.math.ode.AdaptiveStepsizeIntegrator",106
"631",7,"math","org.apache.commons.math.ode.GraggBulirschStoerIntegrator","org.apache.commons.math.ode.SwitchingFunctionsHandler",33
"632",7,"math","org.apache.commons.math.ode.GraggBulirschStoerStepInterpolator","org.apache.commons.math.ode.AbstractStepInterpolator",38
"633",7,"math","org.apache.commons.math.ode.SwitchingFunctionsHandler","org.apache.commons.math.ode.SwitchState",71
"634",7,"math","org.apache.commons.math.optimization.NelderMead","org.apache.commons.math.optimization.DirectSearchOptimizer",107
"635",7,"math","org.apache.commons.math.random.EmpiricalDistributionImpl","org.apache.commons.math.stat.descriptive.SummaryStatistics",36
"636",7,"math","org.apache.commons.math.stat.descriptive.AbstractStorelessUnivariateStatistic","org.apache.commons.math.stat.descriptive.moment.Variance",32
"637",7,"math","org.apache.commons.math.stat.descriptive.DescriptiveStatistics","org.apache.commons.math.util.ResizableDoubleArray",138
"638",7,"math","org.apache.commons.math.stat.inference.TTestImpl","org.apache.commons.math.stat.StatUtils",34
"639",7,"math","org.apache.commons.math.transform.FastFourierTransformer","org.apache.commons.math.complex.Complex",300
"640",7,"mockito","org.mockito.asm.AnnotationWriter","org.mockito.asm.ClassWriter",509
"641",7,"mockito","org.mockito.asm.MethodWriter","org.mockito.asm.ByteVector",78
"642",7,"mockito","org.mockito.asm.MethodWriter","org.mockito.asm.ClassWriter",88
"643",7,"mockito","org.mockito.asm.tree.analysis.BasicVerifier","org.mockito.asm.tree.analysis.BasicInterpreter",12
"644",7,"mockito","org.mockito.asm.tree.analysis.BasicVerifier","org.mockito.asm.tree.analysis.SimpleVerifier",5
"645",7,"mockito","org.mockito.asm.util.ASMifierClassVisitor","org.mockito.asm.util.ASMifierAbstractVisitor",24
"646",7,"mockito","org.mockito.cglib.core.ClassEmitter","org.mockito.cglib.transform.impl.InterceptFieldTransformer",10
"647",7,"mockito","org.mockito.cglib.core.CodeEmitter","org.mockito.cglib.core.ClassEmitter",1
"648",7,"mockito","org.mockito.cglib.core.CodeEmitter","org.mockito.cglib.core.TypeUtils",235
"649",7,"mockito","org.mockito.cglib.core.EmitUtils","org.mockito.cglib.core.CodeEmitter",50
"650",7,"mockito","org.mockito.cglib.proxy.Enhancer","org.mockito.cglib.core.ReflectUtils",95
"651",7,"mockito","org.mockito.cglib.proxy.Mixin$Generator","org.mockito.cglib.core.AbstractClassGenerator",4
"652",7,"time","org.joda.time.base.AbstractPartial","org.joda.time.MonthDay",46
"653",7,"time","org.joda.time.base.AbstractPartial","org.joda.time.TimeOfDay",1
"654",7,"time","org.joda.time.base.AbstractPartial","org.joda.time.YearMonth",4
"655",7,"time","org.joda.time.base.BasePeriod","org.joda.time.base.AbstractPeriod",62
"656",7,"time","org.joda.time.chrono.BasicChronology","org.joda.time.chrono.CopticChronology",22
"657",7,"time","org.joda.time.chrono.BasicChronology","org.joda.time.chrono.EthiopicChronology",21
"658",7,"time","org.joda.time.chrono.BasicChronology","org.joda.time.chrono.IslamicChronology",79
"659",7,"time","org.joda.time.chrono.BasicWeekyearDateTimeField","org.joda.time.chrono.BasicChronology",384
"660",7,"time","org.joda.time.chrono.CopticChronology","org.joda.time.DateTimeZone",223
"661",7,"time","org.joda.time.chrono.GJChronology","org.joda.time.chrono.JulianChronology",22
"662",7,"time","org.joda.time.chrono.ISOChronology","org.joda.time.chrono.AssembledChronology",56
"663",7,"time","org.joda.time.chrono.ISOChronology","org.joda.time.DateTimeZone",229
"664",7,"time","org.joda.time.chrono.ZonedChronology","org.joda.time.chrono.AssembledChronology",66
"665",7,"time","org.joda.time.chrono.ZonedChronology$ZonedDateTimeField","org.joda.time.DateTimeZone",183
"666",7,"time","org.joda.time.DateTimeUtils","org.joda.time.DateTimeZone",150
"667",7,"time","org.joda.time.DateTimeZone","org.joda.time.field.FieldUtils",12
"668",7,"time","org.joda.time.DateTimeZone","org.joda.time.format.DateTimeFormat",219
"669",7,"time","org.joda.time.DateTimeZone","org.joda.time.tz.FixedDateTimeZone",18
"670",7,"time","org.joda.time.Days","org.joda.time.base.BaseSingleFieldPeriod",96
"671",7,"time","org.joda.time.format.DateTimeFormat","org.joda.time.format.DateTimeFormat$StyleFormatter",16
"672",7,"time","org.joda.time.format.DateTimeFormat","org.joda.time.format.DateTimeFormatterBuilder",40
"673",7,"time","org.joda.time.format.DateTimeFormatter","org.joda.time.DateTimeZone",37
"674",7,"time","org.joda.time.format.DateTimeFormatter","org.joda.time.format.DateTimeParserBucket",87
"675",7,"time","org.joda.time.format.DateTimeFormatterBuilder$PaddedNumber","org.joda.time.format.DateTimeFormatterBuilder",35
"676",7,"time","org.joda.time.format.DateTimeFormatterBuilder$TextField","org.joda.time.MutableDateTime",11
"677",7,"time","org.joda.time.format.DateTimeParserBucket$SavedState","org.joda.time.format.DateTimeParserBucket",61
"678",7,"time","org.joda.time.format.ISODateTimeFormat","org.joda.time.format.DateTimeFormatterBuilder",224
"679",7,"time","org.joda.time.Hours","org.joda.time.base.BaseSingleFieldPeriod",99
"680",7,"time","org.joda.time.LocalDate","org.joda.time.format.ISODateTimeFormat",31
"681",7,"time","org.joda.time.LocalDateTime","org.joda.time.DateTimeZone",226
"682",7,"time","org.joda.time.LocalDateTime","org.joda.time.format.DateTimeFormatter",51
"683",7,"time","org.joda.time.LocalTime$Property","org.joda.time.LocalTime",53
"684",7,"time","org.joda.time.Minutes","org.joda.time.base.BaseSingleFieldPeriod",126
"685",7,"time","org.joda.time.MutableInterval","org.joda.time.base.BaseInterval",15
"686",7,"time","org.joda.time.MutablePeriod","org.joda.time.base.BasePeriod",133
"687",7,"time","org.joda.time.Period","org.joda.time.base.AbstractPeriod",81
"688",7,"time","org.joda.time.Period","org.joda.time.base.BasePeriod",117
"689",7,"time","org.joda.time.Period","org.joda.time.PeriodType",834
"690",7,"time","org.joda.time.Seconds","org.joda.time.base.BaseSingleFieldPeriod",124
"691",7,"time","org.joda.time.tz.ZoneInfoCompiler","org.joda.time.DateTimeZone",176
"692",7,"time","org.joda.time.Weeks","org.joda.time.base.BaseSingleFieldPeriod",122
"693",7,"time","org.joda.time.YearMonthDay","org.joda.time.base.BasePartial",14
"694",8,"closure","com.google.javascript.rhino.head.IdScriptableObject","com.google.javascript.rhino.head.ScriptableObject",120
"695",8,"closure","com.google.javascript.rhino.head.Interpreter","com.google.javascript.rhino.head.ScriptableObject",181
"696",8,"closure","com.google.javascript.rhino.head.IRFactory","com.google.javascript.rhino.head.Node",43
"697",8,"closure","com.google.javascript.rhino.head.IRFactory","com.google.javascript.rhino.head.Parser",190
"698",8,"closure","com.google.javascript.rhino.head.regexp.NativeRegExp","com.google.javascript.rhino.head.ScriptRuntime",58
"699",8,"closure","com.google.javascript.rhino.head.tools.debugger.Dim","com.google.javascript.rhino.head.ScriptRuntime",35
"700",8,"closure","com.google.javascript.rhino.head.tools.shell.Global","com.google.javascript.rhino.head.ScriptRuntime",26
"701",8,"closure","com.google.javascript.rhino.jstype.JSType","com.google.javascript.rhino.jstype.FunctionType",259
"702",8,"closure","com.google.javascript.rhino.jstype.JSType","com.google.javascript.rhino.jstype.ProxyObjectType",9
"703",8,"closure","com.google.javascript.rhino.jstype.JSType","com.google.javascript.rhino.jstype.UnionType",9
"704",8,"lang","org.apache.commons.lang3.builder.ReflectionToStringBuilder","org.apache.commons.lang3.builder.ToStringBuilder",34
"705",8,"lang","org.apache.commons.lang3.builder.ToStringBuilder","org.apache.commons.lang3.builder.ToStringStyle",178
"706",8,"lang","org.apache.commons.lang3.builder.ToStringStyle","org.apache.commons.lang3.ClassUtils",36
"707",8,"lang","org.apache.commons.lang3.CharUtils","org.apache.commons.lang3.StringUtils",4
"708",8,"lang","org.apache.commons.lang3.concurrent.MultiBackgroundInitializer","org.apache.commons.lang3.concurrent.BackgroundInitializer",44
"709",8,"lang","org.apache.commons.lang3.StringUtils","org.apache.commons.lang3.ArrayUtils",9
"710",8,"lang","org.apache.commons.lang3.text.StrBuilder$StrBuilderReader","org.apache.commons.lang3.text.StrBuilder",135
"711",8,"lang","org.apache.commons.lang3.text.StrSubstitutor","org.apache.commons.lang3.text.StrBuilder",278
"712",8,"lang","org.apache.commons.lang3.text.StrTokenizer","org.apache.commons.lang3.text.StrMatcher",16
"713",8,"lang","org.apache.commons.lang3.text.translate.UnicodeEscaper","org.apache.commons.lang3.text.translate.CharSequenceTranslator",35
"714",8,"lang","org.apache.commons.lang3.time.DurationFormatUtils","org.apache.commons.lang3.time.DurationFormatUtils$Token",9
"715",8,"lang","org.apache.commons.lang3.time.FastDateFormat","org.apache.commons.lang3.time.FastDateFormat$TextField",11
"716",8,"math","org.apache.commons.math.analysis.LaguerreSolver","org.apache.commons.math.complex.Complex",190
"717",8,"math","org.apache.commons.math.analysis.MullerSolver","org.apache.commons.math.analysis.UnivariateRealSolverImpl",97
"718",8,"math","org.apache.commons.math.distribution.AbstractIntegerDistribution","org.apache.commons.math.distribution.HypergeometricDistributionImpl",71
"719",8,"math","org.apache.commons.math.fraction.ProperFractionFormat","org.apache.commons.math.fraction.FractionFormat",88
"720",8,"math","org.apache.commons.math.geometry.Rotation","org.apache.commons.math.geometry.Vector3D",126
"721",8,"math","org.apache.commons.math.linear.MatrixUtils","org.apache.commons.math.linear.BigMatrixImpl",108
"722",8,"math","org.apache.commons.math.ode.AbstractStepInterpolator","org.apache.commons.math.ode.DormandPrince853StepInterpolator",77
"723",8,"math","org.apache.commons.math.ode.ContinuousOutputModel","org.apache.commons.math.ode.AbstractStepInterpolator",38
"724",8,"math","org.apache.commons.math.ode.EmbeddedRungeKuttaIntegrator","org.apache.commons.math.ode.DormandPrince853Integrator",11
"725",8,"math","org.apache.commons.math.ode.GraggBulirschStoerIntegrator","org.apache.commons.math.ode.AdaptiveStepsizeIntegrator",81
"726",8,"math","org.apache.commons.math.ode.GraggBulirschStoerIntegrator","org.apache.commons.math.ode.SwitchingFunctionsHandler",26
"727",8,"math","org.apache.commons.math.ode.GraggBulirschStoerStepInterpolator","org.apache.commons.math.ode.AbstractStepInterpolator",37
"728",8,"math","org.apache.commons.math.ode.SwitchingFunctionsHandler","org.apache.commons.math.ode.SwitchState",47
"729",8,"math","org.apache.commons.math.ode.SwitchState","org.apache.commons.math.analysis.BrentSolver",41
"730",8,"math","org.apache.commons.math.optimization.NelderMead","org.apache.commons.math.optimization.DirectSearchOptimizer",133
"731",8,"math","org.apache.commons.math.random.EmpiricalDistributionImpl","org.apache.commons.math.stat.descriptive.SummaryStatistics",36
"732",8,"math","org.apache.commons.math.stat.descriptive.AbstractStorelessUnivariateStatistic","org.apache.commons.math.stat.descriptive.moment.Variance",52
"733",8,"math","org.apache.commons.math.stat.descriptive.DescriptiveStatistics","org.apache.commons.math.util.ResizableDoubleArray",148
"734",8,"math","org.apache.commons.math.stat.inference.TTestImpl","org.apache.commons.math.stat.StatUtils",20
"735",8,"math","org.apache.commons.math.transform.FastFourierTransformer","org.apache.commons.math.complex.Complex",274
"736",8,"mockito","org.mockito.asm.AnnotationWriter","org.mockito.asm.ClassWriter",476
"737",8,"mockito","org.mockito.asm.MethodWriter","org.mockito.asm.ByteVector",93
"738",8,"mockito","org.mockito.asm.MethodWriter","org.mockito.asm.ClassWriter",55
"739",8,"mockito","org.mockito.asm.tree.analysis.BasicVerifier","org.mockito.asm.tree.analysis.BasicInterpreter",36
"740",8,"mockito","org.mockito.asm.tree.analysis.BasicVerifier","org.mockito.asm.tree.analysis.SimpleVerifier",11
"741",8,"mockito","org.mockito.asm.util.ASMifierClassVisitor","org.mockito.asm.util.ASMifierAbstractVisitor",26
"742",8,"mockito","org.mockito.cglib.core.ClassEmitter","org.mockito.cglib.transform.impl.InterceptFieldTransformer",10
"743",8,"mockito","org.mockito.cglib.core.CodeEmitter","org.mockito.cglib.core.ClassEmitter",1
"744",8,"mockito","org.mockito.cglib.core.CodeEmitter","org.mockito.cglib.core.TypeUtils",228
"745",8,"mockito","org.mockito.cglib.core.EmitUtils","org.mockito.cglib.core.CodeEmitter",84
"746",8,"mockito","org.mockito.cglib.proxy.Enhancer","org.mockito.cglib.core.ReflectUtils",95
"747",8,"mockito","org.mockito.cglib.proxy.Mixin$Generator","org.mockito.cglib.core.AbstractClassGenerator",9
"748",8,"mockito","org.mockito.cglib.proxy.Mixin$Generator","org.mockito.cglib.core.ReflectUtils",168
"749",8,"time","org.joda.time.base.AbstractPartial","org.joda.time.MonthDay",2
"750",8,"time","org.joda.time.base.AbstractPartial","org.joda.time.TimeOfDay",21
"751",8,"time","org.joda.time.base.AbstractPartial","org.joda.time.YearMonth",61
"752",8,"time","org.joda.time.base.BasePeriod","org.joda.time.base.AbstractPeriod",92
"753",8,"time","org.joda.time.chrono.BasicChronology","org.joda.time.chrono.CopticChronology",8
"754",8,"time","org.joda.time.chrono.BasicChronology","org.joda.time.chrono.EthiopicChronology",8
"755",8,"time","org.joda.time.chrono.BasicChronology","org.joda.time.chrono.IslamicChronology",151
"756",8,"time","org.joda.time.chrono.BasicWeekyearDateTimeField","org.joda.time.chrono.BasicChronology",164
"757",8,"time","org.joda.time.chrono.CopticChronology","org.joda.time.DateTimeZone",186
"758",8,"time","org.joda.time.chrono.GJChronology","org.joda.time.chrono.GJChronology$CutoverField",29
"759",8,"time","org.joda.time.chrono.GJChronology","org.joda.time.chrono.JulianChronology",51
"760",8,"time","org.joda.time.chrono.ISOChronology","org.joda.time.chrono.AssembledChronology",170
"761",8,"time","org.joda.time.chrono.ISOChronology","org.joda.time.DateTimeZone",175
"762",8,"time","org.joda.time.chrono.ZonedChronology","org.joda.time.chrono.AssembledChronology",69
"763",8,"time","org.joda.time.chrono.ZonedChronology","org.joda.time.DateTimeZone",390
"764",8,"time","org.joda.time.chrono.ZonedChronology$ZonedDateTimeField","org.joda.time.DateTimeZone",186
"765",8,"time","org.joda.time.DateTimeUtils","org.joda.time.DateTimeZone",241
"766",8,"time","org.joda.time.DateTimeZone","org.joda.time.field.FieldUtils",12
"767",8,"time","org.joda.time.DateTimeZone","org.joda.time.format.FormatUtils",51
"768",8,"time","org.joda.time.DateTimeZone","org.joda.time.tz.FixedDateTimeZone",18
"769",8,"time","org.joda.time.Days","org.joda.time.base.BaseSingleFieldPeriod",113
"770",8,"time","org.joda.time.format.DateTimeFormat","org.joda.time.format.DateTimeFormat$StyleFormatter",16
"771",8,"time","org.joda.time.format.DateTimeFormat","org.joda.time.format.DateTimeFormatterBuilder",79
"772",8,"time","org.joda.time.format.DateTimeFormatter","org.joda.time.DateTimeZone",119
"773",8,"time","org.joda.time.format.DateTimeFormatter","org.joda.time.format.DateTimeParserBucket",63
"774",8,"time","org.joda.time.format.DateTimeFormatterBuilder$PaddedNumber","org.joda.time.format.DateTimeFormatterBuilder",29
"775",8,"time","org.joda.time.format.DateTimeFormatterBuilder$TextField","org.joda.time.format.DateTimeParserBucket",63
"776",8,"time","org.joda.time.format.DateTimeFormatterBuilder$TextField","org.joda.time.MutableDateTime",8
"777",8,"time","org.joda.time.format.DateTimeParserBucket$SavedState","org.joda.time.format.DateTimeParserBucket",15
"778",8,"time","org.joda.time.format.ISODateTimeFormat","org.joda.time.format.DateTimeFormatterBuilder",225
"779",8,"time","org.joda.time.Hours","org.joda.time.base.BaseSingleFieldPeriod",121
"780",8,"time","org.joda.time.LocalDate","org.joda.time.format.ISODateTimeFormat",33
"781",8,"time","org.joda.time.LocalDateTime","org.joda.time.DateTimeZone",185
"782",8,"time","org.joda.time.LocalDateTime","org.joda.time.format.DateTimeFormatter",60
"783",8,"time","org.joda.time.LocalTime$Property","org.joda.time.LocalTime",95
"784",8,"time","org.joda.time.Minutes","org.joda.time.base.BaseSingleFieldPeriod",115
"785",8,"time","org.joda.time.MutableInterval","org.joda.time.base.BaseInterval",8
"786",8,"time","org.joda.time.MutablePeriod","org.joda.time.base.BasePeriod",119
"787",8,"time","org.joda.time.Period","org.joda.time.base.AbstractPeriod",71
"788",8,"time","org.joda.time.Period","org.joda.time.base.BasePeriod",129
"789",8,"time","org.joda.time.Period","org.joda.time.PeriodType",829
"790",8,"time","org.joda.time.Seconds","org.joda.time.base.BaseSingleFieldPeriod",136
"791",8,"time","org.joda.time.tz.ZoneInfoCompiler","org.joda.time.DateTimeZone",197
"792",8,"time","org.joda.time.Weeks","org.joda.time.base.BaseSingleFieldPeriod",125
"793",8,"time","org.joda.time.YearMonthDay","org.joda.time.base.BasePartial",15
"794",9,"closure","com.google.javascript.rhino.head.IRFactory","com.google.javascript.rhino.head.Node",53
"795",9,"closure","com.google.javascript.rhino.head.IRFactory","com.google.javascript.rhino.head.Parser",198
"796",9,"closure","com.google.javascript.rhino.head.NativeArray","com.google.javascript.rhino.head.IdScriptableObject",94
"797",9,"closure","com.google.javascript.rhino.head.NativeObject","com.google.javascript.rhino.head.ScriptableObject",474
"798",9,"closure","com.google.javascript.rhino.head.ScriptableObject","com.google.javascript.rhino.head.FunctionObject",24
"799",9,"closure","com.google.javascript.rhino.head.tools.shell.Global","com.google.javascript.rhino.head.ScriptRuntime",47
"800",9,"closure","com.google.javascript.rhino.jstype.JSType","com.google.javascript.rhino.jstype.FunctionType",330
"801",9,"closure","com.google.javascript.rhino.jstype.JSType","com.google.javascript.rhino.jstype.ProxyObjectType",4
"802",9,"lang","org.apache.commons.lang3.builder.ReflectionToStringBuilder","org.apache.commons.lang3.builder.ToStringBuilder",50
"803",9,"lang","org.apache.commons.lang3.builder.ToStringBuilder","org.apache.commons.lang3.builder.ToStringStyle",104
"804",9,"lang","org.apache.commons.lang3.builder.ToStringStyle","org.apache.commons.lang3.ClassUtils",36
"805",9,"lang","org.apache.commons.lang3.CharUtils","org.apache.commons.lang3.StringUtils",4
"806",9,"lang","org.apache.commons.lang3.concurrent.MultiBackgroundInitializer","org.apache.commons.lang3.concurrent.BackgroundInitializer",43
"807",9,"lang","org.apache.commons.lang3.StringUtils","org.apache.commons.lang3.ArrayUtils",7
"808",9,"lang","org.apache.commons.lang3.text.StrBuilder$StrBuilderReader","org.apache.commons.lang3.text.StrBuilder",114
"809",9,"lang","org.apache.commons.lang3.text.StrSubstitutor","org.apache.commons.lang3.text.StrBuilder",355
"810",9,"lang","org.apache.commons.lang3.text.StrTokenizer","org.apache.commons.lang3.text.StrMatcher",8
"811",9,"lang","org.apache.commons.lang3.text.translate.UnicodeEscaper","org.apache.commons.lang3.text.translate.CharSequenceTranslator",33
"812",9,"lang","org.apache.commons.lang3.time.DurationFormatUtils","org.apache.commons.lang3.time.DurationFormatUtils$Token",20
"813",9,"lang","org.apache.commons.lang3.time.FastDateFormat","org.apache.commons.lang3.time.FastDateFormat$TextField",4
"814",9,"math","org.apache.commons.math.analysis.LaguerreSolver","org.apache.commons.math.complex.Complex",398
"815",9,"math","org.apache.commons.math.analysis.MullerSolver","org.apache.commons.math.analysis.UnivariateRealSolverImpl",102
"816",9,"math","org.apache.commons.math.distribution.AbstractIntegerDistribution","org.apache.commons.math.distribution.HypergeometricDistributionImpl",57
"817",9,"math","org.apache.commons.math.fraction.ProperFractionFormat","org.apache.commons.math.fraction.FractionFormat",90
"818",9,"math","org.apache.commons.math.geometry.Rotation","org.apache.commons.math.geometry.Vector3D",142
"819",9,"math","org.apache.commons.math.linear.MatrixUtils","org.apache.commons.math.linear.BigMatrixImpl",106
"820",9,"math","org.apache.commons.math.ode.AbstractStepInterpolator","org.apache.commons.math.ode.DormandPrince853StepInterpolator",73
"821",9,"math","org.apache.commons.math.ode.ContinuousOutputModel","org.apache.commons.math.ode.AbstractStepInterpolator",44
"822",9,"math","org.apache.commons.math.ode.EmbeddedRungeKuttaIntegrator","org.apache.commons.math.ode.DormandPrince853Integrator",13
"823",9,"math","org.apache.commons.math.ode.EmbeddedRungeKuttaIntegrator","org.apache.commons.math.ode.HighamHall54Integrator",8
"824",9,"math","org.apache.commons.math.ode.GraggBulirschStoerIntegrator","org.apache.commons.math.ode.AdaptiveStepsizeIntegrator",84
"825",9,"math","org.apache.commons.math.ode.GraggBulirschStoerIntegrator","org.apache.commons.math.ode.SwitchingFunctionsHandler",24
"826",9,"math","org.apache.commons.math.ode.GraggBulirschStoerStepInterpolator","org.apache.commons.math.ode.AbstractStepInterpolator",38
"827",9,"math","org.apache.commons.math.ode.SwitchingFunctionsHandler","org.apache.commons.math.ode.SwitchState",68
"828",9,"math","org.apache.commons.math.ode.SwitchState","org.apache.commons.math.analysis.BrentSolver",28
"829",9,"math","org.apache.commons.math.optimization.NelderMead","org.apache.commons.math.optimization.DirectSearchOptimizer",113
"830",9,"math","org.apache.commons.math.random.EmpiricalDistributionImpl","org.apache.commons.math.stat.descriptive.SummaryStatistics",35
"831",9,"math","org.apache.commons.math.stat.descriptive.AbstractStorelessUnivariateStatistic","org.apache.commons.math.stat.descriptive.moment.Variance",35
"832",9,"math","org.apache.commons.math.stat.descriptive.DescriptiveStatistics","org.apache.commons.math.util.ResizableDoubleArray",133
"833",9,"math","org.apache.commons.math.stat.inference.TTestImpl","org.apache.commons.math.stat.StatUtils",20
"834",9,"math","org.apache.commons.math.transform.FastFourierTransformer","org.apache.commons.math.complex.Complex",337
"835",9,"mockito","org.mockito.asm.AnnotationWriter","org.mockito.asm.ClassWriter",449
"836",9,"mockito","org.mockito.asm.MethodWriter","org.mockito.asm.ByteVector",53
"837",9,"mockito","org.mockito.asm.MethodWriter","org.mockito.asm.ClassWriter",50
"838",9,"mockito","org.mockito.asm.tree.analysis.BasicVerifier","org.mockito.asm.tree.analysis.BasicInterpreter",21
"839",9,"mockito","org.mockito.asm.tree.analysis.BasicVerifier","org.mockito.asm.tree.analysis.SimpleVerifier",11
"840",9,"mockito","org.mockito.asm.util.ASMifierClassVisitor","org.mockito.asm.util.ASMifierAbstractVisitor",24
"841",9,"mockito","org.mockito.cglib.core.CodeEmitter","org.mockito.cglib.core.TypeUtils",217
"842",9,"mockito","org.mockito.cglib.core.EmitUtils","org.mockito.cglib.core.CodeEmitter",109
"843",9,"mockito","org.mockito.cglib.proxy.Enhancer","org.mockito.cglib.core.CodeEmitter",240
"844",9,"mockito","org.mockito.cglib.proxy.Enhancer","org.mockito.cglib.core.ReflectUtils",96
"845",9,"mockito","org.mockito.cglib.proxy.Mixin$Generator","org.mockito.cglib.core.AbstractClassGenerator",6
"846",9,"mockito","org.mockito.cglib.proxy.Mixin$Generator","org.mockito.cglib.core.ReflectUtils",123
"847",9,"time","org.joda.time.base.AbstractPartial","org.joda.time.MonthDay",29
"848",9,"time","org.joda.time.base.AbstractPartial","org.joda.time.TimeOfDay",42
"849",9,"time","org.joda.time.base.AbstractPartial","org.joda.time.YearMonth",31
"850",9,"time","org.joda.time.base.BasePeriod","org.joda.time.base.AbstractPeriod",50
"851",9,"time","org.joda.time.chrono.BasicChronology","org.joda.time.chrono.CopticChronology",25
"852",9,"time","org.joda.time.chrono.BasicChronology","org.joda.time.chrono.EthiopicChronology",10
"853",9,"time","org.joda.time.chrono.BasicChronology","org.joda.time.chrono.IslamicChronology",185
"854",9,"time","org.joda.time.chrono.BasicWeekyearDateTimeField","org.joda.time.chrono.BasicChronology",267
"855",9,"time","org.joda.time.chrono.CopticChronology","org.joda.time.DateTimeZone",220
"856",9,"time","org.joda.time.chrono.GJChronology","org.joda.time.chrono.GJChronology$CutoverField",53
"857",9,"time","org.joda.time.chrono.GJChronology","org.joda.time.chrono.JulianChronology",32
"858",9,"time","org.joda.time.chrono.ISOChronology","org.joda.time.chrono.AssembledChronology",70
"859",9,"time","org.joda.time.chrono.ISOChronology","org.joda.time.DateTimeZone",187
"860",9,"time","org.joda.time.chrono.ZonedChronology","org.joda.time.chrono.AssembledChronology",120
"861",9,"time","org.joda.time.chrono.ZonedChronology","org.joda.time.DateTimeZone",413
"862",9,"time","org.joda.time.chrono.ZonedChronology$ZonedDateTimeField","org.joda.time.DateTimeZone",161
"863",9,"time","org.joda.time.DateTimeZone","org.joda.time.field.FieldUtils",12
"864",9,"time","org.joda.time.DateTimeZone","org.joda.time.format.FormatUtils",53
"865",9,"time","org.joda.time.DateTimeZone","org.joda.time.tz.FixedDateTimeZone",21
"866",9,"time","org.joda.time.Days","org.joda.time.base.BaseSingleFieldPeriod",107
"867",9,"time","org.joda.time.format.DateTimeFormat","org.joda.time.format.DateTimeFormat$StyleFormatter",23
"868",9,"time","org.joda.time.format.DateTimeFormat","org.joda.time.format.DateTimeFormatterBuilder",19
"869",9,"time","org.joda.time.format.DateTimeFormatter","org.joda.time.DateTimeZone",127
"870",9,"time","org.joda.time.format.DateTimeFormatter","org.joda.time.format.DateTimeParserBucket",58
"871",9,"time","org.joda.time.format.DateTimeFormatterBuilder$PaddedNumber","org.joda.time.format.DateTimeFormatterBuilder",280
"872",9,"time","org.joda.time.format.DateTimeFormatterBuilder$TextField","org.joda.time.format.DateTimeParserBucket",49
"873",9,"time","org.joda.time.format.DateTimeFormatterBuilder$TextField","org.joda.time.MutableDateTime",11
"874",9,"time","org.joda.time.format.DateTimeParserBucket$SavedState","org.joda.time.format.DateTimeParserBucket",16
"875",9,"time","org.joda.time.format.ISODateTimeFormat","org.joda.time.format.DateTimeFormatterBuilder",224
"876",9,"time","org.joda.time.Hours","org.joda.time.base.BaseSingleFieldPeriod",93
"877",9,"time","org.joda.time.LocalDate","org.joda.time.DateTime",8
"878",9,"time","org.joda.time.LocalDate","org.joda.time.format.ISODateTimeFormat",44
"879",9,"time","org.joda.time.LocalDateTime","org.joda.time.DateTimeZone",244
"880",9,"time","org.joda.time.LocalDateTime","org.joda.time.format.DateTimeFormatter",72
"881",9,"time","org.joda.time.LocalTime$Property","org.joda.time.LocalTime",115
"882",9,"time","org.joda.time.Minutes","org.joda.time.base.BaseSingleFieldPeriod",132
"883",9,"time","org.joda.time.MutableInterval","org.joda.time.base.BaseInterval",12
"884",9,"time","org.joda.time.MutablePeriod","org.joda.time.base.BasePeriod",122
"885",9,"time","org.joda.time.Period","org.joda.time.base.AbstractPeriod",46
"886",9,"time","org.joda.time.Period","org.joda.time.base.BasePeriod",131
"887",9,"time","org.joda.time.Period","org.joda.time.PeriodType",832
"888",9,"time","org.joda.time.Seconds","org.joda.time.base.BaseSingleFieldPeriod",119
"889",9,"time","org.joda.time.tz.ZoneInfoCompiler","org.joda.time.DateTimeZone",307
"890",9,"time","org.joda.time.Weeks","org.joda.time.base.BaseSingleFieldPeriod",129
"891",9,"time","org.joda.time.YearMonthDay","org.joda.time.base.BasePartial",14
"892",10,"closure","com.google.javascript.jscomp.NodeUtil","com.google.javascript.rhino.Node",439
"893",10,"closure","com.google.javascript.rhino.head.IdScriptableObject","com.google.javascript.rhino.head.ScriptableObject",162
"894",10,"closure","com.google.javascript.rhino.head.IRFactory","com.google.javascript.rhino.head.Parser",239
"895",10,"closure","com.google.javascript.rhino.head.NativeArray","com.google.javascript.rhino.head.IdScriptableObject",36
"896",10,"closure","com.google.javascript.rhino.head.ScriptableObject","com.google.javascript.rhino.head.FunctionObject",63
"897",10,"closure","com.google.javascript.rhino.head.tools.debugger.Dim","com.google.javascript.rhino.head.ScriptRuntime",8
"898",10,"closure","com.google.javascript.rhino.head.tools.shell.Global","com.google.javascript.rhino.head.ScriptRuntime",18
"899",10,"closure","com.google.javascript.rhino.jstype.JSType","com.google.javascript.rhino.jstype.FunctionType",329
"900",10,"closure","com.google.javascript.rhino.jstype.JSType","com.google.javascript.rhino.jstype.UnionType",11
"901",10,"lang","org.apache.commons.lang3.builder.ReflectionToStringBuilder","org.apache.commons.lang3.builder.ToStringBuilder",49
"902",10,"lang","org.apache.commons.lang3.builder.ToStringBuilder","org.apache.commons.lang3.builder.ToStringStyle",125
"903",10,"lang","org.apache.commons.lang3.builder.ToStringStyle","org.apache.commons.lang3.ClassUtils",36
"904",10,"lang","org.apache.commons.lang3.CharUtils","org.apache.commons.lang3.StringUtils",10
"905",10,"lang","org.apache.commons.lang3.concurrent.MultiBackgroundInitializer","org.apache.commons.lang3.concurrent.BackgroundInitializer",40
"906",10,"lang","org.apache.commons.lang3.StringUtils","org.apache.commons.lang3.ArrayUtils",9
"907",10,"lang","org.apache.commons.lang3.text.StrBuilder$StrBuilderReader","org.apache.commons.lang3.text.StrBuilder",98
"908",10,"lang","org.apache.commons.lang3.text.StrSubstitutor","org.apache.commons.lang3.text.StrBuilder",233
"909",10,"lang","org.apache.commons.lang3.text.StrTokenizer","org.apache.commons.lang3.text.StrMatcher",20
"910",10,"lang","org.apache.commons.lang3.text.translate.UnicodeEscaper","org.apache.commons.lang3.text.translate.CharSequenceTranslator",31
"911",10,"lang","org.apache.commons.lang3.time.DurationFormatUtils","org.apache.commons.lang3.time.DurationFormatUtils$Token",21
"912",10,"lang","org.apache.commons.lang3.time.FastDateFormat","org.apache.commons.lang3.time.FastDateFormat$TextField",11
"913",10,"math","org.apache.commons.math.analysis.LaguerreSolver","org.apache.commons.math.complex.Complex",218
"914",10,"math","org.apache.commons.math.analysis.MullerSolver","org.apache.commons.math.analysis.UnivariateRealSolverImpl",104
"915",10,"math","org.apache.commons.math.distribution.AbstractIntegerDistribution","org.apache.commons.math.distribution.HypergeometricDistributionImpl",52
"916",10,"math","org.apache.commons.math.fraction.ProperFractionFormat","org.apache.commons.math.fraction.FractionFormat",95
"917",10,"math","org.apache.commons.math.geometry.Rotation","org.apache.commons.math.geometry.Vector3D",126
"918",10,"math","org.apache.commons.math.linear.MatrixUtils","org.apache.commons.math.linear.BigMatrixImpl",111
"919",10,"math","org.apache.commons.math.ode.AbstractStepInterpolator","org.apache.commons.math.ode.DormandPrince853StepInterpolator",61
"920",10,"math","org.apache.commons.math.ode.ContinuousOutputModel","org.apache.commons.math.ode.AbstractStepInterpolator",48
"921",10,"math","org.apache.commons.math.ode.EmbeddedRungeKuttaIntegrator","org.apache.commons.math.ode.DormandPrince853Integrator",9
"922",10,"math","org.apache.commons.math.ode.EmbeddedRungeKuttaIntegrator","org.apache.commons.math.ode.HighamHall54Integrator",8
"923",10,"math","org.apache.commons.math.ode.GraggBulirschStoerIntegrator","org.apache.commons.math.ode.AdaptiveStepsizeIntegrator",106
"924",10,"math","org.apache.commons.math.ode.GraggBulirschStoerIntegrator","org.apache.commons.math.ode.SwitchingFunctionsHandler",28
"925",10,"math","org.apache.commons.math.ode.GraggBulirschStoerStepInterpolator","org.apache.commons.math.ode.AbstractStepInterpolator",36
"926",10,"math","org.apache.commons.math.ode.SwitchingFunctionsHandler","org.apache.commons.math.ode.SwitchState",60
"927",10,"math","org.apache.commons.math.ode.SwitchState","org.apache.commons.math.analysis.BrentSolver",29
"928",10,"math","org.apache.commons.math.optimization.NelderMead","org.apache.commons.math.optimization.DirectSearchOptimizer",103
"929",10,"math","org.apache.commons.math.random.EmpiricalDistributionImpl","org.apache.commons.math.stat.descriptive.SummaryStatistics",36
"930",10,"math","org.apache.commons.math.stat.descriptive.AbstractStorelessUnivariateStatistic","org.apache.commons.math.stat.descriptive.moment.Variance",49
"931",10,"math","org.apache.commons.math.stat.descriptive.DescriptiveStatistics","org.apache.commons.math.util.ResizableDoubleArray",126
"932",10,"math","org.apache.commons.math.stat.inference.TTestImpl","org.apache.commons.math.stat.StatUtils",20
"933",10,"math","org.apache.commons.math.transform.FastFourierTransformer","org.apache.commons.math.complex.Complex",267
"934",10,"mockito","org.mockito.asm.AnnotationWriter","org.mockito.asm.ClassWriter",468
"935",10,"mockito","org.mockito.asm.MethodWriter","org.mockito.asm.ByteVector",64
"936",10,"mockito","org.mockito.asm.MethodWriter","org.mockito.asm.ClassWriter",67
"937",10,"mockito","org.mockito.asm.tree.analysis.BasicVerifier","org.mockito.asm.tree.analysis.BasicInterpreter",6
"938",10,"mockito","org.mockito.asm.util.ASMifierClassVisitor","org.mockito.asm.util.ASMifierAbstractVisitor",24
"939",10,"mockito","org.mockito.cglib.core.CodeEmitter","org.mockito.cglib.core.TypeUtils",229
"940",10,"mockito","org.mockito.cglib.core.EmitUtils","org.mockito.cglib.core.CodeEmitter",114
"941",10,"mockito","org.mockito.cglib.proxy.Enhancer","org.mockito.cglib.core.CodeEmitter",240
"942",10,"mockito","org.mockito.cglib.proxy.Enhancer","org.mockito.cglib.core.ReflectUtils",96
"943",10,"mockito","org.mockito.cglib.proxy.Mixin$Generator","org.mockito.cglib.core.AbstractClassGenerator",4
"944",10,"time","org.joda.time.base.AbstractPartial","org.joda.time.MonthDay",28
"945",10,"time","org.joda.time.base.AbstractPartial","org.joda.time.TimeOfDay",54
"946",10,"time","org.joda.time.base.AbstractPartial","org.joda.time.YearMonth",33
"947",10,"time","org.joda.time.base.AbstractPartial","org.joda.time.YearMonthDay",4
"948",10,"time","org.joda.time.base.BasePeriod","org.joda.time.base.AbstractPeriod",58
"949",10,"time","org.joda.time.chrono.BasicChronology","org.joda.time.chrono.CopticChronology",12
"950",10,"time","org.joda.time.chrono.BasicChronology","org.joda.time.chrono.EthiopicChronology",2
"951",10,"time","org.joda.time.chrono.BasicChronology","org.joda.time.chrono.IslamicChronology",85
"952",10,"time","org.joda.time.chrono.BasicWeekyearDateTimeField","org.joda.time.chrono.BasicChronology",194
"953",10,"time","org.joda.time.chrono.CopticChronology","org.joda.time.DateTimeZone",221
"954",10,"time","org.joda.time.chrono.GJChronology","org.joda.time.chrono.JulianChronology",75
"955",10,"time","org.joda.time.chrono.ISOChronology","org.joda.time.chrono.AssembledChronology",73
"956",10,"time","org.joda.time.chrono.ISOChronology","org.joda.time.DateTimeZone",193
"957",10,"time","org.joda.time.chrono.ZonedChronology","org.joda.time.chrono.AssembledChronology",74
"958",10,"time","org.joda.time.chrono.ZonedChronology","org.joda.time.DateTimeZone",191
"959",10,"time","org.joda.time.chrono.ZonedChronology$ZonedDateTimeField","org.joda.time.DateTimeZone",198
"960",10,"time","org.joda.time.DateTimeUtils","org.joda.time.DateTimeZone",145
"961",10,"time","org.joda.time.DateTimeZone","org.joda.time.field.FieldUtils",13
"962",10,"time","org.joda.time.DateTimeZone","org.joda.time.tz.FixedDateTimeZone",21
"963",10,"time","org.joda.time.Days","org.joda.time.base.BaseSingleFieldPeriod",117
"964",10,"time","org.joda.time.format.DateTimeFormat","org.joda.time.format.DateTimeFormat$StyleFormatter",12
"965",10,"time","org.joda.time.format.DateTimeFormat","org.joda.time.format.DateTimeFormatterBuilder",50
"966",10,"time","org.joda.time.format.DateTimeFormatter","org.joda.time.DateTimeZone",104
"967",10,"time","org.joda.time.format.DateTimeFormatter","org.joda.time.format.DateTimeParserBucket",110
"968",10,"time","org.joda.time.format.DateTimeFormatterBuilder$PaddedNumber","org.joda.time.format.DateTimeFormatterBuilder",143
"969",10,"time","org.joda.time.format.DateTimeFormatterBuilder$TextField","org.joda.time.format.DateTimeParserBucket",62
"970",10,"time","org.joda.time.format.DateTimeFormatterBuilder$TextField","org.joda.time.MutableDateTime",15
"971",10,"time","org.joda.time.format.DateTimeParserBucket$SavedState","org.joda.time.format.DateTimeParserBucket",16
"972",10,"time","org.joda.time.format.ISODateTimeFormat","org.joda.time.format.DateTimeFormatterBuilder",224
"973",10,"time","org.joda.time.Hours","org.joda.time.base.BaseSingleFieldPeriod",95
"974",10,"time","org.joda.time.LocalDate","org.joda.time.format.ISODateTimeFormat",30
"975",10,"time","org.joda.time.LocalDateTime","org.joda.time.DateTimeZone",267
"976",10,"time","org.joda.time.LocalDateTime","org.joda.time.format.DateTimeFormatter",62
"977",10,"time","org.joda.time.LocalTime$Property","org.joda.time.LocalTime",18
"978",10,"time","org.joda.time.Minutes","org.joda.time.base.BaseSingleFieldPeriod",129
"979",10,"time","org.joda.time.MutableInterval","org.joda.time.base.BaseInterval",14
"980",10,"time","org.joda.time.MutablePeriod","org.joda.time.base.BasePeriod",118
"981",10,"time","org.joda.time.Period","org.joda.time.base.AbstractPeriod",62
"982",10,"time","org.joda.time.Period","org.joda.time.base.BasePeriod",123
"983",10,"time","org.joda.time.Period","org.joda.time.PeriodType",820
"984",10,"time","org.joda.time.Seconds","org.joda.time.base.BaseSingleFieldPeriod",97
"985",10,"time","org.joda.time.tz.ZoneInfoCompiler","org.joda.time.DateTimeZone",234
"986",10,"time","org.joda.time.Weeks","org.joda.time.base.BaseSingleFieldPeriod",130
"987",10,"time","org.joda.time.YearMonthDay","org.joda.time.base.BasePartial",8
"988",11,"closure","com.google.javascript.rhino.head.IdScriptableObject","com.google.javascript.rhino.head.ScriptableObject",48
"989",11,"closure","com.google.javascript.rhino.head.Interpreter","com.google.javascript.rhino.head.ScriptableObject",72
"990",11,"closure","com.google.javascript.rhino.head.IRFactory","com.google.javascript.rhino.head.Parser",231
"991",11,"closure","com.google.javascript.rhino.head.NativeArray","com.google.javascript.rhino.head.IdScriptableObject",84
"992",11,"closure","com.google.javascript.rhino.head.NativeArray","com.google.javascript.rhino.head.ScriptableObject",200
"993",11,"closure","com.google.javascript.rhino.head.NativeArray","com.google.javascript.rhino.head.ScriptRuntime",92
"994",11,"closure","com.google.javascript.rhino.head.NativeObject","com.google.javascript.rhino.head.ScriptableObject",359
"995",11,"closure","com.google.javascript.rhino.head.regexp.NativeRegExp","com.google.javascript.rhino.head.ScriptRuntime",30
"996",11,"closure","com.google.javascript.rhino.head.ScriptRuntime","com.google.javascript.rhino.head.ScriptableObject",104
"997",11,"closure","com.google.javascript.rhino.head.tools.debugger.Dim","com.google.javascript.rhino.head.ScriptRuntime",30
"998",11,"lang","org.apache.commons.lang3.builder.ReflectionToStringBuilder","org.apache.commons.lang3.builder.ToStringBuilder",34
"999",11,"lang","org.apache.commons.lang3.builder.ToStringBuilder","org.apache.commons.lang3.builder.ToStringStyle",113
"1000",11,"lang","org.apache.commons.lang3.builder.ToStringStyle","org.apache.commons.lang3.ClassUtils",36
"1001",11,"lang","org.apache.commons.lang3.CharUtils","org.apache.commons.lang3.StringUtils",4
"1002",11,"lang","org.apache.commons.lang3.concurrent.MultiBackgroundInitializer","org.apache.commons.lang3.concurrent.BackgroundInitializer",45
"1003",11,"lang","org.apache.commons.lang3.StringUtils","org.apache.commons.lang3.ArrayUtils",7
"1004",11,"lang","org.apache.commons.lang3.text.StrBuilder$StrBuilderReader","org.apache.commons.lang3.text.StrBuilder",99
"1005",11,"lang","org.apache.commons.lang3.text.StrSubstitutor","org.apache.commons.lang3.text.StrBuilder",325
"1006",11,"lang","org.apache.commons.lang3.text.StrTokenizer","org.apache.commons.lang3.text.StrMatcher",19
"1007",11,"lang","org.apache.commons.lang3.text.translate.UnicodeEscaper","org.apache.commons.lang3.text.translate.CharSequenceTranslator",16
"1008",11,"lang","org.apache.commons.lang3.time.DurationFormatUtils","org.apache.commons.lang3.time.DurationFormatUtils$Token",8
"1009",11,"lang","org.apache.commons.lang3.time.FastDateFormat","org.apache.commons.lang3.time.FastDateFormat$TextField",4
"1010",11,"math","org.apache.commons.math.analysis.LaguerreSolver","org.apache.commons.math.complex.Complex",324
"1011",11,"math","org.apache.commons.math.analysis.MullerSolver","org.apache.commons.math.analysis.UnivariateRealSolverImpl",106
"1012",11,"math","org.apache.commons.math.distribution.AbstractIntegerDistribution","org.apache.commons.math.distribution.HypergeometricDistributionImpl",45
"1013",11,"math","org.apache.commons.math.fraction.ProperFractionFormat","org.apache.commons.math.fraction.FractionFormat",96
"1014",11,"math","org.apache.commons.math.geometry.Rotation","org.apache.commons.math.geometry.Vector3D",124
"1015",11,"math","org.apache.commons.math.linear.MatrixUtils","org.apache.commons.math.linear.BigMatrixImpl",106
"1016",11,"math","org.apache.commons.math.ode.AbstractStepInterpolator","org.apache.commons.math.ode.DormandPrince853StepInterpolator",66
"1017",11,"math","org.apache.commons.math.ode.ContinuousOutputModel","org.apache.commons.math.ode.AbstractStepInterpolator",44
"1018",11,"math","org.apache.commons.math.ode.EmbeddedRungeKuttaIntegrator","org.apache.commons.math.ode.DormandPrince853Integrator",5
"1019",11,"math","org.apache.commons.math.ode.EmbeddedRungeKuttaIntegrator","org.apache.commons.math.ode.HighamHall54Integrator",2
"1020",11,"math","org.apache.commons.math.ode.GraggBulirschStoerIntegrator","org.apache.commons.math.ode.AdaptiveStepsizeIntegrator",80
"1021",11,"math","org.apache.commons.math.ode.GraggBulirschStoerIntegrator","org.apache.commons.math.ode.SwitchingFunctionsHandler",22
"1022",11,"math","org.apache.commons.math.ode.GraggBulirschStoerStepInterpolator","org.apache.commons.math.ode.AbstractStepInterpolator",22
"1023",11,"math","org.apache.commons.math.ode.SwitchingFunctionsHandler","org.apache.commons.math.ode.SwitchState",73
"1024",11,"math","org.apache.commons.math.ode.SwitchState","org.apache.commons.math.analysis.BrentSolver",28
"1025",11,"math","org.apache.commons.math.optimization.NelderMead","org.apache.commons.math.optimization.DirectSearchOptimizer",104
"1026",11,"math","org.apache.commons.math.random.EmpiricalDistributionImpl","org.apache.commons.math.stat.descriptive.SummaryStatistics",35
"1027",11,"math","org.apache.commons.math.stat.descriptive.AbstractStorelessUnivariateStatistic","org.apache.commons.math.stat.descriptive.moment.Variance",26
"1028",11,"math","org.apache.commons.math.stat.descriptive.DescriptiveStatistics","org.apache.commons.math.util.ResizableDoubleArray",108
"1029",11,"math","org.apache.commons.math.stat.inference.TTestImpl","org.apache.commons.math.stat.StatUtils",20
"1030",11,"math","org.apache.commons.math.transform.FastFourierTransformer","org.apache.commons.math.complex.Complex",362
"1031",11,"mockito","org.mockito.asm.AnnotationWriter","org.mockito.asm.ClassWriter",470
"1032",11,"mockito","org.mockito.asm.MethodWriter","org.mockito.asm.ByteVector",74
"1033",11,"mockito","org.mockito.asm.MethodWriter","org.mockito.asm.ClassWriter",90
"1034",11,"mockito","org.mockito.asm.tree.analysis.BasicVerifier","org.mockito.asm.tree.analysis.BasicInterpreter",33
"1035",11,"mockito","org.mockito.asm.tree.analysis.BasicVerifier","org.mockito.asm.tree.analysis.SimpleVerifier",10
"1036",11,"mockito","org.mockito.asm.util.ASMifierClassVisitor","org.mockito.asm.util.ASMifierAbstractVisitor",24
"1037",11,"mockito","org.mockito.cglib.core.CodeEmitter","org.mockito.cglib.core.ClassEmitter",1
"1038",11,"mockito","org.mockito.cglib.core.CodeEmitter","org.mockito.cglib.core.TypeUtils",222
"1039",11,"mockito","org.mockito.cglib.core.EmitUtils","org.mockito.cglib.core.CodeEmitter",71
"1040",11,"mockito","org.mockito.cglib.proxy.Enhancer","org.mockito.cglib.core.CodeEmitter",240
"1041",11,"mockito","org.mockito.cglib.proxy.Enhancer","org.mockito.cglib.core.ReflectUtils",96
"1042",11,"mockito","org.mockito.cglib.proxy.Mixin$Generator","org.mockito.cglib.core.AbstractClassGenerator",6
"1043",11,"mockito","org.mockito.cglib.proxy.Mixin$Generator","org.mockito.cglib.core.ReflectUtils",131
"1044",11,"time","org.joda.time.base.AbstractPartial","org.joda.time.MonthDay",22
"1045",11,"time","org.joda.time.base.AbstractPartial","org.joda.time.TimeOfDay",32
"1046",11,"time","org.joda.time.base.AbstractPartial","org.joda.time.YearMonth",29
"1047",11,"time","org.joda.time.base.BasePeriod","org.joda.time.base.AbstractPeriod",70
"1048",11,"time","org.joda.time.chrono.BasicChronology","org.joda.time.chrono.CopticChronology",8
"1049",11,"time","org.joda.time.chrono.BasicChronology","org.joda.time.chrono.EthiopicChronology",7
"1050",11,"time","org.joda.time.chrono.BasicChronology","org.joda.time.chrono.IslamicChronology",158
"1051",11,"time","org.joda.time.chrono.BasicWeekyearDateTimeField","org.joda.time.chrono.BasicChronology",423
"1052",11,"time","org.joda.time.chrono.CopticChronology","org.joda.time.DateTimeZone",221
"1053",11,"time","org.joda.time.chrono.GJChronology","org.joda.time.chrono.GJChronology$CutoverField",67
"1054",11,"time","org.joda.time.chrono.GJChronology","org.joda.time.chrono.JulianChronology",65
"1055",11,"time","org.joda.time.chrono.ISOChronology","org.joda.time.chrono.AssembledChronology",44
"1056",11,"time","org.joda.time.chrono.ISOChronology","org.joda.time.DateTimeZone",203
"1057",11,"time","org.joda.time.chrono.ZonedChronology","org.joda.time.chrono.AssembledChronology",62
"1058",11,"time","org.joda.time.chrono.ZonedChronology","org.joda.time.DateTimeZone",215
"1059",11,"time","org.joda.time.chrono.ZonedChronology$ZonedDateTimeField","org.joda.time.DateTimeZone",129
"1060",11,"time","org.joda.time.DateTimeUtils","org.joda.time.DateTimeZone",119
"1061",11,"time","org.joda.time.DateTimeZone","org.joda.time.field.FieldUtils",12
"1062",11,"time","org.joda.time.DateTimeZone","org.joda.time.format.DateTimeFormat",11
"1063",11,"time","org.joda.time.DateTimeZone","org.joda.time.tz.FixedDateTimeZone",21
"1064",11,"time","org.joda.time.Days","org.joda.time.base.BaseSingleFieldPeriod",112
"1065",11,"time","org.joda.time.format.DateTimeFormat","org.joda.time.format.DateTimeFormat$StyleFormatter",9
"1066",11,"time","org.joda.time.format.DateTimeFormat","org.joda.time.format.DateTimeFormatterBuilder",48
"1067",11,"time","org.joda.time.format.DateTimeFormatter","org.joda.time.DateTimeZone",117
"1068",11,"time","org.joda.time.format.DateTimeFormatter","org.joda.time.format.DateTimeParserBucket",69
"1069",11,"time","org.joda.time.format.DateTimeFormatterBuilder$PaddedNumber","org.joda.time.format.DateTimeFormatterBuilder",56
"1070",11,"time","org.joda.time.format.DateTimeFormatterBuilder$TextField","org.joda.time.format.DateTimeParserBucket",50
"1071",11,"time","org.joda.time.format.DateTimeFormatterBuilder$TextField","org.joda.time.MutableDateTime",2
"1072",11,"time","org.joda.time.format.DateTimeParserBucket$SavedState","org.joda.time.format.DateTimeParserBucket",15
"1073",11,"time","org.joda.time.format.ISODateTimeFormat","org.joda.time.format.DateTimeFormatterBuilder",224
"1074",11,"time","org.joda.time.Hours","org.joda.time.base.BaseSingleFieldPeriod",90
"1075",11,"time","org.joda.time.LocalDate","org.joda.time.format.ISODateTimeFormat",31
"1076",11,"time","org.joda.time.LocalDateTime","org.joda.time.DateTimeZone",186
"1077",11,"time","org.joda.time.LocalDateTime","org.joda.time.format.DateTimeFormatter",59
"1078",11,"time","org.joda.time.LocalTime$Property","org.joda.time.LocalTime",27
"1079",11,"time","org.joda.time.Minutes","org.joda.time.base.BaseSingleFieldPeriod",125
"1080",11,"time","org.joda.time.MutableInterval","org.joda.time.base.BaseInterval",9
"1081",11,"time","org.joda.time.MutablePeriod","org.joda.time.base.BasePeriod",145
"1082",11,"time","org.joda.time.Period","org.joda.time.base.AbstractPeriod",75
"1083",11,"time","org.joda.time.Period","org.joda.time.base.BasePeriod",158
"1084",11,"time","org.joda.time.Period","org.joda.time.PeriodType",817
"1085",11,"time","org.joda.time.Seconds","org.joda.time.base.BaseSingleFieldPeriod",127
"1086",11,"time","org.joda.time.tz.ZoneInfoCompiler","org.joda.time.DateTimeZone",199
"1087",11,"time","org.joda.time.Weeks","org.joda.time.base.BaseSingleFieldPeriod",120
"1088",11,"time","org.joda.time.YearMonthDay","org.joda.time.base.BasePartial",5
"1089",12,"closure","com.google.javascript.rhino.head.IdScriptableObject","com.google.javascript.rhino.head.ScriptableObject",273
"1090",12,"closure","com.google.javascript.rhino.head.IRFactory","com.google.javascript.rhino.head.Node",67
"1091",12,"closure","com.google.javascript.rhino.head.IRFactory","com.google.javascript.rhino.head.Parser",182
"1092",12,"closure","com.google.javascript.rhino.head.NativeArray","com.google.javascript.rhino.head.IdScriptableObject",75
"1093",12,"closure","com.google.javascript.rhino.head.NativeArray","com.google.javascript.rhino.head.ScriptableObject",42
"1094",12,"closure","com.google.javascript.rhino.head.NativeObject","com.google.javascript.rhino.head.ScriptableObject",431
"1095",12,"closure","com.google.javascript.rhino.head.regexp.NativeRegExp","com.google.javascript.rhino.head.ScriptRuntime",32
"1096",12,"closure","com.google.javascript.rhino.head.ScriptRuntime","com.google.javascript.rhino.head.ScriptableObject",247
"1097",12,"closure","com.google.javascript.rhino.head.tools.debugger.Dim","com.google.javascript.rhino.head.ScriptRuntime",9
"1098",12,"closure","com.google.javascript.rhino.jstype.JSType","com.google.javascript.rhino.jstype.UnionType",73
"1099",12,"lang","org.apache.commons.lang3.builder.ReflectionToStringBuilder","org.apache.commons.lang3.builder.ToStringBuilder",36
"1100",12,"lang","org.apache.commons.lang3.builder.ToStringBuilder","org.apache.commons.lang3.builder.ToStringStyle",177
"1101",12,"lang","org.apache.commons.lang3.builder.ToStringStyle","org.apache.commons.lang3.ClassUtils",36
"1102",12,"lang","org.apache.commons.lang3.CharUtils","org.apache.commons.lang3.StringUtils",4
"1103",12,"lang","org.apache.commons.lang3.concurrent.MultiBackgroundInitializer","org.apache.commons.lang3.concurrent.BackgroundInitializer",45
"1104",12,"lang","org.apache.commons.lang3.StringUtils","org.apache.commons.lang3.ArrayUtils",9
"1105",12,"lang","org.apache.commons.lang3.text.StrBuilder$StrBuilderReader","org.apache.commons.lang3.text.StrBuilder",107
"1106",12,"lang","org.apache.commons.lang3.text.StrSubstitutor","org.apache.commons.lang3.text.StrBuilder",354
"1107",12,"lang","org.apache.commons.lang3.text.StrTokenizer","org.apache.commons.lang3.text.StrMatcher",8
"1108",12,"lang","org.apache.commons.lang3.text.translate.UnicodeEscaper","org.apache.commons.lang3.text.translate.CharSequenceTranslator",35
"1109",12,"lang","org.apache.commons.lang3.time.DurationFormatUtils","org.apache.commons.lang3.time.DurationFormatUtils$Token",21
"1110",12,"lang","org.apache.commons.lang3.time.FastDateFormat","org.apache.commons.lang3.time.FastDateFormat$TextField",4
"1111",12,"math","org.apache.commons.math.analysis.LaguerreSolver","org.apache.commons.math.complex.Complex",202
"1112",12,"math","org.apache.commons.math.analysis.MullerSolver","org.apache.commons.math.analysis.UnivariateRealSolverImpl",99
"1113",12,"math","org.apache.commons.math.distribution.AbstractIntegerDistribution","org.apache.commons.math.distribution.HypergeometricDistributionImpl",73
"1114",12,"math","org.apache.commons.math.fraction.ProperFractionFormat","org.apache.commons.math.fraction.FractionFormat",79
"1115",12,"math","org.apache.commons.math.geometry.Rotation","org.apache.commons.math.geometry.Vector3D",150
"1116",12,"math","org.apache.commons.math.linear.MatrixUtils","org.apache.commons.math.linear.BigMatrixImpl",108
"1117",12,"math","org.apache.commons.math.ode.AbstractStepInterpolator","org.apache.commons.math.ode.DormandPrince853StepInterpolator",65
"1118",12,"math","org.apache.commons.math.ode.ContinuousOutputModel","org.apache.commons.math.ode.AbstractStepInterpolator",44
"1119",12,"math","org.apache.commons.math.ode.EmbeddedRungeKuttaIntegrator","org.apache.commons.math.ode.DormandPrince853Integrator",23
"1120",12,"math","org.apache.commons.math.ode.EmbeddedRungeKuttaIntegrator","org.apache.commons.math.ode.HighamHall54Integrator",8
"1121",12,"math","org.apache.commons.math.ode.GraggBulirschStoerIntegrator","org.apache.commons.math.ode.AdaptiveStepsizeIntegrator",93
"1122",12,"math","org.apache.commons.math.ode.GraggBulirschStoerIntegrator","org.apache.commons.math.ode.SwitchingFunctionsHandler",34
"1123",12,"math","org.apache.commons.math.ode.GraggBulirschStoerStepInterpolator","org.apache.commons.math.ode.AbstractStepInterpolator",26
"1124",12,"math","org.apache.commons.math.ode.SwitchingFunctionsHandler","org.apache.commons.math.ode.SwitchState",77
"1125",12,"math","org.apache.commons.math.ode.SwitchState","org.apache.commons.math.analysis.BrentSolver",53
"1126",12,"math","org.apache.commons.math.optimization.NelderMead","org.apache.commons.math.optimization.DirectSearchOptimizer",122
"1127",12,"math","org.apache.commons.math.random.EmpiricalDistributionImpl","org.apache.commons.math.stat.descriptive.SummaryStatistics",36
"1128",12,"math","org.apache.commons.math.stat.descriptive.AbstractStorelessUnivariateStatistic","org.apache.commons.math.stat.descriptive.moment.Variance",71
"1129",12,"math","org.apache.commons.math.stat.descriptive.DescriptiveStatistics","org.apache.commons.math.util.ResizableDoubleArray",113
"1130",12,"math","org.apache.commons.math.stat.inference.TTestImpl","org.apache.commons.math.stat.StatUtils",34
"1131",12,"math","org.apache.commons.math.transform.FastFourierTransformer","org.apache.commons.math.complex.Complex",306
"1132",12,"mockito","org.mockito.asm.AnnotationWriter","org.mockito.asm.ClassWriter",429
"1133",12,"mockito","org.mockito.asm.MethodWriter","org.mockito.asm.ByteVector",80
"1134",12,"mockito","org.mockito.asm.MethodWriter","org.mockito.asm.ClassWriter",102
"1135",12,"mockito","org.mockito.asm.tree.analysis.BasicVerifier","org.mockito.asm.tree.analysis.BasicInterpreter",25
"1136",12,"mockito","org.mockito.asm.tree.analysis.BasicVerifier","org.mockito.asm.tree.analysis.SimpleVerifier",8
"1137",12,"mockito","org.mockito.asm.util.ASMifierClassVisitor","org.mockito.asm.util.ASMifierAbstractVisitor",24
"1138",12,"mockito","org.mockito.cglib.core.CodeEmitter","org.mockito.cglib.core.ClassEmitter",1
"1139",12,"mockito","org.mockito.cglib.core.CodeEmitter","org.mockito.cglib.core.TypeUtils",221
"1140",12,"mockito","org.mockito.cglib.core.EmitUtils","org.mockito.cglib.core.CodeEmitter",77
"1141",12,"mockito","org.mockito.cglib.proxy.Enhancer","org.mockito.cglib.core.ReflectUtils",95
"1142",12,"mockito","org.mockito.cglib.proxy.Mixin$Generator","org.mockito.cglib.core.AbstractClassGenerator",11
"1143",12,"mockito","org.mockito.cglib.proxy.Mixin$Generator","org.mockito.cglib.core.ReflectUtils",156
"1144",12,"time","org.joda.time.base.AbstractPartial","org.joda.time.MonthDay",49
"1145",12,"time","org.joda.time.base.AbstractPartial","org.joda.time.TimeOfDay",1
"1146",12,"time","org.joda.time.base.AbstractPartial","org.joda.time.YearMonth",4
"1147",12,"time","org.joda.time.base.BasePeriod","org.joda.time.base.AbstractPeriod",84
"1148",12,"time","org.joda.time.chrono.BasicChronology","org.joda.time.chrono.CopticChronology",12
"1149",12,"time","org.joda.time.chrono.BasicChronology","org.joda.time.chrono.EthiopicChronology",7
"1150",12,"time","org.joda.time.chrono.BasicChronology","org.joda.time.chrono.IslamicChronology",35
"1151",12,"time","org.joda.time.chrono.BasicWeekyearDateTimeField","org.joda.time.chrono.BasicChronology",385
"1152",12,"time","org.joda.time.chrono.CopticChronology","org.joda.time.DateTimeZone",193
"1153",12,"time","org.joda.time.chrono.GJChronology","org.joda.time.chrono.GJChronology$CutoverField",14
"1154",12,"time","org.joda.time.chrono.GJChronology","org.joda.time.chrono.JulianChronology",48
"1155",12,"time","org.joda.time.chrono.ISOChronology","org.joda.time.chrono.AssembledChronology",64
"1156",12,"time","org.joda.time.chrono.ZonedChronology","org.joda.time.chrono.AssembledChronology",102
"1157",12,"time","org.joda.time.chrono.ZonedChronology","org.joda.time.DateTimeZone",212
"1158",12,"time","org.joda.time.chrono.ZonedChronology$ZonedDateTimeField","org.joda.time.DateTimeZone",126
"1159",12,"time","org.joda.time.DateTimeUtils","org.joda.time.DateTimeZone",140
"1160",12,"time","org.joda.time.DateTimeZone","org.joda.time.field.FieldUtils",12
"1161",12,"time","org.joda.time.DateTimeZone","org.joda.time.format.DateTimeFormat",11
"1162",12,"time","org.joda.time.DateTimeZone","org.joda.time.format.FormatUtils",46
"1163",12,"time","org.joda.time.DateTimeZone","org.joda.time.tz.FixedDateTimeZone",18
"1164",12,"time","org.joda.time.Days","org.joda.time.base.BaseSingleFieldPeriod",109
"1165",12,"time","org.joda.time.format.DateTimeFormat","org.joda.time.format.DateTimeFormat$StyleFormatter",8
"1166",12,"time","org.joda.time.format.DateTimeFormat","org.joda.time.format.DateTimeFormatterBuilder",83
"1167",12,"time","org.joda.time.format.DateTimeFormatter","org.joda.time.DateTimeZone",126
"1168",12,"time","org.joda.time.format.DateTimeFormatter","org.joda.time.format.DateTimeParserBucket",95
"1169",12,"time","org.joda.time.format.DateTimeFormatterBuilder$PaddedNumber","org.joda.time.format.DateTimeFormatterBuilder",31
"1170",12,"time","org.joda.time.format.DateTimeFormatterBuilder$TextField","org.joda.time.format.DateTimeParserBucket",88
"1171",12,"time","org.joda.time.format.DateTimeFormatterBuilder$TextField","org.joda.time.MutableDateTime",21
"1172",12,"time","org.joda.time.format.DateTimeParserBucket$SavedState","org.joda.time.format.DateTimeParserBucket",15
"1173",12,"time","org.joda.time.format.ISODateTimeFormat","org.joda.time.format.DateTimeFormatterBuilder",224
"1174",12,"time","org.joda.time.Hours","org.joda.time.base.BaseSingleFieldPeriod",89
"1175",12,"time","org.joda.time.LocalDate","org.joda.time.format.ISODateTimeFormat",30
"1176",12,"time","org.joda.time.LocalDateTime","org.joda.time.DateTimeZone",314
"1177",12,"time","org.joda.time.LocalDateTime","org.joda.time.format.DateTimeFormatter",38
"1178",12,"time","org.joda.time.LocalTime$Property","org.joda.time.LocalTime",21
"1179",12,"time","org.joda.time.Minutes","org.joda.time.base.BaseSingleFieldPeriod",123
"1180",12,"time","org.joda.time.MutablePeriod","org.joda.time.base.BasePeriod",164
"1181",12,"time","org.joda.time.Period","org.joda.time.base.AbstractPeriod",46
"1182",12,"time","org.joda.time.Period","org.joda.time.base.BasePeriod",119
"1183",12,"time","org.joda.time.Period","org.joda.time.PeriodType",825
"1184",12,"time","org.joda.time.Seconds","org.joda.time.base.BaseSingleFieldPeriod",128
"1185",12,"time","org.joda.time.Weeks","org.joda.time.base.BaseSingleFieldPeriod",126
"1186",12,"time","org.joda.time.YearMonthDay","org.joda.time.base.BasePartial",8
"1187",13,"closure","com.google.javascript.rhino.head.Interpreter","com.google.javascript.rhino.head.ScriptableObject",101
"1188",13,"closure","com.google.javascript.rhino.head.IRFactory","com.google.javascript.rhino.head.Node",48
"1189",13,"closure","com.google.javascript.rhino.head.NativeArray","com.google.javascript.rhino.head.IdScriptableObject",104
"1190",13,"closure","com.google.javascript.rhino.head.NativeArray","com.google.javascript.rhino.head.ScriptableObject",120
"1191",13,"closure","com.google.javascript.rhino.head.NativeObject","com.google.javascript.rhino.head.ScriptableObject",276
"1192",13,"closure","com.google.javascript.rhino.head.regexp.NativeRegExp","com.google.javascript.rhino.head.ScriptRuntime",90
"1193",13,"closure","com.google.javascript.rhino.head.ScriptableObject","com.google.javascript.rhino.head.FunctionObject",19
"1194",13,"closure","com.google.javascript.rhino.head.tools.debugger.Dim","com.google.javascript.rhino.head.ScriptRuntime",36
"1195",13,"closure","com.google.javascript.rhino.JSDocInfoBuilder","com.google.javascript.rhino.JSDocInfo",533
"1196",13,"closure","com.google.javascript.rhino.jstype.JSType","com.google.javascript.rhino.jstype.UnionType",24
"1197",13,"lang","org.apache.commons.lang3.builder.ReflectionToStringBuilder","org.apache.commons.lang3.builder.ToStringBuilder",34
"1198",13,"lang","org.apache.commons.lang3.builder.ToStringBuilder","org.apache.commons.lang3.builder.ToStringStyle",152
"1199",13,"lang","org.apache.commons.lang3.builder.ToStringStyle","org.apache.commons.lang3.ClassUtils",36
"1200",13,"lang","org.apache.commons.lang3.CharUtils","org.apache.commons.lang3.StringUtils",4
"1201",13,"lang","org.apache.commons.lang3.concurrent.MultiBackgroundInitializer","org.apache.commons.lang3.concurrent.BackgroundInitializer",44
"1202",13,"lang","org.apache.commons.lang3.StringUtils","org.apache.commons.lang3.ArrayUtils",9
"1203",13,"lang","org.apache.commons.lang3.text.StrBuilder$StrBuilderReader","org.apache.commons.lang3.text.StrBuilder",96
"1204",13,"lang","org.apache.commons.lang3.text.StrSubstitutor","org.apache.commons.lang3.text.StrBuilder",306
"1205",13,"lang","org.apache.commons.lang3.text.StrTokenizer","org.apache.commons.lang3.text.StrMatcher",13
"1206",13,"lang","org.apache.commons.lang3.text.translate.UnicodeEscaper","org.apache.commons.lang3.text.translate.CharSequenceTranslator",31
"1207",13,"lang","org.apache.commons.lang3.time.DurationFormatUtils","org.apache.commons.lang3.time.DurationFormatUtils$Token",9
"1208",13,"lang","org.apache.commons.lang3.time.FastDateFormat","org.apache.commons.lang3.time.FastDateFormat$TextField",4
"1209",13,"math","org.apache.commons.math.analysis.LaguerreSolver","org.apache.commons.math.complex.Complex",423
"1210",13,"math","org.apache.commons.math.analysis.MullerSolver","org.apache.commons.math.analysis.UnivariateRealSolverImpl",105
"1211",13,"math","org.apache.commons.math.distribution.AbstractIntegerDistribution","org.apache.commons.math.distribution.HypergeometricDistributionImpl",38
"1212",13,"math","org.apache.commons.math.fraction.ProperFractionFormat","org.apache.commons.math.fraction.FractionFormat",77
"1213",13,"math","org.apache.commons.math.geometry.Rotation","org.apache.commons.math.geometry.Vector3D",149
"1214",13,"math","org.apache.commons.math.linear.MatrixUtils","org.apache.commons.math.linear.BigMatrixImpl",109
"1215",13,"math","org.apache.commons.math.ode.AbstractStepInterpolator","org.apache.commons.math.ode.DormandPrince853StepInterpolator",64
"1216",13,"math","org.apache.commons.math.ode.ContinuousOutputModel","org.apache.commons.math.ode.AbstractStepInterpolator",47
"1217",13,"math","org.apache.commons.math.ode.EmbeddedRungeKuttaIntegrator","org.apache.commons.math.ode.DormandPrince853Integrator",5
"1218",13,"math","org.apache.commons.math.ode.EmbeddedRungeKuttaIntegrator","org.apache.commons.math.ode.HighamHall54Integrator",6
"1219",13,"math","org.apache.commons.math.ode.GraggBulirschStoerIntegrator","org.apache.commons.math.ode.AdaptiveStepsizeIntegrator",117
"1220",13,"math","org.apache.commons.math.ode.GraggBulirschStoerIntegrator","org.apache.commons.math.ode.SwitchingFunctionsHandler",41
"1221",13,"math","org.apache.commons.math.ode.GraggBulirschStoerStepInterpolator","org.apache.commons.math.ode.AbstractStepInterpolator",42
"1222",13,"math","org.apache.commons.math.ode.SwitchingFunctionsHandler","org.apache.commons.math.ode.SwitchState",67
"1223",13,"math","org.apache.commons.math.ode.SwitchState","org.apache.commons.math.analysis.BrentSolver",90
"1224",13,"math","org.apache.commons.math.optimization.NelderMead","org.apache.commons.math.optimization.DirectSearchOptimizer",105
"1225",13,"math","org.apache.commons.math.random.EmpiricalDistributionImpl","org.apache.commons.math.stat.descriptive.SummaryStatistics",35
"1226",13,"math","org.apache.commons.math.stat.descriptive.AbstractStorelessUnivariateStatistic","org.apache.commons.math.stat.descriptive.moment.Variance",41
"1227",13,"math","org.apache.commons.math.stat.descriptive.DescriptiveStatistics","org.apache.commons.math.util.ResizableDoubleArray",137
"1228",13,"math","org.apache.commons.math.stat.inference.TTestImpl","org.apache.commons.math.stat.StatUtils",20
"1229",13,"math","org.apache.commons.math.transform.FastFourierTransformer","org.apache.commons.math.complex.Complex",320
"1230",13,"mockito","org.mockito.asm.AnnotationWriter","org.mockito.asm.ClassWriter",401
"1231",13,"mockito","org.mockito.asm.MethodWriter","org.mockito.asm.ByteVector",71
"1232",13,"mockito","org.mockito.asm.MethodWriter","org.mockito.asm.ClassWriter",88
"1233",13,"mockito","org.mockito.asm.tree.analysis.BasicVerifier","org.mockito.asm.tree.analysis.BasicInterpreter",2
"1234",13,"mockito","org.mockito.asm.util.ASMifierClassVisitor","org.mockito.asm.util.ASMifierAbstractVisitor",24
"1235",13,"mockito","org.mockito.cglib.core.ClassEmitter","org.mockito.cglib.transform.impl.InterceptFieldTransformer",10
"1236",13,"mockito","org.mockito.cglib.core.CodeEmitter","org.mockito.cglib.core.TypeUtils",113
"1237",13,"mockito","org.mockito.cglib.core.EmitUtils","org.mockito.cglib.core.CodeEmitter",185
"1238",13,"mockito","org.mockito.cglib.proxy.Enhancer","org.mockito.cglib.core.ReflectUtils",95
"1239",13,"mockito","org.mockito.cglib.proxy.Mixin$Generator","org.mockito.cglib.core.AbstractClassGenerator",6
"1240",13,"time","org.joda.time.base.AbstractPartial","org.joda.time.MonthDay",40
"1241",13,"time","org.joda.time.base.AbstractPartial","org.joda.time.TimeOfDay",41
"1242",13,"time","org.joda.time.base.AbstractPartial","org.joda.time.YearMonth",7
"1243",13,"time","org.joda.time.base.BasePeriod","org.joda.time.base.AbstractPeriod",61
"1244",13,"time","org.joda.time.chrono.BasicChronology","org.joda.time.chrono.CopticChronology",83
"1245",13,"time","org.joda.time.chrono.BasicChronology","org.joda.time.chrono.EthiopicChronology",22
"1246",13,"time","org.joda.time.chrono.BasicChronology","org.joda.time.chrono.IslamicChronology",31
"1247",13,"time","org.joda.time.chrono.BasicWeekyearDateTimeField","org.joda.time.chrono.BasicChronology",142
"1248",13,"time","org.joda.time.chrono.CopticChronology","org.joda.time.DateTimeZone",175
"1249",13,"time","org.joda.time.chrono.GJChronology","org.joda.time.chrono.GJChronology$CutoverField",34
"1250",13,"time","org.joda.time.chrono.GJChronology","org.joda.time.chrono.JulianChronology",60
"1251",13,"time","org.joda.time.chrono.ISOChronology","org.joda.time.chrono.AssembledChronology",118
"1252",13,"time","org.joda.time.chrono.ISOChronology","org.joda.time.DateTimeZone",159
"1253",13,"time","org.joda.time.chrono.ZonedChronology","org.joda.time.chrono.AssembledChronology",268
"1254",13,"time","org.joda.time.chrono.ZonedChronology","org.joda.time.DateTimeZone",171
"1255",13,"time","org.joda.time.chrono.ZonedChronology$ZonedDateTimeField","org.joda.time.DateTimeZone",132
"1256",13,"time","org.joda.time.DateTimeUtils","org.joda.time.DateTimeZone",144
"1257",13,"time","org.joda.time.DateTimeZone","org.joda.time.field.FieldUtils",12
"1258",13,"time","org.joda.time.DateTimeZone","org.joda.time.tz.FixedDateTimeZone",21
"1259",13,"time","org.joda.time.Days","org.joda.time.base.BaseSingleFieldPeriod",115
"1260",13,"time","org.joda.time.format.DateTimeFormat","org.joda.time.format.DateTimeFormat$StyleFormatter",9
"1261",13,"time","org.joda.time.format.DateTimeFormat","org.joda.time.format.DateTimeFormatterBuilder",60
"1262",13,"time","org.joda.time.format.DateTimeFormatter","org.joda.time.DateTimeZone",107
"1263",13,"time","org.joda.time.format.DateTimeFormatter","org.joda.time.format.DateTimeParserBucket",90
"1264",13,"time","org.joda.time.format.DateTimeFormatterBuilder$PaddedNumber","org.joda.time.format.DateTimeFormatterBuilder",27
"1265",13,"time","org.joda.time.format.DateTimeFormatterBuilder$TextField","org.joda.time.format.DateTimeParserBucket",88
"1266",13,"time","org.joda.time.format.DateTimeFormatterBuilder$TextField","org.joda.time.MutableDateTime",13
"1267",13,"time","org.joda.time.format.DateTimeParserBucket$SavedState","org.joda.time.format.DateTimeParserBucket",36
"1268",13,"time","org.joda.time.format.ISODateTimeFormat","org.joda.time.format.DateTimeFormatterBuilder",225
"1269",13,"time","org.joda.time.Hours","org.joda.time.base.BaseSingleFieldPeriod",96
"1270",13,"time","org.joda.time.LocalDate","org.joda.time.DateTime",8
"1271",13,"time","org.joda.time.LocalDate","org.joda.time.format.ISODateTimeFormat",42
"1272",13,"time","org.joda.time.LocalDateTime","org.joda.time.DateTimeZone",206
"1273",13,"time","org.joda.time.LocalDateTime","org.joda.time.format.DateTimeFormatter",65
"1274",13,"time","org.joda.time.LocalTime$Property","org.joda.time.LocalTime",131
"1275",13,"time","org.joda.time.Minutes","org.joda.time.base.BaseSingleFieldPeriod",138
"1276",13,"time","org.joda.time.MutableInterval","org.joda.time.base.BaseInterval",16
"1277",13,"time","org.joda.time.MutablePeriod","org.joda.time.base.BasePeriod",139
"1278",13,"time","org.joda.time.Period","org.joda.time.base.AbstractPeriod",81
"1279",13,"time","org.joda.time.Period","org.joda.time.base.BasePeriod",131
"1280",13,"time","org.joda.time.Period","org.joda.time.PeriodType",848
"1281",13,"time","org.joda.time.Seconds","org.joda.time.base.BaseSingleFieldPeriod",123
"1282",13,"time","org.joda.time.tz.ZoneInfoCompiler","org.joda.time.DateTimeZone",199
"1283",13,"time","org.joda.time.Weeks","org.joda.time.base.BaseSingleFieldPeriod",134
"1284",13,"time","org.joda.time.YearMonthDay","org.joda.time.base.BasePartial",8
"1285",14,"closure","com.google.javascript.rhino.head.IdScriptableObject","com.google.javascript.rhino.head.ScriptableObject",268
"1286",14,"closure","com.google.javascript.rhino.head.Interpreter","com.google.javascript.rhino.head.ScriptableObject",226
"1287",14,"closure","com.google.javascript.rhino.head.IRFactory","com.google.javascript.rhino.head.Node",60
"1288",14,"closure","com.google.javascript.rhino.head.IRFactory","com.google.javascript.rhino.head.Parser",162
"1289",14,"closure","com.google.javascript.rhino.head.NativeArray","com.google.javascript.rhino.head.ScriptableObject",137
"1290",14,"closure","com.google.javascript.rhino.head.NativeArray","com.google.javascript.rhino.head.ScriptRuntime",81
"1291",14,"closure","com.google.javascript.rhino.head.ScriptRuntime","com.google.javascript.rhino.head.ScriptableObject",133
"1292",14,"closure","com.google.javascript.rhino.jstype.JSType","com.google.javascript.rhino.jstype.FunctionType",266
"1293",14,"lang","org.apache.commons.lang3.builder.ReflectionToStringBuilder","org.apache.commons.lang3.builder.ToStringBuilder",39
"1294",14,"lang","org.apache.commons.lang3.builder.ToStringBuilder","org.apache.commons.lang3.builder.ToStringStyle",101
"1295",14,"lang","org.apache.commons.lang3.builder.ToStringStyle","org.apache.commons.lang3.ClassUtils",36
"1296",14,"lang","org.apache.commons.lang3.CharUtils","org.apache.commons.lang3.StringUtils",4
"1297",14,"lang","org.apache.commons.lang3.concurrent.MultiBackgroundInitializer","org.apache.commons.lang3.concurrent.BackgroundInitializer",41
"1298",14,"lang","org.apache.commons.lang3.StringUtils","org.apache.commons.lang3.ArrayUtils",9
"1299",14,"lang","org.apache.commons.lang3.text.StrBuilder$StrBuilderReader","org.apache.commons.lang3.text.StrBuilder",119
"1300",14,"lang","org.apache.commons.lang3.text.StrSubstitutor","org.apache.commons.lang3.text.StrBuilder",315
"1301",14,"lang","org.apache.commons.lang3.text.StrTokenizer","org.apache.commons.lang3.text.StrMatcher",19
"1302",14,"lang","org.apache.commons.lang3.text.translate.UnicodeEscaper","org.apache.commons.lang3.text.translate.CharSequenceTranslator",35
"1303",14,"lang","org.apache.commons.lang3.time.DurationFormatUtils","org.apache.commons.lang3.time.DurationFormatUtils$Token",23
"1304",14,"lang","org.apache.commons.lang3.time.FastDateFormat","org.apache.commons.lang3.time.FastDateFormat$TextField",12
"1305",14,"math","org.apache.commons.math.analysis.LaguerreSolver","org.apache.commons.math.complex.Complex",353
"1306",14,"math","org.apache.commons.math.analysis.MullerSolver","org.apache.commons.math.analysis.UnivariateRealSolverImpl",98
"1307",14,"math","org.apache.commons.math.distribution.AbstractIntegerDistribution","org.apache.commons.math.distribution.HypergeometricDistributionImpl",46
"1308",14,"math","org.apache.commons.math.fraction.ProperFractionFormat","org.apache.commons.math.fraction.FractionFormat",92
"1309",14,"math","org.apache.commons.math.geometry.Rotation","org.apache.commons.math.geometry.Vector3D",144
"1310",14,"math","org.apache.commons.math.linear.MatrixUtils","org.apache.commons.math.linear.BigMatrixImpl",112
"1311",14,"math","org.apache.commons.math.ode.AbstractStepInterpolator","org.apache.commons.math.ode.DormandPrince853StepInterpolator",73
"1312",14,"math","org.apache.commons.math.ode.ContinuousOutputModel","org.apache.commons.math.ode.AbstractStepInterpolator",48
"1313",14,"math","org.apache.commons.math.ode.EmbeddedRungeKuttaIntegrator","org.apache.commons.math.ode.DormandPrince853Integrator",14
"1314",14,"math","org.apache.commons.math.ode.EmbeddedRungeKuttaIntegrator","org.apache.commons.math.ode.HighamHall54Integrator",10
"1315",14,"math","org.apache.commons.math.ode.GraggBulirschStoerIntegrator","org.apache.commons.math.ode.AdaptiveStepsizeIntegrator",100
"1316",14,"math","org.apache.commons.math.ode.GraggBulirschStoerIntegrator","org.apache.commons.math.ode.SwitchingFunctionsHandler",17
"1317",14,"math","org.apache.commons.math.ode.GraggBulirschStoerStepInterpolator","org.apache.commons.math.ode.AbstractStepInterpolator",42
"1318",14,"math","org.apache.commons.math.ode.SwitchingFunctionsHandler","org.apache.commons.math.ode.SwitchState",86
"1319",14,"math","org.apache.commons.math.ode.SwitchState","org.apache.commons.math.analysis.BrentSolver",13
"1320",14,"math","org.apache.commons.math.optimization.NelderMead","org.apache.commons.math.optimization.DirectSearchOptimizer",137
"1321",14,"math","org.apache.commons.math.random.EmpiricalDistributionImpl","org.apache.commons.math.stat.descriptive.SummaryStatistics",36
"1322",14,"math","org.apache.commons.math.stat.descriptive.AbstractStorelessUnivariateStatistic","org.apache.commons.math.stat.descriptive.moment.Variance",45
"1323",14,"math","org.apache.commons.math.stat.descriptive.DescriptiveStatistics","org.apache.commons.math.util.ResizableDoubleArray",117
"1324",14,"math","org.apache.commons.math.stat.inference.TTestImpl","org.apache.commons.math.stat.StatUtils",30
"1325",14,"math","org.apache.commons.math.transform.FastFourierTransformer","org.apache.commons.math.complex.Complex",267
"1326",14,"mockito","org.mockito.asm.AnnotationWriter","org.mockito.asm.ClassWriter",453
"1327",14,"mockito","org.mockito.asm.MethodWriter","org.mockito.asm.ByteVector",98
"1328",14,"mockito","org.mockito.asm.MethodWriter","org.mockito.asm.ClassWriter",36
"1329",14,"mockito","org.mockito.asm.tree.analysis.BasicVerifier","org.mockito.asm.tree.analysis.BasicInterpreter",37
"1330",14,"mockito","org.mockito.asm.util.ASMifierClassVisitor","org.mockito.asm.util.ASMifierAbstractVisitor",24
"1331",14,"mockito","org.mockito.cglib.core.CodeEmitter","org.mockito.cglib.core.ClassEmitter",1
"1332",14,"mockito","org.mockito.cglib.core.CodeEmitter","org.mockito.cglib.core.TypeUtils",237
"1333",14,"mockito","org.mockito.cglib.core.EmitUtils","org.mockito.cglib.core.CodeEmitter",57
"1334",14,"mockito","org.mockito.cglib.proxy.Enhancer","org.mockito.cglib.core.ReflectUtils",95
"1335",14,"mockito","org.mockito.cglib.proxy.Mixin$Generator","org.mockito.cglib.core.AbstractClassGenerator",11
"1336",14,"mockito","org.mockito.cglib.proxy.Mixin$Generator","org.mockito.cglib.core.ReflectUtils",156
"1337",14,"time","org.joda.time.base.AbstractPartial","org.joda.time.MonthDay",12
"1338",14,"time","org.joda.time.base.AbstractPartial","org.joda.time.TimeOfDay",1
"1339",14,"time","org.joda.time.base.AbstractPartial","org.joda.time.YearMonth",36
"1340",14,"time","org.joda.time.base.AbstractPartial","org.joda.time.YearMonthDay",9
"1341",14,"time","org.joda.time.base.BasePeriod","org.joda.time.base.AbstractPeriod",84
"1342",14,"time","org.joda.time.chrono.BasicChronology","org.joda.time.chrono.CopticChronology",10
"1343",14,"time","org.joda.time.chrono.BasicChronology","org.joda.time.chrono.EthiopicChronology",15
"1344",14,"time","org.joda.time.chrono.BasicChronology","org.joda.time.chrono.IslamicChronology",27
"1345",14,"time","org.joda.time.chrono.BasicWeekyearDateTimeField","org.joda.time.chrono.BasicChronology",390
"1346",14,"time","org.joda.time.chrono.CopticChronology","org.joda.time.DateTimeZone",183
"1347",14,"time","org.joda.time.chrono.GJChronology","org.joda.time.chrono.GJChronology$CutoverField",14
"1348",14,"time","org.joda.time.chrono.GJChronology","org.joda.time.chrono.JulianChronology",116
"1349",14,"time","org.joda.time.chrono.ISOChronology","org.joda.time.chrono.AssembledChronology",60
"1350",14,"time","org.joda.time.chrono.ISOChronology","org.joda.time.DateTimeZone",202
"1351",14,"time","org.joda.time.chrono.ZonedChronology","org.joda.time.chrono.AssembledChronology",34
"1352",14,"time","org.joda.time.chrono.ZonedChronology","org.joda.time.DateTimeZone",331
"1353",14,"time","org.joda.time.chrono.ZonedChronology$ZonedDateTimeField","org.joda.time.DateTimeZone",143
"1354",14,"time","org.joda.time.DateTimeUtils","org.joda.time.DateTimeZone",245
"1355",14,"time","org.joda.time.DateTimeZone","org.joda.time.field.FieldUtils",12
"1356",14,"time","org.joda.time.DateTimeZone","org.joda.time.tz.FixedDateTimeZone",18
"1357",14,"time","org.joda.time.Days","org.joda.time.base.BaseSingleFieldPeriod",111
"1358",14,"time","org.joda.time.format.DateTimeFormat","org.joda.time.format.DateTimeFormat$StyleFormatter",10
"1359",14,"time","org.joda.time.format.DateTimeFormat","org.joda.time.format.DateTimeFormatterBuilder",62
"1360",14,"time","org.joda.time.format.DateTimeFormatter","org.joda.time.DateTimeZone",104
"1361",14,"time","org.joda.time.format.DateTimeFormatter","org.joda.time.format.DateTimeParserBucket",113
"1362",14,"time","org.joda.time.format.DateTimeFormatterBuilder$PaddedNumber","org.joda.time.format.DateTimeFormatterBuilder",30
"1363",14,"time","org.joda.time.format.DateTimeFormatterBuilder$TextField","org.joda.time.format.DateTimeParserBucket",102
"1364",14,"time","org.joda.time.format.DateTimeFormatterBuilder$TextField","org.joda.time.MutableDateTime",8
"1365",14,"time","org.joda.time.format.DateTimeParserBucket$SavedState","org.joda.time.format.DateTimeParserBucket",15
"1366",14,"time","org.joda.time.format.ISODateTimeFormat","org.joda.time.format.DateTimeFormatterBuilder",224
"1367",14,"time","org.joda.time.Hours","org.joda.time.base.BaseSingleFieldPeriod",88
"1368",14,"time","org.joda.time.LocalDate","org.joda.time.DateTime",8
"1369",14,"time","org.joda.time.LocalDate","org.joda.time.format.ISODateTimeFormat",36
"1370",14,"time","org.joda.time.LocalDateTime","org.joda.time.DateTimeZone",147
"1371",14,"time","org.joda.time.LocalDateTime","org.joda.time.format.DateTimeFormatter",34
"1372",14,"time","org.joda.time.LocalTime$Property","org.joda.time.LocalTime",19
"1373",14,"time","org.joda.time.Minutes","org.joda.time.base.BaseSingleFieldPeriod",112
"1374",14,"time","org.joda.time.MutableInterval","org.joda.time.base.BaseInterval",7
"1375",14,"time","org.joda.time.MutablePeriod","org.joda.time.base.BasePeriod",130
"1376",14,"time","org.joda.time.Period","org.joda.time.base.AbstractPeriod",38
"1377",14,"time","org.joda.time.Period","org.joda.time.base.BasePeriod",144
"1378",14,"time","org.joda.time.Period","org.joda.time.PeriodType",867
"1379",14,"time","org.joda.time.Seconds","org.joda.time.base.BaseSingleFieldPeriod",124
"1380",14,"time","org.joda.time.tz.ZoneInfoCompiler","org.joda.time.DateTimeZone",168
"1381",14,"time","org.joda.time.Weeks","org.joda.time.base.BaseSingleFieldPeriod",128
"1382",14,"time","org.joda.time.YearMonthDay","org.joda.time.base.BasePartial",8
"1383",15,"closure","com.google.javascript.rhino.head.IdScriptableObject","com.google.javascript.rhino.head.ScriptableObject",279
"1384",15,"closure","com.google.javascript.rhino.head.Interpreter","com.google.javascript.rhino.head.ScriptableObject",258
"1385",15,"closure","com.google.javascript.rhino.head.IRFactory","com.google.javascript.rhino.head.Decompiler",61
"1386",15,"closure","com.google.javascript.rhino.head.NativeArray","com.google.javascript.rhino.head.ScriptableObject",127
"1387",15,"closure","com.google.javascript.rhino.head.NativeObject","com.google.javascript.rhino.head.ScriptableObject",127
"1388",15,"closure","com.google.javascript.rhino.head.regexp.NativeRegExp","com.google.javascript.rhino.head.ScriptRuntime",13
"1389",15,"closure","com.google.javascript.rhino.head.ScriptableObject","com.google.javascript.rhino.head.FunctionObject",7
"1390",15,"closure","com.google.javascript.rhino.head.tools.debugger.Dim","com.google.javascript.rhino.head.ScriptRuntime",10
"1391",15,"closure","com.google.javascript.rhino.jstype.JSType","com.google.javascript.rhino.jstype.ProxyObjectType",2
"1392",15,"closure","com.google.javascript.rhino.jstype.JSType","com.google.javascript.rhino.jstype.UnionType",22
"1393",15,"lang","org.apache.commons.lang3.builder.ReflectionToStringBuilder","org.apache.commons.lang3.builder.ToStringBuilder",47
"1394",15,"lang","org.apache.commons.lang3.builder.ToStringBuilder","org.apache.commons.lang3.builder.ToStringStyle",113
"1395",15,"lang","org.apache.commons.lang3.builder.ToStringStyle","org.apache.commons.lang3.ClassUtils",36
"1396",15,"lang","org.apache.commons.lang3.CharUtils","org.apache.commons.lang3.StringUtils",4
"1397",15,"lang","org.apache.commons.lang3.concurrent.MultiBackgroundInitializer","org.apache.commons.lang3.concurrent.BackgroundInitializer",40
"1398",15,"lang","org.apache.commons.lang3.StringUtils","org.apache.commons.lang3.ArrayUtils",9
"1399",15,"lang","org.apache.commons.lang3.text.StrBuilder$StrBuilderReader","org.apache.commons.lang3.text.StrBuilder",107
"1400",15,"lang","org.apache.commons.lang3.text.StrSubstitutor","org.apache.commons.lang3.text.StrBuilder",311
"1401",15,"lang","org.apache.commons.lang3.text.StrTokenizer","org.apache.commons.lang3.text.StrMatcher",19
"1402",15,"lang","org.apache.commons.lang3.text.translate.UnicodeEscaper","org.apache.commons.lang3.text.translate.CharSequenceTranslator",16
"1403",15,"lang","org.apache.commons.lang3.time.DurationFormatUtils","org.apache.commons.lang3.time.DurationFormatUtils$Token",24
"1404",15,"lang","org.apache.commons.lang3.time.FastDateFormat","org.apache.commons.lang3.time.FastDateFormat$TextField",4
"1405",15,"math","org.apache.commons.math.analysis.LaguerreSolver","org.apache.commons.math.complex.Complex",374
"1406",15,"math","org.apache.commons.math.analysis.MullerSolver","org.apache.commons.math.analysis.UnivariateRealSolverImpl",100
"1407",15,"math","org.apache.commons.math.distribution.AbstractIntegerDistribution","org.apache.commons.math.distribution.HypergeometricDistributionImpl",69
"1408",15,"math","org.apache.commons.math.fraction.ProperFractionFormat","org.apache.commons.math.fraction.FractionFormat",82
"1409",15,"math","org.apache.commons.math.geometry.Rotation","org.apache.commons.math.geometry.Vector3D",124
"1410",15,"math","org.apache.commons.math.linear.MatrixUtils","org.apache.commons.math.linear.BigMatrixImpl",108
"1411",15,"math","org.apache.commons.math.ode.AbstractStepInterpolator","org.apache.commons.math.ode.DormandPrince853StepInterpolator",74
"1412",15,"math","org.apache.commons.math.ode.ContinuousOutputModel","org.apache.commons.math.ode.AbstractStepInterpolator",43
"1413",15,"math","org.apache.commons.math.ode.EmbeddedRungeKuttaIntegrator","org.apache.commons.math.ode.DormandPrince853Integrator",20
"1414",15,"math","org.apache.commons.math.ode.EmbeddedRungeKuttaIntegrator","org.apache.commons.math.ode.HighamHall54Integrator",5
"1415",15,"math","org.apache.commons.math.ode.GraggBulirschStoerIntegrator","org.apache.commons.math.ode.AdaptiveStepsizeIntegrator",90
"1416",15,"math","org.apache.commons.math.ode.GraggBulirschStoerIntegrator","org.apache.commons.math.ode.SwitchingFunctionsHandler",47
"1417",15,"math","org.apache.commons.math.ode.GraggBulirschStoerStepInterpolator","org.apache.commons.math.ode.AbstractStepInterpolator",37
"1418",15,"math","org.apache.commons.math.ode.SwitchingFunctionsHandler","org.apache.commons.math.ode.SwitchState",91
"1419",15,"math","org.apache.commons.math.ode.SwitchState","org.apache.commons.math.analysis.BrentSolver",13
"1420",15,"math","org.apache.commons.math.optimization.NelderMead","org.apache.commons.math.optimization.DirectSearchOptimizer",126
"1421",15,"math","org.apache.commons.math.random.EmpiricalDistributionImpl","org.apache.commons.math.stat.descriptive.SummaryStatistics",36
"1422",15,"math","org.apache.commons.math.stat.descriptive.AbstractStorelessUnivariateStatistic","org.apache.commons.math.stat.descriptive.moment.Variance",36
"1423",15,"math","org.apache.commons.math.stat.descriptive.DescriptiveStatistics","org.apache.commons.math.util.ResizableDoubleArray",154
"1424",15,"math","org.apache.commons.math.stat.inference.TTestImpl","org.apache.commons.math.stat.StatUtils",37
"1425",15,"math","org.apache.commons.math.transform.FastFourierTransformer","org.apache.commons.math.complex.Complex",352
"1426",15,"mockito","org.mockito.asm.AnnotationWriter","org.mockito.asm.ClassWriter",375
"1427",15,"mockito","org.mockito.asm.MethodWriter","org.mockito.asm.ByteVector",90
"1428",15,"mockito","org.mockito.asm.MethodWriter","org.mockito.asm.ClassWriter",53
"1429",15,"mockito","org.mockito.asm.tree.analysis.BasicVerifier","org.mockito.asm.tree.analysis.BasicInterpreter",28
"1430",15,"mockito","org.mockito.asm.tree.analysis.BasicVerifier","org.mockito.asm.tree.analysis.SimpleVerifier",21
"1431",15,"mockito","org.mockito.cglib.core.ClassEmitter","org.mockito.cglib.transform.impl.InterceptFieldTransformer",9
"1432",15,"mockito","org.mockito.cglib.core.CodeEmitter","org.mockito.cglib.core.ClassEmitter",1
"1433",15,"mockito","org.mockito.cglib.core.CodeEmitter","org.mockito.cglib.core.TypeUtils",237
"1434",15,"mockito","org.mockito.cglib.core.EmitUtils","org.mockito.cglib.core.CodeEmitter",56
"1435",15,"mockito","org.mockito.cglib.proxy.Enhancer","org.mockito.cglib.core.ReflectUtils",95
"1436",15,"mockito","org.mockito.cglib.proxy.Mixin$Generator","org.mockito.cglib.core.AbstractClassGenerator",11
"1437",15,"time","org.joda.time.base.AbstractPartial","org.joda.time.MonthDay",27
"1438",15,"time","org.joda.time.base.AbstractPartial","org.joda.time.TimeOfDay",42
"1439",15,"time","org.joda.time.base.AbstractPartial","org.joda.time.YearMonth",39
"1440",15,"time","org.joda.time.base.BasePeriod","org.joda.time.base.AbstractPeriod",52
"1441",15,"time","org.joda.time.chrono.BasicChronology","org.joda.time.chrono.CopticChronology",11
"1442",15,"time","org.joda.time.chrono.BasicChronology","org.joda.time.chrono.EthiopicChronology",8
"1443",15,"time","org.joda.time.chrono.BasicChronology","org.joda.time.chrono.IslamicChronology",91
"1444",15,"time","org.joda.time.chrono.BasicWeekyearDateTimeField","org.joda.time.chrono.BasicChronology",204
"1445",15,"time","org.joda.time.chrono.CopticChronology","org.joda.time.DateTimeZone",215
"1446",15,"time","org.joda.time.chrono.GJChronology","org.joda.time.chrono.JulianChronology",38
"1447",15,"time","org.joda.time.chrono.ISOChronology","org.joda.time.chrono.AssembledChronology",52
"1448",15,"time","org.joda.time.chrono.ISOChronology","org.joda.time.DateTimeZone",209
"1449",15,"time","org.joda.time.chrono.ZonedChronology","org.joda.time.chrono.AssembledChronology",67
"1450",15,"time","org.joda.time.chrono.ZonedChronology","org.joda.time.DateTimeZone",173
"1451",15,"time","org.joda.time.chrono.ZonedChronology$ZonedDateTimeField","org.joda.time.DateTimeZone",123
"1452",15,"time","org.joda.time.DateTimeUtils","org.joda.time.DateTimeZone",244
"1453",15,"time","org.joda.time.DateTimeZone","org.joda.time.field.FieldUtils",12
"1454",15,"time","org.joda.time.DateTimeZone","org.joda.time.format.DateTimeFormat",209
"1455",15,"time","org.joda.time.DateTimeZone","org.joda.time.tz.FixedDateTimeZone",18
"1456",15,"time","org.joda.time.Days","org.joda.time.base.BaseSingleFieldPeriod",114
"1457",15,"time","org.joda.time.format.DateTimeFormat","org.joda.time.format.DateTimeFormat$StyleFormatter",9
"1458",15,"time","org.joda.time.format.DateTimeFormat","org.joda.time.format.DateTimeFormatterBuilder",83
"1459",15,"time","org.joda.time.format.DateTimeFormatter","org.joda.time.DateTimeZone",90
"1460",15,"time","org.joda.time.format.DateTimeFormatter","org.joda.time.format.DateTimeParserBucket",94
"1461",15,"time","org.joda.time.format.DateTimeFormatterBuilder$PaddedNumber","org.joda.time.format.DateTimeFormatterBuilder",25
"1462",15,"time","org.joda.time.format.DateTimeFormatterBuilder$TextField","org.joda.time.format.DateTimeParserBucket",88
"1463",15,"time","org.joda.time.format.DateTimeFormatterBuilder$TextField","org.joda.time.MutableDateTime",9
"1464",15,"time","org.joda.time.format.DateTimeParserBucket$SavedState","org.joda.time.format.DateTimeParserBucket",16
"1465",15,"time","org.joda.time.format.ISODateTimeFormat","org.joda.time.format.DateTimeFormatterBuilder",225
"1466",15,"time","org.joda.time.Hours","org.joda.time.base.BaseSingleFieldPeriod",93
"1467",15,"time","org.joda.time.LocalDate","org.joda.time.format.ISODateTimeFormat",39
"1468",15,"time","org.joda.time.LocalDateTime","org.joda.time.DateTimeZone",359
"1469",15,"time","org.joda.time.LocalDateTime","org.joda.time.format.DateTimeFormatter",52
"1470",15,"time","org.joda.time.LocalTime$Property","org.joda.time.LocalTime",18
"1471",15,"time","org.joda.time.Minutes","org.joda.time.base.BaseSingleFieldPeriod",134
"1472",15,"time","org.joda.time.MutableInterval","org.joda.time.base.BaseInterval",19
"1473",15,"time","org.joda.time.MutablePeriod","org.joda.time.base.BasePeriod",140
"1474",15,"time","org.joda.time.Period","org.joda.time.base.AbstractPeriod",57
"1475",15,"time","org.joda.time.Period","org.joda.time.base.BasePeriod",123
"1476",15,"time","org.joda.time.Period","org.joda.time.PeriodType",831
"1477",15,"time","org.joda.time.Seconds","org.joda.time.base.BaseSingleFieldPeriod",125
"1478",15,"time","org.joda.time.tz.ZoneInfoCompiler","org.joda.time.DateTimeZone",227
"1479",15,"time","org.joda.time.Weeks","org.joda.time.base.BaseSingleFieldPeriod",129
"1480",15,"time","org.joda.time.YearMonthDay","org.joda.time.base.BasePartial",8
"1481",16,"closure","com.google.javascript.rhino.head.IRFactory","com.google.javascript.rhino.head.Node",55
"1482",16,"closure","com.google.javascript.rhino.head.IRFactory","com.google.javascript.rhino.head.Parser",122
"1483",16,"closure","com.google.javascript.rhino.head.NativeArray","com.google.javascript.rhino.head.ScriptableObject",16
"1484",16,"closure","com.google.javascript.rhino.head.NativeObject","com.google.javascript.rhino.head.ScriptableObject",400
"1485",16,"closure","com.google.javascript.rhino.head.ScriptableObject","com.google.javascript.rhino.head.FunctionObject",24
"1486",16,"closure","com.google.javascript.rhino.head.tools.debugger.Dim","com.google.javascript.rhino.head.ScriptRuntime",34
"1487",16,"closure","com.google.javascript.rhino.jstype.JSType","com.google.javascript.rhino.jstype.FunctionType",290
"1488",16,"closure","com.google.javascript.rhino.jstype.JSType","com.google.javascript.rhino.jstype.UnionType",55
"1489",16,"lang","org.apache.commons.lang3.builder.ReflectionToStringBuilder","org.apache.commons.lang3.builder.ToStringBuilder",42
"1490",16,"lang","org.apache.commons.lang3.builder.ToStringBuilder","org.apache.commons.lang3.builder.ToStringStyle",197
"1491",16,"lang","org.apache.commons.lang3.builder.ToStringStyle","org.apache.commons.lang3.ClassUtils",36
"1492",16,"lang","org.apache.commons.lang3.CharUtils","org.apache.commons.lang3.StringUtils",4
"1493",16,"lang","org.apache.commons.lang3.concurrent.MultiBackgroundInitializer","org.apache.commons.lang3.concurrent.BackgroundInitializer",44
"1494",16,"lang","org.apache.commons.lang3.StringUtils","org.apache.commons.lang3.ArrayUtils",9
"1495",16,"lang","org.apache.commons.lang3.text.StrBuilder$StrBuilderReader","org.apache.commons.lang3.text.StrBuilder",122
"1496",16,"lang","org.apache.commons.lang3.text.StrSubstitutor","org.apache.commons.lang3.text.StrBuilder",229
"1497",16,"lang","org.apache.commons.lang3.text.StrTokenizer","org.apache.commons.lang3.text.StrMatcher",9
"1498",16,"lang","org.apache.commons.lang3.text.translate.UnicodeEscaper","org.apache.commons.lang3.text.translate.CharSequenceTranslator",35
"1499",16,"lang","org.apache.commons.lang3.time.DurationFormatUtils","org.apache.commons.lang3.time.DurationFormatUtils$Token",8
"1500",16,"lang","org.apache.commons.lang3.time.FastDateFormat","org.apache.commons.lang3.time.FastDateFormat$TextField",4
"1501",16,"math","org.apache.commons.math.analysis.LaguerreSolver","org.apache.commons.math.complex.Complex",320
"1502",16,"math","org.apache.commons.math.analysis.MullerSolver","org.apache.commons.math.analysis.UnivariateRealSolverImpl",100
"1503",16,"math","org.apache.commons.math.distribution.AbstractIntegerDistribution","org.apache.commons.math.distribution.HypergeometricDistributionImpl",69
"1504",16,"math","org.apache.commons.math.fraction.ProperFractionFormat","org.apache.commons.math.fraction.FractionFormat",79
"1505",16,"math","org.apache.commons.math.geometry.Rotation","org.apache.commons.math.geometry.Vector3D",128
"1506",16,"math","org.apache.commons.math.linear.MatrixUtils","org.apache.commons.math.linear.BigMatrixImpl",110
"1507",16,"math","org.apache.commons.math.ode.AbstractStepInterpolator","org.apache.commons.math.ode.DormandPrince853StepInterpolator",76
"1508",16,"math","org.apache.commons.math.ode.ContinuousOutputModel","org.apache.commons.math.ode.AbstractStepInterpolator",46
"1509",16,"math","org.apache.commons.math.ode.EmbeddedRungeKuttaIntegrator","org.apache.commons.math.ode.DormandPrince853Integrator",10
"1510",16,"math","org.apache.commons.math.ode.GraggBulirschStoerIntegrator","org.apache.commons.math.ode.AdaptiveStepsizeIntegrator",99
"1511",16,"math","org.apache.commons.math.ode.GraggBulirschStoerIntegrator","org.apache.commons.math.ode.SwitchingFunctionsHandler",49
"1512",16,"math","org.apache.commons.math.ode.GraggBulirschStoerStepInterpolator","org.apache.commons.math.ode.AbstractStepInterpolator",38
"1513",16,"math","org.apache.commons.math.ode.SwitchingFunctionsHandler","org.apache.commons.math.ode.SwitchState",61
"1514",16,"math","org.apache.commons.math.ode.SwitchState","org.apache.commons.math.analysis.BrentSolver",64
"1515",16,"math","org.apache.commons.math.optimization.NelderMead","org.apache.commons.math.optimization.DirectSearchOptimizer",114
"1516",16,"math","org.apache.commons.math.random.EmpiricalDistributionImpl","org.apache.commons.math.stat.descriptive.SummaryStatistics",36
"1517",16,"math","org.apache.commons.math.stat.descriptive.AbstractStorelessUnivariateStatistic","org.apache.commons.math.stat.descriptive.moment.Variance",54
"1518",16,"math","org.apache.commons.math.stat.descriptive.DescriptiveStatistics","org.apache.commons.math.util.ResizableDoubleArray",119
"1519",16,"math","org.apache.commons.math.stat.inference.TTestImpl","org.apache.commons.math.stat.StatUtils",18
"1520",16,"math","org.apache.commons.math.transform.FastFourierTransformer","org.apache.commons.math.complex.Complex",295
"1521",16,"mockito","org.mockito.asm.AnnotationWriter","org.mockito.asm.ClassWriter",406
"1522",16,"mockito","org.mockito.asm.MethodWriter","org.mockito.asm.ByteVector",62
"1523",16,"mockito","org.mockito.asm.MethodWriter","org.mockito.asm.ClassWriter",36
"1524",16,"mockito","org.mockito.asm.tree.analysis.BasicVerifier","org.mockito.asm.tree.analysis.BasicInterpreter",6
"1525",16,"mockito","org.mockito.asm.tree.analysis.BasicVerifier","org.mockito.asm.tree.analysis.SimpleVerifier",23
"1526",16,"mockito","org.mockito.asm.util.ASMifierClassVisitor","org.mockito.asm.util.ASMifierAbstractVisitor",24
"1527",16,"mockito","org.mockito.cglib.core.CodeEmitter","org.mockito.cglib.core.ClassEmitter",1
"1528",16,"mockito","org.mockito.cglib.core.CodeEmitter","org.mockito.cglib.core.TypeUtils",209
"1529",16,"mockito","org.mockito.cglib.core.EmitUtils","org.mockito.cglib.core.CodeEmitter",165
"1530",16,"mockito","org.mockito.cglib.proxy.Enhancer","org.mockito.cglib.core.CodeEmitter",240
"1531",16,"mockito","org.mockito.cglib.proxy.Enhancer","org.mockito.cglib.core.ReflectUtils",95
"1532",16,"mockito","org.mockito.cglib.proxy.Mixin$Generator","org.mockito.cglib.core.AbstractClassGenerator",11
"1533",16,"time","org.joda.time.base.AbstractPartial","org.joda.time.MonthDay",5
"1534",16,"time","org.joda.time.base.AbstractPartial","org.joda.time.TimeOfDay",32
"1535",16,"time","org.joda.time.base.AbstractPartial","org.joda.time.YearMonth",9
"1536",16,"time","org.joda.time.base.BasePeriod","org.joda.time.base.AbstractPeriod",59
"1537",16,"time","org.joda.time.chrono.BasicChronology","org.joda.time.chrono.CopticChronology",15
"1538",16,"time","org.joda.time.chrono.BasicChronology","org.joda.time.chrono.EthiopicChronology",18
"1539",16,"time","org.joda.time.chrono.BasicChronology","org.joda.time.chrono.IslamicChronology",22
"1540",16,"time","org.joda.time.chrono.BasicWeekyearDateTimeField","org.joda.time.chrono.BasicChronology",388
"1541",16,"time","org.joda.time.chrono.CopticChronology","org.joda.time.DateTimeZone",313
"1542",16,"time","org.joda.time.chrono.GJChronology","org.joda.time.chrono.GJChronology$CutoverField",40
"1543",16,"time","org.joda.time.chrono.GJChronology","org.joda.time.chrono.JulianChronology",45
"1544",16,"time","org.joda.time.chrono.ISOChronology","org.joda.time.chrono.AssembledChronology",135
"1545",16,"time","org.joda.time.chrono.ISOChronology","org.joda.time.DateTimeZone",192
"1546",16,"time","org.joda.time.chrono.ZonedChronology","org.joda.time.chrono.AssembledChronology",62
"1547",16,"time","org.joda.time.chrono.ZonedChronology","org.joda.time.DateTimeZone",213
"1548",16,"time","org.joda.time.chrono.ZonedChronology$ZonedDateTimeField","org.joda.time.DateTimeZone",180
"1549",16,"time","org.joda.time.DateTimeUtils","org.joda.time.DateTimeZone",153
"1550",16,"time","org.joda.time.DateTimeZone","org.joda.time.field.FieldUtils",12
"1551",16,"time","org.joda.time.DateTimeZone","org.joda.time.format.DateTimeFormat",11
"1552",16,"time","org.joda.time.DateTimeZone","org.joda.time.format.FormatUtils",65
"1553",16,"time","org.joda.time.DateTimeZone","org.joda.time.tz.FixedDateTimeZone",18
"1554",16,"time","org.joda.time.Days","org.joda.time.base.BaseSingleFieldPeriod",89
"1555",16,"time","org.joda.time.format.DateTimeFormat","org.joda.time.format.DateTimeFormat$StyleFormatter",8
"1556",16,"time","org.joda.time.format.DateTimeFormat","org.joda.time.format.DateTimeFormatterBuilder",75
"1557",16,"time","org.joda.time.format.DateTimeFormatter","org.joda.time.DateTimeZone",116
"1558",16,"time","org.joda.time.format.DateTimeFormatter","org.joda.time.format.DateTimeParserBucket",56
"1559",16,"time","org.joda.time.format.DateTimeFormatterBuilder$PaddedNumber","org.joda.time.format.DateTimeFormatterBuilder",34
"1560",16,"time","org.joda.time.format.DateTimeFormatterBuilder$TextField","org.joda.time.format.DateTimeParserBucket",89
"1561",16,"time","org.joda.time.format.DateTimeFormatterBuilder$TextField","org.joda.time.MutableDateTime",9
"1562",16,"time","org.joda.time.format.DateTimeParserBucket$SavedState","org.joda.time.format.DateTimeParserBucket",15
"1563",16,"time","org.joda.time.format.ISODateTimeFormat","org.joda.time.format.DateTimeFormatterBuilder",224
"1564",16,"time","org.joda.time.Hours","org.joda.time.base.BaseSingleFieldPeriod",95
"1565",16,"time","org.joda.time.LocalDate","org.joda.time.DateTime",2
"1566",16,"time","org.joda.time.LocalDate","org.joda.time.format.ISODateTimeFormat",36
"1567",16,"time","org.joda.time.LocalDateTime","org.joda.time.DateTimeZone",164
"1568",16,"time","org.joda.time.LocalDateTime","org.joda.time.format.DateTimeFormatter",39
"1569",16,"time","org.joda.time.LocalTime$Property","org.joda.time.LocalTime",34
"1570",16,"time","org.joda.time.Minutes","org.joda.time.base.BaseSingleFieldPeriod",131
"1571",16,"time","org.joda.time.MutableInterval","org.joda.time.base.BaseInterval",17
"1572",16,"time","org.joda.time.MutablePeriod","org.joda.time.base.BasePeriod",143
"1573",16,"time","org.joda.time.Period","org.joda.time.base.AbstractPeriod",70
"1574",16,"time","org.joda.time.Period","org.joda.time.base.BasePeriod",139
"1575",16,"time","org.joda.time.Period","org.joda.time.PeriodType",572
"1576",16,"time","org.joda.time.Seconds","org.joda.time.base.BaseSingleFieldPeriod",113
"1577",16,"time","org.joda.time.tz.ZoneInfoCompiler","org.joda.time.DateTimeZone",236
"1578",16,"time","org.joda.time.Weeks","org.joda.time.base.BaseSingleFieldPeriod",134
"1579",16,"time","org.joda.time.YearMonthDay","org.joda.time.base.BasePartial",8
"1580",17,"closure","com.google.javascript.jscomp.NodeUtil","com.google.javascript.rhino.Node",391
"1581",17,"closure","com.google.javascript.rhino.head.IdScriptableObject","com.google.javascript.rhino.head.ScriptableObject",41
"1582",17,"closure","com.google.javascript.rhino.head.Interpreter","com.google.javascript.rhino.head.ScriptableObject",43
"1583",17,"closure","com.google.javascript.rhino.head.IRFactory","com.google.javascript.rhino.head.Parser",238
"1584",17,"closure","com.google.javascript.rhino.head.NativeArray","com.google.javascript.rhino.head.IdScriptableObject",82
"1585",17,"closure","com.google.javascript.rhino.head.NativeArray","com.google.javascript.rhino.head.ScriptableObject",23
"1586",17,"closure","com.google.javascript.rhino.head.NativeObject","com.google.javascript.rhino.head.ScriptableObject",399
"1587",17,"closure","com.google.javascript.rhino.head.ScriptableObject","com.google.javascript.rhino.head.FunctionObject",12
"1588",17,"closure","com.google.javascript.rhino.jstype.JSType","com.google.javascript.rhino.jstype.UnionType",25
"1589",17,"closure","com.google.javascript.rhino.jstype.PrototypeObjectType","com.google.javascript.rhino.jstype.JSType",81
"1590",17,"lang","org.apache.commons.lang3.builder.ReflectionToStringBuilder","org.apache.commons.lang3.builder.ToStringBuilder",49
"1591",17,"lang","org.apache.commons.lang3.builder.ToStringBuilder","org.apache.commons.lang3.builder.ToStringStyle",98
"1592",17,"lang","org.apache.commons.lang3.builder.ToStringStyle","org.apache.commons.lang3.ClassUtils",36
"1593",17,"lang","org.apache.commons.lang3.CharUtils","org.apache.commons.lang3.StringUtils",4
"1594",17,"lang","org.apache.commons.lang3.concurrent.MultiBackgroundInitializer","org.apache.commons.lang3.concurrent.BackgroundInitializer",40
"1595",17,"lang","org.apache.commons.lang3.StringUtils","org.apache.commons.lang3.ArrayUtils",9
"1596",17,"lang","org.apache.commons.lang3.text.StrBuilder$StrBuilderReader","org.apache.commons.lang3.text.StrBuilder",88
"1597",17,"lang","org.apache.commons.lang3.text.StrSubstitutor","org.apache.commons.lang3.text.StrBuilder",246
"1598",17,"lang","org.apache.commons.lang3.text.StrTokenizer","org.apache.commons.lang3.text.StrMatcher",12
"1599",17,"lang","org.apache.commons.lang3.text.translate.UnicodeEscaper","org.apache.commons.lang3.text.translate.CharSequenceTranslator",35
"1600",17,"lang","org.apache.commons.lang3.time.DurationFormatUtils","org.apache.commons.lang3.time.DurationFormatUtils$Token",9
"1601",17,"lang","org.apache.commons.lang3.time.FastDateFormat","org.apache.commons.lang3.time.FastDateFormat$TextField",11
"1602",17,"math","org.apache.commons.math.analysis.LaguerreSolver","org.apache.commons.math.complex.Complex",340
"1603",17,"math","org.apache.commons.math.analysis.MullerSolver","org.apache.commons.math.analysis.UnivariateRealSolverImpl",100
"1604",17,"math","org.apache.commons.math.distribution.AbstractIntegerDistribution","org.apache.commons.math.distribution.HypergeometricDistributionImpl",65
"1605",17,"math","org.apache.commons.math.fraction.ProperFractionFormat","org.apache.commons.math.fraction.FractionFormat",48
"1606",17,"math","org.apache.commons.math.geometry.Rotation","org.apache.commons.math.geometry.Vector3D",141
"1607",17,"math","org.apache.commons.math.linear.MatrixUtils","org.apache.commons.math.linear.BigMatrixImpl",113
"1608",17,"math","org.apache.commons.math.ode.AbstractStepInterpolator","org.apache.commons.math.ode.DormandPrince853StepInterpolator",68
"1609",17,"math","org.apache.commons.math.ode.ContinuousOutputModel","org.apache.commons.math.ode.AbstractStepInterpolator",44
"1610",17,"math","org.apache.commons.math.ode.EmbeddedRungeKuttaIntegrator","org.apache.commons.math.ode.DormandPrince853Integrator",12
"1611",17,"math","org.apache.commons.math.ode.GraggBulirschStoerIntegrator","org.apache.commons.math.ode.AdaptiveStepsizeIntegrator",90
"1612",17,"math","org.apache.commons.math.ode.GraggBulirschStoerIntegrator","org.apache.commons.math.ode.SwitchingFunctionsHandler",39
"1613",17,"math","org.apache.commons.math.ode.GraggBulirschStoerStepInterpolator","org.apache.commons.math.ode.AbstractStepInterpolator",29
"1614",17,"math","org.apache.commons.math.ode.SwitchingFunctionsHandler","org.apache.commons.math.ode.SwitchState",91
"1615",17,"math","org.apache.commons.math.ode.SwitchState","org.apache.commons.math.analysis.BrentSolver",16
"1616",17,"math","org.apache.commons.math.optimization.NelderMead","org.apache.commons.math.optimization.DirectSearchOptimizer",92
"1617",17,"math","org.apache.commons.math.random.EmpiricalDistributionImpl","org.apache.commons.math.stat.descriptive.SummaryStatistics",39
"1618",17,"math","org.apache.commons.math.stat.descriptive.AbstractStorelessUnivariateStatistic","org.apache.commons.math.stat.descriptive.moment.Variance",60
"1619",17,"math","org.apache.commons.math.stat.descriptive.DescriptiveStatistics","org.apache.commons.math.util.ResizableDoubleArray",149
"1620",17,"math","org.apache.commons.math.stat.inference.TTestImpl","org.apache.commons.math.stat.StatUtils",18
"1621",17,"math","org.apache.commons.math.transform.FastFourierTransformer","org.apache.commons.math.complex.Complex",329
"1622",17,"mockito","org.mockito.asm.AnnotationWriter","org.mockito.asm.ClassWriter",468
"1623",17,"mockito","org.mockito.asm.MethodWriter","org.mockito.asm.ByteVector",56
"1624",17,"mockito","org.mockito.asm.MethodWriter","org.mockito.asm.ClassWriter",54
"1625",17,"mockito","org.mockito.asm.tree.analysis.BasicVerifier","org.mockito.asm.tree.analysis.BasicInterpreter",35
"1626",17,"mockito","org.mockito.asm.tree.analysis.BasicVerifier","org.mockito.asm.tree.analysis.SimpleVerifier",10
"1627",17,"mockito","org.mockito.asm.util.ASMifierClassVisitor","org.mockito.asm.util.ASMifierAbstractVisitor",24
"1628",17,"mockito","org.mockito.cglib.core.CodeEmitter","org.mockito.cglib.core.TypeUtils",216
"1629",17,"mockito","org.mockito.cglib.core.EmitUtils","org.mockito.cglib.core.CodeEmitter",99
"1630",17,"mockito","org.mockito.cglib.proxy.Enhancer","org.mockito.cglib.core.CodeEmitter",8
"1631",17,"mockito","org.mockito.cglib.proxy.Enhancer","org.mockito.cglib.core.ReflectUtils",96
"1632",17,"mockito","org.mockito.cglib.proxy.Mixin$Generator","org.mockito.cglib.core.AbstractClassGenerator",4
"1633",17,"time","org.joda.time.base.AbstractPartial","org.joda.time.MonthDay",34
"1634",17,"time","org.joda.time.base.AbstractPartial","org.joda.time.TimeOfDay",6
"1635",17,"time","org.joda.time.base.AbstractPartial","org.joda.time.YearMonth",12
"1636",17,"time","org.joda.time.base.AbstractPartial","org.joda.time.YearMonthDay",14
"1637",17,"time","org.joda.time.base.BasePeriod","org.joda.time.base.AbstractPeriod",79
"1638",17,"time","org.joda.time.chrono.BasicChronology","org.joda.time.chrono.CopticChronology",13
"1639",17,"time","org.joda.time.chrono.BasicChronology","org.joda.time.chrono.EthiopicChronology",8
"1640",17,"time","org.joda.time.chrono.BasicChronology","org.joda.time.chrono.IslamicChronology",27
"1641",17,"time","org.joda.time.chrono.BasicWeekyearDateTimeField","org.joda.time.chrono.BasicChronology",141
"1642",17,"time","org.joda.time.chrono.CopticChronology","org.joda.time.DateTimeZone",190
"1643",17,"time","org.joda.time.chrono.GJChronology","org.joda.time.chrono.GJChronology$CutoverField",13
"1644",17,"time","org.joda.time.chrono.GJChronology","org.joda.time.chrono.JulianChronology",49
"1645",17,"time","org.joda.time.chrono.ISOChronology","org.joda.time.chrono.AssembledChronology",78
"1646",17,"time","org.joda.time.chrono.ISOChronology","org.joda.time.DateTimeZone",233
"1647",17,"time","org.joda.time.chrono.ZonedChronology","org.joda.time.chrono.AssembledChronology",66
"1648",17,"time","org.joda.time.chrono.ZonedChronology$ZonedDateTimeField","org.joda.time.DateTimeZone",112
"1649",17,"time","org.joda.time.DateTimeUtils","org.joda.time.DateTimeZone",230
"1650",17,"time","org.joda.time.DateTimeZone","org.joda.time.field.FieldUtils",12
"1651",17,"time","org.joda.time.DateTimeZone","org.joda.time.format.DateTimeFormat",203
"1652",17,"time","org.joda.time.DateTimeZone","org.joda.time.format.FormatUtils",61
"1653",17,"time","org.joda.time.DateTimeZone","org.joda.time.tz.FixedDateTimeZone",21
"1654",17,"time","org.joda.time.Days","org.joda.time.base.BaseSingleFieldPeriod",112
"1655",17,"time","org.joda.time.format.DateTimeFormat","org.joda.time.format.DateTimeFormatterBuilder",80
"1656",17,"time","org.joda.time.format.DateTimeFormatter","org.joda.time.DateTimeZone",101
"1657",17,"time","org.joda.time.format.DateTimeFormatter","org.joda.time.format.DateTimeParserBucket",47
"1658",17,"time","org.joda.time.format.DateTimeFormatterBuilder$PaddedNumber","org.joda.time.format.DateTimeFormatterBuilder",33
"1659",17,"time","org.joda.time.format.DateTimeFormatterBuilder$TextField","org.joda.time.format.DateTimeParserBucket",66
"1660",17,"time","org.joda.time.format.DateTimeFormatterBuilder$TextField","org.joda.time.MutableDateTime",11
"1661",17,"time","org.joda.time.format.DateTimeParserBucket$SavedState","org.joda.time.format.DateTimeParserBucket",15
"1662",17,"time","org.joda.time.format.ISODateTimeFormat","org.joda.time.format.DateTimeFormatterBuilder",225
"1663",17,"time","org.joda.time.Hours","org.joda.time.base.BaseSingleFieldPeriod",91
"1664",17,"time","org.joda.time.LocalDate","org.joda.time.format.ISODateTimeFormat",36
"1665",17,"time","org.joda.time.LocalDateTime","org.joda.time.DateTimeZone",310
"1666",17,"time","org.joda.time.LocalDateTime","org.joda.time.format.DateTimeFormatter",62
"1667",17,"time","org.joda.time.LocalTime$Property","org.joda.time.LocalTime",8
"1668",17,"time","org.joda.time.Minutes","org.joda.time.base.BaseSingleFieldPeriod",110
"1669",17,"time","org.joda.time.MutableInterval","org.joda.time.base.BaseInterval",19
"1670",17,"time","org.joda.time.MutablePeriod","org.joda.time.base.BasePeriod",134
"1671",17,"time","org.joda.time.Period","org.joda.time.base.AbstractPeriod",72
"1672",17,"time","org.joda.time.Period","org.joda.time.base.BasePeriod",125
"1673",17,"time","org.joda.time.Period","org.joda.time.PeriodType",831
"1674",17,"time","org.joda.time.Seconds","org.joda.time.base.BaseSingleFieldPeriod",120
"1675",17,"time","org.joda.time.tz.ZoneInfoCompiler","org.joda.time.DateTimeZone",235
"1676",17,"time","org.joda.time.Weeks","org.joda.time.base.BaseSingleFieldPeriod",123
"1677",17,"time","org.joda.time.YearMonthDay","org.joda.time.base.BasePartial",12
"1678",18,"closure","com.google.javascript.rhino.head.IdScriptableObject","com.google.javascript.rhino.head.ScriptableObject",482
"1679",18,"closure","com.google.javascript.rhino.head.IRFactory","com.google.javascript.rhino.head.Parser",220
"1680",18,"closure","com.google.javascript.rhino.head.NativeArray","com.google.javascript.rhino.head.ScriptableObject",102
"1681",18,"closure","com.google.javascript.rhino.head.NativeArray","com.google.javascript.rhino.head.ScriptRuntime",133
"1682",18,"closure","com.google.javascript.rhino.head.regexp.NativeRegExp","com.google.javascript.rhino.head.ScriptRuntime",91
"1683",18,"closure","com.google.javascript.rhino.head.ScriptRuntime","com.google.javascript.rhino.head.ScriptableObject",101
"1684",18,"closure","com.google.javascript.rhino.head.tools.debugger.Dim","com.google.javascript.rhino.head.ScriptRuntime",74
"1685",18,"closure","com.google.javascript.rhino.JSDocInfoBuilder","com.google.javascript.rhino.JSDocInfo",274
"1686",18,"closure","com.google.javascript.rhino.jstype.JSType","com.google.javascript.rhino.jstype.FunctionType",264
"1687",18,"closure","com.google.javascript.rhino.jstype.JSType","com.google.javascript.rhino.jstype.UnionType",26
"1688",18,"lang","org.apache.commons.lang3.builder.ReflectionToStringBuilder","org.apache.commons.lang3.builder.ToStringBuilder",49
"1689",18,"lang","org.apache.commons.lang3.builder.ToStringBuilder","org.apache.commons.lang3.builder.ToStringStyle",108
"1690",18,"lang","org.apache.commons.lang3.builder.ToStringStyle","org.apache.commons.lang3.ClassUtils",36
"1691",18,"lang","org.apache.commons.lang3.CharUtils","org.apache.commons.lang3.StringUtils",4
"1692",18,"lang","org.apache.commons.lang3.concurrent.MultiBackgroundInitializer","org.apache.commons.lang3.concurrent.BackgroundInitializer",44
"1693",18,"lang","org.apache.commons.lang3.StringUtils","org.apache.commons.lang3.ArrayUtils",9
"1694",18,"lang","org.apache.commons.lang3.text.StrBuilder$StrBuilderReader","org.apache.commons.lang3.text.StrBuilder",81
"1695",18,"lang","org.apache.commons.lang3.text.StrSubstitutor","org.apache.commons.lang3.text.StrBuilder",234
"1696",18,"lang","org.apache.commons.lang3.text.StrTokenizer","org.apache.commons.lang3.text.StrMatcher",8
"1697",18,"lang","org.apache.commons.lang3.text.translate.UnicodeEscaper","org.apache.commons.lang3.text.translate.CharSequenceTranslator",35
"1698",18,"lang","org.apache.commons.lang3.time.DurationFormatUtils","org.apache.commons.lang3.StringUtils",2
"1699",18,"lang","org.apache.commons.lang3.time.DurationFormatUtils","org.apache.commons.lang3.time.DurationFormatUtils$Token",20
"1700",18,"lang","org.apache.commons.lang3.time.FastDateFormat","org.apache.commons.lang3.time.FastDateFormat$TextField",4
"1701",18,"math","org.apache.commons.math.analysis.LaguerreSolver","org.apache.commons.math.complex.Complex",341
"1702",18,"math","org.apache.commons.math.analysis.MullerSolver","org.apache.commons.math.analysis.UnivariateRealSolverImpl",100
"1703",18,"math","org.apache.commons.math.distribution.AbstractIntegerDistribution","org.apache.commons.math.distribution.HypergeometricDistributionImpl",59
"1704",18,"math","org.apache.commons.math.fraction.ProperFractionFormat","org.apache.commons.math.fraction.FractionFormat",91
"1705",18,"math","org.apache.commons.math.geometry.Rotation","org.apache.commons.math.geometry.Vector3D",137
"1706",18,"math","org.apache.commons.math.linear.MatrixUtils","org.apache.commons.math.linear.BigMatrixImpl",111
"1707",18,"math","org.apache.commons.math.ode.AbstractStepInterpolator","org.apache.commons.math.ode.DormandPrince853StepInterpolator",71
"1708",18,"math","org.apache.commons.math.ode.ContinuousOutputModel","org.apache.commons.math.ode.AbstractStepInterpolator",47
"1709",18,"math","org.apache.commons.math.ode.EmbeddedRungeKuttaIntegrator","org.apache.commons.math.ode.DormandPrince853Integrator",9
"1710",18,"math","org.apache.commons.math.ode.EmbeddedRungeKuttaIntegrator","org.apache.commons.math.ode.HighamHall54Integrator",9
"1711",18,"math","org.apache.commons.math.ode.GraggBulirschStoerIntegrator","org.apache.commons.math.ode.AdaptiveStepsizeIntegrator",84
"1712",18,"math","org.apache.commons.math.ode.GraggBulirschStoerIntegrator","org.apache.commons.math.ode.SwitchingFunctionsHandler",17
"1713",18,"math","org.apache.commons.math.ode.GraggBulirschStoerStepInterpolator","org.apache.commons.math.ode.AbstractStepInterpolator",31
"1714",18,"math","org.apache.commons.math.ode.SwitchingFunctionsHandler","org.apache.commons.math.ode.SwitchState",62
"1715",18,"math","org.apache.commons.math.optimization.NelderMead","org.apache.commons.math.optimization.DirectSearchOptimizer",110
"1716",18,"math","org.apache.commons.math.random.EmpiricalDistributionImpl","org.apache.commons.math.stat.descriptive.SummaryStatistics",35
"1717",18,"math","org.apache.commons.math.stat.descriptive.AbstractStorelessUnivariateStatistic","org.apache.commons.math.stat.descriptive.moment.Variance",31
"1718",18,"math","org.apache.commons.math.stat.descriptive.DescriptiveStatistics","org.apache.commons.math.util.ResizableDoubleArray",135
"1719",18,"math","org.apache.commons.math.stat.inference.TTestImpl","org.apache.commons.math.stat.StatUtils",31
"1720",18,"math","org.apache.commons.math.transform.FastFourierTransformer","org.apache.commons.math.complex.Complex",299
"1721",18,"mockito","org.mockito.asm.AnnotationWriter","org.mockito.asm.ClassWriter",403
"1722",18,"mockito","org.mockito.asm.MethodWriter","org.mockito.asm.ByteVector",92
"1723",18,"mockito","org.mockito.asm.MethodWriter","org.mockito.asm.ClassWriter",77
"1724",18,"mockito","org.mockito.asm.tree.analysis.BasicVerifier","org.mockito.asm.tree.analysis.BasicInterpreter",31
"1725",18,"mockito","org.mockito.asm.tree.analysis.BasicVerifier","org.mockito.asm.tree.analysis.SimpleVerifier",14
"1726",18,"mockito","org.mockito.cglib.core.CodeEmitter","org.mockito.cglib.core.TypeUtils",222
"1727",18,"mockito","org.mockito.cglib.core.EmitUtils","org.mockito.cglib.core.CodeEmitter",102
"1728",18,"mockito","org.mockito.cglib.proxy.Enhancer","org.mockito.cglib.core.ReflectUtils",71
"1729",18,"mockito","org.mockito.cglib.proxy.Mixin$Generator","org.mockito.cglib.core.AbstractClassGenerator",9
"1730",18,"mockito","org.mockito.cglib.proxy.Mixin$Generator","org.mockito.cglib.core.ReflectUtils",168
"1731",18,"time","org.joda.time.base.AbstractPartial","org.joda.time.MonthDay",5
"1732",18,"time","org.joda.time.base.AbstractPartial","org.joda.time.TimeOfDay",1
"1733",18,"time","org.joda.time.base.AbstractPartial","org.joda.time.YearMonth",22
"1734",18,"time","org.joda.time.base.AbstractPartial","org.joda.time.YearMonthDay",4
"1735",18,"time","org.joda.time.base.BasePeriod","org.joda.time.base.AbstractPeriod",82
"1736",18,"time","org.joda.time.chrono.BasicChronology","org.joda.time.chrono.CopticChronology",31
"1737",18,"time","org.joda.time.chrono.BasicChronology","org.joda.time.chrono.EthiopicChronology",18
"1738",18,"time","org.joda.time.chrono.BasicChronology","org.joda.time.chrono.IslamicChronology",172
"1739",18,"time","org.joda.time.chrono.BasicWeekyearDateTimeField","org.joda.time.chrono.BasicChronology",215
"1740",18,"time","org.joda.time.chrono.CopticChronology","org.joda.time.DateTimeZone",202
"1741",18,"time","org.joda.time.chrono.GJChronology","org.joda.time.chrono.GJChronology$CutoverField",38
"1742",18,"time","org.joda.time.chrono.GJChronology","org.joda.time.chrono.JulianChronology",25
"1743",18,"time","org.joda.time.chrono.ISOChronology","org.joda.time.chrono.AssembledChronology",133
"1744",18,"time","org.joda.time.chrono.ISOChronology","org.joda.time.DateTimeZone",194
"1745",18,"time","org.joda.time.chrono.ZonedChronology","org.joda.time.chrono.AssembledChronology",45
"1746",18,"time","org.joda.time.chrono.ZonedChronology","org.joda.time.DateTimeZone",287
"1747",18,"time","org.joda.time.chrono.ZonedChronology$ZonedDateTimeField","org.joda.time.DateTimeZone",166
"1748",18,"time","org.joda.time.DateTimeUtils","org.joda.time.DateTimeZone",205
"1749",18,"time","org.joda.time.DateTimeZone","org.joda.time.field.FieldUtils",12
"1750",18,"time","org.joda.time.DateTimeZone","org.joda.time.format.FormatUtils",56
"1751",18,"time","org.joda.time.DateTimeZone","org.joda.time.tz.FixedDateTimeZone",21
"1752",18,"time","org.joda.time.Days","org.joda.time.base.BaseSingleFieldPeriod",112
"1753",18,"time","org.joda.time.format.DateTimeFormat","org.joda.time.format.DateTimeFormat$StyleFormatter",17
"1754",18,"time","org.joda.time.format.DateTimeFormat","org.joda.time.format.DateTimeFormatterBuilder",60
"1755",18,"time","org.joda.time.format.DateTimeFormatter","org.joda.time.DateTimeZone",105
"1756",18,"time","org.joda.time.format.DateTimeFormatter","org.joda.time.format.DateTimeParserBucket",71
"1757",18,"time","org.joda.time.format.DateTimeFormatterBuilder$PaddedNumber","org.joda.time.format.DateTimeFormatterBuilder",31
"1758",18,"time","org.joda.time.format.DateTimeFormatterBuilder$TextField","org.joda.time.format.DateTimeParserBucket",44
"1759",18,"time","org.joda.time.format.DateTimeFormatterBuilder$TextField","org.joda.time.MutableDateTime",11
"1760",18,"time","org.joda.time.format.DateTimeParserBucket$SavedState","org.joda.time.format.DateTimeParserBucket",15
"1761",18,"time","org.joda.time.format.ISODateTimeFormat","org.joda.time.format.DateTimeFormatterBuilder",224
"1762",18,"time","org.joda.time.Hours","org.joda.time.base.BaseSingleFieldPeriod",123
"1763",18,"time","org.joda.time.LocalDate","org.joda.time.format.ISODateTimeFormat",36
"1764",18,"time","org.joda.time.LocalDateTime","org.joda.time.DateTimeZone",232
"1765",18,"time","org.joda.time.LocalDateTime","org.joda.time.format.DateTimeFormatter",29
"1766",18,"time","org.joda.time.LocalTime$Property","org.joda.time.LocalTime",18
"1767",18,"time","org.joda.time.Minutes","org.joda.time.base.BaseSingleFieldPeriod",136
"1768",18,"time","org.joda.time.MutableInterval","org.joda.time.base.BaseInterval",12
"1769",18,"time","org.joda.time.MutablePeriod","org.joda.time.base.BasePeriod",143
"1770",18,"time","org.joda.time.Period","org.joda.time.base.AbstractPeriod",68
"1771",18,"time","org.joda.time.Period","org.joda.time.base.BasePeriod",120
"1772",18,"time","org.joda.time.Period","org.joda.time.PeriodType",839
"1773",18,"time","org.joda.time.Seconds","org.joda.time.base.BaseSingleFieldPeriod",129
"1774",18,"time","org.joda.time.tz.ZoneInfoCompiler","org.joda.time.DateTimeZone",328
"1775",18,"time","org.joda.time.Weeks","org.joda.time.base.BaseSingleFieldPeriod",100
"1776",18,"time","org.joda.time.YearMonthDay","org.joda.time.base.BasePartial",5
"1777",19,"closure","com.google.javascript.rhino.head.IdScriptableObject","com.google.javascript.rhino.head.ScriptableObject",308
"1778",19,"closure","com.google.javascript.rhino.head.IRFactory","com.google.javascript.rhino.head.Parser",137
"1779",19,"closure","com.google.javascript.rhino.head.NativeArray","com.google.javascript.rhino.head.IdScriptableObject",108
"1780",19,"closure","com.google.javascript.rhino.head.NativeArray","com.google.javascript.rhino.head.ScriptableObject",65
"1781",19,"closure","com.google.javascript.rhino.head.regexp.NativeRegExp","com.google.javascript.rhino.head.ScriptRuntime",20
"1782",19,"closure","com.google.javascript.rhino.head.ScriptableObject","com.google.javascript.rhino.head.FunctionObject",20
"1783",19,"closure","com.google.javascript.rhino.head.tools.debugger.Dim","com.google.javascript.rhino.head.ScriptRuntime",35
"1784",19,"closure","com.google.javascript.rhino.jstype.JSType","com.google.javascript.rhino.jstype.UnionType",28
"1785",19,"lang","org.apache.commons.lang3.builder.ReflectionToStringBuilder","org.apache.commons.lang3.builder.ToStringBuilder",49
"1786",19,"lang","org.apache.commons.lang3.builder.ToStringStyle","org.apache.commons.lang3.ClassUtils",36
"1787",19,"lang","org.apache.commons.lang3.CharUtils","org.apache.commons.lang3.StringUtils",4
"1788",19,"lang","org.apache.commons.lang3.concurrent.MultiBackgroundInitializer","org.apache.commons.lang3.concurrent.BackgroundInitializer",37
"1789",19,"lang","org.apache.commons.lang3.StringUtils","org.apache.commons.lang3.ArrayUtils",9
"1790",19,"lang","org.apache.commons.lang3.text.StrBuilder$StrBuilderReader","org.apache.commons.lang3.text.StrBuilder",93
"1791",19,"lang","org.apache.commons.lang3.text.StrSubstitutor","org.apache.commons.lang3.text.StrBuilder",307
"1792",19,"lang","org.apache.commons.lang3.text.StrTokenizer","org.apache.commons.lang3.text.StrMatcher",19
"1793",19,"lang","org.apache.commons.lang3.text.translate.UnicodeEscaper","org.apache.commons.lang3.text.translate.CharSequenceTranslator",35
"1794",19,"lang","org.apache.commons.lang3.time.DurationFormatUtils","org.apache.commons.lang3.time.DurationFormatUtils$Token",20
"1795",19,"lang","org.apache.commons.lang3.time.FastDateFormat","org.apache.commons.lang3.time.FastDateFormat$TextField",12
"1796",19,"math","org.apache.commons.math.analysis.LaguerreSolver","org.apache.commons.math.complex.Complex",330
"1797",19,"math","org.apache.commons.math.analysis.MullerSolver","org.apache.commons.math.analysis.UnivariateRealSolverImpl",106
"1798",19,"math","org.apache.commons.math.distribution.AbstractIntegerDistribution","org.apache.commons.math.distribution.HypergeometricDistributionImpl",49
"1799",19,"math","org.apache.commons.math.fraction.ProperFractionFormat","org.apache.commons.math.fraction.FractionFormat",97
"1800",19,"math","org.apache.commons.math.geometry.Rotation","org.apache.commons.math.geometry.Vector3D",161
"1801",19,"math","org.apache.commons.math.linear.MatrixUtils","org.apache.commons.math.linear.BigMatrixImpl",108
"1802",19,"math","org.apache.commons.math.ode.AbstractStepInterpolator","org.apache.commons.math.ode.DormandPrince853StepInterpolator",70
"1803",19,"math","org.apache.commons.math.ode.ContinuousOutputModel","org.apache.commons.math.ode.AbstractStepInterpolator",36
"1804",19,"math","org.apache.commons.math.ode.EmbeddedRungeKuttaIntegrator","org.apache.commons.math.ode.DormandPrince853Integrator",12
"1805",19,"math","org.apache.commons.math.ode.GraggBulirschStoerIntegrator","org.apache.commons.math.ode.AdaptiveStepsizeIntegrator",83
"1806",19,"math","org.apache.commons.math.ode.GraggBulirschStoerIntegrator","org.apache.commons.math.ode.SwitchingFunctionsHandler",26
"1807",19,"math","org.apache.commons.math.ode.GraggBulirschStoerStepInterpolator","org.apache.commons.math.ode.AbstractStepInterpolator",28
"1808",19,"math","org.apache.commons.math.ode.SwitchingFunctionsHandler","org.apache.commons.math.ode.SwitchState",72
"1809",19,"math","org.apache.commons.math.ode.SwitchState","org.apache.commons.math.analysis.BrentSolver",43
"1810",19,"math","org.apache.commons.math.optimization.NelderMead","org.apache.commons.math.optimization.DirectSearchOptimizer",135
"1811",19,"math","org.apache.commons.math.random.EmpiricalDistributionImpl","org.apache.commons.math.stat.descriptive.SummaryStatistics",36
"1812",19,"math","org.apache.commons.math.stat.descriptive.AbstractStorelessUnivariateStatistic","org.apache.commons.math.stat.descriptive.moment.Variance",59
"1813",19,"math","org.apache.commons.math.stat.descriptive.DescriptiveStatistics","org.apache.commons.math.util.ResizableDoubleArray",120
"1814",19,"math","org.apache.commons.math.stat.inference.TTestImpl","org.apache.commons.math.stat.StatUtils",20
"1815",19,"math","org.apache.commons.math.transform.FastFourierTransformer","org.apache.commons.math.complex.Complex",327
"1816",19,"mockito","org.mockito.asm.AnnotationWriter","org.mockito.asm.ClassWriter",495
"1817",19,"mockito","org.mockito.asm.MethodWriter","org.mockito.asm.ByteVector",87
"1818",19,"mockito","org.mockito.asm.MethodWriter","org.mockito.asm.ClassWriter",95
"1819",19,"mockito","org.mockito.asm.tree.analysis.BasicVerifier","org.mockito.asm.tree.analysis.BasicInterpreter",25
"1820",19,"mockito","org.mockito.asm.tree.analysis.BasicVerifier","org.mockito.asm.tree.analysis.SimpleVerifier",11
"1821",19,"mockito","org.mockito.asm.util.ASMifierClassVisitor","org.mockito.asm.util.ASMifierAbstractVisitor",24
"1822",19,"mockito","org.mockito.cglib.core.ClassEmitter","org.mockito.cglib.transform.impl.InterceptFieldTransformer",10
"1823",19,"mockito","org.mockito.cglib.core.CodeEmitter","org.mockito.cglib.core.ClassEmitter",1
"1824",19,"mockito","org.mockito.cglib.core.CodeEmitter","org.mockito.cglib.core.TypeUtils",228
"1825",19,"mockito","org.mockito.cglib.core.EmitUtils","org.mockito.cglib.core.CodeEmitter",83
"1826",19,"mockito","org.mockito.cglib.proxy.Enhancer","org.mockito.cglib.core.ReflectUtils",96
"1827",19,"mockito","org.mockito.cglib.proxy.Mixin$Generator","org.mockito.cglib.core.AbstractClassGenerator",6
"1828",19,"mockito","org.mockito.cglib.proxy.Mixin$Generator","org.mockito.cglib.core.ReflectUtils",156
"1829",19,"time","org.joda.time.base.AbstractPartial","org.joda.time.MonthDay",8
"1830",19,"time","org.joda.time.base.AbstractPartial","org.joda.time.TimeOfDay",4
"1831",19,"time","org.joda.time.base.AbstractPartial","org.joda.time.YearMonth",39
"1832",19,"time","org.joda.time.base.AbstractPartial","org.joda.time.YearMonthDay",18
"1833",19,"time","org.joda.time.base.BasePeriod","org.joda.time.base.AbstractPeriod",80
"1834",19,"time","org.joda.time.chrono.BasicChronology","org.joda.time.chrono.CopticChronology",34
"1835",19,"time","org.joda.time.chrono.BasicChronology","org.joda.time.chrono.EthiopicChronology",8
"1836",19,"time","org.joda.time.chrono.BasicChronology","org.joda.time.chrono.IslamicChronology",165
"1837",19,"time","org.joda.time.chrono.BasicWeekyearDateTimeField","org.joda.time.chrono.BasicChronology",110
"1838",19,"time","org.joda.time.chrono.CopticChronology","org.joda.time.DateTimeZone",177
"1839",19,"time","org.joda.time.chrono.GJChronology","org.joda.time.chrono.GJChronology$CutoverField",32
"1840",19,"time","org.joda.time.chrono.GJChronology","org.joda.time.chrono.JulianChronology",39
"1841",19,"time","org.joda.time.chrono.ISOChronology","org.joda.time.chrono.AssembledChronology",80
"1842",19,"time","org.joda.time.chrono.ISOChronology","org.joda.time.DateTimeZone",207
"1843",19,"time","org.joda.time.chrono.ZonedChronology","org.joda.time.chrono.AssembledChronology",146
"1844",19,"time","org.joda.time.chrono.ZonedChronology$ZonedDateTimeField","org.joda.time.DateTimeZone",216
"1845",19,"time","org.joda.time.DateTimeUtils","org.joda.time.DateTimeZone",140
"1846",19,"time","org.joda.time.DateTimeZone","org.joda.time.field.FieldUtils",12
"1847",19,"time","org.joda.time.DateTimeZone","org.joda.time.format.FormatUtils",52
"1848",19,"time","org.joda.time.DateTimeZone","org.joda.time.tz.FixedDateTimeZone",18
"1849",19,"time","org.joda.time.Days","org.joda.time.base.BaseSingleFieldPeriod",111
"1850",19,"time","org.joda.time.format.DateTimeFormat","org.joda.time.format.DateTimeFormat$StyleFormatter",8
"1851",19,"time","org.joda.time.format.DateTimeFormat","org.joda.time.format.DateTimeFormatterBuilder",92
"1852",19,"time","org.joda.time.format.DateTimeFormatter","org.joda.time.DateTimeZone",106
"1853",19,"time","org.joda.time.format.DateTimeFormatter","org.joda.time.format.DateTimeParserBucket",35
"1854",19,"time","org.joda.time.format.DateTimeFormatterBuilder$PaddedNumber","org.joda.time.format.DateTimeFormatterBuilder",275
"1855",19,"time","org.joda.time.format.DateTimeFormatterBuilder$TextField","org.joda.time.format.DateTimeParserBucket",63
"1856",19,"time","org.joda.time.format.DateTimeFormatterBuilder$TextField","org.joda.time.MutableDateTime",8
"1857",19,"time","org.joda.time.format.DateTimeParserBucket$SavedState","org.joda.time.format.DateTimeParserBucket",16
"1858",19,"time","org.joda.time.format.ISODateTimeFormat","org.joda.time.format.DateTimeFormatterBuilder",225
"1859",19,"time","org.joda.time.Hours","org.joda.time.base.BaseSingleFieldPeriod",77
"1860",19,"time","org.joda.time.LocalDate","org.joda.time.format.ISODateTimeFormat",37
"1861",19,"time","org.joda.time.LocalDateTime","org.joda.time.DateTimeZone",171
"1862",19,"time","org.joda.time.LocalDateTime","org.joda.time.format.DateTimeFormatter",51
"1863",19,"time","org.joda.time.LocalTime$Property","org.joda.time.LocalTime",109
"1864",19,"time","org.joda.time.Minutes","org.joda.time.base.BaseSingleFieldPeriod",141
"1865",19,"time","org.joda.time.MutableInterval","org.joda.time.base.BaseInterval",21
"1866",19,"time","org.joda.time.MutablePeriod","org.joda.time.base.BasePeriod",134
"1867",19,"time","org.joda.time.Period","org.joda.time.base.AbstractPeriod",73
"1868",19,"time","org.joda.time.Period","org.joda.time.base.BasePeriod",150
"1869",19,"time","org.joda.time.Period","org.joda.time.PeriodType",824
"1870",19,"time","org.joda.time.Seconds","org.joda.time.base.BaseSingleFieldPeriod",140
"1871",19,"time","org.joda.time.tz.ZoneInfoCompiler","org.joda.time.DateTimeZone",251
"1872",19,"time","org.joda.time.Weeks","org.joda.time.base.BaseSingleFieldPeriod",117
"1873",19,"time","org.joda.time.YearMonthDay","org.joda.time.base.BasePartial",8
"1874",20,"closure","com.google.javascript.rhino.head.IdScriptableObject","com.google.javascript.rhino.head.ScriptableObject",71
"1875",20,"closure","com.google.javascript.rhino.head.IRFactory","com.google.javascript.rhino.head.Node",61
"1876",20,"closure","com.google.javascript.rhino.head.IRFactory","com.google.javascript.rhino.head.Parser",166
"1877",20,"closure","com.google.javascript.rhino.head.NativeArray","com.google.javascript.rhino.head.IdScriptableObject",69
"1878",20,"closure","com.google.javascript.rhino.head.NativeArray","com.google.javascript.rhino.head.ScriptableObject",70
"1879",20,"closure","com.google.javascript.rhino.head.regexp.NativeRegExp","com.google.javascript.rhino.head.ScriptRuntime",38
"1880",20,"closure","com.google.javascript.rhino.head.ScriptableObject","com.google.javascript.rhino.head.FunctionObject",24
"1881",20,"closure","com.google.javascript.rhino.JSDocInfoBuilder","com.google.javascript.rhino.JSDocInfo",527
"1882",20,"closure","com.google.javascript.rhino.jstype.JSType","com.google.javascript.rhino.jstype.ProxyObjectType",4
"1883",20,"closure","com.google.javascript.rhino.jstype.JSType","com.google.javascript.rhino.jstype.UnionType",5
"1884",20,"lang","org.apache.commons.lang3.builder.ReflectionToStringBuilder","org.apache.commons.lang3.builder.ToStringBuilder",21
"1885",20,"lang","org.apache.commons.lang3.builder.ToStringBuilder","org.apache.commons.lang3.builder.ToStringStyle",178
"1886",20,"lang","org.apache.commons.lang3.builder.ToStringStyle","org.apache.commons.lang3.ClassUtils",36
"1887",20,"lang","org.apache.commons.lang3.CharUtils","org.apache.commons.lang3.StringUtils",4
"1888",20,"lang","org.apache.commons.lang3.concurrent.MultiBackgroundInitializer","org.apache.commons.lang3.concurrent.BackgroundInitializer",43
"1889",20,"lang","org.apache.commons.lang3.StringUtils","org.apache.commons.lang3.ArrayUtils",9
"1890",20,"lang","org.apache.commons.lang3.text.StrBuilder$StrBuilderReader","org.apache.commons.lang3.text.StrBuilder",69
"1891",20,"lang","org.apache.commons.lang3.text.StrSubstitutor","org.apache.commons.lang3.text.StrBuilder",260
"1892",20,"lang","org.apache.commons.lang3.text.StrTokenizer","org.apache.commons.lang3.text.StrMatcher",15
"1893",20,"lang","org.apache.commons.lang3.text.translate.UnicodeEscaper","org.apache.commons.lang3.text.translate.CharSequenceTranslator",35
"1894",20,"lang","org.apache.commons.lang3.time.DurationFormatUtils","org.apache.commons.lang3.time.DurationFormatUtils$Token",15
"1895",20,"lang","org.apache.commons.lang3.time.FastDateFormat","org.apache.commons.lang3.time.FastDateFormat$TextField",4
"1896",20,"math","org.apache.commons.math.analysis.LaguerreSolver","org.apache.commons.math.complex.Complex",162
"1897",20,"math","org.apache.commons.math.analysis.MullerSolver","org.apache.commons.math.analysis.UnivariateRealSolverImpl",106
"1898",20,"math","org.apache.commons.math.distribution.AbstractIntegerDistribution","org.apache.commons.math.distribution.HypergeometricDistributionImpl",55
"1899",20,"math","org.apache.commons.math.fraction.ProperFractionFormat","org.apache.commons.math.fraction.FractionFormat",93
"1900",20,"math","org.apache.commons.math.geometry.Rotation","org.apache.commons.math.geometry.Vector3D",115
"1901",20,"math","org.apache.commons.math.linear.MatrixUtils","org.apache.commons.math.linear.BigMatrixImpl",102
"1902",20,"math","org.apache.commons.math.ode.AbstractStepInterpolator","org.apache.commons.math.ode.DormandPrince853StepInterpolator",66
"1903",20,"math","org.apache.commons.math.ode.ContinuousOutputModel","org.apache.commons.math.ode.AbstractStepInterpolator",44
"1904",20,"math","org.apache.commons.math.ode.EmbeddedRungeKuttaIntegrator","org.apache.commons.math.ode.DormandPrince853Integrator",11
"1905",20,"math","org.apache.commons.math.ode.EmbeddedRungeKuttaIntegrator","org.apache.commons.math.ode.HighamHall54Integrator",10
"1906",20,"math","org.apache.commons.math.ode.GraggBulirschStoerIntegrator","org.apache.commons.math.ode.AdaptiveStepsizeIntegrator",88
"1907",20,"math","org.apache.commons.math.ode.GraggBulirschStoerIntegrator","org.apache.commons.math.ode.SwitchingFunctionsHandler",22
"1908",20,"math","org.apache.commons.math.ode.GraggBulirschStoerStepInterpolator","org.apache.commons.math.ode.AbstractStepInterpolator",34
"1909",20,"math","org.apache.commons.math.ode.SwitchingFunctionsHandler","org.apache.commons.math.ode.SwitchState",58
"1910",20,"math","org.apache.commons.math.ode.SwitchState","org.apache.commons.math.analysis.BrentSolver",49
"1911",20,"math","org.apache.commons.math.optimization.NelderMead","org.apache.commons.math.optimization.DirectSearchOptimizer",107
"1912",20,"math","org.apache.commons.math.random.EmpiricalDistributionImpl","org.apache.commons.math.stat.descriptive.SummaryStatistics",36
"1913",20,"math","org.apache.commons.math.stat.descriptive.AbstractStorelessUnivariateStatistic","org.apache.commons.math.stat.descriptive.moment.Variance",65
"1914",20,"math","org.apache.commons.math.stat.descriptive.DescriptiveStatistics","org.apache.commons.math.util.ResizableDoubleArray",127
"1915",20,"math","org.apache.commons.math.stat.inference.TTestImpl","org.apache.commons.math.stat.StatUtils",32
"1916",20,"math","org.apache.commons.math.transform.FastFourierTransformer","org.apache.commons.math.complex.Complex",303
"1917",20,"mockito","org.mockito.asm.AnnotationWriter","org.mockito.asm.ClassWriter",437
"1918",20,"mockito","org.mockito.asm.MethodWriter","org.mockito.asm.ByteVector",76
"1919",20,"mockito","org.mockito.asm.MethodWriter","org.mockito.asm.ClassWriter",47
"1920",20,"mockito","org.mockito.asm.tree.analysis.BasicVerifier","org.mockito.asm.tree.analysis.BasicInterpreter",43
"1921",20,"mockito","org.mockito.asm.tree.analysis.BasicVerifier","org.mockito.asm.tree.analysis.SimpleVerifier",8
"1922",20,"mockito","org.mockito.asm.util.ASMifierClassVisitor","org.mockito.asm.util.ASMifierAbstractVisitor",24
"1923",20,"mockito","org.mockito.cglib.core.CodeEmitter","org.mockito.cglib.core.ClassEmitter",1
"1924",20,"mockito","org.mockito.cglib.core.CodeEmitter","org.mockito.cglib.core.TypeUtils",222
"1925",20,"mockito","org.mockito.cglib.core.EmitUtils","org.mockito.cglib.core.CodeEmitter",45
"1926",20,"mockito","org.mockito.cglib.proxy.Enhancer","org.mockito.cglib.core.CodeEmitter",240
"1927",20,"mockito","org.mockito.cglib.proxy.Enhancer","org.mockito.cglib.core.ReflectUtils",95
"1928",20,"mockito","org.mockito.cglib.proxy.Mixin$Generator","org.mockito.cglib.core.AbstractClassGenerator",4
"1929",20,"mockito","org.mockito.cglib.proxy.Mixin$Generator","org.mockito.cglib.core.ReflectUtils",157
"1930",20,"time","org.joda.time.base.AbstractPartial","org.joda.time.MonthDay",30
"1931",20,"time","org.joda.time.base.AbstractPartial","org.joda.time.TimeOfDay",22
"1932",20,"time","org.joda.time.base.AbstractPartial","org.joda.time.YearMonth",48
"1933",20,"time","org.joda.time.base.BasePeriod","org.joda.time.base.AbstractPeriod",62
"1934",20,"time","org.joda.time.chrono.BasicChronology","org.joda.time.chrono.CopticChronology",6
"1935",20,"time","org.joda.time.chrono.BasicChronology","org.joda.time.chrono.EthiopicChronology",8
"1936",20,"time","org.joda.time.chrono.BasicChronology","org.joda.time.chrono.IslamicChronology",59
"1937",20,"time","org.joda.time.chrono.BasicWeekyearDateTimeField","org.joda.time.chrono.BasicChronology",139
"1938",20,"time","org.joda.time.chrono.CopticChronology","org.joda.time.DateTimeZone",207
"1939",20,"time","org.joda.time.chrono.GJChronology","org.joda.time.chrono.JulianChronology",41
"1940",20,"time","org.joda.time.chrono.ISOChronology","org.joda.time.chrono.AssembledChronology",150
"1941",20,"time","org.joda.time.chrono.ZonedChronology","org.joda.time.chrono.AssembledChronology",69
"1942",20,"time","org.joda.time.chrono.ZonedChronology","org.joda.time.DateTimeZone",187
"1943",20,"time","org.joda.time.chrono.ZonedChronology$ZonedDateTimeField","org.joda.time.DateTimeZone",152
"1944",20,"time","org.joda.time.DateTimeUtils","org.joda.time.DateTimeZone",160
"1945",20,"time","org.joda.time.DateTimeZone","org.joda.time.field.FieldUtils",22
"1946",20,"time","org.joda.time.DateTimeZone","org.joda.time.format.FormatUtils",41
"1947",20,"time","org.joda.time.DateTimeZone","org.joda.time.tz.FixedDateTimeZone",21
"1948",20,"time","org.joda.time.Days","org.joda.time.base.BaseSingleFieldPeriod",121
"1949",20,"time","org.joda.time.format.DateTimeFormat","org.joda.time.format.DateTimeFormat$StyleFormatter",19
"1950",20,"time","org.joda.time.format.DateTimeFormat","org.joda.time.format.DateTimeFormatterBuilder",65
"1951",20,"time","org.joda.time.format.DateTimeFormatter","org.joda.time.DateTimeZone",85
"1952",20,"time","org.joda.time.format.DateTimeFormatter","org.joda.time.format.DateTimeParserBucket",35
"1953",20,"time","org.joda.time.format.DateTimeFormatterBuilder$PaddedNumber","org.joda.time.format.DateTimeFormatterBuilder",47
"1954",20,"time","org.joda.time.format.DateTimeFormatterBuilder$TextField","org.joda.time.format.DateTimeParserBucket",32
"1955",20,"time","org.joda.time.format.DateTimeFormatterBuilder$TextField","org.joda.time.MutableDateTime",8
"1956",20,"time","org.joda.time.format.DateTimeParserBucket$SavedState","org.joda.time.format.DateTimeParserBucket",16
"1957",20,"time","org.joda.time.format.ISODateTimeFormat","org.joda.time.format.DateTimeFormatterBuilder",225
"1958",20,"time","org.joda.time.Hours","org.joda.time.base.BaseSingleFieldPeriod",93
"1959",20,"time","org.joda.time.LocalDate","org.joda.time.format.ISODateTimeFormat",35
"1960",20,"time","org.joda.time.LocalDateTime","org.joda.time.format.DateTimeFormatter",56
"1961",20,"time","org.joda.time.LocalTime$Property","org.joda.time.LocalTime",23
"1962",20,"time","org.joda.time.Minutes","org.joda.time.base.BaseSingleFieldPeriod",109
"1963",20,"time","org.joda.time.MutableInterval","org.joda.time.base.BaseInterval",10
"1964",20,"time","org.joda.time.MutablePeriod","org.joda.time.base.BasePeriod",153
"1965",20,"time","org.joda.time.Period","org.joda.time.base.AbstractPeriod",76
"1966",20,"time","org.joda.time.Period","org.joda.time.base.BasePeriod",117
"1967",20,"time","org.joda.time.Period","org.joda.time.PeriodType",818
"1968",20,"time","org.joda.time.Seconds","org.joda.time.base.BaseSingleFieldPeriod",120
"1969",20,"time","org.joda.time.tz.ZoneInfoCompiler","org.joda.time.DateTimeZone",171
"1970",20,"time","org.joda.time.Weeks","org.joda.time.base.BaseSingleFieldPeriod",112
"1971",20,"time","org.joda.time.YearMonthDay","org.joda.time.base.BasePartial",15
