"","executionId","project","caller","callee","killedM"
"1","1","closure","com.google.javascript.rhino.head.IdScriptableObject","com.google.javascript.rhino.head.ScriptableObject",329
"2","1","closure","com.google.javascript.rhino.head.IRFactory","com.google.javascript.rhino.head.Node",1
"3","1","closure","com.google.javascript.rhino.head.IRFactory","com.google.javascript.rhino.head.Parser",93
"4","1","closure","com.google.javascript.rhino.head.NativeArray","com.google.javascript.rhino.head.ScriptableObject",12
"5","1","closure","com.google.javascript.rhino.head.NativeObject","com.google.javascript.rhino.head.ScriptableObject",108
"6","1","closure","com.google.javascript.rhino.head.regexp.NativeRegExp","com.google.javascript.rhino.head.ScriptRuntime",108
"7","1","closure","com.google.javascript.rhino.head.tools.debugger.Dim","com.google.javascript.rhino.head.ScriptRuntime",39
"8","1","closure","com.google.javascript.rhino.jstype.JSType","com.google.javascript.rhino.jstype.FunctionType",255
"9","1","closure","com.google.javascript.rhino.jstype.JSType","com.google.javascript.rhino.jstype.ProxyObjectType",8
"10","1","lang","org.apache.commons.lang3.builder.ReflectionToStringBuilder","org.apache.commons.lang3.builder.ToStringBuilder",1
"11","1","lang","org.apache.commons.lang3.builder.ToStringBuilder","org.apache.commons.lang3.builder.ToStringStyle",28
"12","1","lang","org.apache.commons.lang3.concurrent.MultiBackgroundInitializer","org.apache.commons.lang3.concurrent.BackgroundInitializer",10
"13","1","lang","org.apache.commons.lang3.text.StrBuilder$StrBuilderReader","org.apache.commons.lang3.text.StrBuilder",7
"14","1","lang","org.apache.commons.lang3.text.StrSubstitutor","org.apache.commons.lang3.text.StrBuilder",39
"15","1","lang","org.apache.commons.lang3.text.StrTokenizer","org.apache.commons.lang3.text.StrMatcher",7
"16","1","lang","org.apache.commons.lang3.text.translate.UnicodeEscaper","org.apache.commons.lang3.text.translate.CharSequenceTranslator",2
"17","1","lang","org.apache.commons.lang3.time.DurationFormatUtils","org.apache.commons.lang3.time.DurationFormatUtils$Token",5
"18","1","math","org.apache.commons.math.analysis.LaguerreSolver","org.apache.commons.math.complex.Complex",31
"19","1","math","org.apache.commons.math.analysis.MullerSolver","org.apache.commons.math.analysis.UnivariateRealSolverImpl",95
"20","1","math","org.apache.commons.math.geometry.Rotation","org.apache.commons.math.geometry.Vector3D",14
"21","1","math","org.apache.commons.math.linear.MatrixUtils","org.apache.commons.math.linear.BigMatrixImpl",1
"22","1","math","org.apache.commons.math.ode.AbstractStepInterpolator","org.apache.commons.math.ode.DormandPrince853StepInterpolator",73
"23","1","math","org.apache.commons.math.ode.ContinuousOutputModel","org.apache.commons.math.ode.AbstractStepInterpolator",44
"24","1","math","org.apache.commons.math.ode.EmbeddedRungeKuttaIntegrator","org.apache.commons.math.ode.DormandPrince853Integrator",11
"25","1","math","org.apache.commons.math.ode.EmbeddedRungeKuttaIntegrator","org.apache.commons.math.ode.HighamHall54Integrator",6
"26","1","math","org.apache.commons.math.ode.GraggBulirschStoerIntegrator","org.apache.commons.math.ode.AdaptiveStepsizeIntegrator",53
"27","1","math","org.apache.commons.math.ode.GraggBulirschStoerIntegrator","org.apache.commons.math.ode.SwitchingFunctionsHandler",5
"28","1","math","org.apache.commons.math.ode.GraggBulirschStoerStepInterpolator","org.apache.commons.math.ode.AbstractStepInterpolator",45
"29","1","math","org.apache.commons.math.ode.SwitchingFunctionsHandler","org.apache.commons.math.ode.SwitchState",62
"30","1","math","org.apache.commons.math.ode.SwitchState","org.apache.commons.math.analysis.BrentSolver",13
"31","1","math","org.apache.commons.math.optimization.NelderMead","org.apache.commons.math.optimization.DirectSearchOptimizer",60
"32","1","math","org.apache.commons.math.stat.inference.TTestImpl","org.apache.commons.math.stat.StatUtils",2
"33","1","math","org.apache.commons.math.transform.FastFourierTransformer","org.apache.commons.math.complex.Complex",21
"34","1","mockito","org.mockito.asm.AnnotationWriter","org.mockito.asm.ClassWriter",75
"35","1","mockito","org.mockito.asm.MethodWriter","org.mockito.asm.ByteVector",36
"36","1","mockito","org.mockito.asm.MethodWriter","org.mockito.asm.ClassWriter",12
"37","1","mockito","org.mockito.asm.tree.analysis.BasicVerifier","org.mockito.asm.tree.analysis.BasicInterpreter",20
"38","1","mockito","org.mockito.asm.tree.analysis.BasicVerifier","org.mockito.asm.tree.analysis.SimpleVerifier",5
"39","1","mockito","org.mockito.cglib.core.ClassEmitter","org.mockito.cglib.transform.impl.InterceptFieldTransformer",8
"40","1","mockito","org.mockito.cglib.core.CodeEmitter","org.mockito.cglib.core.TypeUtils",62
"41","1","mockito","org.mockito.cglib.core.EmitUtils","org.mockito.cglib.core.CodeEmitter",49
"42","1","mockito","org.mockito.cglib.proxy.Enhancer","org.mockito.cglib.core.ReflectUtils",52
"43","1","mockito","org.mockito.cglib.proxy.Mixin$Generator","org.mockito.cglib.core.ReflectUtils",45
"44","1","time","org.joda.time.base.AbstractPartial","org.joda.time.YearMonth",9
"45","1","time","org.joda.time.base.BasePeriod","org.joda.time.base.AbstractPeriod",63
"46","1","time","org.joda.time.chrono.BasicChronology","org.joda.time.chrono.CopticChronology",4
"47","1","time","org.joda.time.chrono.BasicChronology","org.joda.time.chrono.EthiopicChronology",1
"48","1","time","org.joda.time.chrono.BasicChronology","org.joda.time.chrono.IslamicChronology",156
"49","1","time","org.joda.time.chrono.BasicWeekyearDateTimeField","org.joda.time.chrono.BasicChronology",277
"50","1","time","org.joda.time.chrono.CopticChronology","org.joda.time.DateTimeZone",214
"51","1","time","org.joda.time.chrono.GJChronology","org.joda.time.chrono.GJChronology$CutoverField",25
"52","1","time","org.joda.time.chrono.GJChronology","org.joda.time.chrono.JulianChronology",22
"53","1","time","org.joda.time.chrono.ISOChronology","org.joda.time.chrono.AssembledChronology",47
"54","1","time","org.joda.time.chrono.ISOChronology","org.joda.time.DateTimeZone",409
"55","1","time","org.joda.time.chrono.ZonedChronology","org.joda.time.chrono.AssembledChronology",71
"56","1","time","org.joda.time.chrono.ZonedChronology","org.joda.time.DateTimeZone",130
"57","1","time","org.joda.time.chrono.ZonedChronology$ZonedDateTimeField","org.joda.time.DateTimeZone",153
"58","1","time","org.joda.time.DateTimeUtils","org.joda.time.DateTimeZone",175
"59","1","time","org.joda.time.DateTimeZone","org.joda.time.format.DateTimeFormat",211
"60","1","time","org.joda.time.DateTimeZone","org.joda.time.tz.FixedDateTimeZone",17
"61","1","time","org.joda.time.Days","org.joda.time.base.BaseSingleFieldPeriod",27
"62","1","time","org.joda.time.format.DateTimeFormat","org.joda.time.format.DateTimeFormat$StyleFormatter",16
"63","1","time","org.joda.time.format.DateTimeFormat","org.joda.time.format.DateTimeFormatterBuilder",3
"64","1","time","org.joda.time.format.DateTimeFormatter","org.joda.time.DateTimeZone",114
"65","1","time","org.joda.time.format.DateTimeFormatter","org.joda.time.format.DateTimeParserBucket",64
"66","1","time","org.joda.time.format.DateTimeFormatterBuilder$PaddedNumber","org.joda.time.format.DateTimeFormatterBuilder",4
"67","1","time","org.joda.time.format.DateTimeFormatterBuilder$TextField","org.joda.time.format.DateTimeParserBucket",68
"68","1","time","org.joda.time.format.DateTimeParserBucket$SavedState","org.joda.time.format.DateTimeParserBucket",27
"69","1","time","org.joda.time.format.ISODateTimeFormat","org.joda.time.format.DateTimeFormatterBuilder",23
"70","1","time","org.joda.time.LocalDate","org.joda.time.format.ISODateTimeFormat",28
"71","1","time","org.joda.time.LocalDateTime","org.joda.time.DateTimeZone",170
"72","1","time","org.joda.time.LocalDateTime","org.joda.time.format.DateTimeFormatter",9
"73","1","time","org.joda.time.Minutes","org.joda.time.base.BaseSingleFieldPeriod",37
"74","1","time","org.joda.time.MutableInterval","org.joda.time.base.BaseInterval",8
"75","1","time","org.joda.time.MutablePeriod","org.joda.time.base.BasePeriod",28
"76","1","time","org.joda.time.Period","org.joda.time.base.AbstractPeriod",2
"77","1","time","org.joda.time.Period","org.joda.time.base.BasePeriod",73
"78","1","time","org.joda.time.Period","org.joda.time.PeriodType",593
"79","1","time","org.joda.time.Seconds","org.joda.time.base.BaseSingleFieldPeriod",35
"80","1","time","org.joda.time.tz.ZoneInfoCompiler","org.joda.time.DateTimeZone",180
"81","1","time","org.joda.time.Weeks","org.joda.time.base.BaseSingleFieldPeriod",31
"82","10","closure","com.google.javascript.jscomp.NodeUtil","com.google.javascript.rhino.Node",35
"83","10","closure","com.google.javascript.rhino.head.IdScriptableObject","com.google.javascript.rhino.head.ScriptableObject",162
"84","10","closure","com.google.javascript.rhino.head.IRFactory","com.google.javascript.rhino.head.Parser",124
"85","10","closure","com.google.javascript.rhino.head.NativeArray","com.google.javascript.rhino.head.IdScriptableObject",6
"86","10","closure","com.google.javascript.rhino.head.ScriptableObject","com.google.javascript.rhino.head.FunctionObject",63
"87","10","closure","com.google.javascript.rhino.head.tools.debugger.Dim","com.google.javascript.rhino.head.ScriptRuntime",8
"88","10","closure","com.google.javascript.rhino.head.tools.shell.Global","com.google.javascript.rhino.head.ScriptRuntime",18
"89","10","closure","com.google.javascript.rhino.jstype.JSType","com.google.javascript.rhino.jstype.FunctionType",329
"90","10","closure","com.google.javascript.rhino.jstype.JSType","com.google.javascript.rhino.jstype.UnionType",11
"91","10","lang","org.apache.commons.lang3.builder.ReflectionToStringBuilder","org.apache.commons.lang3.builder.ToStringBuilder",1
"92","10","lang","org.apache.commons.lang3.builder.ToStringBuilder","org.apache.commons.lang3.builder.ToStringStyle",37
"93","10","lang","org.apache.commons.lang3.concurrent.MultiBackgroundInitializer","org.apache.commons.lang3.concurrent.BackgroundInitializer",7
"94","10","lang","org.apache.commons.lang3.text.StrBuilder$StrBuilderReader","org.apache.commons.lang3.text.StrBuilder",8
"95","10","lang","org.apache.commons.lang3.text.StrSubstitutor","org.apache.commons.lang3.text.StrBuilder",28
"96","10","lang","org.apache.commons.lang3.text.StrTokenizer","org.apache.commons.lang3.text.StrMatcher",8
"97","10","lang","org.apache.commons.lang3.text.translate.UnicodeEscaper","org.apache.commons.lang3.text.translate.CharSequenceTranslator",1
"98","10","lang","org.apache.commons.lang3.time.DurationFormatUtils","org.apache.commons.lang3.time.DurationFormatUtils$Token",17
"99","10","math","org.apache.commons.math.analysis.LaguerreSolver","org.apache.commons.math.complex.Complex",15
"100","10","math","org.apache.commons.math.analysis.MullerSolver","org.apache.commons.math.analysis.UnivariateRealSolverImpl",101
"101","10","math","org.apache.commons.math.geometry.Rotation","org.apache.commons.math.geometry.Vector3D",4
"102","10","math","org.apache.commons.math.linear.MatrixUtils","org.apache.commons.math.linear.BigMatrixImpl",1
"103","10","math","org.apache.commons.math.ode.AbstractStepInterpolator","org.apache.commons.math.ode.DormandPrince853StepInterpolator",61
"104","10","math","org.apache.commons.math.ode.ContinuousOutputModel","org.apache.commons.math.ode.AbstractStepInterpolator",48
"105","10","math","org.apache.commons.math.ode.EmbeddedRungeKuttaIntegrator","org.apache.commons.math.ode.DormandPrince853Integrator",8
"106","10","math","org.apache.commons.math.ode.EmbeddedRungeKuttaIntegrator","org.apache.commons.math.ode.HighamHall54Integrator",7
"107","10","math","org.apache.commons.math.ode.GraggBulirschStoerIntegrator","org.apache.commons.math.ode.AdaptiveStepsizeIntegrator",70
"108","10","math","org.apache.commons.math.ode.GraggBulirschStoerIntegrator","org.apache.commons.math.ode.SwitchingFunctionsHandler",5
"109","10","math","org.apache.commons.math.ode.GraggBulirschStoerStepInterpolator","org.apache.commons.math.ode.AbstractStepInterpolator",36
"110","10","math","org.apache.commons.math.ode.SwitchingFunctionsHandler","org.apache.commons.math.ode.SwitchState",51
"111","10","math","org.apache.commons.math.ode.SwitchState","org.apache.commons.math.analysis.BrentSolver",29
"112","10","math","org.apache.commons.math.optimization.NelderMead","org.apache.commons.math.optimization.DirectSearchOptimizer",59
"113","10","math","org.apache.commons.math.stat.descriptive.AbstractStorelessUnivariateStatistic","org.apache.commons.math.stat.descriptive.moment.Variance",1
"114","10","math","org.apache.commons.math.stat.inference.TTestImpl","org.apache.commons.math.stat.StatUtils",2
"115","10","math","org.apache.commons.math.transform.FastFourierTransformer","org.apache.commons.math.complex.Complex",19
"116","10","mockito","org.mockito.asm.AnnotationWriter","org.mockito.asm.ClassWriter",64
"117","10","mockito","org.mockito.asm.MethodWriter","org.mockito.asm.ByteVector",20
"118","10","mockito","org.mockito.asm.tree.analysis.BasicVerifier","org.mockito.asm.tree.analysis.BasicInterpreter",5
"119","10","mockito","org.mockito.cglib.core.CodeEmitter","org.mockito.cglib.core.TypeUtils",77
"120","10","mockito","org.mockito.cglib.core.EmitUtils","org.mockito.cglib.core.CodeEmitter",114
"121","10","mockito","org.mockito.cglib.proxy.Enhancer","org.mockito.cglib.core.CodeEmitter",240
"122","10","mockito","org.mockito.cglib.proxy.Enhancer","org.mockito.cglib.core.ReflectUtils",48
"123","10","time","org.joda.time.base.AbstractPartial","org.joda.time.MonthDay",5
"124","10","time","org.joda.time.base.AbstractPartial","org.joda.time.YearMonth",11
"125","10","time","org.joda.time.base.BasePeriod","org.joda.time.base.AbstractPeriod",58
"126","10","time","org.joda.time.chrono.BasicChronology","org.joda.time.chrono.CopticChronology",1
"127","10","time","org.joda.time.chrono.BasicChronology","org.joda.time.chrono.IslamicChronology",67
"128","10","time","org.joda.time.chrono.BasicWeekyearDateTimeField","org.joda.time.chrono.BasicChronology",194
"129","10","time","org.joda.time.chrono.CopticChronology","org.joda.time.DateTimeZone",216
"130","10","time","org.joda.time.chrono.GJChronology","org.joda.time.chrono.JulianChronology",49
"131","10","time","org.joda.time.chrono.ISOChronology","org.joda.time.chrono.AssembledChronology",40
"132","10","time","org.joda.time.chrono.ISOChronology","org.joda.time.DateTimeZone",189
"133","10","time","org.joda.time.chrono.ZonedChronology","org.joda.time.chrono.AssembledChronology",74
"134","10","time","org.joda.time.chrono.ZonedChronology","org.joda.time.DateTimeZone",191
"135","10","time","org.joda.time.chrono.ZonedChronology$ZonedDateTimeField","org.joda.time.DateTimeZone",198
"136","10","time","org.joda.time.DateTimeUtils","org.joda.time.DateTimeZone",143
"137","10","time","org.joda.time.DateTimeZone","org.joda.time.tz.FixedDateTimeZone",10
"138","10","time","org.joda.time.Days","org.joda.time.base.BaseSingleFieldPeriod",28
"139","10","time","org.joda.time.format.DateTimeFormat","org.joda.time.format.DateTimeFormat$StyleFormatter",12
"140","10","time","org.joda.time.format.DateTimeFormatter","org.joda.time.DateTimeZone",102
"141","10","time","org.joda.time.format.DateTimeFormatter","org.joda.time.format.DateTimeParserBucket",72
"142","10","time","org.joda.time.format.DateTimeFormatterBuilder$PaddedNumber","org.joda.time.format.DateTimeFormatterBuilder",37
"143","10","time","org.joda.time.format.DateTimeFormatterBuilder$TextField","org.joda.time.format.DateTimeParserBucket",46
"144","10","time","org.joda.time.format.DateTimeFormatterBuilder$TextField","org.joda.time.MutableDateTime",2
"145","10","time","org.joda.time.format.DateTimeParserBucket$SavedState","org.joda.time.format.DateTimeParserBucket",16
"146","10","time","org.joda.time.format.ISODateTimeFormat","org.joda.time.format.DateTimeFormatterBuilder",23
"147","10","time","org.joda.time.Hours","org.joda.time.base.BaseSingleFieldPeriod",1
"148","10","time","org.joda.time.LocalDate","org.joda.time.format.ISODateTimeFormat",25
"149","10","time","org.joda.time.LocalDateTime","org.joda.time.DateTimeZone",225
"150","10","time","org.joda.time.LocalDateTime","org.joda.time.format.DateTimeFormatter",13
"151","10","time","org.joda.time.Minutes","org.joda.time.base.BaseSingleFieldPeriod",32
"152","10","time","org.joda.time.MutableInterval","org.joda.time.base.BaseInterval",4
"153","10","time","org.joda.time.MutablePeriod","org.joda.time.base.BasePeriod",19
"154","10","time","org.joda.time.Period","org.joda.time.base.AbstractPeriod",2
"155","10","time","org.joda.time.Period","org.joda.time.base.BasePeriod",71
"156","10","time","org.joda.time.Period","org.joda.time.PeriodType",594
"157","10","time","org.joda.time.Seconds","org.joda.time.base.BaseSingleFieldPeriod",9
"158","10","time","org.joda.time.tz.ZoneInfoCompiler","org.joda.time.DateTimeZone",234
"159","10","time","org.joda.time.Weeks","org.joda.time.base.BaseSingleFieldPeriod",33
"160","11","closure","com.google.javascript.rhino.head.IdScriptableObject","com.google.javascript.rhino.head.ScriptableObject",48
"161","11","closure","com.google.javascript.rhino.head.Interpreter","com.google.javascript.rhino.head.ScriptableObject",72
"162","11","closure","com.google.javascript.rhino.head.IRFactory","com.google.javascript.rhino.head.Parser",112
"163","11","closure","com.google.javascript.rhino.head.NativeArray","com.google.javascript.rhino.head.IdScriptableObject",12
"164","11","closure","com.google.javascript.rhino.head.NativeArray","com.google.javascript.rhino.head.ScriptableObject",23
"165","11","closure","com.google.javascript.rhino.head.NativeArray","com.google.javascript.rhino.head.ScriptRuntime",51
"166","11","closure","com.google.javascript.rhino.head.NativeObject","com.google.javascript.rhino.head.ScriptableObject",138
"167","11","closure","com.google.javascript.rhino.head.regexp.NativeRegExp","com.google.javascript.rhino.head.ScriptRuntime",30
"168","11","closure","com.google.javascript.rhino.head.ScriptRuntime","com.google.javascript.rhino.head.ScriptableObject",104
"169","11","closure","com.google.javascript.rhino.head.tools.debugger.Dim","com.google.javascript.rhino.head.ScriptRuntime",30
"170","11","lang","org.apache.commons.lang3.builder.ReflectionToStringBuilder","org.apache.commons.lang3.builder.ToStringBuilder",1
"171","11","lang","org.apache.commons.lang3.builder.ToStringBuilder","org.apache.commons.lang3.builder.ToStringStyle",30
"172","11","lang","org.apache.commons.lang3.concurrent.MultiBackgroundInitializer","org.apache.commons.lang3.concurrent.BackgroundInitializer",7
"173","11","lang","org.apache.commons.lang3.text.StrBuilder$StrBuilderReader","org.apache.commons.lang3.text.StrBuilder",2
"174","11","lang","org.apache.commons.lang3.text.StrSubstitutor","org.apache.commons.lang3.text.StrBuilder",67
"175","11","lang","org.apache.commons.lang3.text.StrTokenizer","org.apache.commons.lang3.text.StrMatcher",9
"176","11","lang","org.apache.commons.lang3.time.DurationFormatUtils","org.apache.commons.lang3.time.DurationFormatUtils$Token",5
"177","11","math","org.apache.commons.math.analysis.LaguerreSolver","org.apache.commons.math.complex.Complex",28
"178","11","math","org.apache.commons.math.analysis.MullerSolver","org.apache.commons.math.analysis.UnivariateRealSolverImpl",103
"179","11","math","org.apache.commons.math.fraction.ProperFractionFormat","org.apache.commons.math.fraction.FractionFormat",2
"180","11","math","org.apache.commons.math.geometry.Rotation","org.apache.commons.math.geometry.Vector3D",8
"181","11","math","org.apache.commons.math.linear.MatrixUtils","org.apache.commons.math.linear.BigMatrixImpl",1
"182","11","math","org.apache.commons.math.ode.AbstractStepInterpolator","org.apache.commons.math.ode.DormandPrince853StepInterpolator",66
"183","11","math","org.apache.commons.math.ode.ContinuousOutputModel","org.apache.commons.math.ode.AbstractStepInterpolator",44
"184","11","math","org.apache.commons.math.ode.EmbeddedRungeKuttaIntegrator","org.apache.commons.math.ode.DormandPrince853Integrator",5
"185","11","math","org.apache.commons.math.ode.EmbeddedRungeKuttaIntegrator","org.apache.commons.math.ode.HighamHall54Integrator",2
"186","11","math","org.apache.commons.math.ode.GraggBulirschStoerIntegrator","org.apache.commons.math.ode.AdaptiveStepsizeIntegrator",50
"187","11","math","org.apache.commons.math.ode.GraggBulirschStoerIntegrator","org.apache.commons.math.ode.SwitchingFunctionsHandler",5
"188","11","math","org.apache.commons.math.ode.GraggBulirschStoerStepInterpolator","org.apache.commons.math.ode.AbstractStepInterpolator",22
"189","11","math","org.apache.commons.math.ode.SwitchingFunctionsHandler","org.apache.commons.math.ode.SwitchState",64
"190","11","math","org.apache.commons.math.ode.SwitchState","org.apache.commons.math.analysis.BrentSolver",28
"191","11","math","org.apache.commons.math.optimization.NelderMead","org.apache.commons.math.optimization.DirectSearchOptimizer",55
"192","11","math","org.apache.commons.math.stat.descriptive.AbstractStorelessUnivariateStatistic","org.apache.commons.math.stat.descriptive.moment.Variance",2
"193","11","math","org.apache.commons.math.stat.inference.TTestImpl","org.apache.commons.math.stat.StatUtils",2
"194","11","math","org.apache.commons.math.transform.FastFourierTransformer","org.apache.commons.math.complex.Complex",29
"195","11","mockito","org.mockito.asm.AnnotationWriter","org.mockito.asm.ClassWriter",68
"196","11","mockito","org.mockito.asm.MethodWriter","org.mockito.asm.ByteVector",25
"197","11","mockito","org.mockito.asm.MethodWriter","org.mockito.asm.ClassWriter",20
"198","11","mockito","org.mockito.asm.tree.analysis.BasicVerifier","org.mockito.asm.tree.analysis.BasicInterpreter",31
"199","11","mockito","org.mockito.asm.tree.analysis.BasicVerifier","org.mockito.asm.tree.analysis.SimpleVerifier",9
"200","11","mockito","org.mockito.cglib.core.CodeEmitter","org.mockito.cglib.core.TypeUtils",74
"201","11","mockito","org.mockito.cglib.core.EmitUtils","org.mockito.cglib.core.CodeEmitter",71
"202","11","mockito","org.mockito.cglib.proxy.Enhancer","org.mockito.cglib.core.CodeEmitter",240
"203","11","mockito","org.mockito.cglib.proxy.Enhancer","org.mockito.cglib.core.ReflectUtils",48
"204","11","mockito","org.mockito.cglib.proxy.Mixin$Generator","org.mockito.cglib.core.ReflectUtils",39
"205","11","time","org.joda.time.base.AbstractPartial","org.joda.time.YearMonth",11
"206","11","time","org.joda.time.base.BasePeriod","org.joda.time.base.AbstractPeriod",70
"207","11","time","org.joda.time.chrono.BasicChronology","org.joda.time.chrono.CopticChronology",1
"208","11","time","org.joda.time.chrono.BasicChronology","org.joda.time.chrono.IslamicChronology",133
"209","11","time","org.joda.time.chrono.BasicWeekyearDateTimeField","org.joda.time.chrono.BasicChronology",423
"210","11","time","org.joda.time.chrono.CopticChronology","org.joda.time.DateTimeZone",216
"211","11","time","org.joda.time.chrono.GJChronology","org.joda.time.chrono.GJChronology$CutoverField",64
"212","11","time","org.joda.time.chrono.GJChronology","org.joda.time.chrono.JulianChronology",38
"213","11","time","org.joda.time.chrono.ISOChronology","org.joda.time.chrono.AssembledChronology",20
"214","11","time","org.joda.time.chrono.ISOChronology","org.joda.time.DateTimeZone",199
"215","11","time","org.joda.time.chrono.ZonedChronology","org.joda.time.chrono.AssembledChronology",62
"216","11","time","org.joda.time.chrono.ZonedChronology","org.joda.time.DateTimeZone",215
"217","11","time","org.joda.time.chrono.ZonedChronology$ZonedDateTimeField","org.joda.time.DateTimeZone",129
"218","11","time","org.joda.time.DateTimeUtils","org.joda.time.DateTimeZone",117
"219","11","time","org.joda.time.DateTimeZone","org.joda.time.format.DateTimeFormat",3
"220","11","time","org.joda.time.DateTimeZone","org.joda.time.tz.FixedDateTimeZone",10
"221","11","time","org.joda.time.Days","org.joda.time.base.BaseSingleFieldPeriod",28
"222","11","time","org.joda.time.format.DateTimeFormat","org.joda.time.format.DateTimeFormat$StyleFormatter",9
"223","11","time","org.joda.time.format.DateTimeFormatter","org.joda.time.DateTimeZone",115
"224","11","time","org.joda.time.format.DateTimeFormatter","org.joda.time.format.DateTimeParserBucket",34
"225","11","time","org.joda.time.format.DateTimeFormatterBuilder$PaddedNumber","org.joda.time.format.DateTimeFormatterBuilder",12
"226","11","time","org.joda.time.format.DateTimeFormatterBuilder$TextField","org.joda.time.format.DateTimeParserBucket",40
"227","11","time","org.joda.time.format.DateTimeParserBucket$SavedState","org.joda.time.format.DateTimeParserBucket",15
"228","11","time","org.joda.time.format.ISODateTimeFormat","org.joda.time.format.DateTimeFormatterBuilder",23
"229","11","time","org.joda.time.Hours","org.joda.time.base.BaseSingleFieldPeriod",1
"230","11","time","org.joda.time.LocalDate","org.joda.time.format.ISODateTimeFormat",26
"231","11","time","org.joda.time.LocalDateTime","org.joda.time.DateTimeZone",167
"232","11","time","org.joda.time.LocalDateTime","org.joda.time.format.DateTimeFormatter",7
"233","11","time","org.joda.time.Minutes","org.joda.time.base.BaseSingleFieldPeriod",25
"234","11","time","org.joda.time.MutableInterval","org.joda.time.base.BaseInterval",3
"235","11","time","org.joda.time.MutablePeriod","org.joda.time.base.BasePeriod",19
"236","11","time","org.joda.time.Period","org.joda.time.base.AbstractPeriod",4
"237","11","time","org.joda.time.Period","org.joda.time.base.BasePeriod",88
"238","11","time","org.joda.time.Period","org.joda.time.PeriodType",593
"239","11","time","org.joda.time.Seconds","org.joda.time.base.BaseSingleFieldPeriod",36
"240","11","time","org.joda.time.tz.ZoneInfoCompiler","org.joda.time.DateTimeZone",199
"241","11","time","org.joda.time.Weeks","org.joda.time.base.BaseSingleFieldPeriod",35
"242","12","closure","com.google.javascript.rhino.head.IdScriptableObject","com.google.javascript.rhino.head.ScriptableObject",273
"243","12","closure","com.google.javascript.rhino.head.IRFactory","com.google.javascript.rhino.head.Node",3
"244","12","closure","com.google.javascript.rhino.head.IRFactory","com.google.javascript.rhino.head.Parser",87
"245","12","closure","com.google.javascript.rhino.head.NativeArray","com.google.javascript.rhino.head.IdScriptableObject",13
"246","12","closure","com.google.javascript.rhino.head.NativeArray","com.google.javascript.rhino.head.ScriptableObject",12
"247","12","closure","com.google.javascript.rhino.head.NativeObject","com.google.javascript.rhino.head.ScriptableObject",136
"248","12","closure","com.google.javascript.rhino.head.regexp.NativeRegExp","com.google.javascript.rhino.head.ScriptRuntime",32
"249","12","closure","com.google.javascript.rhino.head.ScriptRuntime","com.google.javascript.rhino.head.ScriptableObject",247
"250","12","closure","com.google.javascript.rhino.head.tools.debugger.Dim","com.google.javascript.rhino.head.ScriptRuntime",9
"251","12","closure","com.google.javascript.rhino.jstype.JSType","com.google.javascript.rhino.jstype.UnionType",73
"252","12","lang","org.apache.commons.lang3.builder.ReflectionToStringBuilder","org.apache.commons.lang3.builder.ToStringBuilder",1
"253","12","lang","org.apache.commons.lang3.builder.ToStringBuilder","org.apache.commons.lang3.builder.ToStringStyle",91
"254","12","lang","org.apache.commons.lang3.concurrent.MultiBackgroundInitializer","org.apache.commons.lang3.concurrent.BackgroundInitializer",7
"255","12","lang","org.apache.commons.lang3.text.StrBuilder$StrBuilderReader","org.apache.commons.lang3.text.StrBuilder",1
"256","12","lang","org.apache.commons.lang3.text.StrSubstitutor","org.apache.commons.lang3.text.StrBuilder",45
"257","12","lang","org.apache.commons.lang3.text.StrTokenizer","org.apache.commons.lang3.text.StrMatcher",6
"258","12","lang","org.apache.commons.lang3.time.DurationFormatUtils","org.apache.commons.lang3.time.DurationFormatUtils$Token",17
"259","12","math","org.apache.commons.math.analysis.LaguerreSolver","org.apache.commons.math.complex.Complex",14
"260","12","math","org.apache.commons.math.analysis.MullerSolver","org.apache.commons.math.analysis.UnivariateRealSolverImpl",96
"261","12","math","org.apache.commons.math.distribution.AbstractIntegerDistribution","org.apache.commons.math.distribution.HypergeometricDistributionImpl",1
"262","12","math","org.apache.commons.math.geometry.Rotation","org.apache.commons.math.geometry.Vector3D",17
"263","12","math","org.apache.commons.math.linear.MatrixUtils","org.apache.commons.math.linear.BigMatrixImpl",1
"264","12","math","org.apache.commons.math.ode.AbstractStepInterpolator","org.apache.commons.math.ode.DormandPrince853StepInterpolator",65
"265","12","math","org.apache.commons.math.ode.ContinuousOutputModel","org.apache.commons.math.ode.AbstractStepInterpolator",44
"266","12","math","org.apache.commons.math.ode.EmbeddedRungeKuttaIntegrator","org.apache.commons.math.ode.DormandPrince853Integrator",21
"267","12","math","org.apache.commons.math.ode.EmbeddedRungeKuttaIntegrator","org.apache.commons.math.ode.HighamHall54Integrator",7
"268","12","math","org.apache.commons.math.ode.GraggBulirschStoerIntegrator","org.apache.commons.math.ode.AdaptiveStepsizeIntegrator",56
"269","12","math","org.apache.commons.math.ode.GraggBulirschStoerIntegrator","org.apache.commons.math.ode.SwitchingFunctionsHandler",19
"270","12","math","org.apache.commons.math.ode.GraggBulirschStoerStepInterpolator","org.apache.commons.math.ode.AbstractStepInterpolator",26
"271","12","math","org.apache.commons.math.ode.SwitchingFunctionsHandler","org.apache.commons.math.ode.SwitchState",68
"272","12","math","org.apache.commons.math.ode.SwitchState","org.apache.commons.math.analysis.BrentSolver",53
"273","12","math","org.apache.commons.math.optimization.NelderMead","org.apache.commons.math.optimization.DirectSearchOptimizer",76
"274","12","math","org.apache.commons.math.stat.descriptive.AbstractStorelessUnivariateStatistic","org.apache.commons.math.stat.descriptive.moment.Variance",3
"275","12","math","org.apache.commons.math.transform.FastFourierTransformer","org.apache.commons.math.complex.Complex",22
"276","12","mockito","org.mockito.asm.AnnotationWriter","org.mockito.asm.ClassWriter",92
"277","12","mockito","org.mockito.asm.MethodWriter","org.mockito.asm.ByteVector",28
"278","12","mockito","org.mockito.asm.MethodWriter","org.mockito.asm.ClassWriter",22
"279","12","mockito","org.mockito.asm.tree.analysis.BasicVerifier","org.mockito.asm.tree.analysis.BasicInterpreter",23
"280","12","mockito","org.mockito.asm.tree.analysis.BasicVerifier","org.mockito.asm.tree.analysis.SimpleVerifier",8
"281","12","mockito","org.mockito.cglib.core.CodeEmitter","org.mockito.cglib.core.TypeUtils",75
"282","12","mockito","org.mockito.cglib.core.EmitUtils","org.mockito.cglib.core.CodeEmitter",77
"283","12","mockito","org.mockito.cglib.proxy.Enhancer","org.mockito.cglib.core.ReflectUtils",48
"284","12","mockito","org.mockito.cglib.proxy.Mixin$Generator","org.mockito.cglib.core.ReflectUtils",48
"285","12","time","org.joda.time.base.AbstractPartial","org.joda.time.MonthDay",12
"286","12","time","org.joda.time.base.BasePeriod","org.joda.time.base.AbstractPeriod",84
"287","12","time","org.joda.time.chrono.BasicChronology","org.joda.time.chrono.CopticChronology",4
"288","12","time","org.joda.time.chrono.BasicChronology","org.joda.time.chrono.IslamicChronology",18
"289","12","time","org.joda.time.chrono.BasicWeekyearDateTimeField","org.joda.time.chrono.BasicChronology",385
"290","12","time","org.joda.time.chrono.CopticChronology","org.joda.time.DateTimeZone",188
"291","12","time","org.joda.time.chrono.GJChronology","org.joda.time.chrono.GJChronology$CutoverField",11
"292","12","time","org.joda.time.chrono.GJChronology","org.joda.time.chrono.JulianChronology",21
"293","12","time","org.joda.time.chrono.ISOChronology","org.joda.time.chrono.AssembledChronology",35
"294","12","time","org.joda.time.chrono.ZonedChronology","org.joda.time.chrono.AssembledChronology",102
"295","12","time","org.joda.time.chrono.ZonedChronology","org.joda.time.DateTimeZone",212
"296","12","time","org.joda.time.chrono.ZonedChronology$ZonedDateTimeField","org.joda.time.DateTimeZone",126
"297","12","time","org.joda.time.DateTimeUtils","org.joda.time.DateTimeZone",138
"298","12","time","org.joda.time.DateTimeZone","org.joda.time.format.DateTimeFormat",3
"299","12","time","org.joda.time.DateTimeZone","org.joda.time.format.FormatUtils",41
"300","12","time","org.joda.time.DateTimeZone","org.joda.time.tz.FixedDateTimeZone",10
"301","12","time","org.joda.time.Days","org.joda.time.base.BaseSingleFieldPeriod",24
"302","12","time","org.joda.time.format.DateTimeFormat","org.joda.time.format.DateTimeFormat$StyleFormatter",8
"303","12","time","org.joda.time.format.DateTimeFormat","org.joda.time.format.DateTimeFormatterBuilder",6
"304","12","time","org.joda.time.format.DateTimeFormatter","org.joda.time.DateTimeZone",124
"305","12","time","org.joda.time.format.DateTimeFormatter","org.joda.time.format.DateTimeParserBucket",51
"306","12","time","org.joda.time.format.DateTimeFormatterBuilder$PaddedNumber","org.joda.time.format.DateTimeFormatterBuilder",9
"307","12","time","org.joda.time.format.DateTimeFormatterBuilder$TextField","org.joda.time.format.DateTimeParserBucket",65
"308","12","time","org.joda.time.format.DateTimeFormatterBuilder$TextField","org.joda.time.MutableDateTime",3
"309","12","time","org.joda.time.format.DateTimeParserBucket$SavedState","org.joda.time.format.DateTimeParserBucket",15
"310","12","time","org.joda.time.format.ISODateTimeFormat","org.joda.time.format.DateTimeFormatterBuilder",23
"311","12","time","org.joda.time.LocalDate","org.joda.time.format.ISODateTimeFormat",25
"312","12","time","org.joda.time.LocalDateTime","org.joda.time.DateTimeZone",264
"313","12","time","org.joda.time.LocalDateTime","org.joda.time.format.DateTimeFormatter",3
"314","12","time","org.joda.time.Minutes","org.joda.time.base.BaseSingleFieldPeriod",30
"315","12","time","org.joda.time.MutablePeriod","org.joda.time.base.BasePeriod",34
"316","12","time","org.joda.time.Period","org.joda.time.base.BasePeriod",69
"317","12","time","org.joda.time.Period","org.joda.time.PeriodType",572
"318","12","time","org.joda.time.Seconds","org.joda.time.base.BaseSingleFieldPeriod",31
"319","12","time","org.joda.time.Weeks","org.joda.time.base.BaseSingleFieldPeriod",29
"320","13","closure","com.google.javascript.rhino.head.Interpreter","com.google.javascript.rhino.head.ScriptableObject",101
"321","13","closure","com.google.javascript.rhino.head.IRFactory","com.google.javascript.rhino.head.Node",5
"322","13","closure","com.google.javascript.rhino.head.NativeArray","com.google.javascript.rhino.head.IdScriptableObject",12
"323","13","closure","com.google.javascript.rhino.head.NativeArray","com.google.javascript.rhino.head.ScriptableObject",6
"324","13","closure","com.google.javascript.rhino.head.NativeObject","com.google.javascript.rhino.head.ScriptableObject",109
"325","13","closure","com.google.javascript.rhino.head.regexp.NativeRegExp","com.google.javascript.rhino.head.ScriptRuntime",90
"326","13","closure","com.google.javascript.rhino.head.ScriptableObject","com.google.javascript.rhino.head.FunctionObject",19
"327","13","closure","com.google.javascript.rhino.head.tools.debugger.Dim","com.google.javascript.rhino.head.ScriptRuntime",36
"328","13","closure","com.google.javascript.rhino.JSDocInfoBuilder","com.google.javascript.rhino.JSDocInfo",84
"329","13","closure","com.google.javascript.rhino.jstype.JSType","com.google.javascript.rhino.jstype.UnionType",24
"330","13","lang","org.apache.commons.lang3.builder.ReflectionToStringBuilder","org.apache.commons.lang3.builder.ToStringBuilder",1
"331","13","lang","org.apache.commons.lang3.builder.ToStringBuilder","org.apache.commons.lang3.builder.ToStringStyle",73
"332","13","lang","org.apache.commons.lang3.concurrent.MultiBackgroundInitializer","org.apache.commons.lang3.concurrent.BackgroundInitializer",10
"333","13","lang","org.apache.commons.lang3.text.StrBuilder$StrBuilderReader","org.apache.commons.lang3.text.StrBuilder",10
"334","13","lang","org.apache.commons.lang3.text.StrSubstitutor","org.apache.commons.lang3.text.StrBuilder",45
"335","13","lang","org.apache.commons.lang3.text.StrTokenizer","org.apache.commons.lang3.text.StrMatcher",9
"336","13","lang","org.apache.commons.lang3.text.translate.UnicodeEscaper","org.apache.commons.lang3.text.translate.CharSequenceTranslator",1
"337","13","lang","org.apache.commons.lang3.time.DurationFormatUtils","org.apache.commons.lang3.time.DurationFormatUtils$Token",5
"338","13","math","org.apache.commons.math.analysis.LaguerreSolver","org.apache.commons.math.complex.Complex",40
"339","13","math","org.apache.commons.math.analysis.MullerSolver","org.apache.commons.math.analysis.UnivariateRealSolverImpl",102
"340","13","math","org.apache.commons.math.geometry.Rotation","org.apache.commons.math.geometry.Vector3D",11
"341","13","math","org.apache.commons.math.linear.MatrixUtils","org.apache.commons.math.linear.BigMatrixImpl",1
"342","13","math","org.apache.commons.math.ode.AbstractStepInterpolator","org.apache.commons.math.ode.DormandPrince853StepInterpolator",64
"343","13","math","org.apache.commons.math.ode.ContinuousOutputModel","org.apache.commons.math.ode.AbstractStepInterpolator",47
"344","13","math","org.apache.commons.math.ode.EmbeddedRungeKuttaIntegrator","org.apache.commons.math.ode.DormandPrince853Integrator",5
"345","13","math","org.apache.commons.math.ode.EmbeddedRungeKuttaIntegrator","org.apache.commons.math.ode.HighamHall54Integrator",5
"346","13","math","org.apache.commons.math.ode.GraggBulirschStoerIntegrator","org.apache.commons.math.ode.AdaptiveStepsizeIntegrator",83
"347","13","math","org.apache.commons.math.ode.GraggBulirschStoerIntegrator","org.apache.commons.math.ode.SwitchingFunctionsHandler",23
"348","13","math","org.apache.commons.math.ode.GraggBulirschStoerStepInterpolator","org.apache.commons.math.ode.AbstractStepInterpolator",42
"349","13","math","org.apache.commons.math.ode.SwitchingFunctionsHandler","org.apache.commons.math.ode.SwitchState",56
"350","13","math","org.apache.commons.math.ode.SwitchState","org.apache.commons.math.analysis.BrentSolver",90
"351","13","math","org.apache.commons.math.optimization.NelderMead","org.apache.commons.math.optimization.DirectSearchOptimizer",57
"352","13","math","org.apache.commons.math.stat.descriptive.AbstractStorelessUnivariateStatistic","org.apache.commons.math.stat.descriptive.moment.Variance",1
"353","13","math","org.apache.commons.math.stat.inference.TTestImpl","org.apache.commons.math.stat.StatUtils",2
"354","13","math","org.apache.commons.math.transform.FastFourierTransformer","org.apache.commons.math.complex.Complex",26
"355","13","mockito","org.mockito.asm.AnnotationWriter","org.mockito.asm.ClassWriter",54
"356","13","mockito","org.mockito.asm.MethodWriter","org.mockito.asm.ByteVector",15
"357","13","mockito","org.mockito.asm.MethodWriter","org.mockito.asm.ClassWriter",11
"358","13","mockito","org.mockito.asm.tree.analysis.BasicVerifier","org.mockito.asm.tree.analysis.BasicInterpreter",2
"359","13","mockito","org.mockito.cglib.core.ClassEmitter","org.mockito.cglib.transform.impl.InterceptFieldTransformer",8
"360","13","mockito","org.mockito.cglib.core.CodeEmitter","org.mockito.cglib.core.TypeUtils",46
"361","13","mockito","org.mockito.cglib.core.EmitUtils","org.mockito.cglib.core.CodeEmitter",185
"362","13","mockito","org.mockito.cglib.proxy.Enhancer","org.mockito.cglib.core.ReflectUtils",48
"363","13","time","org.joda.time.base.AbstractPartial","org.joda.time.MonthDay",16
"364","13","time","org.joda.time.base.BasePeriod","org.joda.time.base.AbstractPeriod",61
"365","13","time","org.joda.time.chrono.BasicChronology","org.joda.time.chrono.CopticChronology",62
"366","13","time","org.joda.time.chrono.BasicChronology","org.joda.time.chrono.EthiopicChronology",8
"367","13","time","org.joda.time.chrono.BasicChronology","org.joda.time.chrono.IslamicChronology",16
"368","13","time","org.joda.time.chrono.BasicWeekyearDateTimeField","org.joda.time.chrono.BasicChronology",142
"369","13","time","org.joda.time.chrono.CopticChronology","org.joda.time.DateTimeZone",170
"370","13","time","org.joda.time.chrono.GJChronology","org.joda.time.chrono.GJChronology$CutoverField",31
"371","13","time","org.joda.time.chrono.GJChronology","org.joda.time.chrono.JulianChronology",35
"372","13","time","org.joda.time.chrono.ISOChronology","org.joda.time.chrono.AssembledChronology",69
"373","13","time","org.joda.time.chrono.ISOChronology","org.joda.time.DateTimeZone",155
"374","13","time","org.joda.time.chrono.ZonedChronology","org.joda.time.chrono.AssembledChronology",268
"375","13","time","org.joda.time.chrono.ZonedChronology","org.joda.time.DateTimeZone",171
"376","13","time","org.joda.time.chrono.ZonedChronology$ZonedDateTimeField","org.joda.time.DateTimeZone",132
"377","13","time","org.joda.time.DateTimeUtils","org.joda.time.DateTimeZone",142
"378","13","time","org.joda.time.DateTimeZone","org.joda.time.tz.FixedDateTimeZone",10
"379","13","time","org.joda.time.Days","org.joda.time.base.BaseSingleFieldPeriod",25
"380","13","time","org.joda.time.format.DateTimeFormat","org.joda.time.format.DateTimeFormat$StyleFormatter",9
"381","13","time","org.joda.time.format.DateTimeFormatter","org.joda.time.DateTimeZone",105
"382","13","time","org.joda.time.format.DateTimeFormatter","org.joda.time.format.DateTimeParserBucket",55
"383","13","time","org.joda.time.format.DateTimeFormatterBuilder$PaddedNumber","org.joda.time.format.DateTimeFormatterBuilder",11
"384","13","time","org.joda.time.format.DateTimeFormatterBuilder$TextField","org.joda.time.format.DateTimeParserBucket",61
"385","13","time","org.joda.time.format.DateTimeFormatterBuilder$TextField","org.joda.time.MutableDateTime",1
"386","13","time","org.joda.time.format.DateTimeParserBucket$SavedState","org.joda.time.format.DateTimeParserBucket",23
"387","13","time","org.joda.time.format.ISODateTimeFormat","org.joda.time.format.DateTimeFormatterBuilder",23
"388","13","time","org.joda.time.LocalDate","org.joda.time.DateTime",5
"389","13","time","org.joda.time.LocalDate","org.joda.time.format.ISODateTimeFormat",37
"390","13","time","org.joda.time.LocalDateTime","org.joda.time.DateTimeZone",176
"391","13","time","org.joda.time.LocalDateTime","org.joda.time.format.DateTimeFormatter",20
"392","13","time","org.joda.time.LocalTime$Property","org.joda.time.LocalTime",8
"393","13","time","org.joda.time.Minutes","org.joda.time.base.BaseSingleFieldPeriod",40
"394","13","time","org.joda.time.MutableInterval","org.joda.time.base.BaseInterval",7
"395","13","time","org.joda.time.MutablePeriod","org.joda.time.base.BasePeriod",28
"396","13","time","org.joda.time.Period","org.joda.time.base.AbstractPeriod",1
"397","13","time","org.joda.time.Period","org.joda.time.base.BasePeriod",63
"398","13","time","org.joda.time.Period","org.joda.time.PeriodType",576
"399","13","time","org.joda.time.Seconds","org.joda.time.base.BaseSingleFieldPeriod",29
"400","13","time","org.joda.time.tz.ZoneInfoCompiler","org.joda.time.DateTimeZone",199
"401","13","time","org.joda.time.Weeks","org.joda.time.base.BaseSingleFieldPeriod",39
"402","14","closure","com.google.javascript.rhino.head.IdScriptableObject","com.google.javascript.rhino.head.ScriptableObject",268
"403","14","closure","com.google.javascript.rhino.head.Interpreter","com.google.javascript.rhino.head.ScriptableObject",226
"404","14","closure","com.google.javascript.rhino.head.IRFactory","com.google.javascript.rhino.head.Node",3
"405","14","closure","com.google.javascript.rhino.head.IRFactory","com.google.javascript.rhino.head.Parser",64
"406","14","closure","com.google.javascript.rhino.head.NativeArray","com.google.javascript.rhino.head.ScriptableObject",12
"407","14","closure","com.google.javascript.rhino.head.NativeArray","com.google.javascript.rhino.head.ScriptRuntime",47
"408","14","closure","com.google.javascript.rhino.head.ScriptRuntime","com.google.javascript.rhino.head.ScriptableObject",133
"409","14","closure","com.google.javascript.rhino.jstype.JSType","com.google.javascript.rhino.jstype.FunctionType",266
"410","14","lang","org.apache.commons.lang3.builder.ReflectionToStringBuilder","org.apache.commons.lang3.builder.ToStringBuilder",1
"411","14","lang","org.apache.commons.lang3.builder.ToStringBuilder","org.apache.commons.lang3.builder.ToStringStyle",18
"412","14","lang","org.apache.commons.lang3.concurrent.MultiBackgroundInitializer","org.apache.commons.lang3.concurrent.BackgroundInitializer",7
"413","14","lang","org.apache.commons.lang3.text.StrBuilder$StrBuilderReader","org.apache.commons.lang3.text.StrBuilder",13
"414","14","lang","org.apache.commons.lang3.text.StrSubstitutor","org.apache.commons.lang3.text.StrBuilder",29
"415","14","lang","org.apache.commons.lang3.text.StrTokenizer","org.apache.commons.lang3.text.StrMatcher",7
"416","14","lang","org.apache.commons.lang3.text.translate.UnicodeEscaper","org.apache.commons.lang3.text.translate.CharSequenceTranslator",2
"417","14","lang","org.apache.commons.lang3.time.DurationFormatUtils","org.apache.commons.lang3.time.DurationFormatUtils$Token",16
"418","14","math","org.apache.commons.math.analysis.LaguerreSolver","org.apache.commons.math.complex.Complex",26
"419","14","math","org.apache.commons.math.analysis.MullerSolver","org.apache.commons.math.analysis.UnivariateRealSolverImpl",95
"420","14","math","org.apache.commons.math.fraction.ProperFractionFormat","org.apache.commons.math.fraction.FractionFormat",2
"421","14","math","org.apache.commons.math.geometry.Rotation","org.apache.commons.math.geometry.Vector3D",14
"422","14","math","org.apache.commons.math.linear.MatrixUtils","org.apache.commons.math.linear.BigMatrixImpl",1
"423","14","math","org.apache.commons.math.ode.AbstractStepInterpolator","org.apache.commons.math.ode.DormandPrince853StepInterpolator",73
"424","14","math","org.apache.commons.math.ode.ContinuousOutputModel","org.apache.commons.math.ode.AbstractStepInterpolator",48
"425","14","math","org.apache.commons.math.ode.EmbeddedRungeKuttaIntegrator","org.apache.commons.math.ode.DormandPrince853Integrator",13
"426","14","math","org.apache.commons.math.ode.EmbeddedRungeKuttaIntegrator","org.apache.commons.math.ode.HighamHall54Integrator",9
"427","14","math","org.apache.commons.math.ode.GraggBulirschStoerIntegrator","org.apache.commons.math.ode.AdaptiveStepsizeIntegrator",66
"428","14","math","org.apache.commons.math.ode.GraggBulirschStoerIntegrator","org.apache.commons.math.ode.SwitchingFunctionsHandler",5
"429","14","math","org.apache.commons.math.ode.GraggBulirschStoerStepInterpolator","org.apache.commons.math.ode.AbstractStepInterpolator",42
"430","14","math","org.apache.commons.math.ode.SwitchingFunctionsHandler","org.apache.commons.math.ode.SwitchState",77
"431","14","math","org.apache.commons.math.ode.SwitchState","org.apache.commons.math.analysis.BrentSolver",13
"432","14","math","org.apache.commons.math.optimization.NelderMead","org.apache.commons.math.optimization.DirectSearchOptimizer",84
"433","14","math","org.apache.commons.math.stat.descriptive.AbstractStorelessUnivariateStatistic","org.apache.commons.math.stat.descriptive.moment.Variance",1
"434","14","math","org.apache.commons.math.stat.inference.TTestImpl","org.apache.commons.math.stat.StatUtils",2
"435","14","math","org.apache.commons.math.transform.FastFourierTransformer","org.apache.commons.math.complex.Complex",21
"436","14","mockito","org.mockito.asm.AnnotationWriter","org.mockito.asm.ClassWriter",59
"437","14","mockito","org.mockito.asm.MethodWriter","org.mockito.asm.ByteVector",44
"438","14","mockito","org.mockito.asm.tree.analysis.BasicVerifier","org.mockito.asm.tree.analysis.BasicInterpreter",34
"439","14","mockito","org.mockito.cglib.core.CodeEmitter","org.mockito.cglib.core.TypeUtils",78
"440","14","mockito","org.mockito.cglib.core.EmitUtils","org.mockito.cglib.core.CodeEmitter",57
"441","14","mockito","org.mockito.cglib.proxy.Enhancer","org.mockito.cglib.core.ReflectUtils",48
"442","14","mockito","org.mockito.cglib.proxy.Mixin$Generator","org.mockito.cglib.core.ReflectUtils",47
"443","14","time","org.joda.time.base.AbstractPartial","org.joda.time.YearMonth",12
"444","14","time","org.joda.time.base.BasePeriod","org.joda.time.base.AbstractPeriod",84
"445","14","time","org.joda.time.chrono.BasicChronology","org.joda.time.chrono.CopticChronology",1
"446","14","time","org.joda.time.chrono.BasicChronology","org.joda.time.chrono.EthiopicChronology",5
"447","14","time","org.joda.time.chrono.BasicChronology","org.joda.time.chrono.IslamicChronology",12
"448","14","time","org.joda.time.chrono.BasicWeekyearDateTimeField","org.joda.time.chrono.BasicChronology",390
"449","14","time","org.joda.time.chrono.CopticChronology","org.joda.time.DateTimeZone",178
"450","14","time","org.joda.time.chrono.GJChronology","org.joda.time.chrono.GJChronology$CutoverField",12
"451","14","time","org.joda.time.chrono.GJChronology","org.joda.time.chrono.JulianChronology",84
"452","14","time","org.joda.time.chrono.ISOChronology","org.joda.time.chrono.AssembledChronology",35
"453","14","time","org.joda.time.chrono.ISOChronology","org.joda.time.DateTimeZone",198
"454","14","time","org.joda.time.chrono.ZonedChronology","org.joda.time.chrono.AssembledChronology",34
"455","14","time","org.joda.time.chrono.ZonedChronology","org.joda.time.DateTimeZone",331
"456","14","time","org.joda.time.chrono.ZonedChronology$ZonedDateTimeField","org.joda.time.DateTimeZone",143
"457","14","time","org.joda.time.DateTimeUtils","org.joda.time.DateTimeZone",243
"458","14","time","org.joda.time.DateTimeZone","org.joda.time.tz.FixedDateTimeZone",17
"459","14","time","org.joda.time.Days","org.joda.time.base.BaseSingleFieldPeriod",25
"460","14","time","org.joda.time.format.DateTimeFormat","org.joda.time.format.DateTimeFormat$StyleFormatter",10
"461","14","time","org.joda.time.format.DateTimeFormatter","org.joda.time.DateTimeZone",102
"462","14","time","org.joda.time.format.DateTimeFormatter","org.joda.time.format.DateTimeParserBucket",82
"463","14","time","org.joda.time.format.DateTimeFormatterBuilder$PaddedNumber","org.joda.time.format.DateTimeFormatterBuilder",4
"464","14","time","org.joda.time.format.DateTimeFormatterBuilder$TextField","org.joda.time.format.DateTimeParserBucket",72
"465","14","time","org.joda.time.format.DateTimeFormatterBuilder$TextField","org.joda.time.MutableDateTime",5
"466","14","time","org.joda.time.format.DateTimeParserBucket$SavedState","org.joda.time.format.DateTimeParserBucket",15
"467","14","time","org.joda.time.format.ISODateTimeFormat","org.joda.time.format.DateTimeFormatterBuilder",23
"468","14","time","org.joda.time.Hours","org.joda.time.base.BaseSingleFieldPeriod",1
"469","14","time","org.joda.time.LocalDate","org.joda.time.DateTime",6
"470","14","time","org.joda.time.LocalDate","org.joda.time.format.ISODateTimeFormat",31
"471","14","time","org.joda.time.LocalDateTime","org.joda.time.DateTimeZone",135
"472","14","time","org.joda.time.LocalDateTime","org.joda.time.format.DateTimeFormatter",17
"473","14","time","org.joda.time.Minutes","org.joda.time.base.BaseSingleFieldPeriod",25
"474","14","time","org.joda.time.MutableInterval","org.joda.time.base.BaseInterval",2
"475","14","time","org.joda.time.MutablePeriod","org.joda.time.base.BasePeriod",28
"476","14","time","org.joda.time.Period","org.joda.time.base.AbstractPeriod",2
"477","14","time","org.joda.time.Period","org.joda.time.base.BasePeriod",76
"478","14","time","org.joda.time.Period","org.joda.time.PeriodType",609
"479","14","time","org.joda.time.Seconds","org.joda.time.base.BaseSingleFieldPeriod",36
"480","14","time","org.joda.time.tz.ZoneInfoCompiler","org.joda.time.DateTimeZone",168
"481","14","time","org.joda.time.Weeks","org.joda.time.base.BaseSingleFieldPeriod",36
"482","15","closure","com.google.javascript.rhino.head.IdScriptableObject","com.google.javascript.rhino.head.ScriptableObject",279
"483","15","closure","com.google.javascript.rhino.head.Interpreter","com.google.javascript.rhino.head.ScriptableObject",258
"484","15","closure","com.google.javascript.rhino.head.IRFactory","com.google.javascript.rhino.head.Decompiler",47
"485","15","closure","com.google.javascript.rhino.head.NativeArray","com.google.javascript.rhino.head.ScriptableObject",2
"486","15","closure","com.google.javascript.rhino.head.NativeObject","com.google.javascript.rhino.head.ScriptableObject",61
"487","15","closure","com.google.javascript.rhino.head.regexp.NativeRegExp","com.google.javascript.rhino.head.ScriptRuntime",13
"488","15","closure","com.google.javascript.rhino.head.ScriptableObject","com.google.javascript.rhino.head.FunctionObject",7
"489","15","closure","com.google.javascript.rhino.head.tools.debugger.Dim","com.google.javascript.rhino.head.ScriptRuntime",10
"490","15","closure","com.google.javascript.rhino.jstype.JSType","com.google.javascript.rhino.jstype.ProxyObjectType",2
"491","15","closure","com.google.javascript.rhino.jstype.JSType","com.google.javascript.rhino.jstype.UnionType",22
"492","15","lang","org.apache.commons.lang3.builder.ReflectionToStringBuilder","org.apache.commons.lang3.builder.ToStringBuilder",1
"493","15","lang","org.apache.commons.lang3.builder.ToStringBuilder","org.apache.commons.lang3.builder.ToStringStyle",28
"494","15","lang","org.apache.commons.lang3.concurrent.MultiBackgroundInitializer","org.apache.commons.lang3.concurrent.BackgroundInitializer",7
"495","15","lang","org.apache.commons.lang3.text.StrBuilder$StrBuilderReader","org.apache.commons.lang3.text.StrBuilder",4
"496","15","lang","org.apache.commons.lang3.text.StrSubstitutor","org.apache.commons.lang3.text.StrBuilder",52
"497","15","lang","org.apache.commons.lang3.text.StrTokenizer","org.apache.commons.lang3.text.StrMatcher",7
"498","15","lang","org.apache.commons.lang3.time.DurationFormatUtils","org.apache.commons.lang3.time.DurationFormatUtils$Token",20
"499","15","math","org.apache.commons.math.analysis.LaguerreSolver","org.apache.commons.math.complex.Complex",37
"500","15","math","org.apache.commons.math.analysis.MullerSolver","org.apache.commons.math.analysis.UnivariateRealSolverImpl",97
"501","15","math","org.apache.commons.math.geometry.Rotation","org.apache.commons.math.geometry.Vector3D",10
"502","15","math","org.apache.commons.math.linear.MatrixUtils","org.apache.commons.math.linear.BigMatrixImpl",1
"503","15","math","org.apache.commons.math.ode.AbstractStepInterpolator","org.apache.commons.math.ode.DormandPrince853StepInterpolator",74
"504","15","math","org.apache.commons.math.ode.ContinuousOutputModel","org.apache.commons.math.ode.AbstractStepInterpolator",43
"505","15","math","org.apache.commons.math.ode.EmbeddedRungeKuttaIntegrator","org.apache.commons.math.ode.DormandPrince853Integrator",18
"506","15","math","org.apache.commons.math.ode.EmbeddedRungeKuttaIntegrator","org.apache.commons.math.ode.HighamHall54Integrator",4
"507","15","math","org.apache.commons.math.ode.GraggBulirschStoerIntegrator","org.apache.commons.math.ode.AdaptiveStepsizeIntegrator",56
"508","15","math","org.apache.commons.math.ode.GraggBulirschStoerIntegrator","org.apache.commons.math.ode.SwitchingFunctionsHandler",18
"509","15","math","org.apache.commons.math.ode.GraggBulirschStoerStepInterpolator","org.apache.commons.math.ode.AbstractStepInterpolator",37
"510","15","math","org.apache.commons.math.ode.SwitchingFunctionsHandler","org.apache.commons.math.ode.SwitchState",82
"511","15","math","org.apache.commons.math.ode.SwitchState","org.apache.commons.math.analysis.BrentSolver",13
"512","15","math","org.apache.commons.math.optimization.NelderMead","org.apache.commons.math.optimization.DirectSearchOptimizer",80
"513","15","math","org.apache.commons.math.stat.descriptive.AbstractStorelessUnivariateStatistic","org.apache.commons.math.stat.descriptive.moment.Variance",1
"514","15","math","org.apache.commons.math.stat.inference.TTestImpl","org.apache.commons.math.stat.StatUtils",2
"515","15","math","org.apache.commons.math.transform.FastFourierTransformer","org.apache.commons.math.complex.Complex",17
"516","15","mockito","org.mockito.asm.AnnotationWriter","org.mockito.asm.ClassWriter",48
"517","15","mockito","org.mockito.asm.MethodWriter","org.mockito.asm.ByteVector",41
"518","15","mockito","org.mockito.asm.MethodWriter","org.mockito.asm.ClassWriter",11
"519","15","mockito","org.mockito.asm.tree.analysis.BasicVerifier","org.mockito.asm.tree.analysis.BasicInterpreter",25
"520","15","mockito","org.mockito.asm.tree.analysis.BasicVerifier","org.mockito.asm.tree.analysis.SimpleVerifier",20
"521","15","mockito","org.mockito.cglib.core.ClassEmitter","org.mockito.cglib.transform.impl.InterceptFieldTransformer",8
"522","15","mockito","org.mockito.cglib.core.CodeEmitter","org.mockito.cglib.core.TypeUtils",74
"523","15","mockito","org.mockito.cglib.core.EmitUtils","org.mockito.cglib.core.CodeEmitter",56
"524","15","mockito","org.mockito.cglib.proxy.Enhancer","org.mockito.cglib.core.ReflectUtils",48
"525","15","time","org.joda.time.base.AbstractPartial","org.joda.time.MonthDay",11
"526","15","time","org.joda.time.base.AbstractPartial","org.joda.time.YearMonth",13
"527","15","time","org.joda.time.base.BasePeriod","org.joda.time.base.AbstractPeriod",52
"528","15","time","org.joda.time.chrono.BasicChronology","org.joda.time.chrono.CopticChronology",3
"529","15","time","org.joda.time.chrono.BasicChronology","org.joda.time.chrono.IslamicChronology",72
"530","15","time","org.joda.time.chrono.BasicWeekyearDateTimeField","org.joda.time.chrono.BasicChronology",204
"531","15","time","org.joda.time.chrono.CopticChronology","org.joda.time.DateTimeZone",210
"532","15","time","org.joda.time.chrono.GJChronology","org.joda.time.chrono.JulianChronology",21
"533","15","time","org.joda.time.chrono.ISOChronology","org.joda.time.chrono.AssembledChronology",31
"534","15","time","org.joda.time.chrono.ISOChronology","org.joda.time.DateTimeZone",205
"535","15","time","org.joda.time.chrono.ZonedChronology","org.joda.time.chrono.AssembledChronology",67
"536","15","time","org.joda.time.chrono.ZonedChronology","org.joda.time.DateTimeZone",173
"537","15","time","org.joda.time.chrono.ZonedChronology$ZonedDateTimeField","org.joda.time.DateTimeZone",123
"538","15","time","org.joda.time.DateTimeUtils","org.joda.time.DateTimeZone",242
"539","15","time","org.joda.time.DateTimeZone","org.joda.time.format.DateTimeFormat",136
"540","15","time","org.joda.time.DateTimeZone","org.joda.time.tz.FixedDateTimeZone",17
"541","15","time","org.joda.time.Days","org.joda.time.base.BaseSingleFieldPeriod",30
"542","15","time","org.joda.time.format.DateTimeFormat","org.joda.time.format.DateTimeFormat$StyleFormatter",9
"543","15","time","org.joda.time.format.DateTimeFormat","org.joda.time.format.DateTimeFormatterBuilder",2
"544","15","time","org.joda.time.format.DateTimeFormatter","org.joda.time.DateTimeZone",88
"545","15","time","org.joda.time.format.DateTimeFormatter","org.joda.time.format.DateTimeParserBucket",59
"546","15","time","org.joda.time.format.DateTimeFormatterBuilder$PaddedNumber","org.joda.time.format.DateTimeFormatterBuilder",11
"547","15","time","org.joda.time.format.DateTimeFormatterBuilder$TextField","org.joda.time.format.DateTimeParserBucket",65
"548","15","time","org.joda.time.format.DateTimeParserBucket$SavedState","org.joda.time.format.DateTimeParserBucket",16
"549","15","time","org.joda.time.format.ISODateTimeFormat","org.joda.time.format.DateTimeFormatterBuilder",23
"550","15","time","org.joda.time.Hours","org.joda.time.base.BaseSingleFieldPeriod",1
"551","15","time","org.joda.time.LocalDate","org.joda.time.format.ISODateTimeFormat",34
"552","15","time","org.joda.time.LocalDateTime","org.joda.time.DateTimeZone",302
"553","15","time","org.joda.time.LocalDateTime","org.joda.time.format.DateTimeFormatter",4
"554","15","time","org.joda.time.Minutes","org.joda.time.base.BaseSingleFieldPeriod",35
"555","15","time","org.joda.time.MutableInterval","org.joda.time.base.BaseInterval",5
"556","15","time","org.joda.time.MutablePeriod","org.joda.time.base.BasePeriod",23
"557","15","time","org.joda.time.Period","org.joda.time.base.AbstractPeriod",4
"558","15","time","org.joda.time.Period","org.joda.time.base.BasePeriod",72
"559","15","time","org.joda.time.Period","org.joda.time.PeriodType",594
"560","15","time","org.joda.time.Seconds","org.joda.time.base.BaseSingleFieldPeriod",35
"561","15","time","org.joda.time.tz.ZoneInfoCompiler","org.joda.time.DateTimeZone",227
"562","15","time","org.joda.time.Weeks","org.joda.time.base.BaseSingleFieldPeriod",35
"563","16","closure","com.google.javascript.rhino.head.IRFactory","com.google.javascript.rhino.head.Node",5
"564","16","closure","com.google.javascript.rhino.head.IRFactory","com.google.javascript.rhino.head.Parser",20
"565","16","closure","com.google.javascript.rhino.head.NativeArray","com.google.javascript.rhino.head.ScriptableObject",3
"566","16","closure","com.google.javascript.rhino.head.NativeObject","com.google.javascript.rhino.head.ScriptableObject",114
"567","16","closure","com.google.javascript.rhino.head.ScriptableObject","com.google.javascript.rhino.head.FunctionObject",19
"568","16","closure","com.google.javascript.rhino.head.tools.debugger.Dim","com.google.javascript.rhino.head.ScriptRuntime",34
"569","16","closure","com.google.javascript.rhino.jstype.JSType","com.google.javascript.rhino.jstype.FunctionType",290
"570","16","closure","com.google.javascript.rhino.jstype.JSType","com.google.javascript.rhino.jstype.UnionType",55
"571","16","lang","org.apache.commons.lang3.builder.ToStringBuilder","org.apache.commons.lang3.builder.ToStringStyle",110
"572","16","lang","org.apache.commons.lang3.concurrent.MultiBackgroundInitializer","org.apache.commons.lang3.concurrent.BackgroundInitializer",10
"573","16","lang","org.apache.commons.lang3.text.StrBuilder$StrBuilderReader","org.apache.commons.lang3.text.StrBuilder",9
"574","16","lang","org.apache.commons.lang3.text.StrSubstitutor","org.apache.commons.lang3.text.StrBuilder",27
"575","16","lang","org.apache.commons.lang3.text.StrTokenizer","org.apache.commons.lang3.text.StrMatcher",7
"576","16","lang","org.apache.commons.lang3.text.translate.UnicodeEscaper","org.apache.commons.lang3.text.translate.CharSequenceTranslator",1
"577","16","lang","org.apache.commons.lang3.time.DurationFormatUtils","org.apache.commons.lang3.time.DurationFormatUtils$Token",5
"578","16","math","org.apache.commons.math.analysis.LaguerreSolver","org.apache.commons.math.complex.Complex",33
"579","16","math","org.apache.commons.math.analysis.MullerSolver","org.apache.commons.math.analysis.UnivariateRealSolverImpl",97
"580","16","math","org.apache.commons.math.distribution.AbstractIntegerDistribution","org.apache.commons.math.distribution.HypergeometricDistributionImpl",1
"581","16","math","org.apache.commons.math.geometry.Rotation","org.apache.commons.math.geometry.Vector3D",15
"582","16","math","org.apache.commons.math.linear.MatrixUtils","org.apache.commons.math.linear.BigMatrixImpl",1
"583","16","math","org.apache.commons.math.ode.AbstractStepInterpolator","org.apache.commons.math.ode.DormandPrince853StepInterpolator",76
"584","16","math","org.apache.commons.math.ode.ContinuousOutputModel","org.apache.commons.math.ode.AbstractStepInterpolator",46
"585","16","math","org.apache.commons.math.ode.EmbeddedRungeKuttaIntegrator","org.apache.commons.math.ode.DormandPrince853Integrator",9
"586","16","math","org.apache.commons.math.ode.GraggBulirschStoerIntegrator","org.apache.commons.math.ode.AdaptiveStepsizeIntegrator",63
"587","16","math","org.apache.commons.math.ode.GraggBulirschStoerIntegrator","org.apache.commons.math.ode.SwitchingFunctionsHandler",23
"588","16","math","org.apache.commons.math.ode.GraggBulirschStoerStepInterpolator","org.apache.commons.math.ode.AbstractStepInterpolator",38
"589","16","math","org.apache.commons.math.ode.SwitchingFunctionsHandler","org.apache.commons.math.ode.SwitchState",52
"590","16","math","org.apache.commons.math.ode.SwitchState","org.apache.commons.math.analysis.BrentSolver",64
"591","16","math","org.apache.commons.math.optimization.NelderMead","org.apache.commons.math.optimization.DirectSearchOptimizer",62
"592","16","math","org.apache.commons.math.transform.FastFourierTransformer","org.apache.commons.math.complex.Complex",22
"593","16","mockito","org.mockito.asm.AnnotationWriter","org.mockito.asm.ClassWriter",48
"594","16","mockito","org.mockito.asm.MethodWriter","org.mockito.asm.ByteVector",13
"595","16","mockito","org.mockito.asm.tree.analysis.BasicVerifier","org.mockito.asm.tree.analysis.BasicInterpreter",5
"596","16","mockito","org.mockito.asm.tree.analysis.BasicVerifier","org.mockito.asm.tree.analysis.SimpleVerifier",22
"597","16","mockito","org.mockito.cglib.core.CodeEmitter","org.mockito.cglib.core.TypeUtils",59
"598","16","mockito","org.mockito.cglib.core.EmitUtils","org.mockito.cglib.core.CodeEmitter",165
"599","16","mockito","org.mockito.cglib.proxy.Enhancer","org.mockito.cglib.core.CodeEmitter",240
"600","16","mockito","org.mockito.cglib.proxy.Enhancer","org.mockito.cglib.core.ReflectUtils",48
"601","16","time","org.joda.time.base.AbstractPartial","org.joda.time.YearMonth",4
"602","16","time","org.joda.time.base.BasePeriod","org.joda.time.base.AbstractPeriod",59
"603","16","time","org.joda.time.chrono.BasicChronology","org.joda.time.chrono.CopticChronology",1
"604","16","time","org.joda.time.chrono.BasicChronology","org.joda.time.chrono.EthiopicChronology",5
"605","16","time","org.joda.time.chrono.BasicChronology","org.joda.time.chrono.IslamicChronology",13
"606","16","time","org.joda.time.chrono.BasicWeekyearDateTimeField","org.joda.time.chrono.BasicChronology",388
"607","16","time","org.joda.time.chrono.CopticChronology","org.joda.time.DateTimeZone",307
"608","16","time","org.joda.time.chrono.GJChronology","org.joda.time.chrono.GJChronology$CutoverField",39
"609","16","time","org.joda.time.chrono.GJChronology","org.joda.time.chrono.JulianChronology",31
"610","16","time","org.joda.time.chrono.ISOChronology","org.joda.time.chrono.AssembledChronology",83
"611","16","time","org.joda.time.chrono.ISOChronology","org.joda.time.DateTimeZone",188
"612","16","time","org.joda.time.chrono.ZonedChronology","org.joda.time.chrono.AssembledChronology",62
"613","16","time","org.joda.time.chrono.ZonedChronology","org.joda.time.DateTimeZone",213
"614","16","time","org.joda.time.chrono.ZonedChronology$ZonedDateTimeField","org.joda.time.DateTimeZone",180
"615","16","time","org.joda.time.DateTimeUtils","org.joda.time.DateTimeZone",151
"616","16","time","org.joda.time.DateTimeZone","org.joda.time.format.DateTimeFormat",3
"617","16","time","org.joda.time.DateTimeZone","org.joda.time.format.FormatUtils",60
"618","16","time","org.joda.time.DateTimeZone","org.joda.time.tz.FixedDateTimeZone",17
"619","16","time","org.joda.time.format.DateTimeFormat","org.joda.time.format.DateTimeFormat$StyleFormatter",8
"620","16","time","org.joda.time.format.DateTimeFormatter","org.joda.time.DateTimeZone",114
"621","16","time","org.joda.time.format.DateTimeFormatter","org.joda.time.format.DateTimeParserBucket",26
"622","16","time","org.joda.time.format.DateTimeFormatterBuilder$PaddedNumber","org.joda.time.format.DateTimeFormatterBuilder",10
"623","16","time","org.joda.time.format.DateTimeFormatterBuilder$TextField","org.joda.time.format.DateTimeParserBucket",57
"624","16","time","org.joda.time.format.DateTimeFormatterBuilder$TextField","org.joda.time.MutableDateTime",1
"625","16","time","org.joda.time.format.DateTimeParserBucket$SavedState","org.joda.time.format.DateTimeParserBucket",15
"626","16","time","org.joda.time.format.ISODateTimeFormat","org.joda.time.format.DateTimeFormatterBuilder",23
"627","16","time","org.joda.time.LocalDate","org.joda.time.DateTime",2
"628","16","time","org.joda.time.LocalDate","org.joda.time.format.ISODateTimeFormat",31
"629","16","time","org.joda.time.LocalDateTime","org.joda.time.DateTimeZone",133
"630","16","time","org.joda.time.LocalDateTime","org.joda.time.format.DateTimeFormatter",4
"631","16","time","org.joda.time.Minutes","org.joda.time.base.BaseSingleFieldPeriod",36
"632","16","time","org.joda.time.MutableInterval","org.joda.time.base.BaseInterval",10
"633","16","time","org.joda.time.MutablePeriod","org.joda.time.base.BasePeriod",21
"634","16","time","org.joda.time.Period","org.joda.time.base.AbstractPeriod",3
"635","16","time","org.joda.time.Period","org.joda.time.base.BasePeriod",71
"636","16","time","org.joda.time.Period","org.joda.time.PeriodType",382
"637","16","time","org.joda.time.Seconds","org.joda.time.base.BaseSingleFieldPeriod",31
"638","16","time","org.joda.time.tz.ZoneInfoCompiler","org.joda.time.DateTimeZone",236
"639","16","time","org.joda.time.Weeks","org.joda.time.base.BaseSingleFieldPeriod",36
"640","17","closure","com.google.javascript.jscomp.NodeUtil","com.google.javascript.rhino.Node",25
"641","17","closure","com.google.javascript.rhino.head.IdScriptableObject","com.google.javascript.rhino.head.ScriptableObject",41
"642","17","closure","com.google.javascript.rhino.head.Interpreter","com.google.javascript.rhino.head.ScriptableObject",43
"643","17","closure","com.google.javascript.rhino.head.IRFactory","com.google.javascript.rhino.head.Parser",116
"644","17","closure","com.google.javascript.rhino.head.NativeArray","com.google.javascript.rhino.head.IdScriptableObject",16
"645","17","closure","com.google.javascript.rhino.head.NativeArray","com.google.javascript.rhino.head.ScriptableObject",8
"646","17","closure","com.google.javascript.rhino.head.NativeObject","com.google.javascript.rhino.head.ScriptableObject",168
"647","17","closure","com.google.javascript.rhino.head.ScriptableObject","com.google.javascript.rhino.head.FunctionObject",11
"648","17","closure","com.google.javascript.rhino.jstype.JSType","com.google.javascript.rhino.jstype.UnionType",25
"649","17","closure","com.google.javascript.rhino.jstype.PrototypeObjectType","com.google.javascript.rhino.jstype.JSType",81
"650","17","lang","org.apache.commons.lang3.builder.ReflectionToStringBuilder","org.apache.commons.lang3.builder.ToStringBuilder",1
"651","17","lang","org.apache.commons.lang3.builder.ToStringBuilder","org.apache.commons.lang3.builder.ToStringStyle",13
"652","17","lang","org.apache.commons.lang3.concurrent.MultiBackgroundInitializer","org.apache.commons.lang3.concurrent.BackgroundInitializer",7
"653","17","lang","org.apache.commons.lang3.text.StrBuilder$StrBuilderReader","org.apache.commons.lang3.text.StrBuilder",2
"654","17","lang","org.apache.commons.lang3.text.StrSubstitutor","org.apache.commons.lang3.text.StrBuilder",24
"655","17","lang","org.apache.commons.lang3.text.StrTokenizer","org.apache.commons.lang3.text.StrMatcher",7
"656","17","lang","org.apache.commons.lang3.text.translate.UnicodeEscaper","org.apache.commons.lang3.text.translate.CharSequenceTranslator",1
"657","17","lang","org.apache.commons.lang3.time.DurationFormatUtils","org.apache.commons.lang3.time.DurationFormatUtils$Token",5
"658","17","math","org.apache.commons.math.analysis.LaguerreSolver","org.apache.commons.math.complex.Complex",27
"659","17","math","org.apache.commons.math.analysis.MullerSolver","org.apache.commons.math.analysis.UnivariateRealSolverImpl",97
"660","17","math","org.apache.commons.math.geometry.Rotation","org.apache.commons.math.geometry.Vector3D",15
"661","17","math","org.apache.commons.math.linear.MatrixUtils","org.apache.commons.math.linear.BigMatrixImpl",1
"662","17","math","org.apache.commons.math.ode.AbstractStepInterpolator","org.apache.commons.math.ode.DormandPrince853StepInterpolator",68
"663","17","math","org.apache.commons.math.ode.ContinuousOutputModel","org.apache.commons.math.ode.AbstractStepInterpolator",44
"664","17","math","org.apache.commons.math.ode.EmbeddedRungeKuttaIntegrator","org.apache.commons.math.ode.DormandPrince853Integrator",10
"665","17","math","org.apache.commons.math.ode.GraggBulirschStoerIntegrator","org.apache.commons.math.ode.AdaptiveStepsizeIntegrator",56
"666","17","math","org.apache.commons.math.ode.GraggBulirschStoerIntegrator","org.apache.commons.math.ode.SwitchingFunctionsHandler",19
"667","17","math","org.apache.commons.math.ode.GraggBulirschStoerStepInterpolator","org.apache.commons.math.ode.AbstractStepInterpolator",29
"668","17","math","org.apache.commons.math.ode.SwitchingFunctionsHandler","org.apache.commons.math.ode.SwitchState",79
"669","17","math","org.apache.commons.math.ode.SwitchState","org.apache.commons.math.analysis.BrentSolver",16
"670","17","math","org.apache.commons.math.optimization.NelderMead","org.apache.commons.math.optimization.DirectSearchOptimizer",51
"671","17","math","org.apache.commons.math.stat.descriptive.AbstractStorelessUnivariateStatistic","org.apache.commons.math.stat.descriptive.moment.Variance",1
"672","17","math","org.apache.commons.math.stat.descriptive.DescriptiveStatistics","org.apache.commons.math.util.ResizableDoubleArray",2
"673","17","math","org.apache.commons.math.transform.FastFourierTransformer","org.apache.commons.math.complex.Complex",19
"674","17","mockito","org.mockito.asm.AnnotationWriter","org.mockito.asm.ClassWriter",78
"675","17","mockito","org.mockito.asm.MethodWriter","org.mockito.asm.ByteVector",17
"676","17","mockito","org.mockito.asm.MethodWriter","org.mockito.asm.ClassWriter",11
"677","17","mockito","org.mockito.asm.tree.analysis.BasicVerifier","org.mockito.asm.tree.analysis.BasicInterpreter",33
"678","17","mockito","org.mockito.asm.tree.analysis.BasicVerifier","org.mockito.asm.tree.analysis.SimpleVerifier",9
"679","17","mockito","org.mockito.cglib.core.CodeEmitter","org.mockito.cglib.core.TypeUtils",69
"680","17","mockito","org.mockito.cglib.core.EmitUtils","org.mockito.cglib.core.CodeEmitter",99
"681","17","mockito","org.mockito.cglib.proxy.Enhancer","org.mockito.cglib.core.CodeEmitter",8
"682","17","mockito","org.mockito.cglib.proxy.Enhancer","org.mockito.cglib.core.ReflectUtils",48
"683","17","time","org.joda.time.base.AbstractPartial","org.joda.time.MonthDay",12
"684","17","time","org.joda.time.base.BasePeriod","org.joda.time.base.AbstractPeriod",79
"685","17","time","org.joda.time.chrono.BasicChronology","org.joda.time.chrono.CopticChronology",1
"686","17","time","org.joda.time.chrono.BasicChronology","org.joda.time.chrono.IslamicChronology",14
"687","17","time","org.joda.time.chrono.BasicWeekyearDateTimeField","org.joda.time.chrono.BasicChronology",141
"688","17","time","org.joda.time.chrono.CopticChronology","org.joda.time.DateTimeZone",185
"689","17","time","org.joda.time.chrono.GJChronology","org.joda.time.chrono.GJChronology$CutoverField",13
"690","17","time","org.joda.time.chrono.GJChronology","org.joda.time.chrono.JulianChronology",19
"691","17","time","org.joda.time.chrono.ISOChronology","org.joda.time.chrono.AssembledChronology",46
"692","17","time","org.joda.time.chrono.ISOChronology","org.joda.time.DateTimeZone",229
"693","17","time","org.joda.time.chrono.ZonedChronology","org.joda.time.chrono.AssembledChronology",66
"694","17","time","org.joda.time.chrono.ZonedChronology$ZonedDateTimeField","org.joda.time.DateTimeZone",112
"695","17","time","org.joda.time.DateTimeUtils","org.joda.time.DateTimeZone",228
"696","17","time","org.joda.time.DateTimeZone","org.joda.time.format.DateTimeFormat",130
"697","17","time","org.joda.time.DateTimeZone","org.joda.time.format.FormatUtils",56
"698","17","time","org.joda.time.DateTimeZone","org.joda.time.tz.FixedDateTimeZone",20
"699","17","time","org.joda.time.Days","org.joda.time.base.BaseSingleFieldPeriod",28
"700","17","time","org.joda.time.format.DateTimeFormat","org.joda.time.format.DateTimeFormatterBuilder",2
"701","17","time","org.joda.time.format.DateTimeFormatter","org.joda.time.DateTimeZone",99
"702","17","time","org.joda.time.format.DateTimeFormatter","org.joda.time.format.DateTimeParserBucket",19
"703","17","time","org.joda.time.format.DateTimeFormatterBuilder$PaddedNumber","org.joda.time.format.DateTimeFormatterBuilder",9
"704","17","time","org.joda.time.format.DateTimeFormatterBuilder$TextField","org.joda.time.format.DateTimeParserBucket",52
"705","17","time","org.joda.time.format.DateTimeFormatterBuilder$TextField","org.joda.time.MutableDateTime",3
"706","17","time","org.joda.time.format.DateTimeParserBucket$SavedState","org.joda.time.format.DateTimeParserBucket",15
"707","17","time","org.joda.time.format.ISODateTimeFormat","org.joda.time.format.DateTimeFormatterBuilder",23
"708","17","time","org.joda.time.Hours","org.joda.time.base.BaseSingleFieldPeriod",1
"709","17","time","org.joda.time.LocalDate","org.joda.time.format.ISODateTimeFormat",31
"710","17","time","org.joda.time.LocalDateTime","org.joda.time.DateTimeZone",274
"711","17","time","org.joda.time.LocalDateTime","org.joda.time.format.DateTimeFormatter",8
"712","17","time","org.joda.time.Minutes","org.joda.time.base.BaseSingleFieldPeriod",8
"713","17","time","org.joda.time.MutableInterval","org.joda.time.base.BaseInterval",7
"714","17","time","org.joda.time.MutablePeriod","org.joda.time.base.BasePeriod",27
"715","17","time","org.joda.time.Period","org.joda.time.base.AbstractPeriod",4
"716","17","time","org.joda.time.Period","org.joda.time.base.BasePeriod",74
"717","17","time","org.joda.time.Period","org.joda.time.PeriodType",572
"718","17","time","org.joda.time.Seconds","org.joda.time.base.BaseSingleFieldPeriod",29
"719","17","time","org.joda.time.tz.ZoneInfoCompiler","org.joda.time.DateTimeZone",235
"720","17","time","org.joda.time.Weeks","org.joda.time.base.BaseSingleFieldPeriod",34
"721","18","closure","com.google.javascript.rhino.head.IdScriptableObject","com.google.javascript.rhino.head.ScriptableObject",482
"722","18","closure","com.google.javascript.rhino.head.IRFactory","com.google.javascript.rhino.head.Parser",106
"723","18","closure","com.google.javascript.rhino.head.NativeArray","com.google.javascript.rhino.head.ScriptableObject",2
"724","18","closure","com.google.javascript.rhino.head.NativeArray","com.google.javascript.rhino.head.ScriptRuntime",83
"725","18","closure","com.google.javascript.rhino.head.regexp.NativeRegExp","com.google.javascript.rhino.head.ScriptRuntime",91
"726","18","closure","com.google.javascript.rhino.head.ScriptRuntime","com.google.javascript.rhino.head.ScriptableObject",101
"727","18","closure","com.google.javascript.rhino.head.tools.debugger.Dim","com.google.javascript.rhino.head.ScriptRuntime",74
"728","18","closure","com.google.javascript.rhino.JSDocInfoBuilder","com.google.javascript.rhino.JSDocInfo",35
"729","18","closure","com.google.javascript.rhino.jstype.JSType","com.google.javascript.rhino.jstype.FunctionType",264
"730","18","closure","com.google.javascript.rhino.jstype.JSType","com.google.javascript.rhino.jstype.UnionType",26
"731","18","lang","org.apache.commons.lang3.builder.ReflectionToStringBuilder","org.apache.commons.lang3.builder.ToStringBuilder",1
"732","18","lang","org.apache.commons.lang3.builder.ToStringBuilder","org.apache.commons.lang3.builder.ToStringStyle",21
"733","18","lang","org.apache.commons.lang3.concurrent.MultiBackgroundInitializer","org.apache.commons.lang3.concurrent.BackgroundInitializer",10
"734","18","lang","org.apache.commons.lang3.text.StrBuilder$StrBuilderReader","org.apache.commons.lang3.text.StrBuilder",9
"735","18","lang","org.apache.commons.lang3.text.StrSubstitutor","org.apache.commons.lang3.text.StrBuilder",31
"736","18","lang","org.apache.commons.lang3.text.StrTokenizer","org.apache.commons.lang3.text.StrMatcher",4
"737","18","lang","org.apache.commons.lang3.text.translate.UnicodeEscaper","org.apache.commons.lang3.text.translate.CharSequenceTranslator",1
"738","18","lang","org.apache.commons.lang3.time.DurationFormatUtils","org.apache.commons.lang3.time.DurationFormatUtils$Token",17
"739","18","math","org.apache.commons.math.analysis.LaguerreSolver","org.apache.commons.math.complex.Complex",22
"740","18","math","org.apache.commons.math.analysis.MullerSolver","org.apache.commons.math.analysis.UnivariateRealSolverImpl",97
"741","18","math","org.apache.commons.math.fraction.ProperFractionFormat","org.apache.commons.math.fraction.FractionFormat",2
"742","18","math","org.apache.commons.math.geometry.Rotation","org.apache.commons.math.geometry.Vector3D",17
"743","18","math","org.apache.commons.math.linear.MatrixUtils","org.apache.commons.math.linear.BigMatrixImpl",1
"744","18","math","org.apache.commons.math.ode.AbstractStepInterpolator","org.apache.commons.math.ode.DormandPrince853StepInterpolator",71
"745","18","math","org.apache.commons.math.ode.ContinuousOutputModel","org.apache.commons.math.ode.AbstractStepInterpolator",47
"746","18","math","org.apache.commons.math.ode.EmbeddedRungeKuttaIntegrator","org.apache.commons.math.ode.DormandPrince853Integrator",9
"747","18","math","org.apache.commons.math.ode.EmbeddedRungeKuttaIntegrator","org.apache.commons.math.ode.HighamHall54Integrator",8
"748","18","math","org.apache.commons.math.ode.GraggBulirschStoerIntegrator","org.apache.commons.math.ode.AdaptiveStepsizeIntegrator",50
"749","18","math","org.apache.commons.math.ode.GraggBulirschStoerIntegrator","org.apache.commons.math.ode.SwitchingFunctionsHandler",5
"750","18","math","org.apache.commons.math.ode.GraggBulirschStoerStepInterpolator","org.apache.commons.math.ode.AbstractStepInterpolator",31
"751","18","math","org.apache.commons.math.ode.SwitchingFunctionsHandler","org.apache.commons.math.ode.SwitchState",52
"752","18","math","org.apache.commons.math.optimization.NelderMead","org.apache.commons.math.optimization.DirectSearchOptimizer",63
"753","18","math","org.apache.commons.math.stat.descriptive.AbstractStorelessUnivariateStatistic","org.apache.commons.math.stat.descriptive.moment.Variance",1
"754","18","math","org.apache.commons.math.stat.inference.TTestImpl","org.apache.commons.math.stat.StatUtils",2
"755","18","math","org.apache.commons.math.transform.FastFourierTransformer","org.apache.commons.math.complex.Complex",27
"756","18","mockito","org.mockito.asm.AnnotationWriter","org.mockito.asm.ClassWriter",51
"757","18","mockito","org.mockito.asm.MethodWriter","org.mockito.asm.ByteVector",42
"758","18","mockito","org.mockito.asm.MethodWriter","org.mockito.asm.ClassWriter",14
"759","18","mockito","org.mockito.asm.tree.analysis.BasicVerifier","org.mockito.asm.tree.analysis.BasicInterpreter",28
"760","18","mockito","org.mockito.asm.tree.analysis.BasicVerifier","org.mockito.asm.tree.analysis.SimpleVerifier",14
"761","18","mockito","org.mockito.cglib.core.CodeEmitter","org.mockito.cglib.core.TypeUtils",70
"762","18","mockito","org.mockito.cglib.core.EmitUtils","org.mockito.cglib.core.CodeEmitter",102
"763","18","mockito","org.mockito.cglib.proxy.Enhancer","org.mockito.cglib.core.ReflectUtils",37
"764","18","mockito","org.mockito.cglib.proxy.Mixin$Generator","org.mockito.cglib.core.ReflectUtils",54
"765","18","time","org.joda.time.base.AbstractPartial","org.joda.time.YearMonth",6
"766","18","time","org.joda.time.base.BasePeriod","org.joda.time.base.AbstractPeriod",82
"767","18","time","org.joda.time.chrono.BasicChronology","org.joda.time.chrono.CopticChronology",18
"768","18","time","org.joda.time.chrono.BasicChronology","org.joda.time.chrono.EthiopicChronology",5
"769","18","time","org.joda.time.chrono.BasicChronology","org.joda.time.chrono.IslamicChronology",146
"770","18","time","org.joda.time.chrono.BasicWeekyearDateTimeField","org.joda.time.chrono.BasicChronology",215
"771","18","time","org.joda.time.chrono.CopticChronology","org.joda.time.DateTimeZone",197
"772","18","time","org.joda.time.chrono.GJChronology","org.joda.time.chrono.GJChronology$CutoverField",36
"773","18","time","org.joda.time.chrono.GJChronology","org.joda.time.chrono.JulianChronology",6
"774","18","time","org.joda.time.chrono.ISOChronology","org.joda.time.chrono.AssembledChronology",82
"775","18","time","org.joda.time.chrono.ISOChronology","org.joda.time.DateTimeZone",190
"776","18","time","org.joda.time.chrono.ZonedChronology","org.joda.time.chrono.AssembledChronology",45
"777","18","time","org.joda.time.chrono.ZonedChronology","org.joda.time.DateTimeZone",287
"778","18","time","org.joda.time.chrono.ZonedChronology$ZonedDateTimeField","org.joda.time.DateTimeZone",166
"779","18","time","org.joda.time.DateTimeUtils","org.joda.time.DateTimeZone",203
"780","18","time","org.joda.time.DateTimeZone","org.joda.time.format.FormatUtils",51
"781","18","time","org.joda.time.DateTimeZone","org.joda.time.tz.FixedDateTimeZone",20
"782","18","time","org.joda.time.Days","org.joda.time.base.BaseSingleFieldPeriod",29
"783","18","time","org.joda.time.format.DateTimeFormat","org.joda.time.format.DateTimeFormat$StyleFormatter",17
"784","18","time","org.joda.time.format.DateTimeFormatter","org.joda.time.DateTimeZone",103
"785","18","time","org.joda.time.format.DateTimeFormatter","org.joda.time.format.DateTimeParserBucket",32
"786","18","time","org.joda.time.format.DateTimeFormatterBuilder$PaddedNumber","org.joda.time.format.DateTimeFormatterBuilder",15
"787","18","time","org.joda.time.format.DateTimeFormatterBuilder$TextField","org.joda.time.format.DateTimeParserBucket",25
"788","18","time","org.joda.time.format.DateTimeFormatterBuilder$TextField","org.joda.time.MutableDateTime",3
"789","18","time","org.joda.time.format.DateTimeParserBucket$SavedState","org.joda.time.format.DateTimeParserBucket",15
"790","18","time","org.joda.time.format.ISODateTimeFormat","org.joda.time.format.DateTimeFormatterBuilder",23
"791","18","time","org.joda.time.Hours","org.joda.time.base.BaseSingleFieldPeriod",35
"792","18","time","org.joda.time.LocalDate","org.joda.time.format.ISODateTimeFormat",29
"793","18","time","org.joda.time.LocalDateTime","org.joda.time.DateTimeZone",190
"794","18","time","org.joda.time.LocalDateTime","org.joda.time.format.DateTimeFormatter",6
"795","18","time","org.joda.time.Minutes","org.joda.time.base.BaseSingleFieldPeriod",36
"796","18","time","org.joda.time.MutableInterval","org.joda.time.base.BaseInterval",5
"797","18","time","org.joda.time.MutablePeriod","org.joda.time.base.BasePeriod",33
"798","18","time","org.joda.time.Period","org.joda.time.base.AbstractPeriod",4
"799","18","time","org.joda.time.Period","org.joda.time.base.BasePeriod",66
"800","18","time","org.joda.time.Period","org.joda.time.PeriodType",574
"801","18","time","org.joda.time.Seconds","org.joda.time.base.BaseSingleFieldPeriod",41
"802","18","time","org.joda.time.tz.ZoneInfoCompiler","org.joda.time.DateTimeZone",328
"803","18","time","org.joda.time.Weeks","org.joda.time.base.BaseSingleFieldPeriod",8
"804","19","closure","com.google.javascript.rhino.head.IdScriptableObject","com.google.javascript.rhino.head.ScriptableObject",308
"805","19","closure","com.google.javascript.rhino.head.IRFactory","com.google.javascript.rhino.head.Parser",22
"806","19","closure","com.google.javascript.rhino.head.NativeArray","com.google.javascript.rhino.head.IdScriptableObject",19
"807","19","closure","com.google.javascript.rhino.head.NativeArray","com.google.javascript.rhino.head.ScriptableObject",6
"808","19","closure","com.google.javascript.rhino.head.regexp.NativeRegExp","com.google.javascript.rhino.head.ScriptRuntime",20
"809","19","closure","com.google.javascript.rhino.head.ScriptableObject","com.google.javascript.rhino.head.FunctionObject",18
"810","19","closure","com.google.javascript.rhino.head.tools.debugger.Dim","com.google.javascript.rhino.head.ScriptRuntime",35
"811","19","closure","com.google.javascript.rhino.jstype.JSType","com.google.javascript.rhino.jstype.UnionType",28
"812","19","lang","org.apache.commons.lang3.builder.ReflectionToStringBuilder","org.apache.commons.lang3.builder.ToStringBuilder",1
"813","19","lang","org.apache.commons.lang3.concurrent.MultiBackgroundInitializer","org.apache.commons.lang3.concurrent.BackgroundInitializer",4
"814","19","lang","org.apache.commons.lang3.text.StrBuilder$StrBuilderReader","org.apache.commons.lang3.text.StrBuilder",10
"815","19","lang","org.apache.commons.lang3.text.StrSubstitutor","org.apache.commons.lang3.text.StrBuilder",26
"816","19","lang","org.apache.commons.lang3.text.StrTokenizer","org.apache.commons.lang3.text.StrMatcher",7
"817","19","lang","org.apache.commons.lang3.text.translate.UnicodeEscaper","org.apache.commons.lang3.text.translate.CharSequenceTranslator",1
"818","19","lang","org.apache.commons.lang3.time.DurationFormatUtils","org.apache.commons.lang3.time.DurationFormatUtils$Token",17
"819","19","math","org.apache.commons.math.analysis.LaguerreSolver","org.apache.commons.math.complex.Complex",31
"820","19","math","org.apache.commons.math.analysis.MullerSolver","org.apache.commons.math.analysis.UnivariateRealSolverImpl",103
"821","19","math","org.apache.commons.math.fraction.ProperFractionFormat","org.apache.commons.math.fraction.FractionFormat",2
"822","19","math","org.apache.commons.math.geometry.Rotation","org.apache.commons.math.geometry.Vector3D",16
"823","19","math","org.apache.commons.math.linear.MatrixUtils","org.apache.commons.math.linear.BigMatrixImpl",1
"824","19","math","org.apache.commons.math.ode.AbstractStepInterpolator","org.apache.commons.math.ode.DormandPrince853StepInterpolator",70
"825","19","math","org.apache.commons.math.ode.ContinuousOutputModel","org.apache.commons.math.ode.AbstractStepInterpolator",36
"826","19","math","org.apache.commons.math.ode.EmbeddedRungeKuttaIntegrator","org.apache.commons.math.ode.DormandPrince853Integrator",12
"827","19","math","org.apache.commons.math.ode.GraggBulirschStoerIntegrator","org.apache.commons.math.ode.AdaptiveStepsizeIntegrator",51
"828","19","math","org.apache.commons.math.ode.GraggBulirschStoerIntegrator","org.apache.commons.math.ode.SwitchingFunctionsHandler",14
"829","19","math","org.apache.commons.math.ode.GraggBulirschStoerStepInterpolator","org.apache.commons.math.ode.AbstractStepInterpolator",28
"830","19","math","org.apache.commons.math.ode.SwitchingFunctionsHandler","org.apache.commons.math.ode.SwitchState",63
"831","19","math","org.apache.commons.math.ode.SwitchState","org.apache.commons.math.analysis.BrentSolver",43
"832","19","math","org.apache.commons.math.optimization.NelderMead","org.apache.commons.math.optimization.DirectSearchOptimizer",82
"833","19","math","org.apache.commons.math.stat.inference.TTestImpl","org.apache.commons.math.stat.StatUtils",2
"834","19","math","org.apache.commons.math.transform.FastFourierTransformer","org.apache.commons.math.complex.Complex",23
"835","19","mockito","org.mockito.asm.AnnotationWriter","org.mockito.asm.ClassWriter",75
"836","19","mockito","org.mockito.asm.MethodWriter","org.mockito.asm.ByteVector",41
"837","19","mockito","org.mockito.asm.MethodWriter","org.mockito.asm.ClassWriter",12
"838","19","mockito","org.mockito.asm.tree.analysis.BasicVerifier","org.mockito.asm.tree.analysis.BasicInterpreter",23
"839","19","mockito","org.mockito.asm.tree.analysis.BasicVerifier","org.mockito.asm.tree.analysis.SimpleVerifier",10
"840","19","mockito","org.mockito.cglib.core.ClassEmitter","org.mockito.cglib.transform.impl.InterceptFieldTransformer",8
"841","19","mockito","org.mockito.cglib.core.CodeEmitter","org.mockito.cglib.core.TypeUtils",73
"842","19","mockito","org.mockito.cglib.core.EmitUtils","org.mockito.cglib.core.CodeEmitter",83
"843","19","mockito","org.mockito.cglib.proxy.Enhancer","org.mockito.cglib.core.ReflectUtils",48
"844","19","mockito","org.mockito.cglib.proxy.Mixin$Generator","org.mockito.cglib.core.ReflectUtils",52
"845","19","time","org.joda.time.base.AbstractPartial","org.joda.time.YearMonth",11
"846","19","time","org.joda.time.base.BasePeriod","org.joda.time.base.AbstractPeriod",80
"847","19","time","org.joda.time.chrono.BasicChronology","org.joda.time.chrono.CopticChronology",18
"848","19","time","org.joda.time.chrono.BasicChronology","org.joda.time.chrono.IslamicChronology",139
"849","19","time","org.joda.time.chrono.BasicWeekyearDateTimeField","org.joda.time.chrono.BasicChronology",110
"850","19","time","org.joda.time.chrono.CopticChronology","org.joda.time.DateTimeZone",172
"851","19","time","org.joda.time.chrono.GJChronology","org.joda.time.chrono.GJChronology$CutoverField",31
"852","19","time","org.joda.time.chrono.GJChronology","org.joda.time.chrono.JulianChronology",20
"853","19","time","org.joda.time.chrono.ISOChronology","org.joda.time.chrono.AssembledChronology",48
"854","19","time","org.joda.time.chrono.ISOChronology","org.joda.time.DateTimeZone",203
"855","19","time","org.joda.time.chrono.ZonedChronology","org.joda.time.chrono.AssembledChronology",146
"856","19","time","org.joda.time.chrono.ZonedChronology$ZonedDateTimeField","org.joda.time.DateTimeZone",216
"857","19","time","org.joda.time.DateTimeUtils","org.joda.time.DateTimeZone",138
"858","19","time","org.joda.time.DateTimeZone","org.joda.time.format.FormatUtils",47
"859","19","time","org.joda.time.DateTimeZone","org.joda.time.tz.FixedDateTimeZone",17
"860","19","time","org.joda.time.Days","org.joda.time.base.BaseSingleFieldPeriod",28
"861","19","time","org.joda.time.format.DateTimeFormat","org.joda.time.format.DateTimeFormat$StyleFormatter",8
"862","19","time","org.joda.time.format.DateTimeFormat","org.joda.time.format.DateTimeFormatterBuilder",5
"863","19","time","org.joda.time.format.DateTimeFormatter","org.joda.time.DateTimeZone",104
"864","19","time","org.joda.time.format.DateTimeFormatter","org.joda.time.format.DateTimeParserBucket",8
"865","19","time","org.joda.time.format.DateTimeFormatterBuilder$PaddedNumber","org.joda.time.format.DateTimeFormatterBuilder",81
"866","19","time","org.joda.time.format.DateTimeFormatterBuilder$TextField","org.joda.time.format.DateTimeParserBucket",41
"867","19","time","org.joda.time.format.DateTimeFormatterBuilder$TextField","org.joda.time.MutableDateTime",8
"868","19","time","org.joda.time.format.DateTimeParserBucket$SavedState","org.joda.time.format.DateTimeParserBucket",16
"869","19","time","org.joda.time.format.ISODateTimeFormat","org.joda.time.format.DateTimeFormatterBuilder",23
"870","19","time","org.joda.time.LocalDate","org.joda.time.format.ISODateTimeFormat",32
"871","19","time","org.joda.time.LocalDateTime","org.joda.time.DateTimeZone",129
"872","19","time","org.joda.time.LocalDateTime","org.joda.time.format.DateTimeFormatter",10
"873","19","time","org.joda.time.LocalTime$Property","org.joda.time.LocalTime",4
"874","19","time","org.joda.time.Minutes","org.joda.time.base.BaseSingleFieldPeriod",34
"875","19","time","org.joda.time.MutableInterval","org.joda.time.base.BaseInterval",11
"876","19","time","org.joda.time.MutablePeriod","org.joda.time.base.BasePeriod",28
"877","19","time","org.joda.time.Period","org.joda.time.base.AbstractPeriod",4
"878","19","time","org.joda.time.Period","org.joda.time.base.BasePeriod",72
"879","19","time","org.joda.time.Period","org.joda.time.PeriodType",594
"880","19","time","org.joda.time.Seconds","org.joda.time.base.BaseSingleFieldPeriod",41
"881","19","time","org.joda.time.tz.ZoneInfoCompiler","org.joda.time.DateTimeZone",251
"882","19","time","org.joda.time.Weeks","org.joda.time.base.BaseSingleFieldPeriod",35
"883","2","closure","com.google.javascript.rhino.head.IdScriptableObject","com.google.javascript.rhino.head.ScriptableObject",144
"884","2","closure","com.google.javascript.rhino.head.Interpreter","com.google.javascript.rhino.head.InterpretedFunction",1
"885","2","closure","com.google.javascript.rhino.head.Interpreter","com.google.javascript.rhino.head.ScriptableObject",71
"886","2","closure","com.google.javascript.rhino.head.IRFactory","com.google.javascript.rhino.head.Node",2
"887","2","closure","com.google.javascript.rhino.head.IRFactory","com.google.javascript.rhino.head.Parser",37
"888","2","closure","com.google.javascript.rhino.head.NativeArray","com.google.javascript.rhino.head.ScriptableObject",9
"889","2","closure","com.google.javascript.rhino.head.NativeArray","com.google.javascript.rhino.head.ScriptRuntime",48
"890","2","closure","com.google.javascript.rhino.head.NativeObject","com.google.javascript.rhino.head.ScriptableObject",17
"891","2","closure","com.google.javascript.rhino.jstype.JSType","com.google.javascript.rhino.jstype.ProxyObjectType",2
"892","2","closure","com.google.javascript.rhino.jstype.JSType","com.google.javascript.rhino.jstype.UnionType",79
"893","2","closure","com.google.javascript.rhino.jstype.PrototypeObjectType","com.google.javascript.rhino.jstype.JSType",113
"894","2","lang","org.apache.commons.lang3.builder.ReflectionToStringBuilder","org.apache.commons.lang3.builder.ToStringBuilder",1
"895","2","lang","org.apache.commons.lang3.builder.ToStringBuilder","org.apache.commons.lang3.builder.ToStringStyle",75
"896","2","lang","org.apache.commons.lang3.concurrent.MultiBackgroundInitializer","org.apache.commons.lang3.concurrent.BackgroundInitializer",10
"897","2","lang","org.apache.commons.lang3.text.StrSubstitutor","org.apache.commons.lang3.text.StrBuilder",38
"898","2","lang","org.apache.commons.lang3.text.StrTokenizer","org.apache.commons.lang3.text.StrMatcher",7
"899","2","lang","org.apache.commons.lang3.text.translate.UnicodeEscaper","org.apache.commons.lang3.text.translate.CharSequenceTranslator",1
"900","2","lang","org.apache.commons.lang3.time.DurationFormatUtils","org.apache.commons.lang3.time.DurationFormatUtils$Token",17
"901","2","math","org.apache.commons.math.analysis.LaguerreSolver","org.apache.commons.math.complex.Complex",32
"902","2","math","org.apache.commons.math.analysis.MullerSolver","org.apache.commons.math.analysis.UnivariateRealSolverImpl",95
"903","2","math","org.apache.commons.math.geometry.Rotation","org.apache.commons.math.geometry.Vector3D",17
"904","2","math","org.apache.commons.math.linear.MatrixUtils","org.apache.commons.math.linear.BigMatrixImpl",1
"905","2","math","org.apache.commons.math.ode.AbstractStepInterpolator","org.apache.commons.math.ode.DormandPrince853StepInterpolator",65
"906","2","math","org.apache.commons.math.ode.ContinuousOutputModel","org.apache.commons.math.ode.AbstractStepInterpolator",35
"907","2","math","org.apache.commons.math.ode.EmbeddedRungeKuttaIntegrator","org.apache.commons.math.ode.DormandPrince853Integrator",9
"908","2","math","org.apache.commons.math.ode.EmbeddedRungeKuttaIntegrator","org.apache.commons.math.ode.HighamHall54Integrator",11
"909","2","math","org.apache.commons.math.ode.GraggBulirschStoerIntegrator","org.apache.commons.math.ode.AdaptiveStepsizeIntegrator",46
"910","2","math","org.apache.commons.math.ode.GraggBulirschStoerIntegrator","org.apache.commons.math.ode.SwitchingFunctionsHandler",5
"911","2","math","org.apache.commons.math.ode.GraggBulirschStoerStepInterpolator","org.apache.commons.math.ode.AbstractStepInterpolator",15
"912","2","math","org.apache.commons.math.ode.SwitchingFunctionsHandler","org.apache.commons.math.ode.SwitchState",64
"913","2","math","org.apache.commons.math.ode.SwitchState","org.apache.commons.math.analysis.BrentSolver",16
"914","2","math","org.apache.commons.math.optimization.NelderMead","org.apache.commons.math.optimization.DirectSearchOptimizer",65
"915","2","math","org.apache.commons.math.stat.descriptive.AbstractStorelessUnivariateStatistic","org.apache.commons.math.stat.descriptive.moment.Variance",3
"916","2","math","org.apache.commons.math.transform.FastFourierTransformer","org.apache.commons.math.complex.Complex",25
"917","2","mockito","org.mockito.asm.AnnotationWriter","org.mockito.asm.ClassWriter",65
"918","2","mockito","org.mockito.asm.MethodWriter","org.mockito.asm.ByteVector",29
"919","2","mockito","org.mockito.asm.tree.analysis.BasicVerifier","org.mockito.asm.tree.analysis.BasicInterpreter",6
"920","2","mockito","org.mockito.cglib.core.CodeEmitter","org.mockito.cglib.core.TypeUtils",74
"921","2","mockito","org.mockito.cglib.core.EmitUtils","org.mockito.cglib.core.CodeEmitter",73
"922","2","mockito","org.mockito.cglib.proxy.Enhancer","org.mockito.cglib.core.CodeEmitter",240
"923","2","mockito","org.mockito.cglib.proxy.Enhancer","org.mockito.cglib.core.ReflectUtils",48
"924","2","time","org.joda.time.base.AbstractPartial","org.joda.time.MonthDay",24
"925","2","time","org.joda.time.base.AbstractPartial","org.joda.time.YearMonth",11
"926","2","time","org.joda.time.base.BasePeriod","org.joda.time.base.AbstractPeriod",80
"927","2","time","org.joda.time.chrono.BasicChronology","org.joda.time.chrono.CopticChronology",18
"928","2","time","org.joda.time.chrono.BasicChronology","org.joda.time.chrono.IslamicChronology",55
"929","2","time","org.joda.time.chrono.BasicWeekyearDateTimeField","org.joda.time.chrono.BasicChronology",172
"930","2","time","org.joda.time.chrono.CopticChronology","org.joda.time.DateTimeZone",179
"931","2","time","org.joda.time.chrono.GJChronology","org.joda.time.chrono.GJChronology$CutoverField",23
"932","2","time","org.joda.time.chrono.GJChronology","org.joda.time.chrono.JulianChronology",15
"933","2","time","org.joda.time.chrono.ISOChronology","org.joda.time.chrono.AssembledChronology",38
"934","2","time","org.joda.time.chrono.ZonedChronology","org.joda.time.chrono.AssembledChronology",62
"935","2","time","org.joda.time.chrono.ZonedChronology","org.joda.time.DateTimeZone",175
"936","2","time","org.joda.time.chrono.ZonedChronology$ZonedDateTimeField","org.joda.time.DateTimeZone",173
"937","2","time","org.joda.time.DateTimeUtils","org.joda.time.DateTimeZone",203
"938","2","time","org.joda.time.DateTimeZone","org.joda.time.format.DateTimeFormat",146
"939","2","time","org.joda.time.DateTimeZone","org.joda.time.format.FormatUtils",49
"940","2","time","org.joda.time.DateTimeZone","org.joda.time.tz.FixedDateTimeZone",20
"941","2","time","org.joda.time.Days","org.joda.time.base.BaseSingleFieldPeriod",27
"942","2","time","org.joda.time.format.DateTimeFormat","org.joda.time.format.DateTimeFormat$StyleFormatter",22
"943","2","time","org.joda.time.format.DateTimeFormat","org.joda.time.format.DateTimeFormatterBuilder",3
"944","2","time","org.joda.time.format.DateTimeFormatter","org.joda.time.DateTimeZone",131
"945","2","time","org.joda.time.format.DateTimeFormatter","org.joda.time.format.DateTimeParserBucket",31
"946","2","time","org.joda.time.format.DateTimeFormatterBuilder$PaddedNumber","org.joda.time.format.DateTimeFormatterBuilder",4
"947","2","time","org.joda.time.format.DateTimeFormatterBuilder$TextField","org.joda.time.format.DateTimeParserBucket",36
"948","2","time","org.joda.time.format.DateTimeFormatterBuilder$TextField","org.joda.time.MutableDateTime",1
"949","2","time","org.joda.time.format.DateTimeParserBucket$SavedState","org.joda.time.format.DateTimeParserBucket",15
"950","2","time","org.joda.time.format.ISODateTimeFormat","org.joda.time.format.DateTimeFormatterBuilder",22
"951","2","time","org.joda.time.Hours","org.joda.time.base.BaseSingleFieldPeriod",1
"952","2","time","org.joda.time.LocalDate","org.joda.time.format.ISODateTimeFormat",28
"953","2","time","org.joda.time.LocalDateTime","org.joda.time.DateTimeZone",267
"954","2","time","org.joda.time.LocalDateTime","org.joda.time.format.DateTimeFormatter",2
"955","2","time","org.joda.time.LocalTime$Property","org.joda.time.LocalTime",10
"956","2","time","org.joda.time.Minutes","org.joda.time.base.BaseSingleFieldPeriod",8
"957","2","time","org.joda.time.MutableInterval","org.joda.time.base.BaseInterval",3
"958","2","time","org.joda.time.MutablePeriod","org.joda.time.base.BasePeriod",29
"959","2","time","org.joda.time.Period","org.joda.time.base.AbstractPeriod",3
"960","2","time","org.joda.time.Period","org.joda.time.base.BasePeriod",44
"961","2","time","org.joda.time.Period","org.joda.time.PeriodType",581
"962","2","time","org.joda.time.Seconds","org.joda.time.base.BaseSingleFieldPeriod",33
"963","2","time","org.joda.time.tz.ZoneInfoCompiler","org.joda.time.DateTimeZone",275
"964","2","time","org.joda.time.Weeks","org.joda.time.base.BaseSingleFieldPeriod",37
"965","20","closure","com.google.javascript.rhino.head.IdScriptableObject","com.google.javascript.rhino.head.ScriptableObject",71
"966","20","closure","com.google.javascript.rhino.head.IRFactory","com.google.javascript.rhino.head.Parser",52
"967","20","closure","com.google.javascript.rhino.head.NativeArray","com.google.javascript.rhino.head.IdScriptableObject",9
"968","20","closure","com.google.javascript.rhino.head.NativeArray","com.google.javascript.rhino.head.ScriptableObject",28
"969","20","closure","com.google.javascript.rhino.head.regexp.NativeRegExp","com.google.javascript.rhino.head.ScriptRuntime",38
"970","20","closure","com.google.javascript.rhino.head.ScriptableObject","com.google.javascript.rhino.head.FunctionObject",20
"971","20","closure","com.google.javascript.rhino.JSDocInfoBuilder","com.google.javascript.rhino.JSDocInfo",75
"972","20","closure","com.google.javascript.rhino.jstype.JSType","com.google.javascript.rhino.jstype.ProxyObjectType",4
"973","20","closure","com.google.javascript.rhino.jstype.JSType","com.google.javascript.rhino.jstype.UnionType",5
"974","20","lang","org.apache.commons.lang3.builder.ToStringBuilder","org.apache.commons.lang3.builder.ToStringStyle",92
"975","20","lang","org.apache.commons.lang3.concurrent.MultiBackgroundInitializer","org.apache.commons.lang3.concurrent.BackgroundInitializer",7
"976","20","lang","org.apache.commons.lang3.text.StrSubstitutor","org.apache.commons.lang3.text.StrBuilder",15
"977","20","lang","org.apache.commons.lang3.text.StrTokenizer","org.apache.commons.lang3.text.StrMatcher",9
"978","20","lang","org.apache.commons.lang3.text.translate.UnicodeEscaper","org.apache.commons.lang3.text.translate.CharSequenceTranslator",1
"979","20","lang","org.apache.commons.lang3.time.DurationFormatUtils","org.apache.commons.lang3.time.DurationFormatUtils$Token",10
"980","20","math","org.apache.commons.math.analysis.LaguerreSolver","org.apache.commons.math.complex.Complex",12
"981","20","math","org.apache.commons.math.analysis.MullerSolver","org.apache.commons.math.analysis.UnivariateRealSolverImpl",103
"982","20","math","org.apache.commons.math.fraction.ProperFractionFormat","org.apache.commons.math.fraction.FractionFormat",2
"983","20","math","org.apache.commons.math.geometry.Rotation","org.apache.commons.math.geometry.Vector3D",4
"984","20","math","org.apache.commons.math.linear.MatrixUtils","org.apache.commons.math.linear.BigMatrixImpl",1
"985","20","math","org.apache.commons.math.ode.AbstractStepInterpolator","org.apache.commons.math.ode.DormandPrince853StepInterpolator",66
"986","20","math","org.apache.commons.math.ode.ContinuousOutputModel","org.apache.commons.math.ode.AbstractStepInterpolator",44
"987","20","math","org.apache.commons.math.ode.EmbeddedRungeKuttaIntegrator","org.apache.commons.math.ode.DormandPrince853Integrator",10
"988","20","math","org.apache.commons.math.ode.EmbeddedRungeKuttaIntegrator","org.apache.commons.math.ode.HighamHall54Integrator",9
"989","20","math","org.apache.commons.math.ode.GraggBulirschStoerIntegrator","org.apache.commons.math.ode.AdaptiveStepsizeIntegrator",56
"990","20","math","org.apache.commons.math.ode.GraggBulirschStoerIntegrator","org.apache.commons.math.ode.SwitchingFunctionsHandler",5
"991","20","math","org.apache.commons.math.ode.GraggBulirschStoerStepInterpolator","org.apache.commons.math.ode.AbstractStepInterpolator",34
"992","20","math","org.apache.commons.math.ode.SwitchingFunctionsHandler","org.apache.commons.math.ode.SwitchState",49
"993","20","math","org.apache.commons.math.ode.SwitchState","org.apache.commons.math.analysis.BrentSolver",49
"994","20","math","org.apache.commons.math.optimization.NelderMead","org.apache.commons.math.optimization.DirectSearchOptimizer",61
"995","20","math","org.apache.commons.math.stat.descriptive.AbstractStorelessUnivariateStatistic","org.apache.commons.math.stat.descriptive.moment.Variance",1
"996","20","math","org.apache.commons.math.transform.FastFourierTransformer","org.apache.commons.math.complex.Complex",27
"997","20","mockito","org.mockito.asm.AnnotationWriter","org.mockito.asm.ClassWriter",60
"998","20","mockito","org.mockito.asm.MethodWriter","org.mockito.asm.ByteVector",25
"999","20","mockito","org.mockito.asm.MethodWriter","org.mockito.asm.ClassWriter",11
"1000","20","mockito","org.mockito.asm.tree.analysis.BasicVerifier","org.mockito.asm.tree.analysis.BasicInterpreter",40
"1001","20","mockito","org.mockito.asm.tree.analysis.BasicVerifier","org.mockito.asm.tree.analysis.SimpleVerifier",8
"1002","20","mockito","org.mockito.cglib.core.CodeEmitter","org.mockito.cglib.core.TypeUtils",74
"1003","20","mockito","org.mockito.cglib.core.EmitUtils","org.mockito.cglib.core.CodeEmitter",45
"1004","20","mockito","org.mockito.cglib.proxy.Enhancer","org.mockito.cglib.core.CodeEmitter",240
"1005","20","mockito","org.mockito.cglib.proxy.Enhancer","org.mockito.cglib.core.ReflectUtils",48
"1006","20","mockito","org.mockito.cglib.proxy.Mixin$Generator","org.mockito.cglib.core.ReflectUtils",50
"1007","20","time","org.joda.time.base.AbstractPartial","org.joda.time.MonthDay",5
"1008","20","time","org.joda.time.base.AbstractPartial","org.joda.time.YearMonth",21
"1009","20","time","org.joda.time.base.BasePeriod","org.joda.time.base.AbstractPeriod",62
"1010","20","time","org.joda.time.chrono.BasicChronology","org.joda.time.chrono.IslamicChronology",32
"1011","20","time","org.joda.time.chrono.BasicWeekyearDateTimeField","org.joda.time.chrono.BasicChronology",139
"1012","20","time","org.joda.time.chrono.CopticChronology","org.joda.time.DateTimeZone",202
"1013","20","time","org.joda.time.chrono.GJChronology","org.joda.time.chrono.JulianChronology",13
"1014","20","time","org.joda.time.chrono.ISOChronology","org.joda.time.chrono.AssembledChronology",93
"1015","20","time","org.joda.time.chrono.ZonedChronology","org.joda.time.chrono.AssembledChronology",69
"1016","20","time","org.joda.time.chrono.ZonedChronology","org.joda.time.DateTimeZone",187
"1017","20","time","org.joda.time.chrono.ZonedChronology$ZonedDateTimeField","org.joda.time.DateTimeZone",152
"1018","20","time","org.joda.time.DateTimeUtils","org.joda.time.DateTimeZone",158
"1019","20","time","org.joda.time.DateTimeZone","org.joda.time.format.FormatUtils",36
"1020","20","time","org.joda.time.DateTimeZone","org.joda.time.tz.FixedDateTimeZone",20
"1021","20","time","org.joda.time.Days","org.joda.time.base.BaseSingleFieldPeriod",36
"1022","20","time","org.joda.time.format.DateTimeFormat","org.joda.time.format.DateTimeFormat$StyleFormatter",19
"1023","20","time","org.joda.time.format.DateTimeFormat","org.joda.time.format.DateTimeFormatterBuilder",2
"1024","20","time","org.joda.time.format.DateTimeFormatter","org.joda.time.DateTimeZone",83
"1025","20","time","org.joda.time.format.DateTimeFormatter","org.joda.time.format.DateTimeParserBucket",12
"1026","20","time","org.joda.time.format.DateTimeFormatterBuilder$PaddedNumber","org.joda.time.format.DateTimeFormatterBuilder",4
"1027","20","time","org.joda.time.format.DateTimeFormatterBuilder$TextField","org.joda.time.format.DateTimeParserBucket",12
"1028","20","time","org.joda.time.format.DateTimeParserBucket$SavedState","org.joda.time.format.DateTimeParserBucket",16
"1029","20","time","org.joda.time.format.ISODateTimeFormat","org.joda.time.format.DateTimeFormatterBuilder",23
"1030","20","time","org.joda.time.LocalDate","org.joda.time.format.ISODateTimeFormat",32
"1031","20","time","org.joda.time.LocalDateTime","org.joda.time.format.DateTimeFormatter",6
"1032","20","time","org.joda.time.Minutes","org.joda.time.base.BaseSingleFieldPeriod",12
"1033","20","time","org.joda.time.MutableInterval","org.joda.time.base.BaseInterval",1
"1034","20","time","org.joda.time.MutablePeriod","org.joda.time.base.BasePeriod",27
"1035","20","time","org.joda.time.Period","org.joda.time.base.AbstractPeriod",6
"1036","20","time","org.joda.time.Period","org.joda.time.base.BasePeriod",65
"1037","20","time","org.joda.time.Period","org.joda.time.PeriodType",571
"1038","20","time","org.joda.time.Seconds","org.joda.time.base.BaseSingleFieldPeriod",30
"1039","20","time","org.joda.time.tz.ZoneInfoCompiler","org.joda.time.DateTimeZone",171
"1040","20","time","org.joda.time.Weeks","org.joda.time.base.BaseSingleFieldPeriod",19
"1041","3","closure","com.google.javascript.jscomp.NodeUtil","com.google.javascript.rhino.Node",25
"1042","3","closure","com.google.javascript.rhino.head.IdScriptableObject","com.google.javascript.rhino.head.ScriptableObject",203
"1043","3","closure","com.google.javascript.rhino.head.Interpreter","com.google.javascript.rhino.head.ScriptableObject",33
"1044","3","closure","com.google.javascript.rhino.head.IRFactory","com.google.javascript.rhino.head.Parser",32
"1045","3","closure","com.google.javascript.rhino.head.Parser","com.google.javascript.rhino.head.CompilerEnvirons",2
"1046","3","closure","com.google.javascript.rhino.head.ScriptRuntime","com.google.javascript.rhino.head.ScriptableObject",127
"1047","3","closure","com.google.javascript.rhino.head.tools.debugger.Dim","com.google.javascript.rhino.head.ScriptRuntime",42
"1048","3","closure","com.google.javascript.rhino.head.tools.shell.Global","com.google.javascript.rhino.head.ScriptRuntime",31
"1049","3","closure","com.google.javascript.rhino.JSDocInfoBuilder","com.google.javascript.rhino.JSDocInfo",85
"1050","3","closure","com.google.javascript.rhino.jstype.JSType","com.google.javascript.rhino.jstype.ProxyObjectType",2
"1051","3","closure","com.google.javascript.rhino.jstype.JSType","com.google.javascript.rhino.jstype.UnionType",49
"1052","3","lang","org.apache.commons.lang3.builder.ReflectionToStringBuilder","org.apache.commons.lang3.builder.ToStringBuilder",1
"1053","3","lang","org.apache.commons.lang3.builder.ToStringBuilder","org.apache.commons.lang3.builder.ToStringStyle",30
"1054","3","lang","org.apache.commons.lang3.concurrent.MultiBackgroundInitializer","org.apache.commons.lang3.concurrent.BackgroundInitializer",7
"1055","3","lang","org.apache.commons.lang3.text.StrBuilder$StrBuilderReader","org.apache.commons.lang3.text.StrBuilder",8
"1056","3","lang","org.apache.commons.lang3.text.StrSubstitutor","org.apache.commons.lang3.text.StrBuilder",30
"1057","3","lang","org.apache.commons.lang3.text.StrTokenizer","org.apache.commons.lang3.text.StrMatcher",9
"1058","3","lang","org.apache.commons.lang3.text.translate.UnicodeEscaper","org.apache.commons.lang3.text.translate.CharSequenceTranslator",1
"1059","3","lang","org.apache.commons.lang3.time.DurationFormatUtils","org.apache.commons.lang3.time.DurationFormatUtils$Token",5
"1060","3","math","org.apache.commons.math.analysis.LaguerreSolver","org.apache.commons.math.complex.Complex",66
"1061","3","math","org.apache.commons.math.analysis.MullerSolver","org.apache.commons.math.analysis.UnivariateRealSolverImpl",104
"1062","3","math","org.apache.commons.math.fraction.ProperFractionFormat","org.apache.commons.math.fraction.FractionFormat",2
"1063","3","math","org.apache.commons.math.geometry.Rotation","org.apache.commons.math.geometry.Vector3D",15
"1064","3","math","org.apache.commons.math.linear.MatrixUtils","org.apache.commons.math.linear.BigMatrixImpl",1
"1065","3","math","org.apache.commons.math.ode.AbstractStepInterpolator","org.apache.commons.math.ode.DormandPrince853StepInterpolator",64
"1066","3","math","org.apache.commons.math.ode.ContinuousOutputModel","org.apache.commons.math.ode.AbstractStepInterpolator",47
"1067","3","math","org.apache.commons.math.ode.EmbeddedRungeKuttaIntegrator","org.apache.commons.math.ode.DormandPrince853Integrator",8
"1068","3","math","org.apache.commons.math.ode.EmbeddedRungeKuttaIntegrator","org.apache.commons.math.ode.HighamHall54Integrator",8
"1069","3","math","org.apache.commons.math.ode.GraggBulirschStoerIntegrator","org.apache.commons.math.ode.AdaptiveStepsizeIntegrator",59
"1070","3","math","org.apache.commons.math.ode.GraggBulirschStoerIntegrator","org.apache.commons.math.ode.SwitchingFunctionsHandler",21
"1071","3","math","org.apache.commons.math.ode.GraggBulirschStoerStepInterpolator","org.apache.commons.math.ode.AbstractStepInterpolator",37
"1072","3","math","org.apache.commons.math.ode.SwitchingFunctionsHandler","org.apache.commons.math.ode.SwitchState",52
"1073","3","math","org.apache.commons.math.ode.SwitchState","org.apache.commons.math.analysis.BrentSolver",34
"1074","3","math","org.apache.commons.math.optimization.NelderMead","org.apache.commons.math.optimization.DirectSearchOptimizer",79
"1075","3","math","org.apache.commons.math.stat.descriptive.AbstractStorelessUnivariateStatistic","org.apache.commons.math.stat.descriptive.moment.Variance",2
"1076","3","math","org.apache.commons.math.transform.FastFourierTransformer","org.apache.commons.math.complex.Complex",31
"1077","3","mockito","org.mockito.asm.AnnotationWriter","org.mockito.asm.ClassWriter",82
"1078","3","mockito","org.mockito.asm.MethodWriter","org.mockito.asm.ByteVector",38
"1079","3","mockito","org.mockito.asm.MethodWriter","org.mockito.asm.ClassWriter",18
"1080","3","mockito","org.mockito.asm.tree.analysis.BasicVerifier","org.mockito.asm.tree.analysis.BasicInterpreter",29
"1081","3","mockito","org.mockito.asm.tree.analysis.BasicVerifier","org.mockito.asm.tree.analysis.SimpleVerifier",1
"1082","3","mockito","org.mockito.cglib.core.ClassEmitter","org.mockito.cglib.transform.impl.InterceptFieldTransformer",5
"1083","3","mockito","org.mockito.cglib.core.CodeEmitter","org.mockito.cglib.core.TypeUtils",73
"1084","3","mockito","org.mockito.cglib.core.EmitUtils","org.mockito.cglib.core.CodeEmitter",57
"1085","3","mockito","org.mockito.cglib.proxy.Enhancer","org.mockito.cglib.core.ReflectUtils",48
"1086","3","time","org.joda.time.base.AbstractPartial","org.joda.time.MonthDay",11
"1087","3","time","org.joda.time.base.AbstractPartial","org.joda.time.YearMonth",13
"1088","3","time","org.joda.time.base.BasePeriod","org.joda.time.base.AbstractPeriod",52
"1089","3","time","org.joda.time.chrono.BasicChronology","org.joda.time.chrono.CopticChronology",62
"1090","3","time","org.joda.time.chrono.BasicChronology","org.joda.time.chrono.IslamicChronology",61
"1091","3","time","org.joda.time.chrono.BasicWeekyearDateTimeField","org.joda.time.chrono.BasicChronology",233
"1092","3","time","org.joda.time.chrono.CopticChronology","org.joda.time.DateTimeZone",169
"1093","3","time","org.joda.time.chrono.GJChronology","org.joda.time.chrono.GJChronology$CutoverField",54
"1094","3","time","org.joda.time.chrono.GJChronology","org.joda.time.chrono.JulianChronology",2
"1095","3","time","org.joda.time.chrono.ISOChronology","org.joda.time.chrono.AssembledChronology",59
"1096","3","time","org.joda.time.chrono.ISOChronology","org.joda.time.DateTimeZone",226
"1097","3","time","org.joda.time.chrono.ZonedChronology","org.joda.time.chrono.AssembledChronology",67
"1098","3","time","org.joda.time.chrono.ZonedChronology","org.joda.time.DateTimeZone",181
"1099","3","time","org.joda.time.chrono.ZonedChronology$ZonedDateTimeField","org.joda.time.DateTimeZone",155
"1100","3","time","org.joda.time.DateTimeUtils","org.joda.time.DateTimeZone",183
"1101","3","time","org.joda.time.DateTimeZone","org.joda.time.tz.FixedDateTimeZone",20
"1102","3","time","org.joda.time.format.DateTimeFormat","org.joda.time.format.DateTimeFormat$StyleFormatter",16
"1103","3","time","org.joda.time.format.DateTimeFormatter","org.joda.time.DateTimeZone",112
"1104","3","time","org.joda.time.format.DateTimeFormatter","org.joda.time.format.DateTimeParserBucket",60
"1105","3","time","org.joda.time.format.DateTimeFormatterBuilder$PaddedNumber","org.joda.time.format.DateTimeFormatterBuilder",4
"1106","3","time","org.joda.time.format.DateTimeFormatterBuilder$TextField","org.joda.time.format.DateTimeParserBucket",56
"1107","3","time","org.joda.time.format.DateTimeParserBucket$SavedState","org.joda.time.format.DateTimeParserBucket",16
"1108","3","time","org.joda.time.format.ISODateTimeFormat","org.joda.time.format.DateTimeFormatterBuilder",23
"1109","3","time","org.joda.time.LocalDate","org.joda.time.format.ISODateTimeFormat",31
"1110","3","time","org.joda.time.LocalDateTime","org.joda.time.DateTimeZone",287
"1111","3","time","org.joda.time.LocalDateTime","org.joda.time.format.DateTimeFormatter",1
"1112","3","time","org.joda.time.Minutes","org.joda.time.base.BaseSingleFieldPeriod",35
"1113","3","time","org.joda.time.MutableInterval","org.joda.time.base.BaseInterval",11
"1114","3","time","org.joda.time.MutablePeriod","org.joda.time.base.BasePeriod",30
"1115","3","time","org.joda.time.Period","org.joda.time.base.BasePeriod",70
"1116","3","time","org.joda.time.Period","org.joda.time.PeriodType",572
"1117","3","time","org.joda.time.Seconds","org.joda.time.base.BaseSingleFieldPeriod",35
"1118","3","time","org.joda.time.tz.ZoneInfoCompiler","org.joda.time.DateTimeZone",195
"1119","3","time","org.joda.time.Weeks","org.joda.time.base.BaseSingleFieldPeriod",33
"1120","4","closure","com.google.javascript.rhino.head.IdScriptableObject","com.google.javascript.rhino.head.ScriptableObject",149
"1121","4","closure","com.google.javascript.rhino.head.Interpreter","com.google.javascript.rhino.head.InterpretedFunction",1
"1122","4","closure","com.google.javascript.rhino.head.IRFactory","com.google.javascript.rhino.head.Node",3
"1123","4","closure","com.google.javascript.rhino.head.IRFactory","com.google.javascript.rhino.head.Parser",55
"1124","4","closure","com.google.javascript.rhino.head.NativeArray","com.google.javascript.rhino.head.ScriptableObject",41
"1125","4","closure","com.google.javascript.rhino.head.NativeObject","com.google.javascript.rhino.head.ScriptableObject",43
"1126","4","closure","com.google.javascript.rhino.head.ScriptableObject","com.google.javascript.rhino.head.FunctionObject",15
"1127","4","closure","com.google.javascript.rhino.head.tools.debugger.Dim","com.google.javascript.rhino.head.ScriptRuntime",30
"1128","4","closure","com.google.javascript.rhino.head.tools.shell.Global","com.google.javascript.rhino.head.ScriptRuntime",21
"1129","4","closure","com.google.javascript.rhino.jstype.JSType","com.google.javascript.rhino.jstype.ProxyObjectType",2
"1130","4","lang","org.apache.commons.lang3.builder.ReflectionToStringBuilder","org.apache.commons.lang3.builder.ToStringBuilder",1
"1131","4","lang","org.apache.commons.lang3.builder.ToStringBuilder","org.apache.commons.lang3.builder.ToStringStyle",82
"1132","4","lang","org.apache.commons.lang3.concurrent.MultiBackgroundInitializer","org.apache.commons.lang3.concurrent.BackgroundInitializer",4
"1133","4","lang","org.apache.commons.lang3.text.StrBuilder$StrBuilderReader","org.apache.commons.lang3.text.StrBuilder",3
"1134","4","lang","org.apache.commons.lang3.text.StrSubstitutor","org.apache.commons.lang3.text.StrBuilder",24
"1135","4","lang","org.apache.commons.lang3.text.StrTokenizer","org.apache.commons.lang3.text.StrMatcher",7
"1136","4","lang","org.apache.commons.lang3.time.DurationFormatUtils","org.apache.commons.lang3.time.DurationFormatUtils$Token",5
"1137","4","math","org.apache.commons.math.analysis.LaguerreSolver","org.apache.commons.math.complex.Complex",8
"1138","4","math","org.apache.commons.math.analysis.MullerSolver","org.apache.commons.math.analysis.UnivariateRealSolverImpl",99
"1139","4","math","org.apache.commons.math.geometry.Rotation","org.apache.commons.math.geometry.Vector3D",16
"1140","4","math","org.apache.commons.math.linear.MatrixUtils","org.apache.commons.math.linear.BigMatrixImpl",1
"1141","4","math","org.apache.commons.math.ode.AbstractStepInterpolator","org.apache.commons.math.ode.DormandPrince853StepInterpolator",64
"1142","4","math","org.apache.commons.math.ode.ContinuousOutputModel","org.apache.commons.math.ode.AbstractStepInterpolator",47
"1143","4","math","org.apache.commons.math.ode.EmbeddedRungeKuttaIntegrator","org.apache.commons.math.ode.DormandPrince853Integrator",10
"1144","4","math","org.apache.commons.math.ode.EmbeddedRungeKuttaIntegrator","org.apache.commons.math.ode.HighamHall54Integrator",7
"1145","4","math","org.apache.commons.math.ode.GraggBulirschStoerIntegrator","org.apache.commons.math.ode.AdaptiveStepsizeIntegrator",53
"1146","4","math","org.apache.commons.math.ode.GraggBulirschStoerIntegrator","org.apache.commons.math.ode.SwitchingFunctionsHandler",2
"1147","4","math","org.apache.commons.math.ode.GraggBulirschStoerStepInterpolator","org.apache.commons.math.ode.AbstractStepInterpolator",45
"1148","4","math","org.apache.commons.math.ode.SwitchingFunctionsHandler","org.apache.commons.math.ode.SwitchState",63
"1149","4","math","org.apache.commons.math.ode.SwitchState","org.apache.commons.math.analysis.BrentSolver",60
"1150","4","math","org.apache.commons.math.optimization.NelderMead","org.apache.commons.math.optimization.DirectSearchOptimizer",80
"1151","4","math","org.apache.commons.math.stat.descriptive.AbstractStorelessUnivariateStatistic","org.apache.commons.math.stat.descriptive.moment.Variance",3
"1152","4","math","org.apache.commons.math.stat.inference.TTestImpl","org.apache.commons.math.stat.StatUtils",2
"1153","4","math","org.apache.commons.math.transform.FastFourierTransformer","org.apache.commons.math.complex.Complex",27
"1154","4","mockito","org.mockito.asm.AnnotationWriter","org.mockito.asm.ClassWriter",63
"1155","4","mockito","org.mockito.asm.MethodWriter","org.mockito.asm.ByteVector",53
"1156","4","mockito","org.mockito.asm.MethodWriter","org.mockito.asm.ClassWriter",28
"1157","4","mockito","org.mockito.asm.tree.analysis.BasicVerifier","org.mockito.asm.tree.analysis.BasicInterpreter",27
"1158","4","mockito","org.mockito.cglib.core.CodeEmitter","org.mockito.cglib.core.TypeUtils",70
"1159","4","mockito","org.mockito.cglib.core.EmitUtils","org.mockito.cglib.core.CodeEmitter",113
"1160","4","mockito","org.mockito.cglib.proxy.Enhancer","org.mockito.cglib.core.CodeEmitter",240
"1161","4","mockito","org.mockito.cglib.proxy.Enhancer","org.mockito.cglib.core.ReflectUtils",48
"1162","4","mockito","org.mockito.cglib.proxy.Mixin$Generator","org.mockito.cglib.core.ReflectUtils",47
"1163","4","time","org.joda.time.base.AbstractPartial","org.joda.time.MonthDay",11
"1164","4","time","org.joda.time.base.AbstractPartial","org.joda.time.YearMonth",5
"1165","4","time","org.joda.time.base.BasePeriod","org.joda.time.base.AbstractPeriod",70
"1166","4","time","org.joda.time.chrono.BasicChronology","org.joda.time.chrono.EthiopicChronology",1
"1167","4","time","org.joda.time.chrono.BasicChronology","org.joda.time.chrono.IslamicChronology",31
"1168","4","time","org.joda.time.chrono.BasicWeekyearDateTimeField","org.joda.time.chrono.BasicChronology",424
"1169","4","time","org.joda.time.chrono.CopticChronology","org.joda.time.DateTimeZone",218
"1170","4","time","org.joda.time.chrono.GJChronology","org.joda.time.chrono.GJChronology$CutoverField",50
"1171","4","time","org.joda.time.chrono.GJChronology","org.joda.time.chrono.JulianChronology",32
"1172","4","time","org.joda.time.chrono.ISOChronology","org.joda.time.chrono.AssembledChronology",40
"1173","4","time","org.joda.time.chrono.ISOChronology","org.joda.time.DateTimeZone",344
"1174","4","time","org.joda.time.chrono.ZonedChronology","org.joda.time.chrono.AssembledChronology",151
"1175","4","time","org.joda.time.chrono.ZonedChronology","org.joda.time.DateTimeZone",192
"1176","4","time","org.joda.time.chrono.ZonedChronology$ZonedDateTimeField","org.joda.time.DateTimeZone",177
"1177","4","time","org.joda.time.DateTimeUtils","org.joda.time.DateTimeZone",137
"1178","4","time","org.joda.time.DateTimeZone","org.joda.time.format.DateTimeFormat",131
"1179","4","time","org.joda.time.DateTimeZone","org.joda.time.format.FormatUtils",46
"1180","4","time","org.joda.time.DateTimeZone","org.joda.time.tz.FixedDateTimeZone",10
"1181","4","time","org.joda.time.Days","org.joda.time.base.BaseSingleFieldPeriod",29
"1182","4","time","org.joda.time.format.DateTimeFormat","org.joda.time.format.DateTimeFormat$StyleFormatter",9
"1183","4","time","org.joda.time.format.DateTimeFormatter","org.joda.time.DateTimeZone",105
"1184","4","time","org.joda.time.format.DateTimeFormatter","org.joda.time.format.DateTimeParserBucket",19
"1185","4","time","org.joda.time.format.DateTimeFormatterBuilder$PaddedNumber","org.joda.time.format.DateTimeFormatterBuilder",7
"1186","4","time","org.joda.time.format.DateTimeFormatterBuilder$TextField","org.joda.time.format.DateTimeParserBucket",39
"1187","4","time","org.joda.time.format.DateTimeFormatterBuilder$TextField","org.joda.time.MutableDateTime",15
"1188","4","time","org.joda.time.format.DateTimeParserBucket$SavedState","org.joda.time.format.DateTimeParserBucket",16
"1189","4","time","org.joda.time.format.ISODateTimeFormat","org.joda.time.format.DateTimeFormatterBuilder",23
"1190","4","time","org.joda.time.Hours","org.joda.time.base.BaseSingleFieldPeriod",24
"1191","4","time","org.joda.time.LocalDate","org.joda.time.format.ISODateTimeFormat",33
"1192","4","time","org.joda.time.LocalDateTime","org.joda.time.DateTimeZone",162
"1193","4","time","org.joda.time.LocalDateTime","org.joda.time.format.DateTimeFormatter",10
"1194","4","time","org.joda.time.LocalTime$Property","org.joda.time.LocalTime",4
"1195","4","time","org.joda.time.Minutes","org.joda.time.base.BaseSingleFieldPeriod",35
"1196","4","time","org.joda.time.MutableInterval","org.joda.time.base.BaseInterval",10
"1197","4","time","org.joda.time.MutablePeriod","org.joda.time.base.BasePeriod",30
"1198","4","time","org.joda.time.Period","org.joda.time.base.AbstractPeriod",5
"1199","4","time","org.joda.time.Period","org.joda.time.base.BasePeriod",71
"1200","4","time","org.joda.time.Period","org.joda.time.PeriodType",4
"1201","4","time","org.joda.time.Seconds","org.joda.time.base.BaseSingleFieldPeriod",37
"1202","4","time","org.joda.time.tz.ZoneInfoCompiler","org.joda.time.DateTimeZone",315
"1203","4","time","org.joda.time.Weeks","org.joda.time.base.BaseSingleFieldPeriod",32
"1204","5","closure","com.google.javascript.jscomp.NodeUtil","com.google.javascript.rhino.Node",12
"1205","5","closure","com.google.javascript.rhino.head.Interpreter","com.google.javascript.rhino.head.ScriptableObject",242
"1206","5","closure","com.google.javascript.rhino.head.IRFactory","com.google.javascript.rhino.head.Parser",135
"1207","5","closure","com.google.javascript.rhino.head.NativeArray","com.google.javascript.rhino.head.IdScriptableObject",12
"1208","5","closure","com.google.javascript.rhino.head.NativeArray","com.google.javascript.rhino.head.ScriptRuntime",63
"1209","5","closure","com.google.javascript.rhino.head.NativeObject","com.google.javascript.rhino.head.ScriptableObject",116
"1210","5","closure","com.google.javascript.rhino.head.ScriptRuntime","com.google.javascript.rhino.head.ScriptableObject",136
"1211","5","closure","com.google.javascript.rhino.head.tools.debugger.Dim","com.google.javascript.rhino.head.ScriptRuntime",9
"1212","5","closure","com.google.javascript.rhino.head.tools.shell.Global","com.google.javascript.rhino.head.ScriptRuntime",11
"1213","5","lang","org.apache.commons.lang3.builder.ReflectionToStringBuilder","org.apache.commons.lang3.builder.ToStringBuilder",1
"1214","5","lang","org.apache.commons.lang3.builder.ToStringBuilder","org.apache.commons.lang3.builder.ToStringStyle",18
"1215","5","lang","org.apache.commons.lang3.concurrent.MultiBackgroundInitializer","org.apache.commons.lang3.concurrent.BackgroundInitializer",4
"1216","5","lang","org.apache.commons.lang3.text.StrBuilder$StrBuilderReader","org.apache.commons.lang3.text.StrBuilder",7
"1217","5","lang","org.apache.commons.lang3.text.StrSubstitutor","org.apache.commons.lang3.text.StrBuilder",32
"1218","5","lang","org.apache.commons.lang3.text.StrTokenizer","org.apache.commons.lang3.text.StrMatcher",18
"1219","5","lang","org.apache.commons.lang3.text.translate.UnicodeEscaper","org.apache.commons.lang3.text.translate.CharSequenceTranslator",1
"1220","5","lang","org.apache.commons.lang3.time.DurationFormatUtils","org.apache.commons.lang3.time.DurationFormatUtils$Token",5
"1221","5","math","org.apache.commons.math.analysis.LaguerreSolver","org.apache.commons.math.complex.Complex",53
"1222","5","math","org.apache.commons.math.analysis.MullerSolver","org.apache.commons.math.analysis.UnivariateRealSolverImpl",100
"1223","5","math","org.apache.commons.math.geometry.Rotation","org.apache.commons.math.geometry.Vector3D",8
"1224","5","math","org.apache.commons.math.linear.MatrixUtils","org.apache.commons.math.linear.BigMatrixImpl",1
"1225","5","math","org.apache.commons.math.ode.AbstractStepInterpolator","org.apache.commons.math.ode.DormandPrince853StepInterpolator",81
"1226","5","math","org.apache.commons.math.ode.ContinuousOutputModel","org.apache.commons.math.ode.AbstractStepInterpolator",36
"1227","5","math","org.apache.commons.math.ode.EmbeddedRungeKuttaIntegrator","org.apache.commons.math.ode.DormandPrince853Integrator",12
"1228","5","math","org.apache.commons.math.ode.EmbeddedRungeKuttaIntegrator","org.apache.commons.math.ode.HighamHall54Integrator",6
"1229","5","math","org.apache.commons.math.ode.GraggBulirschStoerIntegrator","org.apache.commons.math.ode.AdaptiveStepsizeIntegrator",53
"1230","5","math","org.apache.commons.math.ode.GraggBulirschStoerStepInterpolator","org.apache.commons.math.ode.AbstractStepInterpolator",16
"1231","5","math","org.apache.commons.math.ode.SwitchingFunctionsHandler","org.apache.commons.math.ode.SwitchState",68
"1232","5","math","org.apache.commons.math.ode.SwitchState","org.apache.commons.math.analysis.BrentSolver",57
"1233","5","math","org.apache.commons.math.optimization.NelderMead","org.apache.commons.math.optimization.DirectSearchOptimizer",50
"1234","5","math","org.apache.commons.math.stat.descriptive.AbstractStorelessUnivariateStatistic","org.apache.commons.math.stat.descriptive.moment.Variance",2
"1235","5","math","org.apache.commons.math.transform.FastFourierTransformer","org.apache.commons.math.complex.Complex",32
"1236","5","mockito","org.mockito.asm.AnnotationWriter","org.mockito.asm.ClassWriter",60
"1237","5","mockito","org.mockito.asm.MethodWriter","org.mockito.asm.ByteVector",37
"1238","5","mockito","org.mockito.asm.MethodWriter","org.mockito.asm.ClassWriter",11
"1239","5","mockito","org.mockito.asm.tree.analysis.BasicVerifier","org.mockito.asm.tree.analysis.BasicInterpreter",9
"1240","5","mockito","org.mockito.asm.tree.analysis.BasicVerifier","org.mockito.asm.tree.analysis.SimpleVerifier",18
"1241","5","mockito","org.mockito.cglib.core.CodeEmitter","org.mockito.cglib.core.TypeUtils",68
"1242","5","mockito","org.mockito.cglib.core.EmitUtils","org.mockito.cglib.core.CodeEmitter",101
"1243","5","mockito","org.mockito.cglib.proxy.Enhancer","org.mockito.cglib.core.ReflectUtils",48
"1244","5","mockito","org.mockito.cglib.proxy.Mixin$Generator","org.mockito.cglib.core.ReflectUtils",49
"1245","5","time","org.joda.time.base.AbstractPartial","org.joda.time.YearMonth",19
"1246","5","time","org.joda.time.base.BasePeriod","org.joda.time.base.AbstractPeriod",87
"1247","5","time","org.joda.time.chrono.BasicChronology","org.joda.time.chrono.CopticChronology",65
"1248","5","time","org.joda.time.chrono.BasicChronology","org.joda.time.chrono.IslamicChronology",79
"1249","5","time","org.joda.time.chrono.BasicWeekyearDateTimeField","org.joda.time.chrono.BasicChronology",167
"1250","5","time","org.joda.time.chrono.CopticChronology","org.joda.time.DateTimeZone",181
"1251","5","time","org.joda.time.chrono.GJChronology","org.joda.time.chrono.GJChronology$CutoverField",28
"1252","5","time","org.joda.time.chrono.GJChronology","org.joda.time.chrono.JulianChronology",12
"1253","5","time","org.joda.time.chrono.ISOChronology","org.joda.time.chrono.AssembledChronology",25
"1254","5","time","org.joda.time.chrono.ISOChronology","org.joda.time.DateTimeZone",213
"1255","5","time","org.joda.time.chrono.ZonedChronology","org.joda.time.chrono.AssembledChronology",135
"1256","5","time","org.joda.time.chrono.ZonedChronology","org.joda.time.DateTimeZone",201
"1257","5","time","org.joda.time.chrono.ZonedChronology$ZonedDateTimeField","org.joda.time.DateTimeZone",174
"1258","5","time","org.joda.time.DateTimeUtils","org.joda.time.DateTimeZone",41
"1259","5","time","org.joda.time.DateTimeZone","org.joda.time.format.DateTimeFormat",147
"1260","5","time","org.joda.time.DateTimeZone","org.joda.time.format.FormatUtils",64
"1261","5","time","org.joda.time.DateTimeZone","org.joda.time.tz.FixedDateTimeZone",10
"1262","5","time","org.joda.time.Days","org.joda.time.base.BaseSingleFieldPeriod",29
"1263","5","time","org.joda.time.format.DateTimeFormat","org.joda.time.format.DateTimeFormat$StyleFormatter",8
"1264","5","time","org.joda.time.format.DateTimeFormat","org.joda.time.format.DateTimeFormatterBuilder",8
"1265","5","time","org.joda.time.format.DateTimeFormatter","org.joda.time.DateTimeZone",119
"1266","5","time","org.joda.time.format.DateTimeFormatter","org.joda.time.format.DateTimeParserBucket",33
"1267","5","time","org.joda.time.format.DateTimeFormatterBuilder$PaddedNumber","org.joda.time.format.DateTimeFormatterBuilder",3
"1268","5","time","org.joda.time.format.DateTimeFormatterBuilder$TextField","org.joda.time.format.DateTimeParserBucket",41
"1269","5","time","org.joda.time.format.DateTimeFormatterBuilder$TextField","org.joda.time.MutableDateTime",1
"1270","5","time","org.joda.time.format.DateTimeParserBucket$SavedState","org.joda.time.format.DateTimeParserBucket",15
"1271","5","time","org.joda.time.format.ISODateTimeFormat","org.joda.time.format.DateTimeFormatterBuilder",23
"1272","5","time","org.joda.time.Hours","org.joda.time.base.BaseSingleFieldPeriod",1
"1273","5","time","org.joda.time.LocalDate","org.joda.time.DateTime",2
"1274","5","time","org.joda.time.LocalDate","org.joda.time.format.ISODateTimeFormat",37
"1275","5","time","org.joda.time.LocalDateTime","org.joda.time.DateTimeZone",413
"1276","5","time","org.joda.time.LocalDateTime","org.joda.time.format.DateTimeFormatter",51
"1277","5","time","org.joda.time.Minutes","org.joda.time.base.BaseSingleFieldPeriod",34
"1278","5","time","org.joda.time.MutableInterval","org.joda.time.base.BaseInterval",4
"1279","5","time","org.joda.time.MutablePeriod","org.joda.time.base.BasePeriod",23
"1280","5","time","org.joda.time.Period","org.joda.time.base.AbstractPeriod",2
"1281","5","time","org.joda.time.Period","org.joda.time.base.BasePeriod",55
"1282","5","time","org.joda.time.Period","org.joda.time.PeriodType",576
"1283","5","time","org.joda.time.Seconds","org.joda.time.base.BaseSingleFieldPeriod",4
"1284","5","time","org.joda.time.tz.ZoneInfoCompiler","org.joda.time.DateTimeZone",187
"1285","5","time","org.joda.time.Weeks","org.joda.time.base.BaseSingleFieldPeriod",31
"1286","6","closure","com.google.javascript.rhino.head.IRFactory","com.google.javascript.rhino.head.Node",6
"1287","6","closure","com.google.javascript.rhino.head.NativeArray","com.google.javascript.rhino.head.IdScriptableObject",11
"1288","6","closure","com.google.javascript.rhino.head.NativeObject","com.google.javascript.rhino.head.ScriptableObject",64
"1289","6","closure","com.google.javascript.rhino.head.ScriptRuntime","com.google.javascript.rhino.head.ScriptableObject",146
"1290","6","closure","com.google.javascript.rhino.head.tools.shell.Global","com.google.javascript.rhino.head.ScriptRuntime",11
"1291","6","lang","org.apache.commons.lang3.builder.ReflectionToStringBuilder","org.apache.commons.lang3.builder.ToStringBuilder",1
"1292","6","lang","org.apache.commons.lang3.builder.ToStringBuilder","org.apache.commons.lang3.builder.ToStringStyle",101
"1293","6","lang","org.apache.commons.lang3.concurrent.MultiBackgroundInitializer","org.apache.commons.lang3.concurrent.BackgroundInitializer",1
"1294","6","lang","org.apache.commons.lang3.text.StrBuilder$StrBuilderReader","org.apache.commons.lang3.text.StrBuilder",6
"1295","6","lang","org.apache.commons.lang3.text.StrSubstitutor","org.apache.commons.lang3.text.StrBuilder",31
"1296","6","lang","org.apache.commons.lang3.text.StrTokenizer","org.apache.commons.lang3.text.StrMatcher",7
"1297","6","lang","org.apache.commons.lang3.text.translate.UnicodeEscaper","org.apache.commons.lang3.text.translate.CharSequenceTranslator",1
"1298","6","lang","org.apache.commons.lang3.time.DurationFormatUtils","org.apache.commons.lang3.time.DurationFormatUtils$Token",10
"1299","6","math","org.apache.commons.math.analysis.LaguerreSolver","org.apache.commons.math.complex.Complex",23
"1300","6","math","org.apache.commons.math.analysis.MullerSolver","org.apache.commons.math.analysis.UnivariateRealSolverImpl",98
"1301","6","math","org.apache.commons.math.geometry.Rotation","org.apache.commons.math.geometry.Vector3D",10
"1302","6","math","org.apache.commons.math.linear.MatrixUtils","org.apache.commons.math.linear.BigMatrixImpl",1
"1303","6","math","org.apache.commons.math.ode.AbstractStepInterpolator","org.apache.commons.math.ode.DormandPrince853StepInterpolator",73
"1304","6","math","org.apache.commons.math.ode.ContinuousOutputModel","org.apache.commons.math.ode.AbstractStepInterpolator",47
"1305","6","math","org.apache.commons.math.ode.EmbeddedRungeKuttaIntegrator","org.apache.commons.math.ode.DormandPrince853Integrator",11
"1306","6","math","org.apache.commons.math.ode.EmbeddedRungeKuttaIntegrator","org.apache.commons.math.ode.HighamHall54Integrator",9
"1307","6","math","org.apache.commons.math.ode.GraggBulirschStoerIntegrator","org.apache.commons.math.ode.AdaptiveStepsizeIntegrator",50
"1308","6","math","org.apache.commons.math.ode.GraggBulirschStoerIntegrator","org.apache.commons.math.ode.SwitchingFunctionsHandler",5
"1309","6","math","org.apache.commons.math.ode.GraggBulirschStoerStepInterpolator","org.apache.commons.math.ode.AbstractStepInterpolator",17
"1310","6","math","org.apache.commons.math.ode.SwitchingFunctionsHandler","org.apache.commons.math.ode.SwitchState",71
"1311","6","math","org.apache.commons.math.ode.SwitchState","org.apache.commons.math.analysis.BrentSolver",77
"1312","6","math","org.apache.commons.math.optimization.NelderMead","org.apache.commons.math.optimization.DirectSearchOptimizer",56
"1313","6","math","org.apache.commons.math.stat.descriptive.AbstractStorelessUnivariateStatistic","org.apache.commons.math.stat.descriptive.moment.Variance",3
"1314","6","math","org.apache.commons.math.stat.inference.TTestImpl","org.apache.commons.math.stat.StatUtils",2
"1315","6","math","org.apache.commons.math.transform.FastFourierTransformer","org.apache.commons.math.complex.Complex",20
"1316","6","mockito","org.mockito.asm.AnnotationWriter","org.mockito.asm.ClassWriter",59
"1317","6","mockito","org.mockito.asm.MethodWriter","org.mockito.asm.ByteVector",25
"1318","6","mockito","org.mockito.asm.MethodWriter","org.mockito.asm.ClassWriter",11
"1319","6","mockito","org.mockito.asm.tree.analysis.BasicVerifier","org.mockito.asm.tree.analysis.BasicInterpreter",8
"1320","6","mockito","org.mockito.cglib.core.CodeEmitter","org.mockito.cglib.core.TypeUtils",86
"1321","6","mockito","org.mockito.cglib.core.EmitUtils","org.mockito.cglib.core.CodeEmitter",87
"1322","6","mockito","org.mockito.cglib.proxy.Enhancer","org.mockito.cglib.core.ReflectUtils",48
"1323","6","mockito","org.mockito.cglib.proxy.Mixin$Generator","org.mockito.cglib.core.ReflectUtils",45
"1324","6","time","org.joda.time.base.AbstractPartial","org.joda.time.MonthDay",26
"1325","6","time","org.joda.time.base.AbstractPartial","org.joda.time.YearMonth",5
"1326","6","time","org.joda.time.base.BasePeriod","org.joda.time.base.AbstractPeriod",70
"1327","6","time","org.joda.time.chrono.BasicChronology","org.joda.time.chrono.CopticChronology",65
"1328","6","time","org.joda.time.chrono.BasicChronology","org.joda.time.chrono.IslamicChronology",98
"1329","6","time","org.joda.time.chrono.BasicWeekyearDateTimeField","org.joda.time.chrono.BasicChronology",141
"1330","6","time","org.joda.time.chrono.CopticChronology","org.joda.time.DateTimeZone",240
"1331","6","time","org.joda.time.chrono.GJChronology","org.joda.time.chrono.GJChronology$CutoverField",19
"1332","6","time","org.joda.time.chrono.GJChronology","org.joda.time.chrono.JulianChronology",39
"1333","6","time","org.joda.time.chrono.ISOChronology","org.joda.time.chrono.AssembledChronology",29
"1334","6","time","org.joda.time.chrono.ISOChronology","org.joda.time.DateTimeZone",342
"1335","6","time","org.joda.time.chrono.ZonedChronology","org.joda.time.chrono.AssembledChronology",64
"1336","6","time","org.joda.time.chrono.ZonedChronology","org.joda.time.DateTimeZone",175
"1337","6","time","org.joda.time.chrono.ZonedChronology$ZonedDateTimeField","org.joda.time.DateTimeZone",185
"1338","6","time","org.joda.time.DateTimeUtils","org.joda.time.DateTimeZone",140
"1339","6","time","org.joda.time.DateTimeZone","org.joda.time.format.FormatUtils",54
"1340","6","time","org.joda.time.DateTimeZone","org.joda.time.tz.FixedDateTimeZone",17
"1341","6","time","org.joda.time.Days","org.joda.time.base.BaseSingleFieldPeriod",23
"1342","6","time","org.joda.time.format.DateTimeFormat","org.joda.time.format.DateTimeFormat$StyleFormatter",8
"1343","6","time","org.joda.time.format.DateTimeFormat","org.joda.time.format.DateTimeFormatterBuilder",2
"1344","6","time","org.joda.time.format.DateTimeFormatter","org.joda.time.DateTimeZone",79
"1345","6","time","org.joda.time.format.DateTimeFormatter","org.joda.time.format.DateTimeParserBucket",54
"1346","6","time","org.joda.time.format.DateTimeFormatterBuilder$PaddedNumber","org.joda.time.format.DateTimeFormatterBuilder",15
"1347","6","time","org.joda.time.format.DateTimeFormatterBuilder$TextField","org.joda.time.format.DateTimeParserBucket",43
"1348","6","time","org.joda.time.format.DateTimeParserBucket$SavedState","org.joda.time.format.DateTimeParserBucket",16
"1349","6","time","org.joda.time.format.ISODateTimeFormat","org.joda.time.format.DateTimeFormatterBuilder",23
"1350","6","time","org.joda.time.Hours","org.joda.time.base.BaseSingleFieldPeriod",28
"1351","6","time","org.joda.time.LocalDate","org.joda.time.format.ISODateTimeFormat",30
"1352","6","time","org.joda.time.LocalDateTime","org.joda.time.DateTimeZone",274
"1353","6","time","org.joda.time.LocalDateTime","org.joda.time.format.DateTimeFormatter",12
"1354","6","time","org.joda.time.Minutes","org.joda.time.base.BaseSingleFieldPeriod",34
"1355","6","time","org.joda.time.MutableInterval","org.joda.time.base.BaseInterval",10
"1356","6","time","org.joda.time.MutablePeriod","org.joda.time.base.BasePeriod",22
"1357","6","time","org.joda.time.Period","org.joda.time.base.AbstractPeriod",1
"1358","6","time","org.joda.time.Period","org.joda.time.base.BasePeriod",66
"1359","6","time","org.joda.time.Period","org.joda.time.PeriodType",575
"1360","6","time","org.joda.time.Seconds","org.joda.time.base.BaseSingleFieldPeriod",27
"1361","6","time","org.joda.time.tz.ZoneInfoCompiler","org.joda.time.DateTimeZone",176
"1362","6","time","org.joda.time.Weeks","org.joda.time.base.BaseSingleFieldPeriod",32
"1363","7","closure","com.google.javascript.rhino.head.IdScriptableObject","com.google.javascript.rhino.head.ScriptableObject",265
"1364","7","closure","com.google.javascript.rhino.head.IRFactory","com.google.javascript.rhino.head.Parser",3
"1365","7","closure","com.google.javascript.rhino.head.NativeArray","com.google.javascript.rhino.head.IdScriptableObject",18
"1366","7","closure","com.google.javascript.rhino.head.NativeArray","com.google.javascript.rhino.head.ScriptableObject",45
"1367","7","closure","com.google.javascript.rhino.head.NativeArray","com.google.javascript.rhino.head.ScriptRuntime",63
"1368","7","closure","com.google.javascript.rhino.head.ScriptableObject","com.google.javascript.rhino.head.FunctionObject",18
"1369","7","closure","com.google.javascript.rhino.head.tools.debugger.Dim","com.google.javascript.rhino.head.ScriptRuntime",9
"1370","7","closure","com.google.javascript.rhino.head.tools.shell.Global","com.google.javascript.rhino.head.ScriptRuntime",23
"1371","7","closure","com.google.javascript.rhino.JSDocInfoBuilder","com.google.javascript.rhino.JSDocInfo",84
"1372","7","closure","com.google.javascript.rhino.jstype.JSType","com.google.javascript.rhino.jstype.ProxyObjectType",1
"1373","7","closure","com.google.javascript.rhino.jstype.JSType","com.google.javascript.rhino.jstype.UnionType",16
"1374","7","lang","org.apache.commons.lang3.builder.ReflectionToStringBuilder","org.apache.commons.lang3.builder.ToStringBuilder",1
"1375","7","lang","org.apache.commons.lang3.builder.ToStringBuilder","org.apache.commons.lang3.builder.ToStringStyle",17
"1376","7","lang","org.apache.commons.lang3.concurrent.MultiBackgroundInitializer","org.apache.commons.lang3.concurrent.BackgroundInitializer",10
"1377","7","lang","org.apache.commons.lang3.text.StrBuilder$StrBuilderReader","org.apache.commons.lang3.text.StrBuilder",6
"1378","7","lang","org.apache.commons.lang3.text.StrSubstitutor","org.apache.commons.lang3.text.StrBuilder",16
"1379","7","lang","org.apache.commons.lang3.text.StrTokenizer","org.apache.commons.lang3.text.StrMatcher",7
"1380","7","lang","org.apache.commons.lang3.text.translate.UnicodeEscaper","org.apache.commons.lang3.text.translate.CharSequenceTranslator",1
"1381","7","lang","org.apache.commons.lang3.time.DurationFormatUtils","org.apache.commons.lang3.time.DurationFormatUtils$Token",21
"1382","7","math","org.apache.commons.math.analysis.LaguerreSolver","org.apache.commons.math.complex.Complex",28
"1383","7","math","org.apache.commons.math.analysis.MullerSolver","org.apache.commons.math.analysis.UnivariateRealSolverImpl",99
"1384","7","math","org.apache.commons.math.fraction.ProperFractionFormat","org.apache.commons.math.fraction.FractionFormat",2
"1385","7","math","org.apache.commons.math.geometry.Rotation","org.apache.commons.math.geometry.Vector3D",17
"1386","7","math","org.apache.commons.math.linear.MatrixUtils","org.apache.commons.math.linear.BigMatrixImpl",1
"1387","7","math","org.apache.commons.math.ode.AbstractStepInterpolator","org.apache.commons.math.ode.DormandPrince853StepInterpolator",63
"1388","7","math","org.apache.commons.math.ode.ContinuousOutputModel","org.apache.commons.math.ode.AbstractStepInterpolator",45
"1389","7","math","org.apache.commons.math.ode.EmbeddedRungeKuttaIntegrator","org.apache.commons.math.ode.DormandPrince853Integrator",8
"1390","7","math","org.apache.commons.math.ode.EmbeddedRungeKuttaIntegrator","org.apache.commons.math.ode.HighamHall54Integrator",7
"1391","7","math","org.apache.commons.math.ode.GraggBulirschStoerIntegrator","org.apache.commons.math.ode.AdaptiveStepsizeIntegrator",70
"1392","7","math","org.apache.commons.math.ode.GraggBulirschStoerIntegrator","org.apache.commons.math.ode.SwitchingFunctionsHandler",5
"1393","7","math","org.apache.commons.math.ode.GraggBulirschStoerStepInterpolator","org.apache.commons.math.ode.AbstractStepInterpolator",38
"1394","7","math","org.apache.commons.math.ode.SwitchingFunctionsHandler","org.apache.commons.math.ode.SwitchState",61
"1395","7","math","org.apache.commons.math.optimization.NelderMead","org.apache.commons.math.optimization.DirectSearchOptimizer",59
"1396","7","math","org.apache.commons.math.stat.descriptive.AbstractStorelessUnivariateStatistic","org.apache.commons.math.stat.descriptive.moment.Variance",1
"1397","7","math","org.apache.commons.math.transform.FastFourierTransformer","org.apache.commons.math.complex.Complex",15
"1398","7","mockito","org.mockito.asm.AnnotationWriter","org.mockito.asm.ClassWriter",78
"1399","7","mockito","org.mockito.asm.MethodWriter","org.mockito.asm.ByteVector",28
"1400","7","mockito","org.mockito.asm.MethodWriter","org.mockito.asm.ClassWriter",11
"1401","7","mockito","org.mockito.asm.tree.analysis.BasicVerifier","org.mockito.asm.tree.analysis.BasicInterpreter",11
"1402","7","mockito","org.mockito.asm.tree.analysis.BasicVerifier","org.mockito.asm.tree.analysis.SimpleVerifier",5
"1403","7","mockito","org.mockito.cglib.core.ClassEmitter","org.mockito.cglib.transform.impl.InterceptFieldTransformer",8
"1404","7","mockito","org.mockito.cglib.core.CodeEmitter","org.mockito.cglib.core.TypeUtils",76
"1405","7","mockito","org.mockito.cglib.core.EmitUtils","org.mockito.cglib.core.CodeEmitter",50
"1406","7","mockito","org.mockito.cglib.proxy.Enhancer","org.mockito.cglib.core.ReflectUtils",48
"1407","7","time","org.joda.time.base.AbstractPartial","org.joda.time.MonthDay",18
"1408","7","time","org.joda.time.base.BasePeriod","org.joda.time.base.AbstractPeriod",62
"1409","7","time","org.joda.time.chrono.BasicChronology","org.joda.time.chrono.CopticChronology",8
"1410","7","time","org.joda.time.chrono.BasicChronology","org.joda.time.chrono.EthiopicChronology",7
"1411","7","time","org.joda.time.chrono.BasicChronology","org.joda.time.chrono.IslamicChronology",68
"1412","7","time","org.joda.time.chrono.BasicWeekyearDateTimeField","org.joda.time.chrono.BasicChronology",384
"1413","7","time","org.joda.time.chrono.CopticChronology","org.joda.time.DateTimeZone",218
"1414","7","time","org.joda.time.chrono.GJChronology","org.joda.time.chrono.JulianChronology",12
"1415","7","time","org.joda.time.chrono.ISOChronology","org.joda.time.chrono.AssembledChronology",32
"1416","7","time","org.joda.time.chrono.ISOChronology","org.joda.time.DateTimeZone",225
"1417","7","time","org.joda.time.chrono.ZonedChronology","org.joda.time.chrono.AssembledChronology",66
"1418","7","time","org.joda.time.chrono.ZonedChronology$ZonedDateTimeField","org.joda.time.DateTimeZone",183
"1419","7","time","org.joda.time.DateTimeUtils","org.joda.time.DateTimeZone",148
"1420","7","time","org.joda.time.DateTimeZone","org.joda.time.format.DateTimeFormat",144
"1421","7","time","org.joda.time.DateTimeZone","org.joda.time.tz.FixedDateTimeZone",17
"1422","7","time","org.joda.time.Days","org.joda.time.base.BaseSingleFieldPeriod",6
"1423","7","time","org.joda.time.format.DateTimeFormat","org.joda.time.format.DateTimeFormat$StyleFormatter",16
"1424","7","time","org.joda.time.format.DateTimeFormatter","org.joda.time.DateTimeZone",35
"1425","7","time","org.joda.time.format.DateTimeFormatter","org.joda.time.format.DateTimeParserBucket",52
"1426","7","time","org.joda.time.format.DateTimeFormatterBuilder$PaddedNumber","org.joda.time.format.DateTimeFormatterBuilder",9
"1427","7","time","org.joda.time.format.DateTimeFormatterBuilder$TextField","org.joda.time.MutableDateTime",2
"1428","7","time","org.joda.time.format.DateTimeParserBucket$SavedState","org.joda.time.format.DateTimeParserBucket",45
"1429","7","time","org.joda.time.format.ISODateTimeFormat","org.joda.time.format.DateTimeFormatterBuilder",23
"1430","7","time","org.joda.time.Hours","org.joda.time.base.BaseSingleFieldPeriod",6
"1431","7","time","org.joda.time.LocalDate","org.joda.time.format.ISODateTimeFormat",28
"1432","7","time","org.joda.time.LocalDateTime","org.joda.time.DateTimeZone",198
"1433","7","time","org.joda.time.LocalDateTime","org.joda.time.format.DateTimeFormatter",4
"1434","7","time","org.joda.time.LocalTime$Property","org.joda.time.LocalTime",5
"1435","7","time","org.joda.time.Minutes","org.joda.time.base.BaseSingleFieldPeriod",34
"1436","7","time","org.joda.time.MutableInterval","org.joda.time.base.BaseInterval",5
"1437","7","time","org.joda.time.MutablePeriod","org.joda.time.base.BasePeriod",26
"1438","7","time","org.joda.time.Period","org.joda.time.base.AbstractPeriod",5
"1439","7","time","org.joda.time.Period","org.joda.time.base.BasePeriod",66
"1440","7","time","org.joda.time.Period","org.joda.time.PeriodType",597
"1441","7","time","org.joda.time.Seconds","org.joda.time.base.BaseSingleFieldPeriod",36
"1442","7","time","org.joda.time.tz.ZoneInfoCompiler","org.joda.time.DateTimeZone",176
"1443","7","time","org.joda.time.Weeks","org.joda.time.base.BaseSingleFieldPeriod",35
"1444","8","closure","com.google.javascript.rhino.head.IdScriptableObject","com.google.javascript.rhino.head.ScriptableObject",120
"1445","8","closure","com.google.javascript.rhino.head.Interpreter","com.google.javascript.rhino.head.ScriptableObject",181
"1446","8","closure","com.google.javascript.rhino.head.IRFactory","com.google.javascript.rhino.head.Node",4
"1447","8","closure","com.google.javascript.rhino.head.IRFactory","com.google.javascript.rhino.head.Parser",94
"1448","8","closure","com.google.javascript.rhino.head.regexp.NativeRegExp","com.google.javascript.rhino.head.ScriptRuntime",58
"1449","8","closure","com.google.javascript.rhino.head.tools.debugger.Dim","com.google.javascript.rhino.head.ScriptRuntime",35
"1450","8","closure","com.google.javascript.rhino.head.tools.shell.Global","com.google.javascript.rhino.head.ScriptRuntime",18
"1451","8","closure","com.google.javascript.rhino.jstype.JSType","com.google.javascript.rhino.jstype.FunctionType",259
"1452","8","closure","com.google.javascript.rhino.jstype.JSType","com.google.javascript.rhino.jstype.ProxyObjectType",9
"1453","8","closure","com.google.javascript.rhino.jstype.JSType","com.google.javascript.rhino.jstype.UnionType",9
"1454","8","lang","org.apache.commons.lang3.builder.ReflectionToStringBuilder","org.apache.commons.lang3.builder.ToStringBuilder",1
"1455","8","lang","org.apache.commons.lang3.builder.ToStringBuilder","org.apache.commons.lang3.builder.ToStringStyle",92
"1456","8","lang","org.apache.commons.lang3.concurrent.MultiBackgroundInitializer","org.apache.commons.lang3.concurrent.BackgroundInitializer",10
"1457","8","lang","org.apache.commons.lang3.text.StrBuilder$StrBuilderReader","org.apache.commons.lang3.text.StrBuilder",33
"1458","8","lang","org.apache.commons.lang3.text.StrSubstitutor","org.apache.commons.lang3.text.StrBuilder",32
"1459","8","lang","org.apache.commons.lang3.text.StrTokenizer","org.apache.commons.lang3.text.StrMatcher",12
"1460","8","lang","org.apache.commons.lang3.text.translate.UnicodeEscaper","org.apache.commons.lang3.text.translate.CharSequenceTranslator",1
"1461","8","lang","org.apache.commons.lang3.time.DurationFormatUtils","org.apache.commons.lang3.time.DurationFormatUtils$Token",5
"1462","8","math","org.apache.commons.math.analysis.LaguerreSolver","org.apache.commons.math.complex.Complex",16
"1463","8","math","org.apache.commons.math.analysis.MullerSolver","org.apache.commons.math.analysis.UnivariateRealSolverImpl",94
"1464","8","math","org.apache.commons.math.geometry.Rotation","org.apache.commons.math.geometry.Vector3D",15
"1465","8","math","org.apache.commons.math.linear.MatrixUtils","org.apache.commons.math.linear.BigMatrixImpl",1
"1466","8","math","org.apache.commons.math.ode.AbstractStepInterpolator","org.apache.commons.math.ode.DormandPrince853StepInterpolator",77
"1467","8","math","org.apache.commons.math.ode.ContinuousOutputModel","org.apache.commons.math.ode.AbstractStepInterpolator",38
"1468","8","math","org.apache.commons.math.ode.EmbeddedRungeKuttaIntegrator","org.apache.commons.math.ode.DormandPrince853Integrator",10
"1469","8","math","org.apache.commons.math.ode.GraggBulirschStoerIntegrator","org.apache.commons.math.ode.AdaptiveStepsizeIntegrator",47
"1470","8","math","org.apache.commons.math.ode.GraggBulirschStoerIntegrator","org.apache.commons.math.ode.SwitchingFunctionsHandler",14
"1471","8","math","org.apache.commons.math.ode.GraggBulirschStoerStepInterpolator","org.apache.commons.math.ode.AbstractStepInterpolator",37
"1472","8","math","org.apache.commons.math.ode.SwitchingFunctionsHandler","org.apache.commons.math.ode.SwitchState",38
"1473","8","math","org.apache.commons.math.ode.SwitchState","org.apache.commons.math.analysis.BrentSolver",41
"1474","8","math","org.apache.commons.math.optimization.NelderMead","org.apache.commons.math.optimization.DirectSearchOptimizer",86
"1475","8","math","org.apache.commons.math.stat.descriptive.AbstractStorelessUnivariateStatistic","org.apache.commons.math.stat.descriptive.moment.Variance",2
"1476","8","math","org.apache.commons.math.stat.descriptive.DescriptiveStatistics","org.apache.commons.math.util.ResizableDoubleArray",2
"1477","8","math","org.apache.commons.math.stat.inference.TTestImpl","org.apache.commons.math.stat.StatUtils",2
"1478","8","math","org.apache.commons.math.transform.FastFourierTransformer","org.apache.commons.math.complex.Complex",14
"1479","8","mockito","org.mockito.asm.AnnotationWriter","org.mockito.asm.ClassWriter",69
"1480","8","mockito","org.mockito.asm.MethodWriter","org.mockito.asm.ByteVector",43
"1481","8","mockito","org.mockito.asm.MethodWriter","org.mockito.asm.ClassWriter",11
"1482","8","mockito","org.mockito.asm.tree.analysis.BasicVerifier","org.mockito.asm.tree.analysis.BasicInterpreter",33
"1483","8","mockito","org.mockito.asm.tree.analysis.BasicVerifier","org.mockito.asm.tree.analysis.SimpleVerifier",11
"1484","8","mockito","org.mockito.cglib.core.ClassEmitter","org.mockito.cglib.transform.impl.InterceptFieldTransformer",8
"1485","8","mockito","org.mockito.cglib.core.CodeEmitter","org.mockito.cglib.core.TypeUtils",78
"1486","8","mockito","org.mockito.cglib.core.EmitUtils","org.mockito.cglib.core.CodeEmitter",84
"1487","8","mockito","org.mockito.cglib.proxy.Enhancer","org.mockito.cglib.core.ReflectUtils",48
"1488","8","mockito","org.mockito.cglib.proxy.Mixin$Generator","org.mockito.cglib.core.ReflectUtils",49
"1489","8","time","org.joda.time.base.AbstractPartial","org.joda.time.YearMonth",21
"1490","8","time","org.joda.time.base.BasePeriod","org.joda.time.base.AbstractPeriod",92
"1491","8","time","org.joda.time.chrono.BasicChronology","org.joda.time.chrono.IslamicChronology",125
"1492","8","time","org.joda.time.chrono.BasicWeekyearDateTimeField","org.joda.time.chrono.BasicChronology",164
"1493","8","time","org.joda.time.chrono.CopticChronology","org.joda.time.DateTimeZone",181
"1494","8","time","org.joda.time.chrono.GJChronology","org.joda.time.chrono.GJChronology$CutoverField",26
"1495","8","time","org.joda.time.chrono.GJChronology","org.joda.time.chrono.JulianChronology",21
"1496","8","time","org.joda.time.chrono.ISOChronology","org.joda.time.chrono.AssembledChronology",111
"1497","8","time","org.joda.time.chrono.ISOChronology","org.joda.time.DateTimeZone",171
"1498","8","time","org.joda.time.chrono.ZonedChronology","org.joda.time.chrono.AssembledChronology",69
"1499","8","time","org.joda.time.chrono.ZonedChronology","org.joda.time.DateTimeZone",390
"1500","8","time","org.joda.time.chrono.ZonedChronology$ZonedDateTimeField","org.joda.time.DateTimeZone",186
"1501","8","time","org.joda.time.DateTimeUtils","org.joda.time.DateTimeZone",239
"1502","8","time","org.joda.time.DateTimeZone","org.joda.time.format.FormatUtils",46
"1503","8","time","org.joda.time.DateTimeZone","org.joda.time.tz.FixedDateTimeZone",17
"1504","8","time","org.joda.time.Days","org.joda.time.base.BaseSingleFieldPeriod",28
"1505","8","time","org.joda.time.format.DateTimeFormat","org.joda.time.format.DateTimeFormat$StyleFormatter",16
"1506","8","time","org.joda.time.format.DateTimeFormat","org.joda.time.format.DateTimeFormatterBuilder",3
"1507","8","time","org.joda.time.format.DateTimeFormatter","org.joda.time.DateTimeZone",117
"1508","8","time","org.joda.time.format.DateTimeFormatter","org.joda.time.format.DateTimeParserBucket",27
"1509","8","time","org.joda.time.format.DateTimeFormatterBuilder$PaddedNumber","org.joda.time.format.DateTimeFormatterBuilder",9
"1510","8","time","org.joda.time.format.DateTimeFormatterBuilder$TextField","org.joda.time.format.DateTimeParserBucket",51
"1511","8","time","org.joda.time.format.DateTimeParserBucket$SavedState","org.joda.time.format.DateTimeParserBucket",15
"1512","8","time","org.joda.time.format.ISODateTimeFormat","org.joda.time.format.DateTimeFormatterBuilder",23
"1513","8","time","org.joda.time.Hours","org.joda.time.base.BaseSingleFieldPeriod",28
"1514","8","time","org.joda.time.LocalDate","org.joda.time.format.ISODateTimeFormat",28
"1515","8","time","org.joda.time.LocalDateTime","org.joda.time.DateTimeZone",165
"1516","8","time","org.joda.time.LocalDateTime","org.joda.time.format.DateTimeFormatter",8
"1517","8","time","org.joda.time.LocalTime$Property","org.joda.time.LocalTime",4
"1518","8","time","org.joda.time.Minutes","org.joda.time.base.BaseSingleFieldPeriod",18
"1519","8","time","org.joda.time.MutableInterval","org.joda.time.base.BaseInterval",2
"1520","8","time","org.joda.time.MutablePeriod","org.joda.time.base.BasePeriod",24
"1521","8","time","org.joda.time.Period","org.joda.time.base.AbstractPeriod",3
"1522","8","time","org.joda.time.Period","org.joda.time.base.BasePeriod",66
"1523","8","time","org.joda.time.Period","org.joda.time.PeriodType",572
"1524","8","time","org.joda.time.Seconds","org.joda.time.base.BaseSingleFieldPeriod",41
"1525","8","time","org.joda.time.tz.ZoneInfoCompiler","org.joda.time.DateTimeZone",197
"1526","8","time","org.joda.time.Weeks","org.joda.time.base.BaseSingleFieldPeriod",27
"1527","9","closure","com.google.javascript.rhino.head.IRFactory","com.google.javascript.rhino.head.Parser",88
"1528","9","closure","com.google.javascript.rhino.head.NativeArray","com.google.javascript.rhino.head.IdScriptableObject",7
"1529","9","closure","com.google.javascript.rhino.head.NativeObject","com.google.javascript.rhino.head.ScriptableObject",169
"1530","9","closure","com.google.javascript.rhino.head.ScriptableObject","com.google.javascript.rhino.head.FunctionObject",20
"1531","9","closure","com.google.javascript.rhino.head.tools.shell.Global","com.google.javascript.rhino.head.ScriptRuntime",31
"1532","9","closure","com.google.javascript.rhino.jstype.JSType","com.google.javascript.rhino.jstype.FunctionType",330
"1533","9","closure","com.google.javascript.rhino.jstype.JSType","com.google.javascript.rhino.jstype.ProxyObjectType",4
"1534","9","lang","org.apache.commons.lang3.builder.ReflectionToStringBuilder","org.apache.commons.lang3.builder.ToStringBuilder",1
"1535","9","lang","org.apache.commons.lang3.builder.ToStringBuilder","org.apache.commons.lang3.builder.ToStringStyle",18
"1536","9","lang","org.apache.commons.lang3.concurrent.MultiBackgroundInitializer","org.apache.commons.lang3.concurrent.BackgroundInitializer",8
"1537","9","lang","org.apache.commons.lang3.text.StrBuilder$StrBuilderReader","org.apache.commons.lang3.text.StrBuilder",10
"1538","9","lang","org.apache.commons.lang3.text.StrSubstitutor","org.apache.commons.lang3.text.StrBuilder",33
"1539","9","lang","org.apache.commons.lang3.text.StrTokenizer","org.apache.commons.lang3.text.StrMatcher",4
"1540","9","lang","org.apache.commons.lang3.time.DurationFormatUtils","org.apache.commons.lang3.time.DurationFormatUtils$Token",16
"1541","9","math","org.apache.commons.math.analysis.LaguerreSolver","org.apache.commons.math.complex.Complex",43
"1542","9","math","org.apache.commons.math.analysis.MullerSolver","org.apache.commons.math.analysis.UnivariateRealSolverImpl",99
"1543","9","math","org.apache.commons.math.fraction.ProperFractionFormat","org.apache.commons.math.fraction.FractionFormat",4
"1544","9","math","org.apache.commons.math.geometry.Rotation","org.apache.commons.math.geometry.Vector3D",16
"1545","9","math","org.apache.commons.math.linear.MatrixUtils","org.apache.commons.math.linear.BigMatrixImpl",1
"1546","9","math","org.apache.commons.math.ode.AbstractStepInterpolator","org.apache.commons.math.ode.DormandPrince853StepInterpolator",73
"1547","9","math","org.apache.commons.math.ode.ContinuousOutputModel","org.apache.commons.math.ode.AbstractStepInterpolator",44
"1548","9","math","org.apache.commons.math.ode.EmbeddedRungeKuttaIntegrator","org.apache.commons.math.ode.DormandPrince853Integrator",12
"1549","9","math","org.apache.commons.math.ode.EmbeddedRungeKuttaIntegrator","org.apache.commons.math.ode.HighamHall54Integrator",7
"1550","9","math","org.apache.commons.math.ode.GraggBulirschStoerIntegrator","org.apache.commons.math.ode.AdaptiveStepsizeIntegrator",52
"1551","9","math","org.apache.commons.math.ode.GraggBulirschStoerIntegrator","org.apache.commons.math.ode.SwitchingFunctionsHandler",12
"1552","9","math","org.apache.commons.math.ode.GraggBulirschStoerStepInterpolator","org.apache.commons.math.ode.AbstractStepInterpolator",38
"1553","9","math","org.apache.commons.math.ode.SwitchingFunctionsHandler","org.apache.commons.math.ode.SwitchState",59
"1554","9","math","org.apache.commons.math.ode.SwitchState","org.apache.commons.math.analysis.BrentSolver",28
"1555","9","math","org.apache.commons.math.optimization.NelderMead","org.apache.commons.math.optimization.DirectSearchOptimizer",66
"1556","9","math","org.apache.commons.math.stat.descriptive.AbstractStorelessUnivariateStatistic","org.apache.commons.math.stat.descriptive.moment.Variance",1
"1557","9","math","org.apache.commons.math.stat.inference.TTestImpl","org.apache.commons.math.stat.StatUtils",2
"1558","9","math","org.apache.commons.math.transform.FastFourierTransformer","org.apache.commons.math.complex.Complex",21
"1559","9","mockito","org.mockito.asm.AnnotationWriter","org.mockito.asm.ClassWriter",57
"1560","9","mockito","org.mockito.asm.MethodWriter","org.mockito.asm.ByteVector",12
"1561","9","mockito","org.mockito.asm.MethodWriter","org.mockito.asm.ClassWriter",11
"1562","9","mockito","org.mockito.asm.tree.analysis.BasicVerifier","org.mockito.asm.tree.analysis.BasicInterpreter",17
"1563","9","mockito","org.mockito.asm.tree.analysis.BasicVerifier","org.mockito.asm.tree.analysis.SimpleVerifier",10
"1564","9","mockito","org.mockito.cglib.core.CodeEmitter","org.mockito.cglib.core.TypeUtils",71
"1565","9","mockito","org.mockito.cglib.core.EmitUtils","org.mockito.cglib.core.CodeEmitter",109
"1566","9","mockito","org.mockito.cglib.proxy.Enhancer","org.mockito.cglib.core.CodeEmitter",240
"1567","9","mockito","org.mockito.cglib.proxy.Enhancer","org.mockito.cglib.core.ReflectUtils",48
"1568","9","mockito","org.mockito.cglib.proxy.Mixin$Generator","org.mockito.cglib.core.ReflectUtils",39
"1569","9","time","org.joda.time.base.AbstractPartial","org.joda.time.MonthDay",11
"1570","9","time","org.joda.time.base.AbstractPartial","org.joda.time.YearMonth",11
"1571","9","time","org.joda.time.base.BasePeriod","org.joda.time.base.AbstractPeriod",50
"1572","9","time","org.joda.time.chrono.BasicChronology","org.joda.time.chrono.CopticChronology",10
"1573","9","time","org.joda.time.chrono.BasicChronology","org.joda.time.chrono.IslamicChronology",157
"1574","9","time","org.joda.time.chrono.BasicWeekyearDateTimeField","org.joda.time.chrono.BasicChronology",267
"1575","9","time","org.joda.time.chrono.CopticChronology","org.joda.time.DateTimeZone",215
"1576","9","time","org.joda.time.chrono.GJChronology","org.joda.time.chrono.GJChronology$CutoverField",50
"1577","9","time","org.joda.time.chrono.GJChronology","org.joda.time.chrono.JulianChronology",13
"1578","9","time","org.joda.time.chrono.ISOChronology","org.joda.time.chrono.AssembledChronology",36
"1579","9","time","org.joda.time.chrono.ISOChronology","org.joda.time.DateTimeZone",183
"1580","9","time","org.joda.time.chrono.ZonedChronology","org.joda.time.chrono.AssembledChronology",120
"1581","9","time","org.joda.time.chrono.ZonedChronology","org.joda.time.DateTimeZone",413
"1582","9","time","org.joda.time.chrono.ZonedChronology$ZonedDateTimeField","org.joda.time.DateTimeZone",161
"1583","9","time","org.joda.time.DateTimeZone","org.joda.time.format.FormatUtils",48
"1584","9","time","org.joda.time.DateTimeZone","org.joda.time.tz.FixedDateTimeZone",10
"1585","9","time","org.joda.time.Days","org.joda.time.base.BaseSingleFieldPeriod",28
"1586","9","time","org.joda.time.format.DateTimeFormat","org.joda.time.format.DateTimeFormat$StyleFormatter",23
"1587","9","time","org.joda.time.format.DateTimeFormatter","org.joda.time.DateTimeZone",125
"1588","9","time","org.joda.time.format.DateTimeFormatter","org.joda.time.format.DateTimeParserBucket",23
"1589","9","time","org.joda.time.format.DateTimeFormatterBuilder$PaddedNumber","org.joda.time.format.DateTimeFormatterBuilder",89
"1590","9","time","org.joda.time.format.DateTimeFormatterBuilder$TextField","org.joda.time.format.DateTimeParserBucket",37
"1591","9","time","org.joda.time.format.DateTimeFormatterBuilder$TextField","org.joda.time.MutableDateTime",11
"1592","9","time","org.joda.time.format.DateTimeParserBucket$SavedState","org.joda.time.format.DateTimeParserBucket",16
"1593","9","time","org.joda.time.format.ISODateTimeFormat","org.joda.time.format.DateTimeFormatterBuilder",23
"1594","9","time","org.joda.time.Hours","org.joda.time.base.BaseSingleFieldPeriod",1
"1595","9","time","org.joda.time.LocalDate","org.joda.time.DateTime",6
"1596","9","time","org.joda.time.LocalDate","org.joda.time.format.ISODateTimeFormat",39
"1597","9","time","org.joda.time.LocalDateTime","org.joda.time.DateTimeZone",202
"1598","9","time","org.joda.time.LocalDateTime","org.joda.time.format.DateTimeFormatter",4
"1599","9","time","org.joda.time.LocalTime$Property","org.joda.time.LocalTime",4
"1600","9","time","org.joda.time.Minutes","org.joda.time.base.BaseSingleFieldPeriod",34
"1601","9","time","org.joda.time.MutableInterval","org.joda.time.base.BaseInterval",5
"1602","9","time","org.joda.time.MutablePeriod","org.joda.time.base.BasePeriod",27
"1603","9","time","org.joda.time.Period","org.joda.time.base.AbstractPeriod",4
"1604","9","time","org.joda.time.Period","org.joda.time.base.BasePeriod",73
"1605","9","time","org.joda.time.Period","org.joda.time.PeriodType",576
"1606","9","time","org.joda.time.Seconds","org.joda.time.base.BaseSingleFieldPeriod",36
"1607","9","time","org.joda.time.tz.ZoneInfoCompiler","org.joda.time.DateTimeZone",307
"1608","9","time","org.joda.time.Weeks","org.joda.time.base.BaseSingleFieldPeriod",36
