"","executionId","project","caller","callee","killedM"
"1",1,"closure","com.google.javascript.rhino.head.IdScriptableObject","com.google.javascript.rhino.head.ScriptableObject",15
"2",1,"closure","com.google.javascript.rhino.head.IRFactory","com.google.javascript.rhino.head.Parser",2
"3",1,"closure","com.google.javascript.rhino.head.NativeArray","com.google.javascript.rhino.head.ScriptableObject",3
"4",1,"closure","com.google.javascript.rhino.head.NativeObject","com.google.javascript.rhino.head.ScriptableObject",11
"5",1,"closure","com.google.javascript.rhino.head.regexp.NativeRegExp","com.google.javascript.rhino.head.ScriptRuntime",26
"6",1,"closure","com.google.javascript.rhino.head.tools.debugger.Dim","com.google.javascript.rhino.head.ScriptRuntime",2
"7",1,"closure","com.google.javascript.rhino.jstype.JSType","com.google.javascript.rhino.jstype.FunctionType",47
"8",1,"closure","com.google.javascript.rhino.jstype.JSType","com.google.javascript.rhino.jstype.ProxyObjectType",2
"9",1,"lang","org.apache.commons.lang3.builder.ReflectionToStringBuilder","org.apache.commons.lang3.builder.ToStringBuilder",4
"10",1,"lang","org.apache.commons.lang3.builder.ToStringBuilder","org.apache.commons.lang3.builder.ToStringStyle",34
"11",1,"lang","org.apache.commons.lang3.concurrent.MultiBackgroundInitializer","org.apache.commons.lang3.concurrent.BackgroundInitializer",13
"12",1,"lang","org.apache.commons.lang3.text.StrBuilder$StrBuilderReader","org.apache.commons.lang3.text.StrBuilder",2
"13",1,"lang","org.apache.commons.lang3.text.StrSubstitutor","org.apache.commons.lang3.text.StrBuilder",23
"14",1,"lang","org.apache.commons.lang3.text.translate.UnicodeEscaper","org.apache.commons.lang3.text.translate.CharSequenceTranslator",7
"15",1,"math","org.apache.commons.math.analysis.LaguerreSolver","org.apache.commons.math.complex.Complex",21
"16",1,"math","org.apache.commons.math.analysis.MullerSolver","org.apache.commons.math.analysis.UnivariateRealSolverImpl",52
"17",1,"math","org.apache.commons.math.distribution.AbstractIntegerDistribution","org.apache.commons.math.distribution.HypergeometricDistributionImpl",2
"18",1,"math","org.apache.commons.math.geometry.Rotation","org.apache.commons.math.geometry.Vector3D",7
"19",1,"math","org.apache.commons.math.linear.MatrixUtils","org.apache.commons.math.linear.BigMatrixImpl",1
"20",1,"math","org.apache.commons.math.ode.AbstractStepInterpolator","org.apache.commons.math.ode.DormandPrince853StepInterpolator",34
"21",1,"math","org.apache.commons.math.ode.ContinuousOutputModel","org.apache.commons.math.ode.AbstractStepInterpolator",2
"22",1,"math","org.apache.commons.math.ode.EmbeddedRungeKuttaIntegrator","org.apache.commons.math.ode.DormandPrince853Integrator",7
"23",1,"math","org.apache.commons.math.ode.EmbeddedRungeKuttaIntegrator","org.apache.commons.math.ode.HighamHall54Integrator",1
"24",1,"math","org.apache.commons.math.ode.GraggBulirschStoerIntegrator","org.apache.commons.math.ode.AdaptiveStepsizeIntegrator",10
"25",1,"math","org.apache.commons.math.ode.GraggBulirschStoerStepInterpolator","org.apache.commons.math.ode.AbstractStepInterpolator",26
"26",1,"math","org.apache.commons.math.ode.SwitchingFunctionsHandler","org.apache.commons.math.ode.SwitchState",23
"27",1,"math","org.apache.commons.math.ode.SwitchState","org.apache.commons.math.analysis.BrentSolver",1
"28",1,"math","org.apache.commons.math.optimization.NelderMead","org.apache.commons.math.optimization.DirectSearchOptimizer",62
"29",1,"math","org.apache.commons.math.random.EmpiricalDistributionImpl","org.apache.commons.math.stat.descriptive.SummaryStatistics",1
"30",1,"math","org.apache.commons.math.stat.descriptive.AbstractStorelessUnivariateStatistic","org.apache.commons.math.stat.descriptive.moment.Variance",5
"31",1,"math","org.apache.commons.math.stat.descriptive.DescriptiveStatistics","org.apache.commons.math.util.ResizableDoubleArray",24
"32",1,"math","org.apache.commons.math.stat.inference.TTestImpl","org.apache.commons.math.stat.StatUtils",2
"33",1,"math","org.apache.commons.math.transform.FastFourierTransformer","org.apache.commons.math.complex.Complex",314
"34",1,"mockito","org.mockito.asm.AnnotationWriter","org.mockito.asm.ClassWriter",454
"35",1,"mockito","org.mockito.asm.MethodWriter","org.mockito.asm.ByteVector",15
"36",1,"mockito","org.mockito.cglib.core.ClassEmitter","org.mockito.cglib.transform.impl.InterceptFieldTransformer",8
"37",1,"mockito","org.mockito.cglib.core.CodeEmitter","org.mockito.cglib.core.TypeUtils",3
"38",1,"mockito","org.mockito.cglib.core.EmitUtils","org.mockito.cglib.core.CodeEmitter",12
"39",1,"mockito","org.mockito.cglib.proxy.Enhancer","org.mockito.cglib.core.ReflectUtils",91
"40",1,"mockito","org.mockito.cglib.proxy.Mixin$Generator","org.mockito.cglib.core.ReflectUtils",54
"41",1,"time","org.joda.time.base.AbstractPartial","org.joda.time.MonthDay",13
"42",1,"time","org.joda.time.base.BasePeriod","org.joda.time.base.AbstractPeriod",2
"43",1,"time","org.joda.time.chrono.BasicChronology","org.joda.time.chrono.EthiopicChronology",1
"44",1,"time","org.joda.time.chrono.BasicChronology","org.joda.time.chrono.IslamicChronology",52
"45",1,"time","org.joda.time.chrono.BasicWeekyearDateTimeField","org.joda.time.chrono.BasicChronology",54
"46",1,"time","org.joda.time.chrono.CopticChronology","org.joda.time.DateTimeZone",12
"47",1,"time","org.joda.time.chrono.GJChronology","org.joda.time.chrono.JulianChronology",5
"48",1,"time","org.joda.time.chrono.ISOChronology","org.joda.time.chrono.AssembledChronology",2
"49",1,"time","org.joda.time.chrono.ISOChronology","org.joda.time.DateTimeZone",73
"50",1,"time","org.joda.time.chrono.ZonedChronology","org.joda.time.DateTimeZone",1
"51",1,"time","org.joda.time.DateTimeUtils","org.joda.time.DateTimeZone",12
"52",1,"time","org.joda.time.DateTimeZone","org.joda.time.format.DateTimeFormat",39
"53",1,"time","org.joda.time.format.DateTimeFormatterBuilder$TextField","org.joda.time.format.DateTimeParserBucket",4
"54",1,"time","org.joda.time.format.DateTimeParserBucket$SavedState","org.joda.time.format.DateTimeParserBucket",1
"55",1,"time","org.joda.time.Hours","org.joda.time.base.BaseSingleFieldPeriod",6
"56",1,"time","org.joda.time.LocalDate","org.joda.time.format.ISODateTimeFormat",3
"57",1,"time","org.joda.time.LocalDateTime","org.joda.time.DateTimeZone",10
"58",1,"time","org.joda.time.LocalDateTime","org.joda.time.format.DateTimeFormatter",6
"59",1,"time","org.joda.time.LocalTime$Property","org.joda.time.LocalTime",3
"60",1,"time","org.joda.time.Minutes","org.joda.time.base.BaseSingleFieldPeriod",9
"61",1,"time","org.joda.time.MutableInterval","org.joda.time.base.BaseInterval",2
"62",1,"time","org.joda.time.MutablePeriod","org.joda.time.base.BasePeriod",12
"63",1,"time","org.joda.time.Period","org.joda.time.base.BasePeriod",8
"64",1,"time","org.joda.time.Period","org.joda.time.PeriodType",496
"65",1,"time","org.joda.time.Seconds","org.joda.time.base.BaseSingleFieldPeriod",4
"66",1,"time","org.joda.time.Weeks","org.joda.time.base.BaseSingleFieldPeriod",10
"67",1,"time","org.joda.time.YearMonthDay","org.joda.time.base.BasePartial",3
"68",2,"closure","com.google.javascript.rhino.head.IdScriptableObject","com.google.javascript.rhino.head.ScriptableObject",18
"69",2,"closure","com.google.javascript.rhino.head.Interpreter","com.google.javascript.rhino.head.ScriptableObject",1
"70",2,"closure","com.google.javascript.rhino.head.IRFactory","com.google.javascript.rhino.head.Node",4
"71",2,"closure","com.google.javascript.rhino.head.IRFactory","com.google.javascript.rhino.head.Parser",2
"72",2,"closure","com.google.javascript.rhino.head.NativeArray","com.google.javascript.rhino.head.ScriptableObject",7
"73",2,"closure","com.google.javascript.rhino.head.NativeArray","com.google.javascript.rhino.head.ScriptRuntime",13
"74",2,"closure","com.google.javascript.rhino.head.NativeObject","com.google.javascript.rhino.head.ScriptableObject",16
"75",2,"closure","com.google.javascript.rhino.jstype.JSType","com.google.javascript.rhino.jstype.UnionType",9
"76",2,"lang","org.apache.commons.lang3.builder.ReflectionToStringBuilder","org.apache.commons.lang3.builder.ToStringBuilder",1
"77",2,"lang","org.apache.commons.lang3.builder.ToStringBuilder","org.apache.commons.lang3.builder.ToStringStyle",82
"78",2,"lang","org.apache.commons.lang3.concurrent.MultiBackgroundInitializer","org.apache.commons.lang3.concurrent.BackgroundInitializer",12
"79",2,"lang","org.apache.commons.lang3.text.StrBuilder$StrBuilderReader","org.apache.commons.lang3.text.StrBuilder",2
"80",2,"lang","org.apache.commons.lang3.text.StrSubstitutor","org.apache.commons.lang3.text.StrBuilder",21
"81",2,"lang","org.apache.commons.lang3.text.translate.UnicodeEscaper","org.apache.commons.lang3.text.translate.CharSequenceTranslator",5
"82",2,"math","org.apache.commons.math.analysis.LaguerreSolver","org.apache.commons.math.complex.Complex",22
"83",2,"math","org.apache.commons.math.analysis.MullerSolver","org.apache.commons.math.analysis.UnivariateRealSolverImpl",50
"84",2,"math","org.apache.commons.math.distribution.AbstractIntegerDistribution","org.apache.commons.math.distribution.HypergeometricDistributionImpl",2
"85",2,"math","org.apache.commons.math.fraction.ProperFractionFormat","org.apache.commons.math.fraction.FractionFormat",1
"86",2,"math","org.apache.commons.math.geometry.Rotation","org.apache.commons.math.geometry.Vector3D",3
"87",2,"math","org.apache.commons.math.linear.MatrixUtils","org.apache.commons.math.linear.BigMatrixImpl",1
"88",2,"math","org.apache.commons.math.ode.AbstractStepInterpolator","org.apache.commons.math.ode.DormandPrince853StepInterpolator",22
"89",2,"math","org.apache.commons.math.ode.ContinuousOutputModel","org.apache.commons.math.ode.AbstractStepInterpolator",10
"90",2,"math","org.apache.commons.math.ode.EmbeddedRungeKuttaIntegrator","org.apache.commons.math.ode.DormandPrince853Integrator",2
"91",2,"math","org.apache.commons.math.ode.EmbeddedRungeKuttaIntegrator","org.apache.commons.math.ode.HighamHall54Integrator",7
"92",2,"math","org.apache.commons.math.ode.GraggBulirschStoerIntegrator","org.apache.commons.math.ode.AdaptiveStepsizeIntegrator",10
"93",2,"math","org.apache.commons.math.ode.GraggBulirschStoerStepInterpolator","org.apache.commons.math.ode.AbstractStepInterpolator",6
"94",2,"math","org.apache.commons.math.ode.SwitchingFunctionsHandler","org.apache.commons.math.ode.SwitchState",22
"95",2,"math","org.apache.commons.math.optimization.NelderMead","org.apache.commons.math.optimization.DirectSearchOptimizer",12
"96",2,"math","org.apache.commons.math.stat.descriptive.AbstractStorelessUnivariateStatistic","org.apache.commons.math.stat.descriptive.moment.Variance",8
"97",2,"math","org.apache.commons.math.stat.descriptive.DescriptiveStatistics","org.apache.commons.math.util.ResizableDoubleArray",8
"98",2,"math","org.apache.commons.math.transform.FastFourierTransformer","org.apache.commons.math.complex.Complex",294
"99",2,"mockito","org.mockito.asm.AnnotationWriter","org.mockito.asm.ClassWriter",418
"100",2,"mockito","org.mockito.cglib.core.CodeEmitter","org.mockito.cglib.core.TypeUtils",16
"101",2,"mockito","org.mockito.cglib.core.EmitUtils","org.mockito.cglib.core.CodeEmitter",8
"102",2,"mockito","org.mockito.cglib.proxy.Enhancer","org.mockito.cglib.core.CodeEmitter",174
"103",2,"mockito","org.mockito.cglib.proxy.Enhancer","org.mockito.cglib.core.ReflectUtils",91
"104",2,"time","org.joda.time.base.AbstractPartial","org.joda.time.YearMonth",2
"105",2,"time","org.joda.time.base.BasePeriod","org.joda.time.base.AbstractPeriod",30
"106",2,"time","org.joda.time.chrono.BasicChronology","org.joda.time.chrono.CopticChronology",9
"107",2,"time","org.joda.time.chrono.BasicChronology","org.joda.time.chrono.EthiopicChronology",2
"108",2,"time","org.joda.time.chrono.BasicChronology","org.joda.time.chrono.IslamicChronology",11
"109",2,"time","org.joda.time.chrono.BasicWeekyearDateTimeField","org.joda.time.chrono.BasicChronology",10
"110",2,"time","org.joda.time.chrono.CopticChronology","org.joda.time.DateTimeZone",41
"111",2,"time","org.joda.time.chrono.GJChronology","org.joda.time.chrono.GJChronology$CutoverField",2
"112",2,"time","org.joda.time.chrono.GJChronology","org.joda.time.chrono.JulianChronology",7
"113",2,"time","org.joda.time.chrono.ISOChronology","org.joda.time.chrono.AssembledChronology",14
"114",2,"time","org.joda.time.chrono.ZonedChronology","org.joda.time.DateTimeZone",2
"115",2,"time","org.joda.time.chrono.ZonedChronology$ZonedDateTimeField","org.joda.time.DateTimeZone",23
"116",2,"time","org.joda.time.DateTimeUtils","org.joda.time.DateTimeZone",55
"117",2,"time","org.joda.time.DateTimeZone","org.joda.time.format.DateTimeFormat",1
"118",2,"time","org.joda.time.DateTimeZone","org.joda.time.format.FormatUtils",1
"119",2,"time","org.joda.time.Days","org.joda.time.base.BaseSingleFieldPeriod",2
"120",2,"time","org.joda.time.format.DateTimeFormat","org.joda.time.format.DateTimeFormat$StyleFormatter",4
"121",2,"time","org.joda.time.format.DateTimeFormatter","org.joda.time.DateTimeZone",21
"122",2,"time","org.joda.time.format.DateTimeFormatter","org.joda.time.format.DateTimeParserBucket",1
"123",2,"time","org.joda.time.format.DateTimeParserBucket$SavedState","org.joda.time.format.DateTimeParserBucket",1
"124",2,"time","org.joda.time.Hours","org.joda.time.base.BaseSingleFieldPeriod",4
"125",2,"time","org.joda.time.LocalDate","org.joda.time.format.ISODateTimeFormat",1
"126",2,"time","org.joda.time.LocalDateTime","org.joda.time.DateTimeZone",75
"127",2,"time","org.joda.time.LocalTime$Property","org.joda.time.LocalTime",3
"128",2,"time","org.joda.time.Minutes","org.joda.time.base.BaseSingleFieldPeriod",8
"129",2,"time","org.joda.time.MutablePeriod","org.joda.time.base.BasePeriod",1
"130",2,"time","org.joda.time.Period","org.joda.time.base.AbstractPeriod",2
"131",2,"time","org.joda.time.Period","org.joda.time.base.BasePeriod",1
"132",2,"time","org.joda.time.Period","org.joda.time.PeriodType",531
"133",2,"time","org.joda.time.Seconds","org.joda.time.base.BaseSingleFieldPeriod",6
"134",2,"time","org.joda.time.tz.ZoneInfoCompiler","org.joda.time.DateTimeZone",77
"135",2,"time","org.joda.time.Weeks","org.joda.time.base.BaseSingleFieldPeriod",11
"136",2,"time","org.joda.time.YearMonthDay","org.joda.time.base.BasePartial",6
"137",3,"closure","com.google.javascript.jscomp.NodeUtil","com.google.javascript.rhino.Node",1
"138",3,"closure","com.google.javascript.rhino.head.IdScriptableObject","com.google.javascript.rhino.head.ScriptableObject",10
"139",3,"closure","com.google.javascript.rhino.head.Interpreter","com.google.javascript.rhino.head.ScriptableObject",2
"140",3,"closure","com.google.javascript.rhino.head.IRFactory","com.google.javascript.rhino.head.Parser",1
"141",3,"closure","com.google.javascript.rhino.head.Parser","com.google.javascript.rhino.head.CompilerEnvirons",2
"142",3,"closure","com.google.javascript.rhino.head.ScriptRuntime","com.google.javascript.rhino.head.ScriptableObject",3
"143",3,"closure","com.google.javascript.rhino.head.tools.debugger.Dim","com.google.javascript.rhino.head.ScriptRuntime",2
"144",3,"closure","com.google.javascript.rhino.head.tools.shell.Global","com.google.javascript.rhino.head.ScriptRuntime",3
"145",3,"closure","com.google.javascript.rhino.JSDocInfoBuilder","com.google.javascript.rhino.JSDocInfo",134
"146",3,"closure","com.google.javascript.rhino.jstype.JSType","com.google.javascript.rhino.jstype.UnionType",1
"147",3,"lang","org.apache.commons.lang3.builder.ReflectionToStringBuilder","org.apache.commons.lang3.builder.ToStringBuilder",3
"148",3,"lang","org.apache.commons.lang3.builder.ToStringBuilder","org.apache.commons.lang3.builder.ToStringStyle",19
"149",3,"lang","org.apache.commons.lang3.concurrent.MultiBackgroundInitializer","org.apache.commons.lang3.concurrent.BackgroundInitializer",8
"150",3,"lang","org.apache.commons.lang3.text.StrBuilder$StrBuilderReader","org.apache.commons.lang3.text.StrBuilder",4
"151",3,"lang","org.apache.commons.lang3.text.StrSubstitutor","org.apache.commons.lang3.text.StrBuilder",16
"152",3,"lang","org.apache.commons.lang3.text.translate.UnicodeEscaper","org.apache.commons.lang3.text.translate.CharSequenceTranslator",1
"153",3,"math","org.apache.commons.math.analysis.LaguerreSolver","org.apache.commons.math.complex.Complex",10
"154",3,"math","org.apache.commons.math.analysis.MullerSolver","org.apache.commons.math.analysis.UnivariateRealSolverImpl",58
"155",3,"math","org.apache.commons.math.fraction.ProperFractionFormat","org.apache.commons.math.fraction.FractionFormat",1
"156",3,"math","org.apache.commons.math.geometry.Rotation","org.apache.commons.math.geometry.Vector3D",2
"157",3,"math","org.apache.commons.math.linear.MatrixUtils","org.apache.commons.math.linear.BigMatrixImpl",1
"158",3,"math","org.apache.commons.math.ode.AbstractStepInterpolator","org.apache.commons.math.ode.DormandPrince853StepInterpolator",19
"159",3,"math","org.apache.commons.math.ode.ContinuousOutputModel","org.apache.commons.math.ode.AbstractStepInterpolator",20
"160",3,"math","org.apache.commons.math.ode.EmbeddedRungeKuttaIntegrator","org.apache.commons.math.ode.DormandPrince853Integrator",1
"161",3,"math","org.apache.commons.math.ode.EmbeddedRungeKuttaIntegrator","org.apache.commons.math.ode.HighamHall54Integrator",3
"162",3,"math","org.apache.commons.math.ode.GraggBulirschStoerIntegrator","org.apache.commons.math.ode.AdaptiveStepsizeIntegrator",17
"163",3,"math","org.apache.commons.math.ode.GraggBulirschStoerIntegrator","org.apache.commons.math.ode.SwitchingFunctionsHandler",3
"164",3,"math","org.apache.commons.math.ode.GraggBulirschStoerStepInterpolator","org.apache.commons.math.ode.AbstractStepInterpolator",20
"165",3,"math","org.apache.commons.math.ode.SwitchingFunctionsHandler","org.apache.commons.math.ode.SwitchState",10
"166",3,"math","org.apache.commons.math.ode.SwitchState","org.apache.commons.math.analysis.BrentSolver",4
"167",3,"math","org.apache.commons.math.optimization.NelderMead","org.apache.commons.math.optimization.DirectSearchOptimizer",58
"168",3,"math","org.apache.commons.math.random.EmpiricalDistributionImpl","org.apache.commons.math.stat.descriptive.SummaryStatistics",1
"169",3,"math","org.apache.commons.math.stat.descriptive.AbstractStorelessUnivariateStatistic","org.apache.commons.math.stat.descriptive.moment.Variance",2
"170",3,"math","org.apache.commons.math.stat.descriptive.DescriptiveStatistics","org.apache.commons.math.util.ResizableDoubleArray",8
"171",3,"math","org.apache.commons.math.transform.FastFourierTransformer","org.apache.commons.math.complex.Complex",335
"172",3,"mockito","org.mockito.asm.AnnotationWriter","org.mockito.asm.ClassWriter",432
"173",3,"mockito","org.mockito.asm.MethodWriter","org.mockito.asm.ByteVector",44
"174",3,"mockito","org.mockito.cglib.core.ClassEmitter","org.mockito.cglib.transform.impl.InterceptFieldTransformer",5
"175",3,"mockito","org.mockito.cglib.core.CodeEmitter","org.mockito.cglib.core.TypeUtils",7
"176",3,"mockito","org.mockito.cglib.core.EmitUtils","org.mockito.cglib.core.CodeEmitter",10
"177",3,"mockito","org.mockito.cglib.proxy.Enhancer","org.mockito.cglib.core.ReflectUtils",90
"178",3,"mockito","org.mockito.cglib.proxy.Mixin$Generator","org.mockito.cglib.core.AbstractClassGenerator",2
"179",3,"time","org.joda.time.base.AbstractPartial","org.joda.time.MonthDay",31
"180",3,"time","org.joda.time.base.AbstractPartial","org.joda.time.YearMonth",2
"181",3,"time","org.joda.time.base.BasePeriod","org.joda.time.base.AbstractPeriod",4
"182",3,"time","org.joda.time.chrono.BasicChronology","org.joda.time.chrono.CopticChronology",68
"183",3,"time","org.joda.time.chrono.BasicChronology","org.joda.time.chrono.IslamicChronology",6
"184",3,"time","org.joda.time.chrono.BasicWeekyearDateTimeField","org.joda.time.chrono.BasicChronology",37
"185",3,"time","org.joda.time.chrono.CopticChronology","org.joda.time.DateTimeZone",17
"186",3,"time","org.joda.time.chrono.GJChronology","org.joda.time.chrono.GJChronology$CutoverField",8
"187",3,"time","org.joda.time.chrono.GJChronology","org.joda.time.chrono.JulianChronology",1
"188",3,"time","org.joda.time.chrono.ISOChronology","org.joda.time.chrono.AssembledChronology",33
"189",3,"time","org.joda.time.chrono.ISOChronology","org.joda.time.DateTimeZone",22
"190",3,"time","org.joda.time.chrono.ZonedChronology","org.joda.time.DateTimeZone",1
"191",3,"time","org.joda.time.chrono.ZonedChronology$ZonedDateTimeField","org.joda.time.DateTimeZone",3
"192",3,"time","org.joda.time.DateTimeUtils","org.joda.time.DateTimeZone",30
"193",3,"time","org.joda.time.Days","org.joda.time.base.BaseSingleFieldPeriod",5
"194",3,"time","org.joda.time.format.DateTimeFormatter","org.joda.time.format.DateTimeParserBucket",3
"195",3,"time","org.joda.time.format.DateTimeFormatterBuilder$TextField","org.joda.time.format.DateTimeParserBucket",8
"196",3,"time","org.joda.time.format.ISODateTimeFormat","org.joda.time.format.DateTimeFormatterBuilder",1
"197",3,"time","org.joda.time.Hours","org.joda.time.base.BaseSingleFieldPeriod",1
"198",3,"time","org.joda.time.LocalDate","org.joda.time.format.ISODateTimeFormat",33
"199",3,"time","org.joda.time.LocalDateTime","org.joda.time.DateTimeZone",58
"200",3,"time","org.joda.time.Minutes","org.joda.time.base.BaseSingleFieldPeriod",5
"201",3,"time","org.joda.time.MutableInterval","org.joda.time.base.BaseInterval",6
"202",3,"time","org.joda.time.MutablePeriod","org.joda.time.base.BasePeriod",4
"203",3,"time","org.joda.time.Period","org.joda.time.base.BasePeriod",11
"204",3,"time","org.joda.time.Period","org.joda.time.PeriodType",95
"205",3,"time","org.joda.time.Seconds","org.joda.time.base.BaseSingleFieldPeriod",1
"206",3,"time","org.joda.time.tz.ZoneInfoCompiler","org.joda.time.DateTimeZone",3
"207",3,"time","org.joda.time.Weeks","org.joda.time.base.BaseSingleFieldPeriod",5
"208",3,"time","org.joda.time.YearMonthDay","org.joda.time.base.BasePartial",3
"209",4,"closure","com.google.javascript.rhino.head.IdScriptableObject","com.google.javascript.rhino.head.ScriptableObject",8
"210",4,"closure","com.google.javascript.rhino.head.Interpreter","com.google.javascript.rhino.head.InterpretedFunction",1
"211",4,"closure","com.google.javascript.rhino.head.IRFactory","com.google.javascript.rhino.head.Node",7
"212",4,"closure","com.google.javascript.rhino.head.IRFactory","com.google.javascript.rhino.head.Parser",6
"213",4,"closure","com.google.javascript.rhino.head.NativeArray","com.google.javascript.rhino.head.ScriptableObject",122
"214",4,"closure","com.google.javascript.rhino.head.NativeObject","com.google.javascript.rhino.head.ScriptableObject",8
"215",4,"closure","com.google.javascript.rhino.head.tools.debugger.Dim","com.google.javascript.rhino.head.ScriptRuntime",6
"216",4,"closure","com.google.javascript.rhino.head.tools.shell.Global","com.google.javascript.rhino.head.ScriptRuntime",27
"217",4,"lang","org.apache.commons.lang3.builder.ReflectionToStringBuilder","org.apache.commons.lang3.builder.ToStringBuilder",4
"218",4,"lang","org.apache.commons.lang3.builder.ToStringBuilder","org.apache.commons.lang3.builder.ToStringStyle",92
"219",4,"lang","org.apache.commons.lang3.text.StrBuilder$StrBuilderReader","org.apache.commons.lang3.text.StrBuilder",2
"220",4,"lang","org.apache.commons.lang3.text.StrSubstitutor","org.apache.commons.lang3.text.StrBuilder",24
"221",4,"math","org.apache.commons.math.analysis.MullerSolver","org.apache.commons.math.analysis.UnivariateRealSolverImpl",52
"222",4,"math","org.apache.commons.math.distribution.AbstractIntegerDistribution","org.apache.commons.math.distribution.HypergeometricDistributionImpl",4
"223",4,"math","org.apache.commons.math.fraction.ProperFractionFormat","org.apache.commons.math.fraction.FractionFormat",1
"224",4,"math","org.apache.commons.math.geometry.Rotation","org.apache.commons.math.geometry.Vector3D",6
"225",4,"math","org.apache.commons.math.linear.MatrixUtils","org.apache.commons.math.linear.BigMatrixImpl",12
"226",4,"math","org.apache.commons.math.ode.AbstractStepInterpolator","org.apache.commons.math.ode.DormandPrince853StepInterpolator",21
"227",4,"math","org.apache.commons.math.ode.ContinuousOutputModel","org.apache.commons.math.ode.AbstractStepInterpolator",9
"228",4,"math","org.apache.commons.math.ode.EmbeddedRungeKuttaIntegrator","org.apache.commons.math.ode.DormandPrince853Integrator",6
"229",4,"math","org.apache.commons.math.ode.EmbeddedRungeKuttaIntegrator","org.apache.commons.math.ode.HighamHall54Integrator",3
"230",4,"math","org.apache.commons.math.ode.GraggBulirschStoerIntegrator","org.apache.commons.math.ode.AdaptiveStepsizeIntegrator",13
"231",4,"math","org.apache.commons.math.ode.GraggBulirschStoerStepInterpolator","org.apache.commons.math.ode.AbstractStepInterpolator",24
"232",4,"math","org.apache.commons.math.ode.SwitchingFunctionsHandler","org.apache.commons.math.ode.SwitchState",28
"233",4,"math","org.apache.commons.math.ode.SwitchState","org.apache.commons.math.analysis.BrentSolver",8
"234",4,"math","org.apache.commons.math.optimization.NelderMead","org.apache.commons.math.optimization.DirectSearchOptimizer",44
"235",4,"math","org.apache.commons.math.stat.descriptive.AbstractStorelessUnivariateStatistic","org.apache.commons.math.stat.descriptive.moment.Variance",3
"236",4,"math","org.apache.commons.math.stat.descriptive.DescriptiveStatistics","org.apache.commons.math.util.ResizableDoubleArray",12
"237",4,"math","org.apache.commons.math.stat.inference.TTestImpl","org.apache.commons.math.stat.StatUtils",2
"238",4,"math","org.apache.commons.math.transform.FastFourierTransformer","org.apache.commons.math.complex.Complex",342
"239",4,"mockito","org.mockito.asm.AnnotationWriter","org.mockito.asm.ClassWriter",421
"240",4,"mockito","org.mockito.asm.MethodWriter","org.mockito.asm.ByteVector",49
"241",4,"mockito","org.mockito.asm.MethodWriter","org.mockito.asm.ClassWriter",3
"242",4,"mockito","org.mockito.asm.tree.analysis.BasicVerifier","org.mockito.asm.tree.analysis.BasicInterpreter",2
"243",4,"mockito","org.mockito.cglib.core.CodeEmitter","org.mockito.cglib.core.TypeUtils",12
"244",4,"mockito","org.mockito.cglib.core.EmitUtils","org.mockito.cglib.core.CodeEmitter",20
"245",4,"mockito","org.mockito.cglib.proxy.Enhancer","org.mockito.cglib.core.CodeEmitter",159
"246",4,"mockito","org.mockito.cglib.proxy.Enhancer","org.mockito.cglib.core.ReflectUtils",82
"247",4,"mockito","org.mockito.cglib.proxy.Mixin$Generator","org.mockito.cglib.core.AbstractClassGenerator",3
"248",4,"mockito","org.mockito.cglib.proxy.Mixin$Generator","org.mockito.cglib.core.ReflectUtils",68
"249",4,"time","org.joda.time.base.AbstractPartial","org.joda.time.MonthDay",4
"250",4,"time","org.joda.time.chrono.BasicChronology","org.joda.time.chrono.EthiopicChronology",2
"251",4,"time","org.joda.time.chrono.BasicChronology","org.joda.time.chrono.IslamicChronology",9
"252",4,"time","org.joda.time.chrono.BasicWeekyearDateTimeField","org.joda.time.chrono.BasicChronology",3
"253",4,"time","org.joda.time.chrono.CopticChronology","org.joda.time.DateTimeZone",52
"254",4,"time","org.joda.time.chrono.GJChronology","org.joda.time.chrono.GJChronology$CutoverField",4
"255",4,"time","org.joda.time.chrono.GJChronology","org.joda.time.chrono.JulianChronology",16
"256",4,"time","org.joda.time.chrono.ISOChronology","org.joda.time.chrono.AssembledChronology",15
"257",4,"time","org.joda.time.chrono.ISOChronology","org.joda.time.DateTimeZone",175
"258",4,"time","org.joda.time.chrono.ZonedChronology","org.joda.time.DateTimeZone",24
"259",4,"time","org.joda.time.chrono.ZonedChronology$ZonedDateTimeField","org.joda.time.DateTimeZone",34
"260",4,"time","org.joda.time.DateTimeUtils","org.joda.time.DateTimeZone",6
"261",4,"time","org.joda.time.DateTimeZone","org.joda.time.format.FormatUtils",1
"262",4,"time","org.joda.time.Days","org.joda.time.base.BaseSingleFieldPeriod",6
"263",4,"time","org.joda.time.format.DateTimeFormat","org.joda.time.format.DateTimeFormatterBuilder",2
"264",4,"time","org.joda.time.format.DateTimeFormatter","org.joda.time.DateTimeZone",16
"265",4,"time","org.joda.time.format.DateTimeFormatter","org.joda.time.format.DateTimeParserBucket",11
"266",4,"time","org.joda.time.format.DateTimeFormatterBuilder$TextField","org.joda.time.format.DateTimeParserBucket",4
"267",4,"time","org.joda.time.format.DateTimeParserBucket$SavedState","org.joda.time.format.DateTimeParserBucket",3
"268",4,"time","org.joda.time.Hours","org.joda.time.base.BaseSingleFieldPeriod",5
"269",4,"time","org.joda.time.LocalDate","org.joda.time.format.ISODateTimeFormat",6
"270",4,"time","org.joda.time.LocalDateTime","org.joda.time.DateTimeZone",14
"271",4,"time","org.joda.time.LocalDateTime","org.joda.time.format.DateTimeFormatter",3
"272",4,"time","org.joda.time.Minutes","org.joda.time.base.BaseSingleFieldPeriod",7
"273",4,"time","org.joda.time.MutableInterval","org.joda.time.base.BaseInterval",5
"274",4,"time","org.joda.time.MutablePeriod","org.joda.time.base.BasePeriod",3
"275",4,"time","org.joda.time.Period","org.joda.time.base.AbstractPeriod",3
"276",4,"time","org.joda.time.Period","org.joda.time.base.BasePeriod",19
"277",4,"time","org.joda.time.Period","org.joda.time.PeriodType",14
"278",4,"time","org.joda.time.Seconds","org.joda.time.base.BaseSingleFieldPeriod",4
"279",4,"time","org.joda.time.tz.ZoneInfoCompiler","org.joda.time.DateTimeZone",139
"280",4,"time","org.joda.time.Weeks","org.joda.time.base.BaseSingleFieldPeriod",7
"281",4,"time","org.joda.time.YearMonthDay","org.joda.time.base.BasePartial",3
"282",5,"closure","com.google.javascript.jscomp.NodeUtil","com.google.javascript.rhino.Node",3
"283",5,"closure","com.google.javascript.rhino.head.Interpreter","com.google.javascript.rhino.head.ScriptableObject",38
"284",5,"closure","com.google.javascript.rhino.head.IRFactory","com.google.javascript.rhino.head.Parser",7
"285",5,"closure","com.google.javascript.rhino.head.NativeArray","com.google.javascript.rhino.head.IdScriptableObject",3
"286",5,"closure","com.google.javascript.rhino.head.NativeArray","com.google.javascript.rhino.head.ScriptRuntime",7
"287",5,"closure","com.google.javascript.rhino.head.NativeObject","com.google.javascript.rhino.head.ScriptableObject",80
"288",5,"closure","com.google.javascript.rhino.head.ScriptRuntime","com.google.javascript.rhino.head.ScriptableObject",10
"289",5,"closure","com.google.javascript.rhino.head.tools.debugger.Dim","com.google.javascript.rhino.head.ScriptRuntime",1
"290",5,"lang","org.apache.commons.lang3.builder.ToStringBuilder","org.apache.commons.lang3.builder.ToStringStyle",41
"291",5,"lang","org.apache.commons.lang3.concurrent.MultiBackgroundInitializer","org.apache.commons.lang3.concurrent.BackgroundInitializer",5
"292",5,"lang","org.apache.commons.lang3.text.StrBuilder$StrBuilderReader","org.apache.commons.lang3.text.StrBuilder",5
"293",5,"lang","org.apache.commons.lang3.text.StrSubstitutor","org.apache.commons.lang3.text.StrBuilder",36
"294",5,"lang","org.apache.commons.lang3.text.StrTokenizer","org.apache.commons.lang3.text.StrMatcher",2
"295",5,"lang","org.apache.commons.lang3.text.translate.UnicodeEscaper","org.apache.commons.lang3.text.translate.CharSequenceTranslator",31
"296",5,"math","org.apache.commons.math.analysis.LaguerreSolver","org.apache.commons.math.complex.Complex",39
"297",5,"math","org.apache.commons.math.analysis.MullerSolver","org.apache.commons.math.analysis.UnivariateRealSolverImpl",56
"298",5,"math","org.apache.commons.math.distribution.AbstractIntegerDistribution","org.apache.commons.math.distribution.HypergeometricDistributionImpl",4
"299",5,"math","org.apache.commons.math.geometry.Rotation","org.apache.commons.math.geometry.Vector3D",3
"300",5,"math","org.apache.commons.math.linear.MatrixUtils","org.apache.commons.math.linear.BigMatrixImpl",1
"301",5,"math","org.apache.commons.math.ode.AbstractStepInterpolator","org.apache.commons.math.ode.DormandPrince853StepInterpolator",27
"302",5,"math","org.apache.commons.math.ode.ContinuousOutputModel","org.apache.commons.math.ode.AbstractStepInterpolator",2
"303",5,"math","org.apache.commons.math.ode.EmbeddedRungeKuttaIntegrator","org.apache.commons.math.ode.DormandPrince853Integrator",5
"304",5,"math","org.apache.commons.math.ode.EmbeddedRungeKuttaIntegrator","org.apache.commons.math.ode.HighamHall54Integrator",1
"305",5,"math","org.apache.commons.math.ode.GraggBulirschStoerIntegrator","org.apache.commons.math.ode.AdaptiveStepsizeIntegrator",15
"306",5,"math","org.apache.commons.math.ode.GraggBulirschStoerStepInterpolator","org.apache.commons.math.ode.AbstractStepInterpolator",9
"307",5,"math","org.apache.commons.math.ode.SwitchingFunctionsHandler","org.apache.commons.math.ode.SwitchState",27
"308",5,"math","org.apache.commons.math.ode.SwitchState","org.apache.commons.math.analysis.BrentSolver",10
"309",5,"math","org.apache.commons.math.optimization.NelderMead","org.apache.commons.math.optimization.DirectSearchOptimizer",18
"310",5,"math","org.apache.commons.math.stat.descriptive.AbstractStorelessUnivariateStatistic","org.apache.commons.math.stat.descriptive.moment.Variance",1
"311",5,"math","org.apache.commons.math.stat.descriptive.DescriptiveStatistics","org.apache.commons.math.util.ResizableDoubleArray",10
"312",5,"math","org.apache.commons.math.stat.inference.TTestImpl","org.apache.commons.math.stat.StatUtils",1
"313",5,"math","org.apache.commons.math.transform.FastFourierTransformer","org.apache.commons.math.complex.Complex",316
"314",5,"mockito","org.mockito.asm.AnnotationWriter","org.mockito.asm.ClassWriter",379
"315",5,"mockito","org.mockito.asm.MethodWriter","org.mockito.asm.ByteVector",33
"316",5,"mockito","org.mockito.cglib.core.CodeEmitter","org.mockito.cglib.core.TypeUtils",79
"317",5,"mockito","org.mockito.cglib.core.EmitUtils","org.mockito.cglib.core.CodeEmitter",16
"318",5,"mockito","org.mockito.cglib.proxy.Enhancer","org.mockito.cglib.core.ReflectUtils",91
"319",5,"mockito","org.mockito.cglib.proxy.Mixin$Generator","org.mockito.cglib.core.ReflectUtils",25
"320",5,"time","org.joda.time.base.AbstractPartial","org.joda.time.YearMonth",7
"321",5,"time","org.joda.time.base.BasePeriod","org.joda.time.base.AbstractPeriod",7
"322",5,"time","org.joda.time.chrono.BasicChronology","org.joda.time.chrono.CopticChronology",54
"323",5,"time","org.joda.time.chrono.BasicChronology","org.joda.time.chrono.IslamicChronology",10
"324",5,"time","org.joda.time.chrono.BasicWeekyearDateTimeField","org.joda.time.chrono.BasicChronology",3
"325",5,"time","org.joda.time.chrono.CopticChronology","org.joda.time.DateTimeZone",36
"326",5,"time","org.joda.time.chrono.GJChronology","org.joda.time.chrono.GJChronology$CutoverField",1
"327",5,"time","org.joda.time.chrono.GJChronology","org.joda.time.chrono.JulianChronology",5
"328",5,"time","org.joda.time.chrono.ISOChronology","org.joda.time.chrono.AssembledChronology",2
"329",5,"time","org.joda.time.chrono.ISOChronology","org.joda.time.DateTimeZone",34
"330",5,"time","org.joda.time.chrono.ZonedChronology","org.joda.time.DateTimeZone",17
"331",5,"time","org.joda.time.chrono.ZonedChronology$ZonedDateTimeField","org.joda.time.DateTimeZone",40
"332",5,"time","org.joda.time.DateTimeUtils","org.joda.time.DateTimeZone",11
"333",5,"time","org.joda.time.DateTimeZone","org.joda.time.format.DateTimeFormat",5
"334",5,"time","org.joda.time.DateTimeZone","org.joda.time.format.FormatUtils",5
"335",5,"time","org.joda.time.Days","org.joda.time.base.BaseSingleFieldPeriod",8
"336",5,"time","org.joda.time.format.DateTimeFormat","org.joda.time.format.DateTimeFormatterBuilder",2
"337",5,"time","org.joda.time.format.DateTimeFormatter","org.joda.time.DateTimeZone",34
"338",5,"time","org.joda.time.format.DateTimeFormatterBuilder$PaddedNumber","org.joda.time.format.DateTimeFormatterBuilder",3
"339",5,"time","org.joda.time.format.DateTimeFormatterBuilder$TextField","org.joda.time.format.DateTimeParserBucket",5
"340",5,"time","org.joda.time.format.DateTimeParserBucket$SavedState","org.joda.time.format.DateTimeParserBucket",1
"341",5,"time","org.joda.time.Hours","org.joda.time.base.BaseSingleFieldPeriod",4
"342",5,"time","org.joda.time.LocalDate","org.joda.time.format.ISODateTimeFormat",1
"343",5,"time","org.joda.time.LocalDateTime","org.joda.time.DateTimeZone",213
"344",5,"time","org.joda.time.LocalTime$Property","org.joda.time.LocalTime",3
"345",5,"time","org.joda.time.Minutes","org.joda.time.base.BaseSingleFieldPeriod",8
"346",5,"time","org.joda.time.MutableInterval","org.joda.time.base.BaseInterval",1
"347",5,"time","org.joda.time.MutablePeriod","org.joda.time.base.BasePeriod",5
"348",5,"time","org.joda.time.Period","org.joda.time.base.BasePeriod",7
"349",5,"time","org.joda.time.Period","org.joda.time.PeriodType",513
"350",5,"time","org.joda.time.Seconds","org.joda.time.base.BaseSingleFieldPeriod",4
"351",5,"time","org.joda.time.tz.ZoneInfoCompiler","org.joda.time.DateTimeZone",35
"352",5,"time","org.joda.time.Weeks","org.joda.time.base.BaseSingleFieldPeriod",5
"353",5,"time","org.joda.time.YearMonthDay","org.joda.time.base.BasePartial",6
"354",6,"closure","com.google.javascript.rhino.head.IRFactory","com.google.javascript.rhino.head.Node",6
"355",6,"closure","com.google.javascript.rhino.head.NativeArray","com.google.javascript.rhino.head.IdScriptableObject",9
"356",6,"closure","com.google.javascript.rhino.head.NativeObject","com.google.javascript.rhino.head.ScriptableObject",34
"357",6,"closure","com.google.javascript.rhino.head.ScriptRuntime","com.google.javascript.rhino.head.ScriptableObject",14
"358",6,"closure","com.google.javascript.rhino.head.tools.shell.Global","com.google.javascript.rhino.head.ScriptRuntime",1
"359",6,"lang","org.apache.commons.lang3.builder.ReflectionToStringBuilder","org.apache.commons.lang3.builder.ToStringBuilder",5
"360",6,"lang","org.apache.commons.lang3.builder.ToStringBuilder","org.apache.commons.lang3.builder.ToStringStyle",127
"361",6,"lang","org.apache.commons.lang3.text.StrBuilder$StrBuilderReader","org.apache.commons.lang3.text.StrBuilder",6
"362",6,"lang","org.apache.commons.lang3.text.StrSubstitutor","org.apache.commons.lang3.text.StrBuilder",28
"363",6,"math","org.apache.commons.math.analysis.LaguerreSolver","org.apache.commons.math.complex.Complex",113
"364",6,"math","org.apache.commons.math.analysis.MullerSolver","org.apache.commons.math.analysis.UnivariateRealSolverImpl",53
"365",6,"math","org.apache.commons.math.distribution.AbstractIntegerDistribution","org.apache.commons.math.distribution.HypergeometricDistributionImpl",3
"366",6,"math","org.apache.commons.math.geometry.Rotation","org.apache.commons.math.geometry.Vector3D",5
"367",6,"math","org.apache.commons.math.linear.MatrixUtils","org.apache.commons.math.linear.BigMatrixImpl",1
"368",6,"math","org.apache.commons.math.ode.AbstractStepInterpolator","org.apache.commons.math.ode.DormandPrince853StepInterpolator",24
"369",6,"math","org.apache.commons.math.ode.ContinuousOutputModel","org.apache.commons.math.ode.AbstractStepInterpolator",6
"370",6,"math","org.apache.commons.math.ode.EmbeddedRungeKuttaIntegrator","org.apache.commons.math.ode.DormandPrince853Integrator",1
"371",6,"math","org.apache.commons.math.ode.EmbeddedRungeKuttaIntegrator","org.apache.commons.math.ode.HighamHall54Integrator",5
"372",6,"math","org.apache.commons.math.ode.GraggBulirschStoerIntegrator","org.apache.commons.math.ode.AdaptiveStepsizeIntegrator",13
"373",6,"math","org.apache.commons.math.ode.GraggBulirschStoerStepInterpolator","org.apache.commons.math.ode.AbstractStepInterpolator",8
"374",6,"math","org.apache.commons.math.ode.SwitchingFunctionsHandler","org.apache.commons.math.ode.SwitchState",25
"375",6,"math","org.apache.commons.math.ode.SwitchState","org.apache.commons.math.analysis.BrentSolver",26
"376",6,"math","org.apache.commons.math.optimization.NelderMead","org.apache.commons.math.optimization.DirectSearchOptimizer",8
"377",6,"math","org.apache.commons.math.stat.descriptive.AbstractStorelessUnivariateStatistic","org.apache.commons.math.stat.descriptive.moment.Variance",2
"378",6,"math","org.apache.commons.math.stat.descriptive.DescriptiveStatistics","org.apache.commons.math.util.ResizableDoubleArray",16
"379",6,"math","org.apache.commons.math.stat.inference.TTestImpl","org.apache.commons.math.stat.StatUtils",1
"380",6,"math","org.apache.commons.math.transform.FastFourierTransformer","org.apache.commons.math.complex.Complex",250
"381",6,"mockito","org.mockito.asm.AnnotationWriter","org.mockito.asm.ClassWriter",368
"382",6,"mockito","org.mockito.asm.MethodWriter","org.mockito.asm.ByteVector",41
"383",6,"mockito","org.mockito.cglib.core.CodeEmitter","org.mockito.cglib.core.TypeUtils",10
"384",6,"mockito","org.mockito.cglib.core.EmitUtils","org.mockito.cglib.core.CodeEmitter",12
"385",6,"mockito","org.mockito.cglib.proxy.Enhancer","org.mockito.cglib.core.ReflectUtils",91
"386",6,"mockito","org.mockito.cglib.proxy.Mixin$Generator","org.mockito.cglib.core.ReflectUtils",60
"387",6,"time","org.joda.time.base.AbstractPartial","org.joda.time.YearMonth",1
"388",6,"time","org.joda.time.base.BasePeriod","org.joda.time.base.AbstractPeriod",1
"389",6,"time","org.joda.time.chrono.BasicChronology","org.joda.time.chrono.CopticChronology",54
"390",6,"time","org.joda.time.chrono.BasicChronology","org.joda.time.chrono.IslamicChronology",30
"391",6,"time","org.joda.time.chrono.BasicWeekyearDateTimeField","org.joda.time.chrono.BasicChronology",5
"392",6,"time","org.joda.time.chrono.CopticChronology","org.joda.time.DateTimeZone",18
"393",6,"time","org.joda.time.chrono.GJChronology","org.joda.time.chrono.JulianChronology",11
"394",6,"time","org.joda.time.chrono.ISOChronology","org.joda.time.chrono.AssembledChronology",10
"395",6,"time","org.joda.time.chrono.ISOChronology","org.joda.time.DateTimeZone",119
"396",6,"time","org.joda.time.chrono.ZonedChronology","org.joda.time.DateTimeZone",11
"397",6,"time","org.joda.time.chrono.ZonedChronology$ZonedDateTimeField","org.joda.time.DateTimeZone",16
"398",6,"time","org.joda.time.DateTimeUtils","org.joda.time.DateTimeZone",7
"399",6,"time","org.joda.time.DateTimeZone","org.joda.time.format.FormatUtils",2
"400",6,"time","org.joda.time.Days","org.joda.time.base.BaseSingleFieldPeriod",1
"401",6,"time","org.joda.time.format.DateTimeFormat","org.joda.time.format.DateTimeFormatterBuilder",4
"402",6,"time","org.joda.time.format.DateTimeFormatter","org.joda.time.DateTimeZone",3
"403",6,"time","org.joda.time.format.DateTimeFormatter","org.joda.time.format.DateTimeParserBucket",13
"404",6,"time","org.joda.time.format.DateTimeFormatterBuilder$PaddedNumber","org.joda.time.format.DateTimeFormatterBuilder",7
"405",6,"time","org.joda.time.format.DateTimeFormatterBuilder$TextField","org.joda.time.format.DateTimeParserBucket",6
"406",6,"time","org.joda.time.format.DateTimeParserBucket$SavedState","org.joda.time.format.DateTimeParserBucket",2
"407",6,"time","org.joda.time.format.ISODateTimeFormat","org.joda.time.format.DateTimeFormatterBuilder",1
"408",6,"time","org.joda.time.Hours","org.joda.time.base.BaseSingleFieldPeriod",2
"409",6,"time","org.joda.time.LocalDate","org.joda.time.format.ISODateTimeFormat",35
"410",6,"time","org.joda.time.LocalDateTime","org.joda.time.DateTimeZone",45
"411",6,"time","org.joda.time.LocalDateTime","org.joda.time.format.DateTimeFormatter",3
"412",6,"time","org.joda.time.LocalTime$Property","org.joda.time.LocalTime",3
"413",6,"time","org.joda.time.Minutes","org.joda.time.base.BaseSingleFieldPeriod",5
"414",6,"time","org.joda.time.MutableInterval","org.joda.time.base.BaseInterval",2
"415",6,"time","org.joda.time.MutablePeriod","org.joda.time.base.BasePeriod",8
"416",6,"time","org.joda.time.Period","org.joda.time.base.AbstractPeriod",1
"417",6,"time","org.joda.time.Period","org.joda.time.base.BasePeriod",7
"418",6,"time","org.joda.time.Period","org.joda.time.PeriodType",21
"419",6,"time","org.joda.time.Seconds","org.joda.time.base.BaseSingleFieldPeriod",10
"420",6,"time","org.joda.time.tz.ZoneInfoCompiler","org.joda.time.DateTimeZone",8
"421",6,"time","org.joda.time.Weeks","org.joda.time.base.BaseSingleFieldPeriod",5
"422",6,"time","org.joda.time.YearMonthDay","org.joda.time.base.BasePartial",6
"423",7,"closure","com.google.javascript.rhino.head.IdScriptableObject","com.google.javascript.rhino.head.ScriptableObject",25
"424",7,"closure","com.google.javascript.rhino.head.NativeArray","com.google.javascript.rhino.head.IdScriptableObject",38
"425",7,"closure","com.google.javascript.rhino.head.NativeArray","com.google.javascript.rhino.head.ScriptableObject",39
"426",7,"closure","com.google.javascript.rhino.head.NativeArray","com.google.javascript.rhino.head.ScriptRuntime",8
"427",7,"closure","com.google.javascript.rhino.head.tools.shell.Global","com.google.javascript.rhino.head.ScriptRuntime",3
"428",7,"closure","com.google.javascript.rhino.JSDocInfoBuilder","com.google.javascript.rhino.JSDocInfo",128
"429",7,"closure","com.google.javascript.rhino.jstype.JSType","com.google.javascript.rhino.jstype.UnionType",3
"430",7,"lang","org.apache.commons.lang3.builder.ReflectionToStringBuilder","org.apache.commons.lang3.builder.ToStringBuilder",3
"431",7,"lang","org.apache.commons.lang3.builder.ToStringBuilder","org.apache.commons.lang3.builder.ToStringStyle",42
"432",7,"lang","org.apache.commons.lang3.concurrent.MultiBackgroundInitializer","org.apache.commons.lang3.concurrent.BackgroundInitializer",6
"433",7,"lang","org.apache.commons.lang3.text.StrBuilder$StrBuilderReader","org.apache.commons.lang3.text.StrBuilder",2
"434",7,"lang","org.apache.commons.lang3.text.StrSubstitutor","org.apache.commons.lang3.text.StrBuilder",12
"435",7,"lang","org.apache.commons.lang3.text.translate.UnicodeEscaper","org.apache.commons.lang3.text.translate.CharSequenceTranslator",1
"436",7,"math","org.apache.commons.math.analysis.LaguerreSolver","org.apache.commons.math.complex.Complex",16
"437",7,"math","org.apache.commons.math.analysis.MullerSolver","org.apache.commons.math.analysis.UnivariateRealSolverImpl",54
"438",7,"math","org.apache.commons.math.distribution.AbstractIntegerDistribution","org.apache.commons.math.distribution.HypergeometricDistributionImpl",2
"439",7,"math","org.apache.commons.math.fraction.ProperFractionFormat","org.apache.commons.math.fraction.FractionFormat",1
"440",7,"math","org.apache.commons.math.geometry.Rotation","org.apache.commons.math.geometry.Vector3D",18
"441",7,"math","org.apache.commons.math.linear.MatrixUtils","org.apache.commons.math.linear.BigMatrixImpl",1
"442",7,"math","org.apache.commons.math.ode.AbstractStepInterpolator","org.apache.commons.math.ode.DormandPrince853StepInterpolator",26
"443",7,"math","org.apache.commons.math.ode.ContinuousOutputModel","org.apache.commons.math.ode.AbstractStepInterpolator",12
"444",7,"math","org.apache.commons.math.ode.EmbeddedRungeKuttaIntegrator","org.apache.commons.math.ode.DormandPrince853Integrator",4
"445",7,"math","org.apache.commons.math.ode.EmbeddedRungeKuttaIntegrator","org.apache.commons.math.ode.HighamHall54Integrator",4
"446",7,"math","org.apache.commons.math.ode.GraggBulirschStoerIntegrator","org.apache.commons.math.ode.AdaptiveStepsizeIntegrator",24
"447",7,"math","org.apache.commons.math.ode.GraggBulirschStoerStepInterpolator","org.apache.commons.math.ode.AbstractStepInterpolator",21
"448",7,"math","org.apache.commons.math.ode.SwitchingFunctionsHandler","org.apache.commons.math.ode.SwitchState",11
"449",7,"math","org.apache.commons.math.optimization.NelderMead","org.apache.commons.math.optimization.DirectSearchOptimizer",48
"450",7,"math","org.apache.commons.math.stat.descriptive.AbstractStorelessUnivariateStatistic","org.apache.commons.math.stat.descriptive.moment.Variance",3
"451",7,"math","org.apache.commons.math.stat.descriptive.DescriptiveStatistics","org.apache.commons.math.util.ResizableDoubleArray",25
"452",7,"math","org.apache.commons.math.transform.FastFourierTransformer","org.apache.commons.math.complex.Complex",281
"453",7,"mockito","org.mockito.asm.AnnotationWriter","org.mockito.asm.ClassWriter",463
"454",7,"mockito","org.mockito.asm.MethodWriter","org.mockito.asm.ByteVector",26
"455",7,"mockito","org.mockito.asm.MethodWriter","org.mockito.asm.ClassWriter",1
"456",7,"mockito","org.mockito.asm.tree.analysis.BasicVerifier","org.mockito.asm.tree.analysis.BasicInterpreter",5
"457",7,"mockito","org.mockito.cglib.core.ClassEmitter","org.mockito.cglib.transform.impl.InterceptFieldTransformer",10
"458",7,"mockito","org.mockito.cglib.core.CodeEmitter","org.mockito.cglib.core.TypeUtils",7
"459",7,"mockito","org.mockito.cglib.core.EmitUtils","org.mockito.cglib.core.CodeEmitter",2
"460",7,"mockito","org.mockito.cglib.proxy.Enhancer","org.mockito.cglib.core.ReflectUtils",91
"461",7,"time","org.joda.time.base.AbstractPartial","org.joda.time.MonthDay",9
"462",7,"time","org.joda.time.chrono.BasicChronology","org.joda.time.chrono.CopticChronology",13
"463",7,"time","org.joda.time.chrono.BasicChronology","org.joda.time.chrono.EthiopicChronology",21
"464",7,"time","org.joda.time.chrono.BasicChronology","org.joda.time.chrono.IslamicChronology",10
"465",7,"time","org.joda.time.chrono.BasicWeekyearDateTimeField","org.joda.time.chrono.BasicChronology",66
"466",7,"time","org.joda.time.chrono.CopticChronology","org.joda.time.DateTimeZone",15
"467",7,"time","org.joda.time.chrono.GJChronology","org.joda.time.chrono.JulianChronology",1
"468",7,"time","org.joda.time.chrono.ISOChronology","org.joda.time.chrono.AssembledChronology",7
"469",7,"time","org.joda.time.chrono.ISOChronology","org.joda.time.DateTimeZone",36
"470",7,"time","org.joda.time.chrono.ZonedChronology","org.joda.time.chrono.AssembledChronology",2
"471",7,"time","org.joda.time.chrono.ZonedChronology$ZonedDateTimeField","org.joda.time.DateTimeZone",5
"472",7,"time","org.joda.time.DateTimeUtils","org.joda.time.DateTimeZone",11
"473",7,"time","org.joda.time.Days","org.joda.time.base.BaseSingleFieldPeriod",4
"474",7,"time","org.joda.time.format.DateTimeFormat","org.joda.time.format.DateTimeFormatterBuilder",1
"475",7,"time","org.joda.time.format.DateTimeFormatter","org.joda.time.format.DateTimeParserBucket",4
"476",7,"time","org.joda.time.format.DateTimeFormatterBuilder$PaddedNumber","org.joda.time.format.DateTimeFormatterBuilder",3
"477",7,"time","org.joda.time.format.DateTimeParserBucket$SavedState","org.joda.time.format.DateTimeParserBucket",5
"478",7,"time","org.joda.time.Hours","org.joda.time.base.BaseSingleFieldPeriod",5
"479",7,"time","org.joda.time.LocalDate","org.joda.time.format.ISODateTimeFormat",1
"480",7,"time","org.joda.time.LocalDateTime","org.joda.time.DateTimeZone",22
"481",7,"time","org.joda.time.LocalDateTime","org.joda.time.format.DateTimeFormatter",3
"482",7,"time","org.joda.time.LocalTime$Property","org.joda.time.LocalTime",31
"483",7,"time","org.joda.time.Minutes","org.joda.time.base.BaseSingleFieldPeriod",1
"484",7,"time","org.joda.time.MutableInterval","org.joda.time.base.BaseInterval",2
"485",7,"time","org.joda.time.MutablePeriod","org.joda.time.base.BasePeriod",1
"486",7,"time","org.joda.time.Period","org.joda.time.base.AbstractPeriod",1
"487",7,"time","org.joda.time.Period","org.joda.time.base.BasePeriod",1
"488",7,"time","org.joda.time.Period","org.joda.time.PeriodType",13
"489",7,"time","org.joda.time.Seconds","org.joda.time.base.BaseSingleFieldPeriod",2
"490",7,"time","org.joda.time.tz.ZoneInfoCompiler","org.joda.time.DateTimeZone",14
"491",7,"time","org.joda.time.Weeks","org.joda.time.base.BaseSingleFieldPeriod",5
"492",7,"time","org.joda.time.YearMonthDay","org.joda.time.base.BasePartial",6
"493",8,"closure","com.google.javascript.rhino.head.IdScriptableObject","com.google.javascript.rhino.head.ScriptableObject",23
"494",8,"closure","com.google.javascript.rhino.head.Interpreter","com.google.javascript.rhino.head.ScriptableObject",7
"495",8,"closure","com.google.javascript.rhino.head.IRFactory","com.google.javascript.rhino.head.Parser",1
"496",8,"closure","com.google.javascript.rhino.head.regexp.NativeRegExp","com.google.javascript.rhino.head.ScriptRuntime",12
"497",8,"closure","com.google.javascript.rhino.head.tools.debugger.Dim","com.google.javascript.rhino.head.ScriptRuntime",3
"498",8,"closure","com.google.javascript.rhino.head.tools.shell.Global","com.google.javascript.rhino.head.ScriptRuntime",1
"499",8,"closure","com.google.javascript.rhino.jstype.JSType","com.google.javascript.rhino.jstype.ProxyObjectType",3
"500",8,"lang","org.apache.commons.lang3.builder.ToStringBuilder","org.apache.commons.lang3.builder.ToStringStyle",102
"501",8,"lang","org.apache.commons.lang3.builder.ToStringStyle","org.apache.commons.lang3.ClassUtils",1
"502",8,"lang","org.apache.commons.lang3.concurrent.MultiBackgroundInitializer","org.apache.commons.lang3.concurrent.BackgroundInitializer",3
"503",8,"lang","org.apache.commons.lang3.text.StrBuilder$StrBuilderReader","org.apache.commons.lang3.text.StrBuilder",108
"504",8,"lang","org.apache.commons.lang3.text.StrSubstitutor","org.apache.commons.lang3.text.StrBuilder",203
"505",8,"math","org.apache.commons.math.analysis.LaguerreSolver","org.apache.commons.math.complex.Complex",5
"506",8,"math","org.apache.commons.math.analysis.MullerSolver","org.apache.commons.math.analysis.UnivariateRealSolverImpl",50
"507",8,"math","org.apache.commons.math.distribution.AbstractIntegerDistribution","org.apache.commons.math.distribution.HypergeometricDistributionImpl",3
"508",8,"math","org.apache.commons.math.fraction.ProperFractionFormat","org.apache.commons.math.fraction.FractionFormat",2
"509",8,"math","org.apache.commons.math.geometry.Rotation","org.apache.commons.math.geometry.Vector3D",4
"510",8,"math","org.apache.commons.math.linear.MatrixUtils","org.apache.commons.math.linear.BigMatrixImpl",1
"511",8,"math","org.apache.commons.math.ode.AbstractStepInterpolator","org.apache.commons.math.ode.DormandPrince853StepInterpolator",77
"512",8,"math","org.apache.commons.math.ode.ContinuousOutputModel","org.apache.commons.math.ode.AbstractStepInterpolator",8
"513",8,"math","org.apache.commons.math.ode.EmbeddedRungeKuttaIntegrator","org.apache.commons.math.ode.DormandPrince853Integrator",4
"514",8,"math","org.apache.commons.math.ode.GraggBulirschStoerIntegrator","org.apache.commons.math.ode.AdaptiveStepsizeIntegrator",14
"515",8,"math","org.apache.commons.math.ode.GraggBulirschStoerIntegrator","org.apache.commons.math.ode.SwitchingFunctionsHandler",8
"516",8,"math","org.apache.commons.math.ode.GraggBulirschStoerStepInterpolator","org.apache.commons.math.ode.AbstractStepInterpolator",19
"517",8,"math","org.apache.commons.math.ode.SwitchingFunctionsHandler","org.apache.commons.math.ode.SwitchState",4
"518",8,"math","org.apache.commons.math.ode.SwitchState","org.apache.commons.math.analysis.BrentSolver",10
"519",8,"math","org.apache.commons.math.optimization.NelderMead","org.apache.commons.math.optimization.DirectSearchOptimizer",28
"520",8,"math","org.apache.commons.math.stat.descriptive.AbstractStorelessUnivariateStatistic","org.apache.commons.math.stat.descriptive.moment.Variance",2
"521",8,"math","org.apache.commons.math.stat.descriptive.DescriptiveStatistics","org.apache.commons.math.util.ResizableDoubleArray",14
"522",8,"math","org.apache.commons.math.stat.inference.TTestImpl","org.apache.commons.math.stat.StatUtils",2
"523",8,"math","org.apache.commons.math.transform.FastFourierTransformer","org.apache.commons.math.complex.Complex",256
"524",8,"mockito","org.mockito.asm.AnnotationWriter","org.mockito.asm.ClassWriter",426
"525",8,"mockito","org.mockito.asm.MethodWriter","org.mockito.asm.ByteVector",25
"526",8,"mockito","org.mockito.asm.tree.analysis.BasicVerifier","org.mockito.asm.tree.analysis.BasicInterpreter",2
"527",8,"mockito","org.mockito.cglib.core.ClassEmitter","org.mockito.cglib.transform.impl.InterceptFieldTransformer",8
"528",8,"mockito","org.mockito.cglib.core.CodeEmitter","org.mockito.cglib.core.TypeUtils",10
"529",8,"mockito","org.mockito.cglib.core.EmitUtils","org.mockito.cglib.core.CodeEmitter",13
"530",8,"mockito","org.mockito.cglib.proxy.Enhancer","org.mockito.cglib.core.ReflectUtils",91
"531",8,"mockito","org.mockito.cglib.proxy.Mixin$Generator","org.mockito.cglib.core.AbstractClassGenerator",3
"532",8,"mockito","org.mockito.cglib.proxy.Mixin$Generator","org.mockito.cglib.core.ReflectUtils",29
"533",8,"time","org.joda.time.base.AbstractPartial","org.joda.time.YearMonth",8
"534",8,"time","org.joda.time.base.BasePeriod","org.joda.time.base.AbstractPeriod",10
"535",8,"time","org.joda.time.chrono.BasicChronology","org.joda.time.chrono.IslamicChronology",72
"536",8,"time","org.joda.time.chrono.BasicWeekyearDateTimeField","org.joda.time.chrono.BasicChronology",54
"537",8,"time","org.joda.time.chrono.CopticChronology","org.joda.time.DateTimeZone",17
"538",8,"time","org.joda.time.chrono.GJChronology","org.joda.time.chrono.JulianChronology",5
"539",8,"time","org.joda.time.chrono.ISOChronology","org.joda.time.chrono.AssembledChronology",99
"540",8,"time","org.joda.time.chrono.ISOChronology","org.joda.time.DateTimeZone",23
"541",8,"time","org.joda.time.chrono.ZonedChronology","org.joda.time.DateTimeZone",170
"542",8,"time","org.joda.time.chrono.ZonedChronology$ZonedDateTimeField","org.joda.time.DateTimeZone",16
"543",8,"time","org.joda.time.DateTimeUtils","org.joda.time.DateTimeZone",58
"544",8,"time","org.joda.time.DateTimeZone","org.joda.time.format.FormatUtils",1
"545",8,"time","org.joda.time.Days","org.joda.time.base.BaseSingleFieldPeriod",3
"546",8,"time","org.joda.time.format.DateTimeFormat","org.joda.time.format.DateTimeFormatterBuilder",29
"547",8,"time","org.joda.time.format.DateTimeFormatter","org.joda.time.DateTimeZone",4
"548",8,"time","org.joda.time.format.DateTimeFormatter","org.joda.time.format.DateTimeParserBucket",3
"549",8,"time","org.joda.time.format.DateTimeFormatterBuilder$PaddedNumber","org.joda.time.format.DateTimeFormatterBuilder",15
"550",8,"time","org.joda.time.format.DateTimeFormatterBuilder$TextField","org.joda.time.format.DateTimeParserBucket",8
"551",8,"time","org.joda.time.Hours","org.joda.time.base.BaseSingleFieldPeriod",6
"552",8,"time","org.joda.time.LocalDate","org.joda.time.format.ISODateTimeFormat",1
"553",8,"time","org.joda.time.LocalDateTime","org.joda.time.DateTimeZone",9
"554",8,"time","org.joda.time.LocalDateTime","org.joda.time.format.DateTimeFormatter",6
"555",8,"time","org.joda.time.Minutes","org.joda.time.base.BaseSingleFieldPeriod",6
"556",8,"time","org.joda.time.MutableInterval","org.joda.time.base.BaseInterval",2
"557",8,"time","org.joda.time.MutablePeriod","org.joda.time.base.BasePeriod",3
"558",8,"time","org.joda.time.Period","org.joda.time.base.AbstractPeriod",4
"559",8,"time","org.joda.time.Period","org.joda.time.base.BasePeriod",6
"560",8,"time","org.joda.time.Period","org.joda.time.PeriodType",22
"561",8,"time","org.joda.time.Seconds","org.joda.time.base.BaseSingleFieldPeriod",4
"562",8,"time","org.joda.time.tz.ZoneInfoCompiler","org.joda.time.DateTimeZone",20
"563",8,"time","org.joda.time.Weeks","org.joda.time.base.BaseSingleFieldPeriod",9
"564",8,"time","org.joda.time.YearMonthDay","org.joda.time.base.BasePartial",15
"565",9,"closure","com.google.javascript.rhino.head.IRFactory","com.google.javascript.rhino.head.Parser",2
"566",9,"closure","com.google.javascript.rhino.head.NativeArray","com.google.javascript.rhino.head.IdScriptableObject",12
"567",9,"closure","com.google.javascript.rhino.head.NativeObject","com.google.javascript.rhino.head.ScriptableObject",78
"568",9,"closure","com.google.javascript.rhino.head.ScriptableObject","com.google.javascript.rhino.head.FunctionObject",3
"569",9,"closure","com.google.javascript.rhino.head.tools.shell.Global","com.google.javascript.rhino.head.ScriptRuntime",7
"570",9,"closure","com.google.javascript.rhino.jstype.JSType","com.google.javascript.rhino.jstype.FunctionType",11
"571",9,"lang","org.apache.commons.lang3.builder.ToStringBuilder","org.apache.commons.lang3.builder.ToStringStyle",2
"572",9,"lang","org.apache.commons.lang3.concurrent.MultiBackgroundInitializer","org.apache.commons.lang3.concurrent.BackgroundInitializer",6
"573",9,"lang","org.apache.commons.lang3.text.StrBuilder$StrBuilderReader","org.apache.commons.lang3.text.StrBuilder",3
"574",9,"lang","org.apache.commons.lang3.text.StrSubstitutor","org.apache.commons.lang3.text.StrBuilder",25
"575",9,"math","org.apache.commons.math.analysis.LaguerreSolver","org.apache.commons.math.complex.Complex",24
"576",9,"math","org.apache.commons.math.analysis.MullerSolver","org.apache.commons.math.analysis.UnivariateRealSolverImpl",54
"577",9,"math","org.apache.commons.math.distribution.AbstractIntegerDistribution","org.apache.commons.math.distribution.HypergeometricDistributionImpl",13
"578",9,"math","org.apache.commons.math.fraction.ProperFractionFormat","org.apache.commons.math.fraction.FractionFormat",4
"579",9,"math","org.apache.commons.math.geometry.Rotation","org.apache.commons.math.geometry.Vector3D",4
"580",9,"math","org.apache.commons.math.linear.MatrixUtils","org.apache.commons.math.linear.BigMatrixImpl",1
"581",9,"math","org.apache.commons.math.ode.AbstractStepInterpolator","org.apache.commons.math.ode.DormandPrince853StepInterpolator",32
"582",9,"math","org.apache.commons.math.ode.ContinuousOutputModel","org.apache.commons.math.ode.AbstractStepInterpolator",12
"583",9,"math","org.apache.commons.math.ode.EmbeddedRungeKuttaIntegrator","org.apache.commons.math.ode.DormandPrince853Integrator",1
"584",9,"math","org.apache.commons.math.ode.EmbeddedRungeKuttaIntegrator","org.apache.commons.math.ode.HighamHall54Integrator",8
"585",9,"math","org.apache.commons.math.ode.GraggBulirschStoerIntegrator","org.apache.commons.math.ode.AdaptiveStepsizeIntegrator",25
"586",9,"math","org.apache.commons.math.ode.GraggBulirschStoerIntegrator","org.apache.commons.math.ode.SwitchingFunctionsHandler",13
"587",9,"math","org.apache.commons.math.ode.GraggBulirschStoerStepInterpolator","org.apache.commons.math.ode.AbstractStepInterpolator",19
"588",9,"math","org.apache.commons.math.ode.SwitchingFunctionsHandler","org.apache.commons.math.ode.SwitchState",30
"589",9,"math","org.apache.commons.math.ode.SwitchState","org.apache.commons.math.analysis.BrentSolver",12
"590",9,"math","org.apache.commons.math.optimization.NelderMead","org.apache.commons.math.optimization.DirectSearchOptimizer",30
"591",9,"math","org.apache.commons.math.stat.descriptive.AbstractStorelessUnivariateStatistic","org.apache.commons.math.stat.descriptive.moment.Variance",6
"592",9,"math","org.apache.commons.math.stat.descriptive.DescriptiveStatistics","org.apache.commons.math.util.ResizableDoubleArray",11
"593",9,"math","org.apache.commons.math.transform.FastFourierTransformer","org.apache.commons.math.complex.Complex",318
"594",9,"mockito","org.mockito.asm.AnnotationWriter","org.mockito.asm.ClassWriter",399
"595",9,"mockito","org.mockito.asm.MethodWriter","org.mockito.asm.ByteVector",14
"596",9,"mockito","org.mockito.cglib.core.CodeEmitter","org.mockito.cglib.core.TypeUtils",11
"597",9,"mockito","org.mockito.cglib.core.EmitUtils","org.mockito.cglib.core.CodeEmitter",19
"598",9,"mockito","org.mockito.cglib.proxy.Enhancer","org.mockito.cglib.core.CodeEmitter",171
"599",9,"mockito","org.mockito.cglib.proxy.Enhancer","org.mockito.cglib.core.ReflectUtils",82
"600",9,"mockito","org.mockito.cglib.proxy.Mixin$Generator","org.mockito.cglib.core.ReflectUtils",69
"601",9,"time","org.joda.time.base.AbstractPartial","org.joda.time.TimeOfDay",2
"602",9,"time","org.joda.time.base.AbstractPartial","org.joda.time.YearMonth",1
"603",9,"time","org.joda.time.chrono.BasicChronology","org.joda.time.chrono.CopticChronology",14
"604",9,"time","org.joda.time.chrono.BasicChronology","org.joda.time.chrono.EthiopicChronology",1
"605",9,"time","org.joda.time.chrono.BasicChronology","org.joda.time.chrono.IslamicChronology",8
"606",9,"time","org.joda.time.chrono.BasicWeekyearDateTimeField","org.joda.time.chrono.BasicChronology",47
"607",9,"time","org.joda.time.chrono.CopticChronology","org.joda.time.DateTimeZone",21
"608",9,"time","org.joda.time.chrono.GJChronology","org.joda.time.chrono.GJChronology$CutoverField",7
"609",9,"time","org.joda.time.chrono.ISOChronology","org.joda.time.chrono.AssembledChronology",8
"610",9,"time","org.joda.time.chrono.ISOChronology","org.joda.time.DateTimeZone",29
"611",9,"time","org.joda.time.chrono.ZonedChronology","org.joda.time.DateTimeZone",150
"612",9,"time","org.joda.time.chrono.ZonedChronology$ZonedDateTimeField","org.joda.time.DateTimeZone",21
"613",9,"time","org.joda.time.Days","org.joda.time.base.BaseSingleFieldPeriod",2
"614",9,"time","org.joda.time.format.DateTimeFormat","org.joda.time.format.DateTimeFormatterBuilder",1
"615",9,"time","org.joda.time.format.DateTimeFormatter","org.joda.time.DateTimeZone",2
"616",9,"time","org.joda.time.format.DateTimeFormatter","org.joda.time.format.DateTimeParserBucket",1
"617",9,"time","org.joda.time.format.DateTimeFormatterBuilder$PaddedNumber","org.joda.time.format.DateTimeFormatterBuilder",54
"618",9,"time","org.joda.time.format.DateTimeFormatterBuilder$TextField","org.joda.time.format.DateTimeParserBucket",5
"619",9,"time","org.joda.time.Hours","org.joda.time.base.BaseSingleFieldPeriod",8
"620",9,"time","org.joda.time.LocalDate","org.joda.time.DateTime",5
"621",9,"time","org.joda.time.LocalDate","org.joda.time.format.ISODateTimeFormat",5
"622",9,"time","org.joda.time.LocalDateTime","org.joda.time.DateTimeZone",31
"623",9,"time","org.joda.time.LocalDateTime","org.joda.time.format.DateTimeFormatter",3
"624",9,"time","org.joda.time.LocalTime$Property","org.joda.time.LocalTime",5
"625",9,"time","org.joda.time.Minutes","org.joda.time.base.BaseSingleFieldPeriod",1
"626",9,"time","org.joda.time.MutableInterval","org.joda.time.base.BaseInterval",2
"627",9,"time","org.joda.time.MutablePeriod","org.joda.time.base.BasePeriod",8
"628",9,"time","org.joda.time.Period","org.joda.time.base.AbstractPeriod",1
"629",9,"time","org.joda.time.Period","org.joda.time.base.BasePeriod",7
"630",9,"time","org.joda.time.Period","org.joda.time.PeriodType",544
"631",9,"time","org.joda.time.Seconds","org.joda.time.base.BaseSingleFieldPeriod",2
"632",9,"time","org.joda.time.tz.ZoneInfoCompiler","org.joda.time.DateTimeZone",63
"633",9,"time","org.joda.time.Weeks","org.joda.time.base.BaseSingleFieldPeriod",8
"634",9,"time","org.joda.time.YearMonthDay","org.joda.time.base.BasePartial",6
"635",10,"closure","com.google.javascript.jscomp.NodeUtil","com.google.javascript.rhino.Node",16
"636",10,"closure","com.google.javascript.rhino.head.IdScriptableObject","com.google.javascript.rhino.head.ScriptableObject",18
"637",10,"closure","com.google.javascript.rhino.head.IRFactory","com.google.javascript.rhino.head.Parser",4
"638",10,"closure","com.google.javascript.rhino.head.NativeArray","com.google.javascript.rhino.head.IdScriptableObject",3
"639",10,"closure","com.google.javascript.rhino.head.ScriptableObject","com.google.javascript.rhino.head.FunctionObject",1
"640",10,"closure","com.google.javascript.rhino.head.tools.debugger.Dim","com.google.javascript.rhino.head.ScriptRuntime",2
"641",10,"closure","com.google.javascript.rhino.head.tools.shell.Global","com.google.javascript.rhino.head.ScriptRuntime",1
"642",10,"closure","com.google.javascript.rhino.jstype.JSType","com.google.javascript.rhino.jstype.FunctionType",9
"643",10,"closure","com.google.javascript.rhino.jstype.JSType","com.google.javascript.rhino.jstype.UnionType",1
"644",10,"lang","org.apache.commons.lang3.builder.ReflectionToStringBuilder","org.apache.commons.lang3.builder.ToStringBuilder",1
"645",10,"lang","org.apache.commons.lang3.builder.ToStringBuilder","org.apache.commons.lang3.builder.ToStringStyle",64
"646",10,"lang","org.apache.commons.lang3.concurrent.MultiBackgroundInitializer","org.apache.commons.lang3.concurrent.BackgroundInitializer",8
"647",10,"lang","org.apache.commons.lang3.text.StrBuilder$StrBuilderReader","org.apache.commons.lang3.text.StrBuilder",2
"648",10,"lang","org.apache.commons.lang3.text.StrSubstitutor","org.apache.commons.lang3.text.StrBuilder",6
"649",10,"lang","org.apache.commons.lang3.text.translate.UnicodeEscaper","org.apache.commons.lang3.text.translate.CharSequenceTranslator",1
"650",10,"math","org.apache.commons.math.analysis.LaguerreSolver","org.apache.commons.math.complex.Complex",3
"651",10,"math","org.apache.commons.math.analysis.MullerSolver","org.apache.commons.math.analysis.UnivariateRealSolverImpl",55
"652",10,"math","org.apache.commons.math.distribution.AbstractIntegerDistribution","org.apache.commons.math.distribution.HypergeometricDistributionImpl",3
"653",10,"math","org.apache.commons.math.geometry.Rotation","org.apache.commons.math.geometry.Vector3D",1
"654",10,"math","org.apache.commons.math.linear.MatrixUtils","org.apache.commons.math.linear.BigMatrixImpl",1
"655",10,"math","org.apache.commons.math.ode.AbstractStepInterpolator","org.apache.commons.math.ode.DormandPrince853StepInterpolator",26
"656",10,"math","org.apache.commons.math.ode.ContinuousOutputModel","org.apache.commons.math.ode.AbstractStepInterpolator",3
"657",10,"math","org.apache.commons.math.ode.EmbeddedRungeKuttaIntegrator","org.apache.commons.math.ode.DormandPrince853Integrator",2
"658",10,"math","org.apache.commons.math.ode.EmbeddedRungeKuttaIntegrator","org.apache.commons.math.ode.HighamHall54Integrator",3
"659",10,"math","org.apache.commons.math.ode.GraggBulirschStoerIntegrator","org.apache.commons.math.ode.AdaptiveStepsizeIntegrator",18
"660",10,"math","org.apache.commons.math.ode.GraggBulirschStoerStepInterpolator","org.apache.commons.math.ode.AbstractStepInterpolator",14
"661",10,"math","org.apache.commons.math.ode.SwitchingFunctionsHandler","org.apache.commons.math.ode.SwitchState",8
"662",10,"math","org.apache.commons.math.ode.SwitchState","org.apache.commons.math.analysis.BrentSolver",2
"663",10,"math","org.apache.commons.math.optimization.NelderMead","org.apache.commons.math.optimization.DirectSearchOptimizer",17
"664",10,"math","org.apache.commons.math.stat.descriptive.AbstractStorelessUnivariateStatistic","org.apache.commons.math.stat.descriptive.moment.Variance",3
"665",10,"math","org.apache.commons.math.stat.descriptive.DescriptiveStatistics","org.apache.commons.math.util.ResizableDoubleArray",13
"666",10,"math","org.apache.commons.math.transform.FastFourierTransformer","org.apache.commons.math.complex.Complex",249
"667",10,"mockito","org.mockito.asm.AnnotationWriter","org.mockito.asm.ClassWriter",418
"668",10,"mockito","org.mockito.asm.MethodWriter","org.mockito.asm.ByteVector",16
"669",10,"mockito","org.mockito.cglib.core.CodeEmitter","org.mockito.cglib.core.TypeUtils",16
"670",10,"mockito","org.mockito.cglib.core.EmitUtils","org.mockito.cglib.core.CodeEmitter",17
"671",10,"mockito","org.mockito.cglib.proxy.Enhancer","org.mockito.cglib.core.CodeEmitter",168
"672",10,"mockito","org.mockito.cglib.proxy.Enhancer","org.mockito.cglib.core.ReflectUtils",90
"673",10,"time","org.joda.time.base.AbstractPartial","org.joda.time.MonthDay",25
"674",10,"time","org.joda.time.base.AbstractPartial","org.joda.time.YearMonth",20
"675",10,"time","org.joda.time.chrono.BasicChronology","org.joda.time.chrono.CopticChronology",6
"676",10,"time","org.joda.time.chrono.BasicChronology","org.joda.time.chrono.IslamicChronology",18
"677",10,"time","org.joda.time.chrono.BasicWeekyearDateTimeField","org.joda.time.chrono.BasicChronology",8
"678",10,"time","org.joda.time.chrono.CopticChronology","org.joda.time.DateTimeZone",54
"679",10,"time","org.joda.time.chrono.GJChronology","org.joda.time.chrono.JulianChronology",8
"680",10,"time","org.joda.time.chrono.ISOChronology","org.joda.time.chrono.AssembledChronology",9
"681",10,"time","org.joda.time.chrono.ISOChronology","org.joda.time.DateTimeZone",33
"682",10,"time","org.joda.time.chrono.ZonedChronology","org.joda.time.chrono.AssembledChronology",1
"683",10,"time","org.joda.time.chrono.ZonedChronology","org.joda.time.DateTimeZone",36
"684",10,"time","org.joda.time.chrono.ZonedChronology$ZonedDateTimeField","org.joda.time.DateTimeZone",52
"685",10,"time","org.joda.time.DateTimeUtils","org.joda.time.DateTimeZone",11
"686",10,"time","org.joda.time.Days","org.joda.time.base.BaseSingleFieldPeriod",7
"687",10,"time","org.joda.time.format.DateTimeFormatter","org.joda.time.DateTimeZone",22
"688",10,"time","org.joda.time.format.DateTimeFormatter","org.joda.time.format.DateTimeParserBucket",12
"689",10,"time","org.joda.time.format.DateTimeFormatterBuilder$PaddedNumber","org.joda.time.format.DateTimeFormatterBuilder",7
"690",10,"time","org.joda.time.format.DateTimeFormatterBuilder$TextField","org.joda.time.format.DateTimeParserBucket",6
"691",10,"time","org.joda.time.Hours","org.joda.time.base.BaseSingleFieldPeriod",4
"692",10,"time","org.joda.time.LocalDate","org.joda.time.format.ISODateTimeFormat",3
"693",10,"time","org.joda.time.LocalDateTime","org.joda.time.DateTimeZone",98
"694",10,"time","org.joda.time.LocalDateTime","org.joda.time.format.DateTimeFormatter",1
"695",10,"time","org.joda.time.LocalTime$Property","org.joda.time.LocalTime",3
"696",10,"time","org.joda.time.Minutes","org.joda.time.base.BaseSingleFieldPeriod",7
"697",10,"time","org.joda.time.MutableInterval","org.joda.time.base.BaseInterval",1
"698",10,"time","org.joda.time.MutablePeriod","org.joda.time.base.BasePeriod",1
"699",10,"time","org.joda.time.Period","org.joda.time.base.BasePeriod",5
"700",10,"time","org.joda.time.Period","org.joda.time.PeriodType",85
"701",10,"time","org.joda.time.Seconds","org.joda.time.base.BaseSingleFieldPeriod",1
"702",10,"time","org.joda.time.tz.ZoneInfoCompiler","org.joda.time.DateTimeZone",69
"703",10,"time","org.joda.time.Weeks","org.joda.time.base.BaseSingleFieldPeriod",9
"704",10,"time","org.joda.time.YearMonthDay","org.joda.time.base.BasePartial",6
"705",11,"closure","com.google.javascript.rhino.head.IdScriptableObject","com.google.javascript.rhino.head.ScriptableObject",25
"706",11,"closure","com.google.javascript.rhino.head.Interpreter","com.google.javascript.rhino.head.ScriptableObject",72
"707",11,"closure","com.google.javascript.rhino.head.IRFactory","com.google.javascript.rhino.head.Parser",47
"708",11,"closure","com.google.javascript.rhino.head.NativeArray","com.google.javascript.rhino.head.IdScriptableObject",3
"709",11,"closure","com.google.javascript.rhino.head.NativeArray","com.google.javascript.rhino.head.ScriptableObject",26
"710",11,"closure","com.google.javascript.rhino.head.NativeArray","com.google.javascript.rhino.head.ScriptRuntime",26
"711",11,"closure","com.google.javascript.rhino.head.NativeObject","com.google.javascript.rhino.head.ScriptableObject",231
"712",11,"closure","com.google.javascript.rhino.head.regexp.NativeRegExp","com.google.javascript.rhino.head.ScriptRuntime",26
"713",11,"closure","com.google.javascript.rhino.head.ScriptRuntime","com.google.javascript.rhino.head.ScriptableObject",13
"714",11,"closure","com.google.javascript.rhino.head.tools.debugger.Dim","com.google.javascript.rhino.head.ScriptRuntime",30
"715",11,"lang","org.apache.commons.lang3.builder.ReflectionToStringBuilder","org.apache.commons.lang3.builder.ToStringBuilder",14
"716",11,"lang","org.apache.commons.lang3.builder.ToStringBuilder","org.apache.commons.lang3.builder.ToStringStyle",30
"717",11,"lang","org.apache.commons.lang3.builder.ToStringStyle","org.apache.commons.lang3.ClassUtils",7
"718",11,"lang","org.apache.commons.lang3.concurrent.MultiBackgroundInitializer","org.apache.commons.lang3.concurrent.BackgroundInitializer",13
"719",11,"lang","org.apache.commons.lang3.StringUtils","org.apache.commons.lang3.ArrayUtils",2
"720",11,"lang","org.apache.commons.lang3.text.StrBuilder$StrBuilderReader","org.apache.commons.lang3.text.StrBuilder",67
"721",11,"lang","org.apache.commons.lang3.text.StrSubstitutor","org.apache.commons.lang3.text.StrBuilder",267
"722",11,"lang","org.apache.commons.lang3.text.StrTokenizer","org.apache.commons.lang3.text.StrMatcher",9
"723",11,"lang","org.apache.commons.lang3.text.translate.UnicodeEscaper","org.apache.commons.lang3.text.translate.CharSequenceTranslator",3
"724",11,"math","org.apache.commons.math.analysis.LaguerreSolver","org.apache.commons.math.complex.Complex",142
"725",11,"math","org.apache.commons.math.analysis.MullerSolver","org.apache.commons.math.analysis.UnivariateRealSolverImpl",58
"726",11,"math","org.apache.commons.math.distribution.AbstractIntegerDistribution","org.apache.commons.math.distribution.HypergeometricDistributionImpl",45
"727",11,"math","org.apache.commons.math.fraction.ProperFractionFormat","org.apache.commons.math.fraction.FractionFormat",41
"728",11,"math","org.apache.commons.math.geometry.Rotation","org.apache.commons.math.geometry.Vector3D",66
"729",11,"math","org.apache.commons.math.linear.MatrixUtils","org.apache.commons.math.linear.BigMatrixImpl",17
"730",11,"math","org.apache.commons.math.ode.AbstractStepInterpolator","org.apache.commons.math.ode.DormandPrince853StepInterpolator",66
"731",11,"math","org.apache.commons.math.ode.ContinuousOutputModel","org.apache.commons.math.ode.AbstractStepInterpolator",21
"732",11,"math","org.apache.commons.math.ode.EmbeddedRungeKuttaIntegrator","org.apache.commons.math.ode.DormandPrince853Integrator",5
"733",11,"math","org.apache.commons.math.ode.EmbeddedRungeKuttaIntegrator","org.apache.commons.math.ode.HighamHall54Integrator",2
"734",11,"math","org.apache.commons.math.ode.GraggBulirschStoerIntegrator","org.apache.commons.math.ode.AdaptiveStepsizeIntegrator",40
"735",11,"math","org.apache.commons.math.ode.GraggBulirschStoerIntegrator","org.apache.commons.math.ode.SwitchingFunctionsHandler",6
"736",11,"math","org.apache.commons.math.ode.GraggBulirschStoerStepInterpolator","org.apache.commons.math.ode.AbstractStepInterpolator",12
"737",11,"math","org.apache.commons.math.ode.SwitchingFunctionsHandler","org.apache.commons.math.ode.SwitchState",33
"738",11,"math","org.apache.commons.math.ode.SwitchState","org.apache.commons.math.analysis.BrentSolver",2
"739",11,"math","org.apache.commons.math.optimization.NelderMead","org.apache.commons.math.optimization.DirectSearchOptimizer",51
"740",11,"math","org.apache.commons.math.stat.descriptive.AbstractStorelessUnivariateStatistic","org.apache.commons.math.stat.descriptive.moment.Variance",26
"741",11,"math","org.apache.commons.math.stat.descriptive.DescriptiveStatistics","org.apache.commons.math.util.ResizableDoubleArray",77
"742",11,"math","org.apache.commons.math.stat.inference.TTestImpl","org.apache.commons.math.stat.StatUtils",2
"743",11,"math","org.apache.commons.math.transform.FastFourierTransformer","org.apache.commons.math.complex.Complex",347
"744",11,"mockito","org.mockito.asm.AnnotationWriter","org.mockito.asm.ClassWriter",420
"745",11,"mockito","org.mockito.asm.MethodWriter","org.mockito.asm.ByteVector",28
"746",11,"mockito","org.mockito.asm.MethodWriter","org.mockito.asm.ClassWriter",17
"747",11,"mockito","org.mockito.asm.tree.analysis.BasicVerifier","org.mockito.asm.tree.analysis.BasicInterpreter",25
"748",11,"mockito","org.mockito.asm.tree.analysis.BasicVerifier","org.mockito.asm.tree.analysis.SimpleVerifier",10
"749",11,"mockito","org.mockito.cglib.core.CodeEmitter","org.mockito.cglib.core.TypeUtils",81
"750",11,"mockito","org.mockito.cglib.core.EmitUtils","org.mockito.cglib.core.CodeEmitter",45
"751",11,"mockito","org.mockito.cglib.proxy.Enhancer","org.mockito.cglib.core.CodeEmitter",240
"752",11,"mockito","org.mockito.cglib.proxy.Enhancer","org.mockito.cglib.core.ReflectUtils",81
"753",11,"mockito","org.mockito.cglib.proxy.Mixin$Generator","org.mockito.cglib.core.AbstractClassGenerator",2
"754",11,"mockito","org.mockito.cglib.proxy.Mixin$Generator","org.mockito.cglib.core.ReflectUtils",123
"755",11,"time","org.joda.time.base.AbstractPartial","org.joda.time.MonthDay",22
"756",11,"time","org.joda.time.base.AbstractPartial","org.joda.time.TimeOfDay",32
"757",11,"time","org.joda.time.base.AbstractPartial","org.joda.time.YearMonth",19
"758",11,"time","org.joda.time.base.BasePeriod","org.joda.time.base.AbstractPeriod",52
"759",11,"time","org.joda.time.chrono.BasicChronology","org.joda.time.chrono.EthiopicChronology",1
"760",11,"time","org.joda.time.chrono.BasicChronology","org.joda.time.chrono.IslamicChronology",158
"761",11,"time","org.joda.time.chrono.BasicWeekyearDateTimeField","org.joda.time.chrono.BasicChronology",226
"762",11,"time","org.joda.time.chrono.CopticChronology","org.joda.time.DateTimeZone",212
"763",11,"time","org.joda.time.chrono.GJChronology","org.joda.time.chrono.GJChronology$CutoverField",14
"764",11,"time","org.joda.time.chrono.GJChronology","org.joda.time.chrono.JulianChronology",37
"765",11,"time","org.joda.time.chrono.ISOChronology","org.joda.time.chrono.AssembledChronology",25
"766",11,"time","org.joda.time.chrono.ISOChronology","org.joda.time.DateTimeZone",156
"767",11,"time","org.joda.time.chrono.ZonedChronology","org.joda.time.chrono.AssembledChronology",2
"768",11,"time","org.joda.time.chrono.ZonedChronology","org.joda.time.DateTimeZone",116
"769",11,"time","org.joda.time.chrono.ZonedChronology$ZonedDateTimeField","org.joda.time.DateTimeZone",100
"770",11,"time","org.joda.time.DateTimeUtils","org.joda.time.DateTimeZone",108
"771",11,"time","org.joda.time.DateTimeZone","org.joda.time.format.DateTimeFormat",11
"772",11,"time","org.joda.time.Days","org.joda.time.base.BaseSingleFieldPeriod",58
"773",11,"time","org.joda.time.format.DateTimeFormat","org.joda.time.format.DateTimeFormat$StyleFormatter",2
"774",11,"time","org.joda.time.format.DateTimeFormat","org.joda.time.format.DateTimeFormatterBuilder",12
"775",11,"time","org.joda.time.format.DateTimeFormatter","org.joda.time.DateTimeZone",103
"776",11,"time","org.joda.time.format.DateTimeFormatter","org.joda.time.format.DateTimeParserBucket",37
"777",11,"time","org.joda.time.format.DateTimeFormatterBuilder$PaddedNumber","org.joda.time.format.DateTimeFormatterBuilder",17
"778",11,"time","org.joda.time.format.DateTimeFormatterBuilder$TextField","org.joda.time.format.DateTimeParserBucket",48
"779",11,"time","org.joda.time.format.DateTimeParserBucket$SavedState","org.joda.time.format.DateTimeParserBucket",15
"780",11,"time","org.joda.time.Hours","org.joda.time.base.BaseSingleFieldPeriod",47
"781",11,"time","org.joda.time.LocalDate","org.joda.time.format.ISODateTimeFormat",28
"782",11,"time","org.joda.time.LocalDateTime","org.joda.time.DateTimeZone",149
"783",11,"time","org.joda.time.LocalDateTime","org.joda.time.format.DateTimeFormatter",16
"784",11,"time","org.joda.time.LocalTime$Property","org.joda.time.LocalTime",16
"785",11,"time","org.joda.time.Minutes","org.joda.time.base.BaseSingleFieldPeriod",59
"786",11,"time","org.joda.time.MutableInterval","org.joda.time.base.BaseInterval",3
"787",11,"time","org.joda.time.MutablePeriod","org.joda.time.base.BasePeriod",41
"788",11,"time","org.joda.time.Period","org.joda.time.base.AbstractPeriod",26
"789",11,"time","org.joda.time.Period","org.joda.time.base.BasePeriod",65
"790",11,"time","org.joda.time.Period","org.joda.time.PeriodType",12
"791",11,"time","org.joda.time.Seconds","org.joda.time.base.BaseSingleFieldPeriod",50
"792",11,"time","org.joda.time.tz.ZoneInfoCompiler","org.joda.time.DateTimeZone",179
"793",11,"time","org.joda.time.Weeks","org.joda.time.base.BaseSingleFieldPeriod",68
"794",11,"time","org.joda.time.YearMonthDay","org.joda.time.base.BasePartial",3
"795",12,"closure","com.google.javascript.rhino.head.IdScriptableObject","com.google.javascript.rhino.head.ScriptableObject",120
"796",12,"closure","com.google.javascript.rhino.head.IRFactory","com.google.javascript.rhino.head.Node",29
"797",12,"closure","com.google.javascript.rhino.head.IRFactory","com.google.javascript.rhino.head.Parser",85
"798",12,"closure","com.google.javascript.rhino.head.NativeArray","com.google.javascript.rhino.head.IdScriptableObject",75
"799",12,"closure","com.google.javascript.rhino.head.NativeArray","com.google.javascript.rhino.head.ScriptableObject",16
"800",12,"closure","com.google.javascript.rhino.head.NativeObject","com.google.javascript.rhino.head.ScriptableObject",292
"801",12,"closure","com.google.javascript.rhino.head.regexp.NativeRegExp","com.google.javascript.rhino.head.ScriptRuntime",19
"802",12,"closure","com.google.javascript.rhino.head.ScriptRuntime","com.google.javascript.rhino.head.ScriptableObject",77
"803",12,"closure","com.google.javascript.rhino.head.tools.debugger.Dim","com.google.javascript.rhino.head.ScriptRuntime",9
"804",12,"closure","com.google.javascript.rhino.jstype.JSType","com.google.javascript.rhino.jstype.UnionType",47
"805",12,"lang","org.apache.commons.lang3.builder.ReflectionToStringBuilder","org.apache.commons.lang3.builder.ToStringBuilder",14
"806",12,"lang","org.apache.commons.lang3.builder.ToStringBuilder","org.apache.commons.lang3.builder.ToStringStyle",103
"807",12,"lang","org.apache.commons.lang3.builder.ToStringStyle","org.apache.commons.lang3.ClassUtils",7
"808",12,"lang","org.apache.commons.lang3.concurrent.MultiBackgroundInitializer","org.apache.commons.lang3.concurrent.BackgroundInitializer",10
"809",12,"lang","org.apache.commons.lang3.text.StrBuilder$StrBuilderReader","org.apache.commons.lang3.text.StrBuilder",76
"810",12,"lang","org.apache.commons.lang3.text.StrSubstitutor","org.apache.commons.lang3.text.StrBuilder",271
"811",12,"lang","org.apache.commons.lang3.text.StrTokenizer","org.apache.commons.lang3.text.StrMatcher",4
"812",12,"lang","org.apache.commons.lang3.text.translate.UnicodeEscaper","org.apache.commons.lang3.text.translate.CharSequenceTranslator",31
"813",12,"math","org.apache.commons.math.analysis.LaguerreSolver","org.apache.commons.math.complex.Complex",36
"814",12,"math","org.apache.commons.math.analysis.MullerSolver","org.apache.commons.math.analysis.UnivariateRealSolverImpl",53
"815",12,"math","org.apache.commons.math.distribution.AbstractIntegerDistribution","org.apache.commons.math.distribution.HypergeometricDistributionImpl",73
"816",12,"math","org.apache.commons.math.fraction.ProperFractionFormat","org.apache.commons.math.fraction.FractionFormat",48
"817",12,"math","org.apache.commons.math.geometry.Rotation","org.apache.commons.math.geometry.Vector3D",83
"818",12,"math","org.apache.commons.math.linear.MatrixUtils","org.apache.commons.math.linear.BigMatrixImpl",1
"819",12,"math","org.apache.commons.math.ode.AbstractStepInterpolator","org.apache.commons.math.ode.DormandPrince853StepInterpolator",65
"820",12,"math","org.apache.commons.math.ode.ContinuousOutputModel","org.apache.commons.math.ode.AbstractStepInterpolator",19
"821",12,"math","org.apache.commons.math.ode.EmbeddedRungeKuttaIntegrator","org.apache.commons.math.ode.DormandPrince853Integrator",23
"822",12,"math","org.apache.commons.math.ode.EmbeddedRungeKuttaIntegrator","org.apache.commons.math.ode.HighamHall54Integrator",6
"823",12,"math","org.apache.commons.math.ode.GraggBulirschStoerIntegrator","org.apache.commons.math.ode.AdaptiveStepsizeIntegrator",41
"824",12,"math","org.apache.commons.math.ode.GraggBulirschStoerIntegrator","org.apache.commons.math.ode.SwitchingFunctionsHandler",15
"825",12,"math","org.apache.commons.math.ode.GraggBulirschStoerStepInterpolator","org.apache.commons.math.ode.AbstractStepInterpolator",9
"826",12,"math","org.apache.commons.math.ode.SwitchingFunctionsHandler","org.apache.commons.math.ode.SwitchState",34
"827",12,"math","org.apache.commons.math.ode.SwitchState","org.apache.commons.math.analysis.BrentSolver",19
"828",12,"math","org.apache.commons.math.optimization.NelderMead","org.apache.commons.math.optimization.DirectSearchOptimizer",69
"829",12,"math","org.apache.commons.math.random.EmpiricalDistributionImpl","org.apache.commons.math.stat.descriptive.SummaryStatistics",5
"830",12,"math","org.apache.commons.math.stat.descriptive.AbstractStorelessUnivariateStatistic","org.apache.commons.math.stat.descriptive.moment.Variance",71
"831",12,"math","org.apache.commons.math.stat.descriptive.DescriptiveStatistics","org.apache.commons.math.util.ResizableDoubleArray",89
"832",12,"math","org.apache.commons.math.stat.inference.TTestImpl","org.apache.commons.math.stat.StatUtils",1
"833",12,"math","org.apache.commons.math.transform.FastFourierTransformer","org.apache.commons.math.complex.Complex",288
"834",12,"mockito","org.mockito.asm.AnnotationWriter","org.mockito.asm.ClassWriter",379
"835",12,"mockito","org.mockito.asm.MethodWriter","org.mockito.asm.ByteVector",30
"836",12,"mockito","org.mockito.asm.MethodWriter","org.mockito.asm.ClassWriter",4
"837",12,"mockito","org.mockito.asm.tree.analysis.BasicVerifier","org.mockito.asm.tree.analysis.BasicInterpreter",18
"838",12,"mockito","org.mockito.asm.tree.analysis.BasicVerifier","org.mockito.asm.tree.analysis.SimpleVerifier",8
"839",12,"mockito","org.mockito.asm.util.ASMifierClassVisitor","org.mockito.asm.util.ASMifierAbstractVisitor",16
"840",12,"mockito","org.mockito.cglib.core.CodeEmitter","org.mockito.cglib.core.TypeUtils",77
"841",12,"mockito","org.mockito.cglib.core.EmitUtils","org.mockito.cglib.core.CodeEmitter",76
"842",12,"mockito","org.mockito.cglib.proxy.Enhancer","org.mockito.cglib.core.ReflectUtils",90
"843",12,"mockito","org.mockito.cglib.proxy.Mixin$Generator","org.mockito.cglib.core.AbstractClassGenerator",9
"844",12,"mockito","org.mockito.cglib.proxy.Mixin$Generator","org.mockito.cglib.core.ReflectUtils",152
"845",12,"time","org.joda.time.base.AbstractPartial","org.joda.time.MonthDay",44
"846",12,"time","org.joda.time.base.AbstractPartial","org.joda.time.TimeOfDay",1
"847",12,"time","org.joda.time.base.AbstractPartial","org.joda.time.YearMonth",1
"848",12,"time","org.joda.time.base.BasePeriod","org.joda.time.base.AbstractPeriod",62
"849",12,"time","org.joda.time.chrono.BasicChronology","org.joda.time.chrono.CopticChronology",4
"850",12,"time","org.joda.time.chrono.BasicChronology","org.joda.time.chrono.EthiopicChronology",7
"851",12,"time","org.joda.time.chrono.BasicChronology","org.joda.time.chrono.IslamicChronology",9
"852",12,"time","org.joda.time.chrono.BasicWeekyearDateTimeField","org.joda.time.chrono.BasicChronology",250
"853",12,"time","org.joda.time.chrono.CopticChronology","org.joda.time.DateTimeZone",176
"854",12,"time","org.joda.time.chrono.GJChronology","org.joda.time.chrono.JulianChronology",22
"855",12,"time","org.joda.time.chrono.ISOChronology","org.joda.time.chrono.AssembledChronology",34
"856",12,"time","org.joda.time.chrono.ZonedChronology","org.joda.time.chrono.AssembledChronology",9
"857",12,"time","org.joda.time.chrono.ZonedChronology","org.joda.time.DateTimeZone",149
"858",12,"time","org.joda.time.chrono.ZonedChronology$ZonedDateTimeField","org.joda.time.DateTimeZone",104
"859",12,"time","org.joda.time.DateTimeUtils","org.joda.time.DateTimeZone",127
"860",12,"time","org.joda.time.DateTimeZone","org.joda.time.format.DateTimeFormat",11
"861",12,"time","org.joda.time.DateTimeZone","org.joda.time.format.FormatUtils",1
"862",12,"time","org.joda.time.Days","org.joda.time.base.BaseSingleFieldPeriod",63
"863",12,"time","org.joda.time.format.DateTimeFormat","org.joda.time.format.DateTimeFormatterBuilder",34
"864",12,"time","org.joda.time.format.DateTimeFormatter","org.joda.time.DateTimeZone",110
"865",12,"time","org.joda.time.format.DateTimeFormatter","org.joda.time.format.DateTimeParserBucket",65
"866",12,"time","org.joda.time.format.DateTimeFormatterBuilder$PaddedNumber","org.joda.time.format.DateTimeFormatterBuilder",25
"867",12,"time","org.joda.time.format.DateTimeFormatterBuilder$TextField","org.joda.time.format.DateTimeParserBucket",75
"868",12,"time","org.joda.time.format.DateTimeFormatterBuilder$TextField","org.joda.time.MutableDateTime",20
"869",12,"time","org.joda.time.format.DateTimeParserBucket$SavedState","org.joda.time.format.DateTimeParserBucket",15
"870",12,"time","org.joda.time.format.ISODateTimeFormat","org.joda.time.format.DateTimeFormatterBuilder",2
"871",12,"time","org.joda.time.Hours","org.joda.time.base.BaseSingleFieldPeriod",38
"872",12,"time","org.joda.time.LocalDate","org.joda.time.format.ISODateTimeFormat",27
"873",12,"time","org.joda.time.LocalDateTime","org.joda.time.DateTimeZone",277
"874",12,"time","org.joda.time.LocalDateTime","org.joda.time.format.DateTimeFormatter",8
"875",12,"time","org.joda.time.LocalTime$Property","org.joda.time.LocalTime",8
"876",12,"time","org.joda.time.Minutes","org.joda.time.base.BaseSingleFieldPeriod",58
"877",12,"time","org.joda.time.MutablePeriod","org.joda.time.base.BasePeriod",63
"878",12,"time","org.joda.time.Period","org.joda.time.base.AbstractPeriod",6
"879",12,"time","org.joda.time.Period","org.joda.time.base.BasePeriod",33
"880",12,"time","org.joda.time.Period","org.joda.time.PeriodType",88
"881",12,"time","org.joda.time.Seconds","org.joda.time.base.BaseSingleFieldPeriod",74
"882",12,"time","org.joda.time.Weeks","org.joda.time.base.BaseSingleFieldPeriod",81
"883",12,"time","org.joda.time.YearMonthDay","org.joda.time.base.BasePartial",6
"884",13,"closure","com.google.javascript.rhino.head.Interpreter","com.google.javascript.rhino.head.ScriptableObject",97
"885",13,"closure","com.google.javascript.rhino.head.IRFactory","com.google.javascript.rhino.head.Node",17
"886",13,"closure","com.google.javascript.rhino.head.NativeArray","com.google.javascript.rhino.head.IdScriptableObject",104
"887",13,"closure","com.google.javascript.rhino.head.NativeArray","com.google.javascript.rhino.head.ScriptableObject",76
"888",13,"closure","com.google.javascript.rhino.head.NativeObject","com.google.javascript.rhino.head.ScriptableObject",218
"889",13,"closure","com.google.javascript.rhino.head.regexp.NativeRegExp","com.google.javascript.rhino.head.ScriptRuntime",90
"890",13,"closure","com.google.javascript.rhino.head.tools.debugger.Dim","com.google.javascript.rhino.head.ScriptRuntime",14
"891",13,"closure","com.google.javascript.rhino.JSDocInfoBuilder","com.google.javascript.rhino.JSDocInfo",123
"892",13,"closure","com.google.javascript.rhino.jstype.JSType","com.google.javascript.rhino.jstype.UnionType",6
"893",13,"lang","org.apache.commons.lang3.builder.ReflectionToStringBuilder","org.apache.commons.lang3.builder.ToStringBuilder",18
"894",13,"lang","org.apache.commons.lang3.builder.ToStringBuilder","org.apache.commons.lang3.builder.ToStringStyle",78
"895",13,"lang","org.apache.commons.lang3.builder.ToStringStyle","org.apache.commons.lang3.ClassUtils",7
"896",13,"lang","org.apache.commons.lang3.concurrent.MultiBackgroundInitializer","org.apache.commons.lang3.concurrent.BackgroundInitializer",8
"897",13,"lang","org.apache.commons.lang3.StringUtils","org.apache.commons.lang3.ArrayUtils",2
"898",13,"lang","org.apache.commons.lang3.text.StrBuilder$StrBuilderReader","org.apache.commons.lang3.text.StrBuilder",66
"899",13,"lang","org.apache.commons.lang3.text.StrSubstitutor","org.apache.commons.lang3.text.StrBuilder",186
"900",13,"lang","org.apache.commons.lang3.text.StrTokenizer","org.apache.commons.lang3.text.StrMatcher",7
"901",13,"math","org.apache.commons.math.analysis.LaguerreSolver","org.apache.commons.math.complex.Complex",238
"902",13,"math","org.apache.commons.math.analysis.MullerSolver","org.apache.commons.math.analysis.UnivariateRealSolverImpl",58
"903",13,"math","org.apache.commons.math.distribution.AbstractIntegerDistribution","org.apache.commons.math.distribution.HypergeometricDistributionImpl",38
"904",13,"math","org.apache.commons.math.fraction.ProperFractionFormat","org.apache.commons.math.fraction.FractionFormat",29
"905",13,"math","org.apache.commons.math.geometry.Rotation","org.apache.commons.math.geometry.Vector3D",83
"906",13,"math","org.apache.commons.math.linear.MatrixUtils","org.apache.commons.math.linear.BigMatrixImpl",15
"907",13,"math","org.apache.commons.math.ode.AbstractStepInterpolator","org.apache.commons.math.ode.DormandPrince853StepInterpolator",64
"908",13,"math","org.apache.commons.math.ode.ContinuousOutputModel","org.apache.commons.math.ode.AbstractStepInterpolator",15
"909",13,"math","org.apache.commons.math.ode.EmbeddedRungeKuttaIntegrator","org.apache.commons.math.ode.DormandPrince853Integrator",5
"910",13,"math","org.apache.commons.math.ode.EmbeddedRungeKuttaIntegrator","org.apache.commons.math.ode.HighamHall54Integrator",5
"911",13,"math","org.apache.commons.math.ode.GraggBulirschStoerIntegrator","org.apache.commons.math.ode.AdaptiveStepsizeIntegrator",66
"912",13,"math","org.apache.commons.math.ode.GraggBulirschStoerIntegrator","org.apache.commons.math.ode.SwitchingFunctionsHandler",29
"913",13,"math","org.apache.commons.math.ode.GraggBulirschStoerStepInterpolator","org.apache.commons.math.ode.AbstractStepInterpolator",23
"914",13,"math","org.apache.commons.math.ode.SwitchingFunctionsHandler","org.apache.commons.math.ode.SwitchState",22
"915",13,"math","org.apache.commons.math.ode.SwitchState","org.apache.commons.math.analysis.BrentSolver",75
"916",13,"math","org.apache.commons.math.optimization.NelderMead","org.apache.commons.math.optimization.DirectSearchOptimizer",61
"917",13,"math","org.apache.commons.math.stat.descriptive.AbstractStorelessUnivariateStatistic","org.apache.commons.math.stat.descriptive.moment.Variance",36
"918",13,"math","org.apache.commons.math.stat.descriptive.DescriptiveStatistics","org.apache.commons.math.util.ResizableDoubleArray",116
"919",13,"math","org.apache.commons.math.stat.inference.TTestImpl","org.apache.commons.math.stat.StatUtils",2
"920",13,"math","org.apache.commons.math.transform.FastFourierTransformer","org.apache.commons.math.complex.Complex",301
"921",13,"mockito","org.mockito.asm.AnnotationWriter","org.mockito.asm.ClassWriter",268
"922",13,"mockito","org.mockito.asm.MethodWriter","org.mockito.asm.ByteVector",36
"923",13,"mockito","org.mockito.asm.MethodWriter","org.mockito.asm.ClassWriter",8
"924",13,"mockito","org.mockito.asm.tree.analysis.BasicVerifier","org.mockito.asm.tree.analysis.BasicInterpreter",2
"925",13,"mockito","org.mockito.asm.util.ASMifierClassVisitor","org.mockito.asm.util.ASMifierAbstractVisitor",24
"926",13,"mockito","org.mockito.cglib.core.ClassEmitter","org.mockito.cglib.transform.impl.InterceptFieldTransformer",10
"927",13,"mockito","org.mockito.cglib.core.CodeEmitter","org.mockito.cglib.core.TypeUtils",7
"928",13,"mockito","org.mockito.cglib.core.EmitUtils","org.mockito.cglib.core.CodeEmitter",146
"929",13,"mockito","org.mockito.cglib.proxy.Enhancer","org.mockito.cglib.core.ReflectUtils",90
"930",13,"mockito","org.mockito.cglib.proxy.Mixin$Generator","org.mockito.cglib.core.AbstractClassGenerator",4
"931",13,"time","org.joda.time.base.AbstractPartial","org.joda.time.MonthDay",40
"932",13,"time","org.joda.time.base.AbstractPartial","org.joda.time.TimeOfDay",41
"933",13,"time","org.joda.time.base.BasePeriod","org.joda.time.base.AbstractPeriod",39
"934",13,"time","org.joda.time.chrono.BasicChronology","org.joda.time.chrono.CopticChronology",52
"935",13,"time","org.joda.time.chrono.BasicChronology","org.joda.time.chrono.EthiopicChronology",22
"936",13,"time","org.joda.time.chrono.BasicChronology","org.joda.time.chrono.IslamicChronology",15
"937",13,"time","org.joda.time.chrono.BasicWeekyearDateTimeField","org.joda.time.chrono.BasicChronology",40
"938",13,"time","org.joda.time.chrono.CopticChronology","org.joda.time.DateTimeZone",171
"939",13,"time","org.joda.time.chrono.GJChronology","org.joda.time.chrono.GJChronology$CutoverField",2
"940",13,"time","org.joda.time.chrono.GJChronology","org.joda.time.chrono.JulianChronology",41
"941",13,"time","org.joda.time.chrono.ISOChronology","org.joda.time.chrono.AssembledChronology",89
"942",13,"time","org.joda.time.chrono.ISOChronology","org.joda.time.DateTimeZone",141
"943",13,"time","org.joda.time.chrono.ZonedChronology","org.joda.time.chrono.AssembledChronology",13
"944",13,"time","org.joda.time.chrono.ZonedChronology","org.joda.time.DateTimeZone",101
"945",13,"time","org.joda.time.chrono.ZonedChronology$ZonedDateTimeField","org.joda.time.DateTimeZone",116
"946",13,"time","org.joda.time.DateTimeUtils","org.joda.time.DateTimeZone",138
"947",13,"time","org.joda.time.DateTimeZone","org.joda.time.field.FieldUtils",1
"948",13,"time","org.joda.time.Days","org.joda.time.base.BaseSingleFieldPeriod",68
"949",13,"time","org.joda.time.format.DateTimeFormat","org.joda.time.format.DateTimeFormatterBuilder",12
"950",13,"time","org.joda.time.format.DateTimeFormatter","org.joda.time.DateTimeZone",86
"951",13,"time","org.joda.time.format.DateTimeFormatter","org.joda.time.format.DateTimeParserBucket",69
"952",13,"time","org.joda.time.format.DateTimeFormatterBuilder$PaddedNumber","org.joda.time.format.DateTimeFormatterBuilder",24
"953",13,"time","org.joda.time.format.DateTimeFormatterBuilder$TextField","org.joda.time.format.DateTimeParserBucket",86
"954",13,"time","org.joda.time.format.DateTimeFormatterBuilder$TextField","org.joda.time.MutableDateTime",4
"955",13,"time","org.joda.time.format.DateTimeParserBucket$SavedState","org.joda.time.format.DateTimeParserBucket",34
"956",13,"time","org.joda.time.format.ISODateTimeFormat","org.joda.time.format.DateTimeFormatterBuilder",2
"957",13,"time","org.joda.time.Hours","org.joda.time.base.BaseSingleFieldPeriod",53
"958",13,"time","org.joda.time.LocalDate","org.joda.time.DateTime",8
"959",13,"time","org.joda.time.LocalDate","org.joda.time.format.ISODateTimeFormat",39
"960",13,"time","org.joda.time.LocalDateTime","org.joda.time.DateTimeZone",170
"961",13,"time","org.joda.time.LocalDateTime","org.joda.time.format.DateTimeFormatter",25
"962",13,"time","org.joda.time.LocalTime$Property","org.joda.time.LocalTime",125
"963",13,"time","org.joda.time.Minutes","org.joda.time.base.BaseSingleFieldPeriod",59
"964",13,"time","org.joda.time.MutableInterval","org.joda.time.base.BaseInterval",6
"965",13,"time","org.joda.time.MutablePeriod","org.joda.time.base.BasePeriod",66
"966",13,"time","org.joda.time.Period","org.joda.time.base.AbstractPeriod",22
"967",13,"time","org.joda.time.Period","org.joda.time.base.BasePeriod",41
"968",13,"time","org.joda.time.Period","org.joda.time.PeriodType",22
"969",13,"time","org.joda.time.Seconds","org.joda.time.base.BaseSingleFieldPeriod",50
"970",13,"time","org.joda.time.tz.ZoneInfoCompiler","org.joda.time.DateTimeZone",186
"971",13,"time","org.joda.time.Weeks","org.joda.time.base.BaseSingleFieldPeriod",49
"972",13,"time","org.joda.time.YearMonthDay","org.joda.time.base.BasePartial",6
"973",14,"closure","com.google.javascript.rhino.head.IdScriptableObject","com.google.javascript.rhino.head.ScriptableObject",117
"974",14,"closure","com.google.javascript.rhino.head.Interpreter","com.google.javascript.rhino.head.ScriptableObject",226
"975",14,"closure","com.google.javascript.rhino.head.IRFactory","com.google.javascript.rhino.head.Node",22
"976",14,"closure","com.google.javascript.rhino.head.IRFactory","com.google.javascript.rhino.head.Parser",1
"977",14,"closure","com.google.javascript.rhino.head.NativeArray","com.google.javascript.rhino.head.ScriptableObject",100
"978",14,"closure","com.google.javascript.rhino.head.NativeArray","com.google.javascript.rhino.head.ScriptRuntime",36
"979",14,"closure","com.google.javascript.rhino.head.ScriptRuntime","com.google.javascript.rhino.head.ScriptableObject",27
"980",14,"closure","com.google.javascript.rhino.jstype.JSType","com.google.javascript.rhino.jstype.FunctionType",135
"981",14,"lang","org.apache.commons.lang3.builder.ReflectionToStringBuilder","org.apache.commons.lang3.builder.ToStringBuilder",19
"982",14,"lang","org.apache.commons.lang3.builder.ToStringBuilder","org.apache.commons.lang3.builder.ToStringStyle",31
"983",14,"lang","org.apache.commons.lang3.builder.ToStringStyle","org.apache.commons.lang3.ClassUtils",7
"984",14,"lang","org.apache.commons.lang3.concurrent.MultiBackgroundInitializer","org.apache.commons.lang3.concurrent.BackgroundInitializer",5
"985",14,"lang","org.apache.commons.lang3.StringUtils","org.apache.commons.lang3.ArrayUtils",9
"986",14,"lang","org.apache.commons.lang3.text.StrBuilder$StrBuilderReader","org.apache.commons.lang3.text.StrBuilder",95
"987",14,"lang","org.apache.commons.lang3.text.StrSubstitutor","org.apache.commons.lang3.text.StrBuilder",245
"988",14,"lang","org.apache.commons.lang3.text.StrTokenizer","org.apache.commons.lang3.text.StrMatcher",7
"989",14,"lang","org.apache.commons.lang3.text.translate.UnicodeEscaper","org.apache.commons.lang3.text.translate.CharSequenceTranslator",9
"990",14,"lang","org.apache.commons.lang3.time.DurationFormatUtils","org.apache.commons.lang3.time.DurationFormatUtils$Token",2
"991",14,"math","org.apache.commons.math.analysis.LaguerreSolver","org.apache.commons.math.complex.Complex",177
"992",14,"math","org.apache.commons.math.analysis.MullerSolver","org.apache.commons.math.analysis.UnivariateRealSolverImpl",52
"993",14,"math","org.apache.commons.math.distribution.AbstractIntegerDistribution","org.apache.commons.math.distribution.HypergeometricDistributionImpl",35
"994",14,"math","org.apache.commons.math.fraction.ProperFractionFormat","org.apache.commons.math.fraction.FractionFormat",29
"995",14,"math","org.apache.commons.math.geometry.Rotation","org.apache.commons.math.geometry.Vector3D",57
"996",14,"math","org.apache.commons.math.linear.MatrixUtils","org.apache.commons.math.linear.BigMatrixImpl",7
"997",14,"math","org.apache.commons.math.ode.AbstractStepInterpolator","org.apache.commons.math.ode.DormandPrince853StepInterpolator",73
"998",14,"math","org.apache.commons.math.ode.ContinuousOutputModel","org.apache.commons.math.ode.AbstractStepInterpolator",17
"999",14,"math","org.apache.commons.math.ode.EmbeddedRungeKuttaIntegrator","org.apache.commons.math.ode.DormandPrince853Integrator",14
"1000",14,"math","org.apache.commons.math.ode.EmbeddedRungeKuttaIntegrator","org.apache.commons.math.ode.HighamHall54Integrator",5
"1001",14,"math","org.apache.commons.math.ode.GraggBulirschStoerIntegrator","org.apache.commons.math.ode.AdaptiveStepsizeIntegrator",46
"1002",14,"math","org.apache.commons.math.ode.GraggBulirschStoerStepInterpolator","org.apache.commons.math.ode.AbstractStepInterpolator",18
"1003",14,"math","org.apache.commons.math.ode.SwitchingFunctionsHandler","org.apache.commons.math.ode.SwitchState",16
"1004",14,"math","org.apache.commons.math.ode.SwitchState","org.apache.commons.math.analysis.BrentSolver",1
"1005",14,"math","org.apache.commons.math.optimization.NelderMead","org.apache.commons.math.optimization.DirectSearchOptimizer",76
"1006",14,"math","org.apache.commons.math.random.EmpiricalDistributionImpl","org.apache.commons.math.stat.descriptive.SummaryStatistics",1
"1007",14,"math","org.apache.commons.math.stat.descriptive.AbstractStorelessUnivariateStatistic","org.apache.commons.math.stat.descriptive.moment.Variance",45
"1008",14,"math","org.apache.commons.math.stat.descriptive.DescriptiveStatistics","org.apache.commons.math.util.ResizableDoubleArray",90
"1009",14,"math","org.apache.commons.math.stat.inference.TTestImpl","org.apache.commons.math.stat.StatUtils",1
"1010",14,"math","org.apache.commons.math.transform.FastFourierTransformer","org.apache.commons.math.complex.Complex",249
"1011",14,"mockito","org.mockito.asm.AnnotationWriter","org.mockito.asm.ClassWriter",403
"1012",14,"mockito","org.mockito.asm.MethodWriter","org.mockito.asm.ByteVector",25
"1013",14,"mockito","org.mockito.asm.tree.analysis.BasicVerifier","org.mockito.asm.tree.analysis.BasicInterpreter",23
"1014",14,"mockito","org.mockito.cglib.core.CodeEmitter","org.mockito.cglib.core.TypeUtils",104
"1015",14,"mockito","org.mockito.cglib.core.EmitUtils","org.mockito.cglib.core.CodeEmitter",36
"1016",14,"mockito","org.mockito.cglib.proxy.Enhancer","org.mockito.cglib.core.ReflectUtils",91
"1017",14,"mockito","org.mockito.cglib.proxy.Mixin$Generator","org.mockito.cglib.core.AbstractClassGenerator",7
"1018",14,"mockito","org.mockito.cglib.proxy.Mixin$Generator","org.mockito.cglib.core.ReflectUtils",97
"1019",14,"time","org.joda.time.base.AbstractPartial","org.joda.time.MonthDay",6
"1020",14,"time","org.joda.time.base.AbstractPartial","org.joda.time.TimeOfDay",1
"1021",14,"time","org.joda.time.base.AbstractPartial","org.joda.time.YearMonth",33
"1022",14,"time","org.joda.time.base.AbstractPartial","org.joda.time.YearMonthDay",9
"1023",14,"time","org.joda.time.base.BasePeriod","org.joda.time.base.AbstractPeriod",67
"1024",14,"time","org.joda.time.chrono.BasicChronology","org.joda.time.chrono.CopticChronology",10
"1025",14,"time","org.joda.time.chrono.BasicChronology","org.joda.time.chrono.EthiopicChronology",10
"1026",14,"time","org.joda.time.chrono.BasicChronology","org.joda.time.chrono.IslamicChronology",21
"1027",14,"time","org.joda.time.chrono.BasicWeekyearDateTimeField","org.joda.time.chrono.BasicChronology",267
"1028",14,"time","org.joda.time.chrono.CopticChronology","org.joda.time.DateTimeZone",165
"1029",14,"time","org.joda.time.chrono.GJChronology","org.joda.time.chrono.JulianChronology",88
"1030",14,"time","org.joda.time.chrono.ISOChronology","org.joda.time.chrono.AssembledChronology",30
"1031",14,"time","org.joda.time.chrono.ISOChronology","org.joda.time.DateTimeZone",155
"1032",14,"time","org.joda.time.chrono.ZonedChronology","org.joda.time.DateTimeZone",276
"1033",14,"time","org.joda.time.chrono.ZonedChronology$ZonedDateTimeField","org.joda.time.DateTimeZone",116
"1034",14,"time","org.joda.time.DateTimeUtils","org.joda.time.DateTimeZone",231
"1035",14,"time","org.joda.time.Days","org.joda.time.base.BaseSingleFieldPeriod",45
"1036",14,"time","org.joda.time.format.DateTimeFormat","org.joda.time.format.DateTimeFormat$StyleFormatter",2
"1037",14,"time","org.joda.time.format.DateTimeFormat","org.joda.time.format.DateTimeFormatterBuilder",17
"1038",14,"time","org.joda.time.format.DateTimeFormatter","org.joda.time.DateTimeZone",86
"1039",14,"time","org.joda.time.format.DateTimeFormatter","org.joda.time.format.DateTimeParserBucket",62
"1040",14,"time","org.joda.time.format.DateTimeFormatterBuilder$TextField","org.joda.time.format.DateTimeParserBucket",100
"1041",14,"time","org.joda.time.format.DateTimeFormatterBuilder$TextField","org.joda.time.MutableDateTime",2
"1042",14,"time","org.joda.time.format.DateTimeParserBucket$SavedState","org.joda.time.format.DateTimeParserBucket",15
"1043",14,"time","org.joda.time.Hours","org.joda.time.base.BaseSingleFieldPeriod",46
"1044",14,"time","org.joda.time.LocalDate","org.joda.time.DateTime",8
"1045",14,"time","org.joda.time.LocalDate","org.joda.time.format.ISODateTimeFormat",33
"1046",14,"time","org.joda.time.LocalDateTime","org.joda.time.DateTimeZone",122
"1047",14,"time","org.joda.time.LocalDateTime","org.joda.time.format.DateTimeFormatter",18
"1048",14,"time","org.joda.time.LocalTime$Property","org.joda.time.LocalTime",14
"1049",14,"time","org.joda.time.Minutes","org.joda.time.base.BaseSingleFieldPeriod",44
"1050",14,"time","org.joda.time.MutableInterval","org.joda.time.base.BaseInterval",2
"1051",14,"time","org.joda.time.MutablePeriod","org.joda.time.base.BasePeriod",34
"1052",14,"time","org.joda.time.Period","org.joda.time.base.AbstractPeriod",11
"1053",14,"time","org.joda.time.Period","org.joda.time.base.BasePeriod",40
"1054",14,"time","org.joda.time.Period","org.joda.time.PeriodType",113
"1055",14,"time","org.joda.time.Seconds","org.joda.time.base.BaseSingleFieldPeriod",73
"1056",14,"time","org.joda.time.tz.ZoneInfoCompiler","org.joda.time.DateTimeZone",126
"1057",14,"time","org.joda.time.Weeks","org.joda.time.base.BaseSingleFieldPeriod",78
"1058",14,"time","org.joda.time.YearMonthDay","org.joda.time.base.BasePartial",6
"1059",15,"closure","com.google.javascript.rhino.head.IdScriptableObject","com.google.javascript.rhino.head.ScriptableObject",108
"1060",15,"closure","com.google.javascript.rhino.head.Interpreter","com.google.javascript.rhino.head.ScriptableObject",258
"1061",15,"closure","com.google.javascript.rhino.head.IRFactory","com.google.javascript.rhino.head.Decompiler",24
"1062",15,"closure","com.google.javascript.rhino.head.NativeArray","com.google.javascript.rhino.head.ScriptableObject",88
"1063",15,"closure","com.google.javascript.rhino.head.NativeObject","com.google.javascript.rhino.head.ScriptableObject",74
"1064",15,"closure","com.google.javascript.rhino.head.regexp.NativeRegExp","com.google.javascript.rhino.head.ScriptRuntime",11
"1065",15,"closure","com.google.javascript.rhino.head.tools.debugger.Dim","com.google.javascript.rhino.head.ScriptRuntime",10
"1066",15,"closure","com.google.javascript.rhino.jstype.JSType","com.google.javascript.rhino.jstype.ProxyObjectType",2
"1067",15,"closure","com.google.javascript.rhino.jstype.JSType","com.google.javascript.rhino.jstype.UnionType",8
"1068",15,"lang","org.apache.commons.lang3.builder.ReflectionToStringBuilder","org.apache.commons.lang3.builder.ToStringBuilder",25
"1069",15,"lang","org.apache.commons.lang3.builder.ToStringBuilder","org.apache.commons.lang3.builder.ToStringStyle",24
"1070",15,"lang","org.apache.commons.lang3.builder.ToStringStyle","org.apache.commons.lang3.ClassUtils",7
"1071",15,"lang","org.apache.commons.lang3.concurrent.MultiBackgroundInitializer","org.apache.commons.lang3.concurrent.BackgroundInitializer",5
"1072",15,"lang","org.apache.commons.lang3.StringUtils","org.apache.commons.lang3.ArrayUtils",2
"1073",15,"lang","org.apache.commons.lang3.text.StrBuilder$StrBuilderReader","org.apache.commons.lang3.text.StrBuilder",79
"1074",15,"lang","org.apache.commons.lang3.text.StrSubstitutor","org.apache.commons.lang3.text.StrBuilder",223
"1075",15,"lang","org.apache.commons.lang3.text.StrTokenizer","org.apache.commons.lang3.text.StrMatcher",14
"1076",15,"lang","org.apache.commons.lang3.text.translate.UnicodeEscaper","org.apache.commons.lang3.text.translate.CharSequenceTranslator",6
"1077",15,"math","org.apache.commons.math.analysis.LaguerreSolver","org.apache.commons.math.complex.Complex",184
"1078",15,"math","org.apache.commons.math.analysis.MullerSolver","org.apache.commons.math.analysis.UnivariateRealSolverImpl",51
"1079",15,"math","org.apache.commons.math.distribution.AbstractIntegerDistribution","org.apache.commons.math.distribution.HypergeometricDistributionImpl",2
"1080",15,"math","org.apache.commons.math.fraction.ProperFractionFormat","org.apache.commons.math.fraction.FractionFormat",51
"1081",15,"math","org.apache.commons.math.geometry.Rotation","org.apache.commons.math.geometry.Vector3D",69
"1082",15,"math","org.apache.commons.math.linear.MatrixUtils","org.apache.commons.math.linear.BigMatrixImpl",24
"1083",15,"math","org.apache.commons.math.ode.AbstractStepInterpolator","org.apache.commons.math.ode.DormandPrince853StepInterpolator",74
"1084",15,"math","org.apache.commons.math.ode.ContinuousOutputModel","org.apache.commons.math.ode.AbstractStepInterpolator",26
"1085",15,"math","org.apache.commons.math.ode.EmbeddedRungeKuttaIntegrator","org.apache.commons.math.ode.DormandPrince853Integrator",14
"1086",15,"math","org.apache.commons.math.ode.EmbeddedRungeKuttaIntegrator","org.apache.commons.math.ode.HighamHall54Integrator",5
"1087",15,"math","org.apache.commons.math.ode.GraggBulirschStoerIntegrator","org.apache.commons.math.ode.AdaptiveStepsizeIntegrator",39
"1088",15,"math","org.apache.commons.math.ode.GraggBulirschStoerIntegrator","org.apache.commons.math.ode.SwitchingFunctionsHandler",28
"1089",15,"math","org.apache.commons.math.ode.GraggBulirschStoerStepInterpolator","org.apache.commons.math.ode.AbstractStepInterpolator",15
"1090",15,"math","org.apache.commons.math.ode.SwitchingFunctionsHandler","org.apache.commons.math.ode.SwitchState",60
"1091",15,"math","org.apache.commons.math.ode.SwitchState","org.apache.commons.math.analysis.BrentSolver",1
"1092",15,"math","org.apache.commons.math.optimization.NelderMead","org.apache.commons.math.optimization.DirectSearchOptimizer",24
"1093",15,"math","org.apache.commons.math.random.EmpiricalDistributionImpl","org.apache.commons.math.stat.descriptive.SummaryStatistics",1
"1094",15,"math","org.apache.commons.math.stat.descriptive.AbstractStorelessUnivariateStatistic","org.apache.commons.math.stat.descriptive.moment.Variance",35
"1095",15,"math","org.apache.commons.math.stat.descriptive.DescriptiveStatistics","org.apache.commons.math.util.ResizableDoubleArray",126
"1096",15,"math","org.apache.commons.math.stat.inference.TTestImpl","org.apache.commons.math.stat.StatUtils",1
"1097",15,"math","org.apache.commons.math.transform.FastFourierTransformer","org.apache.commons.math.complex.Complex",333
"1098",15,"mockito","org.mockito.asm.AnnotationWriter","org.mockito.asm.ClassWriter",325
"1099",15,"mockito","org.mockito.asm.MethodWriter","org.mockito.asm.ByteVector",44
"1100",15,"mockito","org.mockito.asm.tree.analysis.BasicVerifier","org.mockito.asm.tree.analysis.BasicInterpreter",19
"1101",15,"mockito","org.mockito.asm.tree.analysis.BasicVerifier","org.mockito.asm.tree.analysis.SimpleVerifier",21
"1102",15,"mockito","org.mockito.cglib.core.ClassEmitter","org.mockito.cglib.transform.impl.InterceptFieldTransformer",9
"1103",15,"mockito","org.mockito.cglib.core.CodeEmitter","org.mockito.cglib.core.TypeUtils",107
"1104",15,"mockito","org.mockito.cglib.core.EmitUtils","org.mockito.cglib.core.CodeEmitter",22
"1105",15,"mockito","org.mockito.cglib.proxy.Enhancer","org.mockito.cglib.core.ReflectUtils",91
"1106",15,"mockito","org.mockito.cglib.proxy.Mixin$Generator","org.mockito.cglib.core.AbstractClassGenerator",7
"1107",15,"time","org.joda.time.base.AbstractPartial","org.joda.time.MonthDay",21
"1108",15,"time","org.joda.time.base.AbstractPartial","org.joda.time.TimeOfDay",42
"1109",15,"time","org.joda.time.base.AbstractPartial","org.joda.time.YearMonth",26
"1110",15,"time","org.joda.time.base.BasePeriod","org.joda.time.base.AbstractPeriod",30
"1111",15,"time","org.joda.time.chrono.BasicChronology","org.joda.time.chrono.CopticChronology",10
"1112",15,"time","org.joda.time.chrono.BasicChronology","org.joda.time.chrono.EthiopicChronology",8
"1113",15,"time","org.joda.time.chrono.BasicChronology","org.joda.time.chrono.IslamicChronology",14
"1114",15,"time","org.joda.time.chrono.BasicWeekyearDateTimeField","org.joda.time.chrono.BasicChronology",97
"1115",15,"time","org.joda.time.chrono.CopticChronology","org.joda.time.DateTimeZone",211
"1116",15,"time","org.joda.time.chrono.GJChronology","org.joda.time.chrono.JulianChronology",7
"1117",15,"time","org.joda.time.chrono.ISOChronology","org.joda.time.chrono.AssembledChronology",22
"1118",15,"time","org.joda.time.chrono.ISOChronology","org.joda.time.DateTimeZone",153
"1119",15,"time","org.joda.time.chrono.ZonedChronology","org.joda.time.chrono.AssembledChronology",5
"1120",15,"time","org.joda.time.chrono.ZonedChronology","org.joda.time.DateTimeZone",117
"1121",15,"time","org.joda.time.chrono.ZonedChronology$ZonedDateTimeField","org.joda.time.DateTimeZone",101
"1122",15,"time","org.joda.time.DateTimeUtils","org.joda.time.DateTimeZone",231
"1123",15,"time","org.joda.time.DateTimeZone","org.joda.time.field.FieldUtils",6
"1124",15,"time","org.joda.time.DateTimeZone","org.joda.time.format.DateTimeFormat",209
"1125",15,"time","org.joda.time.Days","org.joda.time.base.BaseSingleFieldPeriod",35
"1126",15,"time","org.joda.time.format.DateTimeFormat","org.joda.time.format.DateTimeFormatterBuilder",20
"1127",15,"time","org.joda.time.format.DateTimeFormatter","org.joda.time.DateTimeZone",75
"1128",15,"time","org.joda.time.format.DateTimeFormatter","org.joda.time.format.DateTimeParserBucket",64
"1129",15,"time","org.joda.time.format.DateTimeFormatterBuilder$PaddedNumber","org.joda.time.format.DateTimeFormatterBuilder",22
"1130",15,"time","org.joda.time.format.DateTimeFormatterBuilder$TextField","org.joda.time.format.DateTimeParserBucket",83
"1131",15,"time","org.joda.time.format.DateTimeFormatterBuilder$TextField","org.joda.time.MutableDateTime",4
"1132",15,"time","org.joda.time.format.DateTimeParserBucket$SavedState","org.joda.time.format.DateTimeParserBucket",16
"1133",15,"time","org.joda.time.Hours","org.joda.time.base.BaseSingleFieldPeriod",50
"1134",15,"time","org.joda.time.LocalDate","org.joda.time.format.ISODateTimeFormat",36
"1135",15,"time","org.joda.time.LocalDateTime","org.joda.time.DateTimeZone",329
"1136",15,"time","org.joda.time.LocalDateTime","org.joda.time.format.DateTimeFormatter",14
"1137",15,"time","org.joda.time.LocalTime$Property","org.joda.time.LocalTime",8
"1138",15,"time","org.joda.time.Minutes","org.joda.time.base.BaseSingleFieldPeriod",57
"1139",15,"time","org.joda.time.MutableInterval","org.joda.time.base.BaseInterval",8
"1140",15,"time","org.joda.time.MutablePeriod","org.joda.time.base.BasePeriod",46
"1141",15,"time","org.joda.time.Period","org.joda.time.base.AbstractPeriod",17
"1142",15,"time","org.joda.time.Period","org.joda.time.base.BasePeriod",30
"1143",15,"time","org.joda.time.Period","org.joda.time.PeriodType",83
"1144",15,"time","org.joda.time.Seconds","org.joda.time.base.BaseSingleFieldPeriod",49
"1145",15,"time","org.joda.time.tz.ZoneInfoCompiler","org.joda.time.DateTimeZone",214
"1146",15,"time","org.joda.time.Weeks","org.joda.time.base.BaseSingleFieldPeriod",76
"1147",15,"time","org.joda.time.YearMonthDay","org.joda.time.base.BasePartial",6
"1148",16,"closure","com.google.javascript.rhino.head.IRFactory","com.google.javascript.rhino.head.Node",28
"1149",16,"closure","com.google.javascript.rhino.head.IRFactory","com.google.javascript.rhino.head.Parser",18
"1150",16,"closure","com.google.javascript.rhino.head.NativeObject","com.google.javascript.rhino.head.ScriptableObject",286
"1151",16,"closure","com.google.javascript.rhino.head.ScriptableObject","com.google.javascript.rhino.head.FunctionObject",5
"1152",16,"closure","com.google.javascript.rhino.head.tools.debugger.Dim","com.google.javascript.rhino.head.ScriptRuntime",11
"1153",16,"closure","com.google.javascript.rhino.jstype.JSType","com.google.javascript.rhino.jstype.FunctionType",131
"1154",16,"closure","com.google.javascript.rhino.jstype.JSType","com.google.javascript.rhino.jstype.UnionType",19
"1155",16,"lang","org.apache.commons.lang3.builder.ReflectionToStringBuilder","org.apache.commons.lang3.builder.ToStringBuilder",12
"1156",16,"lang","org.apache.commons.lang3.builder.ToStringBuilder","org.apache.commons.lang3.builder.ToStringStyle",115
"1157",16,"lang","org.apache.commons.lang3.builder.ToStringStyle","org.apache.commons.lang3.ClassUtils",7
"1158",16,"lang","org.apache.commons.lang3.concurrent.MultiBackgroundInitializer","org.apache.commons.lang3.concurrent.BackgroundInitializer",8
"1159",16,"lang","org.apache.commons.lang3.StringUtils","org.apache.commons.lang3.ArrayUtils",2
"1160",16,"lang","org.apache.commons.lang3.text.StrBuilder$StrBuilderReader","org.apache.commons.lang3.text.StrBuilder",92
"1161",16,"lang","org.apache.commons.lang3.text.StrSubstitutor","org.apache.commons.lang3.text.StrBuilder",163
"1162",16,"lang","org.apache.commons.lang3.text.StrTokenizer","org.apache.commons.lang3.text.StrMatcher",7
"1163",16,"lang","org.apache.commons.lang3.text.translate.UnicodeEscaper","org.apache.commons.lang3.text.translate.CharSequenceTranslator",31
"1164",16,"math","org.apache.commons.math.analysis.LaguerreSolver","org.apache.commons.math.complex.Complex",143
"1165",16,"math","org.apache.commons.math.analysis.MullerSolver","org.apache.commons.math.analysis.UnivariateRealSolverImpl",57
"1166",16,"math","org.apache.commons.math.distribution.AbstractIntegerDistribution","org.apache.commons.math.distribution.HypergeometricDistributionImpl",69
"1167",16,"math","org.apache.commons.math.fraction.ProperFractionFormat","org.apache.commons.math.fraction.FractionFormat",34
"1168",16,"math","org.apache.commons.math.geometry.Rotation","org.apache.commons.math.geometry.Vector3D",72
"1169",16,"math","org.apache.commons.math.linear.MatrixUtils","org.apache.commons.math.linear.BigMatrixImpl",14
"1170",16,"math","org.apache.commons.math.ode.AbstractStepInterpolator","org.apache.commons.math.ode.DormandPrince853StepInterpolator",76
"1171",16,"math","org.apache.commons.math.ode.ContinuousOutputModel","org.apache.commons.math.ode.AbstractStepInterpolator",23
"1172",16,"math","org.apache.commons.math.ode.EmbeddedRungeKuttaIntegrator","org.apache.commons.math.ode.DormandPrince853Integrator",1
"1173",16,"math","org.apache.commons.math.ode.GraggBulirschStoerIntegrator","org.apache.commons.math.ode.AdaptiveStepsizeIntegrator",46
"1174",16,"math","org.apache.commons.math.ode.GraggBulirschStoerIntegrator","org.apache.commons.math.ode.SwitchingFunctionsHandler",37
"1175",16,"math","org.apache.commons.math.ode.GraggBulirschStoerStepInterpolator","org.apache.commons.math.ode.AbstractStepInterpolator",16
"1176",16,"math","org.apache.commons.math.ode.SwitchingFunctionsHandler","org.apache.commons.math.ode.SwitchState",32
"1177",16,"math","org.apache.commons.math.ode.SwitchState","org.apache.commons.math.analysis.BrentSolver",24
"1178",16,"math","org.apache.commons.math.optimization.NelderMead","org.apache.commons.math.optimization.DirectSearchOptimizer",63
"1179",16,"math","org.apache.commons.math.random.EmpiricalDistributionImpl","org.apache.commons.math.stat.descriptive.SummaryStatistics",1
"1180",16,"math","org.apache.commons.math.stat.descriptive.AbstractStorelessUnivariateStatistic","org.apache.commons.math.stat.descriptive.moment.Variance",51
"1181",16,"math","org.apache.commons.math.stat.descriptive.DescriptiveStatistics","org.apache.commons.math.util.ResizableDoubleArray",95
"1182",16,"math","org.apache.commons.math.transform.FastFourierTransformer","org.apache.commons.math.complex.Complex",276
"1183",16,"mockito","org.mockito.asm.AnnotationWriter","org.mockito.asm.ClassWriter",356
"1184",16,"mockito","org.mockito.asm.MethodWriter","org.mockito.asm.ByteVector",32
"1185",16,"mockito","org.mockito.asm.tree.analysis.BasicVerifier","org.mockito.asm.tree.analysis.BasicInterpreter",6
"1186",16,"mockito","org.mockito.asm.tree.analysis.BasicVerifier","org.mockito.asm.tree.analysis.SimpleVerifier",23
"1187",16,"mockito","org.mockito.asm.util.ASMifierClassVisitor","org.mockito.asm.util.ASMifierAbstractVisitor",24
"1188",16,"mockito","org.mockito.cglib.core.CodeEmitter","org.mockito.cglib.core.TypeUtils",78
"1189",16,"mockito","org.mockito.cglib.core.EmitUtils","org.mockito.cglib.core.CodeEmitter",125
"1190",16,"mockito","org.mockito.cglib.proxy.Enhancer","org.mockito.cglib.core.ReflectUtils",90
"1191",16,"mockito","org.mockito.cglib.proxy.Mixin$Generator","org.mockito.cglib.core.AbstractClassGenerator",7
"1192",16,"time","org.joda.time.base.AbstractPartial","org.joda.time.MonthDay",1
"1193",16,"time","org.joda.time.base.AbstractPartial","org.joda.time.TimeOfDay",32
"1194",16,"time","org.joda.time.base.AbstractPartial","org.joda.time.YearMonth",6
"1195",16,"time","org.joda.time.base.BasePeriod","org.joda.time.base.AbstractPeriod",21
"1196",16,"time","org.joda.time.chrono.BasicChronology","org.joda.time.chrono.CopticChronology",13
"1197",16,"time","org.joda.time.chrono.BasicChronology","org.joda.time.chrono.EthiopicChronology",18
"1198",16,"time","org.joda.time.chrono.BasicChronology","org.joda.time.chrono.IslamicChronology",4
"1199",16,"time","org.joda.time.chrono.BasicWeekyearDateTimeField","org.joda.time.chrono.BasicChronology",300
"1200",16,"time","org.joda.time.chrono.CopticChronology","org.joda.time.DateTimeZone",307
"1201",16,"time","org.joda.time.chrono.GJChronology","org.joda.time.chrono.GJChronology$CutoverField",5
"1202",16,"time","org.joda.time.chrono.GJChronology","org.joda.time.chrono.JulianChronology",17
"1203",16,"time","org.joda.time.chrono.ISOChronology","org.joda.time.chrono.AssembledChronology",101
"1204",16,"time","org.joda.time.chrono.ISOChronology","org.joda.time.DateTimeZone",188
"1205",16,"time","org.joda.time.chrono.ZonedChronology","org.joda.time.DateTimeZone",179
"1206",16,"time","org.joda.time.chrono.ZonedChronology$ZonedDateTimeField","org.joda.time.DateTimeZone",163
"1207",16,"time","org.joda.time.DateTimeUtils","org.joda.time.DateTimeZone",147
"1208",16,"time","org.joda.time.DateTimeZone","org.joda.time.format.DateTimeFormat",11
"1209",16,"time","org.joda.time.DateTimeZone","org.joda.time.format.FormatUtils",3
"1210",16,"time","org.joda.time.Days","org.joda.time.base.BaseSingleFieldPeriod",46
"1211",16,"time","org.joda.time.format.DateTimeFormat","org.joda.time.format.DateTimeFormatterBuilder",26
"1212",16,"time","org.joda.time.format.DateTimeFormatter","org.joda.time.DateTimeZone",98
"1213",16,"time","org.joda.time.format.DateTimeFormatter","org.joda.time.format.DateTimeParserBucket",24
"1214",16,"time","org.joda.time.format.DateTimeFormatterBuilder$PaddedNumber","org.joda.time.format.DateTimeFormatterBuilder",16
"1215",16,"time","org.joda.time.format.DateTimeFormatterBuilder$TextField","org.joda.time.format.DateTimeParserBucket",87
"1216",16,"time","org.joda.time.format.DateTimeFormatterBuilder$TextField","org.joda.time.MutableDateTime",4
"1217",16,"time","org.joda.time.format.DateTimeParserBucket$SavedState","org.joda.time.format.DateTimeParserBucket",15
"1218",16,"time","org.joda.time.Hours","org.joda.time.base.BaseSingleFieldPeriod",52
"1219",16,"time","org.joda.time.LocalDate","org.joda.time.DateTime",2
"1220",16,"time","org.joda.time.LocalDate","org.joda.time.format.ISODateTimeFormat",33
"1221",16,"time","org.joda.time.LocalDateTime","org.joda.time.DateTimeZone",144
"1222",16,"time","org.joda.time.LocalDateTime","org.joda.time.format.DateTimeFormatter",11
"1223",16,"time","org.joda.time.LocalTime$Property","org.joda.time.LocalTime",22
"1224",16,"time","org.joda.time.Minutes","org.joda.time.base.BaseSingleFieldPeriod",77
"1225",16,"time","org.joda.time.MutableInterval","org.joda.time.base.BaseInterval",2
"1226",16,"time","org.joda.time.MutablePeriod","org.joda.time.base.BasePeriod",49
"1227",16,"time","org.joda.time.Period","org.joda.time.base.AbstractPeriod",27
"1228",16,"time","org.joda.time.Period","org.joda.time.base.BasePeriod",64
"1229",16,"time","org.joda.time.Period","org.joda.time.PeriodType",23
"1230",16,"time","org.joda.time.Seconds","org.joda.time.base.BaseSingleFieldPeriod",66
"1231",16,"time","org.joda.time.tz.ZoneInfoCompiler","org.joda.time.DateTimeZone",210
"1232",16,"time","org.joda.time.Weeks","org.joda.time.base.BaseSingleFieldPeriod",56
"1233",16,"time","org.joda.time.YearMonthDay","org.joda.time.base.BasePartial",6
"1234",17,"closure","com.google.javascript.jscomp.NodeUtil","com.google.javascript.rhino.Node",97
"1235",17,"closure","com.google.javascript.rhino.head.IdScriptableObject","com.google.javascript.rhino.head.ScriptableObject",14
"1236",17,"closure","com.google.javascript.rhino.head.Interpreter","com.google.javascript.rhino.head.ScriptableObject",43
"1237",17,"closure","com.google.javascript.rhino.head.IRFactory","com.google.javascript.rhino.head.Parser",55
"1238",17,"closure","com.google.javascript.rhino.head.NativeArray","com.google.javascript.rhino.head.IdScriptableObject",82
"1239",17,"closure","com.google.javascript.rhino.head.NativeArray","com.google.javascript.rhino.head.ScriptableObject",8
"1240",17,"closure","com.google.javascript.rhino.head.NativeObject","com.google.javascript.rhino.head.ScriptableObject",335
"1241",17,"closure","com.google.javascript.rhino.head.ScriptableObject","com.google.javascript.rhino.head.FunctionObject",9
"1242",17,"closure","com.google.javascript.rhino.jstype.JSType","com.google.javascript.rhino.jstype.UnionType",10
"1243",17,"closure","com.google.javascript.rhino.jstype.PrototypeObjectType","com.google.javascript.rhino.jstype.JSType",21
"1244",17,"lang","org.apache.commons.lang3.builder.ReflectionToStringBuilder","org.apache.commons.lang3.builder.ToStringBuilder",20
"1245",17,"lang","org.apache.commons.lang3.builder.ToStringBuilder","org.apache.commons.lang3.builder.ToStringStyle",12
"1246",17,"lang","org.apache.commons.lang3.builder.ToStringStyle","org.apache.commons.lang3.ClassUtils",7
"1247",17,"lang","org.apache.commons.lang3.concurrent.MultiBackgroundInitializer","org.apache.commons.lang3.concurrent.BackgroundInitializer",8
"1248",17,"lang","org.apache.commons.lang3.text.StrBuilder$StrBuilderReader","org.apache.commons.lang3.text.StrBuilder",62
"1249",17,"lang","org.apache.commons.lang3.text.StrSubstitutor","org.apache.commons.lang3.text.StrBuilder",173
"1250",17,"lang","org.apache.commons.lang3.text.StrTokenizer","org.apache.commons.lang3.text.StrMatcher",10
"1251",17,"math","org.apache.commons.math.analysis.LaguerreSolver","org.apache.commons.math.complex.Complex",154
"1252",17,"math","org.apache.commons.math.analysis.MullerSolver","org.apache.commons.math.analysis.UnivariateRealSolverImpl",52
"1253",17,"math","org.apache.commons.math.distribution.AbstractIntegerDistribution","org.apache.commons.math.distribution.HypergeometricDistributionImpl",65
"1254",17,"math","org.apache.commons.math.fraction.ProperFractionFormat","org.apache.commons.math.fraction.FractionFormat",12
"1255",17,"math","org.apache.commons.math.geometry.Rotation","org.apache.commons.math.geometry.Vector3D",85
"1256",17,"math","org.apache.commons.math.linear.MatrixUtils","org.apache.commons.math.linear.BigMatrixImpl",29
"1257",17,"math","org.apache.commons.math.ode.AbstractStepInterpolator","org.apache.commons.math.ode.DormandPrince853StepInterpolator",68
"1258",17,"math","org.apache.commons.math.ode.ContinuousOutputModel","org.apache.commons.math.ode.AbstractStepInterpolator",21
"1259",17,"math","org.apache.commons.math.ode.EmbeddedRungeKuttaIntegrator","org.apache.commons.math.ode.DormandPrince853Integrator",10
"1260",17,"math","org.apache.commons.math.ode.GraggBulirschStoerIntegrator","org.apache.commons.math.ode.AdaptiveStepsizeIntegrator",43
"1261",17,"math","org.apache.commons.math.ode.GraggBulirschStoerIntegrator","org.apache.commons.math.ode.SwitchingFunctionsHandler",20
"1262",17,"math","org.apache.commons.math.ode.GraggBulirschStoerStepInterpolator","org.apache.commons.math.ode.AbstractStepInterpolator",7
"1263",17,"math","org.apache.commons.math.ode.SwitchingFunctionsHandler","org.apache.commons.math.ode.SwitchState",46
"1264",17,"math","org.apache.commons.math.ode.SwitchState","org.apache.commons.math.analysis.BrentSolver",14
"1265",17,"math","org.apache.commons.math.optimization.NelderMead","org.apache.commons.math.optimization.DirectSearchOptimizer",43
"1266",17,"math","org.apache.commons.math.random.EmpiricalDistributionImpl","org.apache.commons.math.stat.descriptive.SummaryStatistics",8
"1267",17,"math","org.apache.commons.math.stat.descriptive.AbstractStorelessUnivariateStatistic","org.apache.commons.math.stat.descriptive.moment.Variance",55
"1268",17,"math","org.apache.commons.math.stat.descriptive.DescriptiveStatistics","org.apache.commons.math.util.ResizableDoubleArray",121
"1269",17,"math","org.apache.commons.math.transform.FastFourierTransformer","org.apache.commons.math.complex.Complex",304
"1270",17,"mockito","org.mockito.asm.AnnotationWriter","org.mockito.asm.ClassWriter",418
"1271",17,"mockito","org.mockito.asm.MethodWriter","org.mockito.asm.ByteVector",1
"1272",17,"mockito","org.mockito.asm.MethodWriter","org.mockito.asm.ClassWriter",4
"1273",17,"mockito","org.mockito.asm.tree.analysis.BasicVerifier","org.mockito.asm.tree.analysis.BasicInterpreter",26
"1274",17,"mockito","org.mockito.asm.tree.analysis.BasicVerifier","org.mockito.asm.tree.analysis.SimpleVerifier",10
"1275",17,"mockito","org.mockito.asm.util.ASMifierClassVisitor","org.mockito.asm.util.ASMifierAbstractVisitor",16
"1276",17,"mockito","org.mockito.cglib.core.CodeEmitter","org.mockito.cglib.core.TypeUtils",24
"1277",17,"mockito","org.mockito.cglib.core.EmitUtils","org.mockito.cglib.core.CodeEmitter",74
"1278",17,"mockito","org.mockito.cglib.proxy.Enhancer","org.mockito.cglib.core.ReflectUtils",91
"1279",17,"mockito","org.mockito.cglib.proxy.Mixin$Generator","org.mockito.cglib.core.AbstractClassGenerator",4
"1280",17,"time","org.joda.time.base.AbstractPartial","org.joda.time.MonthDay",34
"1281",17,"time","org.joda.time.base.AbstractPartial","org.joda.time.TimeOfDay",6
"1282",17,"time","org.joda.time.base.AbstractPartial","org.joda.time.YearMonth",6
"1283",17,"time","org.joda.time.base.AbstractPartial","org.joda.time.YearMonthDay",14
"1284",17,"time","org.joda.time.base.BasePeriod","org.joda.time.base.AbstractPeriod",36
"1285",17,"time","org.joda.time.chrono.BasicChronology","org.joda.time.chrono.CopticChronology",1
"1286",17,"time","org.joda.time.chrono.BasicChronology","org.joda.time.chrono.EthiopicChronology",3
"1287",17,"time","org.joda.time.chrono.BasicChronology","org.joda.time.chrono.IslamicChronology",13
"1288",17,"time","org.joda.time.chrono.BasicWeekyearDateTimeField","org.joda.time.chrono.BasicChronology",35
"1289",17,"time","org.joda.time.chrono.CopticChronology","org.joda.time.DateTimeZone",177
"1290",17,"time","org.joda.time.chrono.GJChronology","org.joda.time.chrono.JulianChronology",26
"1291",17,"time","org.joda.time.chrono.ISOChronology","org.joda.time.chrono.AssembledChronology",58
"1292",17,"time","org.joda.time.chrono.ISOChronology","org.joda.time.DateTimeZone",223
"1293",17,"time","org.joda.time.chrono.ZonedChronology","org.joda.time.chrono.AssembledChronology",14
"1294",17,"time","org.joda.time.chrono.ZonedChronology$ZonedDateTimeField","org.joda.time.DateTimeZone",70
"1295",17,"time","org.joda.time.DateTimeUtils","org.joda.time.DateTimeZone",183
"1296",17,"time","org.joda.time.DateTimeZone","org.joda.time.format.DateTimeFormat",8
"1297",17,"time","org.joda.time.DateTimeZone","org.joda.time.format.FormatUtils",13
"1298",17,"time","org.joda.time.Days","org.joda.time.base.BaseSingleFieldPeriod",67
"1299",17,"time","org.joda.time.format.DateTimeFormat","org.joda.time.format.DateTimeFormatterBuilder",26
"1300",17,"time","org.joda.time.format.DateTimeFormatter","org.joda.time.DateTimeZone",89
"1301",17,"time","org.joda.time.format.DateTimeFormatter","org.joda.time.format.DateTimeParserBucket",20
"1302",17,"time","org.joda.time.format.DateTimeFormatterBuilder$PaddedNumber","org.joda.time.format.DateTimeFormatterBuilder",22
"1303",17,"time","org.joda.time.format.DateTimeFormatterBuilder$TextField","org.joda.time.format.DateTimeParserBucket",65
"1304",17,"time","org.joda.time.format.DateTimeFormatterBuilder$TextField","org.joda.time.MutableDateTime",6
"1305",17,"time","org.joda.time.format.DateTimeParserBucket$SavedState","org.joda.time.format.DateTimeParserBucket",15
"1306",17,"time","org.joda.time.format.ISODateTimeFormat","org.joda.time.format.DateTimeFormatterBuilder",3
"1307",17,"time","org.joda.time.Hours","org.joda.time.base.BaseSingleFieldPeriod",49
"1308",17,"time","org.joda.time.LocalDate","org.joda.time.format.ISODateTimeFormat",33
"1309",17,"time","org.joda.time.LocalDateTime","org.joda.time.DateTimeZone",279
"1310",17,"time","org.joda.time.LocalDateTime","org.joda.time.format.DateTimeFormatter",18
"1311",17,"time","org.joda.time.LocalTime$Property","org.joda.time.LocalTime",3
"1312",17,"time","org.joda.time.Minutes","org.joda.time.base.BaseSingleFieldPeriod",58
"1313",17,"time","org.joda.time.MutableInterval","org.joda.time.base.BaseInterval",6
"1314",17,"time","org.joda.time.MutablePeriod","org.joda.time.base.BasePeriod",44
"1315",17,"time","org.joda.time.Period","org.joda.time.base.AbstractPeriod",22
"1316",17,"time","org.joda.time.Period","org.joda.time.base.BasePeriod",69
"1317",17,"time","org.joda.time.Period","org.joda.time.PeriodType",540
"1318",17,"time","org.joda.time.Seconds","org.joda.time.base.BaseSingleFieldPeriod",50
"1319",17,"time","org.joda.time.tz.ZoneInfoCompiler","org.joda.time.DateTimeZone",217
"1320",17,"time","org.joda.time.Weeks","org.joda.time.base.BaseSingleFieldPeriod",45
"1321",17,"time","org.joda.time.YearMonthDay","org.joda.time.base.BasePartial",4
"1322",18,"closure","com.google.javascript.rhino.head.IdScriptableObject","com.google.javascript.rhino.head.ScriptableObject",265
"1323",18,"closure","com.google.javascript.rhino.head.IRFactory","com.google.javascript.rhino.head.Parser",20
"1324",18,"closure","com.google.javascript.rhino.head.NativeArray","com.google.javascript.rhino.head.ScriptableObject",26
"1325",18,"closure","com.google.javascript.rhino.head.NativeArray","com.google.javascript.rhino.head.ScriptRuntime",78
"1326",18,"closure","com.google.javascript.rhino.head.regexp.NativeRegExp","com.google.javascript.rhino.head.ScriptRuntime",47
"1327",18,"closure","com.google.javascript.rhino.head.ScriptRuntime","com.google.javascript.rhino.head.ScriptableObject",19
"1328",18,"closure","com.google.javascript.rhino.head.tools.debugger.Dim","com.google.javascript.rhino.head.ScriptRuntime",74
"1329",18,"closure","com.google.javascript.rhino.JSDocInfoBuilder","com.google.javascript.rhino.JSDocInfo",58
"1330",18,"closure","com.google.javascript.rhino.jstype.JSType","com.google.javascript.rhino.jstype.FunctionType",188
"1331",18,"closure","com.google.javascript.rhino.jstype.JSType","com.google.javascript.rhino.jstype.UnionType",10
"1332",18,"lang","org.apache.commons.lang3.builder.ReflectionToStringBuilder","org.apache.commons.lang3.builder.ToStringBuilder",28
"1333",18,"lang","org.apache.commons.lang3.builder.ToStringBuilder","org.apache.commons.lang3.builder.ToStringStyle",30
"1334",18,"lang","org.apache.commons.lang3.builder.ToStringStyle","org.apache.commons.lang3.ClassUtils",7
"1335",18,"lang","org.apache.commons.lang3.concurrent.MultiBackgroundInitializer","org.apache.commons.lang3.concurrent.BackgroundInitializer",8
"1336",18,"lang","org.apache.commons.lang3.StringUtils","org.apache.commons.lang3.ArrayUtils",9
"1337",18,"lang","org.apache.commons.lang3.text.StrBuilder$StrBuilderReader","org.apache.commons.lang3.text.StrBuilder",50
"1338",18,"lang","org.apache.commons.lang3.text.StrSubstitutor","org.apache.commons.lang3.text.StrBuilder",156
"1339",18,"lang","org.apache.commons.lang3.text.StrTokenizer","org.apache.commons.lang3.text.StrMatcher",4
"1340",18,"math","org.apache.commons.math.analysis.LaguerreSolver","org.apache.commons.math.complex.Complex",167
"1341",18,"math","org.apache.commons.math.analysis.MullerSolver","org.apache.commons.math.analysis.UnivariateRealSolverImpl",55
"1342",18,"math","org.apache.commons.math.distribution.AbstractIntegerDistribution","org.apache.commons.math.distribution.HypergeometricDistributionImpl",59
"1343",18,"math","org.apache.commons.math.fraction.ProperFractionFormat","org.apache.commons.math.fraction.FractionFormat",37
"1344",18,"math","org.apache.commons.math.geometry.Rotation","org.apache.commons.math.geometry.Vector3D",72
"1345",18,"math","org.apache.commons.math.linear.MatrixUtils","org.apache.commons.math.linear.BigMatrixImpl",22
"1346",18,"math","org.apache.commons.math.ode.AbstractStepInterpolator","org.apache.commons.math.ode.DormandPrince853StepInterpolator",71
"1347",18,"math","org.apache.commons.math.ode.ContinuousOutputModel","org.apache.commons.math.ode.AbstractStepInterpolator",24
"1348",18,"math","org.apache.commons.math.ode.EmbeddedRungeKuttaIntegrator","org.apache.commons.math.ode.DormandPrince853Integrator",9
"1349",18,"math","org.apache.commons.math.ode.EmbeddedRungeKuttaIntegrator","org.apache.commons.math.ode.HighamHall54Integrator",9
"1350",18,"math","org.apache.commons.math.ode.GraggBulirschStoerIntegrator","org.apache.commons.math.ode.AdaptiveStepsizeIntegrator",30
"1351",18,"math","org.apache.commons.math.ode.GraggBulirschStoerStepInterpolator","org.apache.commons.math.ode.AbstractStepInterpolator",10
"1352",18,"math","org.apache.commons.math.ode.SwitchingFunctionsHandler","org.apache.commons.math.ode.SwitchState",33
"1353",18,"math","org.apache.commons.math.optimization.NelderMead","org.apache.commons.math.optimization.DirectSearchOptimizer",55
"1354",18,"math","org.apache.commons.math.stat.descriptive.AbstractStorelessUnivariateStatistic","org.apache.commons.math.stat.descriptive.moment.Variance",31
"1355",18,"math","org.apache.commons.math.stat.descriptive.DescriptiveStatistics","org.apache.commons.math.util.ResizableDoubleArray",109
"1356",18,"math","org.apache.commons.math.stat.inference.TTestImpl","org.apache.commons.math.stat.StatUtils",2
"1357",18,"math","org.apache.commons.math.transform.FastFourierTransformer","org.apache.commons.math.complex.Complex",281
"1358",18,"mockito","org.mockito.asm.AnnotationWriter","org.mockito.asm.ClassWriter",353
"1359",18,"mockito","org.mockito.asm.MethodWriter","org.mockito.asm.ByteVector",22
"1360",18,"mockito","org.mockito.asm.MethodWriter","org.mockito.asm.ClassWriter",3
"1361",18,"mockito","org.mockito.asm.tree.analysis.BasicVerifier","org.mockito.asm.tree.analysis.BasicInterpreter",21
"1362",18,"mockito","org.mockito.asm.tree.analysis.BasicVerifier","org.mockito.asm.tree.analysis.SimpleVerifier",14
"1363",18,"mockito","org.mockito.cglib.core.CodeEmitter","org.mockito.cglib.core.TypeUtils",91
"1364",18,"mockito","org.mockito.cglib.core.EmitUtils","org.mockito.cglib.core.CodeEmitter",77
"1365",18,"mockito","org.mockito.cglib.proxy.Enhancer","org.mockito.cglib.core.ReflectUtils",67
"1366",18,"mockito","org.mockito.cglib.proxy.Mixin$Generator","org.mockito.cglib.core.AbstractClassGenerator",5
"1367",18,"mockito","org.mockito.cglib.proxy.Mixin$Generator","org.mockito.cglib.core.ReflectUtils",109
"1368",18,"time","org.joda.time.base.AbstractPartial","org.joda.time.TimeOfDay",1
"1369",18,"time","org.joda.time.base.AbstractPartial","org.joda.time.YearMonth",18
"1370",18,"time","org.joda.time.base.AbstractPartial","org.joda.time.YearMonthDay",4
"1371",18,"time","org.joda.time.base.BasePeriod","org.joda.time.base.AbstractPeriod",57
"1372",18,"time","org.joda.time.chrono.BasicChronology","org.joda.time.chrono.CopticChronology",29
"1373",18,"time","org.joda.time.chrono.BasicChronology","org.joda.time.chrono.EthiopicChronology",18
"1374",18,"time","org.joda.time.chrono.BasicChronology","org.joda.time.chrono.IslamicChronology",136
"1375",18,"time","org.joda.time.chrono.BasicWeekyearDateTimeField","org.joda.time.chrono.BasicChronology",102
"1376",18,"time","org.joda.time.chrono.CopticChronology","org.joda.time.DateTimeZone",198
"1377",18,"time","org.joda.time.chrono.GJChronology","org.joda.time.chrono.JulianChronology",10
"1378",18,"time","org.joda.time.chrono.ISOChronology","org.joda.time.chrono.AssembledChronology",103
"1379",18,"time","org.joda.time.chrono.ISOChronology","org.joda.time.DateTimeZone",183
"1380",18,"time","org.joda.time.chrono.ZonedChronology","org.joda.time.chrono.AssembledChronology",9
"1381",18,"time","org.joda.time.chrono.ZonedChronology","org.joda.time.DateTimeZone",202
"1382",18,"time","org.joda.time.chrono.ZonedChronology$ZonedDateTimeField","org.joda.time.DateTimeZone",132
"1383",18,"time","org.joda.time.DateTimeUtils","org.joda.time.DateTimeZone",189
"1384",18,"time","org.joda.time.DateTimeZone","org.joda.time.format.FormatUtils",7
"1385",18,"time","org.joda.time.Days","org.joda.time.base.BaseSingleFieldPeriod",48
"1386",18,"time","org.joda.time.format.DateTimeFormat","org.joda.time.format.DateTimeFormat$StyleFormatter",1
"1387",18,"time","org.joda.time.format.DateTimeFormat","org.joda.time.format.DateTimeFormatterBuilder",13
"1388",18,"time","org.joda.time.format.DateTimeFormatter","org.joda.time.DateTimeZone",87
"1389",18,"time","org.joda.time.format.DateTimeFormatter","org.joda.time.format.DateTimeParserBucket",37
"1390",18,"time","org.joda.time.format.DateTimeFormatterBuilder$PaddedNumber","org.joda.time.format.DateTimeFormatterBuilder",19
"1391",18,"time","org.joda.time.format.DateTimeFormatterBuilder$TextField","org.joda.time.format.DateTimeParserBucket",42
"1392",18,"time","org.joda.time.format.DateTimeFormatterBuilder$TextField","org.joda.time.MutableDateTime",6
"1393",18,"time","org.joda.time.format.DateTimeParserBucket$SavedState","org.joda.time.format.DateTimeParserBucket",15
"1394",18,"time","org.joda.time.format.ISODateTimeFormat","org.joda.time.format.DateTimeFormatterBuilder",2
"1395",18,"time","org.joda.time.Hours","org.joda.time.base.BaseSingleFieldPeriod",74
"1396",18,"time","org.joda.time.LocalDate","org.joda.time.format.ISODateTimeFormat",33
"1397",18,"time","org.joda.time.LocalDateTime","org.joda.time.DateTimeZone",199
"1398",18,"time","org.joda.time.LocalDateTime","org.joda.time.format.DateTimeFormatter",9
"1399",18,"time","org.joda.time.LocalTime$Property","org.joda.time.LocalTime",8
"1400",18,"time","org.joda.time.Minutes","org.joda.time.base.BaseSingleFieldPeriod",86
"1401",18,"time","org.joda.time.MutableInterval","org.joda.time.base.BaseInterval",5
"1402",18,"time","org.joda.time.MutablePeriod","org.joda.time.base.BasePeriod",44
"1403",18,"time","org.joda.time.Period","org.joda.time.base.AbstractPeriod",18
"1404",18,"time","org.joda.time.Period","org.joda.time.base.BasePeriod",55
"1405",18,"time","org.joda.time.Period","org.joda.time.PeriodType",26
"1406",18,"time","org.joda.time.Seconds","org.joda.time.base.BaseSingleFieldPeriod",53
"1407",18,"time","org.joda.time.tz.ZoneInfoCompiler","org.joda.time.DateTimeZone",297
"1408",18,"time","org.joda.time.Weeks","org.joda.time.base.BaseSingleFieldPeriod",48
"1409",18,"time","org.joda.time.YearMonthDay","org.joda.time.base.BasePartial",3
"1410",19,"closure","com.google.javascript.rhino.head.IdScriptableObject","com.google.javascript.rhino.head.ScriptableObject",177
"1411",19,"closure","com.google.javascript.rhino.head.IRFactory","com.google.javascript.rhino.head.Parser",32
"1412",19,"closure","com.google.javascript.rhino.head.NativeArray","com.google.javascript.rhino.head.IdScriptableObject",23
"1413",19,"closure","com.google.javascript.rhino.head.NativeArray","com.google.javascript.rhino.head.ScriptableObject",28
"1414",19,"closure","com.google.javascript.rhino.head.regexp.NativeRegExp","com.google.javascript.rhino.head.ScriptRuntime",13
"1415",19,"closure","com.google.javascript.rhino.head.ScriptableObject","com.google.javascript.rhino.head.FunctionObject",3
"1416",19,"closure","com.google.javascript.rhino.head.tools.debugger.Dim","com.google.javascript.rhino.head.ScriptRuntime",13
"1417",19,"closure","com.google.javascript.rhino.jstype.JSType","com.google.javascript.rhino.jstype.UnionType",14
"1418",19,"lang","org.apache.commons.lang3.builder.ReflectionToStringBuilder","org.apache.commons.lang3.builder.ToStringBuilder",28
"1419",19,"lang","org.apache.commons.lang3.builder.ToStringStyle","org.apache.commons.lang3.ClassUtils",7
"1420",19,"lang","org.apache.commons.lang3.concurrent.MultiBackgroundInitializer","org.apache.commons.lang3.concurrent.BackgroundInitializer",5
"1421",19,"lang","org.apache.commons.lang3.StringUtils","org.apache.commons.lang3.ArrayUtils",2
"1422",19,"lang","org.apache.commons.lang3.text.StrBuilder$StrBuilderReader","org.apache.commons.lang3.text.StrBuilder",68
"1423",19,"lang","org.apache.commons.lang3.text.StrSubstitutor","org.apache.commons.lang3.text.StrBuilder",227
"1424",19,"lang","org.apache.commons.lang3.text.StrTokenizer","org.apache.commons.lang3.text.StrMatcher",12
"1425",19,"lang","org.apache.commons.lang3.text.translate.UnicodeEscaper","org.apache.commons.lang3.text.translate.CharSequenceTranslator",31
"1426",19,"math","org.apache.commons.math.analysis.LaguerreSolver","org.apache.commons.math.complex.Complex",147
"1427",19,"math","org.apache.commons.math.analysis.MullerSolver","org.apache.commons.math.analysis.UnivariateRealSolverImpl",57
"1428",19,"math","org.apache.commons.math.distribution.AbstractIntegerDistribution","org.apache.commons.math.distribution.HypergeometricDistributionImpl",49
"1429",19,"math","org.apache.commons.math.fraction.ProperFractionFormat","org.apache.commons.math.fraction.FractionFormat",49
"1430",19,"math","org.apache.commons.math.geometry.Rotation","org.apache.commons.math.geometry.Vector3D",89
"1431",19,"math","org.apache.commons.math.linear.MatrixUtils","org.apache.commons.math.linear.BigMatrixImpl",1
"1432",19,"math","org.apache.commons.math.ode.AbstractStepInterpolator","org.apache.commons.math.ode.DormandPrince853StepInterpolator",69
"1433",19,"math","org.apache.commons.math.ode.ContinuousOutputModel","org.apache.commons.math.ode.AbstractStepInterpolator",12
"1434",19,"math","org.apache.commons.math.ode.EmbeddedRungeKuttaIntegrator","org.apache.commons.math.ode.DormandPrince853Integrator",6
"1435",19,"math","org.apache.commons.math.ode.GraggBulirschStoerIntegrator","org.apache.commons.math.ode.AdaptiveStepsizeIntegrator",31
"1436",19,"math","org.apache.commons.math.ode.GraggBulirschStoerIntegrator","org.apache.commons.math.ode.SwitchingFunctionsHandler",8
"1437",19,"math","org.apache.commons.math.ode.GraggBulirschStoerStepInterpolator","org.apache.commons.math.ode.AbstractStepInterpolator",14
"1438",19,"math","org.apache.commons.math.ode.SwitchingFunctionsHandler","org.apache.commons.math.ode.SwitchState",41
"1439",19,"math","org.apache.commons.math.ode.SwitchState","org.apache.commons.math.analysis.BrentSolver",27
"1440",19,"math","org.apache.commons.math.optimization.NelderMead","org.apache.commons.math.optimization.DirectSearchOptimizer",93
"1441",19,"math","org.apache.commons.math.random.EmpiricalDistributionImpl","org.apache.commons.math.stat.descriptive.SummaryStatistics",1
"1442",19,"math","org.apache.commons.math.stat.descriptive.AbstractStorelessUnivariateStatistic","org.apache.commons.math.stat.descriptive.moment.Variance",59
"1443",19,"math","org.apache.commons.math.stat.descriptive.DescriptiveStatistics","org.apache.commons.math.util.ResizableDoubleArray",97
"1444",19,"math","org.apache.commons.math.transform.FastFourierTransformer","org.apache.commons.math.complex.Complex",304
"1445",19,"mockito","org.mockito.asm.AnnotationWriter","org.mockito.asm.ClassWriter",445
"1446",19,"mockito","org.mockito.asm.MethodWriter","org.mockito.asm.ByteVector",21
"1447",19,"mockito","org.mockito.asm.MethodWriter","org.mockito.asm.ClassWriter",15
"1448",19,"mockito","org.mockito.asm.tree.analysis.BasicVerifier","org.mockito.asm.tree.analysis.BasicInterpreter",18
"1449",19,"mockito","org.mockito.asm.tree.analysis.BasicVerifier","org.mockito.asm.tree.analysis.SimpleVerifier",11
"1450",19,"mockito","org.mockito.asm.util.ASMifierClassVisitor","org.mockito.asm.util.ASMifierAbstractVisitor",16
"1451",19,"mockito","org.mockito.cglib.core.ClassEmitter","org.mockito.cglib.transform.impl.InterceptFieldTransformer",10
"1452",19,"mockito","org.mockito.cglib.core.CodeEmitter","org.mockito.cglib.core.TypeUtils",103
"1453",19,"mockito","org.mockito.cglib.core.EmitUtils","org.mockito.cglib.core.CodeEmitter",61
"1454",19,"mockito","org.mockito.cglib.proxy.Enhancer","org.mockito.cglib.core.ReflectUtils",90
"1455",19,"mockito","org.mockito.cglib.proxy.Mixin$Generator","org.mockito.cglib.core.AbstractClassGenerator",2
"1456",19,"mockito","org.mockito.cglib.proxy.Mixin$Generator","org.mockito.cglib.core.ReflectUtils",148
"1457",19,"time","org.joda.time.base.AbstractPartial","org.joda.time.MonthDay",1
"1458",19,"time","org.joda.time.base.AbstractPartial","org.joda.time.TimeOfDay",4
"1459",19,"time","org.joda.time.base.AbstractPartial","org.joda.time.YearMonth",19
"1460",19,"time","org.joda.time.base.AbstractPartial","org.joda.time.YearMonthDay",18
"1461",19,"time","org.joda.time.base.BasePeriod","org.joda.time.base.AbstractPeriod",42
"1462",19,"time","org.joda.time.chrono.BasicChronology","org.joda.time.chrono.CopticChronology",33
"1463",19,"time","org.joda.time.chrono.BasicChronology","org.joda.time.chrono.EthiopicChronology",2
"1464",19,"time","org.joda.time.chrono.BasicChronology","org.joda.time.chrono.IslamicChronology",142
"1465",19,"time","org.joda.time.chrono.BasicWeekyearDateTimeField","org.joda.time.chrono.BasicChronology",36
"1466",19,"time","org.joda.time.chrono.CopticChronology","org.joda.time.DateTimeZone",173
"1467",19,"time","org.joda.time.chrono.GJChronology","org.joda.time.chrono.GJChronology$CutoverField",8
"1468",19,"time","org.joda.time.chrono.GJChronology","org.joda.time.chrono.JulianChronology",12
"1469",19,"time","org.joda.time.chrono.ISOChronology","org.joda.time.chrono.AssembledChronology",50
"1470",19,"time","org.joda.time.chrono.ISOChronology","org.joda.time.DateTimeZone",163
"1471",19,"time","org.joda.time.chrono.ZonedChronology","org.joda.time.chrono.AssembledChronology",5
"1472",19,"time","org.joda.time.chrono.ZonedChronology$ZonedDateTimeField","org.joda.time.DateTimeZone",193
"1473",19,"time","org.joda.time.DateTimeUtils","org.joda.time.DateTimeZone",126
"1474",19,"time","org.joda.time.DateTimeZone","org.joda.time.field.FieldUtils",1
"1475",19,"time","org.joda.time.DateTimeZone","org.joda.time.format.FormatUtils",2
"1476",19,"time","org.joda.time.Days","org.joda.time.base.BaseSingleFieldPeriod",39
"1477",19,"time","org.joda.time.format.DateTimeFormat","org.joda.time.format.DateTimeFormatterBuilder",40
"1478",19,"time","org.joda.time.format.DateTimeFormatter","org.joda.time.DateTimeZone",81
"1479",19,"time","org.joda.time.format.DateTimeFormatter","org.joda.time.format.DateTimeParserBucket",7
"1480",19,"time","org.joda.time.format.DateTimeFormatterBuilder$PaddedNumber","org.joda.time.format.DateTimeFormatterBuilder",272
"1481",19,"time","org.joda.time.format.DateTimeFormatterBuilder$TextField","org.joda.time.format.DateTimeParserBucket",32
"1482",19,"time","org.joda.time.format.DateTimeFormatterBuilder$TextField","org.joda.time.MutableDateTime",2
"1483",19,"time","org.joda.time.format.DateTimeParserBucket$SavedState","org.joda.time.format.DateTimeParserBucket",16
"1484",19,"time","org.joda.time.Hours","org.joda.time.base.BaseSingleFieldPeriod",34
"1485",19,"time","org.joda.time.LocalDate","org.joda.time.format.ISODateTimeFormat",34
"1486",19,"time","org.joda.time.LocalDateTime","org.joda.time.DateTimeZone",140
"1487",19,"time","org.joda.time.LocalDateTime","org.joda.time.format.DateTimeFormatter",18
"1488",19,"time","org.joda.time.LocalTime$Property","org.joda.time.LocalTime",91
"1489",19,"time","org.joda.time.Minutes","org.joda.time.base.BaseSingleFieldPeriod",64
"1490",19,"time","org.joda.time.MutableInterval","org.joda.time.base.BaseInterval",11
"1491",19,"time","org.joda.time.MutablePeriod","org.joda.time.base.BasePeriod",59
"1492",19,"time","org.joda.time.Period","org.joda.time.base.AbstractPeriod",34
"1493",19,"time","org.joda.time.Period","org.joda.time.base.BasePeriod",67
"1494",19,"time","org.joda.time.Period","org.joda.time.PeriodType",507
"1495",19,"time","org.joda.time.Seconds","org.joda.time.base.BaseSingleFieldPeriod",64
"1496",19,"time","org.joda.time.tz.ZoneInfoCompiler","org.joda.time.DateTimeZone",233
"1497",19,"time","org.joda.time.Weeks","org.joda.time.base.BaseSingleFieldPeriod",57
"1498",19,"time","org.joda.time.YearMonthDay","org.joda.time.base.BasePartial",6
"1499",20,"closure","com.google.javascript.rhino.head.IdScriptableObject","com.google.javascript.rhino.head.ScriptableObject",34
"1500",20,"closure","com.google.javascript.rhino.head.IRFactory","com.google.javascript.rhino.head.Node",26
"1501",20,"closure","com.google.javascript.rhino.head.IRFactory","com.google.javascript.rhino.head.Parser",164
"1502",20,"closure","com.google.javascript.rhino.head.NativeArray","com.google.javascript.rhino.head.IdScriptableObject",8
"1503",20,"closure","com.google.javascript.rhino.head.NativeArray","com.google.javascript.rhino.head.ScriptableObject",34
"1504",20,"closure","com.google.javascript.rhino.head.regexp.NativeRegExp","com.google.javascript.rhino.head.ScriptRuntime",35
"1505",20,"closure","com.google.javascript.rhino.head.ScriptableObject","com.google.javascript.rhino.head.FunctionObject",5
"1506",20,"closure","com.google.javascript.rhino.JSDocInfoBuilder","com.google.javascript.rhino.JSDocInfo",125
"1507",20,"closure","com.google.javascript.rhino.jstype.JSType","com.google.javascript.rhino.jstype.ProxyObjectType",3
"1508",20,"closure","com.google.javascript.rhino.jstype.JSType","com.google.javascript.rhino.jstype.UnionType",4
"1509",20,"lang","org.apache.commons.lang3.builder.ReflectionToStringBuilder","org.apache.commons.lang3.builder.ToStringBuilder",4
"1510",20,"lang","org.apache.commons.lang3.builder.ToStringBuilder","org.apache.commons.lang3.builder.ToStringStyle",102
"1511",20,"lang","org.apache.commons.lang3.builder.ToStringStyle","org.apache.commons.lang3.ClassUtils",7
"1512",20,"lang","org.apache.commons.lang3.concurrent.MultiBackgroundInitializer","org.apache.commons.lang3.concurrent.BackgroundInitializer",7
"1513",20,"lang","org.apache.commons.lang3.StringUtils","org.apache.commons.lang3.ArrayUtils",2
"1514",20,"lang","org.apache.commons.lang3.text.StrBuilder$StrBuilderReader","org.apache.commons.lang3.text.StrBuilder",53
"1515",20,"lang","org.apache.commons.lang3.text.StrSubstitutor","org.apache.commons.lang3.text.StrBuilder",179
"1516",20,"lang","org.apache.commons.lang3.text.StrTokenizer","org.apache.commons.lang3.text.StrMatcher",9
"1517",20,"lang","org.apache.commons.lang3.time.DurationFormatUtils","org.apache.commons.lang3.time.DurationFormatUtils$Token",1
"1518",20,"math","org.apache.commons.math.analysis.LaguerreSolver","org.apache.commons.math.complex.Complex",25
"1519",20,"math","org.apache.commons.math.analysis.MullerSolver","org.apache.commons.math.analysis.UnivariateRealSolverImpl",59
"1520",20,"math","org.apache.commons.math.distribution.AbstractIntegerDistribution","org.apache.commons.math.distribution.HypergeometricDistributionImpl",55
"1521",20,"math","org.apache.commons.math.fraction.ProperFractionFormat","org.apache.commons.math.fraction.FractionFormat",37
"1522",20,"math","org.apache.commons.math.geometry.Rotation","org.apache.commons.math.geometry.Vector3D",59
"1523",20,"math","org.apache.commons.math.linear.MatrixUtils","org.apache.commons.math.linear.BigMatrixImpl",19
"1524",20,"math","org.apache.commons.math.ode.AbstractStepInterpolator","org.apache.commons.math.ode.DormandPrince853StepInterpolator",66
"1525",20,"math","org.apache.commons.math.ode.ContinuousOutputModel","org.apache.commons.math.ode.AbstractStepInterpolator",24
"1526",20,"math","org.apache.commons.math.ode.EmbeddedRungeKuttaIntegrator","org.apache.commons.math.ode.DormandPrince853Integrator",10
"1527",20,"math","org.apache.commons.math.ode.GraggBulirschStoerIntegrator","org.apache.commons.math.ode.AdaptiveStepsizeIntegrator",38
"1528",20,"math","org.apache.commons.math.ode.GraggBulirschStoerIntegrator","org.apache.commons.math.ode.SwitchingFunctionsHandler",11
"1529",20,"math","org.apache.commons.math.ode.GraggBulirschStoerStepInterpolator","org.apache.commons.math.ode.AbstractStepInterpolator",14
"1530",20,"math","org.apache.commons.math.ode.SwitchingFunctionsHandler","org.apache.commons.math.ode.SwitchState",29
"1531",20,"math","org.apache.commons.math.ode.SwitchState","org.apache.commons.math.analysis.BrentSolver",9
"1532",20,"math","org.apache.commons.math.optimization.NelderMead","org.apache.commons.math.optimization.DirectSearchOptimizer",55
"1533",20,"math","org.apache.commons.math.random.EmpiricalDistributionImpl","org.apache.commons.math.stat.descriptive.SummaryStatistics",1
"1534",20,"math","org.apache.commons.math.stat.descriptive.AbstractStorelessUnivariateStatistic","org.apache.commons.math.stat.descriptive.moment.Variance",65
"1535",20,"math","org.apache.commons.math.stat.descriptive.DescriptiveStatistics","org.apache.commons.math.util.ResizableDoubleArray",100
"1536",20,"math","org.apache.commons.math.transform.FastFourierTransformer","org.apache.commons.math.complex.Complex",281
"1537",20,"mockito","org.mockito.asm.AnnotationWriter","org.mockito.asm.ClassWriter",387
"1538",20,"mockito","org.mockito.asm.MethodWriter","org.mockito.asm.ByteVector",28
"1539",20,"mockito","org.mockito.asm.MethodWriter","org.mockito.asm.ClassWriter",4
"1540",20,"mockito","org.mockito.asm.tree.analysis.BasicVerifier","org.mockito.asm.tree.analysis.BasicInterpreter",32
"1541",20,"mockito","org.mockito.asm.tree.analysis.BasicVerifier","org.mockito.asm.tree.analysis.SimpleVerifier",8
"1542",20,"mockito","org.mockito.cglib.core.CodeEmitter","org.mockito.cglib.core.TypeUtils",89
"1543",20,"mockito","org.mockito.cglib.core.EmitUtils","org.mockito.cglib.core.CodeEmitter",24
"1544",20,"mockito","org.mockito.cglib.proxy.Enhancer","org.mockito.cglib.core.ReflectUtils",90
"1545",20,"mockito","org.mockito.cglib.proxy.Mixin$Generator","org.mockito.cglib.core.ReflectUtils",98
"1546",20,"time","org.joda.time.base.AbstractPartial","org.joda.time.MonthDay",14
"1547",20,"time","org.joda.time.base.AbstractPartial","org.joda.time.TimeOfDay",22
"1548",20,"time","org.joda.time.base.AbstractPartial","org.joda.time.YearMonth",45
"1549",20,"time","org.joda.time.base.BasePeriod","org.joda.time.base.AbstractPeriod",34
"1550",20,"time","org.joda.time.chrono.BasicChronology","org.joda.time.chrono.CopticChronology",6
"1551",20,"time","org.joda.time.chrono.BasicChronology","org.joda.time.chrono.IslamicChronology",59
"1552",20,"time","org.joda.time.chrono.BasicWeekyearDateTimeField","org.joda.time.chrono.BasicChronology",42
"1553",20,"time","org.joda.time.chrono.CopticChronology","org.joda.time.DateTimeZone",191
"1554",20,"time","org.joda.time.chrono.GJChronology","org.joda.time.chrono.JulianChronology",21
"1555",20,"time","org.joda.time.chrono.ISOChronology","org.joda.time.chrono.AssembledChronology",120
"1556",20,"time","org.joda.time.chrono.ZonedChronology","org.joda.time.chrono.AssembledChronology",5
"1557",20,"time","org.joda.time.chrono.ZonedChronology","org.joda.time.DateTimeZone",135
"1558",20,"time","org.joda.time.chrono.ZonedChronology$ZonedDateTimeField","org.joda.time.DateTimeZone",112
"1559",20,"time","org.joda.time.DateTimeUtils","org.joda.time.DateTimeZone",144
"1560",20,"time","org.joda.time.DateTimeZone","org.joda.time.field.FieldUtils",6
"1561",20,"time","org.joda.time.DateTimeZone","org.joda.time.format.FormatUtils",5
"1562",20,"time","org.joda.time.Days","org.joda.time.base.BaseSingleFieldPeriod",68
"1563",20,"time","org.joda.time.format.DateTimeFormat","org.joda.time.format.DateTimeFormat$StyleFormatter",4
"1564",20,"time","org.joda.time.format.DateTimeFormat","org.joda.time.format.DateTimeFormatterBuilder",22
"1565",20,"time","org.joda.time.format.DateTimeFormatter","org.joda.time.DateTimeZone",70
"1566",20,"time","org.joda.time.format.DateTimeFormatter","org.joda.time.format.DateTimeParserBucket",8
"1567",20,"time","org.joda.time.format.DateTimeFormatterBuilder$PaddedNumber","org.joda.time.format.DateTimeFormatterBuilder",47
"1568",20,"time","org.joda.time.format.DateTimeFormatterBuilder$TextField","org.joda.time.format.DateTimeParserBucket",30
"1569",20,"time","org.joda.time.format.DateTimeFormatterBuilder$TextField","org.joda.time.MutableDateTime",2
"1570",20,"time","org.joda.time.format.DateTimeParserBucket$SavedState","org.joda.time.format.DateTimeParserBucket",16
"1571",20,"time","org.joda.time.Hours","org.joda.time.base.BaseSingleFieldPeriod",43
"1572",20,"time","org.joda.time.LocalDate","org.joda.time.format.ISODateTimeFormat",34
"1573",20,"time","org.joda.time.LocalDateTime","org.joda.time.format.DateTimeFormatter",15
"1574",20,"time","org.joda.time.LocalTime$Property","org.joda.time.LocalTime",13
"1575",20,"time","org.joda.time.Minutes","org.joda.time.base.BaseSingleFieldPeriod",53
"1576",20,"time","org.joda.time.MutableInterval","org.joda.time.base.BaseInterval",2
"1577",20,"time","org.joda.time.MutablePeriod","org.joda.time.base.BasePeriod",41
"1578",20,"time","org.joda.time.Period","org.joda.time.base.AbstractPeriod",23
"1579",20,"time","org.joda.time.Period","org.joda.time.base.BasePeriod",32
"1580",20,"time","org.joda.time.Period","org.joda.time.PeriodType",505
"1581",20,"time","org.joda.time.Seconds","org.joda.time.base.BaseSingleFieldPeriod",48
"1582",20,"time","org.joda.time.tz.ZoneInfoCompiler","org.joda.time.DateTimeZone",161
"1583",20,"time","org.joda.time.Weeks","org.joda.time.base.BaseSingleFieldPeriod",51
"1584",20,"time","org.joda.time.YearMonthDay","org.joda.time.base.BasePartial",7
