"","executionId","project","caller","callee","killedM"
"1",1,"closure","com.google.javascript.rhino.head.IdScriptableObject","com.google.javascript.rhino.head.ScriptableObject",329
"2",1,"closure","com.google.javascript.rhino.head.IRFactory","com.google.javascript.rhino.head.Node",1
"3",1,"closure","com.google.javascript.rhino.head.IRFactory","com.google.javascript.rhino.head.Parser",93
"4",1,"closure","com.google.javascript.rhino.head.NativeArray","com.google.javascript.rhino.head.ScriptableObject",73
"5",1,"closure","com.google.javascript.rhino.head.NativeObject","com.google.javascript.rhino.head.ScriptableObject",375
"6",1,"closure","com.google.javascript.rhino.head.regexp.NativeRegExp","com.google.javascript.rhino.head.ScriptRuntime",108
"7",1,"closure","com.google.javascript.rhino.head.tools.debugger.Dim","com.google.javascript.rhino.head.ScriptRuntime",39
"8",1,"closure","com.google.javascript.rhino.jstype.JSType","com.google.javascript.rhino.jstype.FunctionType",255
"9",1,"closure","com.google.javascript.rhino.jstype.JSType","com.google.javascript.rhino.jstype.ProxyObjectType",8
"10",1,"lang","org.apache.commons.lang3.builder.ReflectionToStringBuilder","org.apache.commons.lang3.builder.ToStringBuilder",1
"11",1,"lang","org.apache.commons.lang3.builder.ToStringBuilder","org.apache.commons.lang3.builder.ToStringStyle",113
"12",1,"lang","org.apache.commons.lang3.concurrent.MultiBackgroundInitializer","org.apache.commons.lang3.concurrent.BackgroundInitializer",49
"13",1,"lang","org.apache.commons.lang3.text.StrBuilder$StrBuilderReader","org.apache.commons.lang3.text.StrBuilder",7
"14",1,"lang","org.apache.commons.lang3.text.StrSubstitutor","org.apache.commons.lang3.text.StrBuilder",39
"15",1,"lang","org.apache.commons.lang3.text.StrTokenizer","org.apache.commons.lang3.text.StrMatcher",11
"16",1,"lang","org.apache.commons.lang3.text.translate.UnicodeEscaper","org.apache.commons.lang3.text.translate.CharSequenceTranslator",34
"17",1,"lang","org.apache.commons.lang3.time.DurationFormatUtils","org.apache.commons.lang3.time.DurationFormatUtils$Token",9
"18",1,"lang","org.apache.commons.lang3.time.FastDateFormat","org.apache.commons.lang3.time.FastDateFormat$TextField",12
"19",1,"math","org.apache.commons.math.analysis.LaguerreSolver","org.apache.commons.math.complex.Complex",31
"20",1,"math","org.apache.commons.math.analysis.MullerSolver","org.apache.commons.math.analysis.UnivariateRealSolverImpl",98
"21",1,"math","org.apache.commons.math.geometry.Rotation","org.apache.commons.math.geometry.Vector3D",14
"22",1,"math","org.apache.commons.math.linear.MatrixUtils","org.apache.commons.math.linear.BigMatrixImpl",1
"23",1,"math","org.apache.commons.math.ode.AbstractStepInterpolator","org.apache.commons.math.ode.DormandPrince853StepInterpolator",73
"24",1,"math","org.apache.commons.math.ode.ContinuousOutputModel","org.apache.commons.math.ode.AbstractStepInterpolator",44
"25",1,"math","org.apache.commons.math.ode.EmbeddedRungeKuttaIntegrator","org.apache.commons.math.ode.DormandPrince853Integrator",11
"26",1,"math","org.apache.commons.math.ode.EmbeddedRungeKuttaIntegrator","org.apache.commons.math.ode.HighamHall54Integrator",6
"27",1,"math","org.apache.commons.math.ode.GraggBulirschStoerIntegrator","org.apache.commons.math.ode.AdaptiveStepsizeIntegrator",85
"28",1,"math","org.apache.commons.math.ode.GraggBulirschStoerIntegrator","org.apache.commons.math.ode.SwitchingFunctionsHandler",5
"29",1,"math","org.apache.commons.math.ode.GraggBulirschStoerStepInterpolator","org.apache.commons.math.ode.AbstractStepInterpolator",45
"30",1,"math","org.apache.commons.math.ode.SwitchingFunctionsHandler","org.apache.commons.math.ode.SwitchState",73
"31",1,"math","org.apache.commons.math.ode.SwitchState","org.apache.commons.math.analysis.BrentSolver",13
"32",1,"math","org.apache.commons.math.optimization.NelderMead","org.apache.commons.math.optimization.DirectSearchOptimizer",110
"33",1,"math","org.apache.commons.math.stat.inference.TTestImpl","org.apache.commons.math.stat.StatUtils",2
"34",1,"math","org.apache.commons.math.transform.FastFourierTransformer","org.apache.commons.math.complex.Complex",21
"35",1,"mockito","org.mockito.asm.AnnotationWriter","org.mockito.asm.ClassWriter",75
"36",1,"mockito","org.mockito.asm.MethodWriter","org.mockito.asm.ByteVector",36
"37",1,"mockito","org.mockito.asm.MethodWriter","org.mockito.asm.ClassWriter",12
"38",1,"mockito","org.mockito.asm.tree.analysis.BasicVerifier","org.mockito.asm.tree.analysis.BasicInterpreter",20
"39",1,"mockito","org.mockito.asm.tree.analysis.BasicVerifier","org.mockito.asm.tree.analysis.SimpleVerifier",5
"40",1,"mockito","org.mockito.asm.util.ASMifierClassVisitor","org.mockito.asm.util.ASMifierAbstractVisitor",24
"41",1,"mockito","org.mockito.cglib.core.ClassEmitter","org.mockito.cglib.transform.impl.InterceptFieldTransformer",8
"42",1,"mockito","org.mockito.cglib.core.CodeEmitter","org.mockito.cglib.core.TypeUtils",62
"43",1,"mockito","org.mockito.cglib.core.EmitUtils","org.mockito.cglib.core.CodeEmitter",49
"44",1,"mockito","org.mockito.cglib.proxy.Enhancer","org.mockito.cglib.core.ReflectUtils",52
"45",1,"mockito","org.mockito.cglib.proxy.Mixin$Generator","org.mockito.cglib.core.AbstractClassGenerator",9
"46",1,"mockito","org.mockito.cglib.proxy.Mixin$Generator","org.mockito.cglib.core.ReflectUtils",57
"47",1,"time","org.joda.time.base.AbstractPartial","org.joda.time.YearMonth",9
"48",1,"time","org.joda.time.base.BasePeriod","org.joda.time.base.AbstractPeriod",63
"49",1,"time","org.joda.time.chrono.BasicChronology","org.joda.time.chrono.CopticChronology",4
"50",1,"time","org.joda.time.chrono.BasicChronology","org.joda.time.chrono.EthiopicChronology",1
"51",1,"time","org.joda.time.chrono.BasicChronology","org.joda.time.chrono.IslamicChronology",156
"52",1,"time","org.joda.time.chrono.BasicWeekyearDateTimeField","org.joda.time.chrono.BasicChronology",277
"53",1,"time","org.joda.time.chrono.CopticChronology","org.joda.time.DateTimeZone",219
"54",1,"time","org.joda.time.chrono.GJChronology","org.joda.time.chrono.GJChronology$CutoverField",27
"55",1,"time","org.joda.time.chrono.GJChronology","org.joda.time.chrono.JulianChronology",22
"56",1,"time","org.joda.time.chrono.ISOChronology","org.joda.time.chrono.AssembledChronology",72
"57",1,"time","org.joda.time.chrono.ISOChronology","org.joda.time.DateTimeZone",413
"58",1,"time","org.joda.time.chrono.ZonedChronology","org.joda.time.chrono.AssembledChronology",71
"59",1,"time","org.joda.time.chrono.ZonedChronology","org.joda.time.DateTimeZone",130
"60",1,"time","org.joda.time.chrono.ZonedChronology$ZonedDateTimeField","org.joda.time.DateTimeZone",153
"61",1,"time","org.joda.time.DateTimeUtils","org.joda.time.DateTimeZone",177
"62",1,"time","org.joda.time.DateTimeZone","org.joda.time.format.DateTimeFormat",211
"63",1,"time","org.joda.time.DateTimeZone","org.joda.time.tz.FixedDateTimeZone",17
"64",1,"time","org.joda.time.Days","org.joda.time.base.BaseSingleFieldPeriod",99
"65",1,"time","org.joda.time.format.DateTimeFormat","org.joda.time.format.DateTimeFormat$StyleFormatter",16
"66",1,"time","org.joda.time.format.DateTimeFormat","org.joda.time.format.DateTimeFormatterBuilder",3
"67",1,"time","org.joda.time.format.DateTimeFormatter","org.joda.time.DateTimeZone",116
"68",1,"time","org.joda.time.format.DateTimeFormatter","org.joda.time.format.DateTimeParserBucket",64
"69",1,"time","org.joda.time.format.DateTimeFormatterBuilder$PaddedNumber","org.joda.time.format.DateTimeFormatterBuilder",4
"70",1,"time","org.joda.time.format.DateTimeFormatterBuilder$TextField","org.joda.time.format.DateTimeParserBucket",68
"71",1,"time","org.joda.time.format.DateTimeParserBucket$SavedState","org.joda.time.format.DateTimeParserBucket",27
"72",1,"time","org.joda.time.format.ISODateTimeFormat","org.joda.time.format.DateTimeFormatterBuilder",23
"73",1,"time","org.joda.time.Hours","org.joda.time.base.BaseSingleFieldPeriod",87
"74",1,"time","org.joda.time.LocalDate","org.joda.time.format.ISODateTimeFormat",28
"75",1,"time","org.joda.time.LocalDateTime","org.joda.time.DateTimeZone",200
"76",1,"time","org.joda.time.LocalDateTime","org.joda.time.format.DateTimeFormatter",44
"77",1,"time","org.joda.time.Minutes","org.joda.time.base.BaseSingleFieldPeriod",130
"78",1,"time","org.joda.time.MutableInterval","org.joda.time.base.BaseInterval",17
"79",1,"time","org.joda.time.MutablePeriod","org.joda.time.base.BasePeriod",125
"80",1,"time","org.joda.time.Period","org.joda.time.base.AbstractPeriod",69
"81",1,"time","org.joda.time.Period","org.joda.time.base.BasePeriod",137
"82",1,"time","org.joda.time.Period","org.joda.time.PeriodType",620
"83",1,"time","org.joda.time.Seconds","org.joda.time.base.BaseSingleFieldPeriod",115
"84",1,"time","org.joda.time.tz.ZoneInfoCompiler","org.joda.time.DateTimeZone",180
"85",1,"time","org.joda.time.Weeks","org.joda.time.base.BaseSingleFieldPeriod",126
"86",1,"time","org.joda.time.YearMonthDay","org.joda.time.base.BasePartial",5
"87",2,"closure","com.google.javascript.rhino.head.IdScriptableObject","com.google.javascript.rhino.head.ScriptableObject",144
"88",2,"closure","com.google.javascript.rhino.head.Interpreter","com.google.javascript.rhino.head.InterpretedFunction",2
"89",2,"closure","com.google.javascript.rhino.head.Interpreter","com.google.javascript.rhino.head.ScriptableObject",71
"90",2,"closure","com.google.javascript.rhino.head.IRFactory","com.google.javascript.rhino.head.Node",2
"91",2,"closure","com.google.javascript.rhino.head.IRFactory","com.google.javascript.rhino.head.Parser",37
"92",2,"closure","com.google.javascript.rhino.head.NativeArray","com.google.javascript.rhino.head.ScriptableObject",35
"93",2,"closure","com.google.javascript.rhino.head.NativeArray","com.google.javascript.rhino.head.ScriptRuntime",75
"94",2,"closure","com.google.javascript.rhino.head.NativeObject","com.google.javascript.rhino.head.ScriptableObject",74
"95",2,"closure","com.google.javascript.rhino.jstype.JSType","com.google.javascript.rhino.jstype.ProxyObjectType",2
"96",2,"closure","com.google.javascript.rhino.jstype.JSType","com.google.javascript.rhino.jstype.UnionType",79
"97",2,"closure","com.google.javascript.rhino.jstype.PrototypeObjectType","com.google.javascript.rhino.jstype.JSType",113
"98",2,"lang","org.apache.commons.lang3.builder.ReflectionToStringBuilder","org.apache.commons.lang3.builder.ToStringBuilder",1
"99",2,"lang","org.apache.commons.lang3.builder.ToStringBuilder","org.apache.commons.lang3.builder.ToStringStyle",164
"100",2,"lang","org.apache.commons.lang3.concurrent.MultiBackgroundInitializer","org.apache.commons.lang3.concurrent.BackgroundInitializer",51
"101",2,"lang","org.apache.commons.lang3.text.StrSubstitutor","org.apache.commons.lang3.text.StrBuilder",38
"102",2,"lang","org.apache.commons.lang3.text.StrTokenizer","org.apache.commons.lang3.text.StrMatcher",23
"103",2,"lang","org.apache.commons.lang3.text.translate.UnicodeEscaper","org.apache.commons.lang3.text.translate.CharSequenceTranslator",35
"104",2,"lang","org.apache.commons.lang3.time.DurationFormatUtils","org.apache.commons.lang3.time.DurationFormatUtils$Token",20
"105",2,"lang","org.apache.commons.lang3.time.FastDateFormat","org.apache.commons.lang3.time.FastDateFormat$TextField",16
"106",2,"math","org.apache.commons.math.analysis.LaguerreSolver","org.apache.commons.math.complex.Complex",32
"107",2,"math","org.apache.commons.math.analysis.MullerSolver","org.apache.commons.math.analysis.UnivariateRealSolverImpl",98
"108",2,"math","org.apache.commons.math.geometry.Rotation","org.apache.commons.math.geometry.Vector3D",17
"109",2,"math","org.apache.commons.math.linear.MatrixUtils","org.apache.commons.math.linear.BigMatrixImpl",1
"110",2,"math","org.apache.commons.math.ode.AbstractStepInterpolator","org.apache.commons.math.ode.DormandPrince853StepInterpolator",65
"111",2,"math","org.apache.commons.math.ode.ContinuousOutputModel","org.apache.commons.math.ode.AbstractStepInterpolator",35
"112",2,"math","org.apache.commons.math.ode.EmbeddedRungeKuttaIntegrator","org.apache.commons.math.ode.DormandPrince853Integrator",9
"113",2,"math","org.apache.commons.math.ode.EmbeddedRungeKuttaIntegrator","org.apache.commons.math.ode.HighamHall54Integrator",11
"114",2,"math","org.apache.commons.math.ode.GraggBulirschStoerIntegrator","org.apache.commons.math.ode.AdaptiveStepsizeIntegrator",79
"115",2,"math","org.apache.commons.math.ode.GraggBulirschStoerIntegrator","org.apache.commons.math.ode.SwitchingFunctionsHandler",5
"116",2,"math","org.apache.commons.math.ode.GraggBulirschStoerStepInterpolator","org.apache.commons.math.ode.AbstractStepInterpolator",15
"117",2,"math","org.apache.commons.math.ode.SwitchingFunctionsHandler","org.apache.commons.math.ode.SwitchState",75
"118",2,"math","org.apache.commons.math.ode.SwitchState","org.apache.commons.math.analysis.BrentSolver",16
"119",2,"math","org.apache.commons.math.optimization.NelderMead","org.apache.commons.math.optimization.DirectSearchOptimizer",112
"120",2,"math","org.apache.commons.math.stat.descriptive.AbstractStorelessUnivariateStatistic","org.apache.commons.math.stat.descriptive.moment.Variance",3
"121",2,"math","org.apache.commons.math.transform.FastFourierTransformer","org.apache.commons.math.complex.Complex",25
"122",2,"mockito","org.mockito.asm.AnnotationWriter","org.mockito.asm.ClassWriter",65
"123",2,"mockito","org.mockito.asm.MethodWriter","org.mockito.asm.ByteVector",29
"124",2,"mockito","org.mockito.asm.tree.analysis.BasicVerifier","org.mockito.asm.tree.analysis.BasicInterpreter",6
"125",2,"mockito","org.mockito.asm.util.ASMifierClassVisitor","org.mockito.asm.util.ASMifierAbstractVisitor",24
"126",2,"mockito","org.mockito.cglib.core.CodeEmitter","org.mockito.cglib.core.TypeUtils",74
"127",2,"mockito","org.mockito.cglib.core.EmitUtils","org.mockito.cglib.core.CodeEmitter",73
"128",2,"mockito","org.mockito.cglib.proxy.Enhancer","org.mockito.cglib.core.CodeEmitter",240
"129",2,"mockito","org.mockito.cglib.proxy.Enhancer","org.mockito.cglib.core.ReflectUtils",52
"130",2,"mockito","org.mockito.cglib.proxy.Mixin$Generator","org.mockito.cglib.core.AbstractClassGenerator",9
"131",2,"time","org.joda.time.base.AbstractPartial","org.joda.time.MonthDay",24
"132",2,"time","org.joda.time.base.AbstractPartial","org.joda.time.YearMonth",11
"133",2,"time","org.joda.time.base.BasePeriod","org.joda.time.base.AbstractPeriod",80
"134",2,"time","org.joda.time.chrono.BasicChronology","org.joda.time.chrono.CopticChronology",18
"135",2,"time","org.joda.time.chrono.BasicChronology","org.joda.time.chrono.IslamicChronology",55
"136",2,"time","org.joda.time.chrono.BasicWeekyearDateTimeField","org.joda.time.chrono.BasicChronology",172
"137",2,"time","org.joda.time.chrono.CopticChronology","org.joda.time.DateTimeZone",184
"138",2,"time","org.joda.time.chrono.GJChronology","org.joda.time.chrono.GJChronology$CutoverField",26
"139",2,"time","org.joda.time.chrono.GJChronology","org.joda.time.chrono.JulianChronology",15
"140",2,"time","org.joda.time.chrono.ISOChronology","org.joda.time.chrono.AssembledChronology",69
"141",2,"time","org.joda.time.chrono.ZonedChronology","org.joda.time.chrono.AssembledChronology",62
"142",2,"time","org.joda.time.chrono.ZonedChronology","org.joda.time.DateTimeZone",175
"143",2,"time","org.joda.time.chrono.ZonedChronology$ZonedDateTimeField","org.joda.time.DateTimeZone",173
"144",2,"time","org.joda.time.DateTimeUtils","org.joda.time.DateTimeZone",205
"145",2,"time","org.joda.time.DateTimeZone","org.joda.time.format.DateTimeFormat",146
"146",2,"time","org.joda.time.DateTimeZone","org.joda.time.format.FormatUtils",49
"147",2,"time","org.joda.time.DateTimeZone","org.joda.time.tz.FixedDateTimeZone",20
"148",2,"time","org.joda.time.Days","org.joda.time.base.BaseSingleFieldPeriod",112
"149",2,"time","org.joda.time.format.DateTimeFormat","org.joda.time.format.DateTimeFormat$StyleFormatter",22
"150",2,"time","org.joda.time.format.DateTimeFormat","org.joda.time.format.DateTimeFormatterBuilder",3
"151",2,"time","org.joda.time.format.DateTimeFormatter","org.joda.time.DateTimeZone",133
"152",2,"time","org.joda.time.format.DateTimeFormatter","org.joda.time.format.DateTimeParserBucket",31
"153",2,"time","org.joda.time.format.DateTimeFormatterBuilder$PaddedNumber","org.joda.time.format.DateTimeFormatterBuilder",4
"154",2,"time","org.joda.time.format.DateTimeFormatterBuilder$TextField","org.joda.time.format.DateTimeParserBucket",36
"155",2,"time","org.joda.time.format.DateTimeFormatterBuilder$TextField","org.joda.time.MutableDateTime",1
"156",2,"time","org.joda.time.format.DateTimeParserBucket$SavedState","org.joda.time.format.DateTimeParserBucket",15
"157",2,"time","org.joda.time.format.ISODateTimeFormat","org.joda.time.format.DateTimeFormatterBuilder",22
"158",2,"time","org.joda.time.Hours","org.joda.time.base.BaseSingleFieldPeriod",95
"159",2,"time","org.joda.time.LocalDate","org.joda.time.format.ISODateTimeFormat",28
"160",2,"time","org.joda.time.LocalDateTime","org.joda.time.DateTimeZone",330
"161",2,"time","org.joda.time.LocalDateTime","org.joda.time.format.DateTimeFormatter",28
"162",2,"time","org.joda.time.LocalTime$Property","org.joda.time.LocalTime",10
"163",2,"time","org.joda.time.Minutes","org.joda.time.base.BaseSingleFieldPeriod",116
"164",2,"time","org.joda.time.MutableInterval","org.joda.time.base.BaseInterval",9
"165",2,"time","org.joda.time.MutablePeriod","org.joda.time.base.BasePeriod",131
"166",2,"time","org.joda.time.Period","org.joda.time.base.AbstractPeriod",70
"167",2,"time","org.joda.time.Period","org.joda.time.base.BasePeriod",101
"168",2,"time","org.joda.time.Period","org.joda.time.PeriodType",629
"169",2,"time","org.joda.time.Seconds","org.joda.time.base.BaseSingleFieldPeriod",126
"170",2,"time","org.joda.time.tz.ZoneInfoCompiler","org.joda.time.DateTimeZone",275
"171",2,"time","org.joda.time.Weeks","org.joda.time.base.BaseSingleFieldPeriod",130
"172",2,"time","org.joda.time.YearMonthDay","org.joda.time.base.BasePartial",14
"173",3,"closure","com.google.javascript.jscomp.NodeUtil","com.google.javascript.rhino.Node",25
"174",3,"closure","com.google.javascript.rhino.head.IdScriptableObject","com.google.javascript.rhino.head.ScriptableObject",203
"175",3,"closure","com.google.javascript.rhino.head.Interpreter","com.google.javascript.rhino.head.ScriptableObject",33
"176",3,"closure","com.google.javascript.rhino.head.IRFactory","com.google.javascript.rhino.head.Parser",32
"177",3,"closure","com.google.javascript.rhino.head.Parser","com.google.javascript.rhino.head.CompilerEnvirons",2
"178",3,"closure","com.google.javascript.rhino.head.ScriptRuntime","com.google.javascript.rhino.head.ScriptableObject",127
"179",3,"closure","com.google.javascript.rhino.head.tools.debugger.Dim","com.google.javascript.rhino.head.ScriptRuntime",42
"180",3,"closure","com.google.javascript.rhino.head.tools.shell.Global","com.google.javascript.rhino.head.ScriptRuntime",43
"181",3,"closure","com.google.javascript.rhino.JSDocInfoBuilder","com.google.javascript.rhino.JSDocInfo",341
"182",3,"closure","com.google.javascript.rhino.jstype.JSType","com.google.javascript.rhino.jstype.ProxyObjectType",2
"183",3,"closure","com.google.javascript.rhino.jstype.JSType","com.google.javascript.rhino.jstype.UnionType",49
"184",3,"lang","org.apache.commons.lang3.builder.ReflectionToStringBuilder","org.apache.commons.lang3.builder.ToStringBuilder",1
"185",3,"lang","org.apache.commons.lang3.builder.ToStringBuilder","org.apache.commons.lang3.builder.ToStringStyle",115
"186",3,"lang","org.apache.commons.lang3.concurrent.MultiBackgroundInitializer","org.apache.commons.lang3.concurrent.BackgroundInitializer",40
"187",3,"lang","org.apache.commons.lang3.text.StrBuilder$StrBuilderReader","org.apache.commons.lang3.text.StrBuilder",8
"188",3,"lang","org.apache.commons.lang3.text.StrSubstitutor","org.apache.commons.lang3.text.StrBuilder",32
"189",3,"lang","org.apache.commons.lang3.text.StrTokenizer","org.apache.commons.lang3.text.StrMatcher",24
"190",3,"lang","org.apache.commons.lang3.text.translate.UnicodeEscaper","org.apache.commons.lang3.text.translate.CharSequenceTranslator",36
"191",3,"lang","org.apache.commons.lang3.time.DurationFormatUtils","org.apache.commons.lang3.time.DurationFormatUtils$Token",9
"192",3,"lang","org.apache.commons.lang3.time.FastDateFormat","org.apache.commons.lang3.time.FastDateFormat$TextField",4
"193",3,"math","org.apache.commons.math.analysis.LaguerreSolver","org.apache.commons.math.complex.Complex",66
"194",3,"math","org.apache.commons.math.analysis.MullerSolver","org.apache.commons.math.analysis.UnivariateRealSolverImpl",107
"195",3,"math","org.apache.commons.math.fraction.ProperFractionFormat","org.apache.commons.math.fraction.FractionFormat",2
"196",3,"math","org.apache.commons.math.geometry.Rotation","org.apache.commons.math.geometry.Vector3D",15
"197",3,"math","org.apache.commons.math.linear.MatrixUtils","org.apache.commons.math.linear.BigMatrixImpl",1
"198",3,"math","org.apache.commons.math.ode.AbstractStepInterpolator","org.apache.commons.math.ode.DormandPrince853StepInterpolator",64
"199",3,"math","org.apache.commons.math.ode.ContinuousOutputModel","org.apache.commons.math.ode.AbstractStepInterpolator",47
"200",3,"math","org.apache.commons.math.ode.EmbeddedRungeKuttaIntegrator","org.apache.commons.math.ode.DormandPrince853Integrator",8
"201",3,"math","org.apache.commons.math.ode.EmbeddedRungeKuttaIntegrator","org.apache.commons.math.ode.HighamHall54Integrator",8
"202",3,"math","org.apache.commons.math.ode.GraggBulirschStoerIntegrator","org.apache.commons.math.ode.AdaptiveStepsizeIntegrator",97
"203",3,"math","org.apache.commons.math.ode.GraggBulirschStoerIntegrator","org.apache.commons.math.ode.SwitchingFunctionsHandler",21
"204",3,"math","org.apache.commons.math.ode.GraggBulirschStoerStepInterpolator","org.apache.commons.math.ode.AbstractStepInterpolator",37
"205",3,"math","org.apache.commons.math.ode.SwitchingFunctionsHandler","org.apache.commons.math.ode.SwitchState",61
"206",3,"math","org.apache.commons.math.ode.SwitchState","org.apache.commons.math.analysis.BrentSolver",34
"207",3,"math","org.apache.commons.math.optimization.NelderMead","org.apache.commons.math.optimization.DirectSearchOptimizer",129
"208",3,"math","org.apache.commons.math.stat.descriptive.AbstractStorelessUnivariateStatistic","org.apache.commons.math.stat.descriptive.moment.Variance",2
"209",3,"math","org.apache.commons.math.transform.FastFourierTransformer","org.apache.commons.math.complex.Complex",31
"210",3,"mockito","org.mockito.asm.AnnotationWriter","org.mockito.asm.ClassWriter",82
"211",3,"mockito","org.mockito.asm.MethodWriter","org.mockito.asm.ByteVector",38
"212",3,"mockito","org.mockito.asm.MethodWriter","org.mockito.asm.ClassWriter",18
"213",3,"mockito","org.mockito.asm.tree.analysis.BasicVerifier","org.mockito.asm.tree.analysis.BasicInterpreter",29
"214",3,"mockito","org.mockito.asm.tree.analysis.BasicVerifier","org.mockito.asm.tree.analysis.SimpleVerifier",1
"215",3,"mockito","org.mockito.cglib.core.ClassEmitter","org.mockito.cglib.transform.impl.InterceptFieldTransformer",5
"216",3,"mockito","org.mockito.cglib.core.CodeEmitter","org.mockito.cglib.core.TypeUtils",73
"217",3,"mockito","org.mockito.cglib.core.EmitUtils","org.mockito.cglib.core.CodeEmitter",57
"218",3,"mockito","org.mockito.cglib.proxy.Enhancer","org.mockito.cglib.core.ReflectUtils",52
"219",3,"mockito","org.mockito.cglib.proxy.Mixin$Generator","org.mockito.cglib.core.AbstractClassGenerator",6
"220",3,"time","org.joda.time.base.AbstractPartial","org.joda.time.MonthDay",11
"221",3,"time","org.joda.time.base.AbstractPartial","org.joda.time.YearMonth",13
"222",3,"time","org.joda.time.base.BasePeriod","org.joda.time.base.AbstractPeriod",52
"223",3,"time","org.joda.time.chrono.BasicChronology","org.joda.time.chrono.CopticChronology",62
"224",3,"time","org.joda.time.chrono.BasicChronology","org.joda.time.chrono.IslamicChronology",61
"225",3,"time","org.joda.time.chrono.BasicWeekyearDateTimeField","org.joda.time.chrono.BasicChronology",233
"226",3,"time","org.joda.time.chrono.CopticChronology","org.joda.time.DateTimeZone",174
"227",3,"time","org.joda.time.chrono.GJChronology","org.joda.time.chrono.GJChronology$CutoverField",57
"228",3,"time","org.joda.time.chrono.GJChronology","org.joda.time.chrono.JulianChronology",2
"229",3,"time","org.joda.time.chrono.ISOChronology","org.joda.time.chrono.AssembledChronology",86
"230",3,"time","org.joda.time.chrono.ISOChronology","org.joda.time.DateTimeZone",230
"231",3,"time","org.joda.time.chrono.ZonedChronology","org.joda.time.chrono.AssembledChronology",67
"232",3,"time","org.joda.time.chrono.ZonedChronology","org.joda.time.DateTimeZone",181
"233",3,"time","org.joda.time.chrono.ZonedChronology$ZonedDateTimeField","org.joda.time.DateTimeZone",155
"234",3,"time","org.joda.time.DateTimeUtils","org.joda.time.DateTimeZone",185
"235",3,"time","org.joda.time.DateTimeZone","org.joda.time.tz.FixedDateTimeZone",20
"236",3,"time","org.joda.time.Days","org.joda.time.base.BaseSingleFieldPeriod",81
"237",3,"time","org.joda.time.format.DateTimeFormat","org.joda.time.format.DateTimeFormat$StyleFormatter",16
"238",3,"time","org.joda.time.format.DateTimeFormatter","org.joda.time.DateTimeZone",114
"239",3,"time","org.joda.time.format.DateTimeFormatter","org.joda.time.format.DateTimeParserBucket",60
"240",3,"time","org.joda.time.format.DateTimeFormatterBuilder$PaddedNumber","org.joda.time.format.DateTimeFormatterBuilder",4
"241",3,"time","org.joda.time.format.DateTimeFormatterBuilder$TextField","org.joda.time.format.DateTimeParserBucket",56
"242",3,"time","org.joda.time.format.DateTimeParserBucket$SavedState","org.joda.time.format.DateTimeParserBucket",16
"243",3,"time","org.joda.time.format.ISODateTimeFormat","org.joda.time.format.DateTimeFormatterBuilder",23
"244",3,"time","org.joda.time.Hours","org.joda.time.base.BaseSingleFieldPeriod",89
"245",3,"time","org.joda.time.LocalDate","org.joda.time.format.ISODateTimeFormat",31
"246",3,"time","org.joda.time.LocalDateTime","org.joda.time.DateTimeZone",335
"247",3,"time","org.joda.time.LocalDateTime","org.joda.time.format.DateTimeFormatter",26
"248",3,"time","org.joda.time.Minutes","org.joda.time.base.BaseSingleFieldPeriod",130
"249",3,"time","org.joda.time.MutableInterval","org.joda.time.base.BaseInterval",24
"250",3,"time","org.joda.time.MutablePeriod","org.joda.time.base.BasePeriod",137
"251",3,"time","org.joda.time.Period","org.joda.time.base.AbstractPeriod",59
"252",3,"time","org.joda.time.Period","org.joda.time.base.BasePeriod",131
"253",3,"time","org.joda.time.Period","org.joda.time.PeriodType",619
"254",3,"time","org.joda.time.Seconds","org.joda.time.base.BaseSingleFieldPeriod",119
"255",3,"time","org.joda.time.tz.ZoneInfoCompiler","org.joda.time.DateTimeZone",195
"256",3,"time","org.joda.time.Weeks","org.joda.time.base.BaseSingleFieldPeriod",128
"257",3,"time","org.joda.time.YearMonthDay","org.joda.time.base.BasePartial",11
"258",4,"closure","com.google.javascript.rhino.head.IdScriptableObject","com.google.javascript.rhino.head.ScriptableObject",149
"259",4,"closure","com.google.javascript.rhino.head.Interpreter","com.google.javascript.rhino.head.InterpretedFunction",2
"260",4,"closure","com.google.javascript.rhino.head.IRFactory","com.google.javascript.rhino.head.Node",3
"261",4,"closure","com.google.javascript.rhino.head.IRFactory","com.google.javascript.rhino.head.Parser",55
"262",4,"closure","com.google.javascript.rhino.head.NativeArray","com.google.javascript.rhino.head.ScriptableObject",189
"263",4,"closure","com.google.javascript.rhino.head.NativeObject","com.google.javascript.rhino.head.ScriptableObject",261
"264",4,"closure","com.google.javascript.rhino.head.ScriptableObject","com.google.javascript.rhino.head.FunctionObject",15
"265",4,"closure","com.google.javascript.rhino.head.tools.debugger.Dim","com.google.javascript.rhino.head.ScriptRuntime",30
"266",4,"closure","com.google.javascript.rhino.head.tools.shell.Global","com.google.javascript.rhino.head.ScriptRuntime",32
"267",4,"closure","com.google.javascript.rhino.jstype.JSType","com.google.javascript.rhino.jstype.ProxyObjectType",2
"268",4,"lang","org.apache.commons.lang3.builder.ReflectionToStringBuilder","org.apache.commons.lang3.builder.ToStringBuilder",1
"269",4,"lang","org.apache.commons.lang3.builder.ToStringBuilder","org.apache.commons.lang3.builder.ToStringStyle",166
"270",4,"lang","org.apache.commons.lang3.concurrent.MultiBackgroundInitializer","org.apache.commons.lang3.concurrent.BackgroundInitializer",46
"271",4,"lang","org.apache.commons.lang3.text.StrBuilder$StrBuilderReader","org.apache.commons.lang3.text.StrBuilder",3
"272",4,"lang","org.apache.commons.lang3.text.StrSubstitutor","org.apache.commons.lang3.text.StrBuilder",24
"273",4,"lang","org.apache.commons.lang3.text.StrTokenizer","org.apache.commons.lang3.text.StrMatcher",11
"274",4,"lang","org.apache.commons.lang3.text.translate.UnicodeEscaper","org.apache.commons.lang3.text.translate.CharSequenceTranslator",14
"275",4,"lang","org.apache.commons.lang3.time.DurationFormatUtils","org.apache.commons.lang3.time.DurationFormatUtils$Token",8
"276",4,"lang","org.apache.commons.lang3.time.FastDateFormat","org.apache.commons.lang3.time.FastDateFormat$TextField",4
"277",4,"math","org.apache.commons.math.analysis.LaguerreSolver","org.apache.commons.math.complex.Complex",8
"278",4,"math","org.apache.commons.math.analysis.MullerSolver","org.apache.commons.math.analysis.UnivariateRealSolverImpl",102
"279",4,"math","org.apache.commons.math.geometry.Rotation","org.apache.commons.math.geometry.Vector3D",16
"280",4,"math","org.apache.commons.math.linear.MatrixUtils","org.apache.commons.math.linear.BigMatrixImpl",1
"281",4,"math","org.apache.commons.math.ode.AbstractStepInterpolator","org.apache.commons.math.ode.DormandPrince853StepInterpolator",64
"282",4,"math","org.apache.commons.math.ode.ContinuousOutputModel","org.apache.commons.math.ode.AbstractStepInterpolator",47
"283",4,"math","org.apache.commons.math.ode.EmbeddedRungeKuttaIntegrator","org.apache.commons.math.ode.DormandPrince853Integrator",10
"284",4,"math","org.apache.commons.math.ode.EmbeddedRungeKuttaIntegrator","org.apache.commons.math.ode.HighamHall54Integrator",7
"285",4,"math","org.apache.commons.math.ode.GraggBulirschStoerIntegrator","org.apache.commons.math.ode.AdaptiveStepsizeIntegrator",86
"286",4,"math","org.apache.commons.math.ode.GraggBulirschStoerIntegrator","org.apache.commons.math.ode.SwitchingFunctionsHandler",2
"287",4,"math","org.apache.commons.math.ode.GraggBulirschStoerStepInterpolator","org.apache.commons.math.ode.AbstractStepInterpolator",45
"288",4,"math","org.apache.commons.math.ode.SwitchingFunctionsHandler","org.apache.commons.math.ode.SwitchState",72
"289",4,"math","org.apache.commons.math.ode.SwitchState","org.apache.commons.math.analysis.BrentSolver",60
"290",4,"math","org.apache.commons.math.optimization.NelderMead","org.apache.commons.math.optimization.DirectSearchOptimizer",123
"291",4,"math","org.apache.commons.math.stat.descriptive.AbstractStorelessUnivariateStatistic","org.apache.commons.math.stat.descriptive.moment.Variance",3
"292",4,"math","org.apache.commons.math.stat.inference.TTestImpl","org.apache.commons.math.stat.StatUtils",2
"293",4,"math","org.apache.commons.math.transform.FastFourierTransformer","org.apache.commons.math.complex.Complex",27
"294",4,"mockito","org.mockito.asm.AnnotationWriter","org.mockito.asm.ClassWriter",63
"295",4,"mockito","org.mockito.asm.MethodWriter","org.mockito.asm.ByteVector",53
"296",4,"mockito","org.mockito.asm.MethodWriter","org.mockito.asm.ClassWriter",28
"297",4,"mockito","org.mockito.asm.tree.analysis.BasicVerifier","org.mockito.asm.tree.analysis.BasicInterpreter",27
"298",4,"mockito","org.mockito.asm.util.ASMifierClassVisitor","org.mockito.asm.util.ASMifierAbstractVisitor",24
"299",4,"mockito","org.mockito.cglib.core.CodeEmitter","org.mockito.cglib.core.TypeUtils",70
"300",4,"mockito","org.mockito.cglib.core.EmitUtils","org.mockito.cglib.core.CodeEmitter",113
"301",4,"mockito","org.mockito.cglib.proxy.Enhancer","org.mockito.cglib.core.CodeEmitter",240
"302",4,"mockito","org.mockito.cglib.proxy.Enhancer","org.mockito.cglib.core.ReflectUtils",52
"303",4,"mockito","org.mockito.cglib.proxy.Mixin$Generator","org.mockito.cglib.core.AbstractClassGenerator",9
"304",4,"mockito","org.mockito.cglib.proxy.Mixin$Generator","org.mockito.cglib.core.ReflectUtils",59
"305",4,"time","org.joda.time.base.AbstractPartial","org.joda.time.MonthDay",11
"306",4,"time","org.joda.time.base.AbstractPartial","org.joda.time.YearMonth",5
"307",4,"time","org.joda.time.base.BasePeriod","org.joda.time.base.AbstractPeriod",70
"308",4,"time","org.joda.time.chrono.BasicChronology","org.joda.time.chrono.EthiopicChronology",1
"309",4,"time","org.joda.time.chrono.BasicChronology","org.joda.time.chrono.IslamicChronology",31
"310",4,"time","org.joda.time.chrono.BasicWeekyearDateTimeField","org.joda.time.chrono.BasicChronology",424
"311",4,"time","org.joda.time.chrono.CopticChronology","org.joda.time.DateTimeZone",223
"312",4,"time","org.joda.time.chrono.GJChronology","org.joda.time.chrono.GJChronology$CutoverField",53
"313",4,"time","org.joda.time.chrono.GJChronology","org.joda.time.chrono.JulianChronology",32
"314",4,"time","org.joda.time.chrono.ISOChronology","org.joda.time.chrono.AssembledChronology",68
"315",4,"time","org.joda.time.chrono.ISOChronology","org.joda.time.DateTimeZone",348
"316",4,"time","org.joda.time.chrono.ZonedChronology","org.joda.time.chrono.AssembledChronology",151
"317",4,"time","org.joda.time.chrono.ZonedChronology","org.joda.time.DateTimeZone",192
"318",4,"time","org.joda.time.chrono.ZonedChronology$ZonedDateTimeField","org.joda.time.DateTimeZone",177
"319",4,"time","org.joda.time.DateTimeUtils","org.joda.time.DateTimeZone",139
"320",4,"time","org.joda.time.DateTimeZone","org.joda.time.format.DateTimeFormat",131
"321",4,"time","org.joda.time.DateTimeZone","org.joda.time.format.FormatUtils",46
"322",4,"time","org.joda.time.DateTimeZone","org.joda.time.tz.FixedDateTimeZone",10
"323",4,"time","org.joda.time.Days","org.joda.time.base.BaseSingleFieldPeriod",110
"324",4,"time","org.joda.time.format.DateTimeFormat","org.joda.time.format.DateTimeFormat$StyleFormatter",9
"325",4,"time","org.joda.time.format.DateTimeFormatter","org.joda.time.DateTimeZone",107
"326",4,"time","org.joda.time.format.DateTimeFormatter","org.joda.time.format.DateTimeParserBucket",19
"327",4,"time","org.joda.time.format.DateTimeFormatterBuilder$PaddedNumber","org.joda.time.format.DateTimeFormatterBuilder",7
"328",4,"time","org.joda.time.format.DateTimeFormatterBuilder$TextField","org.joda.time.format.DateTimeParserBucket",39
"329",4,"time","org.joda.time.format.DateTimeFormatterBuilder$TextField","org.joda.time.MutableDateTime",15
"330",4,"time","org.joda.time.format.DateTimeParserBucket$SavedState","org.joda.time.format.DateTimeParserBucket",16
"331",4,"time","org.joda.time.format.ISODateTimeFormat","org.joda.time.format.DateTimeFormatterBuilder",23
"332",4,"time","org.joda.time.Hours","org.joda.time.base.BaseSingleFieldPeriod",113
"333",4,"time","org.joda.time.LocalDate","org.joda.time.format.ISODateTimeFormat",33
"334",4,"time","org.joda.time.LocalDateTime","org.joda.time.DateTimeZone",187
"335",4,"time","org.joda.time.LocalDateTime","org.joda.time.format.DateTimeFormatter",56
"336",4,"time","org.joda.time.LocalTime$Property","org.joda.time.LocalTime",4
"337",4,"time","org.joda.time.Minutes","org.joda.time.base.BaseSingleFieldPeriod",136
"338",4,"time","org.joda.time.MutableInterval","org.joda.time.base.BaseInterval",17
"339",4,"time","org.joda.time.MutablePeriod","org.joda.time.base.BasePeriod",129
"340",4,"time","org.joda.time.Period","org.joda.time.base.AbstractPeriod",82
"341",4,"time","org.joda.time.Period","org.joda.time.base.BasePeriod",137
"342",4,"time","org.joda.time.Period","org.joda.time.PeriodType",20
"343",4,"time","org.joda.time.Seconds","org.joda.time.base.BaseSingleFieldPeriod",128
"344",4,"time","org.joda.time.tz.ZoneInfoCompiler","org.joda.time.DateTimeZone",315
"345",4,"time","org.joda.time.Weeks","org.joda.time.base.BaseSingleFieldPeriod",125
"346",4,"time","org.joda.time.YearMonthDay","org.joda.time.base.BasePartial",5
"347",5,"closure","com.google.javascript.jscomp.NodeUtil","com.google.javascript.rhino.Node",12
"348",5,"closure","com.google.javascript.rhino.head.Interpreter","com.google.javascript.rhino.head.ScriptableObject",242
"349",5,"closure","com.google.javascript.rhino.head.IRFactory","com.google.javascript.rhino.head.Parser",136
"350",5,"closure","com.google.javascript.rhino.head.NativeArray","com.google.javascript.rhino.head.IdScriptableObject",98
"351",5,"closure","com.google.javascript.rhino.head.NativeArray","com.google.javascript.rhino.head.ScriptRuntime",100
"352",5,"closure","com.google.javascript.rhino.head.NativeObject","com.google.javascript.rhino.head.ScriptableObject",326
"353",5,"closure","com.google.javascript.rhino.head.ScriptRuntime","com.google.javascript.rhino.head.ScriptableObject",136
"354",5,"closure","com.google.javascript.rhino.head.tools.debugger.Dim","com.google.javascript.rhino.head.ScriptRuntime",9
"355",5,"closure","com.google.javascript.rhino.head.tools.shell.Global","com.google.javascript.rhino.head.ScriptRuntime",21
"356",5,"lang","org.apache.commons.lang3.builder.ReflectionToStringBuilder","org.apache.commons.lang3.builder.ToStringBuilder",1
"357",5,"lang","org.apache.commons.lang3.builder.ToStringBuilder","org.apache.commons.lang3.builder.ToStringStyle",102
"358",5,"lang","org.apache.commons.lang3.concurrent.MultiBackgroundInitializer","org.apache.commons.lang3.concurrent.BackgroundInitializer",38
"359",5,"lang","org.apache.commons.lang3.text.StrBuilder$StrBuilderReader","org.apache.commons.lang3.text.StrBuilder",7
"360",5,"lang","org.apache.commons.lang3.text.StrSubstitutor","org.apache.commons.lang3.text.StrBuilder",32
"361",5,"lang","org.apache.commons.lang3.text.StrTokenizer","org.apache.commons.lang3.text.StrMatcher",25
"362",5,"lang","org.apache.commons.lang3.text.translate.UnicodeEscaper","org.apache.commons.lang3.text.translate.CharSequenceTranslator",35
"363",5,"lang","org.apache.commons.lang3.time.DurationFormatUtils","org.apache.commons.lang3.time.DurationFormatUtils$Token",9
"364",5,"lang","org.apache.commons.lang3.time.FastDateFormat","org.apache.commons.lang3.time.FastDateFormat$TextField",4
"365",5,"math","org.apache.commons.math.analysis.LaguerreSolver","org.apache.commons.math.complex.Complex",53
"366",5,"math","org.apache.commons.math.analysis.MullerSolver","org.apache.commons.math.analysis.UnivariateRealSolverImpl",103
"367",5,"math","org.apache.commons.math.geometry.Rotation","org.apache.commons.math.geometry.Vector3D",8
"368",5,"math","org.apache.commons.math.linear.MatrixUtils","org.apache.commons.math.linear.BigMatrixImpl",4
"369",5,"math","org.apache.commons.math.ode.AbstractStepInterpolator","org.apache.commons.math.ode.DormandPrince853StepInterpolator",81
"370",5,"math","org.apache.commons.math.ode.ContinuousOutputModel","org.apache.commons.math.ode.AbstractStepInterpolator",36
"371",5,"math","org.apache.commons.math.ode.EmbeddedRungeKuttaIntegrator","org.apache.commons.math.ode.DormandPrince853Integrator",12
"372",5,"math","org.apache.commons.math.ode.EmbeddedRungeKuttaIntegrator","org.apache.commons.math.ode.HighamHall54Integrator",6
"373",5,"math","org.apache.commons.math.ode.GraggBulirschStoerIntegrator","org.apache.commons.math.ode.AdaptiveStepsizeIntegrator",88
"374",5,"math","org.apache.commons.math.ode.GraggBulirschStoerStepInterpolator","org.apache.commons.math.ode.AbstractStepInterpolator",16
"375",5,"math","org.apache.commons.math.ode.SwitchingFunctionsHandler","org.apache.commons.math.ode.SwitchState",78
"376",5,"math","org.apache.commons.math.ode.SwitchState","org.apache.commons.math.analysis.BrentSolver",57
"377",5,"math","org.apache.commons.math.optimization.NelderMead","org.apache.commons.math.optimization.DirectSearchOptimizer",89
"378",5,"math","org.apache.commons.math.stat.descriptive.AbstractStorelessUnivariateStatistic","org.apache.commons.math.stat.descriptive.moment.Variance",2
"379",5,"math","org.apache.commons.math.transform.FastFourierTransformer","org.apache.commons.math.complex.Complex",32
"380",5,"mockito","org.mockito.asm.AnnotationWriter","org.mockito.asm.ClassWriter",60
"381",5,"mockito","org.mockito.asm.MethodWriter","org.mockito.asm.ByteVector",37
"382",5,"mockito","org.mockito.asm.MethodWriter","org.mockito.asm.ClassWriter",11
"383",5,"mockito","org.mockito.asm.tree.analysis.BasicVerifier","org.mockito.asm.tree.analysis.BasicInterpreter",9
"384",5,"mockito","org.mockito.asm.tree.analysis.BasicVerifier","org.mockito.asm.tree.analysis.SimpleVerifier",18
"385",5,"mockito","org.mockito.asm.util.ASMifierClassVisitor","org.mockito.asm.util.ASMifierAbstractVisitor",24
"386",5,"mockito","org.mockito.cglib.core.CodeEmitter","org.mockito.cglib.core.TypeUtils",68
"387",5,"mockito","org.mockito.cglib.core.EmitUtils","org.mockito.cglib.core.CodeEmitter",101
"388",5,"mockito","org.mockito.cglib.proxy.Enhancer","org.mockito.cglib.core.ReflectUtils",52
"389",5,"mockito","org.mockito.cglib.proxy.Mixin$Generator","org.mockito.cglib.core.AbstractClassGenerator",9
"390",5,"mockito","org.mockito.cglib.proxy.Mixin$Generator","org.mockito.cglib.core.ReflectUtils",61
"391",5,"time","org.joda.time.base.AbstractPartial","org.joda.time.YearMonth",19
"392",5,"time","org.joda.time.base.BasePeriod","org.joda.time.base.AbstractPeriod",87
"393",5,"time","org.joda.time.chrono.BasicChronology","org.joda.time.chrono.CopticChronology",65
"394",5,"time","org.joda.time.chrono.BasicChronology","org.joda.time.chrono.IslamicChronology",79
"395",5,"time","org.joda.time.chrono.BasicWeekyearDateTimeField","org.joda.time.chrono.BasicChronology",167
"396",5,"time","org.joda.time.chrono.CopticChronology","org.joda.time.DateTimeZone",186
"397",5,"time","org.joda.time.chrono.GJChronology","org.joda.time.chrono.GJChronology$CutoverField",31
"398",5,"time","org.joda.time.chrono.GJChronology","org.joda.time.chrono.JulianChronology",12
"399",5,"time","org.joda.time.chrono.ISOChronology","org.joda.time.chrono.AssembledChronology",52
"400",5,"time","org.joda.time.chrono.ISOChronology","org.joda.time.DateTimeZone",217
"401",5,"time","org.joda.time.chrono.ZonedChronology","org.joda.time.chrono.AssembledChronology",135
"402",5,"time","org.joda.time.chrono.ZonedChronology","org.joda.time.DateTimeZone",201
"403",5,"time","org.joda.time.chrono.ZonedChronology$ZonedDateTimeField","org.joda.time.DateTimeZone",174
"404",5,"time","org.joda.time.DateTimeUtils","org.joda.time.DateTimeZone",43
"405",5,"time","org.joda.time.DateTimeZone","org.joda.time.format.DateTimeFormat",147
"406",5,"time","org.joda.time.DateTimeZone","org.joda.time.format.FormatUtils",64
"407",5,"time","org.joda.time.DateTimeZone","org.joda.time.tz.FixedDateTimeZone",10
"408",5,"time","org.joda.time.Days","org.joda.time.base.BaseSingleFieldPeriod",122
"409",5,"time","org.joda.time.format.DateTimeFormat","org.joda.time.format.DateTimeFormat$StyleFormatter",8
"410",5,"time","org.joda.time.format.DateTimeFormat","org.joda.time.format.DateTimeFormatterBuilder",8
"411",5,"time","org.joda.time.format.DateTimeFormatter","org.joda.time.DateTimeZone",121
"412",5,"time","org.joda.time.format.DateTimeFormatter","org.joda.time.format.DateTimeParserBucket",33
"413",5,"time","org.joda.time.format.DateTimeFormatterBuilder$PaddedNumber","org.joda.time.format.DateTimeFormatterBuilder",3
"414",5,"time","org.joda.time.format.DateTimeFormatterBuilder$TextField","org.joda.time.format.DateTimeParserBucket",41
"415",5,"time","org.joda.time.format.DateTimeFormatterBuilder$TextField","org.joda.time.MutableDateTime",1
"416",5,"time","org.joda.time.format.DateTimeParserBucket$SavedState","org.joda.time.format.DateTimeParserBucket",15
"417",5,"time","org.joda.time.format.ISODateTimeFormat","org.joda.time.format.DateTimeFormatterBuilder",23
"418",5,"time","org.joda.time.Hours","org.joda.time.base.BaseSingleFieldPeriod",95
"419",5,"time","org.joda.time.LocalDate","org.joda.time.DateTime",2
"420",5,"time","org.joda.time.LocalDate","org.joda.time.format.ISODateTimeFormat",37
"421",5,"time","org.joda.time.LocalDateTime","org.joda.time.DateTimeZone",413
"422",5,"time","org.joda.time.LocalDateTime","org.joda.time.format.DateTimeFormatter",51
"423",5,"time","org.joda.time.Minutes","org.joda.time.base.BaseSingleFieldPeriod",138
"424",5,"time","org.joda.time.MutableInterval","org.joda.time.base.BaseInterval",12
"425",5,"time","org.joda.time.MutablePeriod","org.joda.time.base.BasePeriod",128
"426",5,"time","org.joda.time.Period","org.joda.time.base.AbstractPeriod",67
"427",5,"time","org.joda.time.Period","org.joda.time.base.BasePeriod",109
"428",5,"time","org.joda.time.Period","org.joda.time.PeriodType",632
"429",5,"time","org.joda.time.Seconds","org.joda.time.base.BaseSingleFieldPeriod",97
"430",5,"time","org.joda.time.tz.ZoneInfoCompiler","org.joda.time.DateTimeZone",187
"431",5,"time","org.joda.time.Weeks","org.joda.time.base.BaseSingleFieldPeriod",120
"432",5,"time","org.joda.time.YearMonthDay","org.joda.time.base.BasePartial",15
"433",6,"closure","com.google.javascript.rhino.head.IRFactory","com.google.javascript.rhino.head.Node",6
"434",6,"closure","com.google.javascript.rhino.head.NativeArray","com.google.javascript.rhino.head.IdScriptableObject",83
"435",6,"closure","com.google.javascript.rhino.head.NativeObject","com.google.javascript.rhino.head.ScriptableObject",189
"436",6,"closure","com.google.javascript.rhino.head.ScriptRuntime","com.google.javascript.rhino.head.ScriptableObject",146
"437",6,"closure","com.google.javascript.rhino.head.tools.shell.Global","com.google.javascript.rhino.head.ScriptRuntime",11
"438",6,"lang","org.apache.commons.lang3.builder.ReflectionToStringBuilder","org.apache.commons.lang3.builder.ToStringBuilder",1
"439",6,"lang","org.apache.commons.lang3.builder.ToStringBuilder","org.apache.commons.lang3.builder.ToStringStyle",189
"440",6,"lang","org.apache.commons.lang3.concurrent.MultiBackgroundInitializer","org.apache.commons.lang3.concurrent.BackgroundInitializer",35
"441",6,"lang","org.apache.commons.lang3.text.StrBuilder$StrBuilderReader","org.apache.commons.lang3.text.StrBuilder",6
"442",6,"lang","org.apache.commons.lang3.text.StrSubstitutor","org.apache.commons.lang3.text.StrBuilder",31
"443",6,"lang","org.apache.commons.lang3.text.StrTokenizer","org.apache.commons.lang3.text.StrMatcher",11
"444",6,"lang","org.apache.commons.lang3.text.translate.UnicodeEscaper","org.apache.commons.lang3.text.translate.CharSequenceTranslator",36
"445",6,"lang","org.apache.commons.lang3.time.DurationFormatUtils","org.apache.commons.lang3.time.DurationFormatUtils$Token",15
"446",6,"lang","org.apache.commons.lang3.time.FastDateFormat","org.apache.commons.lang3.time.FastDateFormat$TextField",12
"447",6,"math","org.apache.commons.math.analysis.LaguerreSolver","org.apache.commons.math.complex.Complex",23
"448",6,"math","org.apache.commons.math.analysis.MullerSolver","org.apache.commons.math.analysis.UnivariateRealSolverImpl",101
"449",6,"math","org.apache.commons.math.geometry.Rotation","org.apache.commons.math.geometry.Vector3D",10
"450",6,"math","org.apache.commons.math.linear.MatrixUtils","org.apache.commons.math.linear.BigMatrixImpl",4
"451",6,"math","org.apache.commons.math.ode.AbstractStepInterpolator","org.apache.commons.math.ode.DormandPrince853StepInterpolator",73
"452",6,"math","org.apache.commons.math.ode.ContinuousOutputModel","org.apache.commons.math.ode.AbstractStepInterpolator",47
"453",6,"math","org.apache.commons.math.ode.EmbeddedRungeKuttaIntegrator","org.apache.commons.math.ode.DormandPrince853Integrator",11
"454",6,"math","org.apache.commons.math.ode.EmbeddedRungeKuttaIntegrator","org.apache.commons.math.ode.HighamHall54Integrator",9
"455",6,"math","org.apache.commons.math.ode.GraggBulirschStoerIntegrator","org.apache.commons.math.ode.AdaptiveStepsizeIntegrator",84
"456",6,"math","org.apache.commons.math.ode.GraggBulirschStoerIntegrator","org.apache.commons.math.ode.SwitchingFunctionsHandler",5
"457",6,"math","org.apache.commons.math.ode.GraggBulirschStoerStepInterpolator","org.apache.commons.math.ode.AbstractStepInterpolator",17
"458",6,"math","org.apache.commons.math.ode.SwitchingFunctionsHandler","org.apache.commons.math.ode.SwitchState",82
"459",6,"math","org.apache.commons.math.ode.SwitchState","org.apache.commons.math.analysis.BrentSolver",77
"460",6,"math","org.apache.commons.math.optimization.NelderMead","org.apache.commons.math.optimization.DirectSearchOptimizer",101
"461",6,"math","org.apache.commons.math.stat.descriptive.AbstractStorelessUnivariateStatistic","org.apache.commons.math.stat.descriptive.moment.Variance",3
"462",6,"math","org.apache.commons.math.stat.inference.TTestImpl","org.apache.commons.math.stat.StatUtils",2
"463",6,"math","org.apache.commons.math.transform.FastFourierTransformer","org.apache.commons.math.complex.Complex",20
"464",6,"mockito","org.mockito.asm.AnnotationWriter","org.mockito.asm.ClassWriter",59
"465",6,"mockito","org.mockito.asm.MethodWriter","org.mockito.asm.ByteVector",25
"466",6,"mockito","org.mockito.asm.MethodWriter","org.mockito.asm.ClassWriter",11
"467",6,"mockito","org.mockito.asm.tree.analysis.BasicVerifier","org.mockito.asm.tree.analysis.BasicInterpreter",8
"468",6,"mockito","org.mockito.asm.util.ASMifierClassVisitor","org.mockito.asm.util.ASMifierAbstractVisitor",26
"469",6,"mockito","org.mockito.cglib.core.CodeEmitter","org.mockito.cglib.core.TypeUtils",86
"470",6,"mockito","org.mockito.cglib.core.EmitUtils","org.mockito.cglib.core.CodeEmitter",87
"471",6,"mockito","org.mockito.cglib.proxy.Enhancer","org.mockito.cglib.core.ReflectUtils",52
"472",6,"mockito","org.mockito.cglib.proxy.Mixin$Generator","org.mockito.cglib.core.AbstractClassGenerator",11
"473",6,"mockito","org.mockito.cglib.proxy.Mixin$Generator","org.mockito.cglib.core.ReflectUtils",57
"474",6,"time","org.joda.time.base.AbstractPartial","org.joda.time.MonthDay",26
"475",6,"time","org.joda.time.base.AbstractPartial","org.joda.time.YearMonth",5
"476",6,"time","org.joda.time.base.BasePeriod","org.joda.time.base.AbstractPeriod",70
"477",6,"time","org.joda.time.chrono.BasicChronology","org.joda.time.chrono.CopticChronology",65
"478",6,"time","org.joda.time.chrono.BasicChronology","org.joda.time.chrono.IslamicChronology",98
"479",6,"time","org.joda.time.chrono.BasicWeekyearDateTimeField","org.joda.time.chrono.BasicChronology",141
"480",6,"time","org.joda.time.chrono.CopticChronology","org.joda.time.DateTimeZone",245
"481",6,"time","org.joda.time.chrono.GJChronology","org.joda.time.chrono.GJChronology$CutoverField",19
"482",6,"time","org.joda.time.chrono.GJChronology","org.joda.time.chrono.JulianChronology",39
"483",6,"time","org.joda.time.chrono.ISOChronology","org.joda.time.chrono.AssembledChronology",46
"484",6,"time","org.joda.time.chrono.ISOChronology","org.joda.time.DateTimeZone",346
"485",6,"time","org.joda.time.chrono.ZonedChronology","org.joda.time.chrono.AssembledChronology",64
"486",6,"time","org.joda.time.chrono.ZonedChronology","org.joda.time.DateTimeZone",175
"487",6,"time","org.joda.time.chrono.ZonedChronology$ZonedDateTimeField","org.joda.time.DateTimeZone",185
"488",6,"time","org.joda.time.DateTimeUtils","org.joda.time.DateTimeZone",142
"489",6,"time","org.joda.time.DateTimeZone","org.joda.time.format.FormatUtils",54
"490",6,"time","org.joda.time.DateTimeZone","org.joda.time.tz.FixedDateTimeZone",17
"491",6,"time","org.joda.time.Days","org.joda.time.base.BaseSingleFieldPeriod",108
"492",6,"time","org.joda.time.format.DateTimeFormat","org.joda.time.format.DateTimeFormat$StyleFormatter",8
"493",6,"time","org.joda.time.format.DateTimeFormat","org.joda.time.format.DateTimeFormatterBuilder",2
"494",6,"time","org.joda.time.format.DateTimeFormatter","org.joda.time.DateTimeZone",81
"495",6,"time","org.joda.time.format.DateTimeFormatter","org.joda.time.format.DateTimeParserBucket",54
"496",6,"time","org.joda.time.format.DateTimeFormatterBuilder$PaddedNumber","org.joda.time.format.DateTimeFormatterBuilder",15
"497",6,"time","org.joda.time.format.DateTimeFormatterBuilder$TextField","org.joda.time.format.DateTimeParserBucket",43
"498",6,"time","org.joda.time.format.DateTimeParserBucket$SavedState","org.joda.time.format.DateTimeParserBucket",16
"499",6,"time","org.joda.time.format.ISODateTimeFormat","org.joda.time.format.DateTimeFormatterBuilder",23
"500",6,"time","org.joda.time.Hours","org.joda.time.base.BaseSingleFieldPeriod",118
"501",6,"time","org.joda.time.LocalDate","org.joda.time.format.ISODateTimeFormat",30
"502",6,"time","org.joda.time.LocalDateTime","org.joda.time.DateTimeZone",320
"503",6,"time","org.joda.time.LocalDateTime","org.joda.time.format.DateTimeFormatter",55
"504",6,"time","org.joda.time.Minutes","org.joda.time.base.BaseSingleFieldPeriod",134
"505",6,"time","org.joda.time.MutableInterval","org.joda.time.base.BaseInterval",20
"506",6,"time","org.joda.time.MutablePeriod","org.joda.time.base.BasePeriod",113
"507",6,"time","org.joda.time.Period","org.joda.time.base.AbstractPeriod",66
"508",6,"time","org.joda.time.Period","org.joda.time.base.BasePeriod",116
"509",6,"time","org.joda.time.Period","org.joda.time.PeriodType",623
"510",6,"time","org.joda.time.Seconds","org.joda.time.base.BaseSingleFieldPeriod",123
"511",6,"time","org.joda.time.tz.ZoneInfoCompiler","org.joda.time.DateTimeZone",176
"512",6,"time","org.joda.time.Weeks","org.joda.time.base.BaseSingleFieldPeriod",126
"513",6,"time","org.joda.time.YearMonthDay","org.joda.time.base.BasePartial",8
"514",7,"closure","com.google.javascript.rhino.head.IdScriptableObject","com.google.javascript.rhino.head.ScriptableObject",265
"515",7,"closure","com.google.javascript.rhino.head.IRFactory","com.google.javascript.rhino.head.Parser",3
"516",7,"closure","com.google.javascript.rhino.head.NativeArray","com.google.javascript.rhino.head.IdScriptableObject",99
"517",7,"closure","com.google.javascript.rhino.head.NativeArray","com.google.javascript.rhino.head.ScriptableObject",190
"518",7,"closure","com.google.javascript.rhino.head.NativeArray","com.google.javascript.rhino.head.ScriptRuntime",107
"519",7,"closure","com.google.javascript.rhino.head.ScriptableObject","com.google.javascript.rhino.head.FunctionObject",18
"520",7,"closure","com.google.javascript.rhino.head.tools.debugger.Dim","com.google.javascript.rhino.head.ScriptRuntime",9
"521",7,"closure","com.google.javascript.rhino.head.tools.shell.Global","com.google.javascript.rhino.head.ScriptRuntime",36
"522",7,"closure","com.google.javascript.rhino.JSDocInfoBuilder","com.google.javascript.rhino.JSDocInfo",344
"523",7,"closure","com.google.javascript.rhino.jstype.JSType","com.google.javascript.rhino.jstype.ProxyObjectType",1
"524",7,"closure","com.google.javascript.rhino.jstype.JSType","com.google.javascript.rhino.jstype.UnionType",16
"525",7,"lang","org.apache.commons.lang3.builder.ReflectionToStringBuilder","org.apache.commons.lang3.builder.ToStringBuilder",1
"526",7,"lang","org.apache.commons.lang3.builder.ToStringBuilder","org.apache.commons.lang3.builder.ToStringStyle",105
"527",7,"lang","org.apache.commons.lang3.concurrent.MultiBackgroundInitializer","org.apache.commons.lang3.concurrent.BackgroundInitializer",43
"528",7,"lang","org.apache.commons.lang3.text.StrBuilder$StrBuilderReader","org.apache.commons.lang3.text.StrBuilder",6
"529",7,"lang","org.apache.commons.lang3.text.StrSubstitutor","org.apache.commons.lang3.text.StrBuilder",16
"530",7,"lang","org.apache.commons.lang3.text.StrTokenizer","org.apache.commons.lang3.text.StrMatcher",9
"531",7,"lang","org.apache.commons.lang3.text.translate.UnicodeEscaper","org.apache.commons.lang3.text.translate.CharSequenceTranslator",35
"532",7,"lang","org.apache.commons.lang3.time.DurationFormatUtils","org.apache.commons.lang3.time.DurationFormatUtils$Token",25
"533",7,"lang","org.apache.commons.lang3.time.FastDateFormat","org.apache.commons.lang3.time.FastDateFormat$TextField",12
"534",7,"math","org.apache.commons.math.analysis.LaguerreSolver","org.apache.commons.math.complex.Complex",28
"535",7,"math","org.apache.commons.math.analysis.MullerSolver","org.apache.commons.math.analysis.UnivariateRealSolverImpl",102
"536",7,"math","org.apache.commons.math.fraction.ProperFractionFormat","org.apache.commons.math.fraction.FractionFormat",2
"537",7,"math","org.apache.commons.math.geometry.Rotation","org.apache.commons.math.geometry.Vector3D",17
"538",7,"math","org.apache.commons.math.linear.MatrixUtils","org.apache.commons.math.linear.BigMatrixImpl",4
"539",7,"math","org.apache.commons.math.ode.AbstractStepInterpolator","org.apache.commons.math.ode.DormandPrince853StepInterpolator",63
"540",7,"math","org.apache.commons.math.ode.ContinuousOutputModel","org.apache.commons.math.ode.AbstractStepInterpolator",45
"541",7,"math","org.apache.commons.math.ode.EmbeddedRungeKuttaIntegrator","org.apache.commons.math.ode.DormandPrince853Integrator",8
"542",7,"math","org.apache.commons.math.ode.EmbeddedRungeKuttaIntegrator","org.apache.commons.math.ode.HighamHall54Integrator",7
"543",7,"math","org.apache.commons.math.ode.GraggBulirschStoerIntegrator","org.apache.commons.math.ode.AdaptiveStepsizeIntegrator",106
"544",7,"math","org.apache.commons.math.ode.GraggBulirschStoerIntegrator","org.apache.commons.math.ode.SwitchingFunctionsHandler",5
"545",7,"math","org.apache.commons.math.ode.GraggBulirschStoerStepInterpolator","org.apache.commons.math.ode.AbstractStepInterpolator",38
"546",7,"math","org.apache.commons.math.ode.SwitchingFunctionsHandler","org.apache.commons.math.ode.SwitchState",71
"547",7,"math","org.apache.commons.math.optimization.NelderMead","org.apache.commons.math.optimization.DirectSearchOptimizer",107
"548",7,"math","org.apache.commons.math.stat.descriptive.AbstractStorelessUnivariateStatistic","org.apache.commons.math.stat.descriptive.moment.Variance",1
"549",7,"math","org.apache.commons.math.transform.FastFourierTransformer","org.apache.commons.math.complex.Complex",15
"550",7,"mockito","org.mockito.asm.AnnotationWriter","org.mockito.asm.ClassWriter",78
"551",7,"mockito","org.mockito.asm.MethodWriter","org.mockito.asm.ByteVector",28
"552",7,"mockito","org.mockito.asm.MethodWriter","org.mockito.asm.ClassWriter",11
"553",7,"mockito","org.mockito.asm.tree.analysis.BasicVerifier","org.mockito.asm.tree.analysis.BasicInterpreter",11
"554",7,"mockito","org.mockito.asm.tree.analysis.BasicVerifier","org.mockito.asm.tree.analysis.SimpleVerifier",5
"555",7,"mockito","org.mockito.asm.util.ASMifierClassVisitor","org.mockito.asm.util.ASMifierAbstractVisitor",24
"556",7,"mockito","org.mockito.cglib.core.ClassEmitter","org.mockito.cglib.transform.impl.InterceptFieldTransformer",8
"557",7,"mockito","org.mockito.cglib.core.CodeEmitter","org.mockito.cglib.core.TypeUtils",76
"558",7,"mockito","org.mockito.cglib.core.EmitUtils","org.mockito.cglib.core.CodeEmitter",50
"559",7,"mockito","org.mockito.cglib.proxy.Enhancer","org.mockito.cglib.core.ReflectUtils",52
"560",7,"mockito","org.mockito.cglib.proxy.Mixin$Generator","org.mockito.cglib.core.AbstractClassGenerator",4
"561",7,"time","org.joda.time.base.AbstractPartial","org.joda.time.MonthDay",18
"562",7,"time","org.joda.time.base.BasePeriod","org.joda.time.base.AbstractPeriod",62
"563",7,"time","org.joda.time.chrono.BasicChronology","org.joda.time.chrono.CopticChronology",8
"564",7,"time","org.joda.time.chrono.BasicChronology","org.joda.time.chrono.EthiopicChronology",7
"565",7,"time","org.joda.time.chrono.BasicChronology","org.joda.time.chrono.IslamicChronology",68
"566",7,"time","org.joda.time.chrono.BasicWeekyearDateTimeField","org.joda.time.chrono.BasicChronology",384
"567",7,"time","org.joda.time.chrono.CopticChronology","org.joda.time.DateTimeZone",223
"568",7,"time","org.joda.time.chrono.GJChronology","org.joda.time.chrono.JulianChronology",12
"569",7,"time","org.joda.time.chrono.ISOChronology","org.joda.time.chrono.AssembledChronology",56
"570",7,"time","org.joda.time.chrono.ISOChronology","org.joda.time.DateTimeZone",229
"571",7,"time","org.joda.time.chrono.ZonedChronology","org.joda.time.chrono.AssembledChronology",66
"572",7,"time","org.joda.time.chrono.ZonedChronology$ZonedDateTimeField","org.joda.time.DateTimeZone",183
"573",7,"time","org.joda.time.DateTimeUtils","org.joda.time.DateTimeZone",150
"574",7,"time","org.joda.time.DateTimeZone","org.joda.time.format.DateTimeFormat",144
"575",7,"time","org.joda.time.DateTimeZone","org.joda.time.tz.FixedDateTimeZone",17
"576",7,"time","org.joda.time.Days","org.joda.time.base.BaseSingleFieldPeriod",96
"577",7,"time","org.joda.time.format.DateTimeFormat","org.joda.time.format.DateTimeFormat$StyleFormatter",16
"578",7,"time","org.joda.time.format.DateTimeFormatter","org.joda.time.DateTimeZone",37
"579",7,"time","org.joda.time.format.DateTimeFormatter","org.joda.time.format.DateTimeParserBucket",52
"580",7,"time","org.joda.time.format.DateTimeFormatterBuilder$PaddedNumber","org.joda.time.format.DateTimeFormatterBuilder",9
"581",7,"time","org.joda.time.format.DateTimeFormatterBuilder$TextField","org.joda.time.MutableDateTime",2
"582",7,"time","org.joda.time.format.DateTimeParserBucket$SavedState","org.joda.time.format.DateTimeParserBucket",45
"583",7,"time","org.joda.time.format.ISODateTimeFormat","org.joda.time.format.DateTimeFormatterBuilder",23
"584",7,"time","org.joda.time.Hours","org.joda.time.base.BaseSingleFieldPeriod",99
"585",7,"time","org.joda.time.LocalDate","org.joda.time.format.ISODateTimeFormat",28
"586",7,"time","org.joda.time.LocalDateTime","org.joda.time.DateTimeZone",226
"587",7,"time","org.joda.time.LocalDateTime","org.joda.time.format.DateTimeFormatter",34
"588",7,"time","org.joda.time.LocalTime$Property","org.joda.time.LocalTime",5
"589",7,"time","org.joda.time.Minutes","org.joda.time.base.BaseSingleFieldPeriod",126
"590",7,"time","org.joda.time.MutableInterval","org.joda.time.base.BaseInterval",15
"591",7,"time","org.joda.time.MutablePeriod","org.joda.time.base.BasePeriod",133
"592",7,"time","org.joda.time.Period","org.joda.time.base.AbstractPeriod",81
"593",7,"time","org.joda.time.Period","org.joda.time.base.BasePeriod",117
"594",7,"time","org.joda.time.Period","org.joda.time.PeriodType",623
"595",7,"time","org.joda.time.Seconds","org.joda.time.base.BaseSingleFieldPeriod",124
"596",7,"time","org.joda.time.tz.ZoneInfoCompiler","org.joda.time.DateTimeZone",176
"597",7,"time","org.joda.time.Weeks","org.joda.time.base.BaseSingleFieldPeriod",122
"598",7,"time","org.joda.time.YearMonthDay","org.joda.time.base.BasePartial",14
"599",8,"closure","com.google.javascript.rhino.head.IdScriptableObject","com.google.javascript.rhino.head.ScriptableObject",120
"600",8,"closure","com.google.javascript.rhino.head.Interpreter","com.google.javascript.rhino.head.ScriptableObject",181
"601",8,"closure","com.google.javascript.rhino.head.IRFactory","com.google.javascript.rhino.head.Node",4
"602",8,"closure","com.google.javascript.rhino.head.IRFactory","com.google.javascript.rhino.head.Parser",95
"603",8,"closure","com.google.javascript.rhino.head.regexp.NativeRegExp","com.google.javascript.rhino.head.ScriptRuntime",58
"604",8,"closure","com.google.javascript.rhino.head.tools.debugger.Dim","com.google.javascript.rhino.head.ScriptRuntime",35
"605",8,"closure","com.google.javascript.rhino.head.tools.shell.Global","com.google.javascript.rhino.head.ScriptRuntime",26
"606",8,"closure","com.google.javascript.rhino.jstype.JSType","com.google.javascript.rhino.jstype.FunctionType",259
"607",8,"closure","com.google.javascript.rhino.jstype.JSType","com.google.javascript.rhino.jstype.ProxyObjectType",9
"608",8,"closure","com.google.javascript.rhino.jstype.JSType","com.google.javascript.rhino.jstype.UnionType",9
"609",8,"lang","org.apache.commons.lang3.builder.ReflectionToStringBuilder","org.apache.commons.lang3.builder.ToStringBuilder",1
"610",8,"lang","org.apache.commons.lang3.builder.ToStringBuilder","org.apache.commons.lang3.builder.ToStringStyle",178
"611",8,"lang","org.apache.commons.lang3.concurrent.MultiBackgroundInitializer","org.apache.commons.lang3.concurrent.BackgroundInitializer",44
"612",8,"lang","org.apache.commons.lang3.text.StrBuilder$StrBuilderReader","org.apache.commons.lang3.text.StrBuilder",33
"613",8,"lang","org.apache.commons.lang3.text.StrSubstitutor","org.apache.commons.lang3.text.StrBuilder",32
"614",8,"lang","org.apache.commons.lang3.text.StrTokenizer","org.apache.commons.lang3.text.StrMatcher",16
"615",8,"lang","org.apache.commons.lang3.text.translate.UnicodeEscaper","org.apache.commons.lang3.text.translate.CharSequenceTranslator",35
"616",8,"lang","org.apache.commons.lang3.time.DurationFormatUtils","org.apache.commons.lang3.time.DurationFormatUtils$Token",9
"617",8,"lang","org.apache.commons.lang3.time.FastDateFormat","org.apache.commons.lang3.time.FastDateFormat$TextField",11
"618",8,"math","org.apache.commons.math.analysis.LaguerreSolver","org.apache.commons.math.complex.Complex",16
"619",8,"math","org.apache.commons.math.analysis.MullerSolver","org.apache.commons.math.analysis.UnivariateRealSolverImpl",97
"620",8,"math","org.apache.commons.math.geometry.Rotation","org.apache.commons.math.geometry.Vector3D",15
"621",8,"math","org.apache.commons.math.linear.MatrixUtils","org.apache.commons.math.linear.BigMatrixImpl",4
"622",8,"math","org.apache.commons.math.ode.AbstractStepInterpolator","org.apache.commons.math.ode.DormandPrince853StepInterpolator",77
"623",8,"math","org.apache.commons.math.ode.ContinuousOutputModel","org.apache.commons.math.ode.AbstractStepInterpolator",38
"624",8,"math","org.apache.commons.math.ode.EmbeddedRungeKuttaIntegrator","org.apache.commons.math.ode.DormandPrince853Integrator",10
"625",8,"math","org.apache.commons.math.ode.GraggBulirschStoerIntegrator","org.apache.commons.math.ode.AdaptiveStepsizeIntegrator",81
"626",8,"math","org.apache.commons.math.ode.GraggBulirschStoerIntegrator","org.apache.commons.math.ode.SwitchingFunctionsHandler",14
"627",8,"math","org.apache.commons.math.ode.GraggBulirschStoerStepInterpolator","org.apache.commons.math.ode.AbstractStepInterpolator",37
"628",8,"math","org.apache.commons.math.ode.SwitchingFunctionsHandler","org.apache.commons.math.ode.SwitchState",47
"629",8,"math","org.apache.commons.math.ode.SwitchState","org.apache.commons.math.analysis.BrentSolver",41
"630",8,"math","org.apache.commons.math.optimization.NelderMead","org.apache.commons.math.optimization.DirectSearchOptimizer",133
"631",8,"math","org.apache.commons.math.stat.descriptive.AbstractStorelessUnivariateStatistic","org.apache.commons.math.stat.descriptive.moment.Variance",2
"632",8,"math","org.apache.commons.math.stat.descriptive.DescriptiveStatistics","org.apache.commons.math.util.ResizableDoubleArray",2
"633",8,"math","org.apache.commons.math.stat.inference.TTestImpl","org.apache.commons.math.stat.StatUtils",2
"634",8,"math","org.apache.commons.math.transform.FastFourierTransformer","org.apache.commons.math.complex.Complex",14
"635",8,"mockito","org.mockito.asm.AnnotationWriter","org.mockito.asm.ClassWriter",69
"636",8,"mockito","org.mockito.asm.MethodWriter","org.mockito.asm.ByteVector",43
"637",8,"mockito","org.mockito.asm.MethodWriter","org.mockito.asm.ClassWriter",11
"638",8,"mockito","org.mockito.asm.tree.analysis.BasicVerifier","org.mockito.asm.tree.analysis.BasicInterpreter",33
"639",8,"mockito","org.mockito.asm.tree.analysis.BasicVerifier","org.mockito.asm.tree.analysis.SimpleVerifier",11
"640",8,"mockito","org.mockito.asm.util.ASMifierClassVisitor","org.mockito.asm.util.ASMifierAbstractVisitor",26
"641",8,"mockito","org.mockito.cglib.core.ClassEmitter","org.mockito.cglib.transform.impl.InterceptFieldTransformer",8
"642",8,"mockito","org.mockito.cglib.core.CodeEmitter","org.mockito.cglib.core.TypeUtils",78
"643",8,"mockito","org.mockito.cglib.core.EmitUtils","org.mockito.cglib.core.CodeEmitter",84
"644",8,"mockito","org.mockito.cglib.proxy.Enhancer","org.mockito.cglib.core.ReflectUtils",52
"645",8,"mockito","org.mockito.cglib.proxy.Mixin$Generator","org.mockito.cglib.core.AbstractClassGenerator",9
"646",8,"mockito","org.mockito.cglib.proxy.Mixin$Generator","org.mockito.cglib.core.ReflectUtils",61
"647",8,"time","org.joda.time.base.AbstractPartial","org.joda.time.YearMonth",21
"648",8,"time","org.joda.time.base.BasePeriod","org.joda.time.base.AbstractPeriod",92
"649",8,"time","org.joda.time.chrono.BasicChronology","org.joda.time.chrono.IslamicChronology",125
"650",8,"time","org.joda.time.chrono.BasicWeekyearDateTimeField","org.joda.time.chrono.BasicChronology",164
"651",8,"time","org.joda.time.chrono.CopticChronology","org.joda.time.DateTimeZone",186
"652",8,"time","org.joda.time.chrono.GJChronology","org.joda.time.chrono.GJChronology$CutoverField",29
"653",8,"time","org.joda.time.chrono.GJChronology","org.joda.time.chrono.JulianChronology",21
"654",8,"time","org.joda.time.chrono.ISOChronology","org.joda.time.chrono.AssembledChronology",170
"655",8,"time","org.joda.time.chrono.ISOChronology","org.joda.time.DateTimeZone",175
"656",8,"time","org.joda.time.chrono.ZonedChronology","org.joda.time.chrono.AssembledChronology",69
"657",8,"time","org.joda.time.chrono.ZonedChronology","org.joda.time.DateTimeZone",390
"658",8,"time","org.joda.time.chrono.ZonedChronology$ZonedDateTimeField","org.joda.time.DateTimeZone",186
"659",8,"time","org.joda.time.DateTimeUtils","org.joda.time.DateTimeZone",241
"660",8,"time","org.joda.time.DateTimeZone","org.joda.time.format.FormatUtils",46
"661",8,"time","org.joda.time.DateTimeZone","org.joda.time.tz.FixedDateTimeZone",17
"662",8,"time","org.joda.time.Days","org.joda.time.base.BaseSingleFieldPeriod",113
"663",8,"time","org.joda.time.format.DateTimeFormat","org.joda.time.format.DateTimeFormat$StyleFormatter",16
"664",8,"time","org.joda.time.format.DateTimeFormat","org.joda.time.format.DateTimeFormatterBuilder",3
"665",8,"time","org.joda.time.format.DateTimeFormatter","org.joda.time.DateTimeZone",119
"666",8,"time","org.joda.time.format.DateTimeFormatter","org.joda.time.format.DateTimeParserBucket",27
"667",8,"time","org.joda.time.format.DateTimeFormatterBuilder$PaddedNumber","org.joda.time.format.DateTimeFormatterBuilder",9
"668",8,"time","org.joda.time.format.DateTimeFormatterBuilder$TextField","org.joda.time.format.DateTimeParserBucket",51
"669",8,"time","org.joda.time.format.DateTimeParserBucket$SavedState","org.joda.time.format.DateTimeParserBucket",15
"670",8,"time","org.joda.time.format.ISODateTimeFormat","org.joda.time.format.DateTimeFormatterBuilder",23
"671",8,"time","org.joda.time.Hours","org.joda.time.base.BaseSingleFieldPeriod",121
"672",8,"time","org.joda.time.LocalDate","org.joda.time.format.ISODateTimeFormat",28
"673",8,"time","org.joda.time.LocalDateTime","org.joda.time.DateTimeZone",185
"674",8,"time","org.joda.time.LocalDateTime","org.joda.time.format.DateTimeFormatter",41
"675",8,"time","org.joda.time.LocalTime$Property","org.joda.time.LocalTime",4
"676",8,"time","org.joda.time.Minutes","org.joda.time.base.BaseSingleFieldPeriod",115
"677",8,"time","org.joda.time.MutableInterval","org.joda.time.base.BaseInterval",8
"678",8,"time","org.joda.time.MutablePeriod","org.joda.time.base.BasePeriod",119
"679",8,"time","org.joda.time.Period","org.joda.time.base.AbstractPeriod",71
"680",8,"time","org.joda.time.Period","org.joda.time.base.BasePeriod",129
"681",8,"time","org.joda.time.Period","org.joda.time.PeriodType",623
"682",8,"time","org.joda.time.Seconds","org.joda.time.base.BaseSingleFieldPeriod",136
"683",8,"time","org.joda.time.tz.ZoneInfoCompiler","org.joda.time.DateTimeZone",197
"684",8,"time","org.joda.time.Weeks","org.joda.time.base.BaseSingleFieldPeriod",125
"685",8,"time","org.joda.time.YearMonthDay","org.joda.time.base.BasePartial",15
"686",9,"closure","com.google.javascript.rhino.head.IRFactory","com.google.javascript.rhino.head.Parser",89
"687",9,"closure","com.google.javascript.rhino.head.NativeArray","com.google.javascript.rhino.head.IdScriptableObject",94
"688",9,"closure","com.google.javascript.rhino.head.NativeObject","com.google.javascript.rhino.head.ScriptableObject",474
"689",9,"closure","com.google.javascript.rhino.head.ScriptableObject","com.google.javascript.rhino.head.FunctionObject",20
"690",9,"closure","com.google.javascript.rhino.head.tools.shell.Global","com.google.javascript.rhino.head.ScriptRuntime",47
"691",9,"closure","com.google.javascript.rhino.jstype.JSType","com.google.javascript.rhino.jstype.FunctionType",330
"692",9,"closure","com.google.javascript.rhino.jstype.JSType","com.google.javascript.rhino.jstype.ProxyObjectType",4
"693",9,"lang","org.apache.commons.lang3.builder.ReflectionToStringBuilder","org.apache.commons.lang3.builder.ToStringBuilder",1
"694",9,"lang","org.apache.commons.lang3.builder.ToStringBuilder","org.apache.commons.lang3.builder.ToStringStyle",104
"695",9,"lang","org.apache.commons.lang3.concurrent.MultiBackgroundInitializer","org.apache.commons.lang3.concurrent.BackgroundInitializer",43
"696",9,"lang","org.apache.commons.lang3.text.StrBuilder$StrBuilderReader","org.apache.commons.lang3.text.StrBuilder",10
"697",9,"lang","org.apache.commons.lang3.text.StrSubstitutor","org.apache.commons.lang3.text.StrBuilder",33
"698",9,"lang","org.apache.commons.lang3.text.StrTokenizer","org.apache.commons.lang3.text.StrMatcher",8
"699",9,"lang","org.apache.commons.lang3.text.translate.UnicodeEscaper","org.apache.commons.lang3.text.translate.CharSequenceTranslator",33
"700",9,"lang","org.apache.commons.lang3.time.DurationFormatUtils","org.apache.commons.lang3.time.DurationFormatUtils$Token",20
"701",9,"lang","org.apache.commons.lang3.time.FastDateFormat","org.apache.commons.lang3.time.FastDateFormat$TextField",4
"702",9,"math","org.apache.commons.math.analysis.LaguerreSolver","org.apache.commons.math.complex.Complex",43
"703",9,"math","org.apache.commons.math.analysis.MullerSolver","org.apache.commons.math.analysis.UnivariateRealSolverImpl",102
"704",9,"math","org.apache.commons.math.fraction.ProperFractionFormat","org.apache.commons.math.fraction.FractionFormat",4
"705",9,"math","org.apache.commons.math.geometry.Rotation","org.apache.commons.math.geometry.Vector3D",16
"706",9,"math","org.apache.commons.math.linear.MatrixUtils","org.apache.commons.math.linear.BigMatrixImpl",4
"707",9,"math","org.apache.commons.math.ode.AbstractStepInterpolator","org.apache.commons.math.ode.DormandPrince853StepInterpolator",73
"708",9,"math","org.apache.commons.math.ode.ContinuousOutputModel","org.apache.commons.math.ode.AbstractStepInterpolator",44
"709",9,"math","org.apache.commons.math.ode.EmbeddedRungeKuttaIntegrator","org.apache.commons.math.ode.DormandPrince853Integrator",12
"710",9,"math","org.apache.commons.math.ode.EmbeddedRungeKuttaIntegrator","org.apache.commons.math.ode.HighamHall54Integrator",7
"711",9,"math","org.apache.commons.math.ode.GraggBulirschStoerIntegrator","org.apache.commons.math.ode.AdaptiveStepsizeIntegrator",84
"712",9,"math","org.apache.commons.math.ode.GraggBulirschStoerIntegrator","org.apache.commons.math.ode.SwitchingFunctionsHandler",12
"713",9,"math","org.apache.commons.math.ode.GraggBulirschStoerStepInterpolator","org.apache.commons.math.ode.AbstractStepInterpolator",38
"714",9,"math","org.apache.commons.math.ode.SwitchingFunctionsHandler","org.apache.commons.math.ode.SwitchState",68
"715",9,"math","org.apache.commons.math.ode.SwitchState","org.apache.commons.math.analysis.BrentSolver",28
"716",9,"math","org.apache.commons.math.optimization.NelderMead","org.apache.commons.math.optimization.DirectSearchOptimizer",113
"717",9,"math","org.apache.commons.math.stat.descriptive.AbstractStorelessUnivariateStatistic","org.apache.commons.math.stat.descriptive.moment.Variance",1
"718",9,"math","org.apache.commons.math.stat.inference.TTestImpl","org.apache.commons.math.stat.StatUtils",2
"719",9,"math","org.apache.commons.math.transform.FastFourierTransformer","org.apache.commons.math.complex.Complex",21
"720",9,"mockito","org.mockito.asm.AnnotationWriter","org.mockito.asm.ClassWriter",57
"721",9,"mockito","org.mockito.asm.MethodWriter","org.mockito.asm.ByteVector",12
"722",9,"mockito","org.mockito.asm.MethodWriter","org.mockito.asm.ClassWriter",11
"723",9,"mockito","org.mockito.asm.tree.analysis.BasicVerifier","org.mockito.asm.tree.analysis.BasicInterpreter",17
"724",9,"mockito","org.mockito.asm.tree.analysis.BasicVerifier","org.mockito.asm.tree.analysis.SimpleVerifier",10
"725",9,"mockito","org.mockito.asm.util.ASMifierClassVisitor","org.mockito.asm.util.ASMifierAbstractVisitor",24
"726",9,"mockito","org.mockito.cglib.core.CodeEmitter","org.mockito.cglib.core.TypeUtils",71
"727",9,"mockito","org.mockito.cglib.core.EmitUtils","org.mockito.cglib.core.CodeEmitter",109
"728",9,"mockito","org.mockito.cglib.proxy.Enhancer","org.mockito.cglib.core.CodeEmitter",240
"729",9,"mockito","org.mockito.cglib.proxy.Enhancer","org.mockito.cglib.core.ReflectUtils",52
"730",9,"mockito","org.mockito.cglib.proxy.Mixin$Generator","org.mockito.cglib.core.AbstractClassGenerator",6
"731",9,"mockito","org.mockito.cglib.proxy.Mixin$Generator","org.mockito.cglib.core.ReflectUtils",51
"732",9,"time","org.joda.time.base.AbstractPartial","org.joda.time.MonthDay",11
"733",9,"time","org.joda.time.base.AbstractPartial","org.joda.time.YearMonth",11
"734",9,"time","org.joda.time.base.BasePeriod","org.joda.time.base.AbstractPeriod",50
"735",9,"time","org.joda.time.chrono.BasicChronology","org.joda.time.chrono.CopticChronology",10
"736",9,"time","org.joda.time.chrono.BasicChronology","org.joda.time.chrono.IslamicChronology",157
"737",9,"time","org.joda.time.chrono.BasicWeekyearDateTimeField","org.joda.time.chrono.BasicChronology",267
"738",9,"time","org.joda.time.chrono.CopticChronology","org.joda.time.DateTimeZone",220
"739",9,"time","org.joda.time.chrono.GJChronology","org.joda.time.chrono.GJChronology$CutoverField",53
"740",9,"time","org.joda.time.chrono.GJChronology","org.joda.time.chrono.JulianChronology",13
"741",9,"time","org.joda.time.chrono.ISOChronology","org.joda.time.chrono.AssembledChronology",70
"742",9,"time","org.joda.time.chrono.ISOChronology","org.joda.time.DateTimeZone",187
"743",9,"time","org.joda.time.chrono.ZonedChronology","org.joda.time.chrono.AssembledChronology",120
"744",9,"time","org.joda.time.chrono.ZonedChronology","org.joda.time.DateTimeZone",413
"745",9,"time","org.joda.time.chrono.ZonedChronology$ZonedDateTimeField","org.joda.time.DateTimeZone",161
"746",9,"time","org.joda.time.DateTimeZone","org.joda.time.format.FormatUtils",48
"747",9,"time","org.joda.time.DateTimeZone","org.joda.time.tz.FixedDateTimeZone",10
"748",9,"time","org.joda.time.Days","org.joda.time.base.BaseSingleFieldPeriod",107
"749",9,"time","org.joda.time.format.DateTimeFormat","org.joda.time.format.DateTimeFormat$StyleFormatter",23
"750",9,"time","org.joda.time.format.DateTimeFormatter","org.joda.time.DateTimeZone",127
"751",9,"time","org.joda.time.format.DateTimeFormatter","org.joda.time.format.DateTimeParserBucket",23
"752",9,"time","org.joda.time.format.DateTimeFormatterBuilder$PaddedNumber","org.joda.time.format.DateTimeFormatterBuilder",89
"753",9,"time","org.joda.time.format.DateTimeFormatterBuilder$TextField","org.joda.time.format.DateTimeParserBucket",37
"754",9,"time","org.joda.time.format.DateTimeFormatterBuilder$TextField","org.joda.time.MutableDateTime",11
"755",9,"time","org.joda.time.format.DateTimeParserBucket$SavedState","org.joda.time.format.DateTimeParserBucket",16
"756",9,"time","org.joda.time.format.ISODateTimeFormat","org.joda.time.format.DateTimeFormatterBuilder",23
"757",9,"time","org.joda.time.Hours","org.joda.time.base.BaseSingleFieldPeriod",93
"758",9,"time","org.joda.time.LocalDate","org.joda.time.DateTime",6
"759",9,"time","org.joda.time.LocalDate","org.joda.time.format.ISODateTimeFormat",39
"760",9,"time","org.joda.time.LocalDateTime","org.joda.time.DateTimeZone",244
"761",9,"time","org.joda.time.LocalDateTime","org.joda.time.format.DateTimeFormatter",51
"762",9,"time","org.joda.time.LocalTime$Property","org.joda.time.LocalTime",4
"763",9,"time","org.joda.time.Minutes","org.joda.time.base.BaseSingleFieldPeriod",132
"764",9,"time","org.joda.time.MutableInterval","org.joda.time.base.BaseInterval",12
"765",9,"time","org.joda.time.MutablePeriod","org.joda.time.base.BasePeriod",122
"766",9,"time","org.joda.time.Period","org.joda.time.base.AbstractPeriod",46
"767",9,"time","org.joda.time.Period","org.joda.time.base.BasePeriod",131
"768",9,"time","org.joda.time.Period","org.joda.time.PeriodType",632
"769",9,"time","org.joda.time.Seconds","org.joda.time.base.BaseSingleFieldPeriod",119
"770",9,"time","org.joda.time.tz.ZoneInfoCompiler","org.joda.time.DateTimeZone",307
"771",9,"time","org.joda.time.Weeks","org.joda.time.base.BaseSingleFieldPeriod",129
"772",9,"time","org.joda.time.YearMonthDay","org.joda.time.base.BasePartial",14
"773",10,"closure","com.google.javascript.jscomp.NodeUtil","com.google.javascript.rhino.Node",35
"774",10,"closure","com.google.javascript.rhino.head.IdScriptableObject","com.google.javascript.rhino.head.ScriptableObject",162
"775",10,"closure","com.google.javascript.rhino.head.IRFactory","com.google.javascript.rhino.head.Parser",125
"776",10,"closure","com.google.javascript.rhino.head.NativeArray","com.google.javascript.rhino.head.IdScriptableObject",36
"777",10,"closure","com.google.javascript.rhino.head.ScriptableObject","com.google.javascript.rhino.head.FunctionObject",63
"778",10,"closure","com.google.javascript.rhino.head.tools.debugger.Dim","com.google.javascript.rhino.head.ScriptRuntime",8
"779",10,"closure","com.google.javascript.rhino.head.tools.shell.Global","com.google.javascript.rhino.head.ScriptRuntime",18
"780",10,"closure","com.google.javascript.rhino.jstype.JSType","com.google.javascript.rhino.jstype.FunctionType",329
"781",10,"closure","com.google.javascript.rhino.jstype.JSType","com.google.javascript.rhino.jstype.UnionType",11
"782",10,"lang","org.apache.commons.lang3.builder.ReflectionToStringBuilder","org.apache.commons.lang3.builder.ToStringBuilder",1
"783",10,"lang","org.apache.commons.lang3.builder.ToStringBuilder","org.apache.commons.lang3.builder.ToStringStyle",125
"784",10,"lang","org.apache.commons.lang3.concurrent.MultiBackgroundInitializer","org.apache.commons.lang3.concurrent.BackgroundInitializer",40
"785",10,"lang","org.apache.commons.lang3.text.StrBuilder$StrBuilderReader","org.apache.commons.lang3.text.StrBuilder",8
"786",10,"lang","org.apache.commons.lang3.text.StrSubstitutor","org.apache.commons.lang3.text.StrBuilder",28
"787",10,"lang","org.apache.commons.lang3.text.StrTokenizer","org.apache.commons.lang3.text.StrMatcher",20
"788",10,"lang","org.apache.commons.lang3.text.translate.UnicodeEscaper","org.apache.commons.lang3.text.translate.CharSequenceTranslator",31
"789",10,"lang","org.apache.commons.lang3.time.DurationFormatUtils","org.apache.commons.lang3.time.DurationFormatUtils$Token",21
"790",10,"lang","org.apache.commons.lang3.time.FastDateFormat","org.apache.commons.lang3.time.FastDateFormat$TextField",11
"791",10,"math","org.apache.commons.math.analysis.LaguerreSolver","org.apache.commons.math.complex.Complex",15
"792",10,"math","org.apache.commons.math.analysis.MullerSolver","org.apache.commons.math.analysis.UnivariateRealSolverImpl",104
"793",10,"math","org.apache.commons.math.geometry.Rotation","org.apache.commons.math.geometry.Vector3D",4
"794",10,"math","org.apache.commons.math.linear.MatrixUtils","org.apache.commons.math.linear.BigMatrixImpl",1
"795",10,"math","org.apache.commons.math.ode.AbstractStepInterpolator","org.apache.commons.math.ode.DormandPrince853StepInterpolator",61
"796",10,"math","org.apache.commons.math.ode.ContinuousOutputModel","org.apache.commons.math.ode.AbstractStepInterpolator",48
"797",10,"math","org.apache.commons.math.ode.EmbeddedRungeKuttaIntegrator","org.apache.commons.math.ode.DormandPrince853Integrator",8
"798",10,"math","org.apache.commons.math.ode.EmbeddedRungeKuttaIntegrator","org.apache.commons.math.ode.HighamHall54Integrator",7
"799",10,"math","org.apache.commons.math.ode.GraggBulirschStoerIntegrator","org.apache.commons.math.ode.AdaptiveStepsizeIntegrator",106
"800",10,"math","org.apache.commons.math.ode.GraggBulirschStoerIntegrator","org.apache.commons.math.ode.SwitchingFunctionsHandler",5
"801",10,"math","org.apache.commons.math.ode.GraggBulirschStoerStepInterpolator","org.apache.commons.math.ode.AbstractStepInterpolator",36
"802",10,"math","org.apache.commons.math.ode.SwitchingFunctionsHandler","org.apache.commons.math.ode.SwitchState",60
"803",10,"math","org.apache.commons.math.ode.SwitchState","org.apache.commons.math.analysis.BrentSolver",29
"804",10,"math","org.apache.commons.math.optimization.NelderMead","org.apache.commons.math.optimization.DirectSearchOptimizer",103
"805",10,"math","org.apache.commons.math.stat.descriptive.AbstractStorelessUnivariateStatistic","org.apache.commons.math.stat.descriptive.moment.Variance",1
"806",10,"math","org.apache.commons.math.stat.inference.TTestImpl","org.apache.commons.math.stat.StatUtils",2
"807",10,"math","org.apache.commons.math.transform.FastFourierTransformer","org.apache.commons.math.complex.Complex",19
"808",10,"mockito","org.mockito.asm.AnnotationWriter","org.mockito.asm.ClassWriter",64
"809",10,"mockito","org.mockito.asm.MethodWriter","org.mockito.asm.ByteVector",20
"810",10,"mockito","org.mockito.asm.tree.analysis.BasicVerifier","org.mockito.asm.tree.analysis.BasicInterpreter",5
"811",10,"mockito","org.mockito.asm.util.ASMifierClassVisitor","org.mockito.asm.util.ASMifierAbstractVisitor",24
"812",10,"mockito","org.mockito.cglib.core.CodeEmitter","org.mockito.cglib.core.TypeUtils",77
"813",10,"mockito","org.mockito.cglib.core.EmitUtils","org.mockito.cglib.core.CodeEmitter",114
"814",10,"mockito","org.mockito.cglib.proxy.Enhancer","org.mockito.cglib.core.CodeEmitter",240
"815",10,"mockito","org.mockito.cglib.proxy.Enhancer","org.mockito.cglib.core.ReflectUtils",52
"816",10,"mockito","org.mockito.cglib.proxy.Mixin$Generator","org.mockito.cglib.core.AbstractClassGenerator",4
"817",10,"time","org.joda.time.base.AbstractPartial","org.joda.time.MonthDay",5
"818",10,"time","org.joda.time.base.AbstractPartial","org.joda.time.YearMonth",11
"819",10,"time","org.joda.time.base.BasePeriod","org.joda.time.base.AbstractPeriod",58
"820",10,"time","org.joda.time.chrono.BasicChronology","org.joda.time.chrono.CopticChronology",1
"821",10,"time","org.joda.time.chrono.BasicChronology","org.joda.time.chrono.IslamicChronology",67
"822",10,"time","org.joda.time.chrono.BasicWeekyearDateTimeField","org.joda.time.chrono.BasicChronology",194
"823",10,"time","org.joda.time.chrono.CopticChronology","org.joda.time.DateTimeZone",221
"824",10,"time","org.joda.time.chrono.GJChronology","org.joda.time.chrono.JulianChronology",49
"825",10,"time","org.joda.time.chrono.ISOChronology","org.joda.time.chrono.AssembledChronology",73
"826",10,"time","org.joda.time.chrono.ISOChronology","org.joda.time.DateTimeZone",193
"827",10,"time","org.joda.time.chrono.ZonedChronology","org.joda.time.chrono.AssembledChronology",74
"828",10,"time","org.joda.time.chrono.ZonedChronology","org.joda.time.DateTimeZone",191
"829",10,"time","org.joda.time.chrono.ZonedChronology$ZonedDateTimeField","org.joda.time.DateTimeZone",198
"830",10,"time","org.joda.time.DateTimeUtils","org.joda.time.DateTimeZone",145
"831",10,"time","org.joda.time.DateTimeZone","org.joda.time.tz.FixedDateTimeZone",10
"832",10,"time","org.joda.time.Days","org.joda.time.base.BaseSingleFieldPeriod",117
"833",10,"time","org.joda.time.format.DateTimeFormat","org.joda.time.format.DateTimeFormat$StyleFormatter",12
"834",10,"time","org.joda.time.format.DateTimeFormatter","org.joda.time.DateTimeZone",104
"835",10,"time","org.joda.time.format.DateTimeFormatter","org.joda.time.format.DateTimeParserBucket",72
"836",10,"time","org.joda.time.format.DateTimeFormatterBuilder$PaddedNumber","org.joda.time.format.DateTimeFormatterBuilder",37
"837",10,"time","org.joda.time.format.DateTimeFormatterBuilder$TextField","org.joda.time.format.DateTimeParserBucket",46
"838",10,"time","org.joda.time.format.DateTimeFormatterBuilder$TextField","org.joda.time.MutableDateTime",2
"839",10,"time","org.joda.time.format.DateTimeParserBucket$SavedState","org.joda.time.format.DateTimeParserBucket",16
"840",10,"time","org.joda.time.format.ISODateTimeFormat","org.joda.time.format.DateTimeFormatterBuilder",23
"841",10,"time","org.joda.time.Hours","org.joda.time.base.BaseSingleFieldPeriod",95
"842",10,"time","org.joda.time.LocalDate","org.joda.time.format.ISODateTimeFormat",25
"843",10,"time","org.joda.time.LocalDateTime","org.joda.time.DateTimeZone",267
"844",10,"time","org.joda.time.LocalDateTime","org.joda.time.format.DateTimeFormatter",43
"845",10,"time","org.joda.time.Minutes","org.joda.time.base.BaseSingleFieldPeriod",129
"846",10,"time","org.joda.time.MutableInterval","org.joda.time.base.BaseInterval",14
"847",10,"time","org.joda.time.MutablePeriod","org.joda.time.base.BasePeriod",118
"848",10,"time","org.joda.time.Period","org.joda.time.base.AbstractPeriod",62
"849",10,"time","org.joda.time.Period","org.joda.time.base.BasePeriod",123
"850",10,"time","org.joda.time.Period","org.joda.time.PeriodType",622
"851",10,"time","org.joda.time.Seconds","org.joda.time.base.BaseSingleFieldPeriod",97
"852",10,"time","org.joda.time.tz.ZoneInfoCompiler","org.joda.time.DateTimeZone",234
"853",10,"time","org.joda.time.Weeks","org.joda.time.base.BaseSingleFieldPeriod",130
"854",10,"time","org.joda.time.YearMonthDay","org.joda.time.base.BasePartial",8
"855",11,"closure","com.google.javascript.rhino.head.IdScriptableObject","com.google.javascript.rhino.head.ScriptableObject",48
"856",11,"closure","com.google.javascript.rhino.head.Interpreter","com.google.javascript.rhino.head.ScriptableObject",72
"857",11,"closure","com.google.javascript.rhino.head.IRFactory","com.google.javascript.rhino.head.Parser",112
"858",11,"closure","com.google.javascript.rhino.head.NativeArray","com.google.javascript.rhino.head.IdScriptableObject",84
"859",11,"closure","com.google.javascript.rhino.head.NativeArray","com.google.javascript.rhino.head.ScriptableObject",200
"860",11,"closure","com.google.javascript.rhino.head.NativeArray","com.google.javascript.rhino.head.ScriptRuntime",92
"861",11,"closure","com.google.javascript.rhino.head.NativeObject","com.google.javascript.rhino.head.ScriptableObject",359
"862",11,"closure","com.google.javascript.rhino.head.regexp.NativeRegExp","com.google.javascript.rhino.head.ScriptRuntime",30
"863",11,"closure","com.google.javascript.rhino.head.ScriptRuntime","com.google.javascript.rhino.head.ScriptableObject",104
"864",11,"closure","com.google.javascript.rhino.head.tools.debugger.Dim","com.google.javascript.rhino.head.ScriptRuntime",30
"865",11,"lang","org.apache.commons.lang3.builder.ReflectionToStringBuilder","org.apache.commons.lang3.builder.ToStringBuilder",1
"866",11,"lang","org.apache.commons.lang3.builder.ToStringBuilder","org.apache.commons.lang3.builder.ToStringStyle",113
"867",11,"lang","org.apache.commons.lang3.concurrent.MultiBackgroundInitializer","org.apache.commons.lang3.concurrent.BackgroundInitializer",45
"868",11,"lang","org.apache.commons.lang3.text.StrBuilder$StrBuilderReader","org.apache.commons.lang3.text.StrBuilder",2
"869",11,"lang","org.apache.commons.lang3.text.StrSubstitutor","org.apache.commons.lang3.text.StrBuilder",67
"870",11,"lang","org.apache.commons.lang3.text.StrTokenizer","org.apache.commons.lang3.text.StrMatcher",19
"871",11,"lang","org.apache.commons.lang3.text.translate.UnicodeEscaper","org.apache.commons.lang3.text.translate.CharSequenceTranslator",16
"872",11,"lang","org.apache.commons.lang3.time.DurationFormatUtils","org.apache.commons.lang3.time.DurationFormatUtils$Token",8
"873",11,"lang","org.apache.commons.lang3.time.FastDateFormat","org.apache.commons.lang3.time.FastDateFormat$TextField",4
"874",11,"math","org.apache.commons.math.analysis.LaguerreSolver","org.apache.commons.math.complex.Complex",28
"875",11,"math","org.apache.commons.math.analysis.MullerSolver","org.apache.commons.math.analysis.UnivariateRealSolverImpl",106
"876",11,"math","org.apache.commons.math.fraction.ProperFractionFormat","org.apache.commons.math.fraction.FractionFormat",2
"877",11,"math","org.apache.commons.math.geometry.Rotation","org.apache.commons.math.geometry.Vector3D",8
"878",11,"math","org.apache.commons.math.linear.MatrixUtils","org.apache.commons.math.linear.BigMatrixImpl",1
"879",11,"math","org.apache.commons.math.ode.AbstractStepInterpolator","org.apache.commons.math.ode.DormandPrince853StepInterpolator",66
"880",11,"math","org.apache.commons.math.ode.ContinuousOutputModel","org.apache.commons.math.ode.AbstractStepInterpolator",44
"881",11,"math","org.apache.commons.math.ode.EmbeddedRungeKuttaIntegrator","org.apache.commons.math.ode.DormandPrince853Integrator",5
"882",11,"math","org.apache.commons.math.ode.EmbeddedRungeKuttaIntegrator","org.apache.commons.math.ode.HighamHall54Integrator",2
"883",11,"math","org.apache.commons.math.ode.GraggBulirschStoerIntegrator","org.apache.commons.math.ode.AdaptiveStepsizeIntegrator",80
"884",11,"math","org.apache.commons.math.ode.GraggBulirschStoerIntegrator","org.apache.commons.math.ode.SwitchingFunctionsHandler",5
"885",11,"math","org.apache.commons.math.ode.GraggBulirschStoerStepInterpolator","org.apache.commons.math.ode.AbstractStepInterpolator",22
"886",11,"math","org.apache.commons.math.ode.SwitchingFunctionsHandler","org.apache.commons.math.ode.SwitchState",73
"887",11,"math","org.apache.commons.math.ode.SwitchState","org.apache.commons.math.analysis.BrentSolver",28
"888",11,"math","org.apache.commons.math.optimization.NelderMead","org.apache.commons.math.optimization.DirectSearchOptimizer",104
"889",11,"math","org.apache.commons.math.stat.descriptive.AbstractStorelessUnivariateStatistic","org.apache.commons.math.stat.descriptive.moment.Variance",2
"890",11,"math","org.apache.commons.math.stat.inference.TTestImpl","org.apache.commons.math.stat.StatUtils",2
"891",11,"math","org.apache.commons.math.transform.FastFourierTransformer","org.apache.commons.math.complex.Complex",29
"892",11,"mockito","org.mockito.asm.AnnotationWriter","org.mockito.asm.ClassWriter",68
"893",11,"mockito","org.mockito.asm.MethodWriter","org.mockito.asm.ByteVector",25
"894",11,"mockito","org.mockito.asm.MethodWriter","org.mockito.asm.ClassWriter",20
"895",11,"mockito","org.mockito.asm.tree.analysis.BasicVerifier","org.mockito.asm.tree.analysis.BasicInterpreter",31
"896",11,"mockito","org.mockito.asm.tree.analysis.BasicVerifier","org.mockito.asm.tree.analysis.SimpleVerifier",9
"897",11,"mockito","org.mockito.asm.util.ASMifierClassVisitor","org.mockito.asm.util.ASMifierAbstractVisitor",24
"898",11,"mockito","org.mockito.cglib.core.CodeEmitter","org.mockito.cglib.core.TypeUtils",74
"899",11,"mockito","org.mockito.cglib.core.EmitUtils","org.mockito.cglib.core.CodeEmitter",71
"900",11,"mockito","org.mockito.cglib.proxy.Enhancer","org.mockito.cglib.core.CodeEmitter",240
"901",11,"mockito","org.mockito.cglib.proxy.Enhancer","org.mockito.cglib.core.ReflectUtils",52
"902",11,"mockito","org.mockito.cglib.proxy.Mixin$Generator","org.mockito.cglib.core.AbstractClassGenerator",6
"903",11,"mockito","org.mockito.cglib.proxy.Mixin$Generator","org.mockito.cglib.core.ReflectUtils",51
"904",11,"time","org.joda.time.base.AbstractPartial","org.joda.time.YearMonth",11
"905",11,"time","org.joda.time.base.BasePeriod","org.joda.time.base.AbstractPeriod",70
"906",11,"time","org.joda.time.chrono.BasicChronology","org.joda.time.chrono.CopticChronology",1
"907",11,"time","org.joda.time.chrono.BasicChronology","org.joda.time.chrono.IslamicChronology",133
"908",11,"time","org.joda.time.chrono.BasicWeekyearDateTimeField","org.joda.time.chrono.BasicChronology",423
"909",11,"time","org.joda.time.chrono.CopticChronology","org.joda.time.DateTimeZone",221
"910",11,"time","org.joda.time.chrono.GJChronology","org.joda.time.chrono.GJChronology$CutoverField",67
"911",11,"time","org.joda.time.chrono.GJChronology","org.joda.time.chrono.JulianChronology",38
"912",11,"time","org.joda.time.chrono.ISOChronology","org.joda.time.chrono.AssembledChronology",44
"913",11,"time","org.joda.time.chrono.ISOChronology","org.joda.time.DateTimeZone",203
"914",11,"time","org.joda.time.chrono.ZonedChronology","org.joda.time.chrono.AssembledChronology",62
"915",11,"time","org.joda.time.chrono.ZonedChronology","org.joda.time.DateTimeZone",215
"916",11,"time","org.joda.time.chrono.ZonedChronology$ZonedDateTimeField","org.joda.time.DateTimeZone",129
"917",11,"time","org.joda.time.DateTimeUtils","org.joda.time.DateTimeZone",119
"918",11,"time","org.joda.time.DateTimeZone","org.joda.time.format.DateTimeFormat",3
"919",11,"time","org.joda.time.DateTimeZone","org.joda.time.tz.FixedDateTimeZone",10
"920",11,"time","org.joda.time.Days","org.joda.time.base.BaseSingleFieldPeriod",112
"921",11,"time","org.joda.time.format.DateTimeFormat","org.joda.time.format.DateTimeFormat$StyleFormatter",9
"922",11,"time","org.joda.time.format.DateTimeFormatter","org.joda.time.DateTimeZone",117
"923",11,"time","org.joda.time.format.DateTimeFormatter","org.joda.time.format.DateTimeParserBucket",34
"924",11,"time","org.joda.time.format.DateTimeFormatterBuilder$PaddedNumber","org.joda.time.format.DateTimeFormatterBuilder",12
"925",11,"time","org.joda.time.format.DateTimeFormatterBuilder$TextField","org.joda.time.format.DateTimeParserBucket",40
"926",11,"time","org.joda.time.format.DateTimeParserBucket$SavedState","org.joda.time.format.DateTimeParserBucket",15
"927",11,"time","org.joda.time.format.ISODateTimeFormat","org.joda.time.format.DateTimeFormatterBuilder",23
"928",11,"time","org.joda.time.Hours","org.joda.time.base.BaseSingleFieldPeriod",90
"929",11,"time","org.joda.time.LocalDate","org.joda.time.format.ISODateTimeFormat",26
"930",11,"time","org.joda.time.LocalDateTime","org.joda.time.DateTimeZone",186
"931",11,"time","org.joda.time.LocalDateTime","org.joda.time.format.DateTimeFormatter",46
"932",11,"time","org.joda.time.Minutes","org.joda.time.base.BaseSingleFieldPeriod",125
"933",11,"time","org.joda.time.MutableInterval","org.joda.time.base.BaseInterval",9
"934",11,"time","org.joda.time.MutablePeriod","org.joda.time.base.BasePeriod",145
"935",11,"time","org.joda.time.Period","org.joda.time.base.AbstractPeriod",75
"936",11,"time","org.joda.time.Period","org.joda.time.base.BasePeriod",158
"937",11,"time","org.joda.time.Period","org.joda.time.PeriodType",620
"938",11,"time","org.joda.time.Seconds","org.joda.time.base.BaseSingleFieldPeriod",127
"939",11,"time","org.joda.time.tz.ZoneInfoCompiler","org.joda.time.DateTimeZone",199
"940",11,"time","org.joda.time.Weeks","org.joda.time.base.BaseSingleFieldPeriod",120
"941",11,"time","org.joda.time.YearMonthDay","org.joda.time.base.BasePartial",5
"942",12,"closure","com.google.javascript.rhino.head.IdScriptableObject","com.google.javascript.rhino.head.ScriptableObject",273
"943",12,"closure","com.google.javascript.rhino.head.IRFactory","com.google.javascript.rhino.head.Node",3
"944",12,"closure","com.google.javascript.rhino.head.IRFactory","com.google.javascript.rhino.head.Parser",88
"945",12,"closure","com.google.javascript.rhino.head.NativeArray","com.google.javascript.rhino.head.IdScriptableObject",75
"946",12,"closure","com.google.javascript.rhino.head.NativeArray","com.google.javascript.rhino.head.ScriptableObject",42
"947",12,"closure","com.google.javascript.rhino.head.NativeObject","com.google.javascript.rhino.head.ScriptableObject",431
"948",12,"closure","com.google.javascript.rhino.head.regexp.NativeRegExp","com.google.javascript.rhino.head.ScriptRuntime",32
"949",12,"closure","com.google.javascript.rhino.head.ScriptRuntime","com.google.javascript.rhino.head.ScriptableObject",247
"950",12,"closure","com.google.javascript.rhino.head.tools.debugger.Dim","com.google.javascript.rhino.head.ScriptRuntime",9
"951",12,"closure","com.google.javascript.rhino.jstype.JSType","com.google.javascript.rhino.jstype.UnionType",73
"952",12,"lang","org.apache.commons.lang3.builder.ReflectionToStringBuilder","org.apache.commons.lang3.builder.ToStringBuilder",1
"953",12,"lang","org.apache.commons.lang3.builder.ToStringBuilder","org.apache.commons.lang3.builder.ToStringStyle",177
"954",12,"lang","org.apache.commons.lang3.concurrent.MultiBackgroundInitializer","org.apache.commons.lang3.concurrent.BackgroundInitializer",45
"955",12,"lang","org.apache.commons.lang3.text.StrBuilder$StrBuilderReader","org.apache.commons.lang3.text.StrBuilder",1
"956",12,"lang","org.apache.commons.lang3.text.StrSubstitutor","org.apache.commons.lang3.text.StrBuilder",45
"957",12,"lang","org.apache.commons.lang3.text.StrTokenizer","org.apache.commons.lang3.text.StrMatcher",8
"958",12,"lang","org.apache.commons.lang3.text.translate.UnicodeEscaper","org.apache.commons.lang3.text.translate.CharSequenceTranslator",35
"959",12,"lang","org.apache.commons.lang3.time.DurationFormatUtils","org.apache.commons.lang3.time.DurationFormatUtils$Token",21
"960",12,"lang","org.apache.commons.lang3.time.FastDateFormat","org.apache.commons.lang3.time.FastDateFormat$TextField",4
"961",12,"math","org.apache.commons.math.analysis.LaguerreSolver","org.apache.commons.math.complex.Complex",14
"962",12,"math","org.apache.commons.math.analysis.MullerSolver","org.apache.commons.math.analysis.UnivariateRealSolverImpl",99
"963",12,"math","org.apache.commons.math.distribution.AbstractIntegerDistribution","org.apache.commons.math.distribution.HypergeometricDistributionImpl",1
"964",12,"math","org.apache.commons.math.geometry.Rotation","org.apache.commons.math.geometry.Vector3D",17
"965",12,"math","org.apache.commons.math.linear.MatrixUtils","org.apache.commons.math.linear.BigMatrixImpl",1
"966",12,"math","org.apache.commons.math.ode.AbstractStepInterpolator","org.apache.commons.math.ode.DormandPrince853StepInterpolator",65
"967",12,"math","org.apache.commons.math.ode.ContinuousOutputModel","org.apache.commons.math.ode.AbstractStepInterpolator",44
"968",12,"math","org.apache.commons.math.ode.EmbeddedRungeKuttaIntegrator","org.apache.commons.math.ode.DormandPrince853Integrator",21
"969",12,"math","org.apache.commons.math.ode.EmbeddedRungeKuttaIntegrator","org.apache.commons.math.ode.HighamHall54Integrator",7
"970",12,"math","org.apache.commons.math.ode.GraggBulirschStoerIntegrator","org.apache.commons.math.ode.AdaptiveStepsizeIntegrator",93
"971",12,"math","org.apache.commons.math.ode.GraggBulirschStoerIntegrator","org.apache.commons.math.ode.SwitchingFunctionsHandler",19
"972",12,"math","org.apache.commons.math.ode.GraggBulirschStoerStepInterpolator","org.apache.commons.math.ode.AbstractStepInterpolator",26
"973",12,"math","org.apache.commons.math.ode.SwitchingFunctionsHandler","org.apache.commons.math.ode.SwitchState",77
"974",12,"math","org.apache.commons.math.ode.SwitchState","org.apache.commons.math.analysis.BrentSolver",53
"975",12,"math","org.apache.commons.math.optimization.NelderMead","org.apache.commons.math.optimization.DirectSearchOptimizer",122
"976",12,"math","org.apache.commons.math.stat.descriptive.AbstractStorelessUnivariateStatistic","org.apache.commons.math.stat.descriptive.moment.Variance",3
"977",12,"math","org.apache.commons.math.transform.FastFourierTransformer","org.apache.commons.math.complex.Complex",22
"978",12,"mockito","org.mockito.asm.AnnotationWriter","org.mockito.asm.ClassWriter",92
"979",12,"mockito","org.mockito.asm.MethodWriter","org.mockito.asm.ByteVector",28
"980",12,"mockito","org.mockito.asm.MethodWriter","org.mockito.asm.ClassWriter",22
"981",12,"mockito","org.mockito.asm.tree.analysis.BasicVerifier","org.mockito.asm.tree.analysis.BasicInterpreter",23
"982",12,"mockito","org.mockito.asm.tree.analysis.BasicVerifier","org.mockito.asm.tree.analysis.SimpleVerifier",8
"983",12,"mockito","org.mockito.asm.util.ASMifierClassVisitor","org.mockito.asm.util.ASMifierAbstractVisitor",24
"984",12,"mockito","org.mockito.cglib.core.CodeEmitter","org.mockito.cglib.core.TypeUtils",75
"985",12,"mockito","org.mockito.cglib.core.EmitUtils","org.mockito.cglib.core.CodeEmitter",77
"986",12,"mockito","org.mockito.cglib.proxy.Enhancer","org.mockito.cglib.core.ReflectUtils",52
"987",12,"mockito","org.mockito.cglib.proxy.Mixin$Generator","org.mockito.cglib.core.AbstractClassGenerator",11
"988",12,"mockito","org.mockito.cglib.proxy.Mixin$Generator","org.mockito.cglib.core.ReflectUtils",60
"989",12,"time","org.joda.time.base.AbstractPartial","org.joda.time.MonthDay",12
"990",12,"time","org.joda.time.base.BasePeriod","org.joda.time.base.AbstractPeriod",84
"991",12,"time","org.joda.time.chrono.BasicChronology","org.joda.time.chrono.CopticChronology",4
"992",12,"time","org.joda.time.chrono.BasicChronology","org.joda.time.chrono.IslamicChronology",18
"993",12,"time","org.joda.time.chrono.BasicWeekyearDateTimeField","org.joda.time.chrono.BasicChronology",385
"994",12,"time","org.joda.time.chrono.CopticChronology","org.joda.time.DateTimeZone",193
"995",12,"time","org.joda.time.chrono.GJChronology","org.joda.time.chrono.GJChronology$CutoverField",14
"996",12,"time","org.joda.time.chrono.GJChronology","org.joda.time.chrono.JulianChronology",21
"997",12,"time","org.joda.time.chrono.ISOChronology","org.joda.time.chrono.AssembledChronology",64
"998",12,"time","org.joda.time.chrono.ZonedChronology","org.joda.time.chrono.AssembledChronology",102
"999",12,"time","org.joda.time.chrono.ZonedChronology","org.joda.time.DateTimeZone",212
"1000",12,"time","org.joda.time.chrono.ZonedChronology$ZonedDateTimeField","org.joda.time.DateTimeZone",126
"1001",12,"time","org.joda.time.DateTimeUtils","org.joda.time.DateTimeZone",140
"1002",12,"time","org.joda.time.DateTimeZone","org.joda.time.format.DateTimeFormat",3
"1003",12,"time","org.joda.time.DateTimeZone","org.joda.time.format.FormatUtils",41
"1004",12,"time","org.joda.time.DateTimeZone","org.joda.time.tz.FixedDateTimeZone",10
"1005",12,"time","org.joda.time.Days","org.joda.time.base.BaseSingleFieldPeriod",109
"1006",12,"time","org.joda.time.format.DateTimeFormat","org.joda.time.format.DateTimeFormat$StyleFormatter",8
"1007",12,"time","org.joda.time.format.DateTimeFormat","org.joda.time.format.DateTimeFormatterBuilder",6
"1008",12,"time","org.joda.time.format.DateTimeFormatter","org.joda.time.DateTimeZone",126
"1009",12,"time","org.joda.time.format.DateTimeFormatter","org.joda.time.format.DateTimeParserBucket",51
"1010",12,"time","org.joda.time.format.DateTimeFormatterBuilder$PaddedNumber","org.joda.time.format.DateTimeFormatterBuilder",9
"1011",12,"time","org.joda.time.format.DateTimeFormatterBuilder$TextField","org.joda.time.format.DateTimeParserBucket",65
"1012",12,"time","org.joda.time.format.DateTimeFormatterBuilder$TextField","org.joda.time.MutableDateTime",3
"1013",12,"time","org.joda.time.format.DateTimeParserBucket$SavedState","org.joda.time.format.DateTimeParserBucket",15
"1014",12,"time","org.joda.time.format.ISODateTimeFormat","org.joda.time.format.DateTimeFormatterBuilder",23
"1015",12,"time","org.joda.time.Hours","org.joda.time.base.BaseSingleFieldPeriod",89
"1016",12,"time","org.joda.time.LocalDate","org.joda.time.format.ISODateTimeFormat",25
"1017",12,"time","org.joda.time.LocalDateTime","org.joda.time.DateTimeZone",314
"1018",12,"time","org.joda.time.LocalDateTime","org.joda.time.format.DateTimeFormatter",28
"1019",12,"time","org.joda.time.Minutes","org.joda.time.base.BaseSingleFieldPeriod",123
"1020",12,"time","org.joda.time.MutablePeriod","org.joda.time.base.BasePeriod",164
"1021",12,"time","org.joda.time.Period","org.joda.time.base.AbstractPeriod",46
"1022",12,"time","org.joda.time.Period","org.joda.time.base.BasePeriod",119
"1023",12,"time","org.joda.time.Period","org.joda.time.PeriodType",619
"1024",12,"time","org.joda.time.Seconds","org.joda.time.base.BaseSingleFieldPeriod",128
"1025",12,"time","org.joda.time.Weeks","org.joda.time.base.BaseSingleFieldPeriod",126
"1026",12,"time","org.joda.time.YearMonthDay","org.joda.time.base.BasePartial",8
"1027",13,"closure","com.google.javascript.rhino.head.Interpreter","com.google.javascript.rhino.head.ScriptableObject",101
"1028",13,"closure","com.google.javascript.rhino.head.IRFactory","com.google.javascript.rhino.head.Node",5
"1029",13,"closure","com.google.javascript.rhino.head.NativeArray","com.google.javascript.rhino.head.IdScriptableObject",104
"1030",13,"closure","com.google.javascript.rhino.head.NativeArray","com.google.javascript.rhino.head.ScriptableObject",120
"1031",13,"closure","com.google.javascript.rhino.head.NativeObject","com.google.javascript.rhino.head.ScriptableObject",276
"1032",13,"closure","com.google.javascript.rhino.head.regexp.NativeRegExp","com.google.javascript.rhino.head.ScriptRuntime",90
"1033",13,"closure","com.google.javascript.rhino.head.ScriptableObject","com.google.javascript.rhino.head.FunctionObject",19
"1034",13,"closure","com.google.javascript.rhino.head.tools.debugger.Dim","com.google.javascript.rhino.head.ScriptRuntime",36
"1035",13,"closure","com.google.javascript.rhino.JSDocInfoBuilder","com.google.javascript.rhino.JSDocInfo",330
"1036",13,"closure","com.google.javascript.rhino.jstype.JSType","com.google.javascript.rhino.jstype.UnionType",24
"1037",13,"lang","org.apache.commons.lang3.builder.ReflectionToStringBuilder","org.apache.commons.lang3.builder.ToStringBuilder",1
"1038",13,"lang","org.apache.commons.lang3.builder.ToStringBuilder","org.apache.commons.lang3.builder.ToStringStyle",152
"1039",13,"lang","org.apache.commons.lang3.concurrent.MultiBackgroundInitializer","org.apache.commons.lang3.concurrent.BackgroundInitializer",44
"1040",13,"lang","org.apache.commons.lang3.text.StrBuilder$StrBuilderReader","org.apache.commons.lang3.text.StrBuilder",10
"1041",13,"lang","org.apache.commons.lang3.text.StrSubstitutor","org.apache.commons.lang3.text.StrBuilder",45
"1042",13,"lang","org.apache.commons.lang3.text.StrTokenizer","org.apache.commons.lang3.text.StrMatcher",13
"1043",13,"lang","org.apache.commons.lang3.text.translate.UnicodeEscaper","org.apache.commons.lang3.text.translate.CharSequenceTranslator",31
"1044",13,"lang","org.apache.commons.lang3.time.DurationFormatUtils","org.apache.commons.lang3.time.DurationFormatUtils$Token",9
"1045",13,"lang","org.apache.commons.lang3.time.FastDateFormat","org.apache.commons.lang3.time.FastDateFormat$TextField",4
"1046",13,"math","org.apache.commons.math.analysis.LaguerreSolver","org.apache.commons.math.complex.Complex",40
"1047",13,"math","org.apache.commons.math.analysis.MullerSolver","org.apache.commons.math.analysis.UnivariateRealSolverImpl",105
"1048",13,"math","org.apache.commons.math.fraction.ProperFractionFormat","org.apache.commons.math.fraction.FractionFormat",2
"1049",13,"math","org.apache.commons.math.geometry.Rotation","org.apache.commons.math.geometry.Vector3D",11
"1050",13,"math","org.apache.commons.math.linear.MatrixUtils","org.apache.commons.math.linear.BigMatrixImpl",1
"1051",13,"math","org.apache.commons.math.ode.AbstractStepInterpolator","org.apache.commons.math.ode.DormandPrince853StepInterpolator",64
"1052",13,"math","org.apache.commons.math.ode.ContinuousOutputModel","org.apache.commons.math.ode.AbstractStepInterpolator",47
"1053",13,"math","org.apache.commons.math.ode.EmbeddedRungeKuttaIntegrator","org.apache.commons.math.ode.DormandPrince853Integrator",5
"1054",13,"math","org.apache.commons.math.ode.EmbeddedRungeKuttaIntegrator","org.apache.commons.math.ode.HighamHall54Integrator",5
"1055",13,"math","org.apache.commons.math.ode.GraggBulirschStoerIntegrator","org.apache.commons.math.ode.AdaptiveStepsizeIntegrator",117
"1056",13,"math","org.apache.commons.math.ode.GraggBulirschStoerIntegrator","org.apache.commons.math.ode.SwitchingFunctionsHandler",23
"1057",13,"math","org.apache.commons.math.ode.GraggBulirschStoerStepInterpolator","org.apache.commons.math.ode.AbstractStepInterpolator",42
"1058",13,"math","org.apache.commons.math.ode.SwitchingFunctionsHandler","org.apache.commons.math.ode.SwitchState",67
"1059",13,"math","org.apache.commons.math.ode.SwitchState","org.apache.commons.math.analysis.BrentSolver",90
"1060",13,"math","org.apache.commons.math.optimization.NelderMead","org.apache.commons.math.optimization.DirectSearchOptimizer",105
"1061",13,"math","org.apache.commons.math.stat.descriptive.AbstractStorelessUnivariateStatistic","org.apache.commons.math.stat.descriptive.moment.Variance",1
"1062",13,"math","org.apache.commons.math.stat.inference.TTestImpl","org.apache.commons.math.stat.StatUtils",2
"1063",13,"math","org.apache.commons.math.transform.FastFourierTransformer","org.apache.commons.math.complex.Complex",26
"1064",13,"mockito","org.mockito.asm.AnnotationWriter","org.mockito.asm.ClassWriter",54
"1065",13,"mockito","org.mockito.asm.MethodWriter","org.mockito.asm.ByteVector",15
"1066",13,"mockito","org.mockito.asm.MethodWriter","org.mockito.asm.ClassWriter",11
"1067",13,"mockito","org.mockito.asm.tree.analysis.BasicVerifier","org.mockito.asm.tree.analysis.BasicInterpreter",2
"1068",13,"mockito","org.mockito.asm.util.ASMifierClassVisitor","org.mockito.asm.util.ASMifierAbstractVisitor",24
"1069",13,"mockito","org.mockito.cglib.core.ClassEmitter","org.mockito.cglib.transform.impl.InterceptFieldTransformer",8
"1070",13,"mockito","org.mockito.cglib.core.CodeEmitter","org.mockito.cglib.core.TypeUtils",46
"1071",13,"mockito","org.mockito.cglib.core.EmitUtils","org.mockito.cglib.core.CodeEmitter",185
"1072",13,"mockito","org.mockito.cglib.proxy.Enhancer","org.mockito.cglib.core.ReflectUtils",52
"1073",13,"mockito","org.mockito.cglib.proxy.Mixin$Generator","org.mockito.cglib.core.AbstractClassGenerator",6
"1074",13,"time","org.joda.time.base.AbstractPartial","org.joda.time.MonthDay",16
"1075",13,"time","org.joda.time.base.BasePeriod","org.joda.time.base.AbstractPeriod",61
"1076",13,"time","org.joda.time.chrono.BasicChronology","org.joda.time.chrono.CopticChronology",62
"1077",13,"time","org.joda.time.chrono.BasicChronology","org.joda.time.chrono.EthiopicChronology",8
"1078",13,"time","org.joda.time.chrono.BasicChronology","org.joda.time.chrono.IslamicChronology",16
"1079",13,"time","org.joda.time.chrono.BasicWeekyearDateTimeField","org.joda.time.chrono.BasicChronology",142
"1080",13,"time","org.joda.time.chrono.CopticChronology","org.joda.time.DateTimeZone",175
"1081",13,"time","org.joda.time.chrono.GJChronology","org.joda.time.chrono.GJChronology$CutoverField",34
"1082",13,"time","org.joda.time.chrono.GJChronology","org.joda.time.chrono.JulianChronology",35
"1083",13,"time","org.joda.time.chrono.ISOChronology","org.joda.time.chrono.AssembledChronology",118
"1084",13,"time","org.joda.time.chrono.ISOChronology","org.joda.time.DateTimeZone",159
"1085",13,"time","org.joda.time.chrono.ZonedChronology","org.joda.time.chrono.AssembledChronology",268
"1086",13,"time","org.joda.time.chrono.ZonedChronology","org.joda.time.DateTimeZone",171
"1087",13,"time","org.joda.time.chrono.ZonedChronology$ZonedDateTimeField","org.joda.time.DateTimeZone",132
"1088",13,"time","org.joda.time.DateTimeUtils","org.joda.time.DateTimeZone",144
"1089",13,"time","org.joda.time.DateTimeZone","org.joda.time.tz.FixedDateTimeZone",10
"1090",13,"time","org.joda.time.Days","org.joda.time.base.BaseSingleFieldPeriod",115
"1091",13,"time","org.joda.time.format.DateTimeFormat","org.joda.time.format.DateTimeFormat$StyleFormatter",9
"1092",13,"time","org.joda.time.format.DateTimeFormatter","org.joda.time.DateTimeZone",107
"1093",13,"time","org.joda.time.format.DateTimeFormatter","org.joda.time.format.DateTimeParserBucket",55
"1094",13,"time","org.joda.time.format.DateTimeFormatterBuilder$PaddedNumber","org.joda.time.format.DateTimeFormatterBuilder",11
"1095",13,"time","org.joda.time.format.DateTimeFormatterBuilder$TextField","org.joda.time.format.DateTimeParserBucket",61
"1096",13,"time","org.joda.time.format.DateTimeFormatterBuilder$TextField","org.joda.time.MutableDateTime",1
"1097",13,"time","org.joda.time.format.DateTimeParserBucket$SavedState","org.joda.time.format.DateTimeParserBucket",23
"1098",13,"time","org.joda.time.format.ISODateTimeFormat","org.joda.time.format.DateTimeFormatterBuilder",23
"1099",13,"time","org.joda.time.Hours","org.joda.time.base.BaseSingleFieldPeriod",96
"1100",13,"time","org.joda.time.LocalDate","org.joda.time.DateTime",5
"1101",13,"time","org.joda.time.LocalDate","org.joda.time.format.ISODateTimeFormat",37
"1102",13,"time","org.joda.time.LocalDateTime","org.joda.time.DateTimeZone",206
"1103",13,"time","org.joda.time.LocalDateTime","org.joda.time.format.DateTimeFormatter",51
"1104",13,"time","org.joda.time.LocalTime$Property","org.joda.time.LocalTime",8
"1105",13,"time","org.joda.time.Minutes","org.joda.time.base.BaseSingleFieldPeriod",138
"1106",13,"time","org.joda.time.MutableInterval","org.joda.time.base.BaseInterval",16
"1107",13,"time","org.joda.time.MutablePeriod","org.joda.time.base.BasePeriod",139
"1108",13,"time","org.joda.time.Period","org.joda.time.base.AbstractPeriod",81
"1109",13,"time","org.joda.time.Period","org.joda.time.base.BasePeriod",131
"1110",13,"time","org.joda.time.Period","org.joda.time.PeriodType",632
"1111",13,"time","org.joda.time.Seconds","org.joda.time.base.BaseSingleFieldPeriod",123
"1112",13,"time","org.joda.time.tz.ZoneInfoCompiler","org.joda.time.DateTimeZone",199
"1113",13,"time","org.joda.time.Weeks","org.joda.time.base.BaseSingleFieldPeriod",134
"1114",13,"time","org.joda.time.YearMonthDay","org.joda.time.base.BasePartial",8
"1115",14,"closure","com.google.javascript.rhino.head.IdScriptableObject","com.google.javascript.rhino.head.ScriptableObject",268
"1116",14,"closure","com.google.javascript.rhino.head.Interpreter","com.google.javascript.rhino.head.ScriptableObject",226
"1117",14,"closure","com.google.javascript.rhino.head.IRFactory","com.google.javascript.rhino.head.Node",3
"1118",14,"closure","com.google.javascript.rhino.head.IRFactory","com.google.javascript.rhino.head.Parser",65
"1119",14,"closure","com.google.javascript.rhino.head.NativeArray","com.google.javascript.rhino.head.ScriptableObject",137
"1120",14,"closure","com.google.javascript.rhino.head.NativeArray","com.google.javascript.rhino.head.ScriptRuntime",81
"1121",14,"closure","com.google.javascript.rhino.head.ScriptRuntime","com.google.javascript.rhino.head.ScriptableObject",133
"1122",14,"closure","com.google.javascript.rhino.jstype.JSType","com.google.javascript.rhino.jstype.FunctionType",266
"1123",14,"lang","org.apache.commons.lang3.builder.ReflectionToStringBuilder","org.apache.commons.lang3.builder.ToStringBuilder",1
"1124",14,"lang","org.apache.commons.lang3.builder.ToStringBuilder","org.apache.commons.lang3.builder.ToStringStyle",101
"1125",14,"lang","org.apache.commons.lang3.concurrent.MultiBackgroundInitializer","org.apache.commons.lang3.concurrent.BackgroundInitializer",41
"1126",14,"lang","org.apache.commons.lang3.text.StrBuilder$StrBuilderReader","org.apache.commons.lang3.text.StrBuilder",13
"1127",14,"lang","org.apache.commons.lang3.text.StrSubstitutor","org.apache.commons.lang3.text.StrBuilder",29
"1128",14,"lang","org.apache.commons.lang3.text.StrTokenizer","org.apache.commons.lang3.text.StrMatcher",19
"1129",14,"lang","org.apache.commons.lang3.text.translate.UnicodeEscaper","org.apache.commons.lang3.text.translate.CharSequenceTranslator",35
"1130",14,"lang","org.apache.commons.lang3.time.DurationFormatUtils","org.apache.commons.lang3.time.DurationFormatUtils$Token",23
"1131",14,"lang","org.apache.commons.lang3.time.FastDateFormat","org.apache.commons.lang3.time.FastDateFormat$TextField",12
"1132",14,"math","org.apache.commons.math.analysis.LaguerreSolver","org.apache.commons.math.complex.Complex",26
"1133",14,"math","org.apache.commons.math.analysis.MullerSolver","org.apache.commons.math.analysis.UnivariateRealSolverImpl",98
"1134",14,"math","org.apache.commons.math.fraction.ProperFractionFormat","org.apache.commons.math.fraction.FractionFormat",2
"1135",14,"math","org.apache.commons.math.geometry.Rotation","org.apache.commons.math.geometry.Vector3D",14
"1136",14,"math","org.apache.commons.math.linear.MatrixUtils","org.apache.commons.math.linear.BigMatrixImpl",4
"1137",14,"math","org.apache.commons.math.ode.AbstractStepInterpolator","org.apache.commons.math.ode.DormandPrince853StepInterpolator",73
"1138",14,"math","org.apache.commons.math.ode.ContinuousOutputModel","org.apache.commons.math.ode.AbstractStepInterpolator",48
"1139",14,"math","org.apache.commons.math.ode.EmbeddedRungeKuttaIntegrator","org.apache.commons.math.ode.DormandPrince853Integrator",13
"1140",14,"math","org.apache.commons.math.ode.EmbeddedRungeKuttaIntegrator","org.apache.commons.math.ode.HighamHall54Integrator",9
"1141",14,"math","org.apache.commons.math.ode.GraggBulirschStoerIntegrator","org.apache.commons.math.ode.AdaptiveStepsizeIntegrator",100
"1142",14,"math","org.apache.commons.math.ode.GraggBulirschStoerIntegrator","org.apache.commons.math.ode.SwitchingFunctionsHandler",5
"1143",14,"math","org.apache.commons.math.ode.GraggBulirschStoerStepInterpolator","org.apache.commons.math.ode.AbstractStepInterpolator",42
"1144",14,"math","org.apache.commons.math.ode.SwitchingFunctionsHandler","org.apache.commons.math.ode.SwitchState",86
"1145",14,"math","org.apache.commons.math.ode.SwitchState","org.apache.commons.math.analysis.BrentSolver",13
"1146",14,"math","org.apache.commons.math.optimization.NelderMead","org.apache.commons.math.optimization.DirectSearchOptimizer",137
"1147",14,"math","org.apache.commons.math.stat.descriptive.AbstractStorelessUnivariateStatistic","org.apache.commons.math.stat.descriptive.moment.Variance",1
"1148",14,"math","org.apache.commons.math.stat.inference.TTestImpl","org.apache.commons.math.stat.StatUtils",2
"1149",14,"math","org.apache.commons.math.transform.FastFourierTransformer","org.apache.commons.math.complex.Complex",21
"1150",14,"mockito","org.mockito.asm.AnnotationWriter","org.mockito.asm.ClassWriter",59
"1151",14,"mockito","org.mockito.asm.MethodWriter","org.mockito.asm.ByteVector",44
"1152",14,"mockito","org.mockito.asm.tree.analysis.BasicVerifier","org.mockito.asm.tree.analysis.BasicInterpreter",34
"1153",14,"mockito","org.mockito.asm.util.ASMifierClassVisitor","org.mockito.asm.util.ASMifierAbstractVisitor",24
"1154",14,"mockito","org.mockito.cglib.core.CodeEmitter","org.mockito.cglib.core.TypeUtils",78
"1155",14,"mockito","org.mockito.cglib.core.EmitUtils","org.mockito.cglib.core.CodeEmitter",57
"1156",14,"mockito","org.mockito.cglib.proxy.Enhancer","org.mockito.cglib.core.ReflectUtils",52
"1157",14,"mockito","org.mockito.cglib.proxy.Mixin$Generator","org.mockito.cglib.core.AbstractClassGenerator",11
"1158",14,"mockito","org.mockito.cglib.proxy.Mixin$Generator","org.mockito.cglib.core.ReflectUtils",59
"1159",14,"time","org.joda.time.base.AbstractPartial","org.joda.time.YearMonth",12
"1160",14,"time","org.joda.time.base.BasePeriod","org.joda.time.base.AbstractPeriod",84
"1161",14,"time","org.joda.time.chrono.BasicChronology","org.joda.time.chrono.CopticChronology",1
"1162",14,"time","org.joda.time.chrono.BasicChronology","org.joda.time.chrono.EthiopicChronology",5
"1163",14,"time","org.joda.time.chrono.BasicChronology","org.joda.time.chrono.IslamicChronology",12
"1164",14,"time","org.joda.time.chrono.BasicWeekyearDateTimeField","org.joda.time.chrono.BasicChronology",390
"1165",14,"time","org.joda.time.chrono.CopticChronology","org.joda.time.DateTimeZone",183
"1166",14,"time","org.joda.time.chrono.GJChronology","org.joda.time.chrono.GJChronology$CutoverField",14
"1167",14,"time","org.joda.time.chrono.GJChronology","org.joda.time.chrono.JulianChronology",84
"1168",14,"time","org.joda.time.chrono.ISOChronology","org.joda.time.chrono.AssembledChronology",60
"1169",14,"time","org.joda.time.chrono.ISOChronology","org.joda.time.DateTimeZone",202
"1170",14,"time","org.joda.time.chrono.ZonedChronology","org.joda.time.chrono.AssembledChronology",34
"1171",14,"time","org.joda.time.chrono.ZonedChronology","org.joda.time.DateTimeZone",331
"1172",14,"time","org.joda.time.chrono.ZonedChronology$ZonedDateTimeField","org.joda.time.DateTimeZone",143
"1173",14,"time","org.joda.time.DateTimeUtils","org.joda.time.DateTimeZone",245
"1174",14,"time","org.joda.time.DateTimeZone","org.joda.time.tz.FixedDateTimeZone",17
"1175",14,"time","org.joda.time.Days","org.joda.time.base.BaseSingleFieldPeriod",111
"1176",14,"time","org.joda.time.format.DateTimeFormat","org.joda.time.format.DateTimeFormat$StyleFormatter",10
"1177",14,"time","org.joda.time.format.DateTimeFormatter","org.joda.time.DateTimeZone",104
"1178",14,"time","org.joda.time.format.DateTimeFormatter","org.joda.time.format.DateTimeParserBucket",82
"1179",14,"time","org.joda.time.format.DateTimeFormatterBuilder$PaddedNumber","org.joda.time.format.DateTimeFormatterBuilder",4
"1180",14,"time","org.joda.time.format.DateTimeFormatterBuilder$TextField","org.joda.time.format.DateTimeParserBucket",72
"1181",14,"time","org.joda.time.format.DateTimeFormatterBuilder$TextField","org.joda.time.MutableDateTime",5
"1182",14,"time","org.joda.time.format.DateTimeParserBucket$SavedState","org.joda.time.format.DateTimeParserBucket",15
"1183",14,"time","org.joda.time.format.ISODateTimeFormat","org.joda.time.format.DateTimeFormatterBuilder",23
"1184",14,"time","org.joda.time.Hours","org.joda.time.base.BaseSingleFieldPeriod",88
"1185",14,"time","org.joda.time.LocalDate","org.joda.time.DateTime",6
"1186",14,"time","org.joda.time.LocalDate","org.joda.time.format.ISODateTimeFormat",31
"1187",14,"time","org.joda.time.LocalDateTime","org.joda.time.DateTimeZone",147
"1188",14,"time","org.joda.time.LocalDateTime","org.joda.time.format.DateTimeFormatter",29
"1189",14,"time","org.joda.time.Minutes","org.joda.time.base.BaseSingleFieldPeriod",112
"1190",14,"time","org.joda.time.MutableInterval","org.joda.time.base.BaseInterval",7
"1191",14,"time","org.joda.time.MutablePeriod","org.joda.time.base.BasePeriod",130
"1192",14,"time","org.joda.time.Period","org.joda.time.base.AbstractPeriod",38
"1193",14,"time","org.joda.time.Period","org.joda.time.base.BasePeriod",144
"1194",14,"time","org.joda.time.Period","org.joda.time.PeriodType",643
"1195",14,"time","org.joda.time.Seconds","org.joda.time.base.BaseSingleFieldPeriod",124
"1196",14,"time","org.joda.time.tz.ZoneInfoCompiler","org.joda.time.DateTimeZone",168
"1197",14,"time","org.joda.time.Weeks","org.joda.time.base.BaseSingleFieldPeriod",128
"1198",14,"time","org.joda.time.YearMonthDay","org.joda.time.base.BasePartial",8
"1199",15,"closure","com.google.javascript.rhino.head.IdScriptableObject","com.google.javascript.rhino.head.ScriptableObject",279
"1200",15,"closure","com.google.javascript.rhino.head.Interpreter","com.google.javascript.rhino.head.ScriptableObject",258
"1201",15,"closure","com.google.javascript.rhino.head.IRFactory","com.google.javascript.rhino.head.Decompiler",61
"1202",15,"closure","com.google.javascript.rhino.head.NativeArray","com.google.javascript.rhino.head.ScriptableObject",127
"1203",15,"closure","com.google.javascript.rhino.head.NativeObject","com.google.javascript.rhino.head.ScriptableObject",127
"1204",15,"closure","com.google.javascript.rhino.head.regexp.NativeRegExp","com.google.javascript.rhino.head.ScriptRuntime",13
"1205",15,"closure","com.google.javascript.rhino.head.ScriptableObject","com.google.javascript.rhino.head.FunctionObject",7
"1206",15,"closure","com.google.javascript.rhino.head.tools.debugger.Dim","com.google.javascript.rhino.head.ScriptRuntime",10
"1207",15,"closure","com.google.javascript.rhino.jstype.JSType","com.google.javascript.rhino.jstype.ProxyObjectType",2
"1208",15,"closure","com.google.javascript.rhino.jstype.JSType","com.google.javascript.rhino.jstype.UnionType",22
"1209",15,"lang","org.apache.commons.lang3.builder.ReflectionToStringBuilder","org.apache.commons.lang3.builder.ToStringBuilder",1
"1210",15,"lang","org.apache.commons.lang3.builder.ToStringBuilder","org.apache.commons.lang3.builder.ToStringStyle",113
"1211",15,"lang","org.apache.commons.lang3.concurrent.MultiBackgroundInitializer","org.apache.commons.lang3.concurrent.BackgroundInitializer",40
"1212",15,"lang","org.apache.commons.lang3.text.StrBuilder$StrBuilderReader","org.apache.commons.lang3.text.StrBuilder",4
"1213",15,"lang","org.apache.commons.lang3.text.StrSubstitutor","org.apache.commons.lang3.text.StrBuilder",52
"1214",15,"lang","org.apache.commons.lang3.text.StrTokenizer","org.apache.commons.lang3.text.StrMatcher",19
"1215",15,"lang","org.apache.commons.lang3.text.translate.UnicodeEscaper","org.apache.commons.lang3.text.translate.CharSequenceTranslator",16
"1216",15,"lang","org.apache.commons.lang3.time.DurationFormatUtils","org.apache.commons.lang3.time.DurationFormatUtils$Token",24
"1217",15,"lang","org.apache.commons.lang3.time.FastDateFormat","org.apache.commons.lang3.time.FastDateFormat$TextField",4
"1218",15,"math","org.apache.commons.math.analysis.LaguerreSolver","org.apache.commons.math.complex.Complex",37
"1219",15,"math","org.apache.commons.math.analysis.MullerSolver","org.apache.commons.math.analysis.UnivariateRealSolverImpl",100
"1220",15,"math","org.apache.commons.math.geometry.Rotation","org.apache.commons.math.geometry.Vector3D",10
"1221",15,"math","org.apache.commons.math.linear.MatrixUtils","org.apache.commons.math.linear.BigMatrixImpl",1
"1222",15,"math","org.apache.commons.math.ode.AbstractStepInterpolator","org.apache.commons.math.ode.DormandPrince853StepInterpolator",74
"1223",15,"math","org.apache.commons.math.ode.ContinuousOutputModel","org.apache.commons.math.ode.AbstractStepInterpolator",43
"1224",15,"math","org.apache.commons.math.ode.EmbeddedRungeKuttaIntegrator","org.apache.commons.math.ode.DormandPrince853Integrator",18
"1225",15,"math","org.apache.commons.math.ode.EmbeddedRungeKuttaIntegrator","org.apache.commons.math.ode.HighamHall54Integrator",4
"1226",15,"math","org.apache.commons.math.ode.GraggBulirschStoerIntegrator","org.apache.commons.math.ode.AdaptiveStepsizeIntegrator",90
"1227",15,"math","org.apache.commons.math.ode.GraggBulirschStoerIntegrator","org.apache.commons.math.ode.SwitchingFunctionsHandler",18
"1228",15,"math","org.apache.commons.math.ode.GraggBulirschStoerStepInterpolator","org.apache.commons.math.ode.AbstractStepInterpolator",37
"1229",15,"math","org.apache.commons.math.ode.SwitchingFunctionsHandler","org.apache.commons.math.ode.SwitchState",91
"1230",15,"math","org.apache.commons.math.ode.SwitchState","org.apache.commons.math.analysis.BrentSolver",13
"1231",15,"math","org.apache.commons.math.optimization.NelderMead","org.apache.commons.math.optimization.DirectSearchOptimizer",126
"1232",15,"math","org.apache.commons.math.stat.descriptive.AbstractStorelessUnivariateStatistic","org.apache.commons.math.stat.descriptive.moment.Variance",1
"1233",15,"math","org.apache.commons.math.stat.inference.TTestImpl","org.apache.commons.math.stat.StatUtils",2
"1234",15,"math","org.apache.commons.math.transform.FastFourierTransformer","org.apache.commons.math.complex.Complex",17
"1235",15,"mockito","org.mockito.asm.AnnotationWriter","org.mockito.asm.ClassWriter",48
"1236",15,"mockito","org.mockito.asm.MethodWriter","org.mockito.asm.ByteVector",41
"1237",15,"mockito","org.mockito.asm.MethodWriter","org.mockito.asm.ClassWriter",11
"1238",15,"mockito","org.mockito.asm.tree.analysis.BasicVerifier","org.mockito.asm.tree.analysis.BasicInterpreter",25
"1239",15,"mockito","org.mockito.asm.tree.analysis.BasicVerifier","org.mockito.asm.tree.analysis.SimpleVerifier",20
"1240",15,"mockito","org.mockito.cglib.core.ClassEmitter","org.mockito.cglib.transform.impl.InterceptFieldTransformer",8
"1241",15,"mockito","org.mockito.cglib.core.CodeEmitter","org.mockito.cglib.core.TypeUtils",74
"1242",15,"mockito","org.mockito.cglib.core.EmitUtils","org.mockito.cglib.core.CodeEmitter",56
"1243",15,"mockito","org.mockito.cglib.proxy.Enhancer","org.mockito.cglib.core.ReflectUtils",52
"1244",15,"mockito","org.mockito.cglib.proxy.Mixin$Generator","org.mockito.cglib.core.AbstractClassGenerator",11
"1245",15,"time","org.joda.time.base.AbstractPartial","org.joda.time.MonthDay",11
"1246",15,"time","org.joda.time.base.AbstractPartial","org.joda.time.YearMonth",13
"1247",15,"time","org.joda.time.base.BasePeriod","org.joda.time.base.AbstractPeriod",52
"1248",15,"time","org.joda.time.chrono.BasicChronology","org.joda.time.chrono.CopticChronology",3
"1249",15,"time","org.joda.time.chrono.BasicChronology","org.joda.time.chrono.IslamicChronology",72
"1250",15,"time","org.joda.time.chrono.BasicWeekyearDateTimeField","org.joda.time.chrono.BasicChronology",204
"1251",15,"time","org.joda.time.chrono.CopticChronology","org.joda.time.DateTimeZone",215
"1252",15,"time","org.joda.time.chrono.GJChronology","org.joda.time.chrono.JulianChronology",21
"1253",15,"time","org.joda.time.chrono.ISOChronology","org.joda.time.chrono.AssembledChronology",52
"1254",15,"time","org.joda.time.chrono.ISOChronology","org.joda.time.DateTimeZone",209
"1255",15,"time","org.joda.time.chrono.ZonedChronology","org.joda.time.chrono.AssembledChronology",67
"1256",15,"time","org.joda.time.chrono.ZonedChronology","org.joda.time.DateTimeZone",173
"1257",15,"time","org.joda.time.chrono.ZonedChronology$ZonedDateTimeField","org.joda.time.DateTimeZone",123
"1258",15,"time","org.joda.time.DateTimeUtils","org.joda.time.DateTimeZone",244
"1259",15,"time","org.joda.time.DateTimeZone","org.joda.time.format.DateTimeFormat",136
"1260",15,"time","org.joda.time.DateTimeZone","org.joda.time.tz.FixedDateTimeZone",17
"1261",15,"time","org.joda.time.Days","org.joda.time.base.BaseSingleFieldPeriod",114
"1262",15,"time","org.joda.time.format.DateTimeFormat","org.joda.time.format.DateTimeFormat$StyleFormatter",9
"1263",15,"time","org.joda.time.format.DateTimeFormat","org.joda.time.format.DateTimeFormatterBuilder",2
"1264",15,"time","org.joda.time.format.DateTimeFormatter","org.joda.time.DateTimeZone",90
"1265",15,"time","org.joda.time.format.DateTimeFormatter","org.joda.time.format.DateTimeParserBucket",59
"1266",15,"time","org.joda.time.format.DateTimeFormatterBuilder$PaddedNumber","org.joda.time.format.DateTimeFormatterBuilder",11
"1267",15,"time","org.joda.time.format.DateTimeFormatterBuilder$TextField","org.joda.time.format.DateTimeParserBucket",65
"1268",15,"time","org.joda.time.format.DateTimeParserBucket$SavedState","org.joda.time.format.DateTimeParserBucket",16
"1269",15,"time","org.joda.time.format.ISODateTimeFormat","org.joda.time.format.DateTimeFormatterBuilder",23
"1270",15,"time","org.joda.time.Hours","org.joda.time.base.BaseSingleFieldPeriod",93
"1271",15,"time","org.joda.time.LocalDate","org.joda.time.format.ISODateTimeFormat",34
"1272",15,"time","org.joda.time.LocalDateTime","org.joda.time.DateTimeZone",359
"1273",15,"time","org.joda.time.LocalDateTime","org.joda.time.format.DateTimeFormatter",38
"1274",15,"time","org.joda.time.Minutes","org.joda.time.base.BaseSingleFieldPeriod",134
"1275",15,"time","org.joda.time.MutableInterval","org.joda.time.base.BaseInterval",19
"1276",15,"time","org.joda.time.MutablePeriod","org.joda.time.base.BasePeriod",140
"1277",15,"time","org.joda.time.Period","org.joda.time.base.AbstractPeriod",57
"1278",15,"time","org.joda.time.Period","org.joda.time.base.BasePeriod",123
"1279",15,"time","org.joda.time.Period","org.joda.time.PeriodType",621
"1280",15,"time","org.joda.time.Seconds","org.joda.time.base.BaseSingleFieldPeriod",125
"1281",15,"time","org.joda.time.tz.ZoneInfoCompiler","org.joda.time.DateTimeZone",227
"1282",15,"time","org.joda.time.Weeks","org.joda.time.base.BaseSingleFieldPeriod",129
"1283",15,"time","org.joda.time.YearMonthDay","org.joda.time.base.BasePartial",8
"1284",16,"closure","com.google.javascript.rhino.head.IRFactory","com.google.javascript.rhino.head.Node",5
"1285",16,"closure","com.google.javascript.rhino.head.IRFactory","com.google.javascript.rhino.head.Parser",20
"1286",16,"closure","com.google.javascript.rhino.head.NativeArray","com.google.javascript.rhino.head.ScriptableObject",16
"1287",16,"closure","com.google.javascript.rhino.head.NativeObject","com.google.javascript.rhino.head.ScriptableObject",400
"1288",16,"closure","com.google.javascript.rhino.head.ScriptableObject","com.google.javascript.rhino.head.FunctionObject",19
"1289",16,"closure","com.google.javascript.rhino.head.tools.debugger.Dim","com.google.javascript.rhino.head.ScriptRuntime",34
"1290",16,"closure","com.google.javascript.rhino.jstype.JSType","com.google.javascript.rhino.jstype.FunctionType",290
"1291",16,"closure","com.google.javascript.rhino.jstype.JSType","com.google.javascript.rhino.jstype.UnionType",55
"1292",16,"lang","org.apache.commons.lang3.builder.ToStringBuilder","org.apache.commons.lang3.builder.ToStringStyle",197
"1293",16,"lang","org.apache.commons.lang3.concurrent.MultiBackgroundInitializer","org.apache.commons.lang3.concurrent.BackgroundInitializer",44
"1294",16,"lang","org.apache.commons.lang3.text.StrBuilder$StrBuilderReader","org.apache.commons.lang3.text.StrBuilder",9
"1295",16,"lang","org.apache.commons.lang3.text.StrSubstitutor","org.apache.commons.lang3.text.StrBuilder",27
"1296",16,"lang","org.apache.commons.lang3.text.StrTokenizer","org.apache.commons.lang3.text.StrMatcher",9
"1297",16,"lang","org.apache.commons.lang3.text.translate.UnicodeEscaper","org.apache.commons.lang3.text.translate.CharSequenceTranslator",35
"1298",16,"lang","org.apache.commons.lang3.time.DurationFormatUtils","org.apache.commons.lang3.time.DurationFormatUtils$Token",8
"1299",16,"lang","org.apache.commons.lang3.time.FastDateFormat","org.apache.commons.lang3.time.FastDateFormat$TextField",4
"1300",16,"math","org.apache.commons.math.analysis.LaguerreSolver","org.apache.commons.math.complex.Complex",33
"1301",16,"math","org.apache.commons.math.analysis.MullerSolver","org.apache.commons.math.analysis.UnivariateRealSolverImpl",100
"1302",16,"math","org.apache.commons.math.distribution.AbstractIntegerDistribution","org.apache.commons.math.distribution.HypergeometricDistributionImpl",1
"1303",16,"math","org.apache.commons.math.geometry.Rotation","org.apache.commons.math.geometry.Vector3D",15
"1304",16,"math","org.apache.commons.math.linear.MatrixUtils","org.apache.commons.math.linear.BigMatrixImpl",4
"1305",16,"math","org.apache.commons.math.ode.AbstractStepInterpolator","org.apache.commons.math.ode.DormandPrince853StepInterpolator",76
"1306",16,"math","org.apache.commons.math.ode.ContinuousOutputModel","org.apache.commons.math.ode.AbstractStepInterpolator",46
"1307",16,"math","org.apache.commons.math.ode.EmbeddedRungeKuttaIntegrator","org.apache.commons.math.ode.DormandPrince853Integrator",9
"1308",16,"math","org.apache.commons.math.ode.GraggBulirschStoerIntegrator","org.apache.commons.math.ode.AdaptiveStepsizeIntegrator",99
"1309",16,"math","org.apache.commons.math.ode.GraggBulirschStoerIntegrator","org.apache.commons.math.ode.SwitchingFunctionsHandler",23
"1310",16,"math","org.apache.commons.math.ode.GraggBulirschStoerStepInterpolator","org.apache.commons.math.ode.AbstractStepInterpolator",38
"1311",16,"math","org.apache.commons.math.ode.SwitchingFunctionsHandler","org.apache.commons.math.ode.SwitchState",61
"1312",16,"math","org.apache.commons.math.ode.SwitchState","org.apache.commons.math.analysis.BrentSolver",64
"1313",16,"math","org.apache.commons.math.optimization.NelderMead","org.apache.commons.math.optimization.DirectSearchOptimizer",114
"1314",16,"math","org.apache.commons.math.transform.FastFourierTransformer","org.apache.commons.math.complex.Complex",22
"1315",16,"mockito","org.mockito.asm.AnnotationWriter","org.mockito.asm.ClassWriter",48
"1316",16,"mockito","org.mockito.asm.MethodWriter","org.mockito.asm.ByteVector",13
"1317",16,"mockito","org.mockito.asm.tree.analysis.BasicVerifier","org.mockito.asm.tree.analysis.BasicInterpreter",5
"1318",16,"mockito","org.mockito.asm.tree.analysis.BasicVerifier","org.mockito.asm.tree.analysis.SimpleVerifier",22
"1319",16,"mockito","org.mockito.asm.util.ASMifierClassVisitor","org.mockito.asm.util.ASMifierAbstractVisitor",24
"1320",16,"mockito","org.mockito.cglib.core.CodeEmitter","org.mockito.cglib.core.TypeUtils",59
"1321",16,"mockito","org.mockito.cglib.core.EmitUtils","org.mockito.cglib.core.CodeEmitter",165
"1322",16,"mockito","org.mockito.cglib.proxy.Enhancer","org.mockito.cglib.core.CodeEmitter",240
"1323",16,"mockito","org.mockito.cglib.proxy.Enhancer","org.mockito.cglib.core.ReflectUtils",52
"1324",16,"mockito","org.mockito.cglib.proxy.Mixin$Generator","org.mockito.cglib.core.AbstractClassGenerator",11
"1325",16,"time","org.joda.time.base.AbstractPartial","org.joda.time.YearMonth",4
"1326",16,"time","org.joda.time.base.BasePeriod","org.joda.time.base.AbstractPeriod",59
"1327",16,"time","org.joda.time.chrono.BasicChronology","org.joda.time.chrono.CopticChronology",1
"1328",16,"time","org.joda.time.chrono.BasicChronology","org.joda.time.chrono.EthiopicChronology",5
"1329",16,"time","org.joda.time.chrono.BasicChronology","org.joda.time.chrono.IslamicChronology",13
"1330",16,"time","org.joda.time.chrono.BasicWeekyearDateTimeField","org.joda.time.chrono.BasicChronology",388
"1331",16,"time","org.joda.time.chrono.CopticChronology","org.joda.time.DateTimeZone",313
"1332",16,"time","org.joda.time.chrono.GJChronology","org.joda.time.chrono.GJChronology$CutoverField",40
"1333",16,"time","org.joda.time.chrono.GJChronology","org.joda.time.chrono.JulianChronology",31
"1334",16,"time","org.joda.time.chrono.ISOChronology","org.joda.time.chrono.AssembledChronology",135
"1335",16,"time","org.joda.time.chrono.ISOChronology","org.joda.time.DateTimeZone",192
"1336",16,"time","org.joda.time.chrono.ZonedChronology","org.joda.time.chrono.AssembledChronology",62
"1337",16,"time","org.joda.time.chrono.ZonedChronology","org.joda.time.DateTimeZone",213
"1338",16,"time","org.joda.time.chrono.ZonedChronology$ZonedDateTimeField","org.joda.time.DateTimeZone",180
"1339",16,"time","org.joda.time.DateTimeUtils","org.joda.time.DateTimeZone",153
"1340",16,"time","org.joda.time.DateTimeZone","org.joda.time.format.DateTimeFormat",3
"1341",16,"time","org.joda.time.DateTimeZone","org.joda.time.format.FormatUtils",60
"1342",16,"time","org.joda.time.DateTimeZone","org.joda.time.tz.FixedDateTimeZone",17
"1343",16,"time","org.joda.time.Days","org.joda.time.base.BaseSingleFieldPeriod",89
"1344",16,"time","org.joda.time.format.DateTimeFormat","org.joda.time.format.DateTimeFormat$StyleFormatter",8
"1345",16,"time","org.joda.time.format.DateTimeFormatter","org.joda.time.DateTimeZone",116
"1346",16,"time","org.joda.time.format.DateTimeFormatter","org.joda.time.format.DateTimeParserBucket",26
"1347",16,"time","org.joda.time.format.DateTimeFormatterBuilder$PaddedNumber","org.joda.time.format.DateTimeFormatterBuilder",10
"1348",16,"time","org.joda.time.format.DateTimeFormatterBuilder$TextField","org.joda.time.format.DateTimeParserBucket",57
"1349",16,"time","org.joda.time.format.DateTimeFormatterBuilder$TextField","org.joda.time.MutableDateTime",1
"1350",16,"time","org.joda.time.format.DateTimeParserBucket$SavedState","org.joda.time.format.DateTimeParserBucket",15
"1351",16,"time","org.joda.time.format.ISODateTimeFormat","org.joda.time.format.DateTimeFormatterBuilder",23
"1352",16,"time","org.joda.time.Hours","org.joda.time.base.BaseSingleFieldPeriod",95
"1353",16,"time","org.joda.time.LocalDate","org.joda.time.DateTime",2
"1354",16,"time","org.joda.time.LocalDate","org.joda.time.format.ISODateTimeFormat",31
"1355",16,"time","org.joda.time.LocalDateTime","org.joda.time.DateTimeZone",164
"1356",16,"time","org.joda.time.LocalDateTime","org.joda.time.format.DateTimeFormatter",29
"1357",16,"time","org.joda.time.Minutes","org.joda.time.base.BaseSingleFieldPeriod",131
"1358",16,"time","org.joda.time.MutableInterval","org.joda.time.base.BaseInterval",17
"1359",16,"time","org.joda.time.MutablePeriod","org.joda.time.base.BasePeriod",143
"1360",16,"time","org.joda.time.Period","org.joda.time.base.AbstractPeriod",70
"1361",16,"time","org.joda.time.Period","org.joda.time.base.BasePeriod",139
"1362",16,"time","org.joda.time.Period","org.joda.time.PeriodType",422
"1363",16,"time","org.joda.time.Seconds","org.joda.time.base.BaseSingleFieldPeriod",113
"1364",16,"time","org.joda.time.tz.ZoneInfoCompiler","org.joda.time.DateTimeZone",236
"1365",16,"time","org.joda.time.Weeks","org.joda.time.base.BaseSingleFieldPeriod",134
"1366",16,"time","org.joda.time.YearMonthDay","org.joda.time.base.BasePartial",8
"1367",17,"closure","com.google.javascript.jscomp.NodeUtil","com.google.javascript.rhino.Node",25
"1368",17,"closure","com.google.javascript.rhino.head.IdScriptableObject","com.google.javascript.rhino.head.ScriptableObject",41
"1369",17,"closure","com.google.javascript.rhino.head.Interpreter","com.google.javascript.rhino.head.ScriptableObject",43
"1370",17,"closure","com.google.javascript.rhino.head.IRFactory","com.google.javascript.rhino.head.Parser",116
"1371",17,"closure","com.google.javascript.rhino.head.NativeArray","com.google.javascript.rhino.head.IdScriptableObject",82
"1372",17,"closure","com.google.javascript.rhino.head.NativeArray","com.google.javascript.rhino.head.ScriptableObject",23
"1373",17,"closure","com.google.javascript.rhino.head.NativeObject","com.google.javascript.rhino.head.ScriptableObject",399
"1374",17,"closure","com.google.javascript.rhino.head.ScriptableObject","com.google.javascript.rhino.head.FunctionObject",11
"1375",17,"closure","com.google.javascript.rhino.jstype.JSType","com.google.javascript.rhino.jstype.UnionType",25
"1376",17,"closure","com.google.javascript.rhino.jstype.PrototypeObjectType","com.google.javascript.rhino.jstype.JSType",81
"1377",17,"lang","org.apache.commons.lang3.builder.ReflectionToStringBuilder","org.apache.commons.lang3.builder.ToStringBuilder",1
"1378",17,"lang","org.apache.commons.lang3.builder.ToStringBuilder","org.apache.commons.lang3.builder.ToStringStyle",98
"1379",17,"lang","org.apache.commons.lang3.concurrent.MultiBackgroundInitializer","org.apache.commons.lang3.concurrent.BackgroundInitializer",40
"1380",17,"lang","org.apache.commons.lang3.text.StrBuilder$StrBuilderReader","org.apache.commons.lang3.text.StrBuilder",2
"1381",17,"lang","org.apache.commons.lang3.text.StrSubstitutor","org.apache.commons.lang3.text.StrBuilder",24
"1382",17,"lang","org.apache.commons.lang3.text.StrTokenizer","org.apache.commons.lang3.text.StrMatcher",12
"1383",17,"lang","org.apache.commons.lang3.text.translate.UnicodeEscaper","org.apache.commons.lang3.text.translate.CharSequenceTranslator",35
"1384",17,"lang","org.apache.commons.lang3.time.DurationFormatUtils","org.apache.commons.lang3.time.DurationFormatUtils$Token",9
"1385",17,"lang","org.apache.commons.lang3.time.FastDateFormat","org.apache.commons.lang3.time.FastDateFormat$TextField",11
"1386",17,"math","org.apache.commons.math.analysis.LaguerreSolver","org.apache.commons.math.complex.Complex",27
"1387",17,"math","org.apache.commons.math.analysis.MullerSolver","org.apache.commons.math.analysis.UnivariateRealSolverImpl",100
"1388",17,"math","org.apache.commons.math.fraction.ProperFractionFormat","org.apache.commons.math.fraction.FractionFormat",2
"1389",17,"math","org.apache.commons.math.geometry.Rotation","org.apache.commons.math.geometry.Vector3D",15
"1390",17,"math","org.apache.commons.math.linear.MatrixUtils","org.apache.commons.math.linear.BigMatrixImpl",1
"1391",17,"math","org.apache.commons.math.ode.AbstractStepInterpolator","org.apache.commons.math.ode.DormandPrince853StepInterpolator",68
"1392",17,"math","org.apache.commons.math.ode.ContinuousOutputModel","org.apache.commons.math.ode.AbstractStepInterpolator",44
"1393",17,"math","org.apache.commons.math.ode.EmbeddedRungeKuttaIntegrator","org.apache.commons.math.ode.DormandPrince853Integrator",10
"1394",17,"math","org.apache.commons.math.ode.GraggBulirschStoerIntegrator","org.apache.commons.math.ode.AdaptiveStepsizeIntegrator",90
"1395",17,"math","org.apache.commons.math.ode.GraggBulirschStoerIntegrator","org.apache.commons.math.ode.SwitchingFunctionsHandler",19
"1396",17,"math","org.apache.commons.math.ode.GraggBulirschStoerStepInterpolator","org.apache.commons.math.ode.AbstractStepInterpolator",29
"1397",17,"math","org.apache.commons.math.ode.SwitchingFunctionsHandler","org.apache.commons.math.ode.SwitchState",91
"1398",17,"math","org.apache.commons.math.ode.SwitchState","org.apache.commons.math.analysis.BrentSolver",16
"1399",17,"math","org.apache.commons.math.optimization.NelderMead","org.apache.commons.math.optimization.DirectSearchOptimizer",92
"1400",17,"math","org.apache.commons.math.stat.descriptive.AbstractStorelessUnivariateStatistic","org.apache.commons.math.stat.descriptive.moment.Variance",1
"1401",17,"math","org.apache.commons.math.stat.descriptive.DescriptiveStatistics","org.apache.commons.math.util.ResizableDoubleArray",2
"1402",17,"math","org.apache.commons.math.transform.FastFourierTransformer","org.apache.commons.math.complex.Complex",19
"1403",17,"mockito","org.mockito.asm.AnnotationWriter","org.mockito.asm.ClassWriter",78
"1404",17,"mockito","org.mockito.asm.MethodWriter","org.mockito.asm.ByteVector",17
"1405",17,"mockito","org.mockito.asm.MethodWriter","org.mockito.asm.ClassWriter",11
"1406",17,"mockito","org.mockito.asm.tree.analysis.BasicVerifier","org.mockito.asm.tree.analysis.BasicInterpreter",33
"1407",17,"mockito","org.mockito.asm.tree.analysis.BasicVerifier","org.mockito.asm.tree.analysis.SimpleVerifier",9
"1408",17,"mockito","org.mockito.asm.util.ASMifierClassVisitor","org.mockito.asm.util.ASMifierAbstractVisitor",24
"1409",17,"mockito","org.mockito.cglib.core.CodeEmitter","org.mockito.cglib.core.TypeUtils",69
"1410",17,"mockito","org.mockito.cglib.core.EmitUtils","org.mockito.cglib.core.CodeEmitter",99
"1411",17,"mockito","org.mockito.cglib.proxy.Enhancer","org.mockito.cglib.core.CodeEmitter",8
"1412",17,"mockito","org.mockito.cglib.proxy.Enhancer","org.mockito.cglib.core.ReflectUtils",52
"1413",17,"mockito","org.mockito.cglib.proxy.Mixin$Generator","org.mockito.cglib.core.AbstractClassGenerator",4
"1414",17,"time","org.joda.time.base.AbstractPartial","org.joda.time.MonthDay",12
"1415",17,"time","org.joda.time.base.BasePeriod","org.joda.time.base.AbstractPeriod",79
"1416",17,"time","org.joda.time.chrono.BasicChronology","org.joda.time.chrono.CopticChronology",1
"1417",17,"time","org.joda.time.chrono.BasicChronology","org.joda.time.chrono.IslamicChronology",14
"1418",17,"time","org.joda.time.chrono.BasicWeekyearDateTimeField","org.joda.time.chrono.BasicChronology",141
"1419",17,"time","org.joda.time.chrono.CopticChronology","org.joda.time.DateTimeZone",190
"1420",17,"time","org.joda.time.chrono.GJChronology","org.joda.time.chrono.GJChronology$CutoverField",13
"1421",17,"time","org.joda.time.chrono.GJChronology","org.joda.time.chrono.JulianChronology",19
"1422",17,"time","org.joda.time.chrono.ISOChronology","org.joda.time.chrono.AssembledChronology",78
"1423",17,"time","org.joda.time.chrono.ISOChronology","org.joda.time.DateTimeZone",233
"1424",17,"time","org.joda.time.chrono.ZonedChronology","org.joda.time.chrono.AssembledChronology",66
"1425",17,"time","org.joda.time.chrono.ZonedChronology$ZonedDateTimeField","org.joda.time.DateTimeZone",112
"1426",17,"time","org.joda.time.DateTimeUtils","org.joda.time.DateTimeZone",230
"1427",17,"time","org.joda.time.DateTimeZone","org.joda.time.format.DateTimeFormat",130
"1428",17,"time","org.joda.time.DateTimeZone","org.joda.time.format.FormatUtils",56
"1429",17,"time","org.joda.time.DateTimeZone","org.joda.time.tz.FixedDateTimeZone",20
"1430",17,"time","org.joda.time.Days","org.joda.time.base.BaseSingleFieldPeriod",112
"1431",17,"time","org.joda.time.format.DateTimeFormat","org.joda.time.format.DateTimeFormatterBuilder",2
"1432",17,"time","org.joda.time.format.DateTimeFormatter","org.joda.time.DateTimeZone",101
"1433",17,"time","org.joda.time.format.DateTimeFormatter","org.joda.time.format.DateTimeParserBucket",19
"1434",17,"time","org.joda.time.format.DateTimeFormatterBuilder$PaddedNumber","org.joda.time.format.DateTimeFormatterBuilder",9
"1435",17,"time","org.joda.time.format.DateTimeFormatterBuilder$TextField","org.joda.time.format.DateTimeParserBucket",52
"1436",17,"time","org.joda.time.format.DateTimeFormatterBuilder$TextField","org.joda.time.MutableDateTime",3
"1437",17,"time","org.joda.time.format.DateTimeParserBucket$SavedState","org.joda.time.format.DateTimeParserBucket",15
"1438",17,"time","org.joda.time.format.ISODateTimeFormat","org.joda.time.format.DateTimeFormatterBuilder",23
"1439",17,"time","org.joda.time.Hours","org.joda.time.base.BaseSingleFieldPeriod",91
"1440",17,"time","org.joda.time.LocalDate","org.joda.time.format.ISODateTimeFormat",31
"1441",17,"time","org.joda.time.LocalDateTime","org.joda.time.DateTimeZone",310
"1442",17,"time","org.joda.time.LocalDateTime","org.joda.time.format.DateTimeFormatter",47
"1443",17,"time","org.joda.time.Minutes","org.joda.time.base.BaseSingleFieldPeriod",110
"1444",17,"time","org.joda.time.MutableInterval","org.joda.time.base.BaseInterval",19
"1445",17,"time","org.joda.time.MutablePeriod","org.joda.time.base.BasePeriod",134
"1446",17,"time","org.joda.time.Period","org.joda.time.base.AbstractPeriod",72
"1447",17,"time","org.joda.time.Period","org.joda.time.base.BasePeriod",125
"1448",17,"time","org.joda.time.Period","org.joda.time.PeriodType",630
"1449",17,"time","org.joda.time.Seconds","org.joda.time.base.BaseSingleFieldPeriod",120
"1450",17,"time","org.joda.time.tz.ZoneInfoCompiler","org.joda.time.DateTimeZone",235
"1451",17,"time","org.joda.time.Weeks","org.joda.time.base.BaseSingleFieldPeriod",123
"1452",17,"time","org.joda.time.YearMonthDay","org.joda.time.base.BasePartial",12
"1453",18,"closure","com.google.javascript.rhino.head.IdScriptableObject","com.google.javascript.rhino.head.ScriptableObject",482
"1454",18,"closure","com.google.javascript.rhino.head.IRFactory","com.google.javascript.rhino.head.Parser",107
"1455",18,"closure","com.google.javascript.rhino.head.NativeArray","com.google.javascript.rhino.head.ScriptableObject",102
"1456",18,"closure","com.google.javascript.rhino.head.NativeArray","com.google.javascript.rhino.head.ScriptRuntime",133
"1457",18,"closure","com.google.javascript.rhino.head.regexp.NativeRegExp","com.google.javascript.rhino.head.ScriptRuntime",91
"1458",18,"closure","com.google.javascript.rhino.head.ScriptRuntime","com.google.javascript.rhino.head.ScriptableObject",101
"1459",18,"closure","com.google.javascript.rhino.head.tools.debugger.Dim","com.google.javascript.rhino.head.ScriptRuntime",74
"1460",18,"closure","com.google.javascript.rhino.JSDocInfoBuilder","com.google.javascript.rhino.JSDocInfo",173
"1461",18,"closure","com.google.javascript.rhino.jstype.JSType","com.google.javascript.rhino.jstype.FunctionType",264
"1462",18,"closure","com.google.javascript.rhino.jstype.JSType","com.google.javascript.rhino.jstype.UnionType",26
"1463",18,"lang","org.apache.commons.lang3.builder.ReflectionToStringBuilder","org.apache.commons.lang3.builder.ToStringBuilder",1
"1464",18,"lang","org.apache.commons.lang3.builder.ToStringBuilder","org.apache.commons.lang3.builder.ToStringStyle",108
"1465",18,"lang","org.apache.commons.lang3.concurrent.MultiBackgroundInitializer","org.apache.commons.lang3.concurrent.BackgroundInitializer",44
"1466",18,"lang","org.apache.commons.lang3.text.StrBuilder$StrBuilderReader","org.apache.commons.lang3.text.StrBuilder",9
"1467",18,"lang","org.apache.commons.lang3.text.StrSubstitutor","org.apache.commons.lang3.text.StrBuilder",31
"1468",18,"lang","org.apache.commons.lang3.text.StrTokenizer","org.apache.commons.lang3.text.StrMatcher",8
"1469",18,"lang","org.apache.commons.lang3.text.translate.UnicodeEscaper","org.apache.commons.lang3.text.translate.CharSequenceTranslator",35
"1470",18,"lang","org.apache.commons.lang3.time.DurationFormatUtils","org.apache.commons.lang3.time.DurationFormatUtils$Token",20
"1471",18,"lang","org.apache.commons.lang3.time.FastDateFormat","org.apache.commons.lang3.time.FastDateFormat$TextField",4
"1472",18,"math","org.apache.commons.math.analysis.LaguerreSolver","org.apache.commons.math.complex.Complex",22
"1473",18,"math","org.apache.commons.math.analysis.MullerSolver","org.apache.commons.math.analysis.UnivariateRealSolverImpl",100
"1474",18,"math","org.apache.commons.math.fraction.ProperFractionFormat","org.apache.commons.math.fraction.FractionFormat",2
"1475",18,"math","org.apache.commons.math.geometry.Rotation","org.apache.commons.math.geometry.Vector3D",17
"1476",18,"math","org.apache.commons.math.linear.MatrixUtils","org.apache.commons.math.linear.BigMatrixImpl",1
"1477",18,"math","org.apache.commons.math.ode.AbstractStepInterpolator","org.apache.commons.math.ode.DormandPrince853StepInterpolator",71
"1478",18,"math","org.apache.commons.math.ode.ContinuousOutputModel","org.apache.commons.math.ode.AbstractStepInterpolator",47
"1479",18,"math","org.apache.commons.math.ode.EmbeddedRungeKuttaIntegrator","org.apache.commons.math.ode.DormandPrince853Integrator",9
"1480",18,"math","org.apache.commons.math.ode.EmbeddedRungeKuttaIntegrator","org.apache.commons.math.ode.HighamHall54Integrator",8
"1481",18,"math","org.apache.commons.math.ode.GraggBulirschStoerIntegrator","org.apache.commons.math.ode.AdaptiveStepsizeIntegrator",84
"1482",18,"math","org.apache.commons.math.ode.GraggBulirschStoerIntegrator","org.apache.commons.math.ode.SwitchingFunctionsHandler",5
"1483",18,"math","org.apache.commons.math.ode.GraggBulirschStoerStepInterpolator","org.apache.commons.math.ode.AbstractStepInterpolator",31
"1484",18,"math","org.apache.commons.math.ode.SwitchingFunctionsHandler","org.apache.commons.math.ode.SwitchState",62
"1485",18,"math","org.apache.commons.math.optimization.NelderMead","org.apache.commons.math.optimization.DirectSearchOptimizer",110
"1486",18,"math","org.apache.commons.math.stat.descriptive.AbstractStorelessUnivariateStatistic","org.apache.commons.math.stat.descriptive.moment.Variance",1
"1487",18,"math","org.apache.commons.math.stat.inference.TTestImpl","org.apache.commons.math.stat.StatUtils",2
"1488",18,"math","org.apache.commons.math.transform.FastFourierTransformer","org.apache.commons.math.complex.Complex",27
"1489",18,"mockito","org.mockito.asm.AnnotationWriter","org.mockito.asm.ClassWriter",51
"1490",18,"mockito","org.mockito.asm.MethodWriter","org.mockito.asm.ByteVector",42
"1491",18,"mockito","org.mockito.asm.MethodWriter","org.mockito.asm.ClassWriter",14
"1492",18,"mockito","org.mockito.asm.tree.analysis.BasicVerifier","org.mockito.asm.tree.analysis.BasicInterpreter",28
"1493",18,"mockito","org.mockito.asm.tree.analysis.BasicVerifier","org.mockito.asm.tree.analysis.SimpleVerifier",14
"1494",18,"mockito","org.mockito.cglib.core.CodeEmitter","org.mockito.cglib.core.TypeUtils",70
"1495",18,"mockito","org.mockito.cglib.core.EmitUtils","org.mockito.cglib.core.CodeEmitter",102
"1496",18,"mockito","org.mockito.cglib.proxy.Enhancer","org.mockito.cglib.core.ReflectUtils",41
"1497",18,"mockito","org.mockito.cglib.proxy.Mixin$Generator","org.mockito.cglib.core.AbstractClassGenerator",9
"1498",18,"mockito","org.mockito.cglib.proxy.Mixin$Generator","org.mockito.cglib.core.ReflectUtils",66
"1499",18,"time","org.joda.time.base.AbstractPartial","org.joda.time.YearMonth",6
"1500",18,"time","org.joda.time.base.BasePeriod","org.joda.time.base.AbstractPeriod",82
"1501",18,"time","org.joda.time.chrono.BasicChronology","org.joda.time.chrono.CopticChronology",18
"1502",18,"time","org.joda.time.chrono.BasicChronology","org.joda.time.chrono.EthiopicChronology",5
"1503",18,"time","org.joda.time.chrono.BasicChronology","org.joda.time.chrono.IslamicChronology",146
"1504",18,"time","org.joda.time.chrono.BasicWeekyearDateTimeField","org.joda.time.chrono.BasicChronology",215
"1505",18,"time","org.joda.time.chrono.CopticChronology","org.joda.time.DateTimeZone",202
"1506",18,"time","org.joda.time.chrono.GJChronology","org.joda.time.chrono.GJChronology$CutoverField",38
"1507",18,"time","org.joda.time.chrono.GJChronology","org.joda.time.chrono.JulianChronology",6
"1508",18,"time","org.joda.time.chrono.ISOChronology","org.joda.time.chrono.AssembledChronology",133
"1509",18,"time","org.joda.time.chrono.ISOChronology","org.joda.time.DateTimeZone",194
"1510",18,"time","org.joda.time.chrono.ZonedChronology","org.joda.time.chrono.AssembledChronology",45
"1511",18,"time","org.joda.time.chrono.ZonedChronology","org.joda.time.DateTimeZone",287
"1512",18,"time","org.joda.time.chrono.ZonedChronology$ZonedDateTimeField","org.joda.time.DateTimeZone",166
"1513",18,"time","org.joda.time.DateTimeUtils","org.joda.time.DateTimeZone",205
"1514",18,"time","org.joda.time.DateTimeZone","org.joda.time.format.FormatUtils",51
"1515",18,"time","org.joda.time.DateTimeZone","org.joda.time.tz.FixedDateTimeZone",20
"1516",18,"time","org.joda.time.Days","org.joda.time.base.BaseSingleFieldPeriod",112
"1517",18,"time","org.joda.time.format.DateTimeFormat","org.joda.time.format.DateTimeFormat$StyleFormatter",17
"1518",18,"time","org.joda.time.format.DateTimeFormatter","org.joda.time.DateTimeZone",105
"1519",18,"time","org.joda.time.format.DateTimeFormatter","org.joda.time.format.DateTimeParserBucket",32
"1520",18,"time","org.joda.time.format.DateTimeFormatterBuilder$PaddedNumber","org.joda.time.format.DateTimeFormatterBuilder",15
"1521",18,"time","org.joda.time.format.DateTimeFormatterBuilder$TextField","org.joda.time.format.DateTimeParserBucket",25
"1522",18,"time","org.joda.time.format.DateTimeFormatterBuilder$TextField","org.joda.time.MutableDateTime",3
"1523",18,"time","org.joda.time.format.DateTimeParserBucket$SavedState","org.joda.time.format.DateTimeParserBucket",15
"1524",18,"time","org.joda.time.format.ISODateTimeFormat","org.joda.time.format.DateTimeFormatterBuilder",23
"1525",18,"time","org.joda.time.Hours","org.joda.time.base.BaseSingleFieldPeriod",123
"1526",18,"time","org.joda.time.LocalDate","org.joda.time.format.ISODateTimeFormat",29
"1527",18,"time","org.joda.time.LocalDateTime","org.joda.time.DateTimeZone",232
"1528",18,"time","org.joda.time.LocalDateTime","org.joda.time.format.DateTimeFormatter",24
"1529",18,"time","org.joda.time.Minutes","org.joda.time.base.BaseSingleFieldPeriod",136
"1530",18,"time","org.joda.time.MutableInterval","org.joda.time.base.BaseInterval",12
"1531",18,"time","org.joda.time.MutablePeriod","org.joda.time.base.BasePeriod",143
"1532",18,"time","org.joda.time.Period","org.joda.time.base.AbstractPeriod",68
"1533",18,"time","org.joda.time.Period","org.joda.time.base.BasePeriod",120
"1534",18,"time","org.joda.time.Period","org.joda.time.PeriodType",626
"1535",18,"time","org.joda.time.Seconds","org.joda.time.base.BaseSingleFieldPeriod",129
"1536",18,"time","org.joda.time.tz.ZoneInfoCompiler","org.joda.time.DateTimeZone",328
"1537",18,"time","org.joda.time.Weeks","org.joda.time.base.BaseSingleFieldPeriod",100
"1538",18,"time","org.joda.time.YearMonthDay","org.joda.time.base.BasePartial",5
"1539",19,"closure","com.google.javascript.rhino.head.IdScriptableObject","com.google.javascript.rhino.head.ScriptableObject",308
"1540",19,"closure","com.google.javascript.rhino.head.IRFactory","com.google.javascript.rhino.head.Parser",22
"1541",19,"closure","com.google.javascript.rhino.head.NativeArray","com.google.javascript.rhino.head.IdScriptableObject",108
"1542",19,"closure","com.google.javascript.rhino.head.NativeArray","com.google.javascript.rhino.head.ScriptableObject",65
"1543",19,"closure","com.google.javascript.rhino.head.regexp.NativeRegExp","com.google.javascript.rhino.head.ScriptRuntime",20
"1544",19,"closure","com.google.javascript.rhino.head.ScriptableObject","com.google.javascript.rhino.head.FunctionObject",18
"1545",19,"closure","com.google.javascript.rhino.head.tools.debugger.Dim","com.google.javascript.rhino.head.ScriptRuntime",35
"1546",19,"closure","com.google.javascript.rhino.jstype.JSType","com.google.javascript.rhino.jstype.UnionType",28
"1547",19,"lang","org.apache.commons.lang3.builder.ReflectionToStringBuilder","org.apache.commons.lang3.builder.ToStringBuilder",1
"1548",19,"lang","org.apache.commons.lang3.concurrent.MultiBackgroundInitializer","org.apache.commons.lang3.concurrent.BackgroundInitializer",37
"1549",19,"lang","org.apache.commons.lang3.text.StrBuilder$StrBuilderReader","org.apache.commons.lang3.text.StrBuilder",10
"1550",19,"lang","org.apache.commons.lang3.text.StrSubstitutor","org.apache.commons.lang3.text.StrBuilder",26
"1551",19,"lang","org.apache.commons.lang3.text.StrTokenizer","org.apache.commons.lang3.text.StrMatcher",19
"1552",19,"lang","org.apache.commons.lang3.text.translate.UnicodeEscaper","org.apache.commons.lang3.text.translate.CharSequenceTranslator",35
"1553",19,"lang","org.apache.commons.lang3.time.DurationFormatUtils","org.apache.commons.lang3.time.DurationFormatUtils$Token",20
"1554",19,"lang","org.apache.commons.lang3.time.FastDateFormat","org.apache.commons.lang3.time.FastDateFormat$TextField",12
"1555",19,"math","org.apache.commons.math.analysis.LaguerreSolver","org.apache.commons.math.complex.Complex",31
"1556",19,"math","org.apache.commons.math.analysis.MullerSolver","org.apache.commons.math.analysis.UnivariateRealSolverImpl",106
"1557",19,"math","org.apache.commons.math.fraction.ProperFractionFormat","org.apache.commons.math.fraction.FractionFormat",4
"1558",19,"math","org.apache.commons.math.geometry.Rotation","org.apache.commons.math.geometry.Vector3D",16
"1559",19,"math","org.apache.commons.math.linear.MatrixUtils","org.apache.commons.math.linear.BigMatrixImpl",1
"1560",19,"math","org.apache.commons.math.ode.AbstractStepInterpolator","org.apache.commons.math.ode.DormandPrince853StepInterpolator",70
"1561",19,"math","org.apache.commons.math.ode.ContinuousOutputModel","org.apache.commons.math.ode.AbstractStepInterpolator",36
"1562",19,"math","org.apache.commons.math.ode.EmbeddedRungeKuttaIntegrator","org.apache.commons.math.ode.DormandPrince853Integrator",12
"1563",19,"math","org.apache.commons.math.ode.GraggBulirschStoerIntegrator","org.apache.commons.math.ode.AdaptiveStepsizeIntegrator",83
"1564",19,"math","org.apache.commons.math.ode.GraggBulirschStoerIntegrator","org.apache.commons.math.ode.SwitchingFunctionsHandler",14
"1565",19,"math","org.apache.commons.math.ode.GraggBulirschStoerStepInterpolator","org.apache.commons.math.ode.AbstractStepInterpolator",28
"1566",19,"math","org.apache.commons.math.ode.SwitchingFunctionsHandler","org.apache.commons.math.ode.SwitchState",72
"1567",19,"math","org.apache.commons.math.ode.SwitchState","org.apache.commons.math.analysis.BrentSolver",43
"1568",19,"math","org.apache.commons.math.optimization.NelderMead","org.apache.commons.math.optimization.DirectSearchOptimizer",135
"1569",19,"math","org.apache.commons.math.stat.inference.TTestImpl","org.apache.commons.math.stat.StatUtils",2
"1570",19,"math","org.apache.commons.math.transform.FastFourierTransformer","org.apache.commons.math.complex.Complex",23
"1571",19,"mockito","org.mockito.asm.AnnotationWriter","org.mockito.asm.ClassWriter",75
"1572",19,"mockito","org.mockito.asm.MethodWriter","org.mockito.asm.ByteVector",41
"1573",19,"mockito","org.mockito.asm.MethodWriter","org.mockito.asm.ClassWriter",12
"1574",19,"mockito","org.mockito.asm.tree.analysis.BasicVerifier","org.mockito.asm.tree.analysis.BasicInterpreter",23
"1575",19,"mockito","org.mockito.asm.tree.analysis.BasicVerifier","org.mockito.asm.tree.analysis.SimpleVerifier",10
"1576",19,"mockito","org.mockito.asm.util.ASMifierClassVisitor","org.mockito.asm.util.ASMifierAbstractVisitor",24
"1577",19,"mockito","org.mockito.cglib.core.ClassEmitter","org.mockito.cglib.transform.impl.InterceptFieldTransformer",8
"1578",19,"mockito","org.mockito.cglib.core.CodeEmitter","org.mockito.cglib.core.TypeUtils",73
"1579",19,"mockito","org.mockito.cglib.core.EmitUtils","org.mockito.cglib.core.CodeEmitter",83
"1580",19,"mockito","org.mockito.cglib.proxy.Enhancer","org.mockito.cglib.core.ReflectUtils",52
"1581",19,"mockito","org.mockito.cglib.proxy.Mixin$Generator","org.mockito.cglib.core.AbstractClassGenerator",6
"1582",19,"mockito","org.mockito.cglib.proxy.Mixin$Generator","org.mockito.cglib.core.ReflectUtils",64
"1583",19,"time","org.joda.time.base.AbstractPartial","org.joda.time.YearMonth",11
"1584",19,"time","org.joda.time.base.BasePeriod","org.joda.time.base.AbstractPeriod",80
"1585",19,"time","org.joda.time.chrono.BasicChronology","org.joda.time.chrono.CopticChronology",18
"1586",19,"time","org.joda.time.chrono.BasicChronology","org.joda.time.chrono.IslamicChronology",139
"1587",19,"time","org.joda.time.chrono.BasicWeekyearDateTimeField","org.joda.time.chrono.BasicChronology",110
"1588",19,"time","org.joda.time.chrono.CopticChronology","org.joda.time.DateTimeZone",177
"1589",19,"time","org.joda.time.chrono.GJChronology","org.joda.time.chrono.GJChronology$CutoverField",32
"1590",19,"time","org.joda.time.chrono.GJChronology","org.joda.time.chrono.JulianChronology",20
"1591",19,"time","org.joda.time.chrono.ISOChronology","org.joda.time.chrono.AssembledChronology",80
"1592",19,"time","org.joda.time.chrono.ISOChronology","org.joda.time.DateTimeZone",207
"1593",19,"time","org.joda.time.chrono.ZonedChronology","org.joda.time.chrono.AssembledChronology",146
"1594",19,"time","org.joda.time.chrono.ZonedChronology$ZonedDateTimeField","org.joda.time.DateTimeZone",216
"1595",19,"time","org.joda.time.DateTimeUtils","org.joda.time.DateTimeZone",140
"1596",19,"time","org.joda.time.DateTimeZone","org.joda.time.format.FormatUtils",47
"1597",19,"time","org.joda.time.DateTimeZone","org.joda.time.tz.FixedDateTimeZone",17
"1598",19,"time","org.joda.time.Days","org.joda.time.base.BaseSingleFieldPeriod",111
"1599",19,"time","org.joda.time.format.DateTimeFormat","org.joda.time.format.DateTimeFormat$StyleFormatter",8
"1600",19,"time","org.joda.time.format.DateTimeFormat","org.joda.time.format.DateTimeFormatterBuilder",5
"1601",19,"time","org.joda.time.format.DateTimeFormatter","org.joda.time.DateTimeZone",106
"1602",19,"time","org.joda.time.format.DateTimeFormatter","org.joda.time.format.DateTimeParserBucket",8
"1603",19,"time","org.joda.time.format.DateTimeFormatterBuilder$PaddedNumber","org.joda.time.format.DateTimeFormatterBuilder",81
"1604",19,"time","org.joda.time.format.DateTimeFormatterBuilder$TextField","org.joda.time.format.DateTimeParserBucket",41
"1605",19,"time","org.joda.time.format.DateTimeFormatterBuilder$TextField","org.joda.time.MutableDateTime",8
"1606",19,"time","org.joda.time.format.DateTimeParserBucket$SavedState","org.joda.time.format.DateTimeParserBucket",16
"1607",19,"time","org.joda.time.format.ISODateTimeFormat","org.joda.time.format.DateTimeFormatterBuilder",23
"1608",19,"time","org.joda.time.Hours","org.joda.time.base.BaseSingleFieldPeriod",77
"1609",19,"time","org.joda.time.LocalDate","org.joda.time.format.ISODateTimeFormat",32
"1610",19,"time","org.joda.time.LocalDateTime","org.joda.time.DateTimeZone",171
"1611",19,"time","org.joda.time.LocalDateTime","org.joda.time.format.DateTimeFormatter",38
"1612",19,"time","org.joda.time.LocalTime$Property","org.joda.time.LocalTime",4
"1613",19,"time","org.joda.time.Minutes","org.joda.time.base.BaseSingleFieldPeriod",141
"1614",19,"time","org.joda.time.MutableInterval","org.joda.time.base.BaseInterval",21
"1615",19,"time","org.joda.time.MutablePeriod","org.joda.time.base.BasePeriod",134
"1616",19,"time","org.joda.time.Period","org.joda.time.base.AbstractPeriod",73
"1617",19,"time","org.joda.time.Period","org.joda.time.base.BasePeriod",150
"1618",19,"time","org.joda.time.Period","org.joda.time.PeriodType",621
"1619",19,"time","org.joda.time.Seconds","org.joda.time.base.BaseSingleFieldPeriod",140
"1620",19,"time","org.joda.time.tz.ZoneInfoCompiler","org.joda.time.DateTimeZone",251
"1621",19,"time","org.joda.time.Weeks","org.joda.time.base.BaseSingleFieldPeriod",117
"1622",19,"time","org.joda.time.YearMonthDay","org.joda.time.base.BasePartial",8
"1623",20,"closure","com.google.javascript.rhino.head.IdScriptableObject","com.google.javascript.rhino.head.ScriptableObject",71
"1624",20,"closure","com.google.javascript.rhino.head.IRFactory","com.google.javascript.rhino.head.Parser",53
"1625",20,"closure","com.google.javascript.rhino.head.NativeArray","com.google.javascript.rhino.head.IdScriptableObject",69
"1626",20,"closure","com.google.javascript.rhino.head.NativeArray","com.google.javascript.rhino.head.ScriptableObject",70
"1627",20,"closure","com.google.javascript.rhino.head.regexp.NativeRegExp","com.google.javascript.rhino.head.ScriptRuntime",38
"1628",20,"closure","com.google.javascript.rhino.head.ScriptableObject","com.google.javascript.rhino.head.FunctionObject",20
"1629",20,"closure","com.google.javascript.rhino.JSDocInfoBuilder","com.google.javascript.rhino.JSDocInfo",332
"1630",20,"closure","com.google.javascript.rhino.jstype.JSType","com.google.javascript.rhino.jstype.ProxyObjectType",4
"1631",20,"closure","com.google.javascript.rhino.jstype.JSType","com.google.javascript.rhino.jstype.UnionType",5
"1632",20,"lang","org.apache.commons.lang3.builder.ToStringBuilder","org.apache.commons.lang3.builder.ToStringStyle",178
"1633",20,"lang","org.apache.commons.lang3.concurrent.MultiBackgroundInitializer","org.apache.commons.lang3.concurrent.BackgroundInitializer",43
"1634",20,"lang","org.apache.commons.lang3.text.StrSubstitutor","org.apache.commons.lang3.text.StrBuilder",15
"1635",20,"lang","org.apache.commons.lang3.text.StrTokenizer","org.apache.commons.lang3.text.StrMatcher",15
"1636",20,"lang","org.apache.commons.lang3.text.translate.UnicodeEscaper","org.apache.commons.lang3.text.translate.CharSequenceTranslator",35
"1637",20,"lang","org.apache.commons.lang3.time.DurationFormatUtils","org.apache.commons.lang3.time.DurationFormatUtils$Token",15
"1638",20,"lang","org.apache.commons.lang3.time.FastDateFormat","org.apache.commons.lang3.time.FastDateFormat$TextField",4
"1639",20,"math","org.apache.commons.math.analysis.LaguerreSolver","org.apache.commons.math.complex.Complex",12
"1640",20,"math","org.apache.commons.math.analysis.MullerSolver","org.apache.commons.math.analysis.UnivariateRealSolverImpl",106
"1641",20,"math","org.apache.commons.math.fraction.ProperFractionFormat","org.apache.commons.math.fraction.FractionFormat",2
"1642",20,"math","org.apache.commons.math.geometry.Rotation","org.apache.commons.math.geometry.Vector3D",4
"1643",20,"math","org.apache.commons.math.linear.MatrixUtils","org.apache.commons.math.linear.BigMatrixImpl",4
"1644",20,"math","org.apache.commons.math.ode.AbstractStepInterpolator","org.apache.commons.math.ode.DormandPrince853StepInterpolator",66
"1645",20,"math","org.apache.commons.math.ode.ContinuousOutputModel","org.apache.commons.math.ode.AbstractStepInterpolator",44
"1646",20,"math","org.apache.commons.math.ode.EmbeddedRungeKuttaIntegrator","org.apache.commons.math.ode.DormandPrince853Integrator",10
"1647",20,"math","org.apache.commons.math.ode.EmbeddedRungeKuttaIntegrator","org.apache.commons.math.ode.HighamHall54Integrator",9
"1648",20,"math","org.apache.commons.math.ode.GraggBulirschStoerIntegrator","org.apache.commons.math.ode.AdaptiveStepsizeIntegrator",88
"1649",20,"math","org.apache.commons.math.ode.GraggBulirschStoerIntegrator","org.apache.commons.math.ode.SwitchingFunctionsHandler",5
"1650",20,"math","org.apache.commons.math.ode.GraggBulirschStoerStepInterpolator","org.apache.commons.math.ode.AbstractStepInterpolator",34
"1651",20,"math","org.apache.commons.math.ode.SwitchingFunctionsHandler","org.apache.commons.math.ode.SwitchState",58
"1652",20,"math","org.apache.commons.math.ode.SwitchState","org.apache.commons.math.analysis.BrentSolver",49
"1653",20,"math","org.apache.commons.math.optimization.NelderMead","org.apache.commons.math.optimization.DirectSearchOptimizer",107
"1654",20,"math","org.apache.commons.math.stat.descriptive.AbstractStorelessUnivariateStatistic","org.apache.commons.math.stat.descriptive.moment.Variance",1
"1655",20,"math","org.apache.commons.math.transform.FastFourierTransformer","org.apache.commons.math.complex.Complex",27
"1656",20,"mockito","org.mockito.asm.AnnotationWriter","org.mockito.asm.ClassWriter",60
"1657",20,"mockito","org.mockito.asm.MethodWriter","org.mockito.asm.ByteVector",25
"1658",20,"mockito","org.mockito.asm.MethodWriter","org.mockito.asm.ClassWriter",11
"1659",20,"mockito","org.mockito.asm.tree.analysis.BasicVerifier","org.mockito.asm.tree.analysis.BasicInterpreter",40
"1660",20,"mockito","org.mockito.asm.tree.analysis.BasicVerifier","org.mockito.asm.tree.analysis.SimpleVerifier",8
"1661",20,"mockito","org.mockito.asm.util.ASMifierClassVisitor","org.mockito.asm.util.ASMifierAbstractVisitor",24
"1662",20,"mockito","org.mockito.cglib.core.CodeEmitter","org.mockito.cglib.core.TypeUtils",74
"1663",20,"mockito","org.mockito.cglib.core.EmitUtils","org.mockito.cglib.core.CodeEmitter",45
"1664",20,"mockito","org.mockito.cglib.proxy.Enhancer","org.mockito.cglib.core.CodeEmitter",240
"1665",20,"mockito","org.mockito.cglib.proxy.Enhancer","org.mockito.cglib.core.ReflectUtils",52
"1666",20,"mockito","org.mockito.cglib.proxy.Mixin$Generator","org.mockito.cglib.core.AbstractClassGenerator",4
"1667",20,"mockito","org.mockito.cglib.proxy.Mixin$Generator","org.mockito.cglib.core.ReflectUtils",62
"1668",20,"time","org.joda.time.base.AbstractPartial","org.joda.time.MonthDay",5
"1669",20,"time","org.joda.time.base.AbstractPartial","org.joda.time.YearMonth",21
"1670",20,"time","org.joda.time.base.BasePeriod","org.joda.time.base.AbstractPeriod",62
"1671",20,"time","org.joda.time.chrono.BasicChronology","org.joda.time.chrono.IslamicChronology",32
"1672",20,"time","org.joda.time.chrono.BasicWeekyearDateTimeField","org.joda.time.chrono.BasicChronology",139
"1673",20,"time","org.joda.time.chrono.CopticChronology","org.joda.time.DateTimeZone",207
"1674",20,"time","org.joda.time.chrono.GJChronology","org.joda.time.chrono.JulianChronology",13
"1675",20,"time","org.joda.time.chrono.ISOChronology","org.joda.time.chrono.AssembledChronology",150
"1676",20,"time","org.joda.time.chrono.ZonedChronology","org.joda.time.chrono.AssembledChronology",69
"1677",20,"time","org.joda.time.chrono.ZonedChronology","org.joda.time.DateTimeZone",187
"1678",20,"time","org.joda.time.chrono.ZonedChronology$ZonedDateTimeField","org.joda.time.DateTimeZone",152
"1679",20,"time","org.joda.time.DateTimeUtils","org.joda.time.DateTimeZone",160
"1680",20,"time","org.joda.time.DateTimeZone","org.joda.time.format.FormatUtils",36
"1681",20,"time","org.joda.time.DateTimeZone","org.joda.time.tz.FixedDateTimeZone",20
"1682",20,"time","org.joda.time.Days","org.joda.time.base.BaseSingleFieldPeriod",121
"1683",20,"time","org.joda.time.format.DateTimeFormat","org.joda.time.format.DateTimeFormat$StyleFormatter",19
"1684",20,"time","org.joda.time.format.DateTimeFormat","org.joda.time.format.DateTimeFormatterBuilder",2
"1685",20,"time","org.joda.time.format.DateTimeFormatter","org.joda.time.DateTimeZone",85
"1686",20,"time","org.joda.time.format.DateTimeFormatter","org.joda.time.format.DateTimeParserBucket",12
"1687",20,"time","org.joda.time.format.DateTimeFormatterBuilder$PaddedNumber","org.joda.time.format.DateTimeFormatterBuilder",4
"1688",20,"time","org.joda.time.format.DateTimeFormatterBuilder$TextField","org.joda.time.format.DateTimeParserBucket",12
"1689",20,"time","org.joda.time.format.DateTimeParserBucket$SavedState","org.joda.time.format.DateTimeParserBucket",16
"1690",20,"time","org.joda.time.format.ISODateTimeFormat","org.joda.time.format.DateTimeFormatterBuilder",23
"1691",20,"time","org.joda.time.Hours","org.joda.time.base.BaseSingleFieldPeriod",93
"1692",20,"time","org.joda.time.LocalDate","org.joda.time.format.ISODateTimeFormat",32
"1693",20,"time","org.joda.time.LocalDateTime","org.joda.time.format.DateTimeFormatter",43
"1694",20,"time","org.joda.time.Minutes","org.joda.time.base.BaseSingleFieldPeriod",109
"1695",20,"time","org.joda.time.MutableInterval","org.joda.time.base.BaseInterval",10
"1696",20,"time","org.joda.time.MutablePeriod","org.joda.time.base.BasePeriod",153
"1697",20,"time","org.joda.time.Period","org.joda.time.base.AbstractPeriod",76
"1698",20,"time","org.joda.time.Period","org.joda.time.base.BasePeriod",117
"1699",20,"time","org.joda.time.Period","org.joda.time.PeriodType",619
"1700",20,"time","org.joda.time.Seconds","org.joda.time.base.BaseSingleFieldPeriod",120
"1701",20,"time","org.joda.time.tz.ZoneInfoCompiler","org.joda.time.DateTimeZone",171
"1702",20,"time","org.joda.time.Weeks","org.joda.time.base.BaseSingleFieldPeriod",112
"1703",20,"time","org.joda.time.YearMonthDay","org.joda.time.base.BasePartial",15
