FunctionType.java,com.google.javascript.rhino.jstype.FunctionType,org.pitest.mutationtest.engine.gregor.mutators.ConstructorCallMutator,<init>,168,KILLED,com.google.javascript.rhino.jstype.FunctionType_ESTest.test70
FunctionType.java,com.google.javascript.rhino.jstype.FunctionType,org.pitest.mutationtest.engine.gregor.mutators.ConstructorCallMutator,<init>,168,KILLED,com.google.javascript.rhino.jstype.FunctionType_ESTest.test79
FunctionType.java,com.google.javascript.rhino.jstype.FunctionType,org.pitest.mutationtest.engine.gregor.mutators.ConstructorCallMutator,<init>,170,KILLED,com.google.javascript.rhino.jstype.FunctionType_ESTest.test36
FunctionType.java,com.google.javascript.rhino.jstype.FunctionType,org.pitest.mutationtest.engine.gregor.mutators.InlineConstantMutator,<init>,162,KILLED,com.google.javascript.rhino.jstype.FunctionType_ESTest.test17
FunctionType.java,com.google.javascript.rhino.jstype.FunctionType,org.pitest.mutationtest.engine.gregor.mutators.InlineConstantMutator,<init>,164,KILLED,com.google.javascript.rhino.jstype.FunctionType_ESTest.test79
FunctionType.java,com.google.javascript.rhino.jstype.FunctionType,org.pitest.mutationtest.engine.gregor.mutators.InlineConstantMutator,<init>,164,KILLED,com.google.javascript.rhino.jstype.FunctionType_ESTest.test79
FunctionType.java,com.google.javascript.rhino.jstype.FunctionType,org.pitest.mutationtest.engine.gregor.mutators.InlineConstantMutator,<init>,164,KILLED,com.google.javascript.rhino.jstype.FunctionType_ESTest.test78
FunctionType.java,com.google.javascript.rhino.jstype.FunctionType,org.pitest.mutationtest.engine.gregor.mutators.InlineConstantMutator,<init>,166,KILLED,com.google.javascript.rhino.jstype.FunctionType_ESTest.test79
FunctionType.java,com.google.javascript.rhino.jstype.FunctionType,org.pitest.mutationtest.engine.gregor.mutators.InlineConstantMutator,<init>,166,KILLED,com.google.javascript.rhino.jstype.FunctionType_ESTest.test77
FunctionType.java,com.google.javascript.rhino.jstype.FunctionType,org.pitest.mutationtest.engine.gregor.mutators.InlineConstantMutator,<init>,168,SURVIVED,none
FunctionType.java,com.google.javascript.rhino.jstype.FunctionType,org.pitest.mutationtest.engine.gregor.mutators.NegateConditionalsMutator,<init>,164,KILLED,com.google.javascript.rhino.jstype.FunctionType_ESTest.test77
FunctionType.java,com.google.javascript.rhino.jstype.FunctionType,org.pitest.mutationtest.engine.gregor.mutators.NegateConditionalsMutator,<init>,164,KILLED,com.google.javascript.rhino.jstype.FunctionType_ESTest.test79
FunctionType.java,com.google.javascript.rhino.jstype.FunctionType,org.pitest.mutationtest.engine.gregor.mutators.NegateConditionalsMutator,<init>,166,KILLED,com.google.javascript.rhino.jstype.FunctionType_ESTest.test77
FunctionType.java,com.google.javascript.rhino.jstype.FunctionType,org.pitest.mutationtest.engine.gregor.mutators.NonVoidMethodCallMutator,<init>,160,SURVIVED,none
FunctionType.java,com.google.javascript.rhino.jstype.FunctionType,org.pitest.mutationtest.engine.gregor.mutators.NonVoidMethodCallMutator,<init>,111,KILLED,com.google.javascript.rhino.jstype.FunctionType_ESTest.test55
FunctionType.java,com.google.javascript.rhino.jstype.FunctionType,org.pitest.mutationtest.engine.gregor.mutators.NonVoidMethodCallMutator,<init>,117,KILLED,com.google.javascript.rhino.jstype.FunctionType_ESTest.test79
FunctionType.java,com.google.javascript.rhino.jstype.FunctionType,org.pitest.mutationtest.engine.gregor.mutators.NonVoidMethodCallMutator,<init>,164,KILLED,com.google.javascript.rhino.jstype.FunctionType_ESTest.test79
FunctionType.java,com.google.javascript.rhino.jstype.FunctionType,org.pitest.mutationtest.engine.gregor.mutators.NonVoidMethodCallMutator,<init>,171,KILLED,com.google.javascript.rhino.jstype.FunctionType_ESTest.test89
FunctionType.java,com.google.javascript.rhino.jstype.FunctionType,org.pitest.mutationtest.engine.gregor.mutators.RemoveConditionalMutator_EQUAL_ELSE,<init>,164,KILLED,com.google.javascript.rhino.jstype.FunctionType_ESTest.test78
FunctionType.java,com.google.javascript.rhino.jstype.FunctionType,org.pitest.mutationtest.engine.gregor.mutators.RemoveConditionalMutator_EQUAL_ELSE,<init>,164,KILLED,com.google.javascript.rhino.jstype.FunctionType_ESTest.test79
FunctionType.java,com.google.javascript.rhino.jstype.FunctionType,org.pitest.mutationtest.engine.gregor.mutators.RemoveConditionalMutator_EQUAL_ELSE,<init>,166,KILLED,com.google.javascript.rhino.jstype.FunctionType_ESTest.test79
FunctionType.java,com.google.javascript.rhino.jstype.FunctionType,org.pitest.mutationtest.engine.gregor.mutators.RemoveConditionalMutator_EQUAL_IF,<init>,164,KILLED,com.google.javascript.rhino.jstype.FunctionType_ESTest.test77
FunctionType.java,com.google.javascript.rhino.jstype.FunctionType,org.pitest.mutationtest.engine.gregor.mutators.RemoveConditionalMutator_EQUAL_IF,<init>,164,KILLED,com.google.javascript.rhino.jstype.FunctionType_ESTest.test78
FunctionType.java,com.google.javascript.rhino.jstype.FunctionType,org.pitest.mutationtest.engine.gregor.mutators.RemoveConditionalMutator_EQUAL_IF,<init>,166,KILLED,com.google.javascript.rhino.jstype.FunctionType_ESTest.test77
FunctionType.java,com.google.javascript.rhino.jstype.FunctionType,org.pitest.mutationtest.engine.gregor.mutators.VoidMethodCallMutator,<init>,162,KILLED,com.google.javascript.rhino.jstype.FunctionType_ESTest.test17
FunctionType.java,com.google.javascript.rhino.jstype.FunctionType,org.pitest.mutationtest.engine.gregor.mutators.VoidMethodCallMutator,<init>,164,KILLED,com.google.javascript.rhino.jstype.FunctionType_ESTest.test78
FunctionType.java,com.google.javascript.rhino.jstype.FunctionType,org.pitest.mutationtest.engine.gregor.mutators.VoidMethodCallMutator,<init>,166,KILLED,com.google.javascript.rhino.jstype.FunctionType_ESTest.test77
FunctionType.java,com.google.javascript.rhino.jstype.FunctionType,org.pitest.mutationtest.engine.gregor.mutators.experimental.MemberVariableMutator,<init>,111,KILLED,com.google.javascript.rhino.jstype.FunctionType_ESTest.test55
FunctionType.java,com.google.javascript.rhino.jstype.FunctionType,org.pitest.mutationtest.engine.gregor.mutators.experimental.MemberVariableMutator,<init>,117,KILLED,com.google.javascript.rhino.jstype.FunctionType_ESTest.test79
FunctionType.java,com.google.javascript.rhino.jstype.FunctionType,org.pitest.mutationtest.engine.gregor.mutators.experimental.MemberVariableMutator,<init>,167,KILLED,com.google.javascript.rhino.jstype.FunctionType_ESTest.test79
FunctionType.java,com.google.javascript.rhino.jstype.FunctionType,org.pitest.mutationtest.engine.gregor.mutators.experimental.MemberVariableMutator,<init>,168,KILLED,com.google.javascript.rhino.jstype.FunctionType_ESTest.test79
FunctionType.java,com.google.javascript.rhino.jstype.FunctionType,org.pitest.mutationtest.engine.gregor.mutators.experimental.MemberVariableMutator,<init>,169,KILLED,com.google.javascript.rhino.jstype.FunctionType_ESTest.test79
FunctionType.java,com.google.javascript.rhino.jstype.FunctionType,org.pitest.mutationtest.engine.gregor.mutators.experimental.MemberVariableMutator,<init>,170,KILLED,com.google.javascript.rhino.jstype.FunctionType_ESTest.test36
FunctionType.java,com.google.javascript.rhino.jstype.FunctionType,org.pitest.mutationtest.engine.gregor.mutators.experimental.MemberVariableMutator,<init>,171,KILLED,com.google.javascript.rhino.jstype.FunctionType_ESTest.test89
FunctionType.java,com.google.javascript.rhino.jstype.FunctionType,org.pitest.mutationtest.engine.gregor.mutators.ArgumentPropagationMutator,<init>,142,SURVIVED,none
FunctionType.java,com.google.javascript.rhino.jstype.FunctionType,org.pitest.mutationtest.engine.gregor.mutators.ConstructorCallMutator,<init>,146,KILLED,com.google.javascript.rhino.jstype.FunctionType_ESTest.test90
FunctionType.java,com.google.javascript.rhino.jstype.FunctionType,org.pitest.mutationtest.engine.gregor.mutators.InlineConstantMutator,<init>,138,KILLED,com.google.javascript.rhino.jstype.FunctionType_ESTest.test16
FunctionType.java,com.google.javascript.rhino.jstype.FunctionType,org.pitest.mutationtest.engine.gregor.mutators.InlineConstantMutator,<init>,140,KILLED,com.google.javascript.rhino.jstype.FunctionType_ESTest.test80
FunctionType.java,com.google.javascript.rhino.jstype.FunctionType,org.pitest.mutationtest.engine.gregor.mutators.InlineConstantMutator,<init>,140,KILLED,com.google.javascript.rhino.jstype.FunctionType_ESTest.test90
FunctionType.java,com.google.javascript.rhino.jstype.FunctionType,org.pitest.mutationtest.engine.gregor.mutators.InlineConstantMutator,<init>,140,KILLED,com.google.javascript.rhino.jstype.FunctionType_ESTest.test81
FunctionType.java,com.google.javascript.rhino.jstype.FunctionType,org.pitest.mutationtest.engine.gregor.mutators.NegateConditionalsMutator,<init>,140,KILLED,com.google.javascript.rhino.jstype.FunctionType_ESTest.test90
FunctionType.java,com.google.javascript.rhino.jstype.FunctionType,org.pitest.mutationtest.engine.gregor.mutators.NegateConditionalsMutator,<init>,140,KILLED,com.google.javascript.rhino.jstype.FunctionType_ESTest.test80
FunctionType.java,com.google.javascript.rhino.jstype.FunctionType,org.pitest.mutationtest.engine.gregor.mutators.NegateConditionalsMutator,<init>,144,KILLED,com.google.javascript.rhino.jstype.FunctionType_ESTest.test90
FunctionType.java,com.google.javascript.rhino.jstype.FunctionType,org.pitest.mutationtest.engine.gregor.mutators.NegateConditionalsMutator,<init>,145,KILLED,com.google.javascript.rhino.jstype.JSType_ESTest.test033
FunctionType.java,com.google.javascript.rhino.jstype.FunctionType,org.pitest.mutationtest.engine.gregor.mutators.NegateConditionalsMutator,<init>,146,KILLED,com.google.javascript.rhino.jstype.FunctionType_ESTest.test90
FunctionType.java,com.google.javascript.rhino.jstype.FunctionType,org.pitest.mutationtest.engine.gregor.mutators.NegateConditionalsMutator,<init>,149,KILLED,com.google.javascript.rhino.jstype.JSType_ESTest.test037
FunctionType.java,com.google.javascript.rhino.jstype.FunctionType,org.pitest.mutationtest.engine.gregor.mutators.NegateConditionalsMutator,<init>,154,KILLED,com.google.javascript.rhino.jstype.JSType_ESTest.test021
FunctionType.java,com.google.javascript.rhino.jstype.FunctionType,org.pitest.mutationtest.engine.gregor.mutators.NonVoidMethodCallMutator,<init>,135,SURVIVED,none
FunctionType.java,com.google.javascript.rhino.jstype.FunctionType,org.pitest.mutationtest.engine.gregor.mutators.NonVoidMethodCallMutator,<init>,111,KILLED,com.google.javascript.rhino.jstype.FunctionType_ESTest.test83
FunctionType.java,com.google.javascript.rhino.jstype.FunctionType,org.pitest.mutationtest.engine.gregor.mutators.NonVoidMethodCallMutator,<init>,117,KILLED,com.google.javascript.rhino.jstype.FunctionType_ESTest.test90
FunctionType.java,com.google.javascript.rhino.jstype.FunctionType,org.pitest.mutationtest.engine.gregor.mutators.NonVoidMethodCallMutator,<init>,140,KILLED,com.google.javascript.rhino.jstype.FunctionType_ESTest.test80
FunctionType.java,com.google.javascript.rhino.jstype.FunctionType,org.pitest.mutationtest.engine.gregor.mutators.NonVoidMethodCallMutator,<init>,142,SURVIVED,none
FunctionType.java,com.google.javascript.rhino.jstype.FunctionType,org.pitest.mutationtest.engine.gregor.mutators.NonVoidMethodCallMutator,<init>,149,KILLED,com.google.javascript.rhino.jstype.JSType_ESTest.test037
FunctionType.java,com.google.javascript.rhino.jstype.FunctionType,org.pitest.mutationtest.engine.gregor.mutators.NonVoidMethodCallMutator,<init>,154,KILLED,com.google.javascript.rhino.jstype.JSType_ESTest.test021
FunctionType.java,com.google.javascript.rhino.jstype.FunctionType,org.pitest.mutationtest.engine.gregor.mutators.RemoveConditionalMutator_EQUAL_ELSE,<init>,140,KILLED,com.google.javascript.rhino.jstype.FunctionType_ESTest.test81
FunctionType.java,com.google.javascript.rhino.jstype.FunctionType,org.pitest.mutationtest.engine.gregor.mutators.RemoveConditionalMutator_EQUAL_ELSE,<init>,140,KILLED,com.google.javascript.rhino.jstype.FunctionType_ESTest.test80
FunctionType.java,com.google.javascript.rhino.jstype.FunctionType,org.pitest.mutationtest.engine.gregor.mutators.RemoveConditionalMutator_EQUAL_ELSE,<init>,144,KILLED,com.google.javascript.rhino.jstype.FunctionType_ESTest.test90
FunctionType.java,com.google.javascript.rhino.jstype.FunctionType,org.pitest.mutationtest.engine.gregor.mutators.RemoveConditionalMutator_EQUAL_ELSE,<init>,145,KILLED,com.google.javascript.rhino.jstype.JSType_ESTest.test033
FunctionType.java,com.google.javascript.rhino.jstype.FunctionType,org.pitest.mutationtest.engine.gregor.mutators.RemoveConditionalMutator_EQUAL_ELSE,<init>,146,KILLED,com.google.javascript.rhino.jstype.FunctionType_ESTest.test13
FunctionType.java,com.google.javascript.rhino.jstype.FunctionType,org.pitest.mutationtest.engine.gregor.mutators.RemoveConditionalMutator_EQUAL_ELSE,<init>,149,SURVIVED,none
FunctionType.java,com.google.javascript.rhino.jstype.FunctionType,org.pitest.mutationtest.engine.gregor.mutators.RemoveConditionalMutator_EQUAL_ELSE,<init>,154,SURVIVED,none
FunctionType.java,com.google.javascript.rhino.jstype.FunctionType,org.pitest.mutationtest.engine.gregor.mutators.RemoveConditionalMutator_EQUAL_IF,<init>,140,KILLED,com.google.javascript.rhino.jstype.FunctionType_ESTest.test90
FunctionType.java,com.google.javascript.rhino.jstype.FunctionType,org.pitest.mutationtest.engine.gregor.mutators.RemoveConditionalMutator_EQUAL_IF,<init>,140,KILLED,com.google.javascript.rhino.jstype.FunctionType_ESTest.test81
FunctionType.java,com.google.javascript.rhino.jstype.FunctionType,org.pitest.mutationtest.engine.gregor.mutators.RemoveConditionalMutator_EQUAL_IF,<init>,144,KILLED,com.google.javascript.rhino.jstype.FunctionType_ESTest.test71
FunctionType.java,com.google.javascript.rhino.jstype.FunctionType,org.pitest.mutationtest.engine.gregor.mutators.RemoveConditionalMutator_EQUAL_IF,<init>,145,KILLED,com.google.javascript.rhino.jstype.FunctionType_ESTest.test41
FunctionType.java,com.google.javascript.rhino.jstype.FunctionType,org.pitest.mutationtest.engine.gregor.mutators.RemoveConditionalMutator_EQUAL_IF,<init>,146,KILLED,com.google.javascript.rhino.jstype.FunctionType_ESTest.test90
FunctionType.java,com.google.javascript.rhino.jstype.FunctionType,org.pitest.mutationtest.engine.gregor.mutators.RemoveConditionalMutator_EQUAL_IF,<init>,149,KILLED,com.google.javascript.rhino.jstype.JSType_ESTest.test037
FunctionType.java,com.google.javascript.rhino.jstype.FunctionType,org.pitest.mutationtest.engine.gregor.mutators.RemoveConditionalMutator_EQUAL_IF,<init>,154,KILLED,com.google.javascript.rhino.jstype.JSType_ESTest.test021
FunctionType.java,com.google.javascript.rhino.jstype.FunctionType,org.pitest.mutationtest.engine.gregor.mutators.VoidMethodCallMutator,<init>,138,KILLED,com.google.javascript.rhino.jstype.FunctionType_ESTest.test16
FunctionType.java,com.google.javascript.rhino.jstype.FunctionType,org.pitest.mutationtest.engine.gregor.mutators.VoidMethodCallMutator,<init>,140,KILLED,com.google.javascript.rhino.jstype.FunctionType_ESTest.test81
FunctionType.java,com.google.javascript.rhino.jstype.FunctionType,org.pitest.mutationtest.engine.gregor.mutators.experimental.MemberVariableMutator,<init>,111,KILLED,com.google.javascript.rhino.jstype.FunctionType_ESTest.test83
FunctionType.java,com.google.javascript.rhino.jstype.FunctionType,org.pitest.mutationtest.engine.gregor.mutators.experimental.MemberVariableMutator,<init>,117,KILLED,com.google.javascript.rhino.jstype.FunctionType_ESTest.test90
FunctionType.java,com.google.javascript.rhino.jstype.FunctionType,org.pitest.mutationtest.engine.gregor.mutators.experimental.MemberVariableMutator,<init>,143,KILLED,com.google.javascript.rhino.jstype.FunctionType_ESTest.test80
FunctionType.java,com.google.javascript.rhino.jstype.FunctionType,org.pitest.mutationtest.engine.gregor.mutators.experimental.MemberVariableMutator,<init>,144,KILLED,com.google.javascript.rhino.jstype.FunctionType_ESTest.test90
FunctionType.java,com.google.javascript.rhino.jstype.FunctionType,org.pitest.mutationtest.engine.gregor.mutators.experimental.MemberVariableMutator,<init>,146,KILLED,com.google.javascript.rhino.jstype.FunctionType_ESTest.test90
FunctionType.java,com.google.javascript.rhino.jstype.FunctionType,org.pitest.mutationtest.engine.gregor.mutators.experimental.MemberVariableMutator,<init>,149,KILLED,com.google.javascript.rhino.jstype.JSType_ESTest.test037
FunctionType.java,com.google.javascript.rhino.jstype.FunctionType,org.pitest.mutationtest.engine.gregor.mutators.experimental.MemberVariableMutator,<init>,153,KILLED,com.google.javascript.rhino.jstype.FunctionType_ESTest.test90
FunctionType.java,com.google.javascript.rhino.jstype.FunctionType,org.pitest.mutationtest.engine.gregor.mutators.experimental.MemberVariableMutator,<init>,154,KILLED,com.google.javascript.rhino.jstype.JSType_ESTest.test021
FunctionType.java,com.google.javascript.rhino.jstype.FunctionType,org.pitest.mutationtest.engine.gregor.mutators.NegateConditionalsMutator,addRelatedExtendedInterfaces,502,KILLED,com.google.javascript.rhino.jstype.FunctionType_ESTest.test53
FunctionType.java,com.google.javascript.rhino.jstype.FunctionType,org.pitest.mutationtest.engine.gregor.mutators.NonVoidMethodCallMutator,addRelatedExtendedInterfaces,501,KILLED,com.google.javascript.rhino.jstype.FunctionType_ESTest.test54
FunctionType.java,com.google.javascript.rhino.jstype.FunctionType,org.pitest.mutationtest.engine.gregor.mutators.NonVoidMethodCallMutator,addRelatedExtendedInterfaces,503,SURVIVED,none
FunctionType.java,com.google.javascript.rhino.jstype.FunctionType,org.pitest.mutationtest.engine.gregor.mutators.NonVoidMethodCallMutator,addRelatedExtendedInterfaces,505,KILLED,com.google.javascript.rhino.jstype.FunctionType_ESTest.test54
FunctionType.java,com.google.javascript.rhino.jstype.FunctionType,org.pitest.mutationtest.engine.gregor.mutators.RemoveConditionalMutator_EQUAL_ELSE,addRelatedExtendedInterfaces,502,KILLED,com.google.javascript.rhino.jstype.FunctionType_ESTest.test54
FunctionType.java,com.google.javascript.rhino.jstype.FunctionType,org.pitest.mutationtest.engine.gregor.mutators.RemoveConditionalMutator_EQUAL_IF,addRelatedExtendedInterfaces,502,KILLED,com.google.javascript.rhino.jstype.FunctionType_ESTest.test53
FunctionType.java,com.google.javascript.rhino.jstype.FunctionType,org.pitest.mutationtest.engine.gregor.mutators.VoidMethodCallMutator,addRelatedExtendedInterfaces,506,KILLED,com.google.javascript.rhino.jstype.FunctionType_ESTest.test54
FunctionType.java,com.google.javascript.rhino.jstype.FunctionType,org.pitest.mutationtest.engine.gregor.mutators.NegateConditionalsMutator,addRelatedInterfaces,445,KILLED,com.google.javascript.rhino.jstype.FunctionType_ESTest.test57
FunctionType.java,com.google.javascript.rhino.jstype.FunctionType,org.pitest.mutationtest.engine.gregor.mutators.NegateConditionalsMutator,addRelatedInterfaces,446,KILLED,com.google.javascript.rhino.jstype.FunctionType_ESTest.test56
FunctionType.java,com.google.javascript.rhino.jstype.FunctionType,org.pitest.mutationtest.engine.gregor.mutators.NonVoidMethodCallMutator,addRelatedInterfaces,444,KILLED,com.google.javascript.rhino.jstype.FunctionType_ESTest.test56
FunctionType.java,com.google.javascript.rhino.jstype.FunctionType,org.pitest.mutationtest.engine.gregor.mutators.NonVoidMethodCallMutator,addRelatedInterfaces,446,KILLED,com.google.javascript.rhino.jstype.FunctionType_ESTest.test56
FunctionType.java,com.google.javascript.rhino.jstype.FunctionType,org.pitest.mutationtest.engine.gregor.mutators.NonVoidMethodCallMutator,addRelatedInterfaces,450,SURVIVED,none
FunctionType.java,com.google.javascript.rhino.jstype.FunctionType,org.pitest.mutationtest.engine.gregor.mutators.NonVoidMethodCallMutator,addRelatedInterfaces,452,KILLED,com.google.javascript.rhino.jstype.FunctionType_ESTest.test56
FunctionType.java,com.google.javascript.rhino.jstype.FunctionType,org.pitest.mutationtest.engine.gregor.mutators.RemoveConditionalMutator_EQUAL_ELSE,addRelatedInterfaces,445,KILLED,com.google.javascript.rhino.jstype.FunctionType_ESTest.test56
FunctionType.java,com.google.javascript.rhino.jstype.FunctionType,org.pitest.mutationtest.engine.gregor.mutators.RemoveConditionalMutator_EQUAL_ELSE,addRelatedInterfaces,446,SURVIVED,none
FunctionType.java,com.google.javascript.rhino.jstype.FunctionType,org.pitest.mutationtest.engine.gregor.mutators.RemoveConditionalMutator_EQUAL_IF,addRelatedInterfaces,445,KILLED,com.google.javascript.rhino.jstype.FunctionType_ESTest.test57
FunctionType.java,com.google.javascript.rhino.jstype.FunctionType,org.pitest.mutationtest.engine.gregor.mutators.RemoveConditionalMutator_EQUAL_IF,addRelatedInterfaces,446,KILLED,com.google.javascript.rhino.jstype.FunctionType_ESTest.test56
FunctionType.java,com.google.javascript.rhino.jstype.FunctionType,org.pitest.mutationtest.engine.gregor.mutators.VoidMethodCallMutator,addRelatedInterfaces,453,KILLED,com.google.javascript.rhino.jstype.FunctionType_ESTest.test56
FunctionType.java,com.google.javascript.rhino.jstype.FunctionType,org.pitest.mutationtest.engine.gregor.mutators.NegateConditionalsMutator,addSubType,1059,KILLED,com.google.javascript.rhino.jstype.FunctionType_ESTest.test90
FunctionType.java,com.google.javascript.rhino.jstype.FunctionType,org.pitest.mutationtest.engine.gregor.mutators.NonVoidMethodCallMutator,addSubType,1060,KILLED,com.google.javascript.rhino.jstype.FunctionType_ESTest.test90
FunctionType.java,com.google.javascript.rhino.jstype.FunctionType,org.pitest.mutationtest.engine.gregor.mutators.NonVoidMethodCallMutator,addSubType,1062,SURVIVED,none
FunctionType.java,com.google.javascript.rhino.jstype.FunctionType,org.pitest.mutationtest.engine.gregor.mutators.RemoveConditionalMutator_EQUAL_ELSE,addSubType,1059,KILLED,com.google.javascript.rhino.jstype.FunctionType_ESTest.test90
FunctionType.java,com.google.javascript.rhino.jstype.FunctionType,org.pitest.mutationtest.engine.gregor.mutators.RemoveConditionalMutator_EQUAL_IF,addSubType,1059,SURVIVED,none
FunctionType.java,com.google.javascript.rhino.jstype.FunctionType,org.pitest.mutationtest.engine.gregor.mutators.experimental.MemberVariableMutator,addSubType,1060,KILLED,com.google.javascript.rhino.jstype.FunctionType_ESTest.test90
FunctionType.java,com.google.javascript.rhino.jstype.FunctionType,org.pitest.mutationtest.engine.gregor.mutators.NegateConditionalsMutator,appendArgString,912,KILLED,com.google.javascript.rhino.jstype.FunctionType_ESTest.test16
FunctionType.java,com.google.javascript.rhino.jstype.FunctionType,org.pitest.mutationtest.engine.gregor.mutators.NegateConditionalsMutator,appendArgString,914,KILLED,com.google.javascript.rhino.jstype.FunctionType_ESTest.test16
FunctionType.java,com.google.javascript.rhino.jstype.FunctionType,org.pitest.mutationtest.engine.gregor.mutators.NonVoidMethodCallMutator,appendArgString,912,KILLED,com.google.javascript.rhino.jstype.FunctionType_ESTest.test16
FunctionType.java,com.google.javascript.rhino.jstype.FunctionType,org.pitest.mutationtest.engine.gregor.mutators.NonVoidMethodCallMutator,appendArgString,913,KILLED,com.google.javascript.rhino.jstype.FunctionType_ESTest.test67
FunctionType.java,com.google.javascript.rhino.jstype.FunctionType,org.pitest.mutationtest.engine.gregor.mutators.NonVoidMethodCallMutator,appendArgString,914,KILLED,com.google.javascript.rhino.jstype.FunctionType_ESTest.test19
FunctionType.java,com.google.javascript.rhino.jstype.FunctionType,org.pitest.mutationtest.engine.gregor.mutators.NonVoidMethodCallMutator,appendArgString,915,KILLED,com.google.javascript.rhino.jstype.FunctionType_ESTest.test67
FunctionType.java,com.google.javascript.rhino.jstype.FunctionType,org.pitest.mutationtest.engine.gregor.mutators.NonVoidMethodCallMutator,appendArgString,917,KILLED,com.google.javascript.rhino.jstype.FunctionType_ESTest.test67
FunctionType.java,com.google.javascript.rhino.jstype.FunctionType,org.pitest.mutationtest.engine.gregor.mutators.NonVoidMethodCallMutator,appendArgString,917,KILLED,com.google.javascript.rhino.jstype.FunctionType_ESTest.test16
FunctionType.java,com.google.javascript.rhino.jstype.FunctionType,org.pitest.mutationtest.engine.gregor.mutators.NonVoidMethodCallMutator,appendArgString,917,KILLED,com.google.javascript.rhino.jstype.FunctionType_ESTest.test16
FunctionType.java,com.google.javascript.rhino.jstype.FunctionType,org.pitest.mutationtest.engine.gregor.mutators.RemoveConditionalMutator_EQUAL_ELSE,appendArgString,912,KILLED,com.google.javascript.rhino.jstype.FunctionType_ESTest.test16
FunctionType.java,com.google.javascript.rhino.jstype.FunctionType,org.pitest.mutationtest.engine.gregor.mutators.RemoveConditionalMutator_EQUAL_ELSE,appendArgString,914,KILLED,com.google.javascript.rhino.jstype.FunctionType_ESTest.test19
FunctionType.java,com.google.javascript.rhino.jstype.FunctionType,org.pitest.mutationtest.engine.gregor.mutators.RemoveConditionalMutator_EQUAL_IF,appendArgString,912,KILLED,com.google.javascript.rhino.jstype.FunctionType_ESTest.test16
FunctionType.java,com.google.javascript.rhino.jstype.FunctionType,org.pitest.mutationtest.engine.gregor.mutators.RemoveConditionalMutator_EQUAL_IF,appendArgString,914,KILLED,com.google.javascript.rhino.jstype.FunctionType_ESTest.test16
FunctionType.java,com.google.javascript.rhino.jstype.FunctionType,org.pitest.mutationtest.engine.gregor.mutators.VoidMethodCallMutator,appendArgString,913,KILLED,com.google.javascript.rhino.jstype.FunctionType_ESTest.test16
FunctionType.java,com.google.javascript.rhino.jstype.FunctionType,org.pitest.mutationtest.engine.gregor.mutators.VoidMethodCallMutator,appendArgString,915,KILLED,com.google.javascript.rhino.jstype.FunctionType_ESTest.test19
FunctionType.java,com.google.javascript.rhino.jstype.FunctionType,org.pitest.mutationtest.engine.gregor.mutators.experimental.NakedReceiverMutator,appendArgString,917,KILLED,com.google.javascript.rhino.jstype.FunctionType_ESTest.test16
FunctionType.java,com.google.javascript.rhino.jstype.FunctionType,org.pitest.mutationtest.engine.gregor.mutators.ArgumentPropagationMutator,appendOptionalArgString,938,NO_COVERAGE,none
FunctionType.java,com.google.javascript.rhino.jstype.FunctionType,org.pitest.mutationtest.engine.gregor.mutators.NegateConditionalsMutator,appendOptionalArgString,936,KILLED,com.google.javascript.rhino.jstype.FunctionType_ESTest.test67
FunctionType.java,com.google.javascript.rhino.jstype.FunctionType,org.pitest.mutationtest.engine.gregor.mutators.NonVoidMethodCallMutator,appendOptionalArgString,936,SURVIVED,none
FunctionType.java,com.google.javascript.rhino.jstype.FunctionType,org.pitest.mutationtest.engine.gregor.mutators.NonVoidMethodCallMutator,appendOptionalArgString,938,NO_COVERAGE,none
FunctionType.java,com.google.javascript.rhino.jstype.FunctionType,org.pitest.mutationtest.engine.gregor.mutators.NonVoidMethodCallMutator,appendOptionalArgString,938,NO_COVERAGE,none
FunctionType.java,com.google.javascript.rhino.jstype.FunctionType,org.pitest.mutationtest.engine.gregor.mutators.NonVoidMethodCallMutator,appendOptionalArgString,938,NO_COVERAGE,none
FunctionType.java,com.google.javascript.rhino.jstype.FunctionType,org.pitest.mutationtest.engine.gregor.mutators.NonVoidMethodCallMutator,appendOptionalArgString,941,KILLED,com.google.javascript.rhino.jstype.FunctionType_ESTest.test19
FunctionType.java,com.google.javascript.rhino.jstype.FunctionType,org.pitest.mutationtest.engine.gregor.mutators.NonVoidMethodCallMutator,appendOptionalArgString,941,KILLED,com.google.javascript.rhino.jstype.FunctionType_ESTest.test67
FunctionType.java,com.google.javascript.rhino.jstype.FunctionType,org.pitest.mutationtest.engine.gregor.mutators.NonVoidMethodCallMutator,appendOptionalArgString,941,KILLED,com.google.javascript.rhino.jstype.FunctionType_ESTest.test19
FunctionType.java,com.google.javascript.rhino.jstype.FunctionType,org.pitest.mutationtest.engine.gregor.mutators.RemoveConditionalMutator_EQUAL_ELSE,appendOptionalArgString,936,SURVIVED,none
FunctionType.java,com.google.javascript.rhino.jstype.FunctionType,org.pitest.mutationtest.engine.gregor.mutators.RemoveConditionalMutator_EQUAL_IF,appendOptionalArgString,936,KILLED,com.google.javascript.rhino.jstype.FunctionType_ESTest.test67
FunctionType.java,com.google.javascript.rhino.jstype.FunctionType,org.pitest.mutationtest.engine.gregor.mutators.experimental.NakedReceiverMutator,appendOptionalArgString,941,KILLED,com.google.javascript.rhino.jstype.FunctionType_ESTest.test19
FunctionType.java,com.google.javascript.rhino.jstype.FunctionType,org.pitest.mutationtest.engine.gregor.mutators.experimental.NakedReceiverMutator,appendOptionalArgString,941,KILLED,com.google.javascript.rhino.jstype.FunctionType_ESTest.test19
FunctionType.java,com.google.javascript.rhino.jstype.FunctionType,org.pitest.mutationtest.engine.gregor.mutators.ArgumentPropagationMutator,appendVarArgsString,926,KILLED,com.google.javascript.rhino.jstype.FunctionType_ESTest.test16
FunctionType.java,com.google.javascript.rhino.jstype.FunctionType,org.pitest.mutationtest.engine.gregor.mutators.NegateConditionalsMutator,appendVarArgsString,924,KILLED,com.google.javascript.rhino.jstype.FunctionType_ESTest.test67
FunctionType.java,com.google.javascript.rhino.jstype.FunctionType,org.pitest.mutationtest.engine.gregor.mutators.NonVoidMethodCallMutator,appendVarArgsString,924,KILLED,com.google.javascript.rhino.jstype.FunctionType_ESTest.test16
FunctionType.java,com.google.javascript.rhino.jstype.FunctionType,org.pitest.mutationtest.engine.gregor.mutators.NonVoidMethodCallMutator,appendVarArgsString,926,KILLED,com.google.javascript.rhino.jstype.FunctionType_ESTest.test16
FunctionType.java,com.google.javascript.rhino.jstype.FunctionType,org.pitest.mutationtest.engine.gregor.mutators.NonVoidMethodCallMutator,appendVarArgsString,926,KILLED,com.google.javascript.rhino.jstype.FunctionType_ESTest.test16
FunctionType.java,com.google.javascript.rhino.jstype.FunctionType,org.pitest.mutationtest.engine.gregor.mutators.NonVoidMethodCallMutator,appendVarArgsString,926,KILLED,com.google.javascript.rhino.jstype.FunctionType_ESTest.test16
FunctionType.java,com.google.javascript.rhino.jstype.FunctionType,org.pitest.mutationtest.engine.gregor.mutators.NonVoidMethodCallMutator,appendVarArgsString,929,KILLED,com.google.javascript.rhino.jstype.FunctionType_ESTest.test67
FunctionType.java,com.google.javascript.rhino.jstype.FunctionType,org.pitest.mutationtest.engine.gregor.mutators.NonVoidMethodCallMutator,appendVarArgsString,929,KILLED,com.google.javascript.rhino.jstype.FunctionType_ESTest.test16
FunctionType.java,com.google.javascript.rhino.jstype.FunctionType,org.pitest.mutationtest.engine.gregor.mutators.NonVoidMethodCallMutator,appendVarArgsString,929,KILLED,com.google.javascript.rhino.jstype.FunctionType_ESTest.test67
FunctionType.java,com.google.javascript.rhino.jstype.FunctionType,org.pitest.mutationtest.engine.gregor.mutators.NonVoidMethodCallMutator,appendVarArgsString,929,KILLED,com.google.javascript.rhino.jstype.FunctionType_ESTest.test16
FunctionType.java,com.google.javascript.rhino.jstype.FunctionType,org.pitest.mutationtest.engine.gregor.mutators.RemoveConditionalMutator_EQUAL_ELSE,appendVarArgsString,924,KILLED,com.google.javascript.rhino.jstype.FunctionType_ESTest.test16
FunctionType.java,com.google.javascript.rhino.jstype.FunctionType,org.pitest.mutationtest.engine.gregor.mutators.RemoveConditionalMutator_EQUAL_IF,appendVarArgsString,924,KILLED,com.google.javascript.rhino.jstype.FunctionType_ESTest.test67
FunctionType.java,com.google.javascript.rhino.jstype.FunctionType,org.pitest.mutationtest.engine.gregor.mutators.experimental.NakedReceiverMutator,appendVarArgsString,929,KILLED,com.google.javascript.rhino.jstype.FunctionType_ESTest.test16
FunctionType.java,com.google.javascript.rhino.jstype.FunctionType,org.pitest.mutationtest.engine.gregor.mutators.experimental.NakedReceiverMutator,appendVarArgsString,929,KILLED,com.google.javascript.rhino.jstype.FunctionType_ESTest.test16
FunctionType.java,com.google.javascript.rhino.jstype.FunctionType,org.pitest.mutationtest.engine.gregor.mutators.experimental.NakedReceiverMutator,appendVarArgsString,929,KILLED,com.google.javascript.rhino.jstype.FunctionType_ESTest.test16
FunctionType.java,com.google.javascript.rhino.jstype.FunctionType,org.pitest.mutationtest.engine.gregor.mutators.BooleanFalseReturnValsMutator,canBeCalled,208,KILLED,com.google.javascript.rhino.jstype.FunctionType_ESTest.test80
FunctionType.java,com.google.javascript.rhino.jstype.FunctionType,org.pitest.mutationtest.engine.gregor.mutators.InlineConstantMutator,canBeCalled,208,KILLED,com.google.javascript.rhino.jstype.FunctionType_ESTest.test80
FunctionType.java,com.google.javascript.rhino.jstype.FunctionType,org.pitest.mutationtest.engine.gregor.mutators.ReturnValsMutator,canBeCalled,208,KILLED,com.google.javascript.rhino.jstype.FunctionType_ESTest.test80
FunctionType.java,com.google.javascript.rhino.jstype.FunctionType,org.pitest.mutationtest.engine.gregor.mutators.NegateConditionalsMutator,clearCachedValues,1069,KILLED,com.google.javascript.rhino.jstype.FunctionType_ESTest.test08
FunctionType.java,com.google.javascript.rhino.jstype.FunctionType,org.pitest.mutationtest.engine.gregor.mutators.NegateConditionalsMutator,clearCachedValues,1075,SURVIVED,none
FunctionType.java,com.google.javascript.rhino.jstype.FunctionType,org.pitest.mutationtest.engine.gregor.mutators.NegateConditionalsMutator,clearCachedValues,1076,KILLED,com.google.javascript.rhino.jstype.FunctionType_ESTest.test08
FunctionType.java,com.google.javascript.rhino.jstype.FunctionType,org.pitest.mutationtest.engine.gregor.mutators.NegateConditionalsMutator,clearCachedValues,1080,KILLED,com.google.javascript.rhino.jstype.FunctionType_ESTest.test09
FunctionType.java,com.google.javascript.rhino.jstype.FunctionType,org.pitest.mutationtest.engine.gregor.mutators.NonVoidMethodCallMutator,clearCachedValues,1075,SURVIVED,none
FunctionType.java,com.google.javascript.rhino.jstype.FunctionType,org.pitest.mutationtest.engine.gregor.mutators.NonVoidMethodCallMutator,clearCachedValues,1076,SURVIVED,none
FunctionType.java,com.google.javascript.rhino.jstype.FunctionType,org.pitest.mutationtest.engine.gregor.mutators.NonVoidMethodCallMutator,clearCachedValues,1077,KILLED,com.google.javascript.rhino.jstype.FunctionType_ESTest.test09
FunctionType.java,com.google.javascript.rhino.jstype.FunctionType,org.pitest.mutationtest.engine.gregor.mutators.NonVoidMethodCallMutator,clearCachedValues,1081,KILLED,com.google.javascript.rhino.jstype.FunctionType_ESTest.test09
FunctionType.java,com.google.javascript.rhino.jstype.FunctionType,org.pitest.mutationtest.engine.gregor.mutators.RemoveConditionalMutator_EQUAL_ELSE,clearCachedValues,1069,SURVIVED,none
FunctionType.java,com.google.javascript.rhino.jstype.FunctionType,org.pitest.mutationtest.engine.gregor.mutators.RemoveConditionalMutator_EQUAL_ELSE,clearCachedValues,1075,SURVIVED,none
FunctionType.java,com.google.javascript.rhino.jstype.FunctionType,org.pitest.mutationtest.engine.gregor.mutators.RemoveConditionalMutator_EQUAL_ELSE,clearCachedValues,1076,SURVIVED,none
FunctionType.java,com.google.javascript.rhino.jstype.FunctionType,org.pitest.mutationtest.engine.gregor.mutators.RemoveConditionalMutator_EQUAL_ELSE,clearCachedValues,1080,SURVIVED,none
FunctionType.java,com.google.javascript.rhino.jstype.FunctionType,org.pitest.mutationtest.engine.gregor.mutators.RemoveConditionalMutator_EQUAL_IF,clearCachedValues,1069,KILLED,com.google.javascript.rhino.jstype.FunctionType_ESTest.test09
FunctionType.java,com.google.javascript.rhino.jstype.FunctionType,org.pitest.mutationtest.engine.gregor.mutators.RemoveConditionalMutator_EQUAL_IF,clearCachedValues,1075,SURVIVED,none
FunctionType.java,com.google.javascript.rhino.jstype.FunctionType,org.pitest.mutationtest.engine.gregor.mutators.RemoveConditionalMutator_EQUAL_IF,clearCachedValues,1076,KILLED,com.google.javascript.rhino.jstype.FunctionType_ESTest.test08
FunctionType.java,com.google.javascript.rhino.jstype.FunctionType,org.pitest.mutationtest.engine.gregor.mutators.RemoveConditionalMutator_EQUAL_IF,clearCachedValues,1080,KILLED,com.google.javascript.rhino.jstype.FunctionType_ESTest.test09
FunctionType.java,com.google.javascript.rhino.jstype.FunctionType,org.pitest.mutationtest.engine.gregor.mutators.VoidMethodCallMutator,clearCachedValues,1067,SURVIVED,none
FunctionType.java,com.google.javascript.rhino.jstype.FunctionType,org.pitest.mutationtest.engine.gregor.mutators.VoidMethodCallMutator,clearCachedValues,1071,SURVIVED,none
FunctionType.java,com.google.javascript.rhino.jstype.FunctionType,org.pitest.mutationtest.engine.gregor.mutators.VoidMethodCallMutator,clearCachedValues,1077,SURVIVED,none
FunctionType.java,com.google.javascript.rhino.jstype.FunctionType,org.pitest.mutationtest.engine.gregor.mutators.VoidMethodCallMutator,clearCachedValues,1081,SURVIVED,none
FunctionType.java,com.google.javascript.rhino.jstype.FunctionType,org.pitest.mutationtest.engine.gregor.mutators.ConstructorCallMutator,cloneWithoutArrowType,1201,KILLED,com.google.javascript.rhino.jstype.FunctionType_ESTest.test13
FunctionType.java,com.google.javascript.rhino.jstype.FunctionType,org.pitest.mutationtest.engine.gregor.mutators.InlineConstantMutator,cloneWithoutArrowType,1201,KILLED,com.google.javascript.rhino.jstype.FunctionType_ESTest.test13
FunctionType.java,com.google.javascript.rhino.jstype.FunctionType,org.pitest.mutationtest.engine.gregor.mutators.InlineConstantMutator,cloneWithoutArrowType,1201,KILLED,com.google.javascript.rhino.jstype.FunctionType_ESTest.test13
FunctionType.java,com.google.javascript.rhino.jstype.FunctionType,org.pitest.mutationtest.engine.gregor.mutators.NonVoidMethodCallMutator,cloneWithoutArrowType,1201,SURVIVED,none
FunctionType.java,com.google.javascript.rhino.jstype.FunctionType,org.pitest.mutationtest.engine.gregor.mutators.NonVoidMethodCallMutator,cloneWithoutArrowType,1201,KILLED,com.google.javascript.rhino.jstype.FunctionType_ESTest.test13
FunctionType.java,com.google.javascript.rhino.jstype.FunctionType,org.pitest.mutationtest.engine.gregor.mutators.NonVoidMethodCallMutator,cloneWithoutArrowType,1201,KILLED,com.google.javascript.rhino.jstype.FunctionType_ESTest.test13
FunctionType.java,com.google.javascript.rhino.jstype.FunctionType,org.pitest.mutationtest.engine.gregor.mutators.NonVoidMethodCallMutator,cloneWithoutArrowType,1205,KILLED,com.google.javascript.rhino.jstype.FunctionType_ESTest.test13
FunctionType.java,com.google.javascript.rhino.jstype.FunctionType,org.pitest.mutationtest.engine.gregor.mutators.NullReturnValsMutator,cloneWithoutArrowType,1206,KILLED,com.google.javascript.rhino.jstype.FunctionType_ESTest.test13
FunctionType.java,com.google.javascript.rhino.jstype.FunctionType,org.pitest.mutationtest.engine.gregor.mutators.ReturnValsMutator,cloneWithoutArrowType,1206,KILLED,com.google.javascript.rhino.jstype.FunctionType_ESTest.test13
FunctionType.java,com.google.javascript.rhino.jstype.FunctionType,org.pitest.mutationtest.engine.gregor.mutators.VoidMethodCallMutator,cloneWithoutArrowType,1205,KILLED,com.google.javascript.rhino.jstype.FunctionType_ESTest.test09
FunctionType.java,com.google.javascript.rhino.jstype.FunctionType,org.pitest.mutationtest.engine.gregor.mutators.ArgumentPropagationMutator,defineProperty,640,KILLED,com.google.javascript.rhino.jstype.FunctionType_ESTest.test49
FunctionType.java,com.google.javascript.rhino.jstype.FunctionType,org.pitest.mutationtest.engine.gregor.mutators.BooleanFalseReturnValsMutator,defineProperty,632,NO_COVERAGE,none
FunctionType.java,com.google.javascript.rhino.jstype.FunctionType,org.pitest.mutationtest.engine.gregor.mutators.BooleanFalseReturnValsMutator,defineProperty,635,KILLED,com.google.javascript.rhino.jstype.FunctionType_ESTest.test44
FunctionType.java,com.google.javascript.rhino.jstype.FunctionType,org.pitest.mutationtest.engine.gregor.mutators.BooleanFalseReturnValsMutator,defineProperty,640,KILLED,com.google.javascript.rhino.jstype.FunctionType_ESTest.test51
FunctionType.java,com.google.javascript.rhino.jstype.FunctionType,org.pitest.mutationtest.engine.gregor.mutators.BooleanTrueReturnValsMutator,defineProperty,637,KILLED,com.google.javascript.rhino.jstype.FunctionType_ESTest.test45
FunctionType.java,com.google.javascript.rhino.jstype.FunctionType,org.pitest.mutationtest.engine.gregor.mutators.BooleanTrueReturnValsMutator,defineProperty,640,SURVIVED,none
FunctionType.java,com.google.javascript.rhino.jstype.FunctionType,org.pitest.mutationtest.engine.gregor.mutators.InlineConstantMutator,defineProperty,632,NO_COVERAGE,none
FunctionType.java,com.google.javascript.rhino.jstype.FunctionType,org.pitest.mutationtest.engine.gregor.mutators.InlineConstantMutator,defineProperty,635,KILLED,com.google.javascript.rhino.jstype.FunctionType_ESTest.test44
FunctionType.java,com.google.javascript.rhino.jstype.FunctionType,org.pitest.mutationtest.engine.gregor.mutators.InlineConstantMutator,defineProperty,637,KILLED,com.google.javascript.rhino.jstype.FunctionType_ESTest.test45
FunctionType.java,com.google.javascript.rhino.jstype.FunctionType,org.pitest.mutationtest.engine.gregor.mutators.NegateConditionalsMutator,defineProperty,627,KILLED,com.google.javascript.rhino.jstype.FunctionType_ESTest.test49
FunctionType.java,com.google.javascript.rhino.jstype.FunctionType,org.pitest.mutationtest.engine.gregor.mutators.NegateConditionalsMutator,defineProperty,629,KILLED,com.google.javascript.rhino.jstype.FunctionType_ESTest.test44
FunctionType.java,com.google.javascript.rhino.jstype.FunctionType,org.pitest.mutationtest.engine.gregor.mutators.NegateConditionalsMutator,defineProperty,630,KILLED,com.google.javascript.rhino.jstype.FunctionType_ESTest.test44
FunctionType.java,com.google.javascript.rhino.jstype.FunctionType,org.pitest.mutationtest.engine.gregor.mutators.NegateConditionalsMutator,defineProperty,630,SURVIVED,none
FunctionType.java,com.google.javascript.rhino.jstype.FunctionType,org.pitest.mutationtest.engine.gregor.mutators.NonVoidMethodCallMutator,defineProperty,627,KILLED,com.google.javascript.rhino.jstype.FunctionType_ESTest.test44
FunctionType.java,com.google.javascript.rhino.jstype.FunctionType,org.pitest.mutationtest.engine.gregor.mutators.NonVoidMethodCallMutator,defineProperty,628,KILLED,com.google.javascript.rhino.jstype.FunctionType_ESTest.test44
FunctionType.java,com.google.javascript.rhino.jstype.FunctionType,org.pitest.mutationtest.engine.gregor.mutators.NonVoidMethodCallMutator,defineProperty,630,SURVIVED,none
FunctionType.java,com.google.javascript.rhino.jstype.FunctionType,org.pitest.mutationtest.engine.gregor.mutators.NonVoidMethodCallMutator,defineProperty,630,SURVIVED,none
FunctionType.java,com.google.javascript.rhino.jstype.FunctionType,org.pitest.mutationtest.engine.gregor.mutators.NonVoidMethodCallMutator,defineProperty,640,KILLED,com.google.javascript.rhino.jstype.FunctionType_ESTest.test49
FunctionType.java,com.google.javascript.rhino.jstype.FunctionType,org.pitest.mutationtest.engine.gregor.mutators.RemoveConditionalMutator_EQUAL_ELSE,defineProperty,627,KILLED,com.google.javascript.rhino.jstype.FunctionType_ESTest.test44
FunctionType.java,com.google.javascript.rhino.jstype.FunctionType,org.pitest.mutationtest.engine.gregor.mutators.RemoveConditionalMutator_EQUAL_ELSE,defineProperty,629,KILLED,com.google.javascript.rhino.jstype.FunctionType_ESTest.test44
FunctionType.java,com.google.javascript.rhino.jstype.FunctionType,org.pitest.mutationtest.engine.gregor.mutators.RemoveConditionalMutator_EQUAL_ELSE,defineProperty,630,SURVIVED,none
FunctionType.java,com.google.javascript.rhino.jstype.FunctionType,org.pitest.mutationtest.engine.gregor.mutators.RemoveConditionalMutator_EQUAL_ELSE,defineProperty,630,SURVIVED,none
FunctionType.java,com.google.javascript.rhino.jstype.FunctionType,org.pitest.mutationtest.engine.gregor.mutators.RemoveConditionalMutator_EQUAL_IF,defineProperty,627,KILLED,com.google.javascript.rhino.jstype.FunctionType_ESTest.test49
FunctionType.java,com.google.javascript.rhino.jstype.FunctionType,org.pitest.mutationtest.engine.gregor.mutators.RemoveConditionalMutator_EQUAL_IF,defineProperty,629,KILLED,com.google.javascript.rhino.jstype.FunctionType_ESTest.test45
FunctionType.java,com.google.javascript.rhino.jstype.FunctionType,org.pitest.mutationtest.engine.gregor.mutators.RemoveConditionalMutator_EQUAL_IF,defineProperty,630,KILLED,com.google.javascript.rhino.jstype.FunctionType_ESTest.test44
FunctionType.java,com.google.javascript.rhino.jstype.FunctionType,org.pitest.mutationtest.engine.gregor.mutators.RemoveConditionalMutator_EQUAL_IF,defineProperty,630,SURVIVED,none
FunctionType.java,com.google.javascript.rhino.jstype.FunctionType,org.pitest.mutationtest.engine.gregor.mutators.ReturnValsMutator,defineProperty,632,NO_COVERAGE,none
FunctionType.java,com.google.javascript.rhino.jstype.FunctionType,org.pitest.mutationtest.engine.gregor.mutators.ReturnValsMutator,defineProperty,635,KILLED,com.google.javascript.rhino.jstype.FunctionType_ESTest.test44
FunctionType.java,com.google.javascript.rhino.jstype.FunctionType,org.pitest.mutationtest.engine.gregor.mutators.ReturnValsMutator,defineProperty,637,KILLED,com.google.javascript.rhino.jstype.FunctionType_ESTest.test45
FunctionType.java,com.google.javascript.rhino.jstype.FunctionType,org.pitest.mutationtest.engine.gregor.mutators.ReturnValsMutator,defineProperty,640,KILLED,com.google.javascript.rhino.jstype.FunctionType_ESTest.test51
FunctionType.java,com.google.javascript.rhino.jstype.FunctionType,org.pitest.mutationtest.engine.gregor.mutators.VoidMethodCallMutator,defineProperty,634,KILLED,com.google.javascript.rhino.jstype.FunctionType_ESTest.test44
FunctionType.java,com.google.javascript.rhino.jstype.FunctionType,org.pitest.mutationtest.engine.gregor.mutators.ConstructorCallMutator,forInterface,177,KILLED,com.google.javascript.rhino.jstype.FunctionType_ESTest.test77
FunctionType.java,com.google.javascript.rhino.jstype.FunctionType,org.pitest.mutationtest.engine.gregor.mutators.NullReturnValsMutator,forInterface,177,KILLED,com.google.javascript.rhino.jstype.FunctionType_ESTest.test79
FunctionType.java,com.google.javascript.rhino.jstype.FunctionType,org.pitest.mutationtest.engine.gregor.mutators.ReturnValsMutator,forInterface,177,KILLED,com.google.javascript.rhino.jstype.FunctionType_ESTest.test79
FunctionType.java,com.google.javascript.rhino.jstype.FunctionType,org.pitest.mutationtest.engine.gregor.mutators.NonVoidMethodCallMutator,getAllExtendedInterfaces,491,KILLED,com.google.javascript.rhino.jstype.FunctionType_ESTest.test53
FunctionType.java,com.google.javascript.rhino.jstype.FunctionType,org.pitest.mutationtest.engine.gregor.mutators.NonVoidMethodCallMutator,getAllExtendedInterfaces,493,KILLED,com.google.javascript.rhino.jstype.FunctionType_ESTest.test53
FunctionType.java,com.google.javascript.rhino.jstype.FunctionType,org.pitest.mutationtest.engine.gregor.mutators.NullReturnValsMutator,getAllExtendedInterfaces,496,KILLED,com.google.javascript.rhino.jstype.FunctionType_ESTest.test53
FunctionType.java,com.google.javascript.rhino.jstype.FunctionType,org.pitest.mutationtest.engine.gregor.mutators.ReturnValsMutator,getAllExtendedInterfaces,496,KILLED,com.google.javascript.rhino.jstype.FunctionType_ESTest.test53
FunctionType.java,com.google.javascript.rhino.jstype.FunctionType,org.pitest.mutationtest.engine.gregor.mutators.VoidMethodCallMutator,getAllExtendedInterfaces,494,KILLED,com.google.javascript.rhino.jstype.FunctionType_ESTest.test54
FunctionType.java,com.google.javascript.rhino.jstype.FunctionType,org.pitest.mutationtest.engine.gregor.mutators.NonVoidMethodCallMutator,getAllImplementedInterfaces,435,KILLED,com.google.javascript.rhino.jstype.FunctionType_ESTest.test55
FunctionType.java,com.google.javascript.rhino.jstype.FunctionType,org.pitest.mutationtest.engine.gregor.mutators.NonVoidMethodCallMutator,getAllImplementedInterfaces,437,KILLED,com.google.javascript.rhino.jstype.FunctionType_ESTest.test55
FunctionType.java,com.google.javascript.rhino.jstype.FunctionType,org.pitest.mutationtest.engine.gregor.mutators.NullReturnValsMutator,getAllImplementedInterfaces,440,KILLED,com.google.javascript.rhino.jstype.FunctionType_ESTest.test55
FunctionType.java,com.google.javascript.rhino.jstype.FunctionType,org.pitest.mutationtest.engine.gregor.mutators.ReturnValsMutator,getAllImplementedInterfaces,440,KILLED,com.google.javascript.rhino.jstype.FunctionType_ESTest.test55
FunctionType.java,com.google.javascript.rhino.jstype.FunctionType,org.pitest.mutationtest.engine.gregor.mutators.VoidMethodCallMutator,getAllImplementedInterfaces,438,KILLED,com.google.javascript.rhino.jstype.FunctionType_ESTest.test56
FunctionType.java,com.google.javascript.rhino.jstype.FunctionType,org.pitest.mutationtest.engine.gregor.mutators.ConditionalsBoundaryMutator,getBindReturnType,573,SURVIVED,none
FunctionType.java,com.google.javascript.rhino.jstype.FunctionType,org.pitest.mutationtest.engine.gregor.mutators.ConditionalsBoundaryMutator,getBindReturnType,577,SURVIVED,none
FunctionType.java,com.google.javascript.rhino.jstype.FunctionType,org.pitest.mutationtest.engine.gregor.mutators.ConstructorCallMutator,getBindReturnType,571,KILLED,com.google.javascript.rhino.jstype.FunctionType_ESTest.test48
FunctionType.java,com.google.javascript.rhino.jstype.FunctionType,org.pitest.mutationtest.engine.gregor.mutators.IncrementsMutator,getBindReturnType,577,SURVIVED,none
FunctionType.java,com.google.javascript.rhino.jstype.FunctionType,org.pitest.mutationtest.engine.gregor.mutators.InlineConstantMutator,getBindReturnType,577,SURVIVED,none
FunctionType.java,com.google.javascript.rhino.jstype.FunctionType,org.pitest.mutationtest.engine.gregor.mutators.NegateConditionalsMutator,getBindReturnType,573,SURVIVED,none
FunctionType.java,com.google.javascript.rhino.jstype.FunctionType,org.pitest.mutationtest.engine.gregor.mutators.NegateConditionalsMutator,getBindReturnType,575,SURVIVED,none
FunctionType.java,com.google.javascript.rhino.jstype.FunctionType,org.pitest.mutationtest.engine.gregor.mutators.NegateConditionalsMutator,getBindReturnType,577,SURVIVED,none
FunctionType.java,com.google.javascript.rhino.jstype.FunctionType,org.pitest.mutationtest.engine.gregor.mutators.NegateConditionalsMutator,getBindReturnType,577,SURVIVED,none
FunctionType.java,com.google.javascript.rhino.jstype.FunctionType,org.pitest.mutationtest.engine.gregor.mutators.NegateConditionalsMutator,getBindReturnType,578,SURVIVED,none
FunctionType.java,com.google.javascript.rhino.jstype.FunctionType,org.pitest.mutationtest.engine.gregor.mutators.NonVoidMethodCallMutator,getBindReturnType,571,SURVIVED,none
FunctionType.java,com.google.javascript.rhino.jstype.FunctionType,org.pitest.mutationtest.engine.gregor.mutators.NonVoidMethodCallMutator,getBindReturnType,571,KILLED,com.google.javascript.rhino.jstype.FunctionType_ESTest.test48
FunctionType.java,com.google.javascript.rhino.jstype.FunctionType,org.pitest.mutationtest.engine.gregor.mutators.NonVoidMethodCallMutator,getBindReturnType,574,SURVIVED,none
FunctionType.java,com.google.javascript.rhino.jstype.FunctionType,org.pitest.mutationtest.engine.gregor.mutators.NonVoidMethodCallMutator,getBindReturnType,576,KILLED,com.google.javascript.rhino.jstype.FunctionType_ESTest.test47
FunctionType.java,com.google.javascript.rhino.jstype.FunctionType,org.pitest.mutationtest.engine.gregor.mutators.NonVoidMethodCallMutator,getBindReturnType,577,SURVIVED,none
FunctionType.java,com.google.javascript.rhino.jstype.FunctionType,org.pitest.mutationtest.engine.gregor.mutators.NonVoidMethodCallMutator,getBindReturnType,578,KILLED,com.google.javascript.rhino.jstype.FunctionType_ESTest.test47
FunctionType.java,com.google.javascript.rhino.jstype.FunctionType,org.pitest.mutationtest.engine.gregor.mutators.NonVoidMethodCallMutator,getBindReturnType,578,SURVIVED,none
FunctionType.java,com.google.javascript.rhino.jstype.FunctionType,org.pitest.mutationtest.engine.gregor.mutators.NonVoidMethodCallMutator,getBindReturnType,581,SURVIVED,none
FunctionType.java,com.google.javascript.rhino.jstype.FunctionType,org.pitest.mutationtest.engine.gregor.mutators.NonVoidMethodCallMutator,getBindReturnType,583,SURVIVED,none
FunctionType.java,com.google.javascript.rhino.jstype.FunctionType,org.pitest.mutationtest.engine.gregor.mutators.NonVoidMethodCallMutator,getBindReturnType,586,KILLED,com.google.javascript.rhino.jstype.FunctionType_ESTest.test48
FunctionType.java,com.google.javascript.rhino.jstype.FunctionType,org.pitest.mutationtest.engine.gregor.mutators.NullReturnValsMutator,getBindReturnType,586,KILLED,com.google.javascript.rhino.jstype.FunctionType_ESTest.test48
FunctionType.java,com.google.javascript.rhino.jstype.FunctionType,org.pitest.mutationtest.engine.gregor.mutators.RemoveConditionalMutator_EQUAL_ELSE,getBindReturnType,575,SURVIVED,none
FunctionType.java,com.google.javascript.rhino.jstype.FunctionType,org.pitest.mutationtest.engine.gregor.mutators.RemoveConditionalMutator_EQUAL_ELSE,getBindReturnType,577,SURVIVED,none
FunctionType.java,com.google.javascript.rhino.jstype.FunctionType,org.pitest.mutationtest.engine.gregor.mutators.RemoveConditionalMutator_EQUAL_ELSE,getBindReturnType,578,SURVIVED,none
FunctionType.java,com.google.javascript.rhino.jstype.FunctionType,org.pitest.mutationtest.engine.gregor.mutators.RemoveConditionalMutator_EQUAL_IF,getBindReturnType,575,SURVIVED,none
FunctionType.java,com.google.javascript.rhino.jstype.FunctionType,org.pitest.mutationtest.engine.gregor.mutators.RemoveConditionalMutator_EQUAL_IF,getBindReturnType,577,KILLED,com.google.javascript.rhino.jstype.FunctionType_ESTest.test47
FunctionType.java,com.google.javascript.rhino.jstype.FunctionType,org.pitest.mutationtest.engine.gregor.mutators.RemoveConditionalMutator_EQUAL_IF,getBindReturnType,578,SURVIVED,none
FunctionType.java,com.google.javascript.rhino.jstype.FunctionType,org.pitest.mutationtest.engine.gregor.mutators.RemoveConditionalMutator_ORDER_ELSE,getBindReturnType,573,SURVIVED,none
FunctionType.java,com.google.javascript.rhino.jstype.FunctionType,org.pitest.mutationtest.engine.gregor.mutators.RemoveConditionalMutator_ORDER_ELSE,getBindReturnType,577,SURVIVED,none
FunctionType.java,com.google.javascript.rhino.jstype.FunctionType,org.pitest.mutationtest.engine.gregor.mutators.RemoveConditionalMutator_ORDER_IF,getBindReturnType,573,SURVIVED,none
FunctionType.java,com.google.javascript.rhino.jstype.FunctionType,org.pitest.mutationtest.engine.gregor.mutators.RemoveConditionalMutator_ORDER_IF,getBindReturnType,577,SURVIVED,none
FunctionType.java,com.google.javascript.rhino.jstype.FunctionType,org.pitest.mutationtest.engine.gregor.mutators.ReturnValsMutator,getBindReturnType,586,KILLED,com.google.javascript.rhino.jstype.FunctionType_ESTest.test48
FunctionType.java,com.google.javascript.rhino.jstype.FunctionType,org.pitest.mutationtest.engine.gregor.mutators.experimental.NakedReceiverMutator,getBindReturnType,571,SURVIVED,none
FunctionType.java,com.google.javascript.rhino.jstype.FunctionType,org.pitest.mutationtest.engine.gregor.mutators.experimental.NakedReceiverMutator,getBindReturnType,576,SURVIVED,none
FunctionType.java,com.google.javascript.rhino.jstype.FunctionType,org.pitest.mutationtest.engine.gregor.mutators.experimental.NakedReceiverMutator,getBindReturnType,577,KILLED,com.google.javascript.rhino.jstype.FunctionType_ESTest.test47
FunctionType.java,com.google.javascript.rhino.jstype.FunctionType,org.pitest.mutationtest.engine.gregor.mutators.experimental.NakedReceiverMutator,getBindReturnType,578,SURVIVED,none
FunctionType.java,com.google.javascript.rhino.jstype.FunctionType,org.pitest.mutationtest.engine.gregor.mutators.experimental.NakedReceiverMutator,getBindReturnType,581,SURVIVED,none
FunctionType.java,com.google.javascript.rhino.jstype.FunctionType,org.pitest.mutationtest.engine.gregor.mutators.experimental.NakedReceiverMutator,getBindReturnType,583,SURVIVED,none
FunctionType.java,com.google.javascript.rhino.jstype.FunctionType,org.pitest.mutationtest.engine.gregor.mutators.ArgumentPropagationMutator,getCallOrBindSignature,604,KILLED,com.google.javascript.rhino.jstype.FunctionType_ESTest.test50
FunctionType.java,com.google.javascript.rhino.jstype.FunctionType,org.pitest.mutationtest.engine.gregor.mutators.ConstructorCallMutator,getCallOrBindSignature,596,KILLED,com.google.javascript.rhino.jstype.FunctionType_ESTest.test67
FunctionType.java,com.google.javascript.rhino.jstype.FunctionType,org.pitest.mutationtest.engine.gregor.mutators.InlineConstantMutator,getCallOrBindSignature,595,SURVIVED,none
FunctionType.java,com.google.javascript.rhino.jstype.FunctionType,org.pitest.mutationtest.engine.gregor.mutators.InlineConstantMutator,getCallOrBindSignature,595,SURVIVED,none
FunctionType.java,com.google.javascript.rhino.jstype.FunctionType,org.pitest.mutationtest.engine.gregor.mutators.InlineConstantMutator,getCallOrBindSignature,596,SURVIVED,none
FunctionType.java,com.google.javascript.rhino.jstype.FunctionType,org.pitest.mutationtest.engine.gregor.mutators.InlineConstantMutator,getCallOrBindSignature,603,SURVIVED,none
FunctionType.java,com.google.javascript.rhino.jstype.FunctionType,org.pitest.mutationtest.engine.gregor.mutators.InlineConstantMutator,getCallOrBindSignature,614,SURVIVED,none
FunctionType.java,com.google.javascript.rhino.jstype.FunctionType,org.pitest.mutationtest.engine.gregor.mutators.NegateConditionalsMutator,getCallOrBindSignature,595,SURVIVED,none
FunctionType.java,com.google.javascript.rhino.jstype.FunctionType,org.pitest.mutationtest.engine.gregor.mutators.NegateConditionalsMutator,getCallOrBindSignature,596,SURVIVED,none
FunctionType.java,com.google.javascript.rhino.jstype.FunctionType,org.pitest.mutationtest.engine.gregor.mutators.NegateConditionalsMutator,getCallOrBindSignature,600,KILLED,com.google.javascript.rhino.jstype.FunctionType_ESTest.test50
FunctionType.java,com.google.javascript.rhino.jstype.FunctionType,org.pitest.mutationtest.engine.gregor.mutators.NegateConditionalsMutator,getCallOrBindSignature,609,SURVIVED,none
FunctionType.java,com.google.javascript.rhino.jstype.FunctionType,org.pitest.mutationtest.engine.gregor.mutators.NegateConditionalsMutator,getCallOrBindSignature,613,SURVIVED,none
FunctionType.java,com.google.javascript.rhino.jstype.FunctionType,org.pitest.mutationtest.engine.gregor.mutators.NonVoidMethodCallMutator,getCallOrBindSignature,596,SURVIVED,none
FunctionType.java,com.google.javascript.rhino.jstype.FunctionType,org.pitest.mutationtest.engine.gregor.mutators.NonVoidMethodCallMutator,getCallOrBindSignature,596,SURVIVED,none
FunctionType.java,com.google.javascript.rhino.jstype.FunctionType,org.pitest.mutationtest.engine.gregor.mutators.NonVoidMethodCallMutator,getCallOrBindSignature,596,KILLED,com.google.javascript.rhino.jstype.FunctionType_ESTest.test67
FunctionType.java,com.google.javascript.rhino.jstype.FunctionType,org.pitest.mutationtest.engine.gregor.mutators.NonVoidMethodCallMutator,getCallOrBindSignature,599,KILLED,com.google.javascript.rhino.jstype.FunctionType_ESTest.test50
FunctionType.java,com.google.javascript.rhino.jstype.FunctionType,org.pitest.mutationtest.engine.gregor.mutators.NonVoidMethodCallMutator,getCallOrBindSignature,601,KILLED,com.google.javascript.rhino.jstype.FunctionType_ESTest.test67
FunctionType.java,com.google.javascript.rhino.jstype.FunctionType,org.pitest.mutationtest.engine.gregor.mutators.NonVoidMethodCallMutator,getCallOrBindSignature,603,KILLED,com.google.javascript.rhino.jstype.FunctionType_ESTest.test67
FunctionType.java,com.google.javascript.rhino.jstype.FunctionType,org.pitest.mutationtest.engine.gregor.mutators.NonVoidMethodCallMutator,getCallOrBindSignature,604,KILLED,com.google.javascript.rhino.jstype.FunctionType_ESTest.test67
FunctionType.java,com.google.javascript.rhino.jstype.FunctionType,org.pitest.mutationtest.engine.gregor.mutators.NonVoidMethodCallMutator,getCallOrBindSignature,604,KILLED,com.google.javascript.rhino.jstype.FunctionType_ESTest.test67
FunctionType.java,com.google.javascript.rhino.jstype.FunctionType,org.pitest.mutationtest.engine.gregor.mutators.NonVoidMethodCallMutator,getCallOrBindSignature,612,SURVIVED,none
FunctionType.java,com.google.javascript.rhino.jstype.FunctionType,org.pitest.mutationtest.engine.gregor.mutators.NonVoidMethodCallMutator,getCallOrBindSignature,613,SURVIVED,none
FunctionType.java,com.google.javascript.rhino.jstype.FunctionType,org.pitest.mutationtest.engine.gregor.mutators.NonVoidMethodCallMutator,getCallOrBindSignature,618,SURVIVED,none
FunctionType.java,com.google.javascript.rhino.jstype.FunctionType,org.pitest.mutationtest.engine.gregor.mutators.NonVoidMethodCallMutator,getCallOrBindSignature,621,KILLED,com.google.javascript.rhino.jstype.FunctionType_ESTest.test67
FunctionType.java,com.google.javascript.rhino.jstype.FunctionType,org.pitest.mutationtest.engine.gregor.mutators.NullReturnValsMutator,getCallOrBindSignature,621,KILLED,com.google.javascript.rhino.jstype.FunctionType_ESTest.test67
FunctionType.java,com.google.javascript.rhino.jstype.FunctionType,org.pitest.mutationtest.engine.gregor.mutators.RemoveConditionalMutator_EQUAL_ELSE,getCallOrBindSignature,595,SURVIVED,none
FunctionType.java,com.google.javascript.rhino.jstype.FunctionType,org.pitest.mutationtest.engine.gregor.mutators.RemoveConditionalMutator_EQUAL_ELSE,getCallOrBindSignature,596,SURVIVED,none
FunctionType.java,com.google.javascript.rhino.jstype.FunctionType,org.pitest.mutationtest.engine.gregor.mutators.RemoveConditionalMutator_EQUAL_ELSE,getCallOrBindSignature,600,KILLED,com.google.javascript.rhino.jstype.FunctionType_ESTest.test50
FunctionType.java,com.google.javascript.rhino.jstype.FunctionType,org.pitest.mutationtest.engine.gregor.mutators.RemoveConditionalMutator_EQUAL_ELSE,getCallOrBindSignature,609,SURVIVED,none
FunctionType.java,com.google.javascript.rhino.jstype.FunctionType,org.pitest.mutationtest.engine.gregor.mutators.RemoveConditionalMutator_EQUAL_ELSE,getCallOrBindSignature,613,SURVIVED,none
FunctionType.java,com.google.javascript.rhino.jstype.FunctionType,org.pitest.mutationtest.engine.gregor.mutators.RemoveConditionalMutator_EQUAL_IF,getCallOrBindSignature,595,SURVIVED,none
FunctionType.java,com.google.javascript.rhino.jstype.FunctionType,org.pitest.mutationtest.engine.gregor.mutators.RemoveConditionalMutator_EQUAL_IF,getCallOrBindSignature,596,SURVIVED,none
FunctionType.java,com.google.javascript.rhino.jstype.FunctionType,org.pitest.mutationtest.engine.gregor.mutators.RemoveConditionalMutator_EQUAL_IF,getCallOrBindSignature,600,SURVIVED,none
FunctionType.java,com.google.javascript.rhino.jstype.FunctionType,org.pitest.mutationtest.engine.gregor.mutators.RemoveConditionalMutator_EQUAL_IF,getCallOrBindSignature,609,SURVIVED,none
FunctionType.java,com.google.javascript.rhino.jstype.FunctionType,org.pitest.mutationtest.engine.gregor.mutators.RemoveConditionalMutator_EQUAL_IF,getCallOrBindSignature,613,KILLED,com.google.javascript.rhino.jstype.FunctionType_ESTest.test67
FunctionType.java,com.google.javascript.rhino.jstype.FunctionType,org.pitest.mutationtest.engine.gregor.mutators.ReturnValsMutator,getCallOrBindSignature,621,KILLED,com.google.javascript.rhino.jstype.FunctionType_ESTest.test67
FunctionType.java,com.google.javascript.rhino.jstype.FunctionType,org.pitest.mutationtest.engine.gregor.mutators.VoidMethodCallMutator,getCallOrBindSignature,604,KILLED,com.google.javascript.rhino.jstype.FunctionType_ESTest.test67
FunctionType.java,com.google.javascript.rhino.jstype.FunctionType,org.pitest.mutationtest.engine.gregor.mutators.VoidMethodCallMutator,getCallOrBindSignature,606,SURVIVED,none
FunctionType.java,com.google.javascript.rhino.jstype.FunctionType,org.pitest.mutationtest.engine.gregor.mutators.VoidMethodCallMutator,getCallOrBindSignature,607,SURVIVED,none
FunctionType.java,com.google.javascript.rhino.jstype.FunctionType,org.pitest.mutationtest.engine.gregor.mutators.VoidMethodCallMutator,getCallOrBindSignature,614,SURVIVED,none
FunctionType.java,com.google.javascript.rhino.jstype.FunctionType,org.pitest.mutationtest.engine.gregor.mutators.experimental.NakedReceiverMutator,getCallOrBindSignature,596,SURVIVED,none
FunctionType.java,com.google.javascript.rhino.jstype.FunctionType,org.pitest.mutationtest.engine.gregor.mutators.experimental.NakedReceiverMutator,getCallOrBindSignature,596,SURVIVED,none
FunctionType.java,com.google.javascript.rhino.jstype.FunctionType,org.pitest.mutationtest.engine.gregor.mutators.experimental.NakedReceiverMutator,getCallOrBindSignature,601,SURVIVED,none
FunctionType.java,com.google.javascript.rhino.jstype.FunctionType,org.pitest.mutationtest.engine.gregor.mutators.experimental.NakedReceiverMutator,getCallOrBindSignature,612,SURVIVED,none
FunctionType.java,com.google.javascript.rhino.jstype.FunctionType,org.pitest.mutationtest.engine.gregor.mutators.experimental.NakedReceiverMutator,getCallOrBindSignature,613,SURVIVED,none
FunctionType.java,com.google.javascript.rhino.jstype.FunctionType,org.pitest.mutationtest.engine.gregor.mutators.experimental.NakedReceiverMutator,getCallOrBindSignature,618,SURVIVED,none
FunctionType.java,com.google.javascript.rhino.jstype.FunctionType,org.pitest.mutationtest.engine.gregor.mutators.EmptyObjectReturnValsMutator,getDebugHashCodeStringOf,1193,NO_COVERAGE,none
FunctionType.java,com.google.javascript.rhino.jstype.FunctionType,org.pitest.mutationtest.engine.gregor.mutators.EmptyObjectReturnValsMutator,getDebugHashCodeStringOf,1195,NO_COVERAGE,none
FunctionType.java,com.google.javascript.rhino.jstype.FunctionType,org.pitest.mutationtest.engine.gregor.mutators.NegateConditionalsMutator,getDebugHashCodeStringOf,1192,NO_COVERAGE,none
FunctionType.java,com.google.javascript.rhino.jstype.FunctionType,org.pitest.mutationtest.engine.gregor.mutators.NonVoidMethodCallMutator,getDebugHashCodeStringOf,1195,NO_COVERAGE,none
FunctionType.java,com.google.javascript.rhino.jstype.FunctionType,org.pitest.mutationtest.engine.gregor.mutators.RemoveConditionalMutator_EQUAL_ELSE,getDebugHashCodeStringOf,1192,NO_COVERAGE,none
FunctionType.java,com.google.javascript.rhino.jstype.FunctionType,org.pitest.mutationtest.engine.gregor.mutators.RemoveConditionalMutator_EQUAL_IF,getDebugHashCodeStringOf,1192,NO_COVERAGE,none
FunctionType.java,com.google.javascript.rhino.jstype.FunctionType,org.pitest.mutationtest.engine.gregor.mutators.ReturnValsMutator,getDebugHashCodeStringOf,1193,NO_COVERAGE,none
FunctionType.java,com.google.javascript.rhino.jstype.FunctionType,org.pitest.mutationtest.engine.gregor.mutators.ReturnValsMutator,getDebugHashCodeStringOf,1195,NO_COVERAGE,none
FunctionType.java,com.google.javascript.rhino.jstype.FunctionType,org.pitest.mutationtest.engine.gregor.mutators.NullReturnValsMutator,getExtendedInterfaces,513,KILLED,com.google.javascript.rhino.jstype.FunctionType_ESTest.test90
FunctionType.java,com.google.javascript.rhino.jstype.FunctionType,org.pitest.mutationtest.engine.gregor.mutators.ReturnValsMutator,getExtendedInterfaces,513,KILLED,com.google.javascript.rhino.jstype.FunctionType_ESTest.test90
FunctionType.java,com.google.javascript.rhino.jstype.FunctionType,org.pitest.mutationtest.engine.gregor.mutators.NonVoidMethodCallMutator,getExtendedInterfacesCount,518,KILLED,com.google.javascript.rhino.jstype.FunctionType_ESTest.test53
FunctionType.java,com.google.javascript.rhino.jstype.FunctionType,org.pitest.mutationtest.engine.gregor.mutators.PrimitiveReturnsMutator,getExtendedInterfacesCount,518,KILLED,com.google.javascript.rhino.jstype.FunctionType_ESTest.test53
FunctionType.java,com.google.javascript.rhino.jstype.FunctionType,org.pitest.mutationtest.engine.gregor.mutators.ReturnValsMutator,getExtendedInterfacesCount,518,KILLED,com.google.javascript.rhino.jstype.FunctionType_ESTest.test80
FunctionType.java,com.google.javascript.rhino.jstype.FunctionType,org.pitest.mutationtest.engine.gregor.mutators.ArgumentPropagationMutator,getImplementedInterfaces,465,SURVIVED,none
FunctionType.java,com.google.javascript.rhino.jstype.FunctionType,org.pitest.mutationtest.engine.gregor.mutators.NegateConditionalsMutator,getImplementedInterfaces,460,KILLED,com.google.javascript.rhino.jstype.FunctionType_ESTest.test55
FunctionType.java,com.google.javascript.rhino.jstype.FunctionType,org.pitest.mutationtest.engine.gregor.mutators.NegateConditionalsMutator,getImplementedInterfaces,462,KILLED,com.google.javascript.rhino.jstype.FunctionType_ESTest.test55
FunctionType.java,com.google.javascript.rhino.jstype.FunctionType,org.pitest.mutationtest.engine.gregor.mutators.NonVoidMethodCallMutator,getImplementedInterfaces,460,KILLED,com.google.javascript.rhino.jstype.FunctionType_ESTest.test57
FunctionType.java,com.google.javascript.rhino.jstype.FunctionType,org.pitest.mutationtest.engine.gregor.mutators.NonVoidMethodCallMutator,getImplementedInterfaces,460,KILLED,com.google.javascript.rhino.jstype.FunctionType_ESTest.test57
FunctionType.java,com.google.javascript.rhino.jstype.FunctionType,org.pitest.mutationtest.engine.gregor.mutators.NonVoidMethodCallMutator,getImplementedInterfaces,465,KILLED,com.google.javascript.rhino.jstype.FunctionType_ESTest.test89
FunctionType.java,com.google.javascript.rhino.jstype.FunctionType,org.pitest.mutationtest.engine.gregor.mutators.NonVoidMethodCallMutator,getImplementedInterfaces,465,KILLED,com.google.javascript.rhino.jstype.FunctionType_ESTest.test89
FunctionType.java,com.google.javascript.rhino.jstype.FunctionType,org.pitest.mutationtest.engine.gregor.mutators.NullReturnValsMutator,getImplementedInterfaces,463,KILLED,com.google.javascript.rhino.jstype.FunctionType_ESTest.test55
FunctionType.java,com.google.javascript.rhino.jstype.FunctionType,org.pitest.mutationtest.engine.gregor.mutators.NullReturnValsMutator,getImplementedInterfaces,465,KILLED,com.google.javascript.rhino.jstype.FunctionType_ESTest.test89
FunctionType.java,com.google.javascript.rhino.jstype.FunctionType,org.pitest.mutationtest.engine.gregor.mutators.RemoveConditionalMutator_EQUAL_ELSE,getImplementedInterfaces,460,KILLED,com.google.javascript.rhino.jstype.FunctionType_ESTest.test57
FunctionType.java,com.google.javascript.rhino.jstype.FunctionType,org.pitest.mutationtest.engine.gregor.mutators.RemoveConditionalMutator_EQUAL_ELSE,getImplementedInterfaces,462,KILLED,com.google.javascript.rhino.jstype.FunctionType_ESTest.test55
FunctionType.java,com.google.javascript.rhino.jstype.FunctionType,org.pitest.mutationtest.engine.gregor.mutators.RemoveConditionalMutator_EQUAL_IF,getImplementedInterfaces,460,KILLED,com.google.javascript.rhino.jstype.FunctionType_ESTest.test55
FunctionType.java,com.google.javascript.rhino.jstype.FunctionType,org.pitest.mutationtest.engine.gregor.mutators.RemoveConditionalMutator_EQUAL_IF,getImplementedInterfaces,462,SURVIVED,none
FunctionType.java,com.google.javascript.rhino.jstype.FunctionType,org.pitest.mutationtest.engine.gregor.mutators.ReturnValsMutator,getImplementedInterfaces,463,KILLED,com.google.javascript.rhino.jstype.FunctionType_ESTest.test55
FunctionType.java,com.google.javascript.rhino.jstype.FunctionType,org.pitest.mutationtest.engine.gregor.mutators.ReturnValsMutator,getImplementedInterfaces,465,KILLED,com.google.javascript.rhino.jstype.FunctionType_ESTest.test89
FunctionType.java,com.google.javascript.rhino.jstype.FunctionType,org.pitest.mutationtest.engine.gregor.mutators.experimental.NakedReceiverMutator,getImplementedInterfaces,460,KILLED,com.google.javascript.rhino.jstype.FunctionType_ESTest.test57
FunctionType.java,com.google.javascript.rhino.jstype.FunctionType,org.pitest.mutationtest.engine.gregor.mutators.NonVoidMethodCallMutator,getInstanceType,1004,KILLED,com.google.javascript.rhino.jstype.FunctionType_ESTest.test90
FunctionType.java,com.google.javascript.rhino.jstype.FunctionType,org.pitest.mutationtest.engine.gregor.mutators.NullReturnValsMutator,getInstanceType,1005,KILLED,com.google.javascript.rhino.jstype.FunctionType_ESTest.test90
FunctionType.java,com.google.javascript.rhino.jstype.FunctionType,org.pitest.mutationtest.engine.gregor.mutators.ReturnValsMutator,getInstanceType,1005,KILLED,com.google.javascript.rhino.jstype.FunctionType_ESTest.test90
FunctionType.java,com.google.javascript.rhino.jstype.FunctionType,org.pitest.mutationtest.engine.gregor.mutators.VoidMethodCallMutator,getInstanceType,1004,SURVIVED,none
FunctionType.java,com.google.javascript.rhino.jstype.FunctionType,org.pitest.mutationtest.engine.gregor.mutators.NullReturnValsMutator,getInternalArrowType,279,KILLED,com.google.javascript.rhino.jstype.FunctionType_ESTest.test90
FunctionType.java,com.google.javascript.rhino.jstype.FunctionType,org.pitest.mutationtest.engine.gregor.mutators.ReturnValsMutator,getInternalArrowType,279,KILLED,com.google.javascript.rhino.jstype.FunctionType_ESTest.test90
FunctionType.java,com.google.javascript.rhino.jstype.FunctionType,org.pitest.mutationtest.engine.gregor.mutators.InlineConstantMutator,getMaxArguments,266,KILLED,com.google.javascript.rhino.jstype.FunctionType_ESTest.test69
FunctionType.java,com.google.javascript.rhino.jstype.FunctionType,org.pitest.mutationtest.engine.gregor.mutators.NegateConditionalsMutator,getMaxArguments,259,KILLED,com.google.javascript.rhino.jstype.FunctionType_ESTest.test68
FunctionType.java,com.google.javascript.rhino.jstype.FunctionType,org.pitest.mutationtest.engine.gregor.mutators.NegateConditionalsMutator,getMaxArguments,261,KILLED,com.google.javascript.rhino.jstype.FunctionType_ESTest.test70
FunctionType.java,com.google.javascript.rhino.jstype.FunctionType,org.pitest.mutationtest.engine.gregor.mutators.NegateConditionalsMutator,getMaxArguments,261,KILLED,com.google.javascript.rhino.jstype.FunctionType_ESTest.test68
FunctionType.java,com.google.javascript.rhino.jstype.FunctionType,org.pitest.mutationtest.engine.gregor.mutators.NonVoidMethodCallMutator,getMaxArguments,258,KILLED,com.google.javascript.rhino.jstype.FunctionType_ESTest.test68
FunctionType.java,com.google.javascript.rhino.jstype.FunctionType,org.pitest.mutationtest.engine.gregor.mutators.NonVoidMethodCallMutator,getMaxArguments,260,KILLED,com.google.javascript.rhino.jstype.FunctionType_ESTest.test69
FunctionType.java,com.google.javascript.rhino.jstype.FunctionType,org.pitest.mutationtest.engine.gregor.mutators.NonVoidMethodCallMutator,getMaxArguments,261,KILLED,com.google.javascript.rhino.jstype.FunctionType_ESTest.test69
FunctionType.java,com.google.javascript.rhino.jstype.FunctionType,org.pitest.mutationtest.engine.gregor.mutators.NonVoidMethodCallMutator,getMaxArguments,262,KILLED,com.google.javascript.rhino.jstype.FunctionType_ESTest.test68
FunctionType.java,com.google.javascript.rhino.jstype.FunctionType,org.pitest.mutationtest.engine.gregor.mutators.PrimitiveReturnsMutator,getMaxArguments,262,KILLED,com.google.javascript.rhino.jstype.FunctionType_ESTest.test68
FunctionType.java,com.google.javascript.rhino.jstype.FunctionType,org.pitest.mutationtest.engine.gregor.mutators.PrimitiveReturnsMutator,getMaxArguments,266,KILLED,com.google.javascript.rhino.jstype.FunctionType_ESTest.test69
FunctionType.java,com.google.javascript.rhino.jstype.FunctionType,org.pitest.mutationtest.engine.gregor.mutators.RemoveConditionalMutator_EQUAL_ELSE,getMaxArguments,259,KILLED,com.google.javascript.rhino.jstype.FunctionType_ESTest.test68
FunctionType.java,com.google.javascript.rhino.jstype.FunctionType,org.pitest.mutationtest.engine.gregor.mutators.RemoveConditionalMutator_EQUAL_ELSE,getMaxArguments,261,KILLED,com.google.javascript.rhino.jstype.FunctionType_ESTest.test69
FunctionType.java,com.google.javascript.rhino.jstype.FunctionType,org.pitest.mutationtest.engine.gregor.mutators.RemoveConditionalMutator_EQUAL_ELSE,getMaxArguments,261,KILLED,com.google.javascript.rhino.jstype.FunctionType_ESTest.test68
FunctionType.java,com.google.javascript.rhino.jstype.FunctionType,org.pitest.mutationtest.engine.gregor.mutators.RemoveConditionalMutator_EQUAL_IF,getMaxArguments,259,SURVIVED,none
FunctionType.java,com.google.javascript.rhino.jstype.FunctionType,org.pitest.mutationtest.engine.gregor.mutators.RemoveConditionalMutator_EQUAL_IF,getMaxArguments,261,KILLED,com.google.javascript.rhino.jstype.FunctionType_ESTest.test70
FunctionType.java,com.google.javascript.rhino.jstype.FunctionType,org.pitest.mutationtest.engine.gregor.mutators.RemoveConditionalMutator_EQUAL_IF,getMaxArguments,261,KILLED,com.google.javascript.rhino.jstype.FunctionType_ESTest.test69
FunctionType.java,com.google.javascript.rhino.jstype.FunctionType,org.pitest.mutationtest.engine.gregor.mutators.ReturnValsMutator,getMaxArguments,262,KILLED,com.google.javascript.rhino.jstype.FunctionType_ESTest.test68
FunctionType.java,com.google.javascript.rhino.jstype.FunctionType,org.pitest.mutationtest.engine.gregor.mutators.ReturnValsMutator,getMaxArguments,266,KILLED,com.google.javascript.rhino.jstype.FunctionType_ESTest.test69
FunctionType.java,com.google.javascript.rhino.jstype.FunctionType,org.pitest.mutationtest.engine.gregor.mutators.experimental.NakedReceiverMutator,getMaxArguments,260,KILLED,com.google.javascript.rhino.jstype.FunctionType_ESTest.test69
FunctionType.java,com.google.javascript.rhino.jstype.FunctionType,org.pitest.mutationtest.engine.gregor.mutators.IncrementsMutator,getMinArguments,245,KILLED,com.google.javascript.rhino.jstype.FunctionType_ESTest.test71
FunctionType.java,com.google.javascript.rhino.jstype.FunctionType,org.pitest.mutationtest.engine.gregor.mutators.InlineConstantMutator,getMinArguments,242,KILLED,com.google.javascript.rhino.jstype.FunctionType_ESTest.test71
FunctionType.java,com.google.javascript.rhino.jstype.FunctionType,org.pitest.mutationtest.engine.gregor.mutators.InlineConstantMutator,getMinArguments,243,KILLED,com.google.javascript.rhino.jstype.FunctionType_ESTest.test72
FunctionType.java,com.google.javascript.rhino.jstype.FunctionType,org.pitest.mutationtest.engine.gregor.mutators.NegateConditionalsMutator,getMinArguments,246,KILLED,com.google.javascript.rhino.jstype.FunctionType_ESTest.test71
FunctionType.java,com.google.javascript.rhino.jstype.FunctionType,org.pitest.mutationtest.engine.gregor.mutators.NegateConditionalsMutator,getMinArguments,246,KILLED,com.google.javascript.rhino.jstype.FunctionType_ESTest.test71
FunctionType.java,com.google.javascript.rhino.jstype.FunctionType,org.pitest.mutationtest.engine.gregor.mutators.NonVoidMethodCallMutator,getMinArguments,244,KILLED,com.google.javascript.rhino.jstype.FunctionType_ESTest.test71
FunctionType.java,com.google.javascript.rhino.jstype.FunctionType,org.pitest.mutationtest.engine.gregor.mutators.NonVoidMethodCallMutator,getMinArguments,246,KILLED,com.google.javascript.rhino.jstype.FunctionType_ESTest.test72
FunctionType.java,com.google.javascript.rhino.jstype.FunctionType,org.pitest.mutationtest.engine.gregor.mutators.NonVoidMethodCallMutator,getMinArguments,246,SURVIVED,none
FunctionType.java,com.google.javascript.rhino.jstype.FunctionType,org.pitest.mutationtest.engine.gregor.mutators.PrimitiveReturnsMutator,getMinArguments,250,KILLED,com.google.javascript.rhino.jstype.FunctionType_ESTest.test71
FunctionType.java,com.google.javascript.rhino.jstype.FunctionType,org.pitest.mutationtest.engine.gregor.mutators.RemoveConditionalMutator_EQUAL_ELSE,getMinArguments,246,KILLED,com.google.javascript.rhino.jstype.FunctionType_ESTest.test71
FunctionType.java,com.google.javascript.rhino.jstype.FunctionType,org.pitest.mutationtest.engine.gregor.mutators.RemoveConditionalMutator_EQUAL_ELSE,getMinArguments,246,KILLED,com.google.javascript.rhino.jstype.FunctionType_ESTest.test71
FunctionType.java,com.google.javascript.rhino.jstype.FunctionType,org.pitest.mutationtest.engine.gregor.mutators.RemoveConditionalMutator_EQUAL_IF,getMinArguments,246,KILLED,com.google.javascript.rhino.jstype.FunctionType_ESTest.test72
FunctionType.java,com.google.javascript.rhino.jstype.FunctionType,org.pitest.mutationtest.engine.gregor.mutators.RemoveConditionalMutator_EQUAL_IF,getMinArguments,246,SURVIVED,none
FunctionType.java,com.google.javascript.rhino.jstype.FunctionType,org.pitest.mutationtest.engine.gregor.mutators.ReturnValsMutator,getMinArguments,250,KILLED,com.google.javascript.rhino.jstype.FunctionType_ESTest.test71
FunctionType.java,com.google.javascript.rhino.jstype.FunctionType,org.pitest.mutationtest.engine.gregor.mutators.experimental.RemoveIncrementsMutator,getMinArguments,245,KILLED,com.google.javascript.rhino.jstype.FunctionType_ESTest.test71
FunctionType.java,com.google.javascript.rhino.jstype.FunctionType,org.pitest.mutationtest.engine.gregor.mutators.NullReturnValsMutator,getOwnImplementedInterfaces,472,KILLED,com.google.javascript.rhino.jstype.FunctionType_ESTest.test83
FunctionType.java,com.google.javascript.rhino.jstype.FunctionType,org.pitest.mutationtest.engine.gregor.mutators.ReturnValsMutator,getOwnImplementedInterfaces,472,KILLED,com.google.javascript.rhino.jstype.FunctionType_ESTest.test83
FunctionType.java,com.google.javascript.rhino.jstype.FunctionType,org.pitest.mutationtest.engine.gregor.mutators.EmptyObjectReturnValsMutator,getOwnPropertyNames,300,SURVIVED,none
FunctionType.java,com.google.javascript.rhino.jstype.FunctionType,org.pitest.mutationtest.engine.gregor.mutators.EmptyObjectReturnValsMutator,getOwnPropertyNames,304,KILLED,com.google.javascript.rhino.jstype.FunctionType_ESTest.test65
FunctionType.java,com.google.javascript.rhino.jstype.FunctionType,org.pitest.mutationtest.engine.gregor.mutators.InlineConstantMutator,getOwnPropertyNames,302,KILLED,com.google.javascript.rhino.jstype.FunctionType_ESTest.test65
FunctionType.java,com.google.javascript.rhino.jstype.FunctionType,org.pitest.mutationtest.engine.gregor.mutators.InlineConstantMutator,getOwnPropertyNames,302,KILLED,com.google.javascript.rhino.jstype.FunctionType_ESTest.test65
FunctionType.java,com.google.javascript.rhino.jstype.FunctionType,org.pitest.mutationtest.engine.gregor.mutators.NegateConditionalsMutator,getOwnPropertyNames,299,KILLED,com.google.javascript.rhino.jstype.FunctionType_ESTest.test65
FunctionType.java,com.google.javascript.rhino.jstype.FunctionType,org.pitest.mutationtest.engine.gregor.mutators.NonVoidMethodCallMutator,getOwnPropertyNames,300,KILLED,com.google.javascript.rhino.jstype.FunctionType_ESTest.test64
FunctionType.java,com.google.javascript.rhino.jstype.FunctionType,org.pitest.mutationtest.engine.gregor.mutators.NonVoidMethodCallMutator,getOwnPropertyNames,302,KILLED,com.google.javascript.rhino.jstype.FunctionType_ESTest.test65
FunctionType.java,com.google.javascript.rhino.jstype.FunctionType,org.pitest.mutationtest.engine.gregor.mutators.NonVoidMethodCallMutator,getOwnPropertyNames,303,KILLED,com.google.javascript.rhino.jstype.FunctionType_ESTest.test65
FunctionType.java,com.google.javascript.rhino.jstype.FunctionType,org.pitest.mutationtest.engine.gregor.mutators.NonVoidMethodCallMutator,getOwnPropertyNames,303,SURVIVED,none
FunctionType.java,com.google.javascript.rhino.jstype.FunctionType,org.pitest.mutationtest.engine.gregor.mutators.RemoveConditionalMutator_EQUAL_ELSE,getOwnPropertyNames,299,KILLED,com.google.javascript.rhino.jstype.FunctionType_ESTest.test64
FunctionType.java,com.google.javascript.rhino.jstype.FunctionType,org.pitest.mutationtest.engine.gregor.mutators.RemoveConditionalMutator_EQUAL_IF,getOwnPropertyNames,299,KILLED,com.google.javascript.rhino.jstype.FunctionType_ESTest.test65
FunctionType.java,com.google.javascript.rhino.jstype.FunctionType,org.pitest.mutationtest.engine.gregor.mutators.ReturnValsMutator,getOwnPropertyNames,300,KILLED,com.google.javascript.rhino.jstype.FunctionType_ESTest.test64
FunctionType.java,com.google.javascript.rhino.jstype.FunctionType,org.pitest.mutationtest.engine.gregor.mutators.ReturnValsMutator,getOwnPropertyNames,304,KILLED,com.google.javascript.rhino.jstype.FunctionType_ESTest.test65
FunctionType.java,com.google.javascript.rhino.jstype.FunctionType,org.pitest.mutationtest.engine.gregor.mutators.NegateConditionalsMutator,getParameters,225,KILLED,com.google.javascript.rhino.jstype.FunctionType_ESTest.test71
FunctionType.java,com.google.javascript.rhino.jstype.FunctionType,org.pitest.mutationtest.engine.gregor.mutators.NonVoidMethodCallMutator,getParameters,224,KILLED,com.google.javascript.rhino.jstype.FunctionType_ESTest.test71
FunctionType.java,com.google.javascript.rhino.jstype.FunctionType,org.pitest.mutationtest.engine.gregor.mutators.NonVoidMethodCallMutator,getParameters,226,KILLED,com.google.javascript.rhino.jstype.FunctionType_ESTest.test71
FunctionType.java,com.google.javascript.rhino.jstype.FunctionType,org.pitest.mutationtest.engine.gregor.mutators.NonVoidMethodCallMutator,getParameters,228,NO_COVERAGE,none
FunctionType.java,com.google.javascript.rhino.jstype.FunctionType,org.pitest.mutationtest.engine.gregor.mutators.NullReturnValsMutator,getParameters,226,KILLED,com.google.javascript.rhino.jstype.FunctionType_ESTest.test71
FunctionType.java,com.google.javascript.rhino.jstype.FunctionType,org.pitest.mutationtest.engine.gregor.mutators.NullReturnValsMutator,getParameters,228,NO_COVERAGE,none
FunctionType.java,com.google.javascript.rhino.jstype.FunctionType,org.pitest.mutationtest.engine.gregor.mutators.RemoveConditionalMutator_EQUAL_ELSE,getParameters,225,KILLED,com.google.javascript.rhino.jstype.FunctionType_ESTest.test71
FunctionType.java,com.google.javascript.rhino.jstype.FunctionType,org.pitest.mutationtest.engine.gregor.mutators.RemoveConditionalMutator_EQUAL_IF,getParameters,225,SURVIVED,none
FunctionType.java,com.google.javascript.rhino.jstype.FunctionType,org.pitest.mutationtest.engine.gregor.mutators.ReturnValsMutator,getParameters,226,KILLED,com.google.javascript.rhino.jstype.FunctionType_ESTest.test71
FunctionType.java,com.google.javascript.rhino.jstype.FunctionType,org.pitest.mutationtest.engine.gregor.mutators.ReturnValsMutator,getParameters,228,NO_COVERAGE,none
FunctionType.java,com.google.javascript.rhino.jstype.FunctionType,org.pitest.mutationtest.engine.gregor.mutators.NullReturnValsMutator,getParametersNode,234,KILLED,com.google.javascript.rhino.jstype.FunctionType_ESTest.test80
FunctionType.java,com.google.javascript.rhino.jstype.FunctionType,org.pitest.mutationtest.engine.gregor.mutators.ReturnValsMutator,getParametersNode,234,KILLED,com.google.javascript.rhino.jstype.FunctionType_ESTest.test80
FunctionType.java,com.google.javascript.rhino.jstype.FunctionType,org.pitest.mutationtest.engine.gregor.mutators.ArgumentPropagationMutator,getPropertyType,546,SURVIVED,none
FunctionType.java,com.google.javascript.rhino.jstype.FunctionType,org.pitest.mutationtest.engine.gregor.mutators.ArgumentPropagationMutator,getPropertyType,546,SURVIVED,none
FunctionType.java,com.google.javascript.rhino.jstype.FunctionType,org.pitest.mutationtest.engine.gregor.mutators.ConstructorCallMutator,getPropertyType,540,KILLED,com.google.javascript.rhino.jstype.FunctionType_ESTest.test49
FunctionType.java,com.google.javascript.rhino.jstype.FunctionType,org.pitest.mutationtest.engine.gregor.mutators.ConstructorCallMutator,getPropertyType,551,KILLED,com.google.javascript.rhino.jstype.FunctionType_ESTest.test49
FunctionType.java,com.google.javascript.rhino.jstype.FunctionType,org.pitest.mutationtest.engine.gregor.mutators.InlineConstantMutator,getPropertyType,546,KILLED,com.google.javascript.rhino.jstype.FunctionType_ESTest.test49
FunctionType.java,com.google.javascript.rhino.jstype.FunctionType,org.pitest.mutationtest.engine.gregor.mutators.InlineConstantMutator,getPropertyType,546,KILLED,com.google.javascript.rhino.jstype.FunctionType_ESTest.test49
FunctionType.java,com.google.javascript.rhino.jstype.FunctionType,org.pitest.mutationtest.engine.gregor.mutators.InlineConstantMutator,getPropertyType,546,KILLED,com.google.javascript.rhino.jstype.FunctionType_ESTest.test49
FunctionType.java,com.google.javascript.rhino.jstype.FunctionType,org.pitest.mutationtest.engine.gregor.mutators.NegateConditionalsMutator,getPropertyType,532,KILLED,com.google.javascript.rhino.jstype.FunctionType_ESTest.test49
FunctionType.java,com.google.javascript.rhino.jstype.FunctionType,org.pitest.mutationtest.engine.gregor.mutators.NegateConditionalsMutator,getPropertyType,536,KILLED,com.google.javascript.rhino.jstype.FunctionType_ESTest.test66
FunctionType.java,com.google.javascript.rhino.jstype.FunctionType,org.pitest.mutationtest.engine.gregor.mutators.NegateConditionalsMutator,getPropertyType,536,KILLED,com.google.javascript.rhino.jstype.FunctionType_ESTest.test66
FunctionType.java,com.google.javascript.rhino.jstype.FunctionType,org.pitest.mutationtest.engine.gregor.mutators.NegateConditionalsMutator,getPropertyType,538,KILLED,com.google.javascript.rhino.jstype.FunctionType_ESTest.test49
FunctionType.java,com.google.javascript.rhino.jstype.FunctionType,org.pitest.mutationtest.engine.gregor.mutators.NonVoidMethodCallMutator,getPropertyType,532,KILLED,com.google.javascript.rhino.jstype.FunctionType_ESTest.test51
FunctionType.java,com.google.javascript.rhino.jstype.FunctionType,org.pitest.mutationtest.engine.gregor.mutators.NonVoidMethodCallMutator,getPropertyType,534,KILLED,com.google.javascript.rhino.jstype.FunctionType_ESTest.test50
FunctionType.java,com.google.javascript.rhino.jstype.FunctionType,org.pitest.mutationtest.engine.gregor.mutators.NonVoidMethodCallMutator,getPropertyType,535,KILLED,com.google.javascript.rhino.jstype.FunctionType_ESTest.test67
FunctionType.java,com.google.javascript.rhino.jstype.FunctionType,org.pitest.mutationtest.engine.gregor.mutators.NonVoidMethodCallMutator,getPropertyType,537,KILLED,com.google.javascript.rhino.jstype.FunctionType_ESTest.test67
FunctionType.java,com.google.javascript.rhino.jstype.FunctionType,org.pitest.mutationtest.engine.gregor.mutators.NonVoidMethodCallMutator,getPropertyType,537,KILLED,com.google.javascript.rhino.jstype.FunctionType_ESTest.test67
FunctionType.java,com.google.javascript.rhino.jstype.FunctionType,org.pitest.mutationtest.engine.gregor.mutators.NonVoidMethodCallMutator,getPropertyType,538,KILLED,com.google.javascript.rhino.jstype.FunctionType_ESTest.test49
FunctionType.java,com.google.javascript.rhino.jstype.FunctionType,org.pitest.mutationtest.engine.gregor.mutators.NonVoidMethodCallMutator,getPropertyType,546,KILLED,com.google.javascript.rhino.jstype.FunctionType_ESTest.test49
FunctionType.java,com.google.javascript.rhino.jstype.FunctionType,org.pitest.mutationtest.engine.gregor.mutators.NonVoidMethodCallMutator,getPropertyType,546,KILLED,com.google.javascript.rhino.jstype.FunctionType_ESTest.test49
FunctionType.java,com.google.javascript.rhino.jstype.FunctionType,org.pitest.mutationtest.engine.gregor.mutators.NonVoidMethodCallMutator,getPropertyType,546,KILLED,com.google.javascript.rhino.jstype.FunctionType_ESTest.test49
FunctionType.java,com.google.javascript.rhino.jstype.FunctionType,org.pitest.mutationtest.engine.gregor.mutators.NonVoidMethodCallMutator,getPropertyType,546,KILLED,com.google.javascript.rhino.jstype.FunctionType_ESTest.test49
FunctionType.java,com.google.javascript.rhino.jstype.FunctionType,org.pitest.mutationtest.engine.gregor.mutators.NonVoidMethodCallMutator,getPropertyType,546,SURVIVED,none
FunctionType.java,com.google.javascript.rhino.jstype.FunctionType,org.pitest.mutationtest.engine.gregor.mutators.NonVoidMethodCallMutator,getPropertyType,551,KILLED,com.google.javascript.rhino.jstype.FunctionType_ESTest.test49
FunctionType.java,com.google.javascript.rhino.jstype.FunctionType,org.pitest.mutationtest.engine.gregor.mutators.NonVoidMethodCallMutator,getPropertyType,551,SURVIVED,none
FunctionType.java,com.google.javascript.rhino.jstype.FunctionType,org.pitest.mutationtest.engine.gregor.mutators.NonVoidMethodCallMutator,getPropertyType,551,KILLED,com.google.javascript.rhino.jstype.FunctionType_ESTest.test49
FunctionType.java,com.google.javascript.rhino.jstype.FunctionType,org.pitest.mutationtest.engine.gregor.mutators.NonVoidMethodCallMutator,getPropertyType,551,KILLED,com.google.javascript.rhino.jstype.FunctionType_ESTest.test49
FunctionType.java,com.google.javascript.rhino.jstype.FunctionType,org.pitest.mutationtest.engine.gregor.mutators.NonVoidMethodCallMutator,getPropertyType,551,KILLED,com.google.javascript.rhino.jstype.FunctionType_ESTest.test49
FunctionType.java,com.google.javascript.rhino.jstype.FunctionType,org.pitest.mutationtest.engine.gregor.mutators.NonVoidMethodCallMutator,getPropertyType,560,KILLED,com.google.javascript.rhino.jstype.FunctionType_ESTest.test49
FunctionType.java,com.google.javascript.rhino.jstype.FunctionType,org.pitest.mutationtest.engine.gregor.mutators.NullReturnValsMutator,getPropertyType,560,KILLED,com.google.javascript.rhino.jstype.FunctionType_ESTest.test49
FunctionType.java,com.google.javascript.rhino.jstype.FunctionType,org.pitest.mutationtest.engine.gregor.mutators.RemoveConditionalMutator_EQUAL_ELSE,getPropertyType,532,KILLED,com.google.javascript.rhino.jstype.FunctionType_ESTest.test49
FunctionType.java,com.google.javascript.rhino.jstype.FunctionType,org.pitest.mutationtest.engine.gregor.mutators.RemoveConditionalMutator_EQUAL_ELSE,getPropertyType,536,KILLED,com.google.javascript.rhino.jstype.FunctionType_ESTest.test66
FunctionType.java,com.google.javascript.rhino.jstype.FunctionType,org.pitest.mutationtest.engine.gregor.mutators.RemoveConditionalMutator_EQUAL_ELSE,getPropertyType,536,KILLED,com.google.javascript.rhino.jstype.FunctionType_ESTest.test67
FunctionType.java,com.google.javascript.rhino.jstype.FunctionType,org.pitest.mutationtest.engine.gregor.mutators.RemoveConditionalMutator_EQUAL_ELSE,getPropertyType,538,KILLED,com.google.javascript.rhino.jstype.FunctionType_ESTest.test49
FunctionType.java,com.google.javascript.rhino.jstype.FunctionType,org.pitest.mutationtest.engine.gregor.mutators.RemoveConditionalMutator_EQUAL_IF,getPropertyType,532,KILLED,com.google.javascript.rhino.jstype.FunctionType_ESTest.test51
FunctionType.java,com.google.javascript.rhino.jstype.FunctionType,org.pitest.mutationtest.engine.gregor.mutators.RemoveConditionalMutator_EQUAL_IF,getPropertyType,536,KILLED,com.google.javascript.rhino.jstype.FunctionType_ESTest.test50
FunctionType.java,com.google.javascript.rhino.jstype.FunctionType,org.pitest.mutationtest.engine.gregor.mutators.RemoveConditionalMutator_EQUAL_IF,getPropertyType,536,KILLED,com.google.javascript.rhino.jstype.FunctionType_ESTest.test66
FunctionType.java,com.google.javascript.rhino.jstype.FunctionType,org.pitest.mutationtest.engine.gregor.mutators.RemoveConditionalMutator_EQUAL_IF,getPropertyType,538,KILLED,com.google.javascript.rhino.jstype.FunctionType_ESTest.test66
FunctionType.java,com.google.javascript.rhino.jstype.FunctionType,org.pitest.mutationtest.engine.gregor.mutators.ReturnValsMutator,getPropertyType,560,KILLED,com.google.javascript.rhino.jstype.FunctionType_ESTest.test49
FunctionType.java,com.google.javascript.rhino.jstype.FunctionType,org.pitest.mutationtest.engine.gregor.mutators.experimental.NakedReceiverMutator,getPropertyType,537,KILLED,com.google.javascript.rhino.jstype.FunctionType_ESTest.test50
FunctionType.java,com.google.javascript.rhino.jstype.FunctionType,org.pitest.mutationtest.engine.gregor.mutators.experimental.NakedReceiverMutator,getPropertyType,551,SURVIVED,none
FunctionType.java,com.google.javascript.rhino.jstype.FunctionType,org.pitest.mutationtest.engine.gregor.mutators.experimental.NakedReceiverMutator,getPropertyType,551,SURVIVED,none
FunctionType.java,com.google.javascript.rhino.jstype.FunctionType,org.pitest.mutationtest.engine.gregor.mutators.ConstructorCallMutator,getPrototype,324,KILLED,com.google.javascript.rhino.jstype.FunctionType_ESTest.test90
FunctionType.java,com.google.javascript.rhino.jstype.FunctionType,org.pitest.mutationtest.engine.gregor.mutators.ConstructorCallMutator,getPrototype,324,KILLED,com.google.javascript.rhino.jstype.FunctionType_ESTest.test90
FunctionType.java,com.google.javascript.rhino.jstype.FunctionType,org.pitest.mutationtest.engine.gregor.mutators.NegateConditionalsMutator,getPrototype,314,KILLED,com.google.javascript.rhino.jstype.FunctionType_ESTest.test90
FunctionType.java,com.google.javascript.rhino.jstype.FunctionType,org.pitest.mutationtest.engine.gregor.mutators.NegateConditionalsMutator,getPrototype,316,KILLED,com.google.javascript.rhino.jstype.JSType_ESTest.test056
FunctionType.java,com.google.javascript.rhino.jstype.FunctionType,org.pitest.mutationtest.engine.gregor.mutators.NonVoidMethodCallMutator,getPrototype,315,KILLED,com.google.javascript.rhino.jstype.JSType_ESTest.test056
FunctionType.java,com.google.javascript.rhino.jstype.FunctionType,org.pitest.mutationtest.engine.gregor.mutators.NonVoidMethodCallMutator,getPrototype,320,KILLED,com.google.javascript.rhino.jstype.FunctionType_ESTest.test57
FunctionType.java,com.google.javascript.rhino.jstype.FunctionType,org.pitest.mutationtest.engine.gregor.mutators.NonVoidMethodCallMutator,getPrototype,320,KILLED,com.google.javascript.rhino.jstype.FunctionType_ESTest.test57
FunctionType.java,com.google.javascript.rhino.jstype.FunctionType,org.pitest.mutationtest.engine.gregor.mutators.NonVoidMethodCallMutator,getPrototype,324,SURVIVED,none
FunctionType.java,com.google.javascript.rhino.jstype.FunctionType,org.pitest.mutationtest.engine.gregor.mutators.NonVoidMethodCallMutator,getPrototype,324,KILLED,com.google.javascript.rhino.jstype.FunctionType_ESTest.test90
FunctionType.java,com.google.javascript.rhino.jstype.FunctionType,org.pitest.mutationtest.engine.gregor.mutators.NonVoidMethodCallMutator,getPrototype,324,KILLED,com.google.javascript.rhino.jstype.FunctionType_ESTest.test90
FunctionType.java,com.google.javascript.rhino.jstype.FunctionType,org.pitest.mutationtest.engine.gregor.mutators.NonVoidMethodCallMutator,getPrototype,324,SURVIVED,none
FunctionType.java,com.google.javascript.rhino.jstype.FunctionType,org.pitest.mutationtest.engine.gregor.mutators.NonVoidMethodCallMutator,getPrototype,324,SURVIVED,none
FunctionType.java,com.google.javascript.rhino.jstype.FunctionType,org.pitest.mutationtest.engine.gregor.mutators.NonVoidMethodCallMutator,getPrototype,324,KILLED,com.google.javascript.rhino.jstype.FunctionType_ESTest.test66
FunctionType.java,com.google.javascript.rhino.jstype.FunctionType,org.pitest.mutationtest.engine.gregor.mutators.NonVoidMethodCallMutator,getPrototype,324,KILLED,com.google.javascript.rhino.jstype.FunctionType_ESTest.test90
FunctionType.java,com.google.javascript.rhino.jstype.FunctionType,org.pitest.mutationtest.engine.gregor.mutators.NonVoidMethodCallMutator,getPrototype,333,KILLED,com.google.javascript.rhino.jstype.FunctionType_ESTest.test90
FunctionType.java,com.google.javascript.rhino.jstype.FunctionType,org.pitest.mutationtest.engine.gregor.mutators.NullReturnValsMutator,getPrototype,333,KILLED,com.google.javascript.rhino.jstype.FunctionType_ESTest.test90
FunctionType.java,com.google.javascript.rhino.jstype.FunctionType,org.pitest.mutationtest.engine.gregor.mutators.RemoveConditionalMutator_EQUAL_ELSE,getPrototype,314,KILLED,com.google.javascript.rhino.jstype.FunctionType_ESTest.test90
FunctionType.java,com.google.javascript.rhino.jstype.FunctionType,org.pitest.mutationtest.engine.gregor.mutators.RemoveConditionalMutator_EQUAL_ELSE,getPrototype,316,KILLED,com.google.javascript.rhino.jstype.FunctionType_ESTest.test07
FunctionType.java,com.google.javascript.rhino.jstype.FunctionType,org.pitest.mutationtest.engine.gregor.mutators.RemoveConditionalMutator_EQUAL_IF,getPrototype,314,KILLED,com.google.javascript.rhino.jstype.FunctionType_ESTest.test90
FunctionType.java,com.google.javascript.rhino.jstype.FunctionType,org.pitest.mutationtest.engine.gregor.mutators.RemoveConditionalMutator_EQUAL_IF,getPrototype,316,KILLED,com.google.javascript.rhino.jstype.JSType_ESTest.test056
FunctionType.java,com.google.javascript.rhino.jstype.FunctionType,org.pitest.mutationtest.engine.gregor.mutators.ReturnValsMutator,getPrototype,333,KILLED,com.google.javascript.rhino.jstype.FunctionType_ESTest.test90
FunctionType.java,com.google.javascript.rhino.jstype.FunctionType,org.pitest.mutationtest.engine.gregor.mutators.experimental.NakedReceiverMutator,getPrototype,324,SURVIVED,none
FunctionType.java,com.google.javascript.rhino.jstype.FunctionType,org.pitest.mutationtest.engine.gregor.mutators.experimental.NakedReceiverMutator,getPrototype,324,SURVIVED,none
FunctionType.java,com.google.javascript.rhino.jstype.FunctionType,org.pitest.mutationtest.engine.gregor.mutators.NullReturnValsMutator,getReturnType,270,SURVIVED,none
FunctionType.java,com.google.javascript.rhino.jstype.FunctionType,org.pitest.mutationtest.engine.gregor.mutators.ReturnValsMutator,getReturnType,270,SURVIVED,none
FunctionType.java,com.google.javascript.rhino.jstype.FunctionType,org.pitest.mutationtest.engine.gregor.mutators.NegateConditionalsMutator,getSlot,284,KILLED,com.google.javascript.rhino.jstype.FunctionType_ESTest.test49
FunctionType.java,com.google.javascript.rhino.jstype.FunctionType,org.pitest.mutationtest.engine.gregor.mutators.NonVoidMethodCallMutator,getSlot,284,KILLED,com.google.javascript.rhino.jstype.FunctionType_ESTest.test66
FunctionType.java,com.google.javascript.rhino.jstype.FunctionType,org.pitest.mutationtest.engine.gregor.mutators.NonVoidMethodCallMutator,getSlot,286,KILLED,com.google.javascript.rhino.jstype.FunctionType_ESTest.test66
FunctionType.java,com.google.javascript.rhino.jstype.FunctionType,org.pitest.mutationtest.engine.gregor.mutators.NonVoidMethodCallMutator,getSlot,289,KILLED,com.google.javascript.rhino.jstype.FunctionType_ESTest.test49
FunctionType.java,com.google.javascript.rhino.jstype.FunctionType,org.pitest.mutationtest.engine.gregor.mutators.NullReturnValsMutator,getSlot,287,KILLED,com.google.javascript.rhino.jstype.FunctionType_ESTest.test66
FunctionType.java,com.google.javascript.rhino.jstype.FunctionType,org.pitest.mutationtest.engine.gregor.mutators.NullReturnValsMutator,getSlot,289,KILLED,com.google.javascript.rhino.jstype.FunctionType_ESTest.test49
FunctionType.java,com.google.javascript.rhino.jstype.FunctionType,org.pitest.mutationtest.engine.gregor.mutators.RemoveConditionalMutator_EQUAL_ELSE,getSlot,284,KILLED,com.google.javascript.rhino.jstype.FunctionType_ESTest.test66
FunctionType.java,com.google.javascript.rhino.jstype.FunctionType,org.pitest.mutationtest.engine.gregor.mutators.RemoveConditionalMutator_EQUAL_IF,getSlot,284,KILLED,com.google.javascript.rhino.jstype.FunctionType_ESTest.test49
FunctionType.java,com.google.javascript.rhino.jstype.FunctionType,org.pitest.mutationtest.engine.gregor.mutators.ReturnValsMutator,getSlot,287,KILLED,com.google.javascript.rhino.jstype.FunctionType_ESTest.test66
FunctionType.java,com.google.javascript.rhino.jstype.FunctionType,org.pitest.mutationtest.engine.gregor.mutators.ReturnValsMutator,getSlot,289,KILLED,com.google.javascript.rhino.jstype.FunctionType_ESTest.test49
FunctionType.java,com.google.javascript.rhino.jstype.FunctionType,org.pitest.mutationtest.engine.gregor.mutators.NullReturnValsMutator,getSource,1036,KILLED,com.google.javascript.rhino.jstype.FunctionType_ESTest.test80
FunctionType.java,com.google.javascript.rhino.jstype.FunctionType,org.pitest.mutationtest.engine.gregor.mutators.ReturnValsMutator,getSource,1036,KILLED,com.google.javascript.rhino.jstype.FunctionType_ESTest.test80
FunctionType.java,com.google.javascript.rhino.jstype.FunctionType,org.pitest.mutationtest.engine.gregor.mutators.EmptyObjectReturnValsMutator,getSubTypes,1092,KILLED,com.google.javascript.rhino.jstype.FunctionType_ESTest.test82
FunctionType.java,com.google.javascript.rhino.jstype.FunctionType,org.pitest.mutationtest.engine.gregor.mutators.ReturnValsMutator,getSubTypes,1092,KILLED,com.google.javascript.rhino.jstype.FunctionType_ESTest.test82
FunctionType.java,com.google.javascript.rhino.jstype.FunctionType,org.pitest.mutationtest.engine.gregor.mutators.InlineConstantMutator,getSuperClassConstructor,773,KILLED,com.google.javascript.rhino.jstype.FunctionType_ESTest.test90
FunctionType.java,com.google.javascript.rhino.jstype.FunctionType,org.pitest.mutationtest.engine.gregor.mutators.InlineConstantMutator,getSuperClassConstructor,773,KILLED,com.google.javascript.rhino.jstype.FunctionType_ESTest.test30
FunctionType.java,com.google.javascript.rhino.jstype.FunctionType,org.pitest.mutationtest.engine.gregor.mutators.NegateConditionalsMutator,getSuperClassConstructor,773,KILLED,com.google.javascript.rhino.jstype.FunctionType_ESTest.test90
FunctionType.java,com.google.javascript.rhino.jstype.FunctionType,org.pitest.mutationtest.engine.gregor.mutators.NegateConditionalsMutator,getSuperClassConstructor,773,KILLED,com.google.javascript.rhino.jstype.FunctionType_ESTest.test28
FunctionType.java,com.google.javascript.rhino.jstype.FunctionType,org.pitest.mutationtest.engine.gregor.mutators.NegateConditionalsMutator,getSuperClassConstructor,775,KILLED,com.google.javascript.rhino.jstype.FunctionType_ESTest.test90
FunctionType.java,com.google.javascript.rhino.jstype.FunctionType,org.pitest.mutationtest.engine.gregor.mutators.NonVoidMethodCallMutator,getSuperClassConstructor,773,KILLED,com.google.javascript.rhino.jstype.FunctionType_ESTest.test90
FunctionType.java,com.google.javascript.rhino.jstype.FunctionType,org.pitest.mutationtest.engine.gregor.mutators.NonVoidMethodCallMutator,getSuperClassConstructor,773,KILLED,com.google.javascript.rhino.jstype.FunctionType_ESTest.test28
FunctionType.java,com.google.javascript.rhino.jstype.FunctionType,org.pitest.mutationtest.engine.gregor.mutators.NonVoidMethodCallMutator,getSuperClassConstructor,774,KILLED,com.google.javascript.rhino.jstype.FunctionType_ESTest.test90
FunctionType.java,com.google.javascript.rhino.jstype.FunctionType,org.pitest.mutationtest.engine.gregor.mutators.NonVoidMethodCallMutator,getSuperClassConstructor,774,SURVIVED,none
FunctionType.java,com.google.javascript.rhino.jstype.FunctionType,org.pitest.mutationtest.engine.gregor.mutators.NonVoidMethodCallMutator,getSuperClassConstructor,778,SURVIVED,none
FunctionType.java,com.google.javascript.rhino.jstype.FunctionType,org.pitest.mutationtest.engine.gregor.mutators.NullReturnValsMutator,getSuperClassConstructor,778,SURVIVED,none
FunctionType.java,com.google.javascript.rhino.jstype.FunctionType,org.pitest.mutationtest.engine.gregor.mutators.RemoveConditionalMutator_EQUAL_ELSE,getSuperClassConstructor,773,KILLED,com.google.javascript.rhino.jstype.FunctionType_ESTest.test30
FunctionType.java,com.google.javascript.rhino.jstype.FunctionType,org.pitest.mutationtest.engine.gregor.mutators.RemoveConditionalMutator_EQUAL_ELSE,getSuperClassConstructor,773,KILLED,com.google.javascript.rhino.jstype.FunctionType_ESTest.test28
FunctionType.java,com.google.javascript.rhino.jstype.FunctionType,org.pitest.mutationtest.engine.gregor.mutators.RemoveConditionalMutator_EQUAL_ELSE,getSuperClassConstructor,775,KILLED,com.google.javascript.rhino.jstype.FunctionType_ESTest.test90
FunctionType.java,com.google.javascript.rhino.jstype.FunctionType,org.pitest.mutationtest.engine.gregor.mutators.RemoveConditionalMutator_EQUAL_IF,getSuperClassConstructor,773,KILLED,com.google.javascript.rhino.jstype.FunctionType_ESTest.test90
FunctionType.java,com.google.javascript.rhino.jstype.FunctionType,org.pitest.mutationtest.engine.gregor.mutators.RemoveConditionalMutator_EQUAL_IF,getSuperClassConstructor,773,KILLED,com.google.javascript.rhino.jstype.FunctionType_ESTest.test30
FunctionType.java,com.google.javascript.rhino.jstype.FunctionType,org.pitest.mutationtest.engine.gregor.mutators.RemoveConditionalMutator_EQUAL_IF,getSuperClassConstructor,775,SURVIVED,none
FunctionType.java,com.google.javascript.rhino.jstype.FunctionType,org.pitest.mutationtest.engine.gregor.mutators.ReturnValsMutator,getSuperClassConstructor,776,KILLED,com.google.javascript.rhino.jstype.FunctionType_ESTest.test90
FunctionType.java,com.google.javascript.rhino.jstype.FunctionType,org.pitest.mutationtest.engine.gregor.mutators.ReturnValsMutator,getSuperClassConstructor,778,KILLED,com.google.javascript.rhino.jstype.FunctionType_ESTest.test44
FunctionType.java,com.google.javascript.rhino.jstype.FunctionType,org.pitest.mutationtest.engine.gregor.mutators.VoidMethodCallMutator,getSuperClassConstructor,773,KILLED,com.google.javascript.rhino.jstype.FunctionType_ESTest.test30
FunctionType.java,com.google.javascript.rhino.jstype.FunctionType,org.pitest.mutationtest.engine.gregor.mutators.experimental.NakedReceiverMutator,getSuperClassConstructor,774,SURVIVED,none
FunctionType.java,com.google.javascript.rhino.jstype.FunctionType,org.pitest.mutationtest.engine.gregor.mutators.NullReturnValsMutator,getTemplateTypeNames,1104,KILLED,com.google.javascript.rhino.jstype.JSType_ESTest.test021
FunctionType.java,com.google.javascript.rhino.jstype.FunctionType,org.pitest.mutationtest.engine.gregor.mutators.ReturnValsMutator,getTemplateTypeNames,1104,KILLED,com.google.javascript.rhino.jstype.JSType_ESTest.test021
FunctionType.java,com.google.javascript.rhino.jstype.FunctionType,org.pitest.mutationtest.engine.gregor.mutators.ArgumentPropagationMutator,getTopDefiningInterface,793,SURVIVED,none
FunctionType.java,com.google.javascript.rhino.jstype.FunctionType,org.pitest.mutationtest.engine.gregor.mutators.NegateConditionalsMutator,getTopDefiningInterface,788,KILLED,com.google.javascript.rhino.jstype.FunctionType_ESTest.test28
FunctionType.java,com.google.javascript.rhino.jstype.FunctionType,org.pitest.mutationtest.engine.gregor.mutators.NegateConditionalsMutator,getTopDefiningInterface,792,KILLED,com.google.javascript.rhino.jstype.FunctionType_ESTest.test28
FunctionType.java,com.google.javascript.rhino.jstype.FunctionType,org.pitest.mutationtest.engine.gregor.mutators.NonVoidMethodCallMutator,getTopDefiningInterface,788,KILLED,com.google.javascript.rhino.jstype.FunctionType_ESTest.test28
FunctionType.java,com.google.javascript.rhino.jstype.FunctionType,org.pitest.mutationtest.engine.gregor.mutators.NonVoidMethodCallMutator,getTopDefiningInterface,791,KILLED,com.google.javascript.rhino.jstype.FunctionType_ESTest.test28
FunctionType.java,com.google.javascript.rhino.jstype.FunctionType,org.pitest.mutationtest.engine.gregor.mutators.NonVoidMethodCallMutator,getTopDefiningInterface,792,KILLED,com.google.javascript.rhino.jstype.FunctionType_ESTest.test28
FunctionType.java,com.google.javascript.rhino.jstype.FunctionType,org.pitest.mutationtest.engine.gregor.mutators.NonVoidMethodCallMutator,getTopDefiningInterface,793,KILLED,com.google.javascript.rhino.jstype.FunctionType_ESTest.test28
FunctionType.java,com.google.javascript.rhino.jstype.FunctionType,org.pitest.mutationtest.engine.gregor.mutators.NullReturnValsMutator,getTopDefiningInterface,796,KILLED,com.google.javascript.rhino.jstype.FunctionType_ESTest.test28
FunctionType.java,com.google.javascript.rhino.jstype.FunctionType,org.pitest.mutationtest.engine.gregor.mutators.RemoveConditionalMutator_EQUAL_ELSE,getTopDefiningInterface,788,KILLED,com.google.javascript.rhino.jstype.FunctionType_ESTest.test28
FunctionType.java,com.google.javascript.rhino.jstype.FunctionType,org.pitest.mutationtest.engine.gregor.mutators.RemoveConditionalMutator_EQUAL_ELSE,getTopDefiningInterface,792,KILLED,com.google.javascript.rhino.jstype.FunctionType_ESTest.test28
FunctionType.java,com.google.javascript.rhino.jstype.FunctionType,org.pitest.mutationtest.engine.gregor.mutators.RemoveConditionalMutator_EQUAL_IF,getTopDefiningInterface,788,KILLED,com.google.javascript.rhino.jstype.FunctionType_ESTest.test29
FunctionType.java,com.google.javascript.rhino.jstype.FunctionType,org.pitest.mutationtest.engine.gregor.mutators.RemoveConditionalMutator_EQUAL_IF,getTopDefiningInterface,792,SURVIVED,none
FunctionType.java,com.google.javascript.rhino.jstype.FunctionType,org.pitest.mutationtest.engine.gregor.mutators.ReturnValsMutator,getTopDefiningInterface,796,KILLED,com.google.javascript.rhino.jstype.FunctionType_ESTest.test28
FunctionType.java,com.google.javascript.rhino.jstype.FunctionType,org.pitest.mutationtest.engine.gregor.mutators.ArgumentPropagationMutator,getTopMostDefiningType,810,KILLED,com.google.javascript.rhino.jstype.FunctionType_ESTest.test28
FunctionType.java,com.google.javascript.rhino.jstype.FunctionType,org.pitest.mutationtest.engine.gregor.mutators.InlineConstantMutator,getTopMostDefiningType,805,KILLED,com.google.javascript.rhino.jstype.FunctionType_ESTest.test28
FunctionType.java,com.google.javascript.rhino.jstype.FunctionType,org.pitest.mutationtest.engine.gregor.mutators.InlineConstantMutator,getTopMostDefiningType,805,SURVIVED,none
FunctionType.java,com.google.javascript.rhino.jstype.FunctionType,org.pitest.mutationtest.engine.gregor.mutators.NegateConditionalsMutator,getTopMostDefiningType,805,KILLED,com.google.javascript.rhino.jstype.FunctionType_ESTest.test26
FunctionType.java,com.google.javascript.rhino.jstype.FunctionType,org.pitest.mutationtest.engine.gregor.mutators.NegateConditionalsMutator,getTopMostDefiningType,805,KILLED,com.google.javascript.rhino.jstype.FunctionType_ESTest.test28
FunctionType.java,com.google.javascript.rhino.jstype.FunctionType,org.pitest.mutationtest.engine.gregor.mutators.NegateConditionalsMutator,getTopMostDefiningType,809,KILLED,com.google.javascript.rhino.jstype.FunctionType_ESTest.test28
FunctionType.java,com.google.javascript.rhino.jstype.FunctionType,org.pitest.mutationtest.engine.gregor.mutators.NegateConditionalsMutator,getTopMostDefiningType,818,KILLED,com.google.javascript.rhino.jstype.FunctionType_ESTest.test26
FunctionType.java,com.google.javascript.rhino.jstype.FunctionType,org.pitest.mutationtest.engine.gregor.mutators.NegateConditionalsMutator,getTopMostDefiningType,818,KILLED,com.google.javascript.rhino.jstype.FunctionType_ESTest.test25
FunctionType.java,com.google.javascript.rhino.jstype.FunctionType,org.pitest.mutationtest.engine.gregor.mutators.NonVoidMethodCallMutator,getTopMostDefiningType,805,KILLED,com.google.javascript.rhino.jstype.FunctionType_ESTest.test26
FunctionType.java,com.google.javascript.rhino.jstype.FunctionType,org.pitest.mutationtest.engine.gregor.mutators.NonVoidMethodCallMutator,getTopMostDefiningType,805,KILLED,com.google.javascript.rhino.jstype.FunctionType_ESTest.test28
FunctionType.java,com.google.javascript.rhino.jstype.FunctionType,org.pitest.mutationtest.engine.gregor.mutators.NonVoidMethodCallMutator,getTopMostDefiningType,806,KILLED,com.google.javascript.rhino.jstype.FunctionType_ESTest.test28
FunctionType.java,com.google.javascript.rhino.jstype.FunctionType,org.pitest.mutationtest.engine.gregor.mutators.NonVoidMethodCallMutator,getTopMostDefiningType,806,KILLED,com.google.javascript.rhino.jstype.FunctionType_ESTest.test28
FunctionType.java,com.google.javascript.rhino.jstype.FunctionType,org.pitest.mutationtest.engine.gregor.mutators.NonVoidMethodCallMutator,getTopMostDefiningType,809,KILLED,com.google.javascript.rhino.jstype.FunctionType_ESTest.test28
FunctionType.java,com.google.javascript.rhino.jstype.FunctionType,org.pitest.mutationtest.engine.gregor.mutators.NonVoidMethodCallMutator,getTopMostDefiningType,810,KILLED,com.google.javascript.rhino.jstype.FunctionType_ESTest.test28
FunctionType.java,com.google.javascript.rhino.jstype.FunctionType,org.pitest.mutationtest.engine.gregor.mutators.NonVoidMethodCallMutator,getTopMostDefiningType,810,KILLED,com.google.javascript.rhino.jstype.FunctionType_ESTest.test28
FunctionType.java,com.google.javascript.rhino.jstype.FunctionType,org.pitest.mutationtest.engine.gregor.mutators.NonVoidMethodCallMutator,getTopMostDefiningType,815,KILLED,com.google.javascript.rhino.jstype.FunctionType_ESTest.test26
FunctionType.java,com.google.javascript.rhino.jstype.FunctionType,org.pitest.mutationtest.engine.gregor.mutators.NonVoidMethodCallMutator,getTopMostDefiningType,816,KILLED,com.google.javascript.rhino.jstype.FunctionType_ESTest.test26
FunctionType.java,com.google.javascript.rhino.jstype.FunctionType,org.pitest.mutationtest.engine.gregor.mutators.NonVoidMethodCallMutator,getTopMostDefiningType,818,KILLED,com.google.javascript.rhino.jstype.FunctionType_ESTest.test25
FunctionType.java,com.google.javascript.rhino.jstype.FunctionType,org.pitest.mutationtest.engine.gregor.mutators.NonVoidMethodCallMutator,getTopMostDefiningType,818,SURVIVED,none
FunctionType.java,com.google.javascript.rhino.jstype.FunctionType,org.pitest.mutationtest.engine.gregor.mutators.NullReturnValsMutator,getTopMostDefiningType,810,KILLED,com.google.javascript.rhino.jstype.FunctionType_ESTest.test28
FunctionType.java,com.google.javascript.rhino.jstype.FunctionType,org.pitest.mutationtest.engine.gregor.mutators.NullReturnValsMutator,getTopMostDefiningType,820,KILLED,com.google.javascript.rhino.jstype.FunctionType_ESTest.test26
FunctionType.java,com.google.javascript.rhino.jstype.FunctionType,org.pitest.mutationtest.engine.gregor.mutators.RemoveConditionalMutator_EQUAL_ELSE,getTopMostDefiningType,805,SURVIVED,none
FunctionType.java,com.google.javascript.rhino.jstype.FunctionType,org.pitest.mutationtest.engine.gregor.mutators.RemoveConditionalMutator_EQUAL_ELSE,getTopMostDefiningType,805,KILLED,com.google.javascript.rhino.jstype.FunctionType_ESTest.test28
FunctionType.java,com.google.javascript.rhino.jstype.FunctionType,org.pitest.mutationtest.engine.gregor.mutators.RemoveConditionalMutator_EQUAL_ELSE,getTopMostDefiningType,809,KILLED,com.google.javascript.rhino.jstype.FunctionType_ESTest.test28
FunctionType.java,com.google.javascript.rhino.jstype.FunctionType,org.pitest.mutationtest.engine.gregor.mutators.RemoveConditionalMutator_EQUAL_ELSE,getTopMostDefiningType,818,SURVIVED,none
FunctionType.java,com.google.javascript.rhino.jstype.FunctionType,org.pitest.mutationtest.engine.gregor.mutators.RemoveConditionalMutator_EQUAL_ELSE,getTopMostDefiningType,818,KILLED,com.google.javascript.rhino.jstype.FunctionType_ESTest.test25
FunctionType.java,com.google.javascript.rhino.jstype.FunctionType,org.pitest.mutationtest.engine.gregor.mutators.RemoveConditionalMutator_EQUAL_IF,getTopMostDefiningType,805,KILLED,com.google.javascript.rhino.jstype.FunctionType_ESTest.test26
FunctionType.java,com.google.javascript.rhino.jstype.FunctionType,org.pitest.mutationtest.engine.gregor.mutators.RemoveConditionalMutator_EQUAL_IF,getTopMostDefiningType,805,SURVIVED,none
FunctionType.java,com.google.javascript.rhino.jstype.FunctionType,org.pitest.mutationtest.engine.gregor.mutators.RemoveConditionalMutator_EQUAL_IF,getTopMostDefiningType,809,KILLED,com.google.javascript.rhino.jstype.FunctionType_ESTest.test26
FunctionType.java,com.google.javascript.rhino.jstype.FunctionType,org.pitest.mutationtest.engine.gregor.mutators.RemoveConditionalMutator_EQUAL_IF,getTopMostDefiningType,818,KILLED,com.google.javascript.rhino.jstype.FunctionType_ESTest.test26
FunctionType.java,com.google.javascript.rhino.jstype.FunctionType,org.pitest.mutationtest.engine.gregor.mutators.RemoveConditionalMutator_EQUAL_IF,getTopMostDefiningType,818,SURVIVED,none
FunctionType.java,com.google.javascript.rhino.jstype.FunctionType,org.pitest.mutationtest.engine.gregor.mutators.ReturnValsMutator,getTopMostDefiningType,810,KILLED,com.google.javascript.rhino.jstype.FunctionType_ESTest.test28
FunctionType.java,com.google.javascript.rhino.jstype.FunctionType,org.pitest.mutationtest.engine.gregor.mutators.ReturnValsMutator,getTopMostDefiningType,820,KILLED,com.google.javascript.rhino.jstype.FunctionType_ESTest.test26
FunctionType.java,com.google.javascript.rhino.jstype.FunctionType,org.pitest.mutationtest.engine.gregor.mutators.VoidMethodCallMutator,getTopMostDefiningType,805,SURVIVED,none
FunctionType.java,com.google.javascript.rhino.jstype.FunctionType,org.pitest.mutationtest.engine.gregor.mutators.VoidMethodCallMutator,getTopMostDefiningType,806,SURVIVED,none
FunctionType.java,com.google.javascript.rhino.jstype.FunctionType,org.pitest.mutationtest.engine.gregor.mutators.experimental.NakedReceiverMutator,getTopMostDefiningType,816,SURVIVED,none
FunctionType.java,com.google.javascript.rhino.jstype.FunctionType,org.pitest.mutationtest.engine.gregor.mutators.NegateConditionalsMutator,getTypeOfThis,1028,KILLED,com.google.javascript.rhino.jstype.FunctionType_ESTest.test49
FunctionType.java,com.google.javascript.rhino.jstype.FunctionType,org.pitest.mutationtest.engine.gregor.mutators.NonVoidMethodCallMutator,getTypeOfThis,1028,SURVIVED,none
FunctionType.java,com.google.javascript.rhino.jstype.FunctionType,org.pitest.mutationtest.engine.gregor.mutators.NonVoidMethodCallMutator,getTypeOfThis,1028,SURVIVED,none
FunctionType.java,com.google.javascript.rhino.jstype.FunctionType,org.pitest.mutationtest.engine.gregor.mutators.NullReturnValsMutator,getTypeOfThis,1028,KILLED,com.google.javascript.rhino.jstype.FunctionType_ESTest.test49
FunctionType.java,com.google.javascript.rhino.jstype.FunctionType,org.pitest.mutationtest.engine.gregor.mutators.RemoveConditionalMutator_EQUAL_ELSE,getTypeOfThis,1028,SURVIVED,none
FunctionType.java,com.google.javascript.rhino.jstype.FunctionType,org.pitest.mutationtest.engine.gregor.mutators.RemoveConditionalMutator_EQUAL_IF,getTypeOfThis,1028,KILLED,com.google.javascript.rhino.jstype.FunctionType_ESTest.test49
FunctionType.java,com.google.javascript.rhino.jstype.FunctionType,org.pitest.mutationtest.engine.gregor.mutators.ReturnValsMutator,getTypeOfThis,1028,KILLED,com.google.javascript.rhino.jstype.FunctionType_ESTest.test49
FunctionType.java,com.google.javascript.rhino.jstype.FunctionType,org.pitest.mutationtest.engine.gregor.mutators.BooleanTrueReturnValsMutator,hasAnyTemplateInternal,1211,SURVIVED,none
FunctionType.java,com.google.javascript.rhino.jstype.FunctionType,org.pitest.mutationtest.engine.gregor.mutators.InlineConstantMutator,hasAnyTemplateInternal,1211,KILLED,com.google.javascript.rhino.jstype.FunctionType_ESTest.test00
FunctionType.java,com.google.javascript.rhino.jstype.FunctionType,org.pitest.mutationtest.engine.gregor.mutators.InlineConstantMutator,hasAnyTemplateInternal,1211,SURVIVED,none
FunctionType.java,com.google.javascript.rhino.jstype.FunctionType,org.pitest.mutationtest.engine.gregor.mutators.NegateConditionalsMutator,hasAnyTemplateInternal,1211,SURVIVED,none
FunctionType.java,com.google.javascript.rhino.jstype.FunctionType,org.pitest.mutationtest.engine.gregor.mutators.NegateConditionalsMutator,hasAnyTemplateInternal,1211,SURVIVED,none
FunctionType.java,com.google.javascript.rhino.jstype.FunctionType,org.pitest.mutationtest.engine.gregor.mutators.NegateConditionalsMutator,hasAnyTemplateInternal,1211,KILLED,com.google.javascript.rhino.jstype.FunctionType_ESTest.test00
FunctionType.java,com.google.javascript.rhino.jstype.FunctionType,org.pitest.mutationtest.engine.gregor.mutators.NonVoidMethodCallMutator,hasAnyTemplateInternal,1211,KILLED,com.google.javascript.rhino.jstype.JSType_ESTest.test021
FunctionType.java,com.google.javascript.rhino.jstype.FunctionType,org.pitest.mutationtest.engine.gregor.mutators.NonVoidMethodCallMutator,hasAnyTemplateInternal,1211,SURVIVED,none
FunctionType.java,com.google.javascript.rhino.jstype.FunctionType,org.pitest.mutationtest.engine.gregor.mutators.NonVoidMethodCallMutator,hasAnyTemplateInternal,1211,SURVIVED,none
FunctionType.java,com.google.javascript.rhino.jstype.FunctionType,org.pitest.mutationtest.engine.gregor.mutators.NonVoidMethodCallMutator,hasAnyTemplateInternal,1211,KILLED,com.google.javascript.rhino.jstype.FunctionType_ESTest.test00
FunctionType.java,com.google.javascript.rhino.jstype.FunctionType,org.pitest.mutationtest.engine.gregor.mutators.RemoveConditionalMutator_EQUAL_ELSE,hasAnyTemplateInternal,1211,SURVIVED,none
FunctionType.java,com.google.javascript.rhino.jstype.FunctionType,org.pitest.mutationtest.engine.gregor.mutators.RemoveConditionalMutator_EQUAL_ELSE,hasAnyTemplateInternal,1211,SURVIVED,none
FunctionType.java,com.google.javascript.rhino.jstype.FunctionType,org.pitest.mutationtest.engine.gregor.mutators.RemoveConditionalMutator_EQUAL_ELSE,hasAnyTemplateInternal,1211,KILLED,com.google.javascript.rhino.jstype.FunctionType_ESTest.test00
FunctionType.java,com.google.javascript.rhino.jstype.FunctionType,org.pitest.mutationtest.engine.gregor.mutators.RemoveConditionalMutator_EQUAL_IF,hasAnyTemplateInternal,1211,SURVIVED,none
FunctionType.java,com.google.javascript.rhino.jstype.FunctionType,org.pitest.mutationtest.engine.gregor.mutators.RemoveConditionalMutator_EQUAL_IF,hasAnyTemplateInternal,1211,SURVIVED,none
FunctionType.java,com.google.javascript.rhino.jstype.FunctionType,org.pitest.mutationtest.engine.gregor.mutators.RemoveConditionalMutator_EQUAL_IF,hasAnyTemplateInternal,1211,SURVIVED,none
FunctionType.java,com.google.javascript.rhino.jstype.FunctionType,org.pitest.mutationtest.engine.gregor.mutators.ReturnValsMutator,hasAnyTemplateInternal,1211,KILLED,com.google.javascript.rhino.jstype.FunctionType_ESTest.test00
FunctionType.java,com.google.javascript.rhino.jstype.FunctionType,org.pitest.mutationtest.engine.gregor.mutators.BooleanTrueReturnValsMutator,hasCachedValues,1097,KILLED,com.google.javascript.rhino.jstype.FunctionType_ESTest.test90
FunctionType.java,com.google.javascript.rhino.jstype.FunctionType,org.pitest.mutationtest.engine.gregor.mutators.InlineConstantMutator,hasCachedValues,1097,KILLED,com.google.javascript.rhino.jstype.JSType_ESTest.test020
FunctionType.java,com.google.javascript.rhino.jstype.FunctionType,org.pitest.mutationtest.engine.gregor.mutators.InlineConstantMutator,hasCachedValues,1097,KILLED,com.google.javascript.rhino.jstype.FunctionType_ESTest.test90
FunctionType.java,com.google.javascript.rhino.jstype.FunctionType,org.pitest.mutationtest.engine.gregor.mutators.NegateConditionalsMutator,hasCachedValues,1097,KILLED,com.google.javascript.rhino.jstype.FunctionType_ESTest.test90
FunctionType.java,com.google.javascript.rhino.jstype.FunctionType,org.pitest.mutationtest.engine.gregor.mutators.NegateConditionalsMutator,hasCachedValues,1097,KILLED,com.google.javascript.rhino.jstype.FunctionType_ESTest.test90
FunctionType.java,com.google.javascript.rhino.jstype.FunctionType,org.pitest.mutationtest.engine.gregor.mutators.NonVoidMethodCallMutator,hasCachedValues,1097,KILLED,com.google.javascript.rhino.jstype.JSType_ESTest.test020
FunctionType.java,com.google.javascript.rhino.jstype.FunctionType,org.pitest.mutationtest.engine.gregor.mutators.RemoveConditionalMutator_EQUAL_ELSE,hasCachedValues,1097,KILLED,com.google.javascript.rhino.jstype.FunctionType_ESTest.test90
FunctionType.java,com.google.javascript.rhino.jstype.FunctionType,org.pitest.mutationtest.engine.gregor.mutators.RemoveConditionalMutator_EQUAL_ELSE,hasCachedValues,1097,KILLED,com.google.javascript.rhino.jstype.JSType_ESTest.test020
FunctionType.java,com.google.javascript.rhino.jstype.FunctionType,org.pitest.mutationtest.engine.gregor.mutators.RemoveConditionalMutator_EQUAL_IF,hasCachedValues,1097,KILLED,com.google.javascript.rhino.jstype.FunctionType_ESTest.test49
FunctionType.java,com.google.javascript.rhino.jstype.FunctionType,org.pitest.mutationtest.engine.gregor.mutators.RemoveConditionalMutator_EQUAL_IF,hasCachedValues,1097,KILLED,com.google.javascript.rhino.jstype.FunctionType_ESTest.test90
FunctionType.java,com.google.javascript.rhino.jstype.FunctionType,org.pitest.mutationtest.engine.gregor.mutators.ReturnValsMutator,hasCachedValues,1097,KILLED,com.google.javascript.rhino.jstype.FunctionType_ESTest.test90
FunctionType.java,com.google.javascript.rhino.jstype.FunctionType,org.pitest.mutationtest.engine.gregor.mutators.BooleanFalseReturnValsMutator,hasEqualCallType,859,SURVIVED,none
FunctionType.java,com.google.javascript.rhino.jstype.FunctionType,org.pitest.mutationtest.engine.gregor.mutators.BooleanTrueReturnValsMutator,hasEqualCallType,859,SURVIVED,none
FunctionType.java,com.google.javascript.rhino.jstype.FunctionType,org.pitest.mutationtest.engine.gregor.mutators.NonVoidMethodCallMutator,hasEqualCallType,859,SURVIVED,none
FunctionType.java,com.google.javascript.rhino.jstype.FunctionType,org.pitest.mutationtest.engine.gregor.mutators.ReturnValsMutator,hasEqualCallType,859,SURVIVED,none
FunctionType.java,com.google.javascript.rhino.jstype.FunctionType,org.pitest.mutationtest.engine.gregor.mutators.BooleanFalseReturnValsMutator,hasImplementedInterfaces,213,KILLED,com.google.javascript.rhino.jstype.FunctionType_ESTest.test74
FunctionType.java,com.google.javascript.rhino.jstype.FunctionType,org.pitest.mutationtest.engine.gregor.mutators.BooleanFalseReturnValsMutator,hasImplementedInterfaces,218,SURVIVED,none
FunctionType.java,com.google.javascript.rhino.jstype.FunctionType,org.pitest.mutationtest.engine.gregor.mutators.BooleanTrueReturnValsMutator,hasImplementedInterfaces,218,KILLED,com.google.javascript.rhino.jstype.FunctionType_ESTest.test11
FunctionType.java,com.google.javascript.rhino.jstype.FunctionType,org.pitest.mutationtest.engine.gregor.mutators.BooleanTrueReturnValsMutator,hasImplementedInterfaces,220,KILLED,com.google.javascript.rhino.jstype.FunctionType_ESTest.test73
FunctionType.java,com.google.javascript.rhino.jstype.FunctionType,org.pitest.mutationtest.engine.gregor.mutators.InlineConstantMutator,hasImplementedInterfaces,213,KILLED,com.google.javascript.rhino.jstype.FunctionType_ESTest.test74
FunctionType.java,com.google.javascript.rhino.jstype.FunctionType,org.pitest.mutationtest.engine.gregor.mutators.InlineConstantMutator,hasImplementedInterfaces,220,KILLED,com.google.javascript.rhino.jstype.FunctionType_ESTest.test73
FunctionType.java,com.google.javascript.rhino.jstype.FunctionType,org.pitest.mutationtest.engine.gregor.mutators.NegateConditionalsMutator,hasImplementedInterfaces,212,KILLED,com.google.javascript.rhino.jstype.FunctionType_ESTest.test74
FunctionType.java,com.google.javascript.rhino.jstype.FunctionType,org.pitest.mutationtest.engine.gregor.mutators.NegateConditionalsMutator,hasImplementedInterfaces,215,KILLED,com.google.javascript.rhino.jstype.FunctionType_ESTest.test73
FunctionType.java,com.google.javascript.rhino.jstype.FunctionType,org.pitest.mutationtest.engine.gregor.mutators.NegateConditionalsMutator,hasImplementedInterfaces,217,KILLED,com.google.javascript.rhino.jstype.FunctionType_ESTest.test73
FunctionType.java,com.google.javascript.rhino.jstype.FunctionType,org.pitest.mutationtest.engine.gregor.mutators.NonVoidMethodCallMutator,hasImplementedInterfaces,212,KILLED,com.google.javascript.rhino.jstype.FunctionType_ESTest.test73
FunctionType.java,com.google.javascript.rhino.jstype.FunctionType,org.pitest.mutationtest.engine.gregor.mutators.NonVoidMethodCallMutator,hasImplementedInterfaces,215,KILLED,com.google.javascript.rhino.jstype.FunctionType_ESTest.test11
FunctionType.java,com.google.javascript.rhino.jstype.FunctionType,org.pitest.mutationtest.engine.gregor.mutators.NonVoidMethodCallMutator,hasImplementedInterfaces,215,KILLED,com.google.javascript.rhino.jstype.FunctionType_ESTest.test11
FunctionType.java,com.google.javascript.rhino.jstype.FunctionType,org.pitest.mutationtest.engine.gregor.mutators.NonVoidMethodCallMutator,hasImplementedInterfaces,218,SURVIVED,none
FunctionType.java,com.google.javascript.rhino.jstype.FunctionType,org.pitest.mutationtest.engine.gregor.mutators.RemoveConditionalMutator_EQUAL_ELSE,hasImplementedInterfaces,212,KILLED,com.google.javascript.rhino.jstype.FunctionType_ESTest.test74
FunctionType.java,com.google.javascript.rhino.jstype.FunctionType,org.pitest.mutationtest.engine.gregor.mutators.RemoveConditionalMutator_EQUAL_ELSE,hasImplementedInterfaces,215,KILLED,com.google.javascript.rhino.jstype.FunctionType_ESTest.test11
FunctionType.java,com.google.javascript.rhino.jstype.FunctionType,org.pitest.mutationtest.engine.gregor.mutators.RemoveConditionalMutator_EQUAL_ELSE,hasImplementedInterfaces,217,SURVIVED,none
FunctionType.java,com.google.javascript.rhino.jstype.FunctionType,org.pitest.mutationtest.engine.gregor.mutators.RemoveConditionalMutator_EQUAL_IF,hasImplementedInterfaces,212,KILLED,com.google.javascript.rhino.jstype.FunctionType_ESTest.test73
FunctionType.java,com.google.javascript.rhino.jstype.FunctionType,org.pitest.mutationtest.engine.gregor.mutators.RemoveConditionalMutator_EQUAL_IF,hasImplementedInterfaces,215,KILLED,com.google.javascript.rhino.jstype.FunctionType_ESTest.test73
FunctionType.java,com.google.javascript.rhino.jstype.FunctionType,org.pitest.mutationtest.engine.gregor.mutators.RemoveConditionalMutator_EQUAL_IF,hasImplementedInterfaces,217,KILLED,com.google.javascript.rhino.jstype.FunctionType_ESTest.test73
FunctionType.java,com.google.javascript.rhino.jstype.FunctionType,org.pitest.mutationtest.engine.gregor.mutators.ReturnValsMutator,hasImplementedInterfaces,213,KILLED,com.google.javascript.rhino.jstype.FunctionType_ESTest.test74
FunctionType.java,com.google.javascript.rhino.jstype.FunctionType,org.pitest.mutationtest.engine.gregor.mutators.ReturnValsMutator,hasImplementedInterfaces,218,KILLED,com.google.javascript.rhino.jstype.FunctionType_ESTest.test11
FunctionType.java,com.google.javascript.rhino.jstype.FunctionType,org.pitest.mutationtest.engine.gregor.mutators.ReturnValsMutator,hasImplementedInterfaces,220,KILLED,com.google.javascript.rhino.jstype.FunctionType_ESTest.test73
FunctionType.java,com.google.javascript.rhino.jstype.FunctionType,org.pitest.mutationtest.engine.gregor.mutators.experimental.NakedReceiverMutator,hasImplementedInterfaces,215,KILLED,com.google.javascript.rhino.jstype.FunctionType_ESTest.test11
FunctionType.java,com.google.javascript.rhino.jstype.FunctionType,org.pitest.mutationtest.engine.gregor.mutators.BooleanTrueReturnValsMutator,hasInstanceType,1020,KILLED,com.google.javascript.rhino.jstype.FunctionType_ESTest.test71
FunctionType.java,com.google.javascript.rhino.jstype.FunctionType,org.pitest.mutationtest.engine.gregor.mutators.InlineConstantMutator,hasInstanceType,1020,KILLED,com.google.javascript.rhino.jstype.FunctionType_ESTest.test90
FunctionType.java,com.google.javascript.rhino.jstype.FunctionType,org.pitest.mutationtest.engine.gregor.mutators.InlineConstantMutator,hasInstanceType,1020,KILLED,com.google.javascript.rhino.jstype.FunctionType_ESTest.test71
FunctionType.java,com.google.javascript.rhino.jstype.FunctionType,org.pitest.mutationtest.engine.gregor.mutators.NegateConditionalsMutator,hasInstanceType,1020,KILLED,com.google.javascript.rhino.jstype.FunctionType_ESTest.test90
FunctionType.java,com.google.javascript.rhino.jstype.FunctionType,org.pitest.mutationtest.engine.gregor.mutators.NegateConditionalsMutator,hasInstanceType,1020,KILLED,com.google.javascript.rhino.jstype.FunctionType_ESTest.test71
FunctionType.java,com.google.javascript.rhino.jstype.FunctionType,org.pitest.mutationtest.engine.gregor.mutators.NonVoidMethodCallMutator,hasInstanceType,1020,KILLED,com.google.javascript.rhino.jstype.FunctionType_ESTest.test90
FunctionType.java,com.google.javascript.rhino.jstype.FunctionType,org.pitest.mutationtest.engine.gregor.mutators.NonVoidMethodCallMutator,hasInstanceType,1020,KILLED,com.google.javascript.rhino.jstype.FunctionType_ESTest.test79
FunctionType.java,com.google.javascript.rhino.jstype.FunctionType,org.pitest.mutationtest.engine.gregor.mutators.RemoveConditionalMutator_EQUAL_ELSE,hasInstanceType,1020,KILLED,com.google.javascript.rhino.jstype.FunctionType_ESTest.test71
FunctionType.java,com.google.javascript.rhino.jstype.FunctionType,org.pitest.mutationtest.engine.gregor.mutators.RemoveConditionalMutator_EQUAL_ELSE,hasInstanceType,1020,KILLED,com.google.javascript.rhino.jstype.FunctionType_ESTest.test79
FunctionType.java,com.google.javascript.rhino.jstype.FunctionType,org.pitest.mutationtest.engine.gregor.mutators.RemoveConditionalMutator_EQUAL_IF,hasInstanceType,1020,KILLED,com.google.javascript.rhino.jstype.FunctionType_ESTest.test90
FunctionType.java,com.google.javascript.rhino.jstype.FunctionType,org.pitest.mutationtest.engine.gregor.mutators.RemoveConditionalMutator_EQUAL_IF,hasInstanceType,1020,KILLED,com.google.javascript.rhino.jstype.FunctionType_ESTest.test71
FunctionType.java,com.google.javascript.rhino.jstype.FunctionType,org.pitest.mutationtest.engine.gregor.mutators.ReturnValsMutator,hasInstanceType,1020,KILLED,com.google.javascript.rhino.jstype.FunctionType_ESTest.test90
FunctionType.java,com.google.javascript.rhino.jstype.FunctionType,org.pitest.mutationtest.engine.gregor.mutators.NegateConditionalsMutator,hashCode,855,SURVIVED,none
FunctionType.java,com.google.javascript.rhino.jstype.FunctionType,org.pitest.mutationtest.engine.gregor.mutators.NonVoidMethodCallMutator,hashCode,855,SURVIVED,none
FunctionType.java,com.google.javascript.rhino.jstype.FunctionType,org.pitest.mutationtest.engine.gregor.mutators.NonVoidMethodCallMutator,hashCode,855,KILLED,com.google.javascript.rhino.jstype.FunctionType_ESTest.test21
FunctionType.java,com.google.javascript.rhino.jstype.FunctionType,org.pitest.mutationtest.engine.gregor.mutators.NonVoidMethodCallMutator,hashCode,855,SURVIVED,none
FunctionType.java,com.google.javascript.rhino.jstype.FunctionType,org.pitest.mutationtest.engine.gregor.mutators.NonVoidMethodCallMutator,hashCode,855,SURVIVED,none
FunctionType.java,com.google.javascript.rhino.jstype.FunctionType,org.pitest.mutationtest.engine.gregor.mutators.PrimitiveReturnsMutator,hashCode,855,SURVIVED,none
FunctionType.java,com.google.javascript.rhino.jstype.FunctionType,org.pitest.mutationtest.engine.gregor.mutators.RemoveConditionalMutator_EQUAL_ELSE,hashCode,855,SURVIVED,none
FunctionType.java,com.google.javascript.rhino.jstype.FunctionType,org.pitest.mutationtest.engine.gregor.mutators.RemoveConditionalMutator_EQUAL_IF,hashCode,855,SURVIVED,none
FunctionType.java,com.google.javascript.rhino.jstype.FunctionType,org.pitest.mutationtest.engine.gregor.mutators.ReturnValsMutator,hashCode,855,SURVIVED,none
FunctionType.java,com.google.javascript.rhino.jstype.FunctionType,org.pitest.mutationtest.engine.gregor.mutators.BooleanTrueReturnValsMutator,isConstructor,188,KILLED,com.google.javascript.rhino.jstype.FunctionType_ESTest.test71
FunctionType.java,com.google.javascript.rhino.jstype.FunctionType,org.pitest.mutationtest.engine.gregor.mutators.InlineConstantMutator,isConstructor,188,KILLED,com.google.javascript.rhino.jstype.FunctionType_ESTest.test90
FunctionType.java,com.google.javascript.rhino.jstype.FunctionType,org.pitest.mutationtest.engine.gregor.mutators.InlineConstantMutator,isConstructor,188,KILLED,com.google.javascript.rhino.jstype.FunctionType_ESTest.test71
FunctionType.java,com.google.javascript.rhino.jstype.FunctionType,org.pitest.mutationtest.engine.gregor.mutators.NegateConditionalsMutator,isConstructor,188,KILLED,com.google.javascript.rhino.jstype.FunctionType_ESTest.test90
FunctionType.java,com.google.javascript.rhino.jstype.FunctionType,org.pitest.mutationtest.engine.gregor.mutators.RemoveConditionalMutator_EQUAL_ELSE,isConstructor,188,KILLED,com.google.javascript.rhino.jstype.FunctionType_ESTest.test90
FunctionType.java,com.google.javascript.rhino.jstype.FunctionType,org.pitest.mutationtest.engine.gregor.mutators.RemoveConditionalMutator_EQUAL_IF,isConstructor,188,KILLED,com.google.javascript.rhino.jstype.FunctionType_ESTest.test71
FunctionType.java,com.google.javascript.rhino.jstype.FunctionType,org.pitest.mutationtest.engine.gregor.mutators.ReturnValsMutator,isConstructor,188,KILLED,com.google.javascript.rhino.jstype.FunctionType_ESTest.test90
FunctionType.java,com.google.javascript.rhino.jstype.FunctionType,org.pitest.mutationtest.engine.gregor.mutators.BooleanFalseReturnValsMutator,isEquivalentTo,842,KILLED,com.google.javascript.rhino.jstype.FunctionType_ESTest.test76
FunctionType.java,com.google.javascript.rhino.jstype.FunctionType,org.pitest.mutationtest.engine.gregor.mutators.BooleanTrueReturnValsMutator,isEquivalentTo,832,KILLED,com.google.javascript.rhino.jstype.JSType_ESTest.test033
FunctionType.java,com.google.javascript.rhino.jstype.FunctionType,org.pitest.mutationtest.engine.gregor.mutators.BooleanTrueReturnValsMutator,isEquivalentTo,836,KILLED,com.google.javascript.rhino.jstype.FunctionType_ESTest.test33
FunctionType.java,com.google.javascript.rhino.jstype.FunctionType,org.pitest.mutationtest.engine.gregor.mutators.BooleanTrueReturnValsMutator,isEquivalentTo,838,KILLED,com.google.javascript.rhino.jstype.FunctionType_ESTest.test42
FunctionType.java,com.google.javascript.rhino.jstype.FunctionType,org.pitest.mutationtest.engine.gregor.mutators.BooleanTrueReturnValsMutator,isEquivalentTo,842,SURVIVED,none
FunctionType.java,com.google.javascript.rhino.jstype.FunctionType,org.pitest.mutationtest.engine.gregor.mutators.BooleanTrueReturnValsMutator,isEquivalentTo,844,KILLED,com.google.javascript.rhino.jstype.FunctionType_ESTest.test36
FunctionType.java,com.google.javascript.rhino.jstype.FunctionType,org.pitest.mutationtest.engine.gregor.mutators.BooleanTrueReturnValsMutator,isEquivalentTo,847,KILLED,com.google.javascript.rhino.jstype.FunctionType_ESTest.test36
FunctionType.java,com.google.javascript.rhino.jstype.FunctionType,org.pitest.mutationtest.engine.gregor.mutators.BooleanTrueReturnValsMutator,isEquivalentTo,849,KILLED,com.google.javascript.rhino.jstype.FunctionType_ESTest.test42
FunctionType.java,com.google.javascript.rhino.jstype.FunctionType,org.pitest.mutationtest.engine.gregor.mutators.InlineConstantMutator,isEquivalentTo,832,KILLED,com.google.javascript.rhino.jstype.JSType_ESTest.test033
FunctionType.java,com.google.javascript.rhino.jstype.FunctionType,org.pitest.mutationtest.engine.gregor.mutators.InlineConstantMutator,isEquivalentTo,836,KILLED,com.google.javascript.rhino.jstype.FunctionType_ESTest.test33
FunctionType.java,com.google.javascript.rhino.jstype.FunctionType,org.pitest.mutationtest.engine.gregor.mutators.InlineConstantMutator,isEquivalentTo,836,KILLED,com.google.javascript.rhino.jstype.FunctionType_ESTest.test33
FunctionType.java,com.google.javascript.rhino.jstype.FunctionType,org.pitest.mutationtest.engine.gregor.mutators.InlineConstantMutator,isEquivalentTo,838,KILLED,com.google.javascript.rhino.jstype.FunctionType_ESTest.test42
FunctionType.java,com.google.javascript.rhino.jstype.FunctionType,org.pitest.mutationtest.engine.gregor.mutators.InlineConstantMutator,isEquivalentTo,844,KILLED,com.google.javascript.rhino.jstype.FunctionType_ESTest.test36
FunctionType.java,com.google.javascript.rhino.jstype.FunctionType,org.pitest.mutationtest.engine.gregor.mutators.InlineConstantMutator,isEquivalentTo,847,KILLED,com.google.javascript.rhino.jstype.FunctionType_ESTest.test36
FunctionType.java,com.google.javascript.rhino.jstype.FunctionType,org.pitest.mutationtest.engine.gregor.mutators.InlineConstantMutator,isEquivalentTo,849,KILLED,com.google.javascript.rhino.jstype.FunctionType_ESTest.test41
FunctionType.java,com.google.javascript.rhino.jstype.FunctionType,org.pitest.mutationtest.engine.gregor.mutators.InlineConstantMutator,isEquivalentTo,849,KILLED,com.google.javascript.rhino.jstype.FunctionType_ESTest.test42
FunctionType.java,com.google.javascript.rhino.jstype.FunctionType,org.pitest.mutationtest.engine.gregor.mutators.NegateConditionalsMutator,isEquivalentTo,831,KILLED,com.google.javascript.rhino.jstype.JSType_ESTest.test033
FunctionType.java,com.google.javascript.rhino.jstype.FunctionType,org.pitest.mutationtest.engine.gregor.mutators.NegateConditionalsMutator,isEquivalentTo,834,KILLED,com.google.javascript.rhino.jstype.FunctionType_ESTest.test76
FunctionType.java,com.google.javascript.rhino.jstype.FunctionType,org.pitest.mutationtest.engine.gregor.mutators.NegateConditionalsMutator,isEquivalentTo,835,KILLED,com.google.javascript.rhino.jstype.FunctionType_ESTest.test33
FunctionType.java,com.google.javascript.rhino.jstype.FunctionType,org.pitest.mutationtest.engine.gregor.mutators.NegateConditionalsMutator,isEquivalentTo,836,KILLED,com.google.javascript.rhino.jstype.FunctionType_ESTest.test33
FunctionType.java,com.google.javascript.rhino.jstype.FunctionType,org.pitest.mutationtest.engine.gregor.mutators.NegateConditionalsMutator,isEquivalentTo,840,KILLED,com.google.javascript.rhino.jstype.FunctionType_ESTest.test36
FunctionType.java,com.google.javascript.rhino.jstype.FunctionType,org.pitest.mutationtest.engine.gregor.mutators.NegateConditionalsMutator,isEquivalentTo,841,KILLED,com.google.javascript.rhino.jstype.FunctionType_ESTest.test36
FunctionType.java,com.google.javascript.rhino.jstype.FunctionType,org.pitest.mutationtest.engine.gregor.mutators.NegateConditionalsMutator,isEquivalentTo,846,KILLED,com.google.javascript.rhino.jstype.FunctionType_ESTest.test14
FunctionType.java,com.google.javascript.rhino.jstype.FunctionType,org.pitest.mutationtest.engine.gregor.mutators.NegateConditionalsMutator,isEquivalentTo,849,KILLED,com.google.javascript.rhino.jstype.FunctionType_ESTest.test41
FunctionType.java,com.google.javascript.rhino.jstype.FunctionType,org.pitest.mutationtest.engine.gregor.mutators.NegateConditionalsMutator,isEquivalentTo,849,KILLED,com.google.javascript.rhino.jstype.FunctionType_ESTest.test42
FunctionType.java,com.google.javascript.rhino.jstype.FunctionType,org.pitest.mutationtest.engine.gregor.mutators.NonVoidMethodCallMutator,isEquivalentTo,829,KILLED,com.google.javascript.rhino.jstype.FunctionType_ESTest.test33
FunctionType.java,com.google.javascript.rhino.jstype.FunctionType,org.pitest.mutationtest.engine.gregor.mutators.NonVoidMethodCallMutator,isEquivalentTo,834,SURVIVED,none
FunctionType.java,com.google.javascript.rhino.jstype.FunctionType,org.pitest.mutationtest.engine.gregor.mutators.NonVoidMethodCallMutator,isEquivalentTo,835,KILLED,com.google.javascript.rhino.jstype.FunctionType_ESTest.test33
FunctionType.java,com.google.javascript.rhino.jstype.FunctionType,org.pitest.mutationtest.engine.gregor.mutators.NonVoidMethodCallMutator,isEquivalentTo,840,KILLED,com.google.javascript.rhino.jstype.FunctionType_ESTest.test76
FunctionType.java,com.google.javascript.rhino.jstype.FunctionType,org.pitest.mutationtest.engine.gregor.mutators.NonVoidMethodCallMutator,isEquivalentTo,841,KILLED,com.google.javascript.rhino.jstype.FunctionType_ESTest.test76
FunctionType.java,com.google.javascript.rhino.jstype.FunctionType,org.pitest.mutationtest.engine.gregor.mutators.NonVoidMethodCallMutator,isEquivalentTo,842,KILLED,com.google.javascript.rhino.jstype.FunctionType_ESTest.test76
FunctionType.java,com.google.javascript.rhino.jstype.FunctionType,org.pitest.mutationtest.engine.gregor.mutators.NonVoidMethodCallMutator,isEquivalentTo,842,KILLED,com.google.javascript.rhino.jstype.FunctionType_ESTest.test76
FunctionType.java,com.google.javascript.rhino.jstype.FunctionType,org.pitest.mutationtest.engine.gregor.mutators.NonVoidMethodCallMutator,isEquivalentTo,842,KILLED,com.google.javascript.rhino.jstype.FunctionType_ESTest.test76
FunctionType.java,com.google.javascript.rhino.jstype.FunctionType,org.pitest.mutationtest.engine.gregor.mutators.NonVoidMethodCallMutator,isEquivalentTo,846,KILLED,com.google.javascript.rhino.jstype.FunctionType_ESTest.test14
FunctionType.java,com.google.javascript.rhino.jstype.FunctionType,org.pitest.mutationtest.engine.gregor.mutators.NonVoidMethodCallMutator,isEquivalentTo,849,KILLED,com.google.javascript.rhino.jstype.FunctionType_ESTest.test41
FunctionType.java,com.google.javascript.rhino.jstype.FunctionType,org.pitest.mutationtest.engine.gregor.mutators.NonVoidMethodCallMutator,isEquivalentTo,849,KILLED,com.google.javascript.rhino.jstype.FunctionType_ESTest.test41
FunctionType.java,com.google.javascript.rhino.jstype.FunctionType,org.pitest.mutationtest.engine.gregor.mutators.RemoveConditionalMutator_EQUAL_ELSE,isEquivalentTo,831,KILLED,com.google.javascript.rhino.jstype.JSType_ESTest.test033
FunctionType.java,com.google.javascript.rhino.jstype.FunctionType,org.pitest.mutationtest.engine.gregor.mutators.RemoveConditionalMutator_EQUAL_ELSE,isEquivalentTo,834,SURVIVED,none
FunctionType.java,com.google.javascript.rhino.jstype.FunctionType,org.pitest.mutationtest.engine.gregor.mutators.RemoveConditionalMutator_EQUAL_ELSE,isEquivalentTo,835,KILLED,com.google.javascript.rhino.jstype.FunctionType_ESTest.test33
FunctionType.java,com.google.javascript.rhino.jstype.FunctionType,org.pitest.mutationtest.engine.gregor.mutators.RemoveConditionalMutator_EQUAL_ELSE,isEquivalentTo,836,KILLED,com.google.javascript.rhino.jstype.FunctionType_ESTest.test33
FunctionType.java,com.google.javascript.rhino.jstype.FunctionType,org.pitest.mutationtest.engine.gregor.mutators.RemoveConditionalMutator_EQUAL_ELSE,isEquivalentTo,840,KILLED,com.google.javascript.rhino.jstype.FunctionType_ESTest.test76
FunctionType.java,com.google.javascript.rhino.jstype.FunctionType,org.pitest.mutationtest.engine.gregor.mutators.RemoveConditionalMutator_EQUAL_ELSE,isEquivalentTo,841,KILLED,com.google.javascript.rhino.jstype.FunctionType_ESTest.test76
FunctionType.java,com.google.javascript.rhino.jstype.FunctionType,org.pitest.mutationtest.engine.gregor.mutators.RemoveConditionalMutator_EQUAL_ELSE,isEquivalentTo,846,KILLED,com.google.javascript.rhino.jstype.FunctionType_ESTest.test14
FunctionType.java,com.google.javascript.rhino.jstype.FunctionType,org.pitest.mutationtest.engine.gregor.mutators.RemoveConditionalMutator_EQUAL_ELSE,isEquivalentTo,849,KILLED,com.google.javascript.rhino.jstype.FunctionType_ESTest.test41
FunctionType.java,com.google.javascript.rhino.jstype.FunctionType,org.pitest.mutationtest.engine.gregor.mutators.RemoveConditionalMutator_EQUAL_ELSE,isEquivalentTo,849,KILLED,com.google.javascript.rhino.jstype.FunctionType_ESTest.test41
FunctionType.java,com.google.javascript.rhino.jstype.FunctionType,org.pitest.mutationtest.engine.gregor.mutators.RemoveConditionalMutator_EQUAL_IF,isEquivalentTo,831,KILLED,com.google.javascript.rhino.jstype.FunctionType_ESTest.test33
FunctionType.java,com.google.javascript.rhino.jstype.FunctionType,org.pitest.mutationtest.engine.gregor.mutators.RemoveConditionalMutator_EQUAL_IF,isEquivalentTo,834,KILLED,com.google.javascript.rhino.jstype.FunctionType_ESTest.test76
FunctionType.java,com.google.javascript.rhino.jstype.FunctionType,org.pitest.mutationtest.engine.gregor.mutators.RemoveConditionalMutator_EQUAL_IF,isEquivalentTo,835,SURVIVED,none
FunctionType.java,com.google.javascript.rhino.jstype.FunctionType,org.pitest.mutationtest.engine.gregor.mutators.RemoveConditionalMutator_EQUAL_IF,isEquivalentTo,836,KILLED,com.google.javascript.rhino.jstype.FunctionType_ESTest.test33
FunctionType.java,com.google.javascript.rhino.jstype.FunctionType,org.pitest.mutationtest.engine.gregor.mutators.RemoveConditionalMutator_EQUAL_IF,isEquivalentTo,840,KILLED,com.google.javascript.rhino.jstype.FunctionType_ESTest.test36
FunctionType.java,com.google.javascript.rhino.jstype.FunctionType,org.pitest.mutationtest.engine.gregor.mutators.RemoveConditionalMutator_EQUAL_IF,isEquivalentTo,841,KILLED,com.google.javascript.rhino.jstype.FunctionType_ESTest.test36
FunctionType.java,com.google.javascript.rhino.jstype.FunctionType,org.pitest.mutationtest.engine.gregor.mutators.RemoveConditionalMutator_EQUAL_IF,isEquivalentTo,846,KILLED,com.google.javascript.rhino.jstype.FunctionType_ESTest.test41
FunctionType.java,com.google.javascript.rhino.jstype.FunctionType,org.pitest.mutationtest.engine.gregor.mutators.RemoveConditionalMutator_EQUAL_IF,isEquivalentTo,849,KILLED,com.google.javascript.rhino.jstype.FunctionType_ESTest.test41
FunctionType.java,com.google.javascript.rhino.jstype.FunctionType,org.pitest.mutationtest.engine.gregor.mutators.RemoveConditionalMutator_EQUAL_IF,isEquivalentTo,849,KILLED,com.google.javascript.rhino.jstype.FunctionType_ESTest.test42
FunctionType.java,com.google.javascript.rhino.jstype.FunctionType,org.pitest.mutationtest.engine.gregor.mutators.ReturnValsMutator,isEquivalentTo,832,KILLED,com.google.javascript.rhino.jstype.JSType_ESTest.test033
FunctionType.java,com.google.javascript.rhino.jstype.FunctionType,org.pitest.mutationtest.engine.gregor.mutators.ReturnValsMutator,isEquivalentTo,836,KILLED,com.google.javascript.rhino.jstype.FunctionType_ESTest.test33
FunctionType.java,com.google.javascript.rhino.jstype.FunctionType,org.pitest.mutationtest.engine.gregor.mutators.ReturnValsMutator,isEquivalentTo,838,KILLED,com.google.javascript.rhino.jstype.FunctionType_ESTest.test42
FunctionType.java,com.google.javascript.rhino.jstype.FunctionType,org.pitest.mutationtest.engine.gregor.mutators.ReturnValsMutator,isEquivalentTo,842,KILLED,com.google.javascript.rhino.jstype.FunctionType_ESTest.test76
FunctionType.java,com.google.javascript.rhino.jstype.FunctionType,org.pitest.mutationtest.engine.gregor.mutators.ReturnValsMutator,isEquivalentTo,844,KILLED,com.google.javascript.rhino.jstype.FunctionType_ESTest.test36
FunctionType.java,com.google.javascript.rhino.jstype.FunctionType,org.pitest.mutationtest.engine.gregor.mutators.ReturnValsMutator,isEquivalentTo,847,KILLED,com.google.javascript.rhino.jstype.FunctionType_ESTest.test36
FunctionType.java,com.google.javascript.rhino.jstype.FunctionType,org.pitest.mutationtest.engine.gregor.mutators.ReturnValsMutator,isEquivalentTo,849,KILLED,com.google.javascript.rhino.jstype.FunctionType_ESTest.test42
FunctionType.java,com.google.javascript.rhino.jstype.FunctionType,org.pitest.mutationtest.engine.gregor.mutators.BooleanFalseReturnValsMutator,isInstanceType,183,SURVIVED,none
FunctionType.java,com.google.javascript.rhino.jstype.FunctionType,org.pitest.mutationtest.engine.gregor.mutators.BooleanTrueReturnValsMutator,isInstanceType,183,SURVIVED,none
FunctionType.java,com.google.javascript.rhino.jstype.FunctionType,org.pitest.mutationtest.engine.gregor.mutators.NonVoidMethodCallMutator,isInstanceType,183,SURVIVED,none
FunctionType.java,com.google.javascript.rhino.jstype.FunctionType,org.pitest.mutationtest.engine.gregor.mutators.NonVoidMethodCallMutator,isInstanceType,183,SURVIVED,none
FunctionType.java,com.google.javascript.rhino.jstype.FunctionType,org.pitest.mutationtest.engine.gregor.mutators.ReturnValsMutator,isInstanceType,183,SURVIVED,none
FunctionType.java,com.google.javascript.rhino.jstype.FunctionType,org.pitest.mutationtest.engine.gregor.mutators.BooleanTrueReturnValsMutator,isInterface,193,KILLED,com.google.javascript.rhino.jstype.FunctionType_ESTest.test80
FunctionType.java,com.google.javascript.rhino.jstype.FunctionType,org.pitest.mutationtest.engine.gregor.mutators.InlineConstantMutator,isInterface,193,KILLED,com.google.javascript.rhino.jstype.FunctionType_ESTest.test79
FunctionType.java,com.google.javascript.rhino.jstype.FunctionType,org.pitest.mutationtest.engine.gregor.mutators.InlineConstantMutator,isInterface,193,KILLED,com.google.javascript.rhino.jstype.FunctionType_ESTest.test80
FunctionType.java,com.google.javascript.rhino.jstype.FunctionType,org.pitest.mutationtest.engine.gregor.mutators.NegateConditionalsMutator,isInterface,193,KILLED,com.google.javascript.rhino.jstype.FunctionType_ESTest.test80
FunctionType.java,com.google.javascript.rhino.jstype.FunctionType,org.pitest.mutationtest.engine.gregor.mutators.RemoveConditionalMutator_EQUAL_ELSE,isInterface,193,KILLED,com.google.javascript.rhino.jstype.FunctionType_ESTest.test79
FunctionType.java,com.google.javascript.rhino.jstype.FunctionType,org.pitest.mutationtest.engine.gregor.mutators.RemoveConditionalMutator_EQUAL_IF,isInterface,193,KILLED,com.google.javascript.rhino.jstype.FunctionType_ESTest.test80
FunctionType.java,com.google.javascript.rhino.jstype.FunctionType,org.pitest.mutationtest.engine.gregor.mutators.ReturnValsMutator,isInterface,193,KILLED,com.google.javascript.rhino.jstype.FunctionType_ESTest.test80
FunctionType.java,com.google.javascript.rhino.jstype.FunctionType,org.pitest.mutationtest.engine.gregor.mutators.BooleanTrueReturnValsMutator,isOrdinaryFunction,198,KILLED,com.google.javascript.rhino.jstype.FunctionType_ESTest.test80
FunctionType.java,com.google.javascript.rhino.jstype.FunctionType,org.pitest.mutationtest.engine.gregor.mutators.InlineConstantMutator,isOrdinaryFunction,198,KILLED,com.google.javascript.rhino.jstype.FunctionType_ESTest.test71
FunctionType.java,com.google.javascript.rhino.jstype.FunctionType,org.pitest.mutationtest.engine.gregor.mutators.InlineConstantMutator,isOrdinaryFunction,198,KILLED,com.google.javascript.rhino.jstype.FunctionType_ESTest.test80
FunctionType.java,com.google.javascript.rhino.jstype.FunctionType,org.pitest.mutationtest.engine.gregor.mutators.NegateConditionalsMutator,isOrdinaryFunction,198,KILLED,com.google.javascript.rhino.jstype.FunctionType_ESTest.test80
FunctionType.java,com.google.javascript.rhino.jstype.FunctionType,org.pitest.mutationtest.engine.gregor.mutators.RemoveConditionalMutator_EQUAL_ELSE,isOrdinaryFunction,198,KILLED,com.google.javascript.rhino.jstype.FunctionType_ESTest.test71
FunctionType.java,com.google.javascript.rhino.jstype.FunctionType,org.pitest.mutationtest.engine.gregor.mutators.RemoveConditionalMutator_EQUAL_IF,isOrdinaryFunction,198,KILLED,com.google.javascript.rhino.jstype.FunctionType_ESTest.test80
FunctionType.java,com.google.javascript.rhino.jstype.FunctionType,org.pitest.mutationtest.engine.gregor.mutators.ReturnValsMutator,isOrdinaryFunction,198,KILLED,com.google.javascript.rhino.jstype.FunctionType_ESTest.test80
FunctionType.java,com.google.javascript.rhino.jstype.FunctionType,org.pitest.mutationtest.engine.gregor.mutators.BooleanFalseReturnValsMutator,isReturnTypeInferred,274,SURVIVED,none
FunctionType.java,com.google.javascript.rhino.jstype.FunctionType,org.pitest.mutationtest.engine.gregor.mutators.BooleanTrueReturnValsMutator,isReturnTypeInferred,274,KILLED,com.google.javascript.rhino.jstype.FunctionType_ESTest.test80
FunctionType.java,com.google.javascript.rhino.jstype.FunctionType,org.pitest.mutationtest.engine.gregor.mutators.ReturnValsMutator,isReturnTypeInferred,274,KILLED,com.google.javascript.rhino.jstype.FunctionType_ESTest.test80
FunctionType.java,com.google.javascript.rhino.jstype.FunctionType,org.pitest.mutationtest.engine.gregor.mutators.BooleanFalseReturnValsMutator,isSubtype,952,KILLED,com.google.javascript.rhino.jstype.FunctionType_ESTest.test40
FunctionType.java,com.google.javascript.rhino.jstype.FunctionType,org.pitest.mutationtest.engine.gregor.mutators.BooleanFalseReturnValsMutator,isSubtype,959,KILLED,com.google.javascript.rhino.jstype.FunctionType_ESTest.test14
FunctionType.java,com.google.javascript.rhino.jstype.FunctionType,org.pitest.mutationtest.engine.gregor.mutators.BooleanFalseReturnValsMutator,isSubtype,990,SURVIVED,none
FunctionType.java,com.google.javascript.rhino.jstype.FunctionType,org.pitest.mutationtest.engine.gregor.mutators.BooleanTrueReturnValsMutator,isSubtype,963,KILLED,com.google.javascript.rhino.jstype.FunctionType_ESTest.test24
FunctionType.java,com.google.javascript.rhino.jstype.FunctionType,org.pitest.mutationtest.engine.gregor.mutators.BooleanTrueReturnValsMutator,isSubtype,987,KILLED,com.google.javascript.rhino.jstype.FunctionType_ESTest.test40
FunctionType.java,com.google.javascript.rhino.jstype.FunctionType,org.pitest.mutationtest.engine.gregor.mutators.BooleanTrueReturnValsMutator,isSubtype,990,KILLED,com.google.javascript.rhino.jstype.JSType_ESTest.test033
FunctionType.java,com.google.javascript.rhino.jstype.FunctionType,org.pitest.mutationtest.engine.gregor.mutators.InlineConstantMutator,isSubtype,952,KILLED,com.google.javascript.rhino.jstype.FunctionType_ESTest.test40
FunctionType.java,com.google.javascript.rhino.jstype.FunctionType,org.pitest.mutationtest.engine.gregor.mutators.InlineConstantMutator,isSubtype,959,KILLED,com.google.javascript.rhino.jstype.FunctionType_ESTest.test14
FunctionType.java,com.google.javascript.rhino.jstype.FunctionType,org.pitest.mutationtest.engine.gregor.mutators.InlineConstantMutator,isSubtype,963,KILLED,com.google.javascript.rhino.jstype.FunctionType_ESTest.test24
FunctionType.java,com.google.javascript.rhino.jstype.FunctionType,org.pitest.mutationtest.engine.gregor.mutators.InlineConstantMutator,isSubtype,972,KILLED,com.google.javascript.rhino.jstype.FunctionType_ESTest.test40
FunctionType.java,com.google.javascript.rhino.jstype.FunctionType,org.pitest.mutationtest.engine.gregor.mutators.InlineConstantMutator,isSubtype,972,SURVIVED,none
FunctionType.java,com.google.javascript.rhino.jstype.FunctionType,org.pitest.mutationtest.engine.gregor.mutators.InlineConstantMutator,isSubtype,987,KILLED,com.google.javascript.rhino.jstype.FunctionType_ESTest.test40
FunctionType.java,com.google.javascript.rhino.jstype.FunctionType,org.pitest.mutationtest.engine.gregor.mutators.InlineConstantMutator,isSubtype,987,KILLED,com.google.javascript.rhino.jstype.FunctionType_ESTest.test40
FunctionType.java,com.google.javascript.rhino.jstype.FunctionType,org.pitest.mutationtest.engine.gregor.mutators.NegateConditionalsMutator,isSubtype,951,KILLED,com.google.javascript.rhino.jstype.JSType_ESTest.test033
FunctionType.java,com.google.javascript.rhino.jstype.FunctionType,org.pitest.mutationtest.engine.gregor.mutators.NegateConditionalsMutator,isSubtype,955,KILLED,com.google.javascript.rhino.jstype.JSType_ESTest.test033
FunctionType.java,com.google.javascript.rhino.jstype.FunctionType,org.pitest.mutationtest.engine.gregor.mutators.NegateConditionalsMutator,isSubtype,957,KILLED,com.google.javascript.rhino.jstype.FunctionType_ESTest.test40
FunctionType.java,com.google.javascript.rhino.jstype.FunctionType,org.pitest.mutationtest.engine.gregor.mutators.NegateConditionalsMutator,isSubtype,961,KILLED,com.google.javascript.rhino.jstype.FunctionType_ESTest.test40
FunctionType.java,com.google.javascript.rhino.jstype.FunctionType,org.pitest.mutationtest.engine.gregor.mutators.NegateConditionalsMutator,isSubtype,972,SURVIVED,none
FunctionType.java,com.google.javascript.rhino.jstype.FunctionType,org.pitest.mutationtest.engine.gregor.mutators.NegateConditionalsMutator,isSubtype,972,SURVIVED,none
FunctionType.java,com.google.javascript.rhino.jstype.FunctionType,org.pitest.mutationtest.engine.gregor.mutators.NegateConditionalsMutator,isSubtype,972,KILLED,com.google.javascript.rhino.jstype.FunctionType_ESTest.test36
FunctionType.java,com.google.javascript.rhino.jstype.FunctionType,org.pitest.mutationtest.engine.gregor.mutators.NegateConditionalsMutator,isSubtype,972,SURVIVED,none
FunctionType.java,com.google.javascript.rhino.jstype.FunctionType,org.pitest.mutationtest.engine.gregor.mutators.NegateConditionalsMutator,isSubtype,972,SURVIVED,none
FunctionType.java,com.google.javascript.rhino.jstype.FunctionType,org.pitest.mutationtest.engine.gregor.mutators.NegateConditionalsMutator,isSubtype,972,SURVIVED,none
FunctionType.java,com.google.javascript.rhino.jstype.FunctionType,org.pitest.mutationtest.engine.gregor.mutators.NegateConditionalsMutator,isSubtype,987,KILLED,com.google.javascript.rhino.jstype.FunctionType_ESTest.test40
FunctionType.java,com.google.javascript.rhino.jstype.FunctionType,org.pitest.mutationtest.engine.gregor.mutators.NegateConditionalsMutator,isSubtype,987,KILLED,com.google.javascript.rhino.jstype.FunctionType_ESTest.test40
FunctionType.java,com.google.javascript.rhino.jstype.FunctionType,org.pitest.mutationtest.engine.gregor.mutators.NonVoidMethodCallMutator,isSubtype,951,KILLED,com.google.javascript.rhino.jstype.FunctionType_ESTest.test36
FunctionType.java,com.google.javascript.rhino.jstype.FunctionType,org.pitest.mutationtest.engine.gregor.mutators.NonVoidMethodCallMutator,isSubtype,955,KILLED,com.google.javascript.rhino.jstype.FunctionType_ESTest.test40
FunctionType.java,com.google.javascript.rhino.jstype.FunctionType,org.pitest.mutationtest.engine.gregor.mutators.NonVoidMethodCallMutator,isSubtype,956,KILLED,com.google.javascript.rhino.jstype.FunctionType_ESTest.test36
FunctionType.java,com.google.javascript.rhino.jstype.FunctionType,org.pitest.mutationtest.engine.gregor.mutators.NonVoidMethodCallMutator,isSubtype,957,SURVIVED,none
FunctionType.java,com.google.javascript.rhino.jstype.FunctionType,org.pitest.mutationtest.engine.gregor.mutators.NonVoidMethodCallMutator,isSubtype,961,KILLED,com.google.javascript.rhino.jstype.FunctionType_ESTest.test24
FunctionType.java,com.google.javascript.rhino.jstype.FunctionType,org.pitest.mutationtest.engine.gregor.mutators.NonVoidMethodCallMutator,isSubtype,972,SURVIVED,none
FunctionType.java,com.google.javascript.rhino.jstype.FunctionType,org.pitest.mutationtest.engine.gregor.mutators.NonVoidMethodCallMutator,isSubtype,972,SURVIVED,none
FunctionType.java,com.google.javascript.rhino.jstype.FunctionType,org.pitest.mutationtest.engine.gregor.mutators.NonVoidMethodCallMutator,isSubtype,972,SURVIVED,none
FunctionType.java,com.google.javascript.rhino.jstype.FunctionType,org.pitest.mutationtest.engine.gregor.mutators.NonVoidMethodCallMutator,isSubtype,972,KILLED,com.google.javascript.rhino.jstype.FunctionType_ESTest.test36
FunctionType.java,com.google.javascript.rhino.jstype.FunctionType,org.pitest.mutationtest.engine.gregor.mutators.NonVoidMethodCallMutator,isSubtype,972,SURVIVED,none
FunctionType.java,com.google.javascript.rhino.jstype.FunctionType,org.pitest.mutationtest.engine.gregor.mutators.NonVoidMethodCallMutator,isSubtype,972,SURVIVED,none
FunctionType.java,com.google.javascript.rhino.jstype.FunctionType,org.pitest.mutationtest.engine.gregor.mutators.NonVoidMethodCallMutator,isSubtype,972,SURVIVED,none
FunctionType.java,com.google.javascript.rhino.jstype.FunctionType,org.pitest.mutationtest.engine.gregor.mutators.NonVoidMethodCallMutator,isSubtype,987,KILLED,com.google.javascript.rhino.jstype.FunctionType_ESTest.test40
FunctionType.java,com.google.javascript.rhino.jstype.FunctionType,org.pitest.mutationtest.engine.gregor.mutators.NonVoidMethodCallMutator,isSubtype,990,KILLED,com.google.javascript.rhino.jstype.JSType_ESTest.test033
FunctionType.java,com.google.javascript.rhino.jstype.FunctionType,org.pitest.mutationtest.engine.gregor.mutators.NonVoidMethodCallMutator,isSubtype,990,SURVIVED,none
FunctionType.java,com.google.javascript.rhino.jstype.FunctionType,org.pitest.mutationtest.engine.gregor.mutators.RemoveConditionalMutator_EQUAL_ELSE,isSubtype,951,SURVIVED,none
FunctionType.java,com.google.javascript.rhino.jstype.FunctionType,org.pitest.mutationtest.engine.gregor.mutators.RemoveConditionalMutator_EQUAL_ELSE,isSubtype,955,KILLED,com.google.javascript.rhino.jstype.FunctionType_ESTest.test40
FunctionType.java,com.google.javascript.rhino.jstype.FunctionType,org.pitest.mutationtest.engine.gregor.mutators.RemoveConditionalMutator_EQUAL_ELSE,isSubtype,957,SURVIVED,none
FunctionType.java,com.google.javascript.rhino.jstype.FunctionType,org.pitest.mutationtest.engine.gregor.mutators.RemoveConditionalMutator_EQUAL_ELSE,isSubtype,961,KILLED,com.google.javascript.rhino.jstype.FunctionType_ESTest.test24
FunctionType.java,com.google.javascript.rhino.jstype.FunctionType,org.pitest.mutationtest.engine.gregor.mutators.RemoveConditionalMutator_EQUAL_ELSE,isSubtype,972,SURVIVED,none
FunctionType.java,com.google.javascript.rhino.jstype.FunctionType,org.pitest.mutationtest.engine.gregor.mutators.RemoveConditionalMutator_EQUAL_ELSE,isSubtype,972,SURVIVED,none
FunctionType.java,com.google.javascript.rhino.jstype.FunctionType,org.pitest.mutationtest.engine.gregor.mutators.RemoveConditionalMutator_EQUAL_ELSE,isSubtype,972,SURVIVED,none
FunctionType.java,com.google.javascript.rhino.jstype.FunctionType,org.pitest.mutationtest.engine.gregor.mutators.RemoveConditionalMutator_EQUAL_ELSE,isSubtype,972,SURVIVED,none
FunctionType.java,com.google.javascript.rhino.jstype.FunctionType,org.pitest.mutationtest.engine.gregor.mutators.RemoveConditionalMutator_EQUAL_ELSE,isSubtype,972,SURVIVED,none
FunctionType.java,com.google.javascript.rhino.jstype.FunctionType,org.pitest.mutationtest.engine.gregor.mutators.RemoveConditionalMutator_EQUAL_ELSE,isSubtype,972,SURVIVED,none
FunctionType.java,com.google.javascript.rhino.jstype.FunctionType,org.pitest.mutationtest.engine.gregor.mutators.RemoveConditionalMutator_EQUAL_ELSE,isSubtype,987,KILLED,com.google.javascript.rhino.jstype.FunctionType_ESTest.test40
FunctionType.java,com.google.javascript.rhino.jstype.FunctionType,org.pitest.mutationtest.engine.gregor.mutators.RemoveConditionalMutator_EQUAL_ELSE,isSubtype,987,KILLED,com.google.javascript.rhino.jstype.FunctionType_ESTest.test40
FunctionType.java,com.google.javascript.rhino.jstype.FunctionType,org.pitest.mutationtest.engine.gregor.mutators.RemoveConditionalMutator_EQUAL_IF,isSubtype,951,KILLED,com.google.javascript.rhino.jstype.JSType_ESTest.test033
FunctionType.java,com.google.javascript.rhino.jstype.FunctionType,org.pitest.mutationtest.engine.gregor.mutators.RemoveConditionalMutator_EQUAL_IF,isSubtype,955,KILLED,com.google.javascript.rhino.jstype.JSType_ESTest.test033
FunctionType.java,com.google.javascript.rhino.jstype.FunctionType,org.pitest.mutationtest.engine.gregor.mutators.RemoveConditionalMutator_EQUAL_IF,isSubtype,957,KILLED,com.google.javascript.rhino.jstype.FunctionType_ESTest.test40
FunctionType.java,com.google.javascript.rhino.jstype.FunctionType,org.pitest.mutationtest.engine.gregor.mutators.RemoveConditionalMutator_EQUAL_IF,isSubtype,961,KILLED,com.google.javascript.rhino.jstype.FunctionType_ESTest.test40
FunctionType.java,com.google.javascript.rhino.jstype.FunctionType,org.pitest.mutationtest.engine.gregor.mutators.RemoveConditionalMutator_EQUAL_IF,isSubtype,972,SURVIVED,none
FunctionType.java,com.google.javascript.rhino.jstype.FunctionType,org.pitest.mutationtest.engine.gregor.mutators.RemoveConditionalMutator_EQUAL_IF,isSubtype,972,SURVIVED,none
FunctionType.java,com.google.javascript.rhino.jstype.FunctionType,org.pitest.mutationtest.engine.gregor.mutators.RemoveConditionalMutator_EQUAL_IF,isSubtype,972,KILLED,com.google.javascript.rhino.jstype.FunctionType_ESTest.test36
FunctionType.java,com.google.javascript.rhino.jstype.FunctionType,org.pitest.mutationtest.engine.gregor.mutators.RemoveConditionalMutator_EQUAL_IF,isSubtype,972,SURVIVED,none
FunctionType.java,com.google.javascript.rhino.jstype.FunctionType,org.pitest.mutationtest.engine.gregor.mutators.RemoveConditionalMutator_EQUAL_IF,isSubtype,972,SURVIVED,none
FunctionType.java,com.google.javascript.rhino.jstype.FunctionType,org.pitest.mutationtest.engine.gregor.mutators.RemoveConditionalMutator_EQUAL_IF,isSubtype,972,SURVIVED,none
FunctionType.java,com.google.javascript.rhino.jstype.FunctionType,org.pitest.mutationtest.engine.gregor.mutators.RemoveConditionalMutator_EQUAL_IF,isSubtype,987,SURVIVED,none
FunctionType.java,com.google.javascript.rhino.jstype.FunctionType,org.pitest.mutationtest.engine.gregor.mutators.RemoveConditionalMutator_EQUAL_IF,isSubtype,987,KILLED,com.google.javascript.rhino.jstype.FunctionType_ESTest.test40
FunctionType.java,com.google.javascript.rhino.jstype.FunctionType,org.pitest.mutationtest.engine.gregor.mutators.ReturnValsMutator,isSubtype,952,KILLED,com.google.javascript.rhino.jstype.FunctionType_ESTest.test40
FunctionType.java,com.google.javascript.rhino.jstype.FunctionType,org.pitest.mutationtest.engine.gregor.mutators.ReturnValsMutator,isSubtype,959,KILLED,com.google.javascript.rhino.jstype.FunctionType_ESTest.test14
FunctionType.java,com.google.javascript.rhino.jstype.FunctionType,org.pitest.mutationtest.engine.gregor.mutators.ReturnValsMutator,isSubtype,963,KILLED,com.google.javascript.rhino.jstype.FunctionType_ESTest.test24
FunctionType.java,com.google.javascript.rhino.jstype.FunctionType,org.pitest.mutationtest.engine.gregor.mutators.ReturnValsMutator,isSubtype,987,KILLED,com.google.javascript.rhino.jstype.FunctionType_ESTest.test40
FunctionType.java,com.google.javascript.rhino.jstype.FunctionType,org.pitest.mutationtest.engine.gregor.mutators.ReturnValsMutator,isSubtype,990,KILLED,com.google.javascript.rhino.jstype.JSType_ESTest.test033
FunctionType.java,com.google.javascript.rhino.jstype.FunctionType,org.pitest.mutationtest.engine.gregor.mutators.ArgumentPropagationMutator,resolveInternal,1111,SURVIVED,none
FunctionType.java,com.google.javascript.rhino.jstype.FunctionType,org.pitest.mutationtest.engine.gregor.mutators.ArgumentPropagationMutator,resolveInternal,1113,SURVIVED,none
FunctionType.java,com.google.javascript.rhino.jstype.FunctionType,org.pitest.mutationtest.engine.gregor.mutators.ArgumentPropagationMutator,resolveInternal,1128,KILLED,com.google.javascript.rhino.jstype.FunctionType_ESTest.test22
FunctionType.java,com.google.javascript.rhino.jstype.FunctionType,org.pitest.mutationtest.engine.gregor.mutators.ArgumentPropagationMutator,resolveInternal,1150,SURVIVED,none
FunctionType.java,com.google.javascript.rhino.jstype.FunctionType,org.pitest.mutationtest.engine.gregor.mutators.ConditionalsBoundaryMutator,resolveInternal,1149,KILLED,com.google.javascript.rhino.jstype.FunctionType_ESTest.test04
FunctionType.java,com.google.javascript.rhino.jstype.FunctionType,org.pitest.mutationtest.engine.gregor.mutators.InlineConstantMutator,resolveInternal,1136,SURVIVED,none
FunctionType.java,com.google.javascript.rhino.jstype.FunctionType,org.pitest.mutationtest.engine.gregor.mutators.InlineConstantMutator,resolveInternal,1142,SURVIVED,none
FunctionType.java,com.google.javascript.rhino.jstype.FunctionType,org.pitest.mutationtest.engine.gregor.mutators.InlineConstantMutator,resolveInternal,1142,SURVIVED,none
FunctionType.java,com.google.javascript.rhino.jstype.FunctionType,org.pitest.mutationtest.engine.gregor.mutators.InlineConstantMutator,resolveInternal,1149,SURVIVED,none
FunctionType.java,com.google.javascript.rhino.jstype.FunctionType,org.pitest.mutationtest.engine.gregor.mutators.MathMutator,resolveInternal,1142,SURVIVED,none
FunctionType.java,com.google.javascript.rhino.jstype.FunctionType,org.pitest.mutationtest.engine.gregor.mutators.NegateConditionalsMutator,resolveInternal,1112,KILLED,com.google.javascript.rhino.jstype.JSType_ESTest.test062
FunctionType.java,com.google.javascript.rhino.jstype.FunctionType,org.pitest.mutationtest.engine.gregor.mutators.NegateConditionalsMutator,resolveInternal,1129,KILLED,com.google.javascript.rhino.jstype.FunctionType_ESTest.test05
FunctionType.java,com.google.javascript.rhino.jstype.FunctionType,org.pitest.mutationtest.engine.gregor.mutators.NegateConditionalsMutator,resolveInternal,1132,SURVIVED,none
FunctionType.java,com.google.javascript.rhino.jstype.FunctionType,org.pitest.mutationtest.engine.gregor.mutators.NegateConditionalsMutator,resolveInternal,1142,SURVIVED,none
FunctionType.java,com.google.javascript.rhino.jstype.FunctionType,org.pitest.mutationtest.engine.gregor.mutators.NegateConditionalsMutator,resolveInternal,1144,SURVIVED,none
FunctionType.java,com.google.javascript.rhino.jstype.FunctionType,org.pitest.mutationtest.engine.gregor.mutators.NegateConditionalsMutator,resolveInternal,1148,KILLED,com.google.javascript.rhino.jstype.JSType_ESTest.test062
FunctionType.java,com.google.javascript.rhino.jstype.FunctionType,org.pitest.mutationtest.engine.gregor.mutators.NegateConditionalsMutator,resolveInternal,1149,SURVIVED,none
FunctionType.java,com.google.javascript.rhino.jstype.FunctionType,org.pitest.mutationtest.engine.gregor.mutators.NonVoidMethodCallMutator,resolveInternal,1111,KILLED,com.google.javascript.rhino.jstype.FunctionType_ESTest.test22
FunctionType.java,com.google.javascript.rhino.jstype.FunctionType,org.pitest.mutationtest.engine.gregor.mutators.NonVoidMethodCallMutator,resolveInternal,1113,SURVIVED,none
FunctionType.java,com.google.javascript.rhino.jstype.FunctionType,org.pitest.mutationtest.engine.gregor.mutators.NonVoidMethodCallMutator,resolveInternal,1113,SURVIVED,none
FunctionType.java,com.google.javascript.rhino.jstype.FunctionType,org.pitest.mutationtest.engine.gregor.mutators.NonVoidMethodCallMutator,resolveInternal,1128,KILLED,com.google.javascript.rhino.jstype.FunctionType_ESTest.test22
FunctionType.java,com.google.javascript.rhino.jstype.FunctionType,org.pitest.mutationtest.engine.gregor.mutators.NonVoidMethodCallMutator,resolveInternal,1130,SURVIVED,none
FunctionType.java,com.google.javascript.rhino.jstype.FunctionType,org.pitest.mutationtest.engine.gregor.mutators.NonVoidMethodCallMutator,resolveInternal,1137,KILLED,com.google.javascript.rhino.jstype.FunctionType_ESTest.test22
FunctionType.java,com.google.javascript.rhino.jstype.FunctionType,org.pitest.mutationtest.engine.gregor.mutators.NonVoidMethodCallMutator,resolveInternal,1140,KILLED,com.google.javascript.rhino.jstype.FunctionType_ESTest.test22
FunctionType.java,com.google.javascript.rhino.jstype.FunctionType,org.pitest.mutationtest.engine.gregor.mutators.NonVoidMethodCallMutator,resolveInternal,1141,SURVIVED,none
FunctionType.java,com.google.javascript.rhino.jstype.FunctionType,org.pitest.mutationtest.engine.gregor.mutators.NonVoidMethodCallMutator,resolveInternal,1145,NO_COVERAGE,none
FunctionType.java,com.google.javascript.rhino.jstype.FunctionType,org.pitest.mutationtest.engine.gregor.mutators.NonVoidMethodCallMutator,resolveInternal,1149,SURVIVED,none
FunctionType.java,com.google.javascript.rhino.jstype.FunctionType,org.pitest.mutationtest.engine.gregor.mutators.NonVoidMethodCallMutator,resolveInternal,1150,KILLED,com.google.javascript.rhino.jstype.FunctionType_ESTest.test04
FunctionType.java,com.google.javascript.rhino.jstype.FunctionType,org.pitest.mutationtest.engine.gregor.mutators.NonVoidMethodCallMutator,resolveInternal,1150,SURVIVED,none
FunctionType.java,com.google.javascript.rhino.jstype.FunctionType,org.pitest.mutationtest.engine.gregor.mutators.NonVoidMethodCallMutator,resolveInternal,1150,SURVIVED,none
FunctionType.java,com.google.javascript.rhino.jstype.FunctionType,org.pitest.mutationtest.engine.gregor.mutators.NonVoidMethodCallMutator,resolveInternal,1150,SURVIVED,none
FunctionType.java,com.google.javascript.rhino.jstype.FunctionType,org.pitest.mutationtest.engine.gregor.mutators.NonVoidMethodCallMutator,resolveInternal,1155,KILLED,com.google.javascript.rhino.jstype.JSType_ESTest.test062
FunctionType.java,com.google.javascript.rhino.jstype.FunctionType,org.pitest.mutationtest.engine.gregor.mutators.NullReturnValsMutator,resolveInternal,1155,KILLED,com.google.javascript.rhino.jstype.JSType_ESTest.test062
FunctionType.java,com.google.javascript.rhino.jstype.FunctionType,org.pitest.mutationtest.engine.gregor.mutators.RemoveConditionalMutator_EQUAL_ELSE,resolveInternal,1112,SURVIVED,none
FunctionType.java,com.google.javascript.rhino.jstype.FunctionType,org.pitest.mutationtest.engine.gregor.mutators.RemoveConditionalMutator_EQUAL_ELSE,resolveInternal,1129,SURVIVED,none
FunctionType.java,com.google.javascript.rhino.jstype.FunctionType,org.pitest.mutationtest.engine.gregor.mutators.RemoveConditionalMutator_EQUAL_ELSE,resolveInternal,1132,SURVIVED,none
FunctionType.java,com.google.javascript.rhino.jstype.FunctionType,org.pitest.mutationtest.engine.gregor.mutators.RemoveConditionalMutator_EQUAL_ELSE,resolveInternal,1142,SURVIVED,none
FunctionType.java,com.google.javascript.rhino.jstype.FunctionType,org.pitest.mutationtest.engine.gregor.mutators.RemoveConditionalMutator_EQUAL_ELSE,resolveInternal,1144,SURVIVED,none
FunctionType.java,com.google.javascript.rhino.jstype.FunctionType,org.pitest.mutationtest.engine.gregor.mutators.RemoveConditionalMutator_EQUAL_ELSE,resolveInternal,1148,SURVIVED,none
FunctionType.java,com.google.javascript.rhino.jstype.FunctionType,org.pitest.mutationtest.engine.gregor.mutators.RemoveConditionalMutator_EQUAL_IF,resolveInternal,1112,KILLED,com.google.javascript.rhino.jstype.JSType_ESTest.test062
FunctionType.java,com.google.javascript.rhino.jstype.FunctionType,org.pitest.mutationtest.engine.gregor.mutators.RemoveConditionalMutator_EQUAL_IF,resolveInternal,1129,KILLED,com.google.javascript.rhino.jstype.FunctionType_ESTest.test05
FunctionType.java,com.google.javascript.rhino.jstype.FunctionType,org.pitest.mutationtest.engine.gregor.mutators.RemoveConditionalMutator_EQUAL_IF,resolveInternal,1132,SURVIVED,none
FunctionType.java,com.google.javascript.rhino.jstype.FunctionType,org.pitest.mutationtest.engine.gregor.mutators.RemoveConditionalMutator_EQUAL_IF,resolveInternal,1142,SURVIVED,none
FunctionType.java,com.google.javascript.rhino.jstype.FunctionType,org.pitest.mutationtest.engine.gregor.mutators.RemoveConditionalMutator_EQUAL_IF,resolveInternal,1144,SURVIVED,none
FunctionType.java,com.google.javascript.rhino.jstype.FunctionType,org.pitest.mutationtest.engine.gregor.mutators.RemoveConditionalMutator_EQUAL_IF,resolveInternal,1148,KILLED,com.google.javascript.rhino.jstype.JSType_ESTest.test062
FunctionType.java,com.google.javascript.rhino.jstype.FunctionType,org.pitest.mutationtest.engine.gregor.mutators.RemoveConditionalMutator_ORDER_ELSE,resolveInternal,1149,SURVIVED,none
FunctionType.java,com.google.javascript.rhino.jstype.FunctionType,org.pitest.mutationtest.engine.gregor.mutators.RemoveConditionalMutator_ORDER_IF,resolveInternal,1149,KILLED,com.google.javascript.rhino.jstype.FunctionType_ESTest.test04
FunctionType.java,com.google.javascript.rhino.jstype.FunctionType,org.pitest.mutationtest.engine.gregor.mutators.ReturnValsMutator,resolveInternal,1155,KILLED,com.google.javascript.rhino.jstype.JSType_ESTest.test062
FunctionType.java,com.google.javascript.rhino.jstype.FunctionType,org.pitest.mutationtest.engine.gregor.mutators.VoidMethodCallMutator,resolveInternal,1109,SURVIVED,none
FunctionType.java,com.google.javascript.rhino.jstype.FunctionType,org.pitest.mutationtest.engine.gregor.mutators.VoidMethodCallMutator,resolveInternal,1113,SURVIVED,none
FunctionType.java,com.google.javascript.rhino.jstype.FunctionType,org.pitest.mutationtest.engine.gregor.mutators.experimental.MemberVariableMutator,resolveInternal,1111,SURVIVED,none
FunctionType.java,com.google.javascript.rhino.jstype.FunctionType,org.pitest.mutationtest.engine.gregor.mutators.experimental.MemberVariableMutator,resolveInternal,1133,SURVIVED,none
FunctionType.java,com.google.javascript.rhino.jstype.FunctionType,org.pitest.mutationtest.engine.gregor.mutators.experimental.MemberVariableMutator,resolveInternal,1145,NO_COVERAGE,none
FunctionType.java,com.google.javascript.rhino.jstype.FunctionType,org.pitest.mutationtest.engine.gregor.mutators.experimental.NakedReceiverMutator,resolveInternal,1130,SURVIVED,none
FunctionType.java,com.google.javascript.rhino.jstype.FunctionType,org.pitest.mutationtest.engine.gregor.mutators.experimental.NakedReceiverMutator,resolveInternal,1141,SURVIVED,none
FunctionType.java,com.google.javascript.rhino.jstype.FunctionType,org.pitest.mutationtest.engine.gregor.mutators.ConstructorCallMutator,setExtendedInterfaces,526,KILLED,com.google.javascript.rhino.jstype.FunctionType_ESTest.test52
FunctionType.java,com.google.javascript.rhino.jstype.FunctionType,org.pitest.mutationtest.engine.gregor.mutators.NegateConditionalsMutator,setExtendedInterfaces,523,KILLED,com.google.javascript.rhino.jstype.FunctionType_ESTest.test52
FunctionType.java,com.google.javascript.rhino.jstype.FunctionType,org.pitest.mutationtest.engine.gregor.mutators.NonVoidMethodCallMutator,setExtendedInterfaces,523,KILLED,com.google.javascript.rhino.jstype.FunctionType_ESTest.test53
FunctionType.java,com.google.javascript.rhino.jstype.FunctionType,org.pitest.mutationtest.engine.gregor.mutators.NonVoidMethodCallMutator,setExtendedInterfaces,524,KILLED,com.google.javascript.rhino.jstype.FunctionType_ESTest.test53
FunctionType.java,com.google.javascript.rhino.jstype.FunctionType,org.pitest.mutationtest.engine.gregor.mutators.RemoveConditionalMutator_EQUAL_ELSE,setExtendedInterfaces,523,KILLED,com.google.javascript.rhino.jstype.FunctionType_ESTest.test53
FunctionType.java,com.google.javascript.rhino.jstype.FunctionType,org.pitest.mutationtest.engine.gregor.mutators.RemoveConditionalMutator_EQUAL_IF,setExtendedInterfaces,523,KILLED,com.google.javascript.rhino.jstype.FunctionType_ESTest.test52
FunctionType.java,com.google.javascript.rhino.jstype.FunctionType,org.pitest.mutationtest.engine.gregor.mutators.experimental.MemberVariableMutator,setExtendedInterfaces,524,KILLED,com.google.javascript.rhino.jstype.FunctionType_ESTest.test53
FunctionType.java,com.google.javascript.rhino.jstype.FunctionType,org.pitest.mutationtest.engine.gregor.mutators.NonVoidMethodCallMutator,setImplementedInterfaces,480,KILLED,com.google.javascript.rhino.jstype.FunctionType_ESTest.test74
FunctionType.java,com.google.javascript.rhino.jstype.FunctionType,org.pitest.mutationtest.engine.gregor.mutators.VoidMethodCallMutator,setImplementedInterfaces,478,SURVIVED,none
FunctionType.java,com.google.javascript.rhino.jstype.FunctionType,org.pitest.mutationtest.engine.gregor.mutators.experimental.MemberVariableMutator,setImplementedInterfaces,480,KILLED,com.google.javascript.rhino.jstype.FunctionType_ESTest.test74
FunctionType.java,com.google.javascript.rhino.jstype.FunctionType,org.pitest.mutationtest.engine.gregor.mutators.experimental.MemberVariableMutator,setInstanceType,1013,KILLED,com.google.javascript.rhino.jstype.FunctionType_ESTest.test41
FunctionType.java,com.google.javascript.rhino.jstype.FunctionType,org.pitest.mutationtest.engine.gregor.mutators.BooleanFalseReturnValsMutator,setPrototype,386,SURVIVED,none
FunctionType.java,com.google.javascript.rhino.jstype.FunctionType,org.pitest.mutationtest.engine.gregor.mutators.BooleanTrueReturnValsMutator,setPrototype,380,KILLED,com.google.javascript.rhino.jstype.FunctionType_ESTest.test62
FunctionType.java,com.google.javascript.rhino.jstype.FunctionType,org.pitest.mutationtest.engine.gregor.mutators.BooleanTrueReturnValsMutator,setPrototype,384,SURVIVED,none
FunctionType.java,com.google.javascript.rhino.jstype.FunctionType,org.pitest.mutationtest.engine.gregor.mutators.BooleanTrueReturnValsMutator,setPrototype,386,SURVIVED,none
FunctionType.java,com.google.javascript.rhino.jstype.FunctionType,org.pitest.mutationtest.engine.gregor.mutators.InlineConstantMutator,setPrototype,380,KILLED,com.google.javascript.rhino.jstype.FunctionType_ESTest.test62
FunctionType.java,com.google.javascript.rhino.jstype.FunctionType,org.pitest.mutationtest.engine.gregor.mutators.InlineConstantMutator,setPrototype,384,SURVIVED,none
FunctionType.java,com.google.javascript.rhino.jstype.FunctionType,org.pitest.mutationtest.engine.gregor.mutators.NegateConditionalsMutator,setPrototype,379,KILLED,com.google.javascript.rhino.jstype.FunctionType_ESTest.test90
FunctionType.java,com.google.javascript.rhino.jstype.FunctionType,org.pitest.mutationtest.engine.gregor.mutators.NegateConditionalsMutator,setPrototype,383,KILLED,com.google.javascript.rhino.jstype.FunctionType_ESTest.test13
FunctionType.java,com.google.javascript.rhino.jstype.FunctionType,org.pitest.mutationtest.engine.gregor.mutators.NegateConditionalsMutator,setPrototype,383,KILLED,com.google.javascript.rhino.jstype.FunctionType_ESTest.test90
FunctionType.java,com.google.javascript.rhino.jstype.FunctionType,org.pitest.mutationtest.engine.gregor.mutators.NonVoidMethodCallMutator,setPrototype,383,KILLED,com.google.javascript.rhino.jstype.FunctionType_ESTest.test13
FunctionType.java,com.google.javascript.rhino.jstype.FunctionType,org.pitest.mutationtest.engine.gregor.mutators.NonVoidMethodCallMutator,setPrototype,383,KILLED,com.google.javascript.rhino.jstype.FunctionType_ESTest.test13
FunctionType.java,com.google.javascript.rhino.jstype.FunctionType,org.pitest.mutationtest.engine.gregor.mutators.NonVoidMethodCallMutator,setPrototype,386,KILLED,com.google.javascript.rhino.jstype.FunctionType_ESTest.test90
FunctionType.java,com.google.javascript.rhino.jstype.FunctionType,org.pitest.mutationtest.engine.gregor.mutators.RemoveConditionalMutator_EQUAL_ELSE,setPrototype,379,KILLED,com.google.javascript.rhino.jstype.FunctionType_ESTest.test62
FunctionType.java,com.google.javascript.rhino.jstype.FunctionType,org.pitest.mutationtest.engine.gregor.mutators.RemoveConditionalMutator_EQUAL_ELSE,setPrototype,383,KILLED,com.google.javascript.rhino.jstype.FunctionType_ESTest.test13
FunctionType.java,com.google.javascript.rhino.jstype.FunctionType,org.pitest.mutationtest.engine.gregor.mutators.RemoveConditionalMutator_EQUAL_ELSE,setPrototype,383,KILLED,com.google.javascript.rhino.jstype.FunctionType_ESTest.test13
FunctionType.java,com.google.javascript.rhino.jstype.FunctionType,org.pitest.mutationtest.engine.gregor.mutators.RemoveConditionalMutator_EQUAL_IF,setPrototype,379,KILLED,com.google.javascript.rhino.jstype.FunctionType_ESTest.test90
FunctionType.java,com.google.javascript.rhino.jstype.FunctionType,org.pitest.mutationtest.engine.gregor.mutators.RemoveConditionalMutator_EQUAL_IF,setPrototype,383,KILLED,com.google.javascript.rhino.jstype.FunctionType_ESTest.test60
FunctionType.java,com.google.javascript.rhino.jstype.FunctionType,org.pitest.mutationtest.engine.gregor.mutators.RemoveConditionalMutator_EQUAL_IF,setPrototype,383,KILLED,com.google.javascript.rhino.jstype.FunctionType_ESTest.test90
FunctionType.java,com.google.javascript.rhino.jstype.FunctionType,org.pitest.mutationtest.engine.gregor.mutators.ReturnValsMutator,setPrototype,380,KILLED,com.google.javascript.rhino.jstype.FunctionType_ESTest.test62
FunctionType.java,com.google.javascript.rhino.jstype.FunctionType,org.pitest.mutationtest.engine.gregor.mutators.ReturnValsMutator,setPrototype,384,SURVIVED,none
FunctionType.java,com.google.javascript.rhino.jstype.FunctionType,org.pitest.mutationtest.engine.gregor.mutators.ReturnValsMutator,setPrototype,386,SURVIVED,none
FunctionType.java,com.google.javascript.rhino.jstype.FunctionType,org.pitest.mutationtest.engine.gregor.mutators.VoidMethodCallMutator,setPrototypeBasedOn,342,KILLED,com.google.javascript.rhino.jstype.FunctionType_ESTest.test65
FunctionType.java,com.google.javascript.rhino.jstype.FunctionType,org.pitest.mutationtest.engine.gregor.mutators.ConstructorCallMutator,setPrototypeBasedOn,367,KILLED,com.google.javascript.rhino.jstype.FunctionType_ESTest.test90
FunctionType.java,com.google.javascript.rhino.jstype.FunctionType,org.pitest.mutationtest.engine.gregor.mutators.ConstructorCallMutator,setPrototypeBasedOn,367,KILLED,com.google.javascript.rhino.jstype.FunctionType_ESTest.test44
FunctionType.java,com.google.javascript.rhino.jstype.FunctionType,org.pitest.mutationtest.engine.gregor.mutators.NegateConditionalsMutator,setPrototypeBasedOn,363,KILLED,com.google.javascript.rhino.jstype.FunctionType_ESTest.test13
FunctionType.java,com.google.javascript.rhino.jstype.FunctionType,org.pitest.mutationtest.engine.gregor.mutators.NegateConditionalsMutator,setPrototypeBasedOn,363,KILLED,com.google.javascript.rhino.jstype.FunctionType_ESTest.test13
FunctionType.java,com.google.javascript.rhino.jstype.FunctionType,org.pitest.mutationtest.engine.gregor.mutators.NegateConditionalsMutator,setPrototypeBasedOn,363,KILLED,com.google.javascript.rhino.jstype.FunctionType_ESTest.test13
FunctionType.java,com.google.javascript.rhino.jstype.FunctionType,org.pitest.mutationtest.engine.gregor.mutators.NonVoidMethodCallMutator,setPrototypeBasedOn,363,KILLED,com.google.javascript.rhino.jstype.FunctionType_ESTest.test09
FunctionType.java,com.google.javascript.rhino.jstype.FunctionType,org.pitest.mutationtest.engine.gregor.mutators.NonVoidMethodCallMutator,setPrototypeBasedOn,363,KILLED,com.google.javascript.rhino.jstype.FunctionType_ESTest.test63
FunctionType.java,com.google.javascript.rhino.jstype.FunctionType,org.pitest.mutationtest.engine.gregor.mutators.NonVoidMethodCallMutator,setPrototypeBasedOn,363,SURVIVED,none
FunctionType.java,com.google.javascript.rhino.jstype.FunctionType,org.pitest.mutationtest.engine.gregor.mutators.NonVoidMethodCallMutator,setPrototypeBasedOn,367,SURVIVED,none
FunctionType.java,com.google.javascript.rhino.jstype.FunctionType,org.pitest.mutationtest.engine.gregor.mutators.NonVoidMethodCallMutator,setPrototypeBasedOn,367,KILLED,com.google.javascript.rhino.jstype.FunctionType_ESTest.test90
FunctionType.java,com.google.javascript.rhino.jstype.FunctionType,org.pitest.mutationtest.engine.gregor.mutators.NonVoidMethodCallMutator,setPrototypeBasedOn,367,KILLED,com.google.javascript.rhino.jstype.FunctionType_ESTest.test90
FunctionType.java,com.google.javascript.rhino.jstype.FunctionType,org.pitest.mutationtest.engine.gregor.mutators.NonVoidMethodCallMutator,setPrototypeBasedOn,367,SURVIVED,none
FunctionType.java,com.google.javascript.rhino.jstype.FunctionType,org.pitest.mutationtest.engine.gregor.mutators.NonVoidMethodCallMutator,setPrototypeBasedOn,370,KILLED,com.google.javascript.rhino.jstype.FunctionType_ESTest.test44
FunctionType.java,com.google.javascript.rhino.jstype.FunctionType,org.pitest.mutationtest.engine.gregor.mutators.RemoveConditionalMutator_EQUAL_ELSE,setPrototypeBasedOn,363,KILLED,com.google.javascript.rhino.jstype.FunctionType_ESTest.test13
FunctionType.java,com.google.javascript.rhino.jstype.FunctionType,org.pitest.mutationtest.engine.gregor.mutators.RemoveConditionalMutator_EQUAL_ELSE,setPrototypeBasedOn,363,KILLED,com.google.javascript.rhino.jstype.FunctionType_ESTest.test13
FunctionType.java,com.google.javascript.rhino.jstype.FunctionType,org.pitest.mutationtest.engine.gregor.mutators.RemoveConditionalMutator_EQUAL_ELSE,setPrototypeBasedOn,363,SURVIVED,none
FunctionType.java,com.google.javascript.rhino.jstype.FunctionType,org.pitest.mutationtest.engine.gregor.mutators.RemoveConditionalMutator_EQUAL_IF,setPrototypeBasedOn,363,KILLED,com.google.javascript.rhino.jstype.FunctionType_ESTest.test09
FunctionType.java,com.google.javascript.rhino.jstype.FunctionType,org.pitest.mutationtest.engine.gregor.mutators.RemoveConditionalMutator_EQUAL_IF,setPrototypeBasedOn,363,KILLED,com.google.javascript.rhino.jstype.FunctionType_ESTest.test63
FunctionType.java,com.google.javascript.rhino.jstype.FunctionType,org.pitest.mutationtest.engine.gregor.mutators.RemoveConditionalMutator_EQUAL_IF,setPrototypeBasedOn,363,KILLED,com.google.javascript.rhino.jstype.FunctionType_ESTest.test13
FunctionType.java,com.google.javascript.rhino.jstype.FunctionType,org.pitest.mutationtest.engine.gregor.mutators.experimental.NakedReceiverMutator,setPrototypeBasedOn,367,SURVIVED,none
FunctionType.java,com.google.javascript.rhino.jstype.FunctionType,org.pitest.mutationtest.engine.gregor.mutators.experimental.NakedReceiverMutator,setPrototypeBasedOn,367,SURVIVED,none
FunctionType.java,com.google.javascript.rhino.jstype.FunctionType,org.pitest.mutationtest.engine.gregor.mutators.BooleanFalseReturnValsMutator,setPrototypeNoCheck,424,SURVIVED,none
FunctionType.java,com.google.javascript.rhino.jstype.FunctionType,org.pitest.mutationtest.engine.gregor.mutators.ConstructorCallMutator,setPrototypeNoCheck,395,KILLED,com.google.javascript.rhino.jstype.FunctionType_ESTest.test90
FunctionType.java,com.google.javascript.rhino.jstype.FunctionType,org.pitest.mutationtest.engine.gregor.mutators.InlineConstantMutator,setPrototypeNoCheck,393,SURVIVED,none
FunctionType.java,com.google.javascript.rhino.jstype.FunctionType,org.pitest.mutationtest.engine.gregor.mutators.InlineConstantMutator,setPrototypeNoCheck,393,SURVIVED,none
FunctionType.java,com.google.javascript.rhino.jstype.FunctionType,org.pitest.mutationtest.engine.gregor.mutators.InlineConstantMutator,setPrototypeNoCheck,395,SURVIVED,none
FunctionType.java,com.google.javascript.rhino.jstype.FunctionType,org.pitest.mutationtest.engine.gregor.mutators.InlineConstantMutator,setPrototypeNoCheck,424,SURVIVED,none
FunctionType.java,com.google.javascript.rhino.jstype.FunctionType,org.pitest.mutationtest.engine.gregor.mutators.NegateConditionalsMutator,setPrototypeNoCheck,391,KILLED,com.google.javascript.rhino.jstype.FunctionType_ESTest.test90
FunctionType.java,com.google.javascript.rhino.jstype.FunctionType,org.pitest.mutationtest.engine.gregor.mutators.NegateConditionalsMutator,setPrototypeNoCheck,393,SURVIVED,none
FunctionType.java,com.google.javascript.rhino.jstype.FunctionType,org.pitest.mutationtest.engine.gregor.mutators.NegateConditionalsMutator,setPrototypeNoCheck,395,SURVIVED,none
FunctionType.java,com.google.javascript.rhino.jstype.FunctionType,org.pitest.mutationtest.engine.gregor.mutators.NegateConditionalsMutator,setPrototypeNoCheck,399,KILLED,com.google.javascript.rhino.jstype.FunctionType_ESTest.test90
FunctionType.java,com.google.javascript.rhino.jstype.FunctionType,org.pitest.mutationtest.engine.gregor.mutators.NegateConditionalsMutator,setPrototypeNoCheck,405,KILLED,com.google.javascript.rhino.jstype.FunctionType_ESTest.test60
FunctionType.java,com.google.javascript.rhino.jstype.FunctionType,org.pitest.mutationtest.engine.gregor.mutators.NegateConditionalsMutator,setPrototypeNoCheck,405,KILLED,com.google.javascript.rhino.jstype.FunctionType_ESTest.test60
FunctionType.java,com.google.javascript.rhino.jstype.FunctionType,org.pitest.mutationtest.engine.gregor.mutators.NegateConditionalsMutator,setPrototypeNoCheck,407,KILLED,com.google.javascript.rhino.jstype.FunctionType_ESTest.test90
FunctionType.java,com.google.javascript.rhino.jstype.FunctionType,org.pitest.mutationtest.engine.gregor.mutators.NegateConditionalsMutator,setPrototypeNoCheck,411,SURVIVED,none
FunctionType.java,com.google.javascript.rhino.jstype.FunctionType,org.pitest.mutationtest.engine.gregor.mutators.NegateConditionalsMutator,setPrototypeNoCheck,413,KILLED,com.google.javascript.rhino.jstype.FunctionType_ESTest.test28
FunctionType.java,com.google.javascript.rhino.jstype.FunctionType,org.pitest.mutationtest.engine.gregor.mutators.NegateConditionalsMutator,setPrototypeNoCheck,420,SURVIVED,none
FunctionType.java,com.google.javascript.rhino.jstype.FunctionType,org.pitest.mutationtest.engine.gregor.mutators.NonVoidMethodCallMutator,setPrototypeNoCheck,391,SURVIVED,none
FunctionType.java,com.google.javascript.rhino.jstype.FunctionType,org.pitest.mutationtest.engine.gregor.mutators.NonVoidMethodCallMutator,setPrototypeNoCheck,405,SURVIVED,none
FunctionType.java,com.google.javascript.rhino.jstype.FunctionType,org.pitest.mutationtest.engine.gregor.mutators.NonVoidMethodCallMutator,setPrototypeNoCheck,405,SURVIVED,none
FunctionType.java,com.google.javascript.rhino.jstype.FunctionType,org.pitest.mutationtest.engine.gregor.mutators.NonVoidMethodCallMutator,setPrototypeNoCheck,406,SURVIVED,none
FunctionType.java,com.google.javascript.rhino.jstype.FunctionType,org.pitest.mutationtest.engine.gregor.mutators.NonVoidMethodCallMutator,setPrototypeNoCheck,411,SURVIVED,none
FunctionType.java,com.google.javascript.rhino.jstype.FunctionType,org.pitest.mutationtest.engine.gregor.mutators.NonVoidMethodCallMutator,setPrototypeNoCheck,412,KILLED,com.google.javascript.rhino.jstype.FunctionType_ESTest.test28
FunctionType.java,com.google.javascript.rhino.jstype.FunctionType,org.pitest.mutationtest.engine.gregor.mutators.NonVoidMethodCallMutator,setPrototypeNoCheck,413,SURVIVED,none
FunctionType.java,com.google.javascript.rhino.jstype.FunctionType,org.pitest.mutationtest.engine.gregor.mutators.NonVoidMethodCallMutator,setPrototypeNoCheck,414,KILLED,com.google.javascript.rhino.jstype.FunctionType_ESTest.test59
FunctionType.java,com.google.javascript.rhino.jstype.FunctionType,org.pitest.mutationtest.engine.gregor.mutators.RemoveConditionalMutator_EQUAL_ELSE,setPrototypeNoCheck,391,KILLED,com.google.javascript.rhino.jstype.FunctionType_ESTest.test90
FunctionType.java,com.google.javascript.rhino.jstype.FunctionType,org.pitest.mutationtest.engine.gregor.mutators.RemoveConditionalMutator_EQUAL_ELSE,setPrototypeNoCheck,393,SURVIVED,none
FunctionType.java,com.google.javascript.rhino.jstype.FunctionType,org.pitest.mutationtest.engine.gregor.mutators.RemoveConditionalMutator_EQUAL_ELSE,setPrototypeNoCheck,395,SURVIVED,none
FunctionType.java,com.google.javascript.rhino.jstype.FunctionType,org.pitest.mutationtest.engine.gregor.mutators.RemoveConditionalMutator_EQUAL_ELSE,setPrototypeNoCheck,399,SURVIVED,none
FunctionType.java,com.google.javascript.rhino.jstype.FunctionType,org.pitest.mutationtest.engine.gregor.mutators.RemoveConditionalMutator_EQUAL_ELSE,setPrototypeNoCheck,405,KILLED,com.google.javascript.rhino.jstype.FunctionType_ESTest.test60
FunctionType.java,com.google.javascript.rhino.jstype.FunctionType,org.pitest.mutationtest.engine.gregor.mutators.RemoveConditionalMutator_EQUAL_ELSE,setPrototypeNoCheck,405,SURVIVED,none
FunctionType.java,com.google.javascript.rhino.jstype.FunctionType,org.pitest.mutationtest.engine.gregor.mutators.RemoveConditionalMutator_EQUAL_ELSE,setPrototypeNoCheck,407,SURVIVED,none
FunctionType.java,com.google.javascript.rhino.jstype.FunctionType,org.pitest.mutationtest.engine.gregor.mutators.RemoveConditionalMutator_EQUAL_ELSE,setPrototypeNoCheck,411,SURVIVED,none
FunctionType.java,com.google.javascript.rhino.jstype.FunctionType,org.pitest.mutationtest.engine.gregor.mutators.RemoveConditionalMutator_EQUAL_ELSE,setPrototypeNoCheck,413,SURVIVED,none
FunctionType.java,com.google.javascript.rhino.jstype.FunctionType,org.pitest.mutationtest.engine.gregor.mutators.RemoveConditionalMutator_EQUAL_ELSE,setPrototypeNoCheck,420,SURVIVED,none
FunctionType.java,com.google.javascript.rhino.jstype.FunctionType,org.pitest.mutationtest.engine.gregor.mutators.RemoveConditionalMutator_EQUAL_IF,setPrototypeNoCheck,391,SURVIVED,none
FunctionType.java,com.google.javascript.rhino.jstype.FunctionType,org.pitest.mutationtest.engine.gregor.mutators.RemoveConditionalMutator_EQUAL_IF,setPrototypeNoCheck,393,SURVIVED,none
FunctionType.java,com.google.javascript.rhino.jstype.FunctionType,org.pitest.mutationtest.engine.gregor.mutators.RemoveConditionalMutator_EQUAL_IF,setPrototypeNoCheck,395,SURVIVED,none
FunctionType.java,com.google.javascript.rhino.jstype.FunctionType,org.pitest.mutationtest.engine.gregor.mutators.RemoveConditionalMutator_EQUAL_IF,setPrototypeNoCheck,399,KILLED,com.google.javascript.rhino.jstype.FunctionType_ESTest.test90
FunctionType.java,com.google.javascript.rhino.jstype.FunctionType,org.pitest.mutationtest.engine.gregor.mutators.RemoveConditionalMutator_EQUAL_IF,setPrototypeNoCheck,405,SURVIVED,none
FunctionType.java,com.google.javascript.rhino.jstype.FunctionType,org.pitest.mutationtest.engine.gregor.mutators.RemoveConditionalMutator_EQUAL_IF,setPrototypeNoCheck,405,KILLED,com.google.javascript.rhino.jstype.FunctionType_ESTest.test60
FunctionType.java,com.google.javascript.rhino.jstype.FunctionType,org.pitest.mutationtest.engine.gregor.mutators.RemoveConditionalMutator_EQUAL_IF,setPrototypeNoCheck,407,KILLED,com.google.javascript.rhino.jstype.FunctionType_ESTest.test90
FunctionType.java,com.google.javascript.rhino.jstype.FunctionType,org.pitest.mutationtest.engine.gregor.mutators.RemoveConditionalMutator_EQUAL_IF,setPrototypeNoCheck,411,SURVIVED,none
FunctionType.java,com.google.javascript.rhino.jstype.FunctionType,org.pitest.mutationtest.engine.gregor.mutators.RemoveConditionalMutator_EQUAL_IF,setPrototypeNoCheck,413,KILLED,com.google.javascript.rhino.jstype.FunctionType_ESTest.test28
FunctionType.java,com.google.javascript.rhino.jstype.FunctionType,org.pitest.mutationtest.engine.gregor.mutators.RemoveConditionalMutator_EQUAL_IF,setPrototypeNoCheck,420,SURVIVED,none
FunctionType.java,com.google.javascript.rhino.jstype.FunctionType,org.pitest.mutationtest.engine.gregor.mutators.ReturnValsMutator,setPrototypeNoCheck,424,SURVIVED,none
FunctionType.java,com.google.javascript.rhino.jstype.FunctionType,org.pitest.mutationtest.engine.gregor.mutators.VoidMethodCallMutator,setPrototypeNoCheck,397,KILLED,com.google.javascript.rhino.jstype.FunctionType_ESTest.test66
FunctionType.java,com.google.javascript.rhino.jstype.FunctionType,org.pitest.mutationtest.engine.gregor.mutators.VoidMethodCallMutator,setPrototypeNoCheck,402,NO_COVERAGE,none
FunctionType.java,com.google.javascript.rhino.jstype.FunctionType,org.pitest.mutationtest.engine.gregor.mutators.VoidMethodCallMutator,setPrototypeNoCheck,408,SURVIVED,none
FunctionType.java,com.google.javascript.rhino.jstype.FunctionType,org.pitest.mutationtest.engine.gregor.mutators.VoidMethodCallMutator,setPrototypeNoCheck,414,SURVIVED,none
FunctionType.java,com.google.javascript.rhino.jstype.FunctionType,org.pitest.mutationtest.engine.gregor.mutators.VoidMethodCallMutator,setPrototypeNoCheck,421,NO_COVERAGE,none
FunctionType.java,com.google.javascript.rhino.jstype.FunctionType,org.pitest.mutationtest.engine.gregor.mutators.experimental.MemberVariableMutator,setPrototypeNoCheck,395,KILLED,com.google.javascript.rhino.jstype.FunctionType_ESTest.test90
FunctionType.java,com.google.javascript.rhino.jstype.FunctionType,org.pitest.mutationtest.engine.gregor.mutators.experimental.NakedReceiverMutator,setPrototypeNoCheck,406,SURVIVED,none
FunctionType.java,com.google.javascript.rhino.jstype.FunctionType,org.pitest.mutationtest.engine.gregor.mutators.ConstructorCallMutator,setSource,1050,KILLED,com.google.javascript.rhino.jstype.FunctionType_ESTest.test11
FunctionType.java,com.google.javascript.rhino.jstype.FunctionType,org.pitest.mutationtest.engine.gregor.mutators.NegateConditionalsMutator,setSource,1043,KILLED,com.google.javascript.rhino.jstype.JSType_ESTest.test040
FunctionType.java,com.google.javascript.rhino.jstype.FunctionType,org.pitest.mutationtest.engine.gregor.mutators.NegateConditionalsMutator,setSource,1049,SURVIVED,none
FunctionType.java,com.google.javascript.rhino.jstype.FunctionType,org.pitest.mutationtest.engine.gregor.mutators.NegateConditionalsMutator,setSource,1049,SURVIVED,none
FunctionType.java,com.google.javascript.rhino.jstype.FunctionType,org.pitest.mutationtest.engine.gregor.mutators.NonVoidMethodCallMutator,setSource,1049,SURVIVED,none
FunctionType.java,com.google.javascript.rhino.jstype.FunctionType,org.pitest.mutationtest.engine.gregor.mutators.NonVoidMethodCallMutator,setSource,1050,SURVIVED,none
FunctionType.java,com.google.javascript.rhino.jstype.FunctionType,org.pitest.mutationtest.engine.gregor.mutators.NonVoidMethodCallMutator,setSource,1050,SURVIVED,none
FunctionType.java,com.google.javascript.rhino.jstype.FunctionType,org.pitest.mutationtest.engine.gregor.mutators.NonVoidMethodCallMutator,setSource,1050,SURVIVED,none
FunctionType.java,com.google.javascript.rhino.jstype.FunctionType,org.pitest.mutationtest.engine.gregor.mutators.RemoveConditionalMutator_EQUAL_ELSE,setSource,1043,SURVIVED,none
FunctionType.java,com.google.javascript.rhino.jstype.FunctionType,org.pitest.mutationtest.engine.gregor.mutators.RemoveConditionalMutator_EQUAL_ELSE,setSource,1049,SURVIVED,none
FunctionType.java,com.google.javascript.rhino.jstype.FunctionType,org.pitest.mutationtest.engine.gregor.mutators.RemoveConditionalMutator_EQUAL_ELSE,setSource,1049,SURVIVED,none
FunctionType.java,com.google.javascript.rhino.jstype.FunctionType,org.pitest.mutationtest.engine.gregor.mutators.RemoveConditionalMutator_EQUAL_IF,setSource,1043,KILLED,com.google.javascript.rhino.jstype.JSType_ESTest.test040
FunctionType.java,com.google.javascript.rhino.jstype.FunctionType,org.pitest.mutationtest.engine.gregor.mutators.RemoveConditionalMutator_EQUAL_IF,setSource,1049,SURVIVED,none
FunctionType.java,com.google.javascript.rhino.jstype.FunctionType,org.pitest.mutationtest.engine.gregor.mutators.RemoveConditionalMutator_EQUAL_IF,setSource,1049,SURVIVED,none
FunctionType.java,com.google.javascript.rhino.jstype.FunctionType,org.pitest.mutationtest.engine.gregor.mutators.experimental.MemberVariableMutator,setSource,1050,SURVIVED,none
FunctionType.java,com.google.javascript.rhino.jstype.FunctionType,org.pitest.mutationtest.engine.gregor.mutators.experimental.MemberVariableMutator,setSource,1054,SURVIVED,none
FunctionType.java,com.google.javascript.rhino.jstype.FunctionType,org.pitest.mutationtest.engine.gregor.mutators.ArgumentPropagationMutator,supAndInfHelper,669,SURVIVED,none
FunctionType.java,com.google.javascript.rhino.jstype.FunctionType,org.pitest.mutationtest.engine.gregor.mutators.ArgumentPropagationMutator,supAndInfHelper,694,KILLED,com.google.javascript.rhino.jstype.FunctionType_ESTest.test36
FunctionType.java,com.google.javascript.rhino.jstype.FunctionType,org.pitest.mutationtest.engine.gregor.mutators.NegateConditionalsMutator,supAndInfHelper,671,KILLED,com.google.javascript.rhino.jstype.FunctionType_ESTest.test42
FunctionType.java,com.google.javascript.rhino.jstype.FunctionType,org.pitest.mutationtest.engine.gregor.mutators.NegateConditionalsMutator,supAndInfHelper,679,KILLED,com.google.javascript.rhino.jstype.FunctionType_ESTest.test36
FunctionType.java,com.google.javascript.rhino.jstype.FunctionType,org.pitest.mutationtest.engine.gregor.mutators.NegateConditionalsMutator,supAndInfHelper,679,KILLED,com.google.javascript.rhino.jstype.FunctionType_ESTest.test36
FunctionType.java,com.google.javascript.rhino.jstype.FunctionType,org.pitest.mutationtest.engine.gregor.mutators.NegateConditionalsMutator,supAndInfHelper,679,KILLED,com.google.javascript.rhino.jstype.FunctionType_ESTest.test36
FunctionType.java,com.google.javascript.rhino.jstype.FunctionType,org.pitest.mutationtest.engine.gregor.mutators.NegateConditionalsMutator,supAndInfHelper,679,KILLED,com.google.javascript.rhino.jstype.FunctionType_ESTest.test42
FunctionType.java,com.google.javascript.rhino.jstype.FunctionType,org.pitest.mutationtest.engine.gregor.mutators.NegateConditionalsMutator,supAndInfHelper,687,KILLED,com.google.javascript.rhino.jstype.FunctionType_ESTest.test36
FunctionType.java,com.google.javascript.rhino.jstype.FunctionType,org.pitest.mutationtest.engine.gregor.mutators.NegateConditionalsMutator,supAndInfHelper,687,KILLED,com.google.javascript.rhino.jstype.FunctionType_ESTest.test40
FunctionType.java,com.google.javascript.rhino.jstype.FunctionType,org.pitest.mutationtest.engine.gregor.mutators.NegateConditionalsMutator,supAndInfHelper,688,KILLED,com.google.javascript.rhino.jstype.FunctionType_ESTest.test40
FunctionType.java,com.google.javascript.rhino.jstype.FunctionType,org.pitest.mutationtest.engine.gregor.mutators.NegateConditionalsMutator,supAndInfHelper,689,KILLED,com.google.javascript.rhino.jstype.FunctionType_ESTest.test36
FunctionType.java,com.google.javascript.rhino.jstype.FunctionType,org.pitest.mutationtest.engine.gregor.mutators.NegateConditionalsMutator,supAndInfHelper,689,KILLED,com.google.javascript.rhino.jstype.FunctionType_ESTest.test41
FunctionType.java,com.google.javascript.rhino.jstype.FunctionType,org.pitest.mutationtest.engine.gregor.mutators.NegateConditionalsMutator,supAndInfHelper,690,KILLED,com.google.javascript.rhino.jstype.FunctionType_ESTest.test38
FunctionType.java,com.google.javascript.rhino.jstype.FunctionType,org.pitest.mutationtest.engine.gregor.mutators.NegateConditionalsMutator,supAndInfHelper,695,KILLED,com.google.javascript.rhino.jstype.FunctionType_ESTest.test36
FunctionType.java,com.google.javascript.rhino.jstype.FunctionType,org.pitest.mutationtest.engine.gregor.mutators.NegateConditionalsMutator,supAndInfHelper,704,KILLED,com.google.javascript.rhino.jstype.FunctionType_ESTest.test42
FunctionType.java,com.google.javascript.rhino.jstype.FunctionType,org.pitest.mutationtest.engine.gregor.mutators.NegateConditionalsMutator,supAndInfHelper,705,KILLED,com.google.javascript.rhino.jstype.FunctionType_ESTest.test34
FunctionType.java,com.google.javascript.rhino.jstype.FunctionType,org.pitest.mutationtest.engine.gregor.mutators.NegateConditionalsMutator,supAndInfHelper,706,KILLED,com.google.javascript.rhino.jstype.FunctionType_ESTest.test42
FunctionType.java,com.google.javascript.rhino.jstype.FunctionType,org.pitest.mutationtest.engine.gregor.mutators.NegateConditionalsMutator,supAndInfHelper,707,KILLED,com.google.javascript.rhino.jstype.FunctionType_ESTest.test33
FunctionType.java,com.google.javascript.rhino.jstype.FunctionType,org.pitest.mutationtest.engine.gregor.mutators.NegateConditionalsMutator,supAndInfHelper,720,KILLED,com.google.javascript.rhino.jstype.FunctionType_ESTest.test42
FunctionType.java,com.google.javascript.rhino.jstype.FunctionType,org.pitest.mutationtest.engine.gregor.mutators.NonVoidMethodCallMutator,supAndInfHelper,669,SURVIVED,none
FunctionType.java,com.google.javascript.rhino.jstype.FunctionType,org.pitest.mutationtest.engine.gregor.mutators.NonVoidMethodCallMutator,supAndInfHelper,671,KILLED,com.google.javascript.rhino.jstype.FunctionType_ESTest.test76
FunctionType.java,com.google.javascript.rhino.jstype.FunctionType,org.pitest.mutationtest.engine.gregor.mutators.NonVoidMethodCallMutator,supAndInfHelper,679,KILLED,com.google.javascript.rhino.jstype.FunctionType_ESTest.test36
FunctionType.java,com.google.javascript.rhino.jstype.FunctionType,org.pitest.mutationtest.engine.gregor.mutators.NonVoidMethodCallMutator,supAndInfHelper,679,KILLED,com.google.javascript.rhino.jstype.FunctionType_ESTest.test36
FunctionType.java,com.google.javascript.rhino.jstype.FunctionType,org.pitest.mutationtest.engine.gregor.mutators.NonVoidMethodCallMutator,supAndInfHelper,679,SURVIVED,none
FunctionType.java,com.google.javascript.rhino.jstype.FunctionType,org.pitest.mutationtest.engine.gregor.mutators.NonVoidMethodCallMutator,supAndInfHelper,679,KILLED,com.google.javascript.rhino.jstype.FunctionType_ESTest.test42
FunctionType.java,com.google.javascript.rhino.jstype.FunctionType,org.pitest.mutationtest.engine.gregor.mutators.NonVoidMethodCallMutator,supAndInfHelper,685,KILLED,com.google.javascript.rhino.jstype.FunctionType_ESTest.test36
FunctionType.java,com.google.javascript.rhino.jstype.FunctionType,org.pitest.mutationtest.engine.gregor.mutators.NonVoidMethodCallMutator,supAndInfHelper,686,KILLED,com.google.javascript.rhino.jstype.FunctionType_ESTest.test36
FunctionType.java,com.google.javascript.rhino.jstype.FunctionType,org.pitest.mutationtest.engine.gregor.mutators.NonVoidMethodCallMutator,supAndInfHelper,694,KILLED,com.google.javascript.rhino.jstype.FunctionType_ESTest.test41
FunctionType.java,com.google.javascript.rhino.jstype.FunctionType,org.pitest.mutationtest.engine.gregor.mutators.NonVoidMethodCallMutator,supAndInfHelper,702,KILLED,com.google.javascript.rhino.jstype.FunctionType_ESTest.test42
FunctionType.java,com.google.javascript.rhino.jstype.FunctionType,org.pitest.mutationtest.engine.gregor.mutators.NonVoidMethodCallMutator,supAndInfHelper,704,KILLED,com.google.javascript.rhino.jstype.FunctionType_ESTest.test34
FunctionType.java,com.google.javascript.rhino.jstype.FunctionType,org.pitest.mutationtest.engine.gregor.mutators.NonVoidMethodCallMutator,supAndInfHelper,706,KILLED,com.google.javascript.rhino.jstype.FunctionType_ESTest.test33
FunctionType.java,com.google.javascript.rhino.jstype.FunctionType,org.pitest.mutationtest.engine.gregor.mutators.NonVoidMethodCallMutator,supAndInfHelper,716,KILLED,com.google.javascript.rhino.jstype.FunctionType_ESTest.test75
FunctionType.java,com.google.javascript.rhino.jstype.FunctionType,org.pitest.mutationtest.engine.gregor.mutators.NonVoidMethodCallMutator,supAndInfHelper,718,KILLED,com.google.javascript.rhino.jstype.FunctionType_ESTest.test42
FunctionType.java,com.google.javascript.rhino.jstype.FunctionType,org.pitest.mutationtest.engine.gregor.mutators.NullReturnValsMutator,supAndInfHelper,672,KILLED,com.google.javascript.rhino.jstype.FunctionType_ESTest.test76
FunctionType.java,com.google.javascript.rhino.jstype.FunctionType,org.pitest.mutationtest.engine.gregor.mutators.NullReturnValsMutator,supAndInfHelper,688,KILLED,com.google.javascript.rhino.jstype.FunctionType_ESTest.test40
FunctionType.java,com.google.javascript.rhino.jstype.FunctionType,org.pitest.mutationtest.engine.gregor.mutators.NullReturnValsMutator,supAndInfHelper,690,KILLED,com.google.javascript.rhino.jstype.FunctionType_ESTest.test38
FunctionType.java,com.google.javascript.rhino.jstype.FunctionType,org.pitest.mutationtest.engine.gregor.mutators.NullReturnValsMutator,supAndInfHelper,696,KILLED,com.google.javascript.rhino.jstype.FunctionType_ESTest.test41
FunctionType.java,com.google.javascript.rhino.jstype.FunctionType,org.pitest.mutationtest.engine.gregor.mutators.NullReturnValsMutator,supAndInfHelper,705,KILLED,com.google.javascript.rhino.jstype.FunctionType_ESTest.test34
FunctionType.java,com.google.javascript.rhino.jstype.FunctionType,org.pitest.mutationtest.engine.gregor.mutators.NullReturnValsMutator,supAndInfHelper,707,KILLED,com.google.javascript.rhino.jstype.FunctionType_ESTest.test33
FunctionType.java,com.google.javascript.rhino.jstype.FunctionType,org.pitest.mutationtest.engine.gregor.mutators.NullReturnValsMutator,supAndInfHelper,720,KILLED,com.google.javascript.rhino.jstype.FunctionType_ESTest.test42
FunctionType.java,com.google.javascript.rhino.jstype.FunctionType,org.pitest.mutationtest.engine.gregor.mutators.RemoveConditionalMutator_EQUAL_ELSE,supAndInfHelper,671,KILLED,com.google.javascript.rhino.jstype.FunctionType_ESTest.test76
FunctionType.java,com.google.javascript.rhino.jstype.FunctionType,org.pitest.mutationtest.engine.gregor.mutators.RemoveConditionalMutator_EQUAL_ELSE,supAndInfHelper,679,KILLED,com.google.javascript.rhino.jstype.FunctionType_ESTest.test36
FunctionType.java,com.google.javascript.rhino.jstype.FunctionType,org.pitest.mutationtest.engine.gregor.mutators.RemoveConditionalMutator_EQUAL_ELSE,supAndInfHelper,679,KILLED,com.google.javascript.rhino.jstype.FunctionType_ESTest.test36
FunctionType.java,com.google.javascript.rhino.jstype.FunctionType,org.pitest.mutationtest.engine.gregor.mutators.RemoveConditionalMutator_EQUAL_ELSE,supAndInfHelper,679,KILLED,com.google.javascript.rhino.jstype.FunctionType_ESTest.test36
FunctionType.java,com.google.javascript.rhino.jstype.FunctionType,org.pitest.mutationtest.engine.gregor.mutators.RemoveConditionalMutator_EQUAL_ELSE,supAndInfHelper,679,KILLED,com.google.javascript.rhino.jstype.FunctionType_ESTest.test36
FunctionType.java,com.google.javascript.rhino.jstype.FunctionType,org.pitest.mutationtest.engine.gregor.mutators.RemoveConditionalMutator_EQUAL_ELSE,supAndInfHelper,687,KILLED,com.google.javascript.rhino.jstype.FunctionType_ESTest.test40
FunctionType.java,com.google.javascript.rhino.jstype.FunctionType,org.pitest.mutationtest.engine.gregor.mutators.RemoveConditionalMutator_EQUAL_ELSE,supAndInfHelper,687,KILLED,com.google.javascript.rhino.jstype.FunctionType_ESTest.test40
FunctionType.java,com.google.javascript.rhino.jstype.FunctionType,org.pitest.mutationtest.engine.gregor.mutators.RemoveConditionalMutator_EQUAL_ELSE,supAndInfHelper,688,KILLED,com.google.javascript.rhino.jstype.FunctionType_ESTest.test39
FunctionType.java,com.google.javascript.rhino.jstype.FunctionType,org.pitest.mutationtest.engine.gregor.mutators.RemoveConditionalMutator_EQUAL_ELSE,supAndInfHelper,689,KILLED,com.google.javascript.rhino.jstype.FunctionType_ESTest.test38
FunctionType.java,com.google.javascript.rhino.jstype.FunctionType,org.pitest.mutationtest.engine.gregor.mutators.RemoveConditionalMutator_EQUAL_ELSE,supAndInfHelper,689,KILLED,com.google.javascript.rhino.jstype.FunctionType_ESTest.test38
FunctionType.java,com.google.javascript.rhino.jstype.FunctionType,org.pitest.mutationtest.engine.gregor.mutators.RemoveConditionalMutator_EQUAL_ELSE,supAndInfHelper,690,KILLED,com.google.javascript.rhino.jstype.FunctionType_ESTest.test38
FunctionType.java,com.google.javascript.rhino.jstype.FunctionType,org.pitest.mutationtest.engine.gregor.mutators.RemoveConditionalMutator_EQUAL_ELSE,supAndInfHelper,695,KILLED,com.google.javascript.rhino.jstype.FunctionType_ESTest.test41
FunctionType.java,com.google.javascript.rhino.jstype.FunctionType,org.pitest.mutationtest.engine.gregor.mutators.RemoveConditionalMutator_EQUAL_ELSE,supAndInfHelper,704,KILLED,com.google.javascript.rhino.jstype.FunctionType_ESTest.test34
FunctionType.java,com.google.javascript.rhino.jstype.FunctionType,org.pitest.mutationtest.engine.gregor.mutators.RemoveConditionalMutator_EQUAL_ELSE,supAndInfHelper,705,SURVIVED,none
FunctionType.java,com.google.javascript.rhino.jstype.FunctionType,org.pitest.mutationtest.engine.gregor.mutators.RemoveConditionalMutator_EQUAL_ELSE,supAndInfHelper,706,KILLED,com.google.javascript.rhino.jstype.FunctionType_ESTest.test33
FunctionType.java,com.google.javascript.rhino.jstype.FunctionType,org.pitest.mutationtest.engine.gregor.mutators.RemoveConditionalMutator_EQUAL_ELSE,supAndInfHelper,707,KILLED,com.google.javascript.rhino.jstype.FunctionType_ESTest.test32
FunctionType.java,com.google.javascript.rhino.jstype.FunctionType,org.pitest.mutationtest.engine.gregor.mutators.RemoveConditionalMutator_EQUAL_ELSE,supAndInfHelper,720,KILLED,com.google.javascript.rhino.jstype.FunctionType_ESTest.test34
FunctionType.java,com.google.javascript.rhino.jstype.FunctionType,org.pitest.mutationtest.engine.gregor.mutators.RemoveConditionalMutator_EQUAL_IF,supAndInfHelper,671,KILLED,com.google.javascript.rhino.jstype.FunctionType_ESTest.test42
FunctionType.java,com.google.javascript.rhino.jstype.FunctionType,org.pitest.mutationtest.engine.gregor.mutators.RemoveConditionalMutator_EQUAL_IF,supAndInfHelper,679,SURVIVED,none
FunctionType.java,com.google.javascript.rhino.jstype.FunctionType,org.pitest.mutationtest.engine.gregor.mutators.RemoveConditionalMutator_EQUAL_IF,supAndInfHelper,679,KILLED,com.google.javascript.rhino.jstype.FunctionType_ESTest.test75
FunctionType.java,com.google.javascript.rhino.jstype.FunctionType,org.pitest.mutationtest.engine.gregor.mutators.RemoveConditionalMutator_EQUAL_IF,supAndInfHelper,679,SURVIVED,none
FunctionType.java,com.google.javascript.rhino.jstype.FunctionType,org.pitest.mutationtest.engine.gregor.mutators.RemoveConditionalMutator_EQUAL_IF,supAndInfHelper,679,KILLED,com.google.javascript.rhino.jstype.FunctionType_ESTest.test42
FunctionType.java,com.google.javascript.rhino.jstype.FunctionType,org.pitest.mutationtest.engine.gregor.mutators.RemoveConditionalMutator_EQUAL_IF,supAndInfHelper,687,KILLED,com.google.javascript.rhino.jstype.FunctionType_ESTest.test36
FunctionType.java,com.google.javascript.rhino.jstype.FunctionType,org.pitest.mutationtest.engine.gregor.mutators.RemoveConditionalMutator_EQUAL_IF,supAndInfHelper,687,KILLED,com.google.javascript.rhino.jstype.FunctionType_ESTest.test41
FunctionType.java,com.google.javascript.rhino.jstype.FunctionType,org.pitest.mutationtest.engine.gregor.mutators.RemoveConditionalMutator_EQUAL_IF,supAndInfHelper,688,KILLED,com.google.javascript.rhino.jstype.FunctionType_ESTest.test40
FunctionType.java,com.google.javascript.rhino.jstype.FunctionType,org.pitest.mutationtest.engine.gregor.mutators.RemoveConditionalMutator_EQUAL_IF,supAndInfHelper,689,KILLED,com.google.javascript.rhino.jstype.FunctionType_ESTest.test36
FunctionType.java,com.google.javascript.rhino.jstype.FunctionType,org.pitest.mutationtest.engine.gregor.mutators.RemoveConditionalMutator_EQUAL_IF,supAndInfHelper,689,KILLED,com.google.javascript.rhino.jstype.FunctionType_ESTest.test41
FunctionType.java,com.google.javascript.rhino.jstype.FunctionType,org.pitest.mutationtest.engine.gregor.mutators.RemoveConditionalMutator_EQUAL_IF,supAndInfHelper,690,KILLED,com.google.javascript.rhino.jstype.FunctionType_ESTest.test37
FunctionType.java,com.google.javascript.rhino.jstype.FunctionType,org.pitest.mutationtest.engine.gregor.mutators.RemoveConditionalMutator_EQUAL_IF,supAndInfHelper,695,KILLED,com.google.javascript.rhino.jstype.FunctionType_ESTest.test36
FunctionType.java,com.google.javascript.rhino.jstype.FunctionType,org.pitest.mutationtest.engine.gregor.mutators.RemoveConditionalMutator_EQUAL_IF,supAndInfHelper,704,KILLED,com.google.javascript.rhino.jstype.FunctionType_ESTest.test42
FunctionType.java,com.google.javascript.rhino.jstype.FunctionType,org.pitest.mutationtest.engine.gregor.mutators.RemoveConditionalMutator_EQUAL_IF,supAndInfHelper,705,KILLED,com.google.javascript.rhino.jstype.FunctionType_ESTest.test34
FunctionType.java,com.google.javascript.rhino.jstype.FunctionType,org.pitest.mutationtest.engine.gregor.mutators.RemoveConditionalMutator_EQUAL_IF,supAndInfHelper,706,KILLED,com.google.javascript.rhino.jstype.FunctionType_ESTest.test42
FunctionType.java,com.google.javascript.rhino.jstype.FunctionType,org.pitest.mutationtest.engine.gregor.mutators.RemoveConditionalMutator_EQUAL_IF,supAndInfHelper,707,KILLED,com.google.javascript.rhino.jstype.FunctionType_ESTest.test33
FunctionType.java,com.google.javascript.rhino.jstype.FunctionType,org.pitest.mutationtest.engine.gregor.mutators.RemoveConditionalMutator_EQUAL_IF,supAndInfHelper,720,KILLED,com.google.javascript.rhino.jstype.FunctionType_ESTest.test42
FunctionType.java,com.google.javascript.rhino.jstype.FunctionType,org.pitest.mutationtest.engine.gregor.mutators.ReturnValsMutator,supAndInfHelper,672,KILLED,com.google.javascript.rhino.jstype.FunctionType_ESTest.test76
FunctionType.java,com.google.javascript.rhino.jstype.FunctionType,org.pitest.mutationtest.engine.gregor.mutators.ReturnValsMutator,supAndInfHelper,688,KILLED,com.google.javascript.rhino.jstype.FunctionType_ESTest.test40
FunctionType.java,com.google.javascript.rhino.jstype.FunctionType,org.pitest.mutationtest.engine.gregor.mutators.ReturnValsMutator,supAndInfHelper,690,KILLED,com.google.javascript.rhino.jstype.FunctionType_ESTest.test38
FunctionType.java,com.google.javascript.rhino.jstype.FunctionType,org.pitest.mutationtest.engine.gregor.mutators.ReturnValsMutator,supAndInfHelper,696,KILLED,com.google.javascript.rhino.jstype.FunctionType_ESTest.test41
FunctionType.java,com.google.javascript.rhino.jstype.FunctionType,org.pitest.mutationtest.engine.gregor.mutators.ReturnValsMutator,supAndInfHelper,705,KILLED,com.google.javascript.rhino.jstype.FunctionType_ESTest.test34
FunctionType.java,com.google.javascript.rhino.jstype.FunctionType,org.pitest.mutationtest.engine.gregor.mutators.ReturnValsMutator,supAndInfHelper,707,KILLED,com.google.javascript.rhino.jstype.FunctionType_ESTest.test33
FunctionType.java,com.google.javascript.rhino.jstype.FunctionType,org.pitest.mutationtest.engine.gregor.mutators.ReturnValsMutator,supAndInfHelper,720,KILLED,com.google.javascript.rhino.jstype.FunctionType_ESTest.test42
FunctionType.java,com.google.javascript.rhino.jstype.FunctionType,org.pitest.mutationtest.engine.gregor.mutators.experimental.NakedReceiverMutator,supAndInfHelper,694,KILLED,com.google.javascript.rhino.jstype.FunctionType_ESTest.test36
FunctionType.java,com.google.javascript.rhino.jstype.FunctionType,org.pitest.mutationtest.engine.gregor.mutators.ConditionalsBoundaryMutator,toDebugHashCodeString,1172,NO_COVERAGE,none
FunctionType.java,com.google.javascript.rhino.jstype.FunctionType,org.pitest.mutationtest.engine.gregor.mutators.ConstructorCallMutator,toDebugHashCodeString,1164,NO_COVERAGE,none
FunctionType.java,com.google.javascript.rhino.jstype.FunctionType,org.pitest.mutationtest.engine.gregor.mutators.EmptyObjectReturnValsMutator,toDebugHashCodeString,1161,NO_COVERAGE,none
FunctionType.java,com.google.javascript.rhino.jstype.FunctionType,org.pitest.mutationtest.engine.gregor.mutators.EmptyObjectReturnValsMutator,toDebugHashCodeString,1188,NO_COVERAGE,none
FunctionType.java,com.google.javascript.rhino.jstype.FunctionType,org.pitest.mutationtest.engine.gregor.mutators.InlineConstantMutator,toDebugHashCodeString,1164,NO_COVERAGE,none
FunctionType.java,com.google.javascript.rhino.jstype.FunctionType,org.pitest.mutationtest.engine.gregor.mutators.InlineConstantMutator,toDebugHashCodeString,1167,NO_COVERAGE,none
FunctionType.java,com.google.javascript.rhino.jstype.FunctionType,org.pitest.mutationtest.engine.gregor.mutators.InlineConstantMutator,toDebugHashCodeString,1167,NO_COVERAGE,none
FunctionType.java,com.google.javascript.rhino.jstype.FunctionType,org.pitest.mutationtest.engine.gregor.mutators.NegateConditionalsMutator,toDebugHashCodeString,1160,NO_COVERAGE,none
FunctionType.java,com.google.javascript.rhino.jstype.FunctionType,org.pitest.mutationtest.engine.gregor.mutators.NegateConditionalsMutator,toDebugHashCodeString,1167,NO_COVERAGE,none
FunctionType.java,com.google.javascript.rhino.jstype.FunctionType,org.pitest.mutationtest.engine.gregor.mutators.NegateConditionalsMutator,toDebugHashCodeString,1168,NO_COVERAGE,none
FunctionType.java,com.google.javascript.rhino.jstype.FunctionType,org.pitest.mutationtest.engine.gregor.mutators.NegateConditionalsMutator,toDebugHashCodeString,1172,NO_COVERAGE,none
FunctionType.java,com.google.javascript.rhino.jstype.FunctionType,org.pitest.mutationtest.engine.gregor.mutators.NegateConditionalsMutator,toDebugHashCodeString,1173,NO_COVERAGE,none
FunctionType.java,com.google.javascript.rhino.jstype.FunctionType,org.pitest.mutationtest.engine.gregor.mutators.NegateConditionalsMutator,toDebugHashCodeString,1179,NO_COVERAGE,none
FunctionType.java,com.google.javascript.rhino.jstype.FunctionType,org.pitest.mutationtest.engine.gregor.mutators.NonVoidMethodCallMutator,toDebugHashCodeString,1160,NO_COVERAGE,none
FunctionType.java,com.google.javascript.rhino.jstype.FunctionType,org.pitest.mutationtest.engine.gregor.mutators.NonVoidMethodCallMutator,toDebugHashCodeString,1161,NO_COVERAGE,none
FunctionType.java,com.google.javascript.rhino.jstype.FunctionType,org.pitest.mutationtest.engine.gregor.mutators.NonVoidMethodCallMutator,toDebugHashCodeString,1165,NO_COVERAGE,none
FunctionType.java,com.google.javascript.rhino.jstype.FunctionType,org.pitest.mutationtest.engine.gregor.mutators.NonVoidMethodCallMutator,toDebugHashCodeString,1166,NO_COVERAGE,none
FunctionType.java,com.google.javascript.rhino.jstype.FunctionType,org.pitest.mutationtest.engine.gregor.mutators.NonVoidMethodCallMutator,toDebugHashCodeString,1167,NO_COVERAGE,none
FunctionType.java,com.google.javascript.rhino.jstype.FunctionType,org.pitest.mutationtest.engine.gregor.mutators.NonVoidMethodCallMutator,toDebugHashCodeString,1169,NO_COVERAGE,none
FunctionType.java,com.google.javascript.rhino.jstype.FunctionType,org.pitest.mutationtest.engine.gregor.mutators.NonVoidMethodCallMutator,toDebugHashCodeString,1170,NO_COVERAGE,none
FunctionType.java,com.google.javascript.rhino.jstype.FunctionType,org.pitest.mutationtest.engine.gregor.mutators.NonVoidMethodCallMutator,toDebugHashCodeString,1170,NO_COVERAGE,none
FunctionType.java,com.google.javascript.rhino.jstype.FunctionType,org.pitest.mutationtest.engine.gregor.mutators.NonVoidMethodCallMutator,toDebugHashCodeString,1174,NO_COVERAGE,none
FunctionType.java,com.google.javascript.rhino.jstype.FunctionType,org.pitest.mutationtest.engine.gregor.mutators.NonVoidMethodCallMutator,toDebugHashCodeString,1176,NO_COVERAGE,none
FunctionType.java,com.google.javascript.rhino.jstype.FunctionType,org.pitest.mutationtest.engine.gregor.mutators.NonVoidMethodCallMutator,toDebugHashCodeString,1177,NO_COVERAGE,none
FunctionType.java,com.google.javascript.rhino.jstype.FunctionType,org.pitest.mutationtest.engine.gregor.mutators.NonVoidMethodCallMutator,toDebugHashCodeString,1177,NO_COVERAGE,none
FunctionType.java,com.google.javascript.rhino.jstype.FunctionType,org.pitest.mutationtest.engine.gregor.mutators.NonVoidMethodCallMutator,toDebugHashCodeString,1177,NO_COVERAGE,none
FunctionType.java,com.google.javascript.rhino.jstype.FunctionType,org.pitest.mutationtest.engine.gregor.mutators.NonVoidMethodCallMutator,toDebugHashCodeString,1178,NO_COVERAGE,none
FunctionType.java,com.google.javascript.rhino.jstype.FunctionType,org.pitest.mutationtest.engine.gregor.mutators.NonVoidMethodCallMutator,toDebugHashCodeString,1180,NO_COVERAGE,none
FunctionType.java,com.google.javascript.rhino.jstype.FunctionType,org.pitest.mutationtest.engine.gregor.mutators.NonVoidMethodCallMutator,toDebugHashCodeString,1181,NO_COVERAGE,none
FunctionType.java,com.google.javascript.rhino.jstype.FunctionType,org.pitest.mutationtest.engine.gregor.mutators.NonVoidMethodCallMutator,toDebugHashCodeString,1181,NO_COVERAGE,none
FunctionType.java,com.google.javascript.rhino.jstype.FunctionType,org.pitest.mutationtest.engine.gregor.mutators.NonVoidMethodCallMutator,toDebugHashCodeString,1181,NO_COVERAGE,none
FunctionType.java,com.google.javascript.rhino.jstype.FunctionType,org.pitest.mutationtest.engine.gregor.mutators.NonVoidMethodCallMutator,toDebugHashCodeString,1182,NO_COVERAGE,none
FunctionType.java,com.google.javascript.rhino.jstype.FunctionType,org.pitest.mutationtest.engine.gregor.mutators.NonVoidMethodCallMutator,toDebugHashCodeString,1185,NO_COVERAGE,none
FunctionType.java,com.google.javascript.rhino.jstype.FunctionType,org.pitest.mutationtest.engine.gregor.mutators.NonVoidMethodCallMutator,toDebugHashCodeString,1186,NO_COVERAGE,none
FunctionType.java,com.google.javascript.rhino.jstype.FunctionType,org.pitest.mutationtest.engine.gregor.mutators.NonVoidMethodCallMutator,toDebugHashCodeString,1187,NO_COVERAGE,none
FunctionType.java,com.google.javascript.rhino.jstype.FunctionType,org.pitest.mutationtest.engine.gregor.mutators.NonVoidMethodCallMutator,toDebugHashCodeString,1187,NO_COVERAGE,none
FunctionType.java,com.google.javascript.rhino.jstype.FunctionType,org.pitest.mutationtest.engine.gregor.mutators.NonVoidMethodCallMutator,toDebugHashCodeString,1188,NO_COVERAGE,none
FunctionType.java,com.google.javascript.rhino.jstype.FunctionType,org.pitest.mutationtest.engine.gregor.mutators.RemoveConditionalMutator_EQUAL_ELSE,toDebugHashCodeString,1160,NO_COVERAGE,none
FunctionType.java,com.google.javascript.rhino.jstype.FunctionType,org.pitest.mutationtest.engine.gregor.mutators.RemoveConditionalMutator_EQUAL_ELSE,toDebugHashCodeString,1167,NO_COVERAGE,none
FunctionType.java,com.google.javascript.rhino.jstype.FunctionType,org.pitest.mutationtest.engine.gregor.mutators.RemoveConditionalMutator_EQUAL_ELSE,toDebugHashCodeString,1168,NO_COVERAGE,none
FunctionType.java,com.google.javascript.rhino.jstype.FunctionType,org.pitest.mutationtest.engine.gregor.mutators.RemoveConditionalMutator_EQUAL_ELSE,toDebugHashCodeString,1173,NO_COVERAGE,none
FunctionType.java,com.google.javascript.rhino.jstype.FunctionType,org.pitest.mutationtest.engine.gregor.mutators.RemoveConditionalMutator_EQUAL_ELSE,toDebugHashCodeString,1179,NO_COVERAGE,none
FunctionType.java,com.google.javascript.rhino.jstype.FunctionType,org.pitest.mutationtest.engine.gregor.mutators.RemoveConditionalMutator_EQUAL_IF,toDebugHashCodeString,1160,NO_COVERAGE,none
FunctionType.java,com.google.javascript.rhino.jstype.FunctionType,org.pitest.mutationtest.engine.gregor.mutators.RemoveConditionalMutator_EQUAL_IF,toDebugHashCodeString,1167,NO_COVERAGE,none
FunctionType.java,com.google.javascript.rhino.jstype.FunctionType,org.pitest.mutationtest.engine.gregor.mutators.RemoveConditionalMutator_EQUAL_IF,toDebugHashCodeString,1168,NO_COVERAGE,none
FunctionType.java,com.google.javascript.rhino.jstype.FunctionType,org.pitest.mutationtest.engine.gregor.mutators.RemoveConditionalMutator_EQUAL_IF,toDebugHashCodeString,1173,NO_COVERAGE,none
FunctionType.java,com.google.javascript.rhino.jstype.FunctionType,org.pitest.mutationtest.engine.gregor.mutators.RemoveConditionalMutator_EQUAL_IF,toDebugHashCodeString,1179,NO_COVERAGE,none
FunctionType.java,com.google.javascript.rhino.jstype.FunctionType,org.pitest.mutationtest.engine.gregor.mutators.RemoveConditionalMutator_ORDER_ELSE,toDebugHashCodeString,1172,NO_COVERAGE,none
FunctionType.java,com.google.javascript.rhino.jstype.FunctionType,org.pitest.mutationtest.engine.gregor.mutators.RemoveConditionalMutator_ORDER_IF,toDebugHashCodeString,1172,NO_COVERAGE,none
FunctionType.java,com.google.javascript.rhino.jstype.FunctionType,org.pitest.mutationtest.engine.gregor.mutators.ReturnValsMutator,toDebugHashCodeString,1161,NO_COVERAGE,none
FunctionType.java,com.google.javascript.rhino.jstype.FunctionType,org.pitest.mutationtest.engine.gregor.mutators.ReturnValsMutator,toDebugHashCodeString,1188,NO_COVERAGE,none
FunctionType.java,com.google.javascript.rhino.jstype.FunctionType,org.pitest.mutationtest.engine.gregor.mutators.experimental.NakedReceiverMutator,toDebugHashCodeString,1165,NO_COVERAGE,none
FunctionType.java,com.google.javascript.rhino.jstype.FunctionType,org.pitest.mutationtest.engine.gregor.mutators.experimental.NakedReceiverMutator,toDebugHashCodeString,1169,NO_COVERAGE,none
FunctionType.java,com.google.javascript.rhino.jstype.FunctionType,org.pitest.mutationtest.engine.gregor.mutators.experimental.NakedReceiverMutator,toDebugHashCodeString,1170,NO_COVERAGE,none
FunctionType.java,com.google.javascript.rhino.jstype.FunctionType,org.pitest.mutationtest.engine.gregor.mutators.experimental.NakedReceiverMutator,toDebugHashCodeString,1174,NO_COVERAGE,none
FunctionType.java,com.google.javascript.rhino.jstype.FunctionType,org.pitest.mutationtest.engine.gregor.mutators.experimental.NakedReceiverMutator,toDebugHashCodeString,1176,NO_COVERAGE,none
FunctionType.java,com.google.javascript.rhino.jstype.FunctionType,org.pitest.mutationtest.engine.gregor.mutators.experimental.NakedReceiverMutator,toDebugHashCodeString,1177,NO_COVERAGE,none
FunctionType.java,com.google.javascript.rhino.jstype.FunctionType,org.pitest.mutationtest.engine.gregor.mutators.experimental.NakedReceiverMutator,toDebugHashCodeString,1178,NO_COVERAGE,none
FunctionType.java,com.google.javascript.rhino.jstype.FunctionType,org.pitest.mutationtest.engine.gregor.mutators.experimental.NakedReceiverMutator,toDebugHashCodeString,1180,NO_COVERAGE,none
FunctionType.java,com.google.javascript.rhino.jstype.FunctionType,org.pitest.mutationtest.engine.gregor.mutators.experimental.NakedReceiverMutator,toDebugHashCodeString,1181,NO_COVERAGE,none
FunctionType.java,com.google.javascript.rhino.jstype.FunctionType,org.pitest.mutationtest.engine.gregor.mutators.experimental.NakedReceiverMutator,toDebugHashCodeString,1182,NO_COVERAGE,none
FunctionType.java,com.google.javascript.rhino.jstype.FunctionType,org.pitest.mutationtest.engine.gregor.mutators.experimental.NakedReceiverMutator,toDebugHashCodeString,1185,NO_COVERAGE,none
FunctionType.java,com.google.javascript.rhino.jstype.FunctionType,org.pitest.mutationtest.engine.gregor.mutators.experimental.NakedReceiverMutator,toDebugHashCodeString,1186,NO_COVERAGE,none
FunctionType.java,com.google.javascript.rhino.jstype.FunctionType,org.pitest.mutationtest.engine.gregor.mutators.experimental.NakedReceiverMutator,toDebugHashCodeString,1187,NO_COVERAGE,none
FunctionType.java,com.google.javascript.rhino.jstype.FunctionType,org.pitest.mutationtest.engine.gregor.mutators.NullReturnValsMutator,toMaybeFunctionType,203,KILLED,com.google.javascript.rhino.jstype.FunctionType_ESTest.test80
FunctionType.java,com.google.javascript.rhino.jstype.FunctionType,org.pitest.mutationtest.engine.gregor.mutators.ReturnValsMutator,toMaybeFunctionType,203,KILLED,com.google.javascript.rhino.jstype.FunctionType_ESTest.test80
FunctionType.java,com.google.javascript.rhino.jstype.FunctionType,org.pitest.mutationtest.engine.gregor.mutators.ConditionalsBoundaryMutator,toStringHelper,889,KILLED,com.google.javascript.rhino.jstype.FunctionType_ESTest.test17
FunctionType.java,com.google.javascript.rhino.jstype.FunctionType,org.pitest.mutationtest.engine.gregor.mutators.ConstructorCallMutator,toStringHelper,877,KILLED,com.google.javascript.rhino.jstype.FunctionType_ESTest.test67
FunctionType.java,com.google.javascript.rhino.jstype.FunctionType,org.pitest.mutationtest.engine.gregor.mutators.EmptyObjectReturnValsMutator,toStringHelper,872,KILLED,com.google.javascript.rhino.jstype.FunctionType_ESTest.test20
FunctionType.java,com.google.javascript.rhino.jstype.FunctionType,org.pitest.mutationtest.engine.gregor.mutators.EmptyObjectReturnValsMutator,toStringHelper,907,KILLED,com.google.javascript.rhino.jstype.FunctionType_ESTest.test17
FunctionType.java,com.google.javascript.rhino.jstype.FunctionType,org.pitest.mutationtest.engine.gregor.mutators.InlineConstantMutator,toStringHelper,875,SURVIVED,none
FunctionType.java,com.google.javascript.rhino.jstype.FunctionType,org.pitest.mutationtest.engine.gregor.mutators.InlineConstantMutator,toStringHelper,877,SURVIVED,none
FunctionType.java,com.google.javascript.rhino.jstype.FunctionType,org.pitest.mutationtest.engine.gregor.mutators.InlineConstantMutator,toStringHelper,880,KILLED,com.google.javascript.rhino.jstype.FunctionType_ESTest.test17
FunctionType.java,com.google.javascript.rhino.jstype.FunctionType,org.pitest.mutationtest.engine.gregor.mutators.InlineConstantMutator,toStringHelper,880,KILLED,com.google.javascript.rhino.jstype.FunctionType_ESTest.test16
FunctionType.java,com.google.javascript.rhino.jstype.FunctionType,org.pitest.mutationtest.engine.gregor.mutators.InlineConstantMutator,toStringHelper,906,SURVIVED,none
FunctionType.java,com.google.javascript.rhino.jstype.FunctionType,org.pitest.mutationtest.engine.gregor.mutators.NegateConditionalsMutator,toStringHelper,870,KILLED,com.google.javascript.rhino.jstype.FunctionType_ESTest.test17
FunctionType.java,com.google.javascript.rhino.jstype.FunctionType,org.pitest.mutationtest.engine.gregor.mutators.NegateConditionalsMutator,toStringHelper,870,KILLED,com.google.javascript.rhino.jstype.FunctionType_ESTest.test17
FunctionType.java,com.google.javascript.rhino.jstype.FunctionType,org.pitest.mutationtest.engine.gregor.mutators.NegateConditionalsMutator,toStringHelper,880,KILLED,com.google.javascript.rhino.jstype.FunctionType_ESTest.test17
FunctionType.java,com.google.javascript.rhino.jstype.FunctionType,org.pitest.mutationtest.engine.gregor.mutators.NegateConditionalsMutator,toStringHelper,881,KILLED,com.google.javascript.rhino.jstype.FunctionType_ESTest.test17
FunctionType.java,com.google.javascript.rhino.jstype.FunctionType,org.pitest.mutationtest.engine.gregor.mutators.NegateConditionalsMutator,toStringHelper,882,KILLED,com.google.javascript.rhino.jstype.FunctionType_ESTest.test17
FunctionType.java,com.google.javascript.rhino.jstype.FunctionType,org.pitest.mutationtest.engine.gregor.mutators.NegateConditionalsMutator,toStringHelper,889,KILLED,com.google.javascript.rhino.jstype.FunctionType_ESTest.test17
FunctionType.java,com.google.javascript.rhino.jstype.FunctionType,org.pitest.mutationtest.engine.gregor.mutators.NegateConditionalsMutator,toStringHelper,890,KILLED,com.google.javascript.rhino.jstype.FunctionType_ESTest.test16
FunctionType.java,com.google.javascript.rhino.jstype.FunctionType,org.pitest.mutationtest.engine.gregor.mutators.NegateConditionalsMutator,toStringHelper,897,KILLED,com.google.javascript.rhino.jstype.FunctionType_ESTest.test67
FunctionType.java,com.google.javascript.rhino.jstype.FunctionType,org.pitest.mutationtest.engine.gregor.mutators.NonVoidMethodCallMutator,toStringHelper,870,KILLED,com.google.javascript.rhino.jstype.FunctionType_ESTest.test17
FunctionType.java,com.google.javascript.rhino.jstype.FunctionType,org.pitest.mutationtest.engine.gregor.mutators.NonVoidMethodCallMutator,toStringHelper,870,KILLED,com.google.javascript.rhino.jstype.FunctionType_ESTest.test18
FunctionType.java,com.google.javascript.rhino.jstype.FunctionType,org.pitest.mutationtest.engine.gregor.mutators.NonVoidMethodCallMutator,toStringHelper,878,KILLED,com.google.javascript.rhino.jstype.FunctionType_ESTest.test17
FunctionType.java,com.google.javascript.rhino.jstype.FunctionType,org.pitest.mutationtest.engine.gregor.mutators.NonVoidMethodCallMutator,toStringHelper,879,KILLED,com.google.javascript.rhino.jstype.FunctionType_ESTest.test16
FunctionType.java,com.google.javascript.rhino.jstype.FunctionType,org.pitest.mutationtest.engine.gregor.mutators.NonVoidMethodCallMutator,toStringHelper,882,KILLED,com.google.javascript.rhino.jstype.FunctionType_ESTest.test19
FunctionType.java,com.google.javascript.rhino.jstype.FunctionType,org.pitest.mutationtest.engine.gregor.mutators.NonVoidMethodCallMutator,toStringHelper,883,KILLED,com.google.javascript.rhino.jstype.FunctionType_ESTest.test19
FunctionType.java,com.google.javascript.rhino.jstype.FunctionType,org.pitest.mutationtest.engine.gregor.mutators.NonVoidMethodCallMutator,toStringHelper,885,KILLED,com.google.javascript.rhino.jstype.FunctionType_ESTest.test17
FunctionType.java,com.google.javascript.rhino.jstype.FunctionType,org.pitest.mutationtest.engine.gregor.mutators.NonVoidMethodCallMutator,toStringHelper,887,KILLED,com.google.javascript.rhino.jstype.FunctionType_ESTest.test17
FunctionType.java,com.google.javascript.rhino.jstype.FunctionType,org.pitest.mutationtest.engine.gregor.mutators.NonVoidMethodCallMutator,toStringHelper,887,KILLED,com.google.javascript.rhino.jstype.FunctionType_ESTest.test17
FunctionType.java,com.google.javascript.rhino.jstype.FunctionType,org.pitest.mutationtest.engine.gregor.mutators.NonVoidMethodCallMutator,toStringHelper,891,KILLED,com.google.javascript.rhino.jstype.FunctionType_ESTest.test19
FunctionType.java,com.google.javascript.rhino.jstype.FunctionType,org.pitest.mutationtest.engine.gregor.mutators.NonVoidMethodCallMutator,toStringHelper,893,KILLED,com.google.javascript.rhino.jstype.FunctionType_ESTest.test67
FunctionType.java,com.google.javascript.rhino.jstype.FunctionType,org.pitest.mutationtest.engine.gregor.mutators.NonVoidMethodCallMutator,toStringHelper,896,KILLED,com.google.javascript.rhino.jstype.FunctionType_ESTest.test16
FunctionType.java,com.google.javascript.rhino.jstype.FunctionType,org.pitest.mutationtest.engine.gregor.mutators.NonVoidMethodCallMutator,toStringHelper,898,KILLED,com.google.javascript.rhino.jstype.FunctionType_ESTest.test16
FunctionType.java,com.google.javascript.rhino.jstype.FunctionType,org.pitest.mutationtest.engine.gregor.mutators.NonVoidMethodCallMutator,toStringHelper,900,KILLED,com.google.javascript.rhino.jstype.FunctionType_ESTest.test19
FunctionType.java,com.google.javascript.rhino.jstype.FunctionType,org.pitest.mutationtest.engine.gregor.mutators.NonVoidMethodCallMutator,toStringHelper,903,KILLED,com.google.javascript.rhino.jstype.FunctionType_ESTest.test17
FunctionType.java,com.google.javascript.rhino.jstype.FunctionType,org.pitest.mutationtest.engine.gregor.mutators.NonVoidMethodCallMutator,toStringHelper,904,KILLED,com.google.javascript.rhino.jstype.FunctionType_ESTest.test17
FunctionType.java,com.google.javascript.rhino.jstype.FunctionType,org.pitest.mutationtest.engine.gregor.mutators.NonVoidMethodCallMutator,toStringHelper,904,KILLED,com.google.javascript.rhino.jstype.FunctionType_ESTest.test17
FunctionType.java,com.google.javascript.rhino.jstype.FunctionType,org.pitest.mutationtest.engine.gregor.mutators.NonVoidMethodCallMutator,toStringHelper,907,KILLED,com.google.javascript.rhino.jstype.FunctionType_ESTest.test17
FunctionType.java,com.google.javascript.rhino.jstype.FunctionType,org.pitest.mutationtest.engine.gregor.mutators.RemoveConditionalMutator_EQUAL_ELSE,toStringHelper,870,KILLED,com.google.javascript.rhino.jstype.FunctionType_ESTest.test17
FunctionType.java,com.google.javascript.rhino.jstype.FunctionType,org.pitest.mutationtest.engine.gregor.mutators.RemoveConditionalMutator_EQUAL_ELSE,toStringHelper,870,KILLED,com.google.javascript.rhino.jstype.FunctionType_ESTest.test18
FunctionType.java,com.google.javascript.rhino.jstype.FunctionType,org.pitest.mutationtest.engine.gregor.mutators.RemoveConditionalMutator_EQUAL_ELSE,toStringHelper,880,KILLED,com.google.javascript.rhino.jstype.FunctionType_ESTest.test17
FunctionType.java,com.google.javascript.rhino.jstype.FunctionType,org.pitest.mutationtest.engine.gregor.mutators.RemoveConditionalMutator_EQUAL_ELSE,toStringHelper,881,KILLED,com.google.javascript.rhino.jstype.FunctionType_ESTest.test17
FunctionType.java,com.google.javascript.rhino.jstype.FunctionType,org.pitest.mutationtest.engine.gregor.mutators.RemoveConditionalMutator_EQUAL_ELSE,toStringHelper,882,KILLED,com.google.javascript.rhino.jstype.FunctionType_ESTest.test19
FunctionType.java,com.google.javascript.rhino.jstype.FunctionType,org.pitest.mutationtest.engine.gregor.mutators.RemoveConditionalMutator_EQUAL_ELSE,toStringHelper,890,KILLED,com.google.javascript.rhino.jstype.FunctionType_ESTest.test19
FunctionType.java,com.google.javascript.rhino.jstype.FunctionType,org.pitest.mutationtest.engine.gregor.mutators.RemoveConditionalMutator_EQUAL_ELSE,toStringHelper,897,KILLED,com.google.javascript.rhino.jstype.FunctionType_ESTest.test16
FunctionType.java,com.google.javascript.rhino.jstype.FunctionType,org.pitest.mutationtest.engine.gregor.mutators.RemoveConditionalMutator_EQUAL_IF,toStringHelper,870,KILLED,com.google.javascript.rhino.jstype.FunctionType_ESTest.test20
FunctionType.java,com.google.javascript.rhino.jstype.FunctionType,org.pitest.mutationtest.engine.gregor.mutators.RemoveConditionalMutator_EQUAL_IF,toStringHelper,870,KILLED,com.google.javascript.rhino.jstype.FunctionType_ESTest.test17
FunctionType.java,com.google.javascript.rhino.jstype.FunctionType,org.pitest.mutationtest.engine.gregor.mutators.RemoveConditionalMutator_EQUAL_IF,toStringHelper,880,KILLED,com.google.javascript.rhino.jstype.FunctionType_ESTest.test16
FunctionType.java,com.google.javascript.rhino.jstype.FunctionType,org.pitest.mutationtest.engine.gregor.mutators.RemoveConditionalMutator_EQUAL_IF,toStringHelper,881,KILLED,com.google.javascript.rhino.jstype.FunctionType_ESTest.test16
FunctionType.java,com.google.javascript.rhino.jstype.FunctionType,org.pitest.mutationtest.engine.gregor.mutators.RemoveConditionalMutator_EQUAL_IF,toStringHelper,882,KILLED,com.google.javascript.rhino.jstype.FunctionType_ESTest.test17
FunctionType.java,com.google.javascript.rhino.jstype.FunctionType,org.pitest.mutationtest.engine.gregor.mutators.RemoveConditionalMutator_EQUAL_IF,toStringHelper,890,KILLED,com.google.javascript.rhino.jstype.FunctionType_ESTest.test16
FunctionType.java,com.google.javascript.rhino.jstype.FunctionType,org.pitest.mutationtest.engine.gregor.mutators.RemoveConditionalMutator_EQUAL_IF,toStringHelper,897,KILLED,com.google.javascript.rhino.jstype.FunctionType_ESTest.test67
FunctionType.java,com.google.javascript.rhino.jstype.FunctionType,org.pitest.mutationtest.engine.gregor.mutators.RemoveConditionalMutator_ORDER_ELSE,toStringHelper,889,KILLED,com.google.javascript.rhino.jstype.FunctionType_ESTest.test16
FunctionType.java,com.google.javascript.rhino.jstype.FunctionType,org.pitest.mutationtest.engine.gregor.mutators.RemoveConditionalMutator_ORDER_IF,toStringHelper,889,KILLED,com.google.javascript.rhino.jstype.FunctionType_ESTest.test17
FunctionType.java,com.google.javascript.rhino.jstype.FunctionType,org.pitest.mutationtest.engine.gregor.mutators.ReturnValsMutator,toStringHelper,872,KILLED,com.google.javascript.rhino.jstype.FunctionType_ESTest.test20
FunctionType.java,com.google.javascript.rhino.jstype.FunctionType,org.pitest.mutationtest.engine.gregor.mutators.ReturnValsMutator,toStringHelper,907,KILLED,com.google.javascript.rhino.jstype.FunctionType_ESTest.test17
FunctionType.java,com.google.javascript.rhino.jstype.FunctionType,org.pitest.mutationtest.engine.gregor.mutators.VoidMethodCallMutator,toStringHelper,875,SURVIVED,none
FunctionType.java,com.google.javascript.rhino.jstype.FunctionType,org.pitest.mutationtest.engine.gregor.mutators.VoidMethodCallMutator,toStringHelper,894,KILLED,com.google.javascript.rhino.jstype.FunctionType_ESTest.test16
FunctionType.java,com.google.javascript.rhino.jstype.FunctionType,org.pitest.mutationtest.engine.gregor.mutators.VoidMethodCallMutator,toStringHelper,899,KILLED,com.google.javascript.rhino.jstype.FunctionType_ESTest.test16
FunctionType.java,com.google.javascript.rhino.jstype.FunctionType,org.pitest.mutationtest.engine.gregor.mutators.VoidMethodCallMutator,toStringHelper,906,SURVIVED,none
FunctionType.java,com.google.javascript.rhino.jstype.FunctionType,org.pitest.mutationtest.engine.gregor.mutators.experimental.NakedReceiverMutator,toStringHelper,878,KILLED,com.google.javascript.rhino.jstype.FunctionType_ESTest.test17
FunctionType.java,com.google.javascript.rhino.jstype.FunctionType,org.pitest.mutationtest.engine.gregor.mutators.experimental.NakedReceiverMutator,toStringHelper,883,KILLED,com.google.javascript.rhino.jstype.FunctionType_ESTest.test19
FunctionType.java,com.google.javascript.rhino.jstype.FunctionType,org.pitest.mutationtest.engine.gregor.mutators.experimental.NakedReceiverMutator,toStringHelper,885,KILLED,com.google.javascript.rhino.jstype.FunctionType_ESTest.test17
FunctionType.java,com.google.javascript.rhino.jstype.FunctionType,org.pitest.mutationtest.engine.gregor.mutators.experimental.NakedReceiverMutator,toStringHelper,887,KILLED,com.google.javascript.rhino.jstype.FunctionType_ESTest.test17
FunctionType.java,com.google.javascript.rhino.jstype.FunctionType,org.pitest.mutationtest.engine.gregor.mutators.experimental.NakedReceiverMutator,toStringHelper,891,KILLED,com.google.javascript.rhino.jstype.FunctionType_ESTest.test19
FunctionType.java,com.google.javascript.rhino.jstype.FunctionType,org.pitest.mutationtest.engine.gregor.mutators.experimental.NakedReceiverMutator,toStringHelper,893,KILLED,com.google.javascript.rhino.jstype.FunctionType_ESTest.test67
FunctionType.java,com.google.javascript.rhino.jstype.FunctionType,org.pitest.mutationtest.engine.gregor.mutators.experimental.NakedReceiverMutator,toStringHelper,896,KILLED,com.google.javascript.rhino.jstype.FunctionType_ESTest.test16
FunctionType.java,com.google.javascript.rhino.jstype.FunctionType,org.pitest.mutationtest.engine.gregor.mutators.experimental.NakedReceiverMutator,toStringHelper,898,KILLED,com.google.javascript.rhino.jstype.FunctionType_ESTest.test16
FunctionType.java,com.google.javascript.rhino.jstype.FunctionType,org.pitest.mutationtest.engine.gregor.mutators.experimental.NakedReceiverMutator,toStringHelper,900,SURVIVED,none
FunctionType.java,com.google.javascript.rhino.jstype.FunctionType,org.pitest.mutationtest.engine.gregor.mutators.experimental.NakedReceiverMutator,toStringHelper,903,KILLED,com.google.javascript.rhino.jstype.FunctionType_ESTest.test17
FunctionType.java,com.google.javascript.rhino.jstype.FunctionType,org.pitest.mutationtest.engine.gregor.mutators.experimental.NakedReceiverMutator,toStringHelper,904,KILLED,com.google.javascript.rhino.jstype.FunctionType_ESTest.test17
FunctionType.java,com.google.javascript.rhino.jstype.FunctionType,org.pitest.mutationtest.engine.gregor.mutators.ArgumentPropagationMutator,tryMergeFunctionPiecewise,738,SURVIVED,none
FunctionType.java,com.google.javascript.rhino.jstype.FunctionType,org.pitest.mutationtest.engine.gregor.mutators.ArgumentPropagationMutator,tryMergeFunctionPiecewise,738,KILLED,com.google.javascript.rhino.jstype.FunctionType_ESTest.test31
FunctionType.java,com.google.javascript.rhino.jstype.FunctionType,org.pitest.mutationtest.engine.gregor.mutators.ArgumentPropagationMutator,tryMergeFunctionPiecewise,746,SURVIVED,none
FunctionType.java,com.google.javascript.rhino.jstype.FunctionType,org.pitest.mutationtest.engine.gregor.mutators.ArgumentPropagationMutator,tryMergeFunctionPiecewise,746,KILLED,com.google.javascript.rhino.jstype.FunctionType_ESTest.test41
FunctionType.java,com.google.javascript.rhino.jstype.FunctionType,org.pitest.mutationtest.engine.gregor.mutators.ConstructorCallMutator,tryMergeFunctionPiecewise,761,KILLED,com.google.javascript.rhino.jstype.FunctionType_ESTest.test41
FunctionType.java,com.google.javascript.rhino.jstype.FunctionType,org.pitest.mutationtest.engine.gregor.mutators.ConstructorCallMutator,tryMergeFunctionPiecewise,761,KILLED,com.google.javascript.rhino.jstype.FunctionType_ESTest.test41
FunctionType.java,com.google.javascript.rhino.jstype.FunctionType,org.pitest.mutationtest.engine.gregor.mutators.InlineConstantMutator,tryMergeFunctionPiecewise,758,SURVIVED,none
FunctionType.java,com.google.javascript.rhino.jstype.FunctionType,org.pitest.mutationtest.engine.gregor.mutators.InlineConstantMutator,tryMergeFunctionPiecewise,758,KILLED,com.google.javascript.rhino.jstype.FunctionType_ESTest.test41
FunctionType.java,com.google.javascript.rhino.jstype.FunctionType,org.pitest.mutationtest.engine.gregor.mutators.InlineConstantMutator,tryMergeFunctionPiecewise,761,KILLED,com.google.javascript.rhino.jstype.FunctionType_ESTest.test41
FunctionType.java,com.google.javascript.rhino.jstype.FunctionType,org.pitest.mutationtest.engine.gregor.mutators.InlineConstantMutator,tryMergeFunctionPiecewise,761,SURVIVED,none
FunctionType.java,com.google.javascript.rhino.jstype.FunctionType,org.pitest.mutationtest.engine.gregor.mutators.NegateConditionalsMutator,tryMergeFunctionPiecewise,730,KILLED,com.google.javascript.rhino.jstype.FunctionType_ESTest.test41
FunctionType.java,com.google.javascript.rhino.jstype.FunctionType,org.pitest.mutationtest.engine.gregor.mutators.NegateConditionalsMutator,tryMergeFunctionPiecewise,738,SURVIVED,none
FunctionType.java,com.google.javascript.rhino.jstype.FunctionType,org.pitest.mutationtest.engine.gregor.mutators.NegateConditionalsMutator,tryMergeFunctionPiecewise,743,SURVIVED,none
FunctionType.java,com.google.javascript.rhino.jstype.FunctionType,org.pitest.mutationtest.engine.gregor.mutators.NegateConditionalsMutator,tryMergeFunctionPiecewise,746,SURVIVED,none
FunctionType.java,com.google.javascript.rhino.jstype.FunctionType,org.pitest.mutationtest.engine.gregor.mutators.NegateConditionalsMutator,tryMergeFunctionPiecewise,749,KILLED,com.google.javascript.rhino.jstype.FunctionType_ESTest.test41
FunctionType.java,com.google.javascript.rhino.jstype.FunctionType,org.pitest.mutationtest.engine.gregor.mutators.NegateConditionalsMutator,tryMergeFunctionPiecewise,752,SURVIVED,none
FunctionType.java,com.google.javascript.rhino.jstype.FunctionType,org.pitest.mutationtest.engine.gregor.mutators.NegateConditionalsMutator,tryMergeFunctionPiecewise,758,KILLED,com.google.javascript.rhino.jstype.FunctionType_ESTest.test41
FunctionType.java,com.google.javascript.rhino.jstype.FunctionType,org.pitest.mutationtest.engine.gregor.mutators.NegateConditionalsMutator,tryMergeFunctionPiecewise,758,KILLED,com.google.javascript.rhino.jstype.FunctionType_ESTest.test41
FunctionType.java,com.google.javascript.rhino.jstype.FunctionType,org.pitest.mutationtest.engine.gregor.mutators.NonVoidMethodCallMutator,tryMergeFunctionPiecewise,730,KILLED,com.google.javascript.rhino.jstype.FunctionType_ESTest.test41
FunctionType.java,com.google.javascript.rhino.jstype.FunctionType,org.pitest.mutationtest.engine.gregor.mutators.NonVoidMethodCallMutator,tryMergeFunctionPiecewise,738,SURVIVED,none
FunctionType.java,com.google.javascript.rhino.jstype.FunctionType,org.pitest.mutationtest.engine.gregor.mutators.NonVoidMethodCallMutator,tryMergeFunctionPiecewise,738,KILLED,com.google.javascript.rhino.jstype.FunctionType_ESTest.test41
FunctionType.java,com.google.javascript.rhino.jstype.FunctionType,org.pitest.mutationtest.engine.gregor.mutators.NonVoidMethodCallMutator,tryMergeFunctionPiecewise,743,SURVIVED,none
FunctionType.java,com.google.javascript.rhino.jstype.FunctionType,org.pitest.mutationtest.engine.gregor.mutators.NonVoidMethodCallMutator,tryMergeFunctionPiecewise,746,SURVIVED,none
FunctionType.java,com.google.javascript.rhino.jstype.FunctionType,org.pitest.mutationtest.engine.gregor.mutators.NonVoidMethodCallMutator,tryMergeFunctionPiecewise,746,KILLED,com.google.javascript.rhino.jstype.FunctionType_ESTest.test41
FunctionType.java,com.google.javascript.rhino.jstype.FunctionType,org.pitest.mutationtest.engine.gregor.mutators.NonVoidMethodCallMutator,tryMergeFunctionPiecewise,752,SURVIVED,none
FunctionType.java,com.google.javascript.rhino.jstype.FunctionType,org.pitest.mutationtest.engine.gregor.mutators.NonVoidMethodCallMutator,tryMergeFunctionPiecewise,752,SURVIVED,none
FunctionType.java,com.google.javascript.rhino.jstype.FunctionType,org.pitest.mutationtest.engine.gregor.mutators.NullReturnValsMutator,tryMergeFunctionPiecewise,761,KILLED,com.google.javascript.rhino.jstype.FunctionType_ESTest.test41
FunctionType.java,com.google.javascript.rhino.jstype.FunctionType,org.pitest.mutationtest.engine.gregor.mutators.RemoveConditionalMutator_EQUAL_ELSE,tryMergeFunctionPiecewise,730,KILLED,com.google.javascript.rhino.jstype.FunctionType_ESTest.test41
FunctionType.java,com.google.javascript.rhino.jstype.FunctionType,org.pitest.mutationtest.engine.gregor.mutators.RemoveConditionalMutator_EQUAL_ELSE,tryMergeFunctionPiecewise,738,SURVIVED,none
FunctionType.java,com.google.javascript.rhino.jstype.FunctionType,org.pitest.mutationtest.engine.gregor.mutators.RemoveConditionalMutator_EQUAL_ELSE,tryMergeFunctionPiecewise,743,SURVIVED,none
FunctionType.java,com.google.javascript.rhino.jstype.FunctionType,org.pitest.mutationtest.engine.gregor.mutators.RemoveConditionalMutator_EQUAL_ELSE,tryMergeFunctionPiecewise,746,SURVIVED,none
FunctionType.java,com.google.javascript.rhino.jstype.FunctionType,org.pitest.mutationtest.engine.gregor.mutators.RemoveConditionalMutator_EQUAL_ELSE,tryMergeFunctionPiecewise,749,KILLED,com.google.javascript.rhino.jstype.FunctionType_ESTest.test41
FunctionType.java,com.google.javascript.rhino.jstype.FunctionType,org.pitest.mutationtest.engine.gregor.mutators.RemoveConditionalMutator_EQUAL_ELSE,tryMergeFunctionPiecewise,752,SURVIVED,none
FunctionType.java,com.google.javascript.rhino.jstype.FunctionType,org.pitest.mutationtest.engine.gregor.mutators.RemoveConditionalMutator_EQUAL_ELSE,tryMergeFunctionPiecewise,758,KILLED,com.google.javascript.rhino.jstype.FunctionType_ESTest.test41
FunctionType.java,com.google.javascript.rhino.jstype.FunctionType,org.pitest.mutationtest.engine.gregor.mutators.RemoveConditionalMutator_EQUAL_ELSE,tryMergeFunctionPiecewise,758,SURVIVED,none
FunctionType.java,com.google.javascript.rhino.jstype.FunctionType,org.pitest.mutationtest.engine.gregor.mutators.RemoveConditionalMutator_EQUAL_IF,tryMergeFunctionPiecewise,730,SURVIVED,none
FunctionType.java,com.google.javascript.rhino.jstype.FunctionType,org.pitest.mutationtest.engine.gregor.mutators.RemoveConditionalMutator_EQUAL_IF,tryMergeFunctionPiecewise,738,SURVIVED,none
FunctionType.java,com.google.javascript.rhino.jstype.FunctionType,org.pitest.mutationtest.engine.gregor.mutators.RemoveConditionalMutator_EQUAL_IF,tryMergeFunctionPiecewise,743,SURVIVED,none
FunctionType.java,com.google.javascript.rhino.jstype.FunctionType,org.pitest.mutationtest.engine.gregor.mutators.RemoveConditionalMutator_EQUAL_IF,tryMergeFunctionPiecewise,746,SURVIVED,none
FunctionType.java,com.google.javascript.rhino.jstype.FunctionType,org.pitest.mutationtest.engine.gregor.mutators.RemoveConditionalMutator_EQUAL_IF,tryMergeFunctionPiecewise,749,KILLED,com.google.javascript.rhino.jstype.FunctionType_ESTest.test89
FunctionType.java,com.google.javascript.rhino.jstype.FunctionType,org.pitest.mutationtest.engine.gregor.mutators.RemoveConditionalMutator_EQUAL_IF,tryMergeFunctionPiecewise,752,SURVIVED,none
FunctionType.java,com.google.javascript.rhino.jstype.FunctionType,org.pitest.mutationtest.engine.gregor.mutators.RemoveConditionalMutator_EQUAL_IF,tryMergeFunctionPiecewise,758,SURVIVED,none
FunctionType.java,com.google.javascript.rhino.jstype.FunctionType,org.pitest.mutationtest.engine.gregor.mutators.RemoveConditionalMutator_EQUAL_IF,tryMergeFunctionPiecewise,758,KILLED,com.google.javascript.rhino.jstype.FunctionType_ESTest.test41
FunctionType.java,com.google.javascript.rhino.jstype.FunctionType,org.pitest.mutationtest.engine.gregor.mutators.ReturnValsMutator,tryMergeFunctionPiecewise,735,KILLED,com.google.javascript.rhino.jstype.FunctionType_ESTest.test36
FunctionType.java,com.google.javascript.rhino.jstype.FunctionType,org.pitest.mutationtest.engine.gregor.mutators.ReturnValsMutator,tryMergeFunctionPiecewise,761,KILLED,com.google.javascript.rhino.jstype.FunctionType_ESTest.test41
FunctionType.java,com.google.javascript.rhino.jstype.FunctionType,org.pitest.mutationtest.engine.gregor.mutators.experimental.NakedReceiverMutator,tryMergeFunctionPiecewise,738,SURVIVED,none
FunctionType.java,com.google.javascript.rhino.jstype.FunctionType,org.pitest.mutationtest.engine.gregor.mutators.experimental.NakedReceiverMutator,tryMergeFunctionPiecewise,738,KILLED,com.google.javascript.rhino.jstype.FunctionType_ESTest.test31
FunctionType.java,com.google.javascript.rhino.jstype.FunctionType,org.pitest.mutationtest.engine.gregor.mutators.NonVoidMethodCallMutator,visit,995,SURVIVED,none
FunctionType.java,com.google.javascript.rhino.jstype.FunctionType,org.pitest.mutationtest.engine.gregor.mutators.NullReturnValsMutator,visit,995,SURVIVED,none
FunctionType.java,com.google.javascript.rhino.jstype.FunctionType,org.pitest.mutationtest.engine.gregor.mutators.ReturnValsMutator,visit,995,SURVIVED,none
