file,class,type,cbo,wmc,dit,rfc,lcom,tcc,lcc,totalMethodsQty,staticMethodsQty,publicMethodsQty,privateMethodsQty,protectedMethodsQty,defaultMethodsQty,visibleMethodsQty,abstractMethodsQty,finalMethodsQty,synchronizedMethodsQty,totalFieldsQty,staticFieldsQty,publicFieldsQty,privateFieldsQty,protectedFieldsQty,defaultFieldsQty,finalFieldsQty,synchronizedFieldsQty,nosi,loc,returnQty,loopQty,comparisonsQty,tryCatchQty,parenthesizedExpsQty,stringLiteralsQty,numbersQty,assignmentsQty,mathOperationsQty,variablesQty,maxNestedBlocksQty,anonymousClassesQty,innerClassesQty,lambdasQty,uniqueWordsQty,modifiers,logStatementsQty
/Users/pouriad/repos/Cling-application/projects/math/src/experimental/org/apache/commons/math/analysis/derivative/AbstractDifferenceDerivative.java,org.apache.commons.math.analysis.derivative.AbstractDifferenceDerivative,class,3,3,2,1,1,0.0,0.0,3,0,1,1,1,0,2,0,0,0,1,0,0,1,0,0,0,0,0,13,1,0,0,0,0,0,0,1,0,1,0,0,0,0,16,1025,0
/Users/pouriad/repos/Cling-application/projects/math/src/experimental/org/apache/commons/math/analysis/derivative/BackwardDifferenceDerivative.java,org.apache.commons.math.analysis.derivative.BackwardDifferenceDerivative,class,4,3,3,3,3,0.0,0.0,3,1,3,0,0,0,3,0,0,0,0,0,0,0,0,0,0,0,0,13,2,0,0,0,1,0,0,2,3,2,0,0,0,0,19,1,0
/Users/pouriad/repos/Cling-application/projects/math/src/experimental/org/apache/commons/math/analysis/derivative/CenterDifferenceDerivative.java,org.apache.commons.math.analysis.derivative.CenterDifferenceDerivative,class,4,3,3,3,3,0.0,0.0,3,1,3,0,0,0,3,0,0,0,0,0,0,0,0,0,0,0,0,14,2,0,0,0,1,0,1,3,5,3,0,0,0,0,20,1,0
/Users/pouriad/repos/Cling-application/projects/math/src/experimental/org/apache/commons/math/analysis/derivative/ForwardDifferenceDerivative.java,org.apache.commons.math.analysis.derivative.ForwardDifferenceDerivative,class,4,3,3,3,3,0.0,0.0,3,1,3,0,0,0,3,0,0,0,0,0,0,0,0,0,0,0,0,13,2,0,0,0,1,0,0,2,3,2,0,0,0,0,19,1,0
/Users/pouriad/repos/Cling-application/projects/math/src/experimental/org/apache/commons/math/analysis/UnivariateRealFunctionProxy.java,org.apache.commons.math.analysis.UnivariateRealFunctionProxy,class,2,3,1,1,0,1.0,1.0,3,0,1,1,1,0,2,0,0,0,1,0,0,1,0,0,0,0,0,13,1,0,0,0,0,0,0,1,0,1,0,0,0,0,10,1025,0
/Users/pouriad/repos/Cling-application/projects/math/src/experimental/org/apache/commons/math/analysis/FunctionOperator.java,org.apache.commons.math.analysis.FunctionOperator,interface,1,1,1,0,0,NaN,NaN,1,0,1,0,0,0,1,0,0,0,0,0,0,0,0,0,0,0,0,3,0,0,0,0,0,0,0,0,0,0,0,0,0,0,21,1,0
/Users/pouriad/repos/Cling-application/projects/math/src/experimental/org/apache/commons/math/analysis/UnivariateRealFunctionUtilsTest.java,org.apache.commons.math.analysis.UnivariateRealFunctionUtilsTest,class,6,5,2,8,6,0.0,0.0,4,0,3,1,0,0,3,0,0,0,0,0,0,0,0,0,0,0,4,26,0,0,0,1,0,0,8,7,4,7,1,0,0,0,28,1,0
/Users/pouriad/repos/Cling-application/projects/math/src/experimental/org/apache/commons/math/analysis/UnivariateRealFunctionUtils.java,org.apache.commons.math.analysis.UnivariateRealFunctionUtils,class,4,4,1,3,6,0.0,0.0,4,3,3,1,0,0,3,0,0,0,0,0,0,0,0,0,0,0,3,14,3,0,0,0,0,0,0,0,0,0,0,0,0,0,13,1,0
/Users/pouriad/repos/Cling-application/projects/math/src/experimental/org/apache/commons/math/analysis/DerivativeOperatorFactory.java,org.apache.commons.math.analysis.DerivativeOperatorFactory,class,2,3,1,0,3,0.0,0.0,3,1,3,0,0,0,3,0,0,0,0,0,0,0,0,0,0,0,0,11,3,0,0,0,0,0,0,0,0,0,0,0,0,0,11,1,0
/Users/pouriad/repos/Cling-application/projects/math/src/experimental/org/apache/commons/math/analysis/DerivativeOperatorFactoryTest.java,org.apache.commons.math.analysis.DerivativeOperatorFactoryTest,class,1,1,2,0,0,NaN,NaN,1,0,1,0,0,0,1,0,0,0,0,0,0,0,0,0,0,0,0,5,0,0,0,0,0,0,0,0,0,0,0,0,0,0,23,1,0
/Users/pouriad/repos/Cling-application/projects/math/src/experimental/org/apache/commons/math/util/BeanTransformer.java,org.apache.commons.math.util.BeanTransformer,class,3,10,1,8,6,0.2,0.3,5,0,5,0,0,0,5,0,0,0,2,0,0,2,0,0,0,0,0,42,2,0,0,1,1,6,4,6,6,4,1,0,0,0,44,1,0
/Users/pouriad/repos/Cling-application/projects/math/src/experimental/org/apache/commons/math/util/BeanTransformerTest.java,org.apache.commons.math.util.BeanTransformerTest,class,4,8,2,7,15,0.0,0.0,6,0,6,0,0,0,6,0,0,0,0,0,0,0,0,0,0,0,1,44,0,0,0,2,0,7,2,13,0,12,1,0,0,0,30,1,0
/Users/pouriad/repos/Cling-application/projects/math/src/experimental/org/apache/commons/math/linear/CholeskySolverTest.java,org.apache.commons.math.linear.CholeskySolverTest,class,9,27,2,25,66,0.083333336,0.083333336,13,3,9,4,0,0,9,0,0,0,12,0,0,12,0,0,0,0,4,139,4,4,2,7,0,27,92,39,4,38,3,0,0,0,96,1,0
/Users/pouriad/repos/Cling-application/projects/math/src/experimental/org/apache/commons/math/linear/DecompositionFactory.java,org.apache.commons.math.linear.DecompositionFactory,class,2,3,1,0,3,0.0,0.0,3,1,3,0,0,0,3,2,0,0,0,0,0,0,0,0,0,0,0,7,1,0,0,0,0,0,0,0,0,0,0,0,0,0,25,1025,0
/Users/pouriad/repos/Cling-application/projects/math/src/experimental/org/apache/commons/math/linear/CholeskySolver.java,org.apache.commons.math.linear.CholeskySolver,class,4,22,1,8,10,0.32142857,0.53571427,8,0,8,0,0,0,8,0,0,0,2,0,0,2,0,0,0,0,1,74,5,9,4,0,0,5,12,35,15,21,3,0,0,0,127,1,0
/Users/pouriad/repos/Cling-application/projects/math/src/experimental/org/apache/commons/math/linear/Decomposition.java,org.apache.commons.math.linear.Decomposition,interface,2,3,1,0,3,0.0,0.0,3,0,0,0,0,3,3,0,0,0,0,0,0,0,0,0,0,0,0,5,0,0,0,0,0,0,0,0,0,0,0,0,0,0,23,1,0
/Users/pouriad/repos/Cling-application/projects/math/src/experimental/org/apache/commons/math/linear/Decomposer.java,org.apache.commons.math.linear.Decomposer,interface,2,1,1,0,0,NaN,NaN,1,0,0,0,0,1,1,0,0,0,0,0,0,0,0,0,0,0,0,3,0,0,0,0,0,0,0,0,0,0,0,0,0,0,22,1,0
/Users/pouriad/repos/Cling-application/projects/math/src/experimental/org/apache/commons/math/linear/RealVector.java,org.apache.commons.math.linear.RealVector,class,0,0,1,0,0,-1.0,-1.0,0,0,0,0,0,0,0,0,0,0,0,0,0,0,0,0,0,0,0,2,0,0,0,0,0,0,0,0,0,0,0,0,0,0,2,1,0
/Users/pouriad/repos/Cling-application/projects/math/src/experimental/org/apache/commons/math/function/Evaluation.java,org.apache.commons.math.function.Evaluation,interface,2,1,1,0,0,NaN,NaN,1,0,1,0,0,0,1,1,0,0,0,0,0,0,0,0,0,0,0,3,0,0,0,0,0,0,0,0,0,0,0,0,0,0,21,1,0
/Users/pouriad/repos/Cling-application/projects/math/src/experimental/org/apache/commons/math/function/EvaluationContext.java,org.apache.commons.math.function.EvaluationContext,interface,1,12,1,0,66,0.0,0.0,12,0,12,0,0,0,12,12,0,0,0,0,0,0,0,0,0,0,0,14,0,0,0,0,0,0,0,0,0,0,0,0,0,0,34,1,0
/Users/pouriad/repos/Cling-application/projects/math/src/experimental/org/apache/commons/math/function/EvaluationException.java,org.apache.commons.math.function.EvaluationException,class,1,4,4,0,6,0.0,0.0,4,0,4,0,0,0,4,0,0,0,0,0,0,0,0,0,0,0,0,14,0,0,0,0,0,0,0,0,0,0,0,0,0,0,22,1,0
/Users/pouriad/repos/Cling-application/projects/math/src/experimental/org/apache/commons/math/function/DefaultContext.java,org.apache.commons.math.function.DefaultContext$DefaultValue,innerclass,3,13,2,6,0,0.7051282,0.7051282,13,0,7,0,0,6,13,0,0,0,1,0,0,0,0,1,0,0,0,42,7,0,0,0,0,0,0,5,0,1,0,0,0,0,24,1,0
/Users/pouriad/repos/Cling-application/projects/math/src/experimental/org/apache/commons/math/function/DefaultContext.java,org.apache.commons.math.function.DefaultContext,class,3,13,2,7,78,0.0,0.0,13,0,13,0,0,0,13,0,0,0,0,0,0,0,0,0,0,0,0,83,12,0,0,0,6,0,0,0,0,0,0,0,1,0,35,1,0
/Users/pouriad/repos/Cling-application/projects/math/src/experimental/org/apache/commons/math/function/simple/Multiply.java,org.apache.commons.math.function.simple.Multiply,class,2,4,1,2,2,0.33333334,0.5,4,0,4,0,0,0,4,0,0,0,2,0,0,2,0,0,0,0,0,16,2,0,0,0,0,1,0,2,1,2,0,0,0,0,15,1,0
/Users/pouriad/repos/Cling-application/projects/math/src/experimental/org/apache/commons/math/function/simple/Add.java,org.apache.commons.math.function.simple.Add,class,2,4,1,2,2,0.33333334,0.5,4,0,4,0,0,0,4,0,0,0,2,0,0,2,0,0,0,0,0,16,2,0,0,0,0,1,0,2,1,2,0,0,0,0,15,1,0
/Users/pouriad/repos/Cling-application/projects/math/src/experimental/org/apache/commons/math/function/simple/Sqrt.java,org.apache.commons.math.function.simple.Sqrt,class,2,3,1,3,1,0.33333334,0.33333334,3,0,3,0,0,0,3,0,0,0,1,0,0,1,0,0,0,0,1,12,2,0,0,0,0,1,0,1,0,1,0,0,0,0,12,1,0
/Users/pouriad/repos/Cling-application/projects/math/src/experimental/org/apache/commons/math/function/simple/Subtract.java,org.apache.commons.math.function.simple.Subtract,class,2,4,1,2,2,0.33333334,0.5,4,0,4,0,0,0,4,0,0,0,2,0,0,2,0,0,0,0,0,16,2,0,0,0,0,1,0,2,1,2,0,0,0,0,15,1,0
/Users/pouriad/repos/Cling-application/projects/math/src/experimental/org/apache/commons/math/function/simple/Divide.java,org.apache.commons.math.function.simple.Divide,class,2,4,1,2,2,0.33333334,0.5,4,0,4,0,0,0,4,0,0,0,2,0,0,2,0,0,0,0,0,16,2,0,0,0,0,1,0,2,1,2,0,0,0,0,15,1,0
/Users/pouriad/repos/Cling-application/projects/math/src/experimental/org/apache/commons/math/function/simple/Equals.java,org.apache.commons.math.function.simple.Equals,class,2,4,1,0,6,0.0,0.0,4,0,4,0,0,0,4,0,0,0,2,0,0,2,0,0,0,0,0,16,2,0,0,0,0,1,0,2,0,2,0,0,0,0,15,1,0
/Users/pouriad/repos/Cling-application/projects/math/src/experimental/org/apache/commons/math/function/simple/Power.java,org.apache.commons.math.function.simple.Power,class,2,4,1,3,2,0.33333334,0.5,4,0,4,0,0,0,4,0,0,0,2,0,0,2,0,0,0,0,1,16,2,0,0,0,0,1,0,2,0,2,0,0,0,0,13,1,0
/Users/pouriad/repos/Cling-application/projects/math/src/experimental/org/apache/commons/math/function/Variable.java,org.apache.commons.math.function.Variable,class,2,2,1,0,1,0.0,0.0,2,0,2,0,0,0,2,0,0,0,0,0,0,0,0,0,0,0,0,8,2,0,0,0,0,1,0,0,0,0,0,0,0,0,10,1,0
/Users/pouriad/repos/Cling-application/projects/math/src/experimental/org/apache/commons/math/function/Compilable.java,org.apache.commons.math.function.Compilable,interface,2,1,1,0,0,NaN,NaN,1,0,1,0,0,0,1,1,0,0,0,0,0,0,0,0,0,0,0,3,0,0,0,0,0,0,0,0,0,0,0,0,0,0,22,1,0
/Users/pouriad/repos/Cling-application/projects/math/src/experimental/org/apache/commons/math/stat/univariate/BeanListUnivariateImplTest.java,org.apache.commons.math.stat.univariate.BeanListUnivariateImplTest,class,11,8,2,18,8,0.35714287,0.35714287,8,1,8,0,0,0,8,0,0,0,15,0,0,15,0,0,0,0,18,137,1,0,0,0,0,35,49,34,0,33,0,0,2,0,64,17,0
/Users/pouriad/repos/Cling-application/projects/math/src/experimental/org/apache/commons/math/stat/univariate/BeanListUnivariateImplTest.java,org.apache.commons.math.stat.univariate.BeanListUnivariateImplTest$Patient,innerclass,2,6,1,2,3,0.4,0.6666667,6,0,6,0,0,0,6,0,0,0,2,0,0,2,0,0,0,0,0,22,2,0,0,0,1,0,0,2,0,2,0,0,0,0,9,1,0
/Users/pouriad/repos/Cling-application/projects/math/src/experimental/org/apache/commons/math/stat/univariate/BeanListUnivariateImplTest.java,org.apache.commons.math.stat.univariate.BeanListUnivariateImplTest$VitalStats,innerclass,1,6,1,2,3,0.4,0.6666667,6,0,6,0,0,0,6,0,0,0,2,0,0,2,0,0,0,0,0,22,2,0,0,0,0,0,0,2,0,2,0,0,0,0,10,1,0
/Users/pouriad/repos/Cling-application/projects/math/src/experimental/org/apache/commons/math/stat/univariate/BeanListUnivariateImpl.java,org.apache.commons.math.stat.univariate.BeanListUnivariateImpl,class,6,8,2,5,9,0.2857143,0.2857143,7,0,7,0,0,0,7,0,0,0,2,1,0,1,0,1,1,0,0,53,1,0,0,1,0,0,1,7,0,5,1,1,0,0,78,1,0
/Users/pouriad/repos/Cling-application/projects/math/src/experimental/org/apache/commons/math/stat/univariate/BeanListUnivariateImpl.java,org.apache.commons.math.stat.univariate.BeanListUnivariateImpl$Anonymous1,anonymous,2,4,1,4,0,NaN,NaN,1,0,1,0,0,0,1,0,0,0,0,0,0,0,0,0,0,0,0,16,1,0,0,1,1,3,0,0,3,0,1,0,0,0,15,-1,0
/Users/pouriad/repos/Cling-application/projects/math/src/test/org/apache/commons/math/FunctionEvaluationExceptionTest.java,org.apache.commons.math.FunctionEvaluationExceptionTest,class,3,7,2,13,6,0.0,0.0,4,0,4,0,0,0,4,0,0,0,0,0,0,0,0,0,0,0,0,44,0,2,0,0,0,5,11,14,0,14,1,0,0,0,27,1,0
/Users/pouriad/repos/Cling-application/projects/math/src/test/org/apache/commons/math/MaxIterationsExceededExceptionTest.java,org.apache.commons.math.MaxIterationsExceededExceptionTest,class,3,5,2,11,1,0.0,0.0,2,0,2,0,0,0,2,0,0,0,0,0,0,0,0,0,0,0,0,19,0,0,0,0,0,4,8,2,0,2,0,0,0,0,24,1,0
/Users/pouriad/repos/Cling-application/projects/math/src/test/org/apache/commons/math/MathExceptionTest.java,org.apache.commons.math.MathExceptionTest,class,4,12,2,17,15,0.0,0.0,6,0,6,0,0,0,6,0,0,0,0,0,0,0,0,0,0,0,1,91,0,2,2,1,0,13,15,39,1,36,1,0,0,0,62,1,0
/Users/pouriad/repos/Cling-application/projects/math/src/test/org/apache/commons/math/TestUtils.java,org.apache.commons.math.TestUtils,class,4,32,1,21,105,0.0,0.0,15,14,14,1,0,0,14,0,0,0,0,0,0,0,0,0,0,0,22,113,3,3,1,3,1,6,6,13,5,11,2,0,0,0,140,1,0
/Users/pouriad/repos/Cling-application/projects/math/src/test/org/apache/commons/math/analysis/PolynomialFunctionLagrangeFormTest.java,org.apache.commons.math.analysis.PolynomialFunctionLagrangeFormTest,class,2,6,2,5,6,0.0,0.0,4,0,4,0,0,0,4,0,0,0,0,0,0,0,0,0,0,0,0,97,0,0,0,2,0,2,80,46,0,28,1,0,0,0,64,17,0
/Users/pouriad/repos/Cling-application/projects/math/src/test/org/apache/commons/math/analysis/PolynomialSplineFunctionTest.java,org.apache.commons.math.analysis.PolynomialSplineFunctionTest,class,6,14,2,13,0,1.0,1.0,3,0,2,0,1,0,3,0,0,0,4,0,0,0,4,0,0,0,1,69,1,3,0,5,0,11,46,16,8,12,2,0,0,0,68,1,0
/Users/pouriad/repos/Cling-application/projects/math/src/test/org/apache/commons/math/analysis/SplineInterpolatorTest.java,org.apache.commons.math.analysis.SplineInterpolatorTest,class,11,13,2,14,24,0.16666667,0.16666667,9,1,7,0,2,0,9,0,0,0,3,0,0,0,3,0,0,0,17,118,1,2,0,2,4,3,164,47,26,36,1,0,0,0,83,1,0
/Users/pouriad/repos/Cling-application/projects/math/src/test/org/apache/commons/math/analysis/DividedDifferenceInterpolatorTest.java,org.apache.commons.math.analysis.DividedDifferenceInterpolatorTest,class,8,9,2,6,6,0.0,0.0,4,0,3,0,1,0,4,0,0,0,0,0,0,0,0,0,0,0,5,79,1,3,0,1,4,2,27,51,19,34,1,0,0,0,89,17,0
/Users/pouriad/repos/Cling-application/projects/math/src/test/org/apache/commons/math/analysis/UnivariateRealSolverUtilsTest.java,org.apache.commons.math.analysis.UnivariateRealSolverUtilsTest,class,5,21,2,8,0,0.5833333,0.5833333,9,0,9,0,0,0,9,0,0,0,1,0,0,0,1,0,0,0,13,88,0,0,0,10,0,6,42,6,0,6,1,0,0,0,33,1,0
/Users/pouriad/repos/Cling-application/projects/math/src/test/org/apache/commons/math/analysis/NevilleInterpolatorTest.java,org.apache.commons.math.analysis.NevilleInterpolatorTest,class,8,9,2,6,6,0.0,0.0,4,0,3,0,1,0,4,0,0,0,0,0,0,0,0,0,0,0,5,79,1,3,0,1,4,2,27,51,19,34,1,0,0,0,88,17,0
/Users/pouriad/repos/Cling-application/projects/math/src/test/org/apache/commons/math/analysis/MonitoredFunction.java,org.apache.commons.math.analysis.MonitoredFunction,class,1,4,1,1,6,1.0,1.0,4,0,4,0,0,0,4,0,0,0,2,0,0,2,0,0,0,0,0,18,2,0,0,0,0,0,1,3,0,2,0,0,0,0,17,1,0
/Users/pouriad/repos/Cling-application/projects/math/src/test/org/apache/commons/math/analysis/TrapezoidIntegratorTest.java,org.apache.commons.math.analysis.TrapezoidIntegratorTest,class,6,6,2,7,3,0.0,0.0,3,0,3,0,0,0,3,0,0,0,0,0,0,0,0,0,0,0,5,68,0,0,0,3,0,3,30,31,12,16,1,0,0,0,49,17,0
/Users/pouriad/repos/Cling-application/projects/math/src/test/org/apache/commons/math/analysis/BrentSolverTest.java,org.apache.commons.math.analysis.BrentSolverTest,class,12,39,2,13,15,0.0,0.0,6,1,6,0,0,0,6,0,0,0,0,0,0,0,0,0,0,0,11,170,1,0,0,3,0,5,172,54,1,13,1,0,0,0,84,17,0
/Users/pouriad/repos/Cling-application/projects/math/src/test/org/apache/commons/math/analysis/QuinticFunction.java,org.apache.commons.math.analysis.QuinticFunction,class,3,2,1,0,1,0.0,0.0,2,0,2,0,0,0,2,0,0,0,1,1,0,1,0,0,1,0,0,14,2,0,0,0,4,0,5,1,5,1,0,1,0,0,19,1,0
/Users/pouriad/repos/Cling-application/projects/math/src/test/org/apache/commons/math/analysis/QuinticFunction.java,org.apache.commons.math.analysis.QuinticFunction$Anonymous1,anonymous,0,1,1,0,0,NaN,NaN,1,0,1,0,0,0,1,0,0,0,0,0,0,0,0,0,0,0,0,5,1,0,0,0,1,0,3,0,4,0,0,0,0,0,5,-1,0
/Users/pouriad/repos/Cling-application/projects/math/src/test/org/apache/commons/math/analysis/PolynomialFunctionTest.java,org.apache.commons.math.analysis.PolynomialFunctionTest,class,4,5,2,6,0,1.0,1.0,5,0,5,0,0,0,5,0,0,0,1,0,0,0,1,0,0,0,0,63,0,0,0,0,0,0,87,15,0,15,0,0,0,0,55,17,0
/Users/pouriad/repos/Cling-application/projects/math/src/test/org/apache/commons/math/analysis/LaguerreSolverTest.java,org.apache.commons.math.analysis.LaguerreSolverTest,class,9,8,2,13,10,0.0,0.0,5,0,5,0,0,0,5,0,0,0,0,0,0,0,0,0,0,0,29,103,0,0,0,3,0,3,55,58,13,35,1,0,0,0,75,17,0
/Users/pouriad/repos/Cling-application/projects/math/src/test/org/apache/commons/math/analysis/Expm1Function.java,org.apache.commons.math.analysis.Expm1Function,class,3,2,1,1,1,0.0,0.0,2,0,2,0,0,0,2,0,0,0,0,0,0,0,0,0,0,0,1,13,2,0,0,0,0,0,1,0,1,0,0,1,0,0,12,1,0
/Users/pouriad/repos/Cling-application/projects/math/src/test/org/apache/commons/math/analysis/Expm1Function.java,org.apache.commons.math.analysis.Expm1Function$Anonymous1,anonymous,0,1,1,1,0,NaN,NaN,1,0,1,0,0,0,1,0,0,0,0,0,0,0,0,0,0,0,1,5,1,0,0,0,0,0,0,0,0,0,0,0,0,0,5,-1,0
/Users/pouriad/repos/Cling-application/projects/math/src/test/org/apache/commons/math/analysis/RiddersSolverTest.java,org.apache.commons.math.analysis.RiddersSolverTest,class,7,6,2,7,6,0.0,0.0,4,0,4,0,0,0,4,0,0,0,0,0,0,0,0,0,0,0,16,81,0,0,0,2,0,2,27,48,8,23,1,0,0,0,64,17,0
/Users/pouriad/repos/Cling-application/projects/math/src/test/org/apache/commons/math/analysis/BisectionSolverTest.java,org.apache.commons.math.analysis.BisectionSolverTest,class,8,12,2,23,55,0.0,0.0,11,0,11,0,0,0,11,0,0,0,0,0,0,0,0,0,0,0,4,155,0,0,0,0,0,0,112,64,0,40,0,0,0,0,35,17,0
/Users/pouriad/repos/Cling-application/projects/math/src/test/org/apache/commons/math/analysis/RombergIntegratorTest.java,org.apache.commons.math.analysis.RombergIntegratorTest,class,6,6,2,7,3,0.0,0.0,3,0,3,0,0,0,3,0,0,0,0,0,0,0,0,0,0,0,5,68,0,0,0,3,0,3,30,31,12,16,1,0,0,0,56,17,0
/Users/pouriad/repos/Cling-application/projects/math/src/test/org/apache/commons/math/analysis/NewtonSolverTest.java,org.apache.commons.math.analysis.NewtonSolverTest,class,9,4,2,12,3,0.0,0.0,3,0,3,0,0,0,3,0,0,0,0,0,0,0,0,0,0,0,2,91,0,0,0,0,0,0,98,36,0,12,0,0,0,0,28,17,0
/Users/pouriad/repos/Cling-application/projects/math/src/test/org/apache/commons/math/analysis/MullerSolverTest.java,org.apache.commons.math.analysis.MullerSolverTest,class,8,9,2,10,21,0.0,0.0,7,0,7,0,0,0,7,0,0,0,0,0,0,0,0,0,0,0,32,144,0,0,0,2,0,2,50,94,16,44,1,0,0,0,87,17,0
/Users/pouriad/repos/Cling-application/projects/math/src/test/org/apache/commons/math/analysis/UnivariateRealSolverFactoryImplTest.java,org.apache.commons.math.analysis.UnivariateRealSolverFactoryImplTest,class,10,14,2,9,0,1.0,1.0,10,0,8,0,2,0,10,0,0,0,2,0,0,2,0,0,0,0,0,66,0,0,0,4,0,0,0,8,0,6,1,0,0,0,34,1,0
/Users/pouriad/repos/Cling-application/projects/math/src/test/org/apache/commons/math/analysis/PolynomialFunctionNewtonFormTest.java,org.apache.commons.math.analysis.PolynomialFunctionNewtonFormTest,class,2,6,2,5,6,0.0,0.0,4,0,4,0,0,0,4,0,0,0,0,0,0,0,0,0,0,0,0,97,0,0,0,2,0,2,78,46,0,28,1,0,0,0,50,17,0
/Users/pouriad/repos/Cling-application/projects/math/src/test/org/apache/commons/math/analysis/SimpsonIntegratorTest.java,org.apache.commons.math.analysis.SimpsonIntegratorTest,class,6,6,2,7,3,0.0,0.0,3,0,3,0,0,0,3,0,0,0,0,0,0,0,0,0,0,0,5,68,0,0,0,3,0,3,30,31,12,16,1,0,0,0,48,17,0
/Users/pouriad/repos/Cling-application/projects/math/src/test/org/apache/commons/math/analysis/SinFunction.java,org.apache.commons.math.analysis.SinFunction$Anonymous1,anonymous,0,1,1,1,0,NaN,NaN,1,0,1,0,0,0,1,0,0,0,0,0,0,0,0,0,0,0,1,5,1,0,0,0,0,0,0,0,0,0,0,0,0,0,5,-1,0
/Users/pouriad/repos/Cling-application/projects/math/src/test/org/apache/commons/math/analysis/SinFunction.java,org.apache.commons.math.analysis.SinFunction,class,3,2,1,1,1,0.0,0.0,2,0,2,0,0,0,2,0,0,0,0,0,0,0,0,0,0,0,1,13,2,0,0,0,0,0,0,0,0,0,0,1,0,0,36,1,0
/Users/pouriad/repos/Cling-application/projects/math/src/test/org/apache/commons/math/util/DoubleArrayAbstractTest.java,org.apache.commons.math.util.DoubleArrayAbstractTest,class,4,8,2,8,4,0.3,0.3,5,0,5,0,0,0,5,0,0,0,2,0,0,0,2,0,0,0,4,54,0,3,0,0,0,10,37,7,1,7,1,0,0,0,49,1025,0
/Users/pouriad/repos/Cling-application/projects/math/src/test/org/apache/commons/math/util/TestBean.java,org.apache.commons.math.util.TestBean,class,0,6,1,0,11,0.13333334,0.13333334,6,0,6,0,0,0,6,0,0,0,2,0,0,2,0,0,0,0,0,21,2,0,0,0,0,1,1,4,0,2,0,0,0,0,14,1,0
/Users/pouriad/repos/Cling-application/projects/math/src/test/org/apache/commons/math/util/DefaultTransformerTest.java,org.apache.commons.math.util.DefaultTransformerTest,class,2,8,2,3,15,0.0,0.0,6,0,6,0,0,0,6,0,0,0,0,0,0,0,0,0,0,0,0,45,0,0,0,2,0,4,9,15,0,15,1,0,0,0,24,1,0
/Users/pouriad/repos/Cling-application/projects/math/src/test/org/apache/commons/math/util/TransformerMapTest.java,org.apache.commons.math.util.TransformerMapTest,class,5,7,2,13,21,0.0,0.0,7,0,7,0,0,0,7,0,0,0,0,0,0,0,0,0,0,0,0,50,0,0,0,0,0,0,0,14,0,14,0,0,0,0,20,1,0
/Users/pouriad/repos/Cling-application/projects/math/src/test/org/apache/commons/math/util/ResizableDoubleArrayTest.java,org.apache.commons.math.util.ResizableDoubleArrayTest,class,5,26,3,24,66,0.0,0.0,12,0,10,0,2,0,12,0,0,0,0,0,0,0,0,0,0,0,0,256,0,2,0,12,21,31,216,26,9,14,1,0,0,0,107,1,0
/Users/pouriad/repos/Cling-application/projects/math/src/test/org/apache/commons/math/util/ContinuedFractionTest.java,org.apache.commons.math.util.ContinuedFractionTest,class,2,3,2,4,1,0.0,0.0,2,0,2,0,0,0,2,0,0,0,0,0,0,0,0,0,0,0,0,24,0,0,0,1,0,0,4,2,0,2,1,1,0,0,17,1,0
/Users/pouriad/repos/Cling-application/projects/math/src/test/org/apache/commons/math/util/ContinuedFractionTest.java,org.apache.commons.math.util.ContinuedFractionTest$Anonymous1,anonymous,0,2,1,0,1,0.0,0.0,2,0,2,0,0,0,2,0,0,0,1,1,0,1,0,0,1,0,0,9,2,0,0,0,0,0,3,1,0,1,0,0,0,0,11,-1,0
/Users/pouriad/repos/Cling-application/projects/math/src/test/org/apache/commons/math/util/MathUtilsTest.java,org.apache.commons.math.util.MathUtilsTest,class,8,90,2,49,1081,0.0,0.0,47,1,42,5,0,0,42,0,0,0,0,0,0,0,0,0,0,0,335,628,5,12,10,23,23,34,841,55,23,51,3,0,0,0,101,17,0
/Users/pouriad/repos/Cling-application/projects/math/src/test/org/apache/commons/math/complex/ComplexUtilsTest.java,org.apache.commons.math.complex.ComplexUtilsTest,class,5,91,2,25,2189,0.04679089,0.07080746,70,0,69,0,1,0,70,0,0,0,21,0,0,21,0,0,0,0,375,507,1,5,0,16,0,16,190,78,24,72,2,0,0,0,70,1,0
/Users/pouriad/repos/Cling-application/projects/math/src/test/org/apache/commons/math/complex/FrenchComplexFormatTest.java,org.apache.commons.math.complex.FrenchComplexFormatTest,class,1,2,3,0,1,0.0,0.0,2,0,0,0,2,0,2,0,0,0,0,0,0,0,0,0,0,0,0,8,2,0,0,0,0,0,0,0,0,0,0,0,0,0,9,1,0
/Users/pouriad/repos/Cling-application/projects/math/src/test/org/apache/commons/math/complex/ComplexTest.java,org.apache.commons.math.complex.ComplexTest,class,4,87,2,36,3029,0.04396266,0.10569106,82,0,82,0,0,0,82,0,0,0,22,0,0,22,0,0,0,0,169,555,0,2,2,1,0,1,281,144,19,126,2,0,0,0,80,1,0
/Users/pouriad/repos/Cling-application/projects/math/src/test/org/apache/commons/math/complex/ComplexFormatAbstractTest.java,org.apache.commons.math.complex.ComplexFormatAbstractTest,class,4,55,2,23,191,0.36415362,0.42674252,38,0,35,0,3,0,38,2,0,0,2,0,0,0,0,2,0,0,10,301,0,0,0,17,0,59,40,96,17,94,1,0,0,0,67,1025,0
/Users/pouriad/repos/Cling-application/projects/math/src/test/org/apache/commons/math/complex/ComplexFormatTest.java,org.apache.commons.math.complex.ComplexFormatTest,class,1,2,3,0,1,0.0,0.0,2,0,0,0,2,0,2,0,0,0,0,0,0,0,0,0,0,0,0,8,2,0,0,0,0,0,0,0,0,0,0,0,0,0,8,1,0
/Users/pouriad/repos/Cling-application/projects/math/src/test/org/apache/commons/math/optimization/NelderMeadTest.java,org.apache.commons.math.optimization.NelderMeadTest$Anonymous2,anonymous,1,1,1,0,0,NaN,NaN,1,0,1,0,0,0,1,0,0,0,0,0,0,0,0,0,0,0,0,8,1,0,0,0,0,0,6,2,6,2,0,0,0,0,5,-1,0
/Users/pouriad/repos/Cling-application/projects/math/src/test/org/apache/commons/math/optimization/NelderMeadTest.java,org.apache.commons.math.optimization.NelderMeadTest$Anonymous1,anonymous,2,3,1,0,0,NaN,NaN,1,0,1,0,0,0,1,0,0,0,0,0,0,0,0,0,0,0,0,13,1,0,0,0,1,3,7,0,2,0,1,0,0,0,5,-1,0
/Users/pouriad/repos/Cling-application/projects/math/src/test/org/apache/commons/math/optimization/NelderMeadTest.java,org.apache.commons.math.optimization.NelderMeadTest$Anonymous3,anonymous,1,1,1,0,0,NaN,NaN,1,0,1,0,0,0,1,0,0,0,0,0,0,0,0,0,0,0,0,10,1,0,0,0,0,0,12,4,13,4,0,0,0,0,7,-1,0
/Users/pouriad/repos/Cling-application/projects/math/src/test/org/apache/commons/math/optimization/NelderMeadTest.java,org.apache.commons.math.optimization.NelderMeadTest,class,17,18,2,16,10,0.1,0.1,5,1,5,0,0,0,5,0,0,0,1,0,0,1,0,0,0,0,0,130,1,1,2,3,1,6,98,16,7,12,3,3,1,0,54,1,0
/Users/pouriad/repos/Cling-application/projects/math/src/test/org/apache/commons/math/optimization/NelderMeadTest.java,org.apache.commons.math.optimization.NelderMeadTest$ValueChecker,innerclass,2,3,1,1,1,1.0,1.0,2,0,2,0,0,0,2,0,0,0,1,0,0,1,0,0,0,0,0,11,1,0,0,0,1,0,2,3,2,3,0,0,0,0,11,10,0
/Users/pouriad/repos/Cling-application/projects/math/src/test/org/apache/commons/math/optimization/MultiDirectionalTest.java,org.apache.commons.math.optimization.MultiDirectionalTest$Anonymous3,anonymous,1,1,1,0,0,NaN,NaN,1,0,1,0,0,0,1,0,0,0,0,0,0,0,0,0,0,0,0,10,1,0,0,0,0,0,12,4,13,4,0,0,0,0,7,-1,0
/Users/pouriad/repos/Cling-application/projects/math/src/test/org/apache/commons/math/optimization/MultiDirectionalTest.java,org.apache.commons.math.optimization.MultiDirectionalTest$Anonymous2,anonymous,1,1,1,0,0,NaN,NaN,1,0,1,0,0,0,1,0,0,0,0,0,0,0,0,0,0,0,0,8,1,0,0,0,0,0,6,2,6,2,0,0,0,0,5,-1,0
/Users/pouriad/repos/Cling-application/projects/math/src/test/org/apache/commons/math/optimization/MultiDirectionalTest.java,org.apache.commons.math.optimization.MultiDirectionalTest$ValueChecker,innerclass,2,3,1,1,1,1.0,1.0,2,0,2,0,0,0,2,0,0,0,1,0,0,1,0,0,0,0,0,11,1,0,0,0,1,0,2,3,2,3,0,0,0,0,11,10,0
/Users/pouriad/repos/Cling-application/projects/math/src/test/org/apache/commons/math/optimization/MultiDirectionalTest.java,org.apache.commons.math.optimization.MultiDirectionalTest$Anonymous1,anonymous,2,3,1,0,0,NaN,NaN,1,0,1,0,0,0,1,0,0,0,0,0,0,0,0,0,0,0,0,13,1,0,0,0,1,3,7,0,2,0,1,0,0,0,5,-1,0
/Users/pouriad/repos/Cling-application/projects/math/src/test/org/apache/commons/math/optimization/MultiDirectionalTest.java,org.apache.commons.math.optimization.MultiDirectionalTest,class,12,13,2,9,10,0.1,0.1,5,1,5,0,0,0,5,0,0,0,1,0,0,1,0,0,0,0,0,88,1,0,0,2,0,4,36,7,2,6,1,3,1,0,35,1,0
/Users/pouriad/repos/Cling-application/projects/math/src/test/org/apache/commons/math/linear/MatrixUtilsTest.java,org.apache.commons.math.linear.MatrixUtilsTest,class,10,35,2,25,68,0.06410257,0.1923077,13,1,11,0,2,0,13,0,0,0,15,0,0,0,15,0,0,0,34,179,1,4,2,16,0,27,55,20,0,20,3,0,0,0,48,17,0
/Users/pouriad/repos/Cling-application/projects/math/src/test/org/apache/commons/math/linear/QRDecompositionImplTest.java,org.apache.commons.math.linear.QRDecompositionImplTest,class,10,12,2,14,3,0.4,0.4,6,1,6,0,0,0,6,0,0,0,6,2,0,2,0,4,2,0,4,89,1,6,0,0,0,24,77,55,0,26,2,0,0,0,45,1,0
/Users/pouriad/repos/Cling-application/projects/math/src/test/org/apache/commons/math/linear/RealMatrixImplTest.java,org.apache.commons.math.linear.RealMatrixImplTest,class,10,93,2,59,110,0.41269842,0.48095238,36,1,31,0,5,0,36,0,0,0,38,0,0,3,35,0,0,0,5,601,2,7,8,38,2,104,456,169,16,135,3,0,0,0,199,17,0
/Users/pouriad/repos/Cling-application/projects/math/src/test/org/apache/commons/math/linear/BigMatrixImplTest.java,org.apache.commons.math.linear.BigMatrixImplTest,class,10,104,2,65,227,0.3468286,0.40890688,39,5,34,0,5,0,39,0,4,0,39,0,0,3,36,0,0,0,22,626,6,13,9,39,2,123,403,178,1,139,3,0,0,0,201,17,0
/Users/pouriad/repos/Cling-application/projects/math/src/test/org/apache/commons/math/linear/InvalidMatrixExceptionTest.java,org.apache.commons.math.linear.InvalidMatrixExceptionTest,class,2,2,2,3,1,0.0,0.0,2,0,2,0,0,0,2,0,0,0,0,0,0,0,0,0,0,0,0,11,0,0,0,0,0,1,0,3,0,3,0,0,0,0,13,1,0
/Users/pouriad/repos/Cling-application/projects/math/src/test/org/apache/commons/math/linear/MatrixIndexExceptionTest.java,org.apache.commons.math.linear.MatrixIndexExceptionTest,class,2,1,2,2,0,NaN,NaN,1,0,1,0,0,0,1,0,0,0,0,0,0,0,0,0,0,0,0,7,0,0,0,0,0,1,0,2,0,2,0,0,0,0,12,1,0
/Users/pouriad/repos/Cling-application/projects/math/src/test/org/apache/commons/math/distribution/TDistributionTest.java,org.apache.commons.math.distribution.TDistributionTest,class,5,10,3,15,36,0.0,0.0,9,0,8,0,1,0,9,0,0,0,0,0,0,0,0,0,0,0,0,48,3,0,0,1,0,1,46,2,0,2,1,0,0,0,68,1,0
/Users/pouriad/repos/Cling-application/projects/math/src/test/org/apache/commons/math/distribution/GammaDistributionTest.java,org.apache.commons.math.distribution.GammaDistributionTest,class,7,13,3,16,55,0.0,0.0,11,0,8,2,1,0,9,0,0,0,0,0,0,0,0,0,0,0,0,67,3,0,0,2,0,4,76,5,2,5,1,0,0,0,60,1,0
/Users/pouriad/repos/Cling-application/projects/math/src/test/org/apache/commons/math/distribution/PoissonDistributionTest.java,org.apache.commons.math.distribution.PoissonDistributionTest,class,7,20,3,9,72,0.03846154,0.03846154,13,0,13,0,0,0,13,0,0,0,1,1,0,1,0,0,1,0,0,90,7,4,0,3,0,7,86,18,6,13,3,0,0,0,104,1,0
/Users/pouriad/repos/Cling-application/projects/math/src/test/org/apache/commons/math/distribution/PascalDistributionTest.java,org.apache.commons.math.distribution.PascalDistributionTest,class,6,10,3,11,45,0.0,0.0,10,0,10,0,0,0,10,0,0,0,0,0,0,0,0,0,0,0,0,50,7,0,0,0,0,0,120,0,2,0,0,0,0,0,43,1,0
/Users/pouriad/repos/Cling-application/projects/math/src/test/org/apache/commons/math/distribution/CauchyDistributionTest.java,org.apache.commons.math.distribution.CauchyDistributionTest,class,5,10,3,11,28,0.0,0.0,8,0,8,0,0,0,8,0,0,0,0,0,0,0,0,0,0,0,2,46,3,0,0,2,0,2,28,5,0,5,1,0,0,0,51,1,0
/Users/pouriad/repos/Cling-application/projects/math/src/test/org/apache/commons/math/distribution/ContinuousDistributionAbstractTest.java,org.apache.commons.math.distribution.ContinuousDistributionAbstractTest,class,6,32,2,18,203,0.18769231,0.47076923,26,0,10,0,16,0,26,3,0,0,6,0,0,6,0,0,0,0,6,118,8,3,0,3,0,8,11,24,6,13,1,0,0,0,147,1025,0
/Users/pouriad/repos/Cling-application/projects/math/src/test/org/apache/commons/math/distribution/WeibullDistributionTest.java,org.apache.commons.math.distribution.WeibullDistributionTest,class,5,13,3,11,36,0.0,0.0,9,0,9,0,0,0,9,0,0,0,0,0,0,0,0,0,0,0,2,61,3,0,0,4,0,4,31,6,0,6,1,0,0,0,52,1,0
/Users/pouriad/repos/Cling-application/projects/math/src/test/org/apache/commons/math/distribution/ChiSquareDistributionTest.java,org.apache.commons.math.distribution.ChiSquareDistributionTest,class,5,10,3,15,36,0.0,0.0,9,0,8,0,1,0,9,0,0,0,0,0,0,0,0,0,0,0,0,45,5,0,0,1,0,1,61,1,0,1,1,0,0,0,57,1,0
/Users/pouriad/repos/Cling-application/projects/math/src/test/org/apache/commons/math/distribution/NormalDistributionTest.java,org.apache.commons.math.distribution.NormalDistributionTest,class,7,16,3,20,78,0.0,0.0,13,0,11,1,1,0,12,0,0,0,0,0,0,0,0,0,0,0,2,82,3,1,0,1,0,1,59,14,13,13,2,0,0,0,80,1,0
/Users/pouriad/repos/Cling-application/projects/math/src/test/org/apache/commons/math/distribution/FDistributionTest.java,org.apache.commons.math.distribution.FDistributionTest,class,5,11,3,17,36,0.0,0.0,9,0,8,0,1,0,9,0,0,0,0,0,0,0,0,0,0,0,0,55,3,0,0,2,0,2,43,4,0,4,1,0,0,0,60,1,0
/Users/pouriad/repos/Cling-application/projects/math/src/test/org/apache/commons/math/distribution/HypergeometricDistributionTest.java,org.apache.commons.math.distribution.HypergeometricDistributionTest,class,8,17,3,20,105,0.0,0.0,15,0,14,1,0,0,14,0,0,0,0,0,0,0,0,0,0,0,3,102,7,1,0,1,0,1,296,18,0,18,1,0,0,0,80,1,0
/Users/pouriad/repos/Cling-application/projects/math/src/test/org/apache/commons/math/distribution/IntegerDistributionAbstractTest.java,org.apache.commons.math.distribution.IntegerDistributionAbstractTest,class,6,42,2,21,383,0.15864527,0.4509804,34,0,13,0,21,0,34,7,0,0,8,0,0,8,0,0,0,0,2,155,8,4,0,3,0,15,18,37,18,20,2,0,0,0,131,1025,0
/Users/pouriad/repos/Cling-application/projects/math/src/test/org/apache/commons/math/distribution/ExponentialDistributionTest.java,org.apache.commons.math.distribution.ExponentialDistributionTest,class,6,9,3,12,28,0.0,0.0,8,0,8,0,0,0,8,0,0,0,0,0,0,0,0,0,0,0,0,40,3,0,0,1,0,1,36,2,0,2,1,0,0,0,50,1,0
/Users/pouriad/repos/Cling-application/projects/math/src/test/org/apache/commons/math/distribution/BinomialDistributionTest.java,org.apache.commons.math.distribution.BinomialDistributionTest,class,6,10,3,11,45,0.0,0.0,10,0,10,0,0,0,10,0,0,0,0,0,0,0,0,0,0,0,0,50,7,0,0,0,0,0,120,0,0,0,0,0,0,0,43,1,0
/Users/pouriad/repos/Cling-application/projects/math/src/test/org/apache/commons/math/special/BetaTest.java,org.apache.commons.math.special.BetaTest,class,4,21,2,7,190,0.0,0.0,20,0,18,2,0,0,18,0,0,0,0,0,0,0,0,0,0,0,4,69,0,0,0,1,0,0,44,2,0,2,1,0,0,0,18,1,0
/Users/pouriad/repos/Cling-application/projects/math/src/test/org/apache/commons/math/special/ErfTest.java,org.apache.commons.math.special.ErfTest,class,2,5,2,3,10,0.0,0.0,5,0,5,0,0,0,5,0,0,0,0,0,0,0,0,0,0,0,13,43,0,0,0,0,0,0,23,22,4,14,0,0,0,0,16,1,0
/Users/pouriad/repos/Cling-application/projects/math/src/test/org/apache/commons/math/special/GammaTest.java,org.apache.commons.math.special.GammaTest,class,4,15,2,8,91,0.0,0.0,14,0,12,2,0,0,12,0,0,0,0,0,0,0,0,0,0,0,6,53,0,0,0,1,0,0,22,3,1,3,1,0,0,0,20,1,0
/Users/pouriad/repos/Cling-application/projects/math/src/test/org/apache/commons/math/ode/ThreeEighthesIntegratorTest.java,org.apache.commons.math.ode.ThreeEighthesIntegratorTest$KeplerHandler,innerclass,4,6,1,4,6,0.5,0.5,4,0,4,0,0,0,4,0,0,0,2,0,0,2,0,0,0,0,0,27,1,0,0,0,0,0,8,10,5,7,1,0,0,0,25,10,0
/Users/pouriad/repos/Cling-application/projects/math/src/test/org/apache/commons/math/ode/ThreeEighthesIntegratorTest.java,org.apache.commons.math.ode.ThreeEighthesIntegratorTest,class,16,17,2,20,21,0.0,0.0,7,1,7,0,0,0,7,0,0,0,0,0,0,0,0,0,0,0,3,101,1,3,0,1,4,3,27,24,11,23,3,0,1,0,48,1,0
/Users/pouriad/repos/Cling-application/projects/math/src/test/org/apache/commons/math/ode/EulerStepInterpolatorTest.java,org.apache.commons.math.ode.EulerStepInterpolatorTest$DummyEquations,innerclass,2,2,1,0,1,0.0,0.0,2,0,2,0,0,0,2,0,0,0,0,0,0,0,0,0,0,0,0,7,1,0,0,0,0,0,1,0,0,0,0,0,0,0,11,10,0
/Users/pouriad/repos/Cling-application/projects/math/src/test/org/apache/commons/math/ode/EulerStepInterpolatorTest.java,org.apache.commons.math.ode.EulerStepInterpolatorTest,class,15,20,2,25,15,0.0,0.0,6,1,6,0,0,0,6,0,0,0,0,0,0,0,0,0,0,0,9,106,1,4,0,0,5,0,78,45,27,36,2,0,1,0,64,1,0
/Users/pouriad/repos/Cling-application/projects/math/src/test/org/apache/commons/math/ode/ClassicalRungeKuttaIntegratorTest.java,org.apache.commons.math.ode.ClassicalRungeKuttaIntegratorTest,class,16,21,2,20,21,0.0,0.0,7,1,7,0,0,0,7,0,0,0,0,0,0,0,0,0,0,0,3,121,1,3,0,3,4,7,33,26,11,25,3,0,1,0,49,1,0
/Users/pouriad/repos/Cling-application/projects/math/src/test/org/apache/commons/math/ode/ClassicalRungeKuttaIntegratorTest.java,org.apache.commons.math.ode.ClassicalRungeKuttaIntegratorTest$KeplerHandler,innerclass,5,6,1,5,6,0.33333334,0.5,4,0,4,0,0,0,4,0,0,0,2,0,0,2,0,0,0,0,0,27,1,0,0,0,0,0,7,9,5,7,1,0,0,0,25,10,0
/Users/pouriad/repos/Cling-application/projects/math/src/test/org/apache/commons/math/ode/ClassicalRungeKuttaStepInterpolatorTest.java,org.apache.commons.math.ode.ClassicalRungeKuttaStepInterpolatorTest,class,10,8,2,16,3,0.0,0.0,3,1,3,0,0,0,3,0,0,0,0,0,0,0,0,0,0,0,0,39,1,1,0,0,2,0,14,19,11,18,2,0,0,0,50,1,0
/Users/pouriad/repos/Cling-application/projects/math/src/test/org/apache/commons/math/ode/DummyStepInterpolatorTest.java,org.apache.commons.math.ode.DummyStepInterpolatorTest$ErrorGeneratingInterpolator,innerclass,3,3,3,0,3,0.0,0.0,3,0,2,0,1,0,3,0,0,0,1,1,0,1,0,0,1,0,0,12,0,0,0,0,0,0,1,1,0,1,0,0,0,0,23,10,0
/Users/pouriad/repos/Cling-application/projects/math/src/test/org/apache/commons/math/ode/DummyStepInterpolatorTest.java,org.apache.commons.math.ode.DummyStepInterpolatorTest$BadStepInterpolator,innerclass,3,3,3,0,3,0.0,0.0,3,0,2,0,1,0,3,0,0,0,0,0,0,0,0,0,0,0,0,11,0,0,0,0,0,0,0,0,0,0,0,0,0,0,10,10,0
/Users/pouriad/repos/Cling-application/projects/math/src/test/org/apache/commons/math/ode/DummyStepInterpolatorTest.java,org.apache.commons.math.ode.DummyStepInterpolatorTest,class,9,19,6,13,21,0.0,0.0,7,1,7,0,0,0,7,0,0,0,0,0,0,0,0,0,0,0,4,122,1,4,0,2,0,4,40,29,4,28,1,0,2,0,51,1,0
/Users/pouriad/repos/Cling-application/projects/math/src/test/org/apache/commons/math/ode/DormandPrince54StepInterpolatorTest.java,org.apache.commons.math.ode.DormandPrince54StepInterpolatorTest$Anonymous1,anonymous,2,5,1,9,3,0.0,0.0,3,0,3,0,0,0,3,0,0,0,0,0,0,0,0,0,0,0,2,27,1,2,0,0,3,0,11,9,9,9,2,0,0,0,25,-1,0
/Users/pouriad/repos/Cling-application/projects/math/src/test/org/apache/commons/math/ode/DormandPrince54StepInterpolatorTest.java,org.apache.commons.math.ode.DormandPrince54StepInterpolatorTest,class,12,9,2,16,6,0.0,0.0,4,1,4,0,0,0,4,0,0,0,0,0,0,0,0,0,0,0,0,79,1,1,0,0,1,0,18,28,11,27,2,1,0,0,55,1,0
/Users/pouriad/repos/Cling-application/projects/math/src/test/org/apache/commons/math/ode/TestProblemAbstract.java,org.apache.commons.math.ode.TestProblemAbstract,class,4,18,1,2,62,0.24166666,0.55,16,0,11,0,5,0,16,3,0,0,6,0,0,0,6,0,0,0,0,74,7,0,2,0,0,0,6,20,0,6,1,0,0,0,77,1024,0
/Users/pouriad/repos/Cling-application/projects/math/src/test/org/apache/commons/math/ode/GraggBulirschStoerStepInterpolatorTest.java,org.apache.commons.math.ode.GraggBulirschStoerStepInterpolatorTest,class,11,9,2,16,6,0.0,0.0,4,1,4,0,0,0,4,0,0,0,0,0,0,0,0,0,0,0,0,79,1,1,0,0,1,0,19,28,11,27,2,1,0,0,58,1,0
/Users/pouriad/repos/Cling-application/projects/math/src/test/org/apache/commons/math/ode/GraggBulirschStoerStepInterpolatorTest.java,org.apache.commons.math.ode.GraggBulirschStoerStepInterpolatorTest$Anonymous1,anonymous,2,5,1,9,3,0.0,0.0,3,0,3,0,0,0,3,0,0,0,0,0,0,0,0,0,0,0,2,27,1,2,0,0,3,0,11,9,9,9,2,0,0,0,25,-1,0
/Users/pouriad/repos/Cling-application/projects/math/src/test/org/apache/commons/math/ode/DormandPrince853IntegratorTest.java,org.apache.commons.math.ode.DormandPrince853IntegratorTest,class,20,22,2,20,55,0.0,0.0,11,1,11,0,0,0,11,0,0,0,0,0,0,0,0,0,0,0,2,221,1,2,0,3,3,7,64,55,17,54,1,0,3,0,69,1,0
/Users/pouriad/repos/Cling-application/projects/math/src/test/org/apache/commons/math/ode/DormandPrince853IntegratorTest.java,org.apache.commons.math.ode.DormandPrince853IntegratorTest$InterpolatingStepHandler,innerclass,2,3,1,3,3,0.0,0.0,3,0,3,0,0,0,3,0,0,0,0,0,0,0,0,0,0,0,0,12,1,0,0,0,1,0,1,2,2,2,0,0,0,0,16,10,0
/Users/pouriad/repos/Cling-application/projects/math/src/test/org/apache/commons/math/ode/DormandPrince853IntegratorTest.java,org.apache.commons.math.ode.DormandPrince853IntegratorTest$VariableHandler,innerclass,3,8,1,5,6,0.16666667,0.16666667,4,0,4,0,0,0,4,0,0,0,3,0,0,3,0,0,0,0,2,36,1,0,0,0,2,0,8,12,3,4,2,0,0,0,20,10,0
/Users/pouriad/repos/Cling-application/projects/math/src/test/org/apache/commons/math/ode/DormandPrince853IntegratorTest.java,org.apache.commons.math.ode.DormandPrince853IntegratorTest$KeplerHandler,innerclass,5,7,1,8,6,0.33333334,0.5,4,0,4,0,0,0,4,0,0,0,3,0,0,3,0,0,0,0,0,37,1,1,0,0,2,0,12,13,10,12,2,0,0,0,33,10,0
/Users/pouriad/repos/Cling-application/projects/math/src/test/org/apache/commons/math/ode/EulerIntegratorTest.java,org.apache.commons.math.ode.EulerIntegratorTest,class,13,16,2,20,15,0.0,0.0,6,1,6,0,0,0,6,0,0,0,0,0,0,0,0,0,0,0,3,67,1,3,0,1,3,3,25,21,9,20,3,0,0,0,45,1,0
/Users/pouriad/repos/Cling-application/projects/math/src/test/org/apache/commons/math/ode/DormandPrince54IntegratorTest.java,org.apache.commons.math.ode.DormandPrince54IntegratorTest,class,20,17,2,29,36,0.0,0.0,9,1,9,0,0,0,9,0,0,0,0,0,0,0,0,0,0,0,2,216,1,2,0,2,2,5,52,48,15,47,1,0,3,0,67,1,0
/Users/pouriad/repos/Cling-application/projects/math/src/test/org/apache/commons/math/ode/DormandPrince54IntegratorTest.java,org.apache.commons.math.ode.DormandPrince54IntegratorTest$DP54SmallLastHandler,innerclass,2,6,1,4,10,0.3,0.3,5,0,5,0,0,0,5,0,0,0,2,0,0,2,0,0,0,0,1,23,2,0,0,0,0,0,0,4,1,3,1,0,0,0,22,10,0
/Users/pouriad/repos/Cling-application/projects/math/src/test/org/apache/commons/math/ode/DormandPrince54IntegratorTest.java,org.apache.commons.math.ode.DormandPrince54IntegratorTest$KeplerHandler,innerclass,5,7,1,8,6,0.33333334,0.5,4,0,4,0,0,0,4,0,0,0,3,0,0,3,0,0,0,0,0,37,1,1,0,0,2,0,12,13,10,12,2,0,0,0,33,10,0
/Users/pouriad/repos/Cling-application/projects/math/src/test/org/apache/commons/math/ode/DormandPrince54IntegratorTest.java,org.apache.commons.math.ode.DormandPrince54IntegratorTest$VariableHandler,innerclass,2,8,1,4,6,0.5,0.5,4,0,4,0,0,0,4,0,0,0,3,0,0,3,0,0,0,0,2,38,1,0,0,0,2,0,8,12,3,4,2,0,0,0,20,10,0
/Users/pouriad/repos/Cling-application/projects/math/src/test/org/apache/commons/math/ode/StepNormalizerTest.java,org.apache.commons.math.ode.StepNormalizerTest,class,11,9,2,9,28,0.4642857,0.53571427,8,1,8,0,0,0,8,0,0,0,3,0,0,0,0,3,0,0,1,65,1,0,0,0,0,0,7,12,6,7,0,2,0,0,40,1,0
/Users/pouriad/repos/Cling-application/projects/math/src/test/org/apache/commons/math/ode/StepNormalizerTest.java,org.apache.commons.math.ode.StepNormalizerTest$Anonymous2,anonymous,3,2,1,3,0,NaN,NaN,1,0,1,0,0,0,1,0,0,0,0,0,0,0,0,0,0,0,0,8,0,0,0,0,0,0,1,0,2,0,1,0,0,0,10,-1,0
/Users/pouriad/repos/Cling-application/projects/math/src/test/org/apache/commons/math/ode/StepNormalizerTest.java,org.apache.commons.math.ode.StepNormalizerTest$Anonymous1,anonymous,3,3,1,4,0,NaN,NaN,1,0,1,0,0,0,1,0,0,0,1,0,0,1,0,0,0,0,0,13,0,0,0,0,0,0,0,2,0,1,1,0,0,0,12,-1,0
/Users/pouriad/repos/Cling-application/projects/math/src/test/org/apache/commons/math/ode/GillStepInterpolatorTest.java,org.apache.commons.math.ode.GillStepInterpolatorTest,class,10,8,2,16,3,0.0,0.0,3,1,3,0,0,0,3,0,0,0,0,0,0,0,0,0,0,0,0,39,1,1,0,0,2,0,14,19,11,18,2,0,0,0,48,1,0
/Users/pouriad/repos/Cling-application/projects/math/src/test/org/apache/commons/math/ode/DormandPrince853StepInterpolatorTest.java,org.apache.commons.math.ode.DormandPrince853StepInterpolatorTest,class,12,9,2,16,6,0.0,0.0,4,1,4,0,0,0,4,0,0,0,0,0,0,0,0,0,0,0,0,79,1,1,0,0,1,0,18,28,11,27,2,1,0,0,55,1,0
/Users/pouriad/repos/Cling-application/projects/math/src/test/org/apache/commons/math/ode/DormandPrince853StepInterpolatorTest.java,org.apache.commons.math.ode.DormandPrince853StepInterpolatorTest$Anonymous1,anonymous,2,5,1,9,3,0.0,0.0,3,0,3,0,0,0,3,0,0,0,0,0,0,0,0,0,0,0,2,27,1,2,0,0,3,0,11,9,9,9,2,0,0,0,25,-1,0
/Users/pouriad/repos/Cling-application/projects/math/src/test/org/apache/commons/math/ode/StepProblem.java,org.apache.commons.math.ode.StepProblem,class,4,7,1,1,21,0.14285715,0.1904762,7,0,7,0,0,0,7,0,0,0,4,1,0,4,0,0,1,0,0,29,3,0,0,0,0,0,3,5,1,4,0,0,0,0,37,1,0
/Users/pouriad/repos/Cling-application/projects/math/src/test/org/apache/commons/math/ode/TestProblem1.java,org.apache.commons.math.ode.TestProblem1,class,3,7,2,5,0,0.6,0.6,5,0,5,0,0,0,5,0,0,0,1,0,0,1,0,0,0,0,1,29,2,2,0,0,0,0,8,9,2,6,1,0,0,0,59,0,0
/Users/pouriad/repos/Cling-application/projects/math/src/test/org/apache/commons/math/ode/TestProblem2.java,org.apache.commons.math.ode.TestProblem2,class,3,7,2,5,0,0.6,0.6,5,0,5,0,0,0,5,0,0,0,1,0,0,1,0,0,0,0,1,30,2,2,0,0,2,0,9,10,8,7,1,0,0,0,61,0,0
/Users/pouriad/repos/Cling-application/projects/math/src/test/org/apache/commons/math/ode/ContinuousOutputModelTest.java,org.apache.commons.math.ode.ContinuousOutputModelTest,class,15,18,2,26,55,0.2777778,0.2777778,11,1,9,2,0,0,9,0,0,0,2,0,0,0,0,2,0,0,3,113,4,2,0,1,2,0,70,33,20,27,2,1,0,0,78,1,0
/Users/pouriad/repos/Cling-application/projects/math/src/test/org/apache/commons/math/ode/ContinuousOutputModelTest.java,org.apache.commons.math.ode.ContinuousOutputModelTest$Anonymous1,anonymous,1,2,1,0,1,0.0,0.0,2,0,2,0,0,0,2,0,0,0,0,0,0,0,0,0,0,0,0,9,1,0,0,0,0,0,5,2,0,0,0,0,0,0,7,-1,0
/Users/pouriad/repos/Cling-application/projects/math/src/test/org/apache/commons/math/ode/TestProblemHandler.java,org.apache.commons.math.ode.TestProblemHandler,class,6,14,1,13,8,0.35714287,0.75,8,0,8,0,0,0,8,0,0,0,7,0,0,7,0,0,0,0,4,66,5,3,0,0,2,0,8,25,9,21,3,0,0,0,73,0,0
/Users/pouriad/repos/Cling-application/projects/math/src/test/org/apache/commons/math/ode/HighamHall54StepInterpolatorTest.java,org.apache.commons.math.ode.HighamHall54StepInterpolatorTest,class,12,9,2,16,6,0.0,0.0,4,1,4,0,0,0,4,0,0,0,0,0,0,0,0,0,0,0,0,79,1,1,0,0,1,0,18,28,11,27,2,1,0,0,55,1,0
/Users/pouriad/repos/Cling-application/projects/math/src/test/org/apache/commons/math/ode/HighamHall54StepInterpolatorTest.java,org.apache.commons.math.ode.HighamHall54StepInterpolatorTest$Anonymous1,anonymous,2,5,1,9,3,0.0,0.0,3,0,3,0,0,0,3,0,0,0,0,0,0,0,0,0,0,0,2,27,1,2,0,0,3,0,11,9,9,9,2,0,0,0,25,-1,0
/Users/pouriad/repos/Cling-application/projects/math/src/test/org/apache/commons/math/ode/HighamHall54IntegratorTest.java,org.apache.commons.math.ode.HighamHall54IntegratorTest,class,19,29,2,20,45,0.0,0.0,10,1,10,0,0,0,10,0,0,0,0,0,0,0,0,0,0,0,1,257,1,2,1,12,2,16,70,57,20,56,2,3,1,0,65,1,0
/Users/pouriad/repos/Cling-application/projects/math/src/test/org/apache/commons/math/ode/HighamHall54IntegratorTest.java,org.apache.commons.math.ode.HighamHall54IntegratorTest$KeplerHandler,innerclass,4,6,1,4,6,0.5,0.5,4,0,4,0,0,0,4,0,0,0,3,0,0,3,0,0,0,0,0,32,1,0,0,0,0,0,10,11,5,8,1,0,0,0,28,10,0
/Users/pouriad/repos/Cling-application/projects/math/src/test/org/apache/commons/math/ode/HighamHall54IntegratorTest.java,org.apache.commons.math.ode.HighamHall54IntegratorTest$Anonymous1,anonymous,2,3,1,0,1,0.0,0.0,2,0,2,0,0,0,2,0,0,0,0,0,0,0,0,0,0,0,0,13,1,0,0,0,0,3,2,0,0,0,1,0,0,0,9,-1,0
/Users/pouriad/repos/Cling-application/projects/math/src/test/org/apache/commons/math/ode/HighamHall54IntegratorTest.java,org.apache.commons.math.ode.HighamHall54IntegratorTest$Anonymous2,anonymous,3,4,1,2,3,0.0,0.0,3,0,3,0,0,0,3,0,0,0,1,1,0,1,0,0,1,0,0,16,2,0,0,0,1,0,3,3,3,3,1,0,0,0,19,-1,0
/Users/pouriad/repos/Cling-application/projects/math/src/test/org/apache/commons/math/ode/HighamHall54IntegratorTest.java,org.apache.commons.math.ode.HighamHall54IntegratorTest$Anonymous3,anonymous,2,4,1,2,3,0.0,0.0,3,0,3,0,0,0,3,0,0,0,1,1,0,1,0,0,1,0,0,13,2,0,0,0,4,0,5,3,5,3,0,0,0,0,16,-1,0
/Users/pouriad/repos/Cling-application/projects/math/src/test/org/apache/commons/math/ode/MidpointStepInterpolatorTest.java,org.apache.commons.math.ode.MidpointStepInterpolatorTest,class,10,8,2,16,3,0.0,0.0,3,1,3,0,0,0,3,0,0,0,0,0,0,0,0,0,0,0,0,39,1,1,0,0,2,0,13,19,11,18,2,0,0,0,48,1,0
/Users/pouriad/repos/Cling-application/projects/math/src/test/org/apache/commons/math/ode/TestProblem3.java,org.apache.commons.math.ode.TestProblem3,class,3,7,2,8,3,0.4,0.4,6,0,6,0,0,0,6,0,0,0,2,0,0,1,0,1,0,0,9,55,2,1,0,0,6,0,37,28,35,15,1,0,0,0,76,0,0
/Users/pouriad/repos/Cling-application/projects/math/src/test/org/apache/commons/math/ode/TestProblemFactory.java,org.apache.commons.math.ode.TestProblemFactory,class,6,2,1,0,1,NaN,NaN,2,1,1,1,0,0,1,0,0,0,1,1,0,1,0,0,0,0,0,8,1,0,0,0,0,0,0,1,0,1,0,0,0,0,36,0,0
/Users/pouriad/repos/Cling-application/projects/math/src/test/org/apache/commons/math/ode/GillIntegratorTest.java,org.apache.commons.math.ode.GillIntegratorTest,class,17,18,2,20,28,0.0,0.0,8,1,8,0,0,0,8,0,0,0,0,0,0,0,0,0,0,0,3,109,1,3,0,1,4,3,40,27,11,26,3,0,1,0,49,1,0
/Users/pouriad/repos/Cling-application/projects/math/src/test/org/apache/commons/math/ode/GillIntegratorTest.java,org.apache.commons.math.ode.GillIntegratorTest$KeplerStepHandler,innerclass,5,6,1,5,6,0.33333334,0.5,4,0,4,0,0,0,4,0,0,0,2,0,0,2,0,0,0,0,0,27,1,0,0,0,0,0,6,8,5,7,1,0,0,0,25,10,0
/Users/pouriad/repos/Cling-application/projects/math/src/test/org/apache/commons/math/ode/TestProblem4.java,org.apache.commons.math.ode.TestProblem4,class,6,7,2,7,3,0.4,0.4,6,0,6,0,0,0,6,0,0,0,2,0,0,2,0,0,0,0,5,66,3,0,0,0,1,0,12,12,2,6,0,0,2,0,70,0,0
/Users/pouriad/repos/Cling-application/projects/math/src/test/org/apache/commons/math/ode/TestProblem4.java,org.apache.commons.math.ode.TestProblem4$Bounce,innerclass,2,4,1,0,0,0.5,0.5,4,0,4,0,0,0,4,0,0,0,2,1,0,2,0,0,1,0,0,17,2,0,0,0,0,0,5,4,1,2,0,0,0,0,17,10,0
/Users/pouriad/repos/Cling-application/projects/math/src/test/org/apache/commons/math/ode/TestProblem4.java,org.apache.commons.math.ode.TestProblem4$Stop,innerclass,2,4,1,0,6,0.0,0.0,4,0,4,0,0,0,4,0,0,0,1,1,0,1,0,0,1,0,0,13,2,0,0,0,0,0,2,1,1,1,0,0,0,0,17,10,0
/Users/pouriad/repos/Cling-application/projects/math/src/test/org/apache/commons/math/ode/MidpointIntegratorTest.java,org.apache.commons.math.ode.MidpointIntegratorTest,class,13,16,2,20,15,0.0,0.0,6,1,6,0,0,0,6,0,0,0,0,0,0,0,0,0,0,0,3,67,1,3,0,1,3,3,25,21,9,20,3,0,0,0,45,1,0
/Users/pouriad/repos/Cling-application/projects/math/src/test/org/apache/commons/math/ode/GraggBulirschStoerIntegratorTest.java,org.apache.commons.math.ode.GraggBulirschStoerIntegratorTest$VariableStepHandler,innerclass,3,8,1,5,6,0.16666667,0.16666667,4,0,4,0,0,0,4,0,0,0,3,0,0,3,0,0,0,0,2,36,1,0,0,0,0,0,4,9,1,4,2,0,0,0,20,9,0
/Users/pouriad/repos/Cling-application/projects/math/src/test/org/apache/commons/math/ode/GraggBulirschStoerIntegratorTest.java,org.apache.commons.math.ode.GraggBulirschStoerIntegratorTest$KeplerStepHandler,innerclass,5,7,1,8,6,0.33333334,0.5,4,0,4,0,0,0,4,0,0,0,3,0,0,3,0,0,0,0,0,37,1,1,0,0,2,0,12,13,10,12,2,0,0,0,33,10,0
/Users/pouriad/repos/Cling-application/projects/math/src/test/org/apache/commons/math/ode/GraggBulirschStoerIntegratorTest.java,org.apache.commons.math.ode.GraggBulirschStoerIntegratorTest,class,19,22,2,20,66,0.0,0.0,12,1,11,1,0,0,11,0,0,0,0,0,0,0,0,0,0,0,3,203,2,2,0,3,0,7,63,48,13,47,1,0,2,0,72,1,0
/Users/pouriad/repos/Cling-application/projects/math/src/test/org/apache/commons/math/ode/ThreeEighthesStepInterpolatorTest.java,org.apache.commons.math.ode.ThreeEighthesStepInterpolatorTest,class,10,8,2,16,3,0.0,0.0,3,1,3,0,0,0,3,0,0,0,0,0,0,0,0,0,0,0,0,39,1,1,0,0,2,0,14,19,11,18,2,0,0,0,49,1,0
/Users/pouriad/repos/Cling-application/projects/math/src/test/org/apache/commons/math/ode/TestProblem5.java,org.apache.commons.math.ode.TestProblem5,class,2,1,3,1,0,NaN,NaN,1,0,1,0,0,0,1,0,0,0,0,0,0,0,0,0,0,0,0,6,0,0,0,0,0,0,1,0,2,0,0,0,0,0,27,0,0
/Users/pouriad/repos/Cling-application/projects/math/src/test/org/apache/commons/math/ode/FirstOrderConverterTest.java,org.apache.commons.math.ode.FirstOrderConverterTest,class,10,12,2,9,21,0.0,0.0,7,1,6,1,0,0,6,0,0,0,0,0,0,0,0,0,0,0,10,59,2,2,1,0,2,0,31,15,8,12,2,0,1,0,40,1,0
/Users/pouriad/repos/Cling-application/projects/math/src/test/org/apache/commons/math/ode/FirstOrderConverterTest.java,org.apache.commons.math.ode.FirstOrderConverterTest$Equations,innerclass,2,4,1,0,0,1.0,1.0,3,0,3,0,0,0,3,0,0,0,2,0,0,2,0,0,0,0,0,16,1,1,0,0,0,0,1,4,2,3,1,0,0,0,15,10,0
/Users/pouriad/repos/Cling-application/projects/math/src/test/org/apache/commons/math/stat/CertifiedDataTest.java,org.apache.commons.math.stat.CertifiedDataTest,class,6,12,2,19,9,0.1,0.1,6,1,5,1,0,0,5,0,0,0,2,0,0,0,2,0,0,0,4,85,1,2,4,0,0,34,26,19,2,10,2,0,0,0,61,1,0
/Users/pouriad/repos/Cling-application/projects/math/src/test/org/apache/commons/math/stat/StatUtilsTest.java,org.apache.commons.math.stat.StatUtilsTest,class,7,36,2,33,6,0.475,0.55,16,1,16,0,0,0,16,0,0,0,11,0,0,11,0,0,0,0,142,276,1,0,2,18,0,33,143,65,6,30,1,0,0,0,69,17,0
/Users/pouriad/repos/Cling-application/projects/math/src/test/org/apache/commons/math/stat/inference/OneWayAnovaTest.java,org.apache.commons.math.stat.inference.OneWayAnovaTest,class,8,9,2,9,9,0.2,0.2,6,1,6,0,0,0,6,0,0,0,6,0,0,5,1,0,0,0,0,77,1,0,0,3,0,10,31,16,0,16,1,0,0,0,46,1,0
/Users/pouriad/repos/Cling-application/projects/math/src/test/org/apache/commons/math/stat/inference/ChiSquareTestTest.java,org.apache.commons.math.stat.inference.ChiSquareTestTest,class,9,23,2,15,3,0.46666667,0.46666667,10,1,10,0,0,0,10,0,0,0,1,0,0,0,1,0,0,0,0,161,1,0,0,13,0,38,184,34,0,31,1,0,0,0,85,1,0
/Users/pouriad/repos/Cling-application/projects/math/src/test/org/apache/commons/math/stat/inference/TTestFactoryTest.java,org.apache.commons.math.stat.inference.TTestFactoryTest,class,5,3,3,3,3,0.0,0.0,3,1,3,0,0,0,3,0,0,0,0,0,0,0,0,0,0,0,1,14,1,0,0,0,0,1,0,2,0,1,0,0,0,0,12,1,0
/Users/pouriad/repos/Cling-application/projects/math/src/test/org/apache/commons/math/stat/inference/TestUtilsTest.java,org.apache.commons.math.stat.inference.TestUtilsTest,class,11,48,2,38,83,0.010989011,0.010989011,14,1,14,0,0,0,14,0,0,0,8,0,0,8,0,0,0,0,78,323,1,6,0,28,0,70,302,56,2,52,1,0,0,0,102,1,0
/Users/pouriad/repos/Cling-application/projects/math/src/test/org/apache/commons/math/stat/inference/TTestTest.java,org.apache.commons.math.stat.inference.TTestTest,class,8,33,2,24,2,0.4722222,0.5833333,9,1,9,0,0,0,9,0,0,0,5,0,0,3,1,1,0,0,0,207,1,6,0,18,0,43,160,32,2,30,1,0,0,0,63,1,0
/Users/pouriad/repos/Cling-application/projects/math/src/test/org/apache/commons/math/stat/inference/ChiSquareFactoryTest.java,org.apache.commons.math.stat.inference.ChiSquareFactoryTest,class,5,3,3,3,3,0.0,0.0,3,1,3,0,0,0,3,0,0,0,0,0,0,0,0,0,0,0,1,14,1,0,0,0,0,1,0,2,0,1,0,0,0,0,13,1,0
/Users/pouriad/repos/Cling-application/projects/math/src/test/org/apache/commons/math/stat/descriptive/SummaryStatisticsImplTest.java,org.apache.commons.math.stat.descriptive.SummaryStatisticsImplTest,class,6,3,3,1,3,0.0,0.0,3,1,2,0,1,0,3,0,0,0,0,0,0,0,0,0,0,0,0,13,2,0,0,0,0,1,0,1,0,1,0,0,0,0,16,17,0
/Users/pouriad/repos/Cling-application/projects/math/src/test/org/apache/commons/math/stat/descriptive/UnivariateStatisticAbstractTest.java,org.apache.commons.math.stat.descriptive.UnivariateStatisticAbstractTest,class,4,5,2,6,10,0.0,0.0,5,0,5,0,0,0,5,2,0,0,20,0,0,0,20,0,0,0,1,33,1,0,0,0,0,0,40,20,0,20,0,0,0,0,43,1025,0
/Users/pouriad/repos/Cling-application/projects/math/src/test/org/apache/commons/math/stat/descriptive/SummaryStatisticsAbstractTest.java,org.apache.commons.math.stat.descriptive.SummaryStatisticsAbstractTest,class,5,17,2,31,41,0.027777778,0.027777778,10,0,8,1,1,0,9,1,0,0,13,0,0,13,0,0,0,0,21,146,0,0,7,0,0,53,47,31,1,25,0,0,0,0,90,1025,0
/Users/pouriad/repos/Cling-application/projects/math/src/test/org/apache/commons/math/stat/descriptive/MixedListUnivariateImplTest.java,org.apache.commons.math.stat.descriptive.MixedListUnivariateImplTest$Foo,innerclass,0,1,1,0,0,NaN,NaN,1,0,1,0,0,0,1,0,0,0,0,0,0,0,0,0,0,0,0,5,1,0,0,0,0,1,0,0,0,0,0,0,0,0,2,25,0
/Users/pouriad/repos/Cling-application/projects/math/src/test/org/apache/commons/math/stat/descriptive/MixedListUnivariateImplTest.java,org.apache.commons.math.stat.descriptive.MixedListUnivariateImplTest,class,12,11,2,22,1,0.47619048,0.47619048,7,1,7,0,0,0,7,0,0,0,13,0,0,13,0,0,0,0,4,121,1,1,3,0,0,39,39,21,3,20,1,0,4,0,69,17,0
/Users/pouriad/repos/Cling-application/projects/math/src/test/org/apache/commons/math/stat/descriptive/MixedListUnivariateImplTest.java,org.apache.commons.math.stat.descriptive.MixedListUnivariateImplTest$Bar,innerclass,0,1,1,0,0,NaN,NaN,1,0,1,0,0,0,1,0,0,0,0,0,0,0,0,0,0,0,0,5,1,0,0,0,0,1,0,0,0,0,0,0,0,0,2,25,0
/Users/pouriad/repos/Cling-application/projects/math/src/test/org/apache/commons/math/stat/descriptive/MixedListUnivariateImplTest.java,org.apache.commons.math.stat.descriptive.MixedListUnivariateImplTest$BarTransformer,innerclass,2,1,1,2,0,NaN,NaN,1,0,1,0,0,0,1,0,0,0,1,1,0,1,0,0,1,0,1,6,1,0,0,0,1,0,1,1,0,1,0,0,0,0,13,25,0
/Users/pouriad/repos/Cling-application/projects/math/src/test/org/apache/commons/math/stat/descriptive/MixedListUnivariateImplTest.java,org.apache.commons.math.stat.descriptive.MixedListUnivariateImplTest$FooTransformer,innerclass,2,1,1,2,0,NaN,NaN,1,0,1,0,0,0,1,0,0,0,1,1,0,1,0,0,1,0,1,6,1,0,0,0,1,0,1,1,0,1,0,0,0,0,13,25,0
/Users/pouriad/repos/Cling-application/projects/math/src/test/org/apache/commons/math/stat/descriptive/moment/SecondMomentTest.java,org.apache.commons.math.stat.descriptive.moment.SecondMomentTest,class,3,3,4,0,1,0.33333334,0.33333334,3,0,3,0,0,0,3,0,0,0,1,0,0,0,1,0,0,0,0,12,2,0,0,0,0,0,0,0,0,1,0,0,0,0,15,1,0
/Users/pouriad/repos/Cling-application/projects/math/src/test/org/apache/commons/math/stat/descriptive/moment/StandardDeviationTest.java,org.apache.commons.math.stat.descriptive.moment.StandardDeviationTest,class,10,8,4,12,21,0.0,0.0,7,1,6,0,1,0,7,0,0,0,1,0,0,0,1,0,0,0,2,48,4,1,0,0,2,1,18,12,4,10,1,0,0,0,51,1,0
/Users/pouriad/repos/Cling-application/projects/math/src/test/org/apache/commons/math/stat/descriptive/moment/SkewnessTest.java,org.apache.commons.math.stat.descriptive.moment.SkewnessTest,class,6,5,4,6,10,0.0,0.0,5,1,5,0,0,0,5,0,0,0,1,0,0,0,1,0,0,0,4,27,3,0,0,0,0,1,3,2,0,3,0,0,0,0,29,1,0
/Users/pouriad/repos/Cling-application/projects/math/src/test/org/apache/commons/math/stat/descriptive/moment/GeometricMeanTest.java,org.apache.commons.math.stat.descriptive.moment.GeometricMeanTest,class,6,5,4,8,10,0.0,0.0,5,1,5,0,0,0,5,0,0,0,1,0,0,0,1,0,0,0,5,33,3,0,0,0,0,1,6,2,0,3,0,0,0,0,27,1,0
/Users/pouriad/repos/Cling-application/projects/math/src/test/org/apache/commons/math/stat/descriptive/moment/FirstMomentTest.java,org.apache.commons.math.stat.descriptive.moment.FirstMomentTest,class,3,3,4,0,1,0.33333334,0.33333334,3,0,3,0,0,0,3,0,0,0,1,0,0,0,1,0,0,0,0,12,2,0,0,0,0,0,0,0,0,1,0,0,0,0,15,1,0
/Users/pouriad/repos/Cling-application/projects/math/src/test/org/apache/commons/math/stat/descriptive/moment/KurtosisTest.java,org.apache.commons.math.stat.descriptive.moment.KurtosisTest,class,6,5,4,6,10,0.0,0.0,5,1,5,0,0,0,5,0,0,0,1,0,0,0,1,0,0,0,5,29,3,0,0,0,0,1,4,2,0,3,0,0,0,0,29,1,0
/Users/pouriad/repos/Cling-application/projects/math/src/test/org/apache/commons/math/stat/descriptive/moment/VectorialMeanTest.java,org.apache.commons.math.stat.descriptive.moment.VectorialMeanTest,class,7,11,2,9,21,0.2857143,0.2857143,7,1,7,0,0,0,7,0,0,0,1,0,0,1,0,0,0,0,0,49,1,2,0,1,0,2,37,10,1,8,1,0,0,0,34,1,0
/Users/pouriad/repos/Cling-application/projects/math/src/test/org/apache/commons/math/stat/descriptive/moment/VarianceTest.java,org.apache.commons.math.stat.descriptive.moment.VarianceTest,class,11,8,4,12,21,0.0,0.0,7,1,6,0,1,0,7,0,0,0,1,0,0,0,1,0,0,0,1,47,4,1,0,0,2,1,18,11,4,9,1,0,0,0,49,1,0
/Users/pouriad/repos/Cling-application/projects/math/src/test/org/apache/commons/math/stat/descriptive/moment/FourthMomentTest.java,org.apache.commons.math.stat.descriptive.moment.FourthMomentTest,class,3,3,4,0,1,0.33333334,0.33333334,3,0,3,0,0,0,3,0,0,0,1,0,0,0,1,0,0,0,0,12,2,0,0,0,0,0,0,0,0,1,0,0,0,0,15,1,0
/Users/pouriad/repos/Cling-application/projects/math/src/test/org/apache/commons/math/stat/descriptive/moment/MeanTest.java,org.apache.commons.math.stat.descriptive.moment.MeanTest,class,6,5,4,6,10,0.0,0.0,5,1,5,0,0,0,5,0,0,0,1,0,0,0,1,0,0,0,1,23,3,0,0,0,0,1,3,2,0,3,0,0,0,0,23,1,0
/Users/pouriad/repos/Cling-application/projects/math/src/test/org/apache/commons/math/stat/descriptive/moment/VectorialCovarianceTest.java,org.apache.commons.math.stat.descriptive.moment.VectorialCovarianceTest,class,8,12,2,11,21,0.2857143,0.2857143,7,1,7,0,0,0,7,0,0,0,1,0,0,1,0,0,0,0,0,52,1,3,0,1,0,2,50,11,1,9,2,0,0,0,38,1,0
/Users/pouriad/repos/Cling-application/projects/math/src/test/org/apache/commons/math/stat/descriptive/moment/ThirdMomentTest.java,org.apache.commons.math.stat.descriptive.moment.ThirdMomentTest,class,3,3,4,0,1,0.33333334,0.33333334,3,0,3,0,0,0,3,0,0,0,1,0,0,0,1,0,0,0,0,12,2,0,0,0,0,0,0,0,0,1,0,0,0,0,15,1,0
/Users/pouriad/repos/Cling-application/projects/math/src/test/org/apache/commons/math/stat/descriptive/AbstractUnivariateStatisticTest.java,org.apache.commons.math.stat.descriptive.AbstractUnivariateStatisticTest,class,7,11,2,5,0,0.16666667,0.16666667,4,1,4,0,0,0,4,0,0,0,4,0,0,0,4,0,0,0,0,56,1,2,0,5,1,6,28,7,1,7,2,0,0,0,26,1,0
/Users/pouriad/repos/Cling-application/projects/math/src/test/org/apache/commons/math/stat/descriptive/StorelessUnivariateStatisticAbstractTest.java,org.apache.commons.math.stat.descriptive.StorelessUnivariateStatisticAbstractTest,class,7,16,3,19,26,0.0,0.0,8,0,8,0,0,0,8,2,0,0,1,0,0,0,1,0,0,0,7,83,0,4,3,0,0,17,22,15,1,13,2,0,0,0,79,1025,0
/Users/pouriad/repos/Cling-application/projects/math/src/test/org/apache/commons/math/stat/descriptive/InteractionTest.java,org.apache.commons.math.stat.descriptive.InteractionTest,class,7,3,2,6,1,0.0,0.0,2,0,2,0,0,0,2,0,0,0,6,0,0,0,6,0,0,0,0,25,0,1,0,0,0,0,28,12,0,12,1,0,0,0,27,1,0
/Users/pouriad/repos/Cling-application/projects/math/src/test/org/apache/commons/math/stat/descriptive/DescriptiveStatisticsAbstractTest.java,org.apache.commons.math.stat.descriptive.DescriptiveStatisticsAbstractTest,class,9,52,2,32,126,0.041666668,0.05,17,0,15,1,1,0,16,1,0,0,12,0,0,12,0,0,0,0,8,282,0,22,5,4,1,61,222,73,14,65,2,0,0,0,109,1025,0
/Users/pouriad/repos/Cling-application/projects/math/src/test/org/apache/commons/math/stat/descriptive/SynchronizedSummaryStatisticsTest.java,org.apache.commons.math.stat.descriptive.SynchronizedSummaryStatisticsTest,class,6,3,3,1,3,0.0,0.0,3,1,2,0,1,0,3,0,0,0,0,0,0,0,0,0,0,0,0,13,2,0,0,0,0,1,0,1,0,1,0,0,0,0,12,17,0
/Users/pouriad/repos/Cling-application/projects/math/src/test/org/apache/commons/math/stat/descriptive/MultivariateSummaryStatisticsTest.java,org.apache.commons.math.stat.descriptive.MultivariateSummaryStatisticsTest$sumMean,innerclass,2,8,1,0,18,0.17857143,0.21428572,8,0,8,0,0,0,8,0,0,0,3,1,0,3,0,0,1,0,0,29,4,0,0,0,0,0,7,6,0,3,0,0,0,0,33,8,0
/Users/pouriad/repos/Cling-application/projects/math/src/test/org/apache/commons/math/stat/descriptive/MultivariateSummaryStatisticsTest.java,org.apache.commons.math.stat.descriptive.MultivariateSummaryStatisticsTest,class,11,15,2,25,45,0.0,0.0,10,1,10,0,0,0,10,0,0,0,0,0,0,0,0,0,0,0,16,181,1,0,1,2,0,3,180,13,6,11,1,0,1,0,48,1,0
/Users/pouriad/repos/Cling-application/projects/math/src/test/org/apache/commons/math/stat/descriptive/StatisticalSummaryValuesTest.java,org.apache.commons.math.stat.descriptive.StatisticalSummaryValuesTest,class,6,6,2,17,15,0.0,0.0,6,1,5,1,0,0,5,0,0,0,0,0,0,0,0,0,0,0,8,40,1,0,0,0,1,14,35,8,0,5,0,0,0,0,37,17,0
/Users/pouriad/repos/Cling-application/projects/math/src/test/org/apache/commons/math/stat/descriptive/SynchronizedDescriptiveStatisticsTest.java,org.apache.commons.math.stat.descriptive.SynchronizedDescriptiveStatisticsTest,class,6,3,3,1,3,0.0,0.0,3,1,2,0,1,0,3,0,0,0,0,0,0,0,0,0,0,0,0,13,2,0,0,0,0,1,0,1,0,1,0,0,0,0,12,17,0
/Users/pouriad/repos/Cling-application/projects/math/src/test/org/apache/commons/math/stat/descriptive/ListUnivariateImpl.java,org.apache.commons.math.stat.descriptive.ListUnivariateImpl,class,7,24,2,11,9,0.45054945,0.6043956,14,0,14,0,0,0,14,0,0,2,3,1,0,1,2,0,1,0,1,88,7,2,4,1,1,0,7,21,5,12,2,0,0,0,109,1,0
/Users/pouriad/repos/Cling-application/projects/math/src/test/org/apache/commons/math/stat/descriptive/ListUnivariateImplTest.java,org.apache.commons.math.stat.descriptive.ListUnivariateImplTest,class,8,13,2,22,22,0.10714286,0.10714286,8,1,8,0,0,0,8,0,0,0,12,0,0,12,0,0,0,0,5,97,1,2,3,0,0,33,60,24,2,24,1,0,0,0,62,17,0
/Users/pouriad/repos/Cling-application/projects/math/src/test/org/apache/commons/math/stat/descriptive/DescriptiveStatisticsTest.java,org.apache.commons.math.stat.descriptive.DescriptiveStatisticsTest,class,11,6,5,8,10,0.0,0.0,5,1,4,0,1,0,5,0,0,0,0,0,0,0,0,0,0,0,0,79,2,0,0,1,0,2,18,3,0,3,1,0,4,0,33,17,0
/Users/pouriad/repos/Cling-application/projects/math/src/test/org/apache/commons/math/stat/descriptive/DescriptiveStatisticsTest.java,org.apache.commons.math.stat.descriptive.DescriptiveStatisticsTest$deepMean,innerclass,2,2,1,0,1,0.0,0.0,2,0,2,0,0,0,2,0,0,0,1,1,0,1,0,0,1,0,0,9,2,0,0,0,0,0,3,1,0,1,0,0,0,0,20,8,0
/Users/pouriad/repos/Cling-application/projects/math/src/test/org/apache/commons/math/stat/descriptive/DescriptiveStatisticsTest.java,org.apache.commons.math.stat.descriptive.DescriptiveStatisticsTest$subPercentile,innerclass,2,2,3,1,1,0.0,0.0,2,0,2,0,0,0,2,0,0,0,1,1,0,1,0,0,1,0,0,9,2,0,0,0,0,0,1,1,0,1,0,0,0,0,24,8,0
/Users/pouriad/repos/Cling-application/projects/math/src/test/org/apache/commons/math/stat/descriptive/DescriptiveStatisticsTest.java,org.apache.commons.math.stat.descriptive.DescriptiveStatisticsTest$badPercentile,innerclass,4,2,1,2,0,1.0,1.0,2,0,2,0,0,0,2,0,0,0,2,1,0,2,0,0,1,0,0,10,2,0,0,0,0,0,1,2,0,2,0,0,0,0,20,8,0
/Users/pouriad/repos/Cling-application/projects/math/src/test/org/apache/commons/math/stat/descriptive/DescriptiveStatisticsTest.java,org.apache.commons.math.stat.descriptive.DescriptiveStatisticsTest$goodPercentile,innerclass,4,3,1,3,0,1.0,1.0,3,0,3,0,0,0,3,0,0,0,2,1,0,2,0,0,1,0,0,13,2,0,0,0,0,0,1,2,0,2,0,0,0,0,22,8,0
/Users/pouriad/repos/Cling-application/projects/math/src/test/org/apache/commons/math/stat/descriptive/SummaryStatisticsTest.java,org.apache.commons.math.stat.descriptive.SummaryStatisticsTest,class,7,6,3,12,10,0.0,0.0,5,1,4,0,1,0,5,0,0,0,0,0,0,0,0,0,0,0,1,40,2,0,0,1,0,2,14,3,0,3,1,0,0,0,34,17,0
/Users/pouriad/repos/Cling-application/projects/math/src/test/org/apache/commons/math/stat/descriptive/rank/MinTest.java,org.apache.commons.math.stat.descriptive.rank.MinTest,class,8,6,4,7,15,0.0,0.0,6,1,6,0,0,0,6,0,0,0,1,0,0,0,1,0,0,0,2,39,3,0,0,0,0,1,25,5,0,6,0,0,0,0,26,1,0
/Users/pouriad/repos/Cling-application/projects/math/src/test/org/apache/commons/math/stat/descriptive/rank/MaxTest.java,org.apache.commons.math.stat.descriptive.rank.MaxTest,class,8,6,4,7,15,0.0,0.0,6,1,6,0,0,0,6,0,0,0,1,0,0,0,1,0,0,0,2,39,3,0,0,0,0,1,25,5,0,6,0,0,0,0,26,1,0
/Users/pouriad/repos/Cling-application/projects/math/src/test/org/apache/commons/math/stat/descriptive/rank/MedianTest.java,org.apache.commons.math.stat.descriptive.rank.MedianTest,class,6,4,3,1,6,0.0,0.0,4,1,4,0,0,0,4,0,0,0,1,0,0,0,1,0,0,0,0,17,3,0,0,0,0,1,0,1,0,2,0,0,0,0,14,1,0
/Users/pouriad/repos/Cling-application/projects/math/src/test/org/apache/commons/math/stat/descriptive/rank/PercentileTest.java,org.apache.commons.math.stat.descriptive.rank.PercentileTest,class,8,17,3,12,66,0.0,0.0,12,1,12,0,0,0,12,0,0,0,1,0,0,0,1,0,0,0,5,106,3,0,0,5,0,4,93,20,0,17,1,0,0,0,46,1,0
/Users/pouriad/repos/Cling-application/projects/math/src/test/org/apache/commons/math/stat/descriptive/DescriptiveStatisticsImplTest.java,org.apache.commons.math.stat.descriptive.DescriptiveStatisticsImplTest,class,6,3,3,1,3,0.0,0.0,3,1,2,0,1,0,3,0,0,0,0,0,0,0,0,0,0,0,0,13,2,0,0,0,0,1,0,1,0,1,0,0,0,0,17,17,0
/Users/pouriad/repos/Cling-application/projects/math/src/test/org/apache/commons/math/stat/descriptive/summary/SumTest.java,org.apache.commons.math.stat.descriptive.summary.SumTest,class,6,5,4,6,10,0.0,0.0,5,1,5,0,0,0,5,0,0,0,1,0,0,0,1,0,0,0,3,29,3,0,0,0,0,1,5,2,0,3,0,0,0,0,22,1,0
/Users/pouriad/repos/Cling-application/projects/math/src/test/org/apache/commons/math/stat/descriptive/summary/ProductTest.java,org.apache.commons.math.stat.descriptive.summary.ProductTest,class,6,6,4,6,15,0.0,0.0,6,1,6,0,0,0,6,0,0,0,1,0,0,0,1,0,0,0,3,34,4,0,0,0,0,1,7,2,0,3,0,0,0,0,25,1,0
/Users/pouriad/repos/Cling-application/projects/math/src/test/org/apache/commons/math/stat/descriptive/summary/SumSqTest.java,org.apache.commons.math.stat.descriptive.summary.SumSqTest,class,6,5,4,6,10,0.0,0.0,5,1,5,0,0,0,5,0,0,0,1,0,0,0,1,0,0,0,3,31,3,0,0,0,0,1,6,2,0,3,0,0,0,0,26,1,0
/Users/pouriad/repos/Cling-application/projects/math/src/test/org/apache/commons/math/stat/descriptive/summary/SumLogTest.java,org.apache.commons.math.stat.descriptive.summary.SumLogTest,class,6,5,4,8,10,0.0,0.0,5,1,5,0,0,0,5,0,0,0,1,0,0,0,1,0,0,0,5,33,3,0,0,0,0,1,5,2,0,3,0,0,0,0,29,1,0
/Users/pouriad/repos/Cling-application/projects/math/src/test/org/apache/commons/math/stat/FrequencyTest.java,org.apache.commons.math.stat.FrequencyTest,class,6,12,2,35,0,0.5833333,0.5833333,9,1,9,0,0,0,9,0,0,0,8,0,0,8,0,0,0,0,6,177,1,1,0,2,0,78,117,29,0,19,1,0,0,0,71,17,0
/Users/pouriad/repos/Cling-application/projects/math/src/test/org/apache/commons/math/stat/regression/SimpleRegressionTest.java,org.apache.commons.math.stat.regression.SimpleRegressionTest,class,6,25,2,24,62,0.030303031,0.045454547,12,1,12,0,0,0,12,0,0,0,4,0,0,4,0,0,0,0,36,155,1,5,0,1,6,65,231,27,7,25,1,0,0,0,55,17,0
/Users/pouriad/repos/Cling-application/projects/math/src/test/org/apache/commons/math/stat/data/LewTest.java,org.apache.commons.math.stat.data.LewTest,class,1,1,3,0,0,NaN,NaN,1,0,0,0,1,0,1,0,0,0,0,0,0,0,0,0,0,0,0,5,1,0,0,0,0,1,0,0,0,0,0,0,0,0,13,1,0
/Users/pouriad/repos/Cling-application/projects/math/src/test/org/apache/commons/math/stat/data/LotteryTest.java,org.apache.commons.math.stat.data.LotteryTest,class,1,1,3,0,0,NaN,NaN,1,0,0,0,1,0,1,0,0,0,0,0,0,0,0,0,0,0,0,5,1,0,0,0,0,1,0,0,0,0,0,0,0,0,13,1,0
/Users/pouriad/repos/Cling-application/projects/math/src/test/org/apache/commons/math/stat/data/CertifiedDataAbstractTest.java,org.apache.commons.math.stat.data.CertifiedDataAbstractTest,class,5,20,2,40,9,0.2,0.2,7,0,1,1,5,0,6,1,0,0,3,0,0,3,0,0,0,0,3,94,4,2,5,2,2,8,9,25,5,19,4,0,0,0,68,1025,0
/Users/pouriad/repos/Cling-application/projects/math/src/test/org/apache/commons/math/estimation/MinpackTest.java,org.apache.commons.math.estimation.MinpackTest$WatsonFunction,innerclass,3,9,2,2,3,0.0,0.0,3,0,1,0,2,0,3,0,0,0,0,0,0,0,0,0,0,0,1,54,2,6,0,0,5,0,39,37,27,18,2,0,0,0,22,10,0
/Users/pouriad/repos/Cling-application/projects/math/src/test/org/apache/commons/math/estimation/MinpackTest.java,org.apache.commons.math.estimation.MinpackTest$BrownDennisFunction,innerclass,3,5,2,4,3,0.0,0.0,3,0,1,0,2,0,3,0,0,0,0,0,0,0,0,0,0,0,6,34,2,2,0,0,2,0,18,21,23,19,1,0,0,0,22,10,0
/Users/pouriad/repos/Cling-application/projects/math/src/test/org/apache/commons/math/estimation/MinpackTest.java,org.apache.commons.math.estimation.MinpackTest$LinearRank1ZeroColsAndRowsFunction,innerclass,3,9,2,3,3,0.0,0.0,3,0,1,0,2,0,3,0,0,0,0,0,0,0,0,0,0,0,3,37,2,4,2,0,18,0,36,16,32,7,3,0,0,0,19,10,0
/Users/pouriad/repos/Cling-application/projects/math/src/test/org/apache/commons/math/estimation/MinpackTest.java,org.apache.commons.math.estimation.MinpackTest$MeyerFunction,innerclass,3,6,2,4,3,0.0,0.0,3,0,1,0,2,0,3,0,0,0,1,1,0,1,0,0,1,0,2,34,2,2,0,0,3,0,34,17,15,15,1,0,0,0,25,10,0
/Users/pouriad/repos/Cling-application/projects/math/src/test/org/apache/commons/math/estimation/MinpackTest.java,org.apache.commons.math.estimation.MinpackTest$Osborne1Function,innerclass,3,5,2,2,3,0.0,0.0,3,0,1,0,2,0,3,0,0,0,1,1,0,1,0,0,1,0,4,35,2,2,0,0,1,0,48,22,13,20,1,0,0,0,22,10,0
/Users/pouriad/repos/Cling-application/projects/math/src/test/org/apache/commons/math/estimation/MinpackTest.java,org.apache.commons.math.estimation.MinpackTest$ChebyquadFunction,innerclass,4,12,2,2,6,0.0,0.0,4,1,1,1,2,0,3,0,0,0,0,0,0,0,0,0,0,0,1,61,3,7,0,0,4,0,24,38,24,24,2,0,0,0,29,10,0
/Users/pouriad/repos/Cling-application/projects/math/src/test/org/apache/commons/math/estimation/MinpackTest.java,org.apache.commons.math.estimation.MinpackTest$PowellSingularFunction,innerclass,3,3,2,3,3,0.33333334,0.33333334,3,0,1,0,2,0,3,0,0,0,2,2,0,2,0,0,2,0,3,21,2,0,0,0,9,0,33,10,22,10,0,0,0,0,16,10,0
/Users/pouriad/repos/Cling-application/projects/math/src/test/org/apache/commons/math/estimation/MinpackTest.java,org.apache.commons.math.estimation.MinpackTest$JennrichSampsonFunction,innerclass,3,5,2,2,3,0.0,0.0,3,0,1,0,2,0,3,0,0,0,0,0,0,0,0,0,0,0,4,25,2,2,0,0,0,0,10,12,12,10,1,0,0,0,18,10,0
/Users/pouriad/repos/Cling-application/projects/math/src/test/org/apache/commons/math/estimation/MinpackTest.java,org.apache.commons.math.estimation.MinpackTest$Box3DimensionalFunction,innerclass,3,5,2,2,3,0.0,0.0,3,0,1,0,2,0,3,0,0,0,0,0,0,0,0,0,0,0,8,26,2,2,0,0,3,0,17,13,17,11,1,0,0,0,18,10,0
/Users/pouriad/repos/Cling-application/projects/math/src/test/org/apache/commons/math/estimation/MinpackTest.java,org.apache.commons.math.estimation.MinpackTest$Osborne2Function,innerclass,3,5,2,2,3,0.0,0.0,3,0,1,0,2,0,3,0,0,0,1,1,0,1,0,0,1,0,8,52,2,2,0,0,22,0,95,39,46,37,1,0,0,0,30,10,0
/Users/pouriad/repos/Cling-application/projects/math/src/test/org/apache/commons/math/estimation/MinpackTest.java,org.apache.commons.math.estimation.MinpackTest$BrownAlmostLinearFunction,innerclass,3,12,2,2,3,0.0,0.0,3,0,1,0,2,0,3,0,0,0,0,0,0,0,0,0,0,0,1,48,2,7,2,0,1,0,18,26,6,14,4,0,0,0,24,10,0
/Users/pouriad/repos/Cling-application/projects/math/src/test/org/apache/commons/math/estimation/MinpackTest.java,org.apache.commons.math.estimation.MinpackTest$LinearFullRankFunction,innerclass,3,8,2,3,3,0.0,0.0,3,0,1,0,2,0,3,0,0,0,0,0,0,0,0,0,0,0,3,29,2,4,1,0,2,0,10,13,6,9,2,0,0,0,19,10,0
/Users/pouriad/repos/Cling-application/projects/math/src/test/org/apache/commons/math/estimation/MinpackTest.java,org.apache.commons.math.estimation.MinpackTest$MinpackFunction$MinpackMeasurement,innerclass,3,5,2,2,3,1.0,1.0,3,0,3,0,0,0,3,0,0,0,2,1,0,2,0,0,1,0,0,19,3,1,1,0,0,0,5,3,0,3,2,0,0,0,22,2,0
/Users/pouriad/repos/Cling-application/projects/math/src/test/org/apache/commons/math/estimation/MinpackTest.java,org.apache.commons.math.estimation.MinpackTest$LinearRank1Function,innerclass,3,7,2,2,3,0.0,0.0,3,0,1,0,2,0,3,0,0,0,0,0,0,0,0,0,0,0,1,26,2,4,0,0,4,0,10,11,8,7,2,0,0,0,17,10,0
/Users/pouriad/repos/Cling-application/projects/math/src/test/org/apache/commons/math/estimation/MinpackTest.java,org.apache.commons.math.estimation.MinpackTest,class,27,22,20,14,210,0.0,0.0,21,1,20,1,0,0,20,0,0,0,0,0,0,0,0,0,0,0,5,817,1,0,0,1,1,0,523,1,3,1,1,0,19,0,175,1,0
/Users/pouriad/repos/Cling-application/projects/math/src/test/org/apache/commons/math/estimation/MinpackTest.java,org.apache.commons.math.estimation.MinpackTest$FreudensteinRothFunction,innerclass,3,3,2,1,3,0.0,0.0,3,0,1,0,2,0,3,0,0,0,0,0,0,0,0,0,0,0,0,14,2,0,0,0,6,0,18,3,18,3,0,0,0,0,12,10,0
/Users/pouriad/repos/Cling-application/projects/math/src/test/org/apache/commons/math/estimation/MinpackTest.java,org.apache.commons.math.estimation.MinpackTest$HelicalValleyFunction,innerclass,3,6,2,3,3,0.33333334,0.33333334,3,0,1,0,2,0,3,0,0,0,1,1,0,1,0,0,1,0,3,31,2,0,1,0,3,0,30,13,23,11,2,0,0,0,19,10,0
/Users/pouriad/repos/Cling-application/projects/math/src/test/org/apache/commons/math/estimation/MinpackTest.java,org.apache.commons.math.estimation.MinpackTest$MinpackFunction,innerclass,5,20,2,4,78,0.23076923,0.5769231,13,1,7,0,6,0,13,2,0,0,8,0,0,0,8,0,0,0,7,91,9,3,1,0,4,1,8,21,12,17,3,0,1,0,42,1034,0
/Users/pouriad/repos/Cling-application/projects/math/src/test/org/apache/commons/math/estimation/MinpackTest.java,org.apache.commons.math.estimation.MinpackTest$KowalikOsborneFunction,innerclass,3,6,2,3,3,0.33333334,0.33333334,3,0,1,0,2,0,3,0,0,0,2,2,0,2,0,0,2,0,0,38,2,2,0,0,6,0,36,21,18,19,1,0,0,0,29,10,0
/Users/pouriad/repos/Cling-application/projects/math/src/test/org/apache/commons/math/estimation/MinpackTest.java,org.apache.commons.math.estimation.MinpackTest$RosenbrockFunction,innerclass,3,3,2,2,3,0.0,0.0,3,0,1,0,2,0,3,0,0,0,0,0,0,0,0,0,0,0,1,14,2,0,0,0,1,0,13,3,5,3,0,0,0,0,11,10,0
/Users/pouriad/repos/Cling-application/projects/math/src/test/org/apache/commons/math/estimation/MinpackTest.java,org.apache.commons.math.estimation.MinpackTest$BardFunction,innerclass,3,7,2,2,3,0.0,0.0,3,0,1,0,2,0,3,0,0,0,1,1,0,1,0,0,1,0,1,33,2,2,0,0,4,0,31,20,17,17,1,0,0,0,21,10,0
/Users/pouriad/repos/Cling-application/projects/math/src/test/org/apache/commons/math/estimation/LevenbergMarquardtEstimatorTest.java,org.apache.commons.math.estimation.LevenbergMarquardtEstimatorTest$LinearProblem,innerclass,5,6,1,6,6,0.5,0.5,4,0,4,0,0,0,4,0,0,0,1,0,0,1,0,0,0,0,0,23,3,2,0,0,0,0,2,6,0,6,2,0,0,0,17,10,0
/Users/pouriad/repos/Cling-application/projects/math/src/test/org/apache/commons/math/estimation/LevenbergMarquardtEstimatorTest.java,org.apache.commons.math.estimation.LevenbergMarquardtEstimatorTest$Circle$PointModel,innerclass,4,8,2,8,15,0.33333334,0.4,6,0,6,0,0,0,6,0,0,0,3,1,0,3,0,0,1,0,1,33,7,0,2,0,2,0,4,5,12,5,1,0,0,0,30,2,0
/Users/pouriad/repos/Cling-application/projects/math/src/test/org/apache/commons/math/estimation/LevenbergMarquardtEstimatorTest.java,org.apache.commons.math.estimation.LevenbergMarquardtEstimatorTest$QuadraticProblem$LocalMeasurement,innerclass,3,3,2,2,0,1.0,1.0,3,0,3,0,0,0,3,0,0,0,2,1,0,2,0,0,2,0,0,14,2,0,0,0,0,0,1,2,0,2,0,0,0,0,21,2,0
/Users/pouriad/repos/Cling-application/projects/math/src/test/org/apache/commons/math/estimation/LevenbergMarquardtEstimatorTest.java,org.apache.commons.math.estimation.LevenbergMarquardtEstimatorTest,class,15,35,4,28,153,0.0,0.0,18,1,17,1,0,0,17,0,0,0,0,0,0,0,0,0,0,0,4,435,1,3,0,4,3,45,739,61,28,57,1,0,4,0,215,1,0
/Users/pouriad/repos/Cling-application/projects/math/src/test/org/apache/commons/math/estimation/LevenbergMarquardtEstimatorTest.java,org.apache.commons.math.estimation.LevenbergMarquardtEstimatorTest$LinearMeasurement,innerclass,3,7,2,1,6,1.0,1.0,4,0,4,0,0,0,4,0,0,0,3,1,0,3,0,0,1,0,0,28,4,2,1,0,0,0,6,7,1,6,2,0,0,0,24,10,0
/Users/pouriad/repos/Cling-application/projects/math/src/test/org/apache/commons/math/estimation/LevenbergMarquardtEstimatorTest.java,org.apache.commons.math.estimation.LevenbergMarquardtEstimatorTest$QuadraticProblem,innerclass,4,9,3,3,0,0.46666667,0.6666667,7,0,6,1,0,0,6,0,0,0,3,0,0,3,0,0,0,0,0,53,7,0,2,0,2,3,4,3,5,3,1,0,1,0,23,1,0
/Users/pouriad/repos/Cling-application/projects/math/src/test/org/apache/commons/math/estimation/LevenbergMarquardtEstimatorTest.java,org.apache.commons.math.estimation.LevenbergMarquardtEstimatorTest$Circle,innerclass,4,14,2,10,55,0.54545456,1.0,11,0,11,0,0,0,11,0,0,0,3,0,0,3,0,0,0,0,0,85,9,3,0,0,3,2,3,12,3,9,1,0,1,0,29,10,0
/Users/pouriad/repos/Cling-application/projects/math/src/test/org/apache/commons/math/estimation/GaussNewtonEstimatorTest.java,org.apache.commons.math.estimation.GaussNewtonEstimatorTest$Circle$PointModel,innerclass,4,8,2,8,15,0.33333334,0.4,6,0,6,0,0,0,6,0,0,0,3,1,0,3,0,0,1,0,1,33,7,0,2,0,2,0,4,5,12,5,1,0,0,0,30,2,0
/Users/pouriad/repos/Cling-application/projects/math/src/test/org/apache/commons/math/estimation/GaussNewtonEstimatorTest.java,org.apache.commons.math.estimation.GaussNewtonEstimatorTest$LinearProblem,innerclass,3,4,2,7,0,NaN,NaN,1,0,1,0,0,0,1,0,0,0,0,0,0,0,0,0,0,0,0,15,0,3,0,0,0,0,2,5,0,5,2,0,0,0,17,10,0
/Users/pouriad/repos/Cling-application/projects/math/src/test/org/apache/commons/math/estimation/GaussNewtonEstimatorTest.java,org.apache.commons.math.estimation.GaussNewtonEstimatorTest,class,14,34,4,19,136,0.0,0.0,17,1,17,0,0,0,17,0,0,0,0,0,0,0,0,0,0,0,1,337,1,3,0,5,0,54,683,57,10,55,1,0,3,0,196,1,0
/Users/pouriad/repos/Cling-application/projects/math/src/test/org/apache/commons/math/estimation/GaussNewtonEstimatorTest.java,org.apache.commons.math.estimation.GaussNewtonEstimatorTest$LinearMeasurement,innerclass,3,7,2,2,6,1.0,1.0,4,0,4,0,0,0,4,0,0,0,3,1,0,3,0,0,1,0,0,29,4,2,1,0,0,0,6,7,1,6,2,0,0,0,26,10,0
/Users/pouriad/repos/Cling-application/projects/math/src/test/org/apache/commons/math/estimation/GaussNewtonEstimatorTest.java,org.apache.commons.math.estimation.GaussNewtonEstimatorTest$Circle,innerclass,4,14,2,10,55,0.54545456,1.0,11,0,11,0,0,0,11,0,0,0,3,0,0,3,0,0,0,0,0,85,9,3,0,0,3,2,3,12,3,9,1,0,1,0,29,10,0
/Users/pouriad/repos/Cling-application/projects/math/src/test/org/apache/commons/math/estimation/EstimatedParameterTest.java,org.apache.commons.math.estimation.EstimatedParameterTest,class,5,8,2,9,15,0.0,0.0,6,1,5,1,0,0,5,0,0,0,0,0,0,0,0,0,0,0,1,37,1,1,0,0,0,6,11,6,1,5,1,0,0,0,23,1,0
/Users/pouriad/repos/Cling-application/projects/math/src/test/org/apache/commons/math/estimation/WeightedMeasurementTest.java,org.apache.commons.math.estimation.WeightedMeasurementTest$MyMeasurement,innerclass,3,3,2,2,3,1.0,1.0,3,0,3,0,0,0,3,0,0,0,2,1,0,2,0,0,1,0,0,14,2,0,0,0,0,0,1,2,0,2,0,0,0,0,20,10,0
/Users/pouriad/repos/Cling-application/projects/math/src/test/org/apache/commons/math/estimation/WeightedMeasurementTest.java,org.apache.commons.math.estimation.WeightedMeasurementTest,class,7,13,3,13,45,0.2857143,0.2857143,10,1,7,3,0,0,7,0,0,0,2,0,0,2,0,0,0,0,1,79,5,0,2,0,0,2,20,11,11,7,1,0,1,0,36,1,0
/Users/pouriad/repos/Cling-application/projects/math/src/test/org/apache/commons/math/MathConfigurationExceptionTest.java,org.apache.commons.math.MathConfigurationExceptionTest,class,3,6,2,9,6,0.0,0.0,4,0,4,0,0,0,4,0,0,0,0,0,0,0,0,0,0,0,0,42,0,2,0,0,0,4,6,14,0,14,1,0,0,0,28,1,0
/Users/pouriad/repos/Cling-application/projects/math/src/test/org/apache/commons/math/ConvergenceExceptionTest.java,org.apache.commons.math.ConvergenceExceptionTest,class,3,6,2,10,6,0.0,0.0,4,0,4,0,0,0,4,0,0,0,0,0,0,0,0,0,0,0,0,43,0,2,0,0,0,4,6,14,0,14,1,0,0,0,28,1,0
/Users/pouriad/repos/Cling-application/projects/math/src/test/org/apache/commons/math/ArgumentOutsideDomainExceptionTest.java,org.apache.commons.math.ArgumentOutsideDomainExceptionTest,class,4,2,2,11,0,NaN,NaN,1,0,1,0,0,0,1,0,0,0,0,0,0,0,0,0,0,0,0,10,0,0,0,0,0,1,4,1,0,1,0,0,0,0,15,1,0
/Users/pouriad/repos/Cling-application/projects/math/src/test/org/apache/commons/math/geometry/RotationTest.java,org.apache.commons.math.geometry.RotationTest,class,8,86,2,31,136,0.0,0.0,17,1,14,3,0,0,14,0,0,0,0,0,0,0,0,0,0,0,42,342,1,29,1,9,2,16,404,124,49,89,4,0,0,0,96,1,0
/Users/pouriad/repos/Cling-application/projects/math/src/test/org/apache/commons/math/geometry/RotationOrderTest.java,org.apache.commons.math.geometry.RotationOrderTest,class,5,8,2,6,6,0.0,0.0,4,1,3,1,0,0,3,0,0,0,0,0,0,0,0,0,0,0,0,27,3,2,1,1,0,1,2,4,0,4,3,0,0,0,22,1,0
/Users/pouriad/repos/Cling-application/projects/math/src/test/org/apache/commons/math/geometry/Vector3DTest.java,org.apache.commons.math.geometry.Vector3DTest,class,5,30,2,25,105,0.0,0.0,15,1,14,1,0,0,14,0,0,0,0,0,0,0,0,0,0,0,28,122,1,0,0,3,0,6,174,21,19,18,1,0,0,0,45,1,0
/Users/pouriad/repos/Cling-application/projects/math/src/test/org/apache/commons/math/DuplicateSampleAbscissaExceptionTest.java,org.apache.commons.math.DuplicateSampleAbscissaExceptionTest,class,3,2,2,11,0,NaN,NaN,1,0,1,0,0,0,1,0,0,0,0,0,0,0,0,0,0,0,0,10,0,0,0,0,0,1,6,1,0,1,0,0,0,0,15,1,0
/Users/pouriad/repos/Cling-application/projects/math/src/test/org/apache/commons/math/random/RandomAdaptorTest.java,org.apache.commons.math.random.RandomAdaptorTest$ConstantGenerator,innerclass,2,9,1,0,36,0.0,0.0,9,0,9,0,0,0,9,0,0,0,1,1,0,1,0,0,1,0,0,28,7,0,0,0,0,0,7,1,0,1,0,0,0,0,24,10,0
/Users/pouriad/repos/Cling-application/projects/math/src/test/org/apache/commons/math/random/RandomAdaptorTest.java,org.apache.commons.math.random.RandomAdaptorTest,class,8,4,4,13,6,0.0,0.0,4,1,3,1,0,0,3,0,0,0,0,0,0,0,0,0,0,0,1,59,1,0,0,0,0,1,16,5,0,5,0,0,1,0,18,1,0
/Users/pouriad/repos/Cling-application/projects/math/src/test/org/apache/commons/math/random/AbstractRandomGeneratorTest.java,org.apache.commons.math.random.AbstractRandomGeneratorTest,class,11,25,4,10,0,0.6666667,0.6666667,6,1,6,0,0,0,6,0,0,0,1,0,0,0,1,0,0,0,0,102,1,7,0,1,2,7,44,41,4,26,2,0,0,0,43,1,0
/Users/pouriad/repos/Cling-application/projects/math/src/test/org/apache/commons/math/random/ValueServerTest.java,org.apache.commons.math.random.ValueServerTest,class,7,28,3,27,0,0.6545454,0.6545454,11,1,11,0,0,0,11,0,0,0,1,0,0,1,0,0,0,0,0,144,1,5,1,5,0,24,34,31,2,21,1,0,0,0,117,17,0
/Users/pouriad/repos/Cling-application/projects/math/src/test/org/apache/commons/math/random/UniformRandomGeneratorTest.java,org.apache.commons.math.random.UniformRandomGeneratorTest,class,9,4,2,5,3,0.0,0.0,3,1,3,0,0,0,3,0,0,0,0,0,0,0,0,0,0,0,2,19,1,1,0,0,0,0,7,5,0,4,1,0,0,0,23,1,0
/Users/pouriad/repos/Cling-application/projects/math/src/test/org/apache/commons/math/random/GaussianRandomGeneratorTest.java,org.apache.commons.math.random.GaussianRandomGeneratorTest,class,9,4,2,5,3,0.0,0.0,3,1,3,0,0,0,3,0,0,0,0,0,0,0,0,0,0,0,2,19,1,1,0,0,0,0,7,5,0,4,1,0,0,0,23,1,0
/Users/pouriad/repos/Cling-application/projects/math/src/test/org/apache/commons/math/random/UncorrelatedRandomVectorGeneratorTest.java,org.apache.commons.math.random.UncorrelatedRandomVectorGeneratorTest,class,12,8,2,8,10,0.6,0.6,5,1,5,0,0,0,5,0,0,0,3,0,0,3,0,0,0,0,0,47,1,3,0,0,0,0,18,20,4,13,2,0,0,0,44,1,0
/Users/pouriad/repos/Cling-application/projects/math/src/test/org/apache/commons/math/random/TestRandomGenerator.java,org.apache.commons.math.random.TestRandomGenerator,class,1,2,2,3,0,1.0,1.0,2,0,2,0,0,0,2,0,0,0,2,1,0,2,0,0,1,0,0,11,1,0,0,0,0,0,1,2,0,2,0,0,0,0,31,1,0
/Users/pouriad/repos/Cling-application/projects/math/src/test/org/apache/commons/math/random/CorrelatedRandomVectorGeneratorTest.java,org.apache.commons.math.random.CorrelatedRandomVectorGeneratorTest,class,13,18,2,22,21,0.71428573,0.71428573,7,1,7,0,0,0,7,0,0,0,3,0,0,3,0,0,0,0,2,83,1,9,0,1,2,1,27,38,6,28,3,0,0,0,58,1,0
/Users/pouriad/repos/Cling-application/projects/math/src/test/org/apache/commons/math/random/EmpiricalDistributionTest.java,org.apache.commons.math.random.EmpiricalDistributionTest,class,10,27,3,35,76,0.20879121,0.23076923,17,1,14,3,0,0,14,0,0,0,5,0,0,0,5,0,0,0,3,143,1,5,1,4,2,10,41,35,0,23,2,0,0,0,134,17,0
/Users/pouriad/repos/Cling-application/projects/math/src/test/org/apache/commons/math/random/RandomDataTest.java,org.apache.commons.math.random.RandomDataTest,class,11,102,3,44,0,0.79532164,0.79532164,21,1,19,2,0,0,19,0,0,0,6,0,0,1,5,0,0,0,4,453,5,27,16,22,15,96,261,127,16,97,3,0,0,0,159,1,0
/Users/pouriad/repos/Cling-application/projects/math/src/test/org/apache/commons/math/RetryTestCase.java,org.apache.commons.math.RetryTestCase,class,1,4,2,1,3,0.0,0.0,3,0,2,0,1,0,3,0,0,0,0,0,0,0,0,0,0,0,0,16,0,0,0,1,0,0,0,0,0,0,1,0,0,0,34,1025,0
/Users/pouriad/repos/Cling-application/projects/math/src/test/org/apache/commons/math/fraction/FractionTest.java,org.apache.commons.math.fraction.FractionTest,class,3,51,2,27,253,0.0,0.0,23,0,21,2,0,0,21,0,0,0,0,0,0,0,0,0,0,0,6,469,0,0,0,26,3,24,553,116,71,41,1,0,0,0,67,1,0
/Users/pouriad/repos/Cling-application/projects/math/src/test/org/apache/commons/math/fraction/FractionFormatTest.java,org.apache.commons.math.fraction.FractionFormatTest,class,5,32,2,20,0,0.8888889,0.8888889,18,0,16,0,2,0,18,0,0,0,2,0,0,0,0,2,0,0,8,232,1,0,0,14,0,23,30,55,0,38,1,0,0,0,47,1,0
/Users/pouriad/repos/Cling-application/projects/math/src/test/org/apache/commons/math/transform/FastFourierTransformerTest.java,org.apache.commons.math.transform.FastFourierTransformerTest,class,5,14,2,12,3,0.0,0.0,3,0,3,0,0,0,3,0,0,0,0,0,0,0,0,0,0,0,2,83,0,6,2,3,3,3,84,30,11,22,1,0,0,0,62,17,0
/Users/pouriad/repos/Cling-application/projects/math/src/test/org/apache/commons/math/transform/FastCosineTransformerTest.java,org.apache.commons.math.transform.FastCosineTransformerTest,class,5,12,2,9,3,0.0,0.0,3,0,3,0,0,0,3,0,0,0,0,0,0,0,0,0,0,0,2,66,0,6,0,3,4,3,52,27,9,21,1,0,0,0,58,17,0
/Users/pouriad/repos/Cling-application/projects/math/src/test/org/apache/commons/math/transform/FastSineTransformerTest.java,org.apache.commons.math.transform.FastSineTransformerTest,class,5,14,2,9,3,0.0,0.0,3,0,3,0,0,0,3,0,0,0,0,0,0,0,0,0,0,0,2,67,0,6,2,3,3,3,50,28,5,20,1,0,0,0,57,17,0
/Users/pouriad/repos/Cling-application/projects/math/src/java/org/apache/commons/math/DuplicateSampleAbscissaException.java,org.apache.commons.math.DuplicateSampleAbscissaException,class,1,2,4,2,1,0.0,0.0,2,0,2,0,0,0,2,0,0,0,1,1,0,1,0,0,1,0,0,9,1,0,0,0,1,1,2,1,0,1,0,0,0,0,50,1,0
/Users/pouriad/repos/Cling-application/projects/math/src/java/org/apache/commons/math/analysis/UnivariateRealSolverFactory.java,org.apache.commons.math.analysis.UnivariateRealSolverFactory,class,6,8,1,1,21,0.0,0.0,7,1,6,0,1,0,7,5,0,0,0,0,0,0,0,0,0,0,0,20,2,0,0,1,0,1,0,3,0,2,1,0,0,0,70,1025,0
/Users/pouriad/repos/Cling-application/projects/math/src/java/org/apache/commons/math/analysis/UnivariateRealSolverUtils.java,org.apache.commons.math.analysis.UnivariateRealSolverUtils,class,6,19,1,9,9,0.1,0.1,7,6,5,2,0,0,5,0,0,0,1,1,0,1,0,0,0,0,6,58,5,1,3,0,6,7,7,10,8,7,1,0,0,0,156,1,0
/Users/pouriad/repos/Cling-application/projects/math/src/java/org/apache/commons/math/analysis/UnivariateRealIntegratorImpl.java,org.apache.commons.math.analysis.UnivariateRealIntegratorImpl,class,3,24,1,2,74,0.22794117,0.44852942,17,0,11,0,6,0,17,0,2,0,11,1,0,0,10,1,1,0,0,90,6,0,1,0,2,8,5,19,3,11,1,0,0,0,121,1025,0
/Users/pouriad/repos/Cling-application/projects/math/src/java/org/apache/commons/math/analysis/UnivariateRealInterpolator.java,org.apache.commons.math.analysis.UnivariateRealInterpolator,interface,2,1,1,0,0,NaN,NaN,1,0,1,0,0,0,1,0,0,0,0,0,0,0,0,0,0,0,0,3,0,0,0,0,0,0,0,0,0,0,0,0,0,0,33,1,0
/Users/pouriad/repos/Cling-application/projects/math/src/java/org/apache/commons/math/analysis/DividedDifferenceInterpolator.java,org.apache.commons.math.analysis.DividedDifferenceInterpolator,class,7,7,1,2,1,0.0,0.0,2,1,1,0,1,0,2,0,0,0,1,1,0,1,0,0,1,0,3,38,2,4,1,0,1,0,11,17,8,11,3,0,0,0,94,1,0
/Users/pouriad/repos/Cling-application/projects/math/src/java/org/apache/commons/math/analysis/UnivariateRealSolverFactoryImpl.java,org.apache.commons.math.analysis.UnivariateRealSolverFactoryImpl,class,9,6,2,1,15,0.0,0.0,6,0,6,0,0,0,6,0,0,0,0,0,0,0,0,0,0,0,0,19,5,0,0,0,0,0,0,0,0,0,0,0,0,0,40,1,0
/Users/pouriad/repos/Cling-application/projects/math/src/java/org/apache/commons/math/analysis/SecantSolver.java,org.apache.commons.math.analysis.SecantSolver,class,4,11,2,7,3,0.0,0.0,3,0,3,0,0,0,3,0,0,0,1,1,0,1,0,0,1,0,8,63,3,1,1,0,4,7,11,25,14,10,3,0,0,0,124,1,0
/Users/pouriad/repos/Cling-application/projects/math/src/java/org/apache/commons/math/analysis/UnivariateRealIntegrator.java,org.apache.commons.math.analysis.UnivariateRealIntegrator,interface,0,12,1,0,66,0.0,0.0,12,0,0,0,0,12,12,0,0,0,0,0,0,0,0,0,0,0,0,14,0,0,0,0,0,0,0,0,0,0,0,0,0,0,142,1,0
/Users/pouriad/repos/Cling-application/projects/math/src/java/org/apache/commons/math/analysis/UnivariateRealSolverImpl.java,org.apache.commons.math.analysis.UnivariateRealSolverImpl,class,3,34,1,4,165,0.14285715,0.48051947,22,0,14,0,8,0,22,0,2,0,13,1,0,1,12,0,1,0,0,114,8,0,1,0,5,16,7,25,4,15,1,0,0,0,135,1025,0
/Users/pouriad/repos/Cling-application/projects/math/src/java/org/apache/commons/math/analysis/NevilleInterpolator.java,org.apache.commons.math.analysis.NevilleInterpolator,class,4,1,1,0,0,NaN,NaN,1,0,1,0,0,0,1,0,0,0,1,1,0,0,0,1,1,0,0,8,1,0,0,0,0,0,1,2,0,2,0,0,0,0,66,1,0
/Users/pouriad/repos/Cling-application/projects/math/src/java/org/apache/commons/math/analysis/UnivariateRealFunction.java,org.apache.commons.math.analysis.UnivariateRealFunction,interface,0,1,1,0,0,NaN,NaN,1,0,1,0,0,0,1,0,0,0,0,0,0,0,0,0,0,0,0,3,0,0,0,0,0,0,0,0,0,0,0,0,0,0,22,1,0
/Users/pouriad/repos/Cling-application/projects/math/src/java/org/apache/commons/math/analysis/RombergIntegrator.java,org.apache.commons.math.analysis.RombergIntegrator,class,6,8,2,7,3,0.0,0.0,3,0,2,0,1,0,3,0,0,0,1,1,0,1,0,0,1,0,2,39,1,2,0,0,3,1,19,13,14,9,3,0,0,0,120,1,0
/Users/pouriad/repos/Cling-application/projects/math/src/java/org/apache/commons/math/analysis/SimpsonIntegrator.java,org.apache.commons.math.analysis.SimpsonIntegrator,class,5,8,2,7,3,0.0,0.0,3,0,2,0,1,0,3,0,0,0,1,1,0,1,0,0,1,0,2,41,2,1,1,0,2,1,14,10,9,7,3,0,0,0,115,1,0
/Users/pouriad/repos/Cling-application/projects/math/src/java/org/apache/commons/math/analysis/MullerSolver.java,org.apache.commons.math.analysis.MullerSolver,class,5,30,2,12,6,0.0,0.0,4,0,4,0,0,0,4,0,0,0,1,1,0,1,0,0,1,0,18,154,13,3,12,0,32,0,32,66,76,41,3,0,0,0,215,1,0
/Users/pouriad/repos/Cling-application/projects/math/src/java/org/apache/commons/math/analysis/BrentSolver.java,org.apache.commons.math.analysis.BrentSolver,class,4,25,2,7,6,0.0,0.0,4,0,3,1,0,0,3,0,0,0,1,1,0,1,0,0,1,0,15,121,9,1,2,0,15,13,28,42,43,16,3,0,0,0,156,1,0
/Users/pouriad/repos/Cling-application/projects/math/src/java/org/apache/commons/math/analysis/PolynomialFunctionNewtonForm.java,org.apache.commons.math.analysis.PolynomialFunctionNewtonForm,class,3,17,1,5,0,0.6111111,0.7777778,9,2,6,0,2,1,9,0,0,0,4,1,0,3,0,1,1,0,8,70,6,4,1,0,1,2,26,21,13,14,2,0,0,0,146,1,0
/Users/pouriad/repos/Cling-application/projects/math/src/java/org/apache/commons/math/analysis/LaguerreSolver.java,org.apache.commons.math.analysis.LaguerreSolver,class,8,33,2,23,16,0.21428572,0.21428572,8,0,7,0,1,0,8,0,0,0,2,1,0,2,0,0,1,0,4,162,15,8,5,0,6,3,39,72,15,42,2,0,0,0,178,1,0
/Users/pouriad/repos/Cling-application/projects/math/src/java/org/apache/commons/math/analysis/PolynomialFunctionLagrangeForm.java,org.apache.commons.math.analysis.PolynomialFunctionLagrangeForm,class,6,28,1,8,0,0.6111111,0.7777778,9,2,6,0,2,1,9,0,0,0,4,1,0,3,0,1,1,0,9,129,6,9,4,1,4,3,45,52,35,28,3,0,0,0,172,1,0
/Users/pouriad/repos/Cling-application/projects/math/src/java/org/apache/commons/math/analysis/NewtonSolver.java,org.apache.commons.math.analysis.NewtonSolver,class,6,6,2,9,0,0.33333334,0.33333334,4,0,3,1,0,0,3,0,0,0,2,1,0,2,0,0,1,0,2,32,2,1,0,0,2,0,4,7,3,5,2,0,0,0,111,1,0
/Users/pouriad/repos/Cling-application/projects/math/src/java/org/apache/commons/math/analysis/PolynomialSplineFunction.java,org.apache.commons.math.analysis.PolynomialSplineFunction,class,6,18,1,6,0,0.71428573,0.71428573,8,1,7,1,0,0,7,0,0,0,4,1,0,4,0,0,1,0,6,66,8,2,1,0,0,3,24,14,9,10,2,0,0,0,178,1,0
/Users/pouriad/repos/Cling-application/projects/math/src/java/org/apache/commons/math/analysis/RiddersSolver.java,org.apache.commons.math.analysis.RiddersSolver,class,5,16,2,10,3,0.0,0.0,3,0,3,0,0,0,3,0,0,0,1,1,0,1,0,0,1,0,12,89,10,1,7,0,5,0,14,27,15,14,3,0,0,0,116,1,0
/Users/pouriad/repos/Cling-application/projects/math/src/java/org/apache/commons/math/analysis/BisectionSolver.java,org.apache.commons.math.analysis.BisectionSolver,class,5,6,2,7,3,0.0,0.0,3,0,3,0,0,0,3,0,0,0,1,1,0,1,0,0,1,0,3,35,2,1,0,0,0,0,5,8,2,5,2,0,0,0,91,1,0
/Users/pouriad/repos/Cling-application/projects/math/src/java/org/apache/commons/math/analysis/DifferentiableUnivariateRealFunction.java,org.apache.commons.math.analysis.DifferentiableUnivariateRealFunction,interface,1,1,1,0,0,NaN,NaN,1,0,1,0,0,0,1,0,0,0,0,0,0,0,0,0,0,0,0,3,0,0,0,0,0,0,0,0,0,0,0,0,0,0,15,1,0
/Users/pouriad/repos/Cling-application/projects/math/src/java/org/apache/commons/math/analysis/SplineInterpolator.java,org.apache.commons.math.analysis.SplineInterpolator,class,5,9,1,0,0,NaN,NaN,1,0,1,0,0,0,1,0,0,0,0,0,0,0,0,0,0,0,0,50,1,5,1,0,9,3,45,31,52,15,2,0,0,0,118,1,0
/Users/pouriad/repos/Cling-application/projects/math/src/java/org/apache/commons/math/analysis/UnivariateRealSolver.java,org.apache.commons.math.analysis.UnivariateRealSolver,interface,0,16,1,0,120,0.0,0.0,16,0,0,0,0,16,16,0,0,0,0,0,0,0,0,0,0,0,0,18,0,0,0,0,0,0,0,0,0,0,0,0,0,0,185,1,0
/Users/pouriad/repos/Cling-application/projects/math/src/java/org/apache/commons/math/analysis/PolynomialFunction.java,org.apache.commons.math.analysis.PolynomialFunction,class,4,14,1,4,0,0.53571427,0.53571427,8,2,6,0,2,0,8,0,0,0,2,1,0,2,0,0,1,0,4,54,8,2,1,0,0,3,18,11,9,9,1,0,0,0,102,1,0
/Users/pouriad/repos/Cling-application/projects/math/src/java/org/apache/commons/math/analysis/TrapezoidIntegrator.java,org.apache.commons.math.analysis.TrapezoidIntegrator,class,4,10,2,8,6,0.0,0.0,4,0,2,0,1,1,4,0,0,0,2,1,0,2,0,0,1,0,2,52,3,2,1,0,5,1,13,14,15,10,3,0,0,0,147,1,0
/Users/pouriad/repos/Cling-application/projects/math/src/java/org/apache/commons/math/MessagesResources_fr.java,org.apache.commons.math.MessagesResources_fr,class,0,2,3,1,1,0.0,0.0,2,0,2,0,0,0,2,0,0,0,1,1,0,0,0,1,1,0,0,8,1,0,0,0,0,79,0,1,10,1,0,0,0,0,165,1,0
/Users/pouriad/repos/Cling-application/projects/math/src/java/org/apache/commons/math/util/DoubleArray.java,org.apache.commons.math.util.DoubleArray,interface,1,7,1,0,21,0.0,0.0,7,0,0,0,0,7,7,0,0,0,0,0,0,0,0,0,0,0,0,9,0,0,0,0,0,0,0,0,0,0,0,0,0,0,120,1,0
/Users/pouriad/repos/Cling-application/projects/math/src/java/org/apache/commons/math/util/ResizableDoubleArray.java,org.apache.commons.math.util.ResizableDoubleArray,class,3,51,1,13,0,0.44444445,0.9259259,29,0,23,2,3,1,27,0,0,16,10,3,2,1,7,0,3,0,6,213,12,0,4,0,14,23,33,53,28,26,2,0,0,0,335,1,0
/Users/pouriad/repos/Cling-application/projects/math/src/java/org/apache/commons/math/util/MathUtils.java,org.apache.commons.math.util.MathUtils,class,2,152,1,30,857,0.0026990552,0.0026990552,42,41,39,3,0,0,39,0,0,0,7,7,0,7,0,0,7,0,82,449,61,8,38,1,56,17,118,74,57,37,4,0,0,0,292,17,0
/Users/pouriad/repos/Cling-application/projects/math/src/java/org/apache/commons/math/util/NumberTransformer.java,org.apache.commons.math.util.NumberTransformer,interface,0,1,1,0,0,NaN,NaN,1,0,0,0,0,1,1,0,0,0,0,0,0,0,0,0,0,0,0,3,0,0,0,0,0,0,0,0,0,0,0,0,0,0,25,1,0
/Users/pouriad/repos/Cling-application/projects/math/src/java/org/apache/commons/math/util/ContinuedFraction.java,org.apache.commons.math.util.ContinuedFraction,class,3,14,1,5,19,0.04761905,0.04761905,7,0,4,0,3,0,7,2,0,0,2,2,0,2,0,0,2,0,3,58,4,1,2,0,4,2,10,24,23,14,3,0,0,0,129,1025,0
/Users/pouriad/repos/Cling-application/projects/math/src/java/org/apache/commons/math/util/TransformerMap.java,org.apache.commons.math.util.TransformerMap,class,3,13,1,11,0,0.82222223,1.0,10,0,10,0,0,0,10,0,0,0,3,1,0,3,0,0,1,0,0,46,8,0,1,0,0,0,1,9,0,5,2,0,0,0,106,1,0
/Users/pouriad/repos/Cling-application/projects/math/src/java/org/apache/commons/math/util/DefaultTransformer.java,org.apache.commons.math.util.DefaultTransformer,class,2,4,1,4,0,NaN,NaN,1,0,1,0,0,0,1,0,0,0,1,1,0,1,0,0,1,0,0,17,2,0,1,1,1,2,2,1,0,1,1,0,0,0,52,1,0
/Users/pouriad/repos/Cling-application/projects/math/src/java/org/apache/commons/math/complex/ComplexFormat.java,org.apache.commons.math.complex.ComplexFormat,class,3,57,2,46,330,0.114285715,0.31428573,28,6,21,7,0,0,21,0,0,0,5,2,0,5,0,0,2,0,14,224,23,2,11,0,3,9,20,42,5,34,3,0,0,0,194,1,0
/Users/pouriad/repos/Cling-application/projects/math/src/java/org/apache/commons/math/complex/Complex.java,org.apache.commons.math.complex.Complex,class,2,74,1,29,0,0.8866995,1.0,29,0,28,0,1,0,29,0,0,0,8,6,5,1,2,0,6,0,57,238,59,0,13,1,13,0,34,30,70,26,3,0,0,0,254,1,0
/Users/pouriad/repos/Cling-application/projects/math/src/java/org/apache/commons/math/complex/ComplexUtils.java,org.apache.commons.math.complex.ComplexUtils,class,1,17,1,16,120,0.0,0.0,16,15,15,1,0,0,15,0,0,0,0,0,0,0,0,0,0,0,2,53,15,0,0,0,0,1,1,0,2,0,1,0,0,0,155,1,0
/Users/pouriad/repos/Cling-application/projects/math/src/java/org/apache/commons/math/MaxIterationsExceededException.java,org.apache.commons.math.MaxIterationsExceededException,class,1,3,5,0,0,1.0,1.0,3,0,3,0,0,0,3,0,0,0,2,1,0,2,0,0,1,0,0,15,1,0,0,0,0,1,1,3,0,2,0,0,0,0,50,1,0
/Users/pouriad/repos/Cling-application/projects/math/src/java/org/apache/commons/math/optimization/MultiDirectional.java,org.apache.commons.math.optimization.MultiDirectional,class,4,10,2,4,6,1.0,1.0,4,0,2,1,1,0,3,0,0,0,2,0,0,2,0,0,0,0,0,49,3,3,0,0,1,0,11,21,4,14,3,0,0,0,68,1,0
/Users/pouriad/repos/Cling-application/projects/math/src/java/org/apache/commons/math/optimization/DirectSearchOptimizer.java,org.apache.commons.math.optimization.DirectSearchOptimizer$Anonymous1,anonymous,1,6,1,1,0,NaN,NaN,1,0,1,0,0,0,1,0,0,0,0,0,0,0,0,0,0,0,0,13,3,0,4,0,6,0,6,2,0,2,1,0,0,0,10,-1,0
/Users/pouriad/repos/Cling-application/projects/math/src/java/org/apache/commons/math/optimization/DirectSearchOptimizer.java,org.apache.commons.math.optimization.DirectSearchOptimizer,class,15,37,1,26,153,0.33333334,0.33333334,18,0,7,6,5,0,12,1,0,0,7,1,0,6,1,0,0,0,7,184,9,9,1,1,2,3,30,58,13,35,3,1,0,0,322,1025,0
/Users/pouriad/repos/Cling-application/projects/math/src/java/org/apache/commons/math/optimization/NelderMead.java,org.apache.commons.math.optimization.NelderMead,class,3,19,2,5,3,1.0,1.0,3,0,2,0,1,0,3,0,0,0,4,0,0,4,0,0,0,0,0,92,2,9,0,0,7,0,18,43,18,31,3,0,0,0,69,1,0
/Users/pouriad/repos/Cling-application/projects/math/src/java/org/apache/commons/math/optimization/CostFunction.java,org.apache.commons.math.optimization.CostFunction,interface,1,1,1,0,0,NaN,NaN,1,0,1,0,0,0,1,0,0,0,0,0,0,0,0,0,0,0,0,3,0,0,0,0,0,0,0,0,0,0,0,0,0,0,22,1,0
/Users/pouriad/repos/Cling-application/projects/math/src/java/org/apache/commons/math/optimization/CostException.java,org.apache.commons.math.optimization.CostException,class,1,2,4,0,1,0.0,0.0,2,0,2,0,0,0,2,0,0,0,1,1,0,1,0,0,1,0,0,9,0,0,0,0,0,0,1,1,0,1,0,0,0,0,46,1,0
/Users/pouriad/repos/Cling-application/projects/math/src/java/org/apache/commons/math/optimization/PointCostPair.java,org.apache.commons.math.optimization.PointCostPair,class,1,3,1,1,3,0.6666667,1.0,3,0,3,0,0,0,3,0,0,0,2,0,0,2,0,0,2,0,0,14,2,0,0,0,0,0,0,2,0,2,0,0,0,0,34,1,0
/Users/pouriad/repos/Cling-application/projects/math/src/java/org/apache/commons/math/optimization/ConvergenceChecker.java,org.apache.commons.math.optimization.ConvergenceChecker,interface,1,1,1,0,0,NaN,NaN,1,0,1,0,0,0,1,0,0,0,0,0,0,0,0,0,0,0,0,3,0,0,0,0,0,0,0,0,0,0,0,0,0,0,56,1,0
/Users/pouriad/repos/Cling-application/projects/math/src/java/org/apache/commons/math/linear/BigMatrixImpl.java,org.apache.commons.math.linear.BigMatrixImpl,class,7,193,1,37,501,0.3207547,0.5950653,58,0,50,5,3,0,53,0,0,0,10,4,0,7,1,2,3,0,8,632,52,67,32,2,15,42,140,240,25,170,4,0,0,0,408,1,0
/Users/pouriad/repos/Cling-application/projects/math/src/java/org/apache/commons/math/linear/MatrixUtils.java,org.apache.commons.math.linear.MatrixUtils,class,5,25,1,3,105,0.0,0.0,15,14,15,0,0,0,15,0,0,0,0,0,0,0,0,0,0,0,4,93,14,8,2,0,0,0,34,34,0,28,2,0,0,0,69,1,0
/Users/pouriad/repos/Cling-application/projects/math/src/java/org/apache/commons/math/linear/BigMatrix.java,org.apache.commons.math.linear.BigMatrix,interface,3,33,1,0,528,0.0,0.0,33,0,1,0,0,32,33,0,0,0,0,0,0,0,0,0,0,0,0,35,0,0,0,0,0,0,0,0,0,0,0,0,0,0,170,1,0
/Users/pouriad/repos/Cling-application/projects/math/src/java/org/apache/commons/math/linear/InvalidMatrixException.java,org.apache.commons.math.linear.InvalidMatrixException,class,0,2,4,0,1,0.0,0.0,2,0,2,0,0,0,2,0,0,0,1,1,0,1,0,0,1,0,0,9,0,0,0,0,0,0,1,1,0,1,0,0,0,0,40,1,0
/Users/pouriad/repos/Cling-application/projects/math/src/java/org/apache/commons/math/linear/QRDecompositionImpl.java,org.apache.commons.math.linear.QRDecompositionImpl,class,4,18,1,6,0,1.0,1.0,3,0,3,0,0,0,3,0,0,0,4,0,0,4,0,0,0,0,5,68,2,12,2,0,0,0,16,38,12,24,4,0,0,0,71,1,0
/Users/pouriad/repos/Cling-application/projects/math/src/java/org/apache/commons/math/linear/RealMatrixImpl.java,org.apache.commons.math.linear.RealMatrixImpl,class,8,158,1,25,186,0.40121952,0.60487807,44,0,38,3,3,0,41,0,0,0,6,2,0,5,1,0,1,0,16,510,44,55,25,2,14,34,124,192,38,137,4,0,0,0,379,1,0
/Users/pouriad/repos/Cling-application/projects/math/src/java/org/apache/commons/math/linear/MatrixIndexException.java,org.apache.commons.math.linear.MatrixIndexException,class,0,2,4,0,1,0.0,0.0,2,0,2,0,0,0,2,0,0,0,1,1,0,1,0,0,1,0,0,9,0,0,0,0,0,0,1,1,0,1,0,0,0,0,42,1,0
/Users/pouriad/repos/Cling-application/projects/math/src/java/org/apache/commons/math/linear/QRDecomposition.java,org.apache.commons.math.linear.QRDecomposition,interface,1,2,1,0,1,0.0,0.0,2,0,2,0,0,0,2,2,0,0,0,0,0,0,0,0,0,0,0,4,0,0,0,0,0,0,0,0,0,0,0,0,0,0,22,1,0
/Users/pouriad/repos/Cling-application/projects/math/src/java/org/apache/commons/math/linear/RealMatrix.java,org.apache.commons.math.linear.RealMatrix,interface,3,28,1,0,378,0.0,0.0,28,0,1,0,0,27,28,0,0,0,0,0,0,0,0,0,0,0,0,30,0,0,0,0,0,0,0,0,0,0,0,0,0,0,161,1,0
/Users/pouriad/repos/Cling-application/projects/math/src/java/org/apache/commons/math/distribution/CauchyDistribution.java,org.apache.commons.math.distribution.CauchyDistribution,interface,1,4,1,0,6,0.0,0.0,4,0,0,0,0,4,4,0,0,0,0,0,0,0,0,0,0,0,0,6,0,0,0,0,0,0,0,0,0,0,0,0,0,0,20,1,0
/Users/pouriad/repos/Cling-application/projects/math/src/java/org/apache/commons/math/distribution/HypergeometricDistribution.java,org.apache.commons.math.distribution.HypergeometricDistribution,interface,1,6,1,0,15,0.0,0.0,6,0,6,0,0,0,6,6,0,0,0,0,0,0,0,0,0,0,0,8,0,0,0,0,0,0,0,0,0,0,0,0,0,0,26,1,0
/Users/pouriad/repos/Cling-application/projects/math/src/java/org/apache/commons/math/distribution/TDistribution.java,org.apache.commons.math.distribution.TDistribution,interface,1,2,1,0,1,0.0,0.0,2,0,0,0,0,2,2,0,0,0,0,0,0,0,0,0,0,0,0,4,0,0,0,0,0,0,0,0,0,0,0,0,0,0,20,1,0
/Users/pouriad/repos/Cling-application/projects/math/src/java/org/apache/commons/math/distribution/ChiSquaredDistribution.java,org.apache.commons.math.distribution.ChiSquaredDistribution,interface,1,2,1,0,1,0.0,0.0,2,0,0,0,0,2,2,0,0,0,0,0,0,0,0,0,0,0,0,4,0,0,0,0,0,0,0,0,0,0,0,0,0,0,20,1,0
/Users/pouriad/repos/Cling-application/projects/math/src/java/org/apache/commons/math/distribution/NormalDistribution.java,org.apache.commons.math.distribution.NormalDistribution,interface,1,4,1,0,6,0.0,0.0,4,0,0,0,0,4,4,0,0,0,0,0,0,0,0,0,0,0,0,6,0,0,0,0,0,0,0,0,0,0,0,0,0,0,22,1,0
/Users/pouriad/repos/Cling-application/projects/math/src/java/org/apache/commons/math/distribution/TDistributionImpl.java,org.apache.commons.math.distribution.TDistributionImpl,class,4,13,3,4,22,0.10714286,0.10714286,8,0,5,0,3,0,8,0,0,0,2,1,0,2,0,0,1,0,1,51,8,0,3,0,2,1,13,6,7,4,2,0,0,0,97,1,0
/Users/pouriad/repos/Cling-application/projects/math/src/java/org/apache/commons/math/distribution/AbstractContinuousDistribution.java,org.apache.commons.math.distribution.AbstractContinuousDistribution,class,7,10,2,7,10,0.0,0.0,5,0,1,0,4,0,5,3,0,0,1,1,0,1,0,0,1,0,4,42,3,0,0,1,0,1,7,7,0,6,2,1,0,0,97,1025,0
/Users/pouriad/repos/Cling-application/projects/math/src/java/org/apache/commons/math/distribution/AbstractContinuousDistribution.java,org.apache.commons.math.distribution.AbstractContinuousDistribution$Anonymous1,anonymous,3,2,1,3,0,NaN,NaN,1,0,1,0,0,0,1,0,0,0,0,0,0,0,0,0,0,0,0,10,1,0,0,1,0,0,0,0,1,0,1,0,0,0,10,-1,0
/Users/pouriad/repos/Cling-application/projects/math/src/java/org/apache/commons/math/distribution/BinomialDistribution.java,org.apache.commons.math.distribution.BinomialDistribution,interface,1,4,1,0,6,0.0,0.0,4,0,0,0,0,4,4,0,0,0,0,0,0,0,0,0,0,0,0,6,0,0,0,0,0,0,0,0,0,0,0,0,0,0,24,1,0
/Users/pouriad/repos/Cling-application/projects/math/src/java/org/apache/commons/math/distribution/NormalDistributionImpl.java,org.apache.commons.math.distribution.NormalDistributionImpl,class,5,21,3,7,37,0.16363636,0.27272728,11,0,8,0,3,0,11,0,0,0,3,1,0,3,0,0,1,0,2,86,11,0,2,1,5,1,19,12,11,6,2,0,0,0,118,1,0
/Users/pouriad/repos/Cling-application/projects/math/src/java/org/apache/commons/math/distribution/GammaDistributionImpl.java,org.apache.commons.math.distribution.GammaDistributionImpl,class,4,17,3,6,33,0.13333334,0.22222222,10,0,7,0,3,0,10,0,0,0,3,1,0,3,0,0,1,0,1,70,9,0,2,0,0,2,11,9,4,6,1,0,0,0,105,1,0
/Users/pouriad/repos/Cling-application/projects/math/src/java/org/apache/commons/math/distribution/PoissonDistributionImpl.java,org.apache.commons.math.distribution.PoissonDistributionImpl,class,8,15,3,11,27,0.2,0.33333334,10,0,8,0,2,0,10,0,0,0,3,1,0,3,0,0,1,0,5,51,9,0,2,0,0,1,11,3,4,3,1,0,0,0,113,1,0
/Users/pouriad/repos/Cling-application/projects/math/src/java/org/apache/commons/math/distribution/CauchyDistributionImpl.java,org.apache.commons.math.distribution.CauchyDistributionImpl,class,3,20,3,6,25,0.27272728,0.38181818,11,0,8,0,3,0,11,0,0,0,3,1,0,3,0,0,1,0,2,80,7,0,2,0,3,2,16,15,10,7,1,0,0,0,98,1,0
/Users/pouriad/repos/Cling-application/projects/math/src/java/org/apache/commons/math/distribution/PascalDistributionImpl.java,org.apache.commons.math.distribution.PascalDistributionImpl,class,5,17,3,8,41,0.044444446,0.044444446,10,0,8,0,2,0,10,0,0,0,3,1,0,3,0,0,1,0,4,67,7,0,2,0,0,2,17,10,7,6,1,0,0,0,100,1,0
/Users/pouriad/repos/Cling-application/projects/math/src/java/org/apache/commons/math/distribution/IntegerDistribution.java,org.apache.commons.math.distribution.IntegerDistribution,interface,1,4,1,0,6,0.0,0.0,4,0,0,0,0,4,4,0,0,0,0,0,0,0,0,0,0,0,0,6,0,0,0,0,0,0,0,0,0,0,0,0,0,0,86,1,0
/Users/pouriad/repos/Cling-application/projects/math/src/java/org/apache/commons/math/distribution/WeibullDistribution.java,org.apache.commons.math.distribution.WeibullDistribution,interface,1,4,1,0,6,0.0,0.0,4,0,0,0,0,4,4,0,0,0,0,0,0,0,0,0,0,0,0,6,0,0,0,0,0,0,0,0,0,0,0,0,0,0,32,1,0
/Users/pouriad/repos/Cling-application/projects/math/src/java/org/apache/commons/math/distribution/WeibullDistributionImpl.java,org.apache.commons.math.distribution.WeibullDistributionImpl,class,3,17,3,7,33,0.13333334,0.22222222,10,0,7,0,3,0,10,0,0,0,3,1,0,3,0,0,1,0,6,63,7,0,2,0,0,3,16,8,7,5,1,0,0,0,96,1,0
/Users/pouriad/repos/Cling-application/projects/math/src/java/org/apache/commons/math/distribution/ExponentialDistribution.java,org.apache.commons.math.distribution.ExponentialDistribution,interface,1,2,1,0,1,0.0,0.0,2,0,0,0,0,2,2,0,0,0,0,0,0,0,0,0,0,0,0,4,0,0,0,0,0,0,0,0,0,0,0,0,0,0,16,1,0
/Users/pouriad/repos/Cling-application/projects/math/src/java/org/apache/commons/math/distribution/ContinuousDistribution.java,org.apache.commons.math.distribution.ContinuousDistribution,interface,1,1,1,0,0,NaN,NaN,1,0,0,0,0,1,1,0,0,0,0,0,0,0,0,0,0,0,0,3,0,0,0,0,0,0,0,0,0,0,0,0,0,0,31,1,0
/Users/pouriad/repos/Cling-application/projects/math/src/java/org/apache/commons/math/distribution/PascalDistribution.java,org.apache.commons.math.distribution.PascalDistribution,interface,1,4,1,0,6,0.0,0.0,4,0,0,0,0,4,4,0,0,0,0,0,0,0,0,0,0,0,0,6,0,0,0,0,0,0,0,0,0,0,0,0,0,0,54,1,0
/Users/pouriad/repos/Cling-application/projects/math/src/java/org/apache/commons/math/distribution/DiscreteDistribution.java,org.apache.commons.math.distribution.DiscreteDistribution,interface,1,1,1,0,0,NaN,NaN,1,0,0,0,0,1,1,0,0,0,0,0,0,0,0,0,0,0,0,3,0,0,0,0,0,0,0,0,0,0,0,0,0,0,34,1,0
/Users/pouriad/repos/Cling-application/projects/math/src/java/org/apache/commons/math/distribution/AbstractDistribution.java,org.apache.commons.math.distribution.AbstractDistribution,class,1,3,1,1,1,0.0,0.0,2,0,1,0,1,0,2,0,0,0,1,1,0,1,0,0,1,0,0,12,1,0,0,0,0,1,1,1,1,1,1,0,0,0,70,1025,0
/Users/pouriad/repos/Cling-application/projects/math/src/java/org/apache/commons/math/distribution/FDistribution.java,org.apache.commons.math.distribution.FDistribution,interface,1,4,1,0,6,0.0,0.0,4,0,0,0,0,4,4,0,0,0,0,0,0,0,0,0,0,0,0,6,0,0,0,0,0,0,0,0,0,0,0,0,0,0,22,1,0
/Users/pouriad/repos/Cling-application/projects/math/src/java/org/apache/commons/math/distribution/DistributionFactoryImpl.java,org.apache.commons.math.distribution.DistributionFactoryImpl,class,19,11,2,0,55,0.0,0.0,11,0,11,0,0,0,11,0,0,0,0,0,0,0,0,0,0,0,0,35,10,0,0,0,0,0,0,0,0,0,0,0,0,0,93,1,0
/Users/pouriad/repos/Cling-application/projects/math/src/java/org/apache/commons/math/distribution/ChiSquaredDistributionImpl.java,org.apache.commons.math.distribution.ChiSquaredDistributionImpl,class,6,15,3,9,53,0.0,0.0,11,0,7,1,3,0,10,0,0,0,2,1,0,2,0,0,1,0,0,59,9,0,2,0,0,0,11,6,5,4,1,0,0,0,108,1,0
/Users/pouriad/repos/Cling-application/projects/math/src/java/org/apache/commons/math/distribution/ExponentialDistributionImpl.java,org.apache.commons.math.distribution.ExponentialDistributionImpl,class,3,15,3,4,22,0.10714286,0.10714286,8,0,5,0,3,0,8,0,0,0,2,1,0,2,0,0,1,0,2,59,8,0,1,0,0,2,13,6,5,4,1,0,0,0,96,1,0
/Users/pouriad/repos/Cling-application/projects/math/src/java/org/apache/commons/math/distribution/BinomialDistributionImpl.java,org.apache.commons.math.distribution.BinomialDistributionImpl,class,5,19,3,8,41,0.044444446,0.044444446,10,0,8,0,2,0,10,0,0,0,3,1,0,3,0,0,1,0,4,66,9,0,2,0,0,2,16,8,6,5,1,0,0,0,96,1,0
/Users/pouriad/repos/Cling-application/projects/math/src/java/org/apache/commons/math/distribution/AbstractIntegerDistribution.java,org.apache.commons.math.distribution.AbstractIntegerDistribution,class,3,20,2,6,36,0.0,0.0,9,0,6,0,3,0,9,3,0,0,1,1,0,1,0,0,1,0,7,72,7,2,3,0,2,3,7,10,6,6,3,0,0,0,124,1025,0
/Users/pouriad/repos/Cling-application/projects/math/src/java/org/apache/commons/math/distribution/PoissonDistribution.java,org.apache.commons.math.distribution.PoissonDistribution,interface,1,3,1,0,3,0.0,0.0,3,0,3,0,0,0,3,0,0,0,0,0,0,0,0,0,0,0,0,5,0,0,0,0,0,0,0,0,0,0,0,0,0,0,47,1,0
/Users/pouriad/repos/Cling-application/projects/math/src/java/org/apache/commons/math/distribution/FDistributionImpl.java,org.apache.commons.math.distribution.FDistributionImpl,class,4,15,3,6,33,0.13333334,0.22222222,10,0,7,0,3,0,10,0,0,0,3,1,0,3,0,0,1,0,1,58,9,0,2,0,3,2,12,7,8,6,1,0,0,0,105,1,0
/Users/pouriad/repos/Cling-application/projects/math/src/java/org/apache/commons/math/distribution/GammaDistribution.java,org.apache.commons.math.distribution.GammaDistribution,interface,1,4,1,0,6,0.0,0.0,4,0,0,0,0,4,4,0,0,0,0,0,0,0,0,0,0,0,0,6,0,0,0,0,0,0,0,0,0,0,0,0,0,0,20,1,0
/Users/pouriad/repos/Cling-application/projects/math/src/java/org/apache/commons/math/distribution/DistributionFactory.java,org.apache.commons.math.distribution.DistributionFactory,class,17,15,1,0,105,0.0,0.0,15,1,14,0,1,0,15,10,0,0,0,0,0,0,0,0,0,0,0,27,4,0,0,0,0,0,0,0,0,0,0,0,0,0,96,1025,0
/Users/pouriad/repos/Cling-application/projects/math/src/java/org/apache/commons/math/distribution/Distribution.java,org.apache.commons.math.distribution.Distribution,interface,0,2,1,0,1,0.0,0.0,2,0,0,0,0,2,2,0,0,0,0,0,0,0,0,0,0,0,0,4,0,0,0,0,0,0,0,0,0,0,0,0,0,0,62,1,0
/Users/pouriad/repos/Cling-application/projects/math/src/java/org/apache/commons/math/distribution/HypergeometricDistributionImpl.java,org.apache.commons.math.distribution.HypergeometricDistributionImpl,class,5,29,3,15,118,0.13636364,0.3181818,17,0,10,5,2,0,12,0,0,0,4,1,0,4,0,0,1,0,6,119,13,1,1,0,1,6,20,27,7,20,1,0,0,0,124,1,0
/Users/pouriad/repos/Cling-application/projects/math/src/java/org/apache/commons/math/ArgumentOutsideDomainException.java,org.apache.commons.math.ArgumentOutsideDomainException,class,1,1,5,0,0,NaN,NaN,1,0,1,0,0,0,1,0,0,0,1,1,0,1,0,0,1,0,0,6,0,0,0,0,0,1,1,1,0,1,0,0,0,0,46,1,0
/Users/pouriad/repos/Cling-application/projects/math/src/java/org/apache/commons/math/special/Erf.java,org.apache.commons.math.special.Erf,class,1,3,1,1,1,NaN,NaN,2,1,1,1,0,0,1,0,0,0,1,1,0,1,0,0,1,0,1,13,1,0,0,0,0,0,5,3,1,2,1,0,0,0,43,1,0
/Users/pouriad/repos/Cling-application/projects/math/src/java/org/apache/commons/math/special/Gamma.java,org.apache.commons.math.special.Gamma,class,4,26,1,8,13,0.1,0.1,6,5,5,1,0,0,5,0,0,0,4,4,0,4,0,0,3,0,19,88,5,2,2,0,13,0,44,28,32,15,2,1,0,0,117,1,0
/Users/pouriad/repos/Cling-application/projects/math/src/java/org/apache/commons/math/special/Gamma.java,org.apache.commons.math.special.Gamma$Anonymous1,anonymous,0,2,1,0,1,0.0,0.0,2,0,0,0,2,0,2,0,0,0,1,1,0,1,0,0,1,0,0,9,2,0,0,0,3,0,3,1,6,1,0,0,0,0,13,-1,0
/Users/pouriad/repos/Cling-application/projects/math/src/java/org/apache/commons/math/special/Beta.java,org.apache.commons.math.special.Beta,class,3,19,1,7,15,0.2,0.2,7,6,6,1,0,0,6,0,0,0,2,2,0,2,0,0,2,0,18,62,6,0,0,0,10,0,14,8,16,5,1,1,0,0,84,1,0
/Users/pouriad/repos/Cling-application/projects/math/src/java/org/apache/commons/math/special/Beta.java,org.apache.commons.math.special.Beta$Anonymous1,anonymous,0,3,1,0,1,0.0,0.0,2,0,0,0,2,0,2,0,0,0,1,1,0,1,0,0,1,0,0,19,2,0,1,0,16,0,13,5,22,3,1,0,0,0,16,-1,0
/Users/pouriad/repos/Cling-application/projects/math/src/java/org/apache/commons/math/ode/SwitchState.java,org.apache.commons.math.ode.SwitchState$Anonymous1,anonymous,3,2,1,3,0,NaN,NaN,1,0,1,0,0,0,1,0,0,0,0,0,0,0,0,0,0,0,0,11,1,0,0,1,0,0,0,0,0,0,1,0,0,0,7,-1,0
/Users/pouriad/repos/Cling-application/projects/math/src/java/org/apache/commons/math/ode/SwitchState.java,org.apache.commons.math.ode.SwitchState,class,9,24,1,14,0,0.7619048,1.0,7,0,7,0,0,0,7,0,0,0,13,1,0,13,0,0,1,0,7,119,7,1,5,1,13,0,6,44,7,24,5,1,0,0,197,0,0
/Users/pouriad/repos/Cling-application/projects/math/src/java/org/apache/commons/math/ode/GillIntegrator.java,org.apache.commons.math.ode.GillIntegrator,class,3,2,2,1,1,0.0,0.0,2,0,2,0,0,0,2,0,0,0,4,4,0,4,0,0,4,0,6,12,1,0,0,0,5,1,29,4,16,4,0,0,0,0,52,1,0
/Users/pouriad/repos/Cling-application/projects/math/src/java/org/apache/commons/math/ode/StepNormalizer.java,org.apache.commons.math.ode.StepNormalizer,class,5,9,1,9,6,0.33333334,0.5,4,0,4,0,0,0,4,0,0,0,5,0,0,5,0,0,0,0,2,46,1,1,1,0,3,0,2,15,1,8,2,0,0,0,164,1,0
/Users/pouriad/repos/Cling-application/projects/math/src/java/org/apache/commons/math/ode/EulerStepInterpolator.java,org.apache.commons.math.ode.EulerStepInterpolator,class,3,5,3,0,6,0.0,0.0,4,0,2,0,2,0,4,0,0,0,1,1,0,1,0,0,1,0,0,16,1,1,0,0,0,0,3,3,2,2,1,0,0,0,134,0,0
/Users/pouriad/repos/Cling-application/projects/math/src/java/org/apache/commons/math/ode/HighamHall54Integrator.java,org.apache.commons.math.ode.HighamHall54Integrator,class,3,8,3,3,8,0.1,0.1,5,0,4,0,1,0,5,0,0,0,5,5,0,5,0,0,5,0,4,33,3,2,1,0,3,1,80,14,43,12,2,0,0,0,115,1,0
/Users/pouriad/repos/Cling-application/projects/math/src/java/org/apache/commons/math/ode/MidpointStepInterpolator.java,org.apache.commons.math.ode.MidpointStepInterpolator,class,3,5,3,0,6,0.0,0.0,4,0,2,0,2,0,4,0,0,0,1,1,0,1,0,0,1,0,0,18,1,1,0,0,1,0,5,5,7,4,1,0,0,0,137,0,0
/Users/pouriad/repos/Cling-application/projects/math/src/java/org/apache/commons/math/ode/GillStepInterpolator.java,org.apache.commons.math.ode.GillStepInterpolator,class,3,5,3,1,6,0.0,0.0,4,0,2,0,2,0,4,0,0,0,3,3,0,3,0,0,3,0,2,26,1,1,0,0,5,0,18,13,25,12,1,0,0,0,149,0,0
/Users/pouriad/repos/Cling-application/projects/math/src/java/org/apache/commons/math/ode/FirstOrderConverter.java,org.apache.commons.math.ode.FirstOrderConverter,class,3,3,1,3,3,1.0,1.0,3,0,3,0,0,0,3,0,0,0,5,0,0,5,0,0,0,0,4,24,1,0,0,0,0,0,7,5,1,5,0,0,0,0,136,1,0
/Users/pouriad/repos/Cling-application/projects/math/src/java/org/apache/commons/math/ode/IntegratorException.java,org.apache.commons.math.ode.IntegratorException,class,1,2,4,0,1,0.0,0.0,2,0,2,0,0,0,2,0,0,0,1,1,0,1,0,0,1,0,0,9,0,0,0,0,0,0,1,1,0,1,0,0,0,0,56,1,0
/Users/pouriad/repos/Cling-application/projects/math/src/java/org/apache/commons/math/ode/SecondOrderIntegrator.java,org.apache.commons.math.ode.SecondOrderIntegrator,interface,3,4,1,0,6,0.0,0.0,4,0,4,0,0,0,4,0,0,0,0,0,0,0,0,0,0,0,0,6,0,0,0,0,0,0,0,0,0,0,0,0,0,0,95,1,0
/Users/pouriad/repos/Cling-application/projects/math/src/java/org/apache/commons/math/ode/GraggBulirschStoerIntegrator.java,org.apache.commons.math.ode.GraggBulirschStoerIntegrator,class,11,143,2,38,91,0.31111112,0.8,14,0,10,4,0,0,10,0,0,0,20,1,0,20,0,0,1,0,39,510,3,32,10,0,76,1,221,214,155,105,10,0,0,0,495,1,0
/Users/pouriad/repos/Cling-application/projects/math/src/java/org/apache/commons/math/ode/FixedStepHandler.java,org.apache.commons.math.ode.FixedStepHandler,interface,1,1,1,0,0,NaN,NaN,1,0,1,0,0,0,1,0,0,0,0,0,0,0,0,0,0,0,0,3,0,0,0,0,0,0,0,0,0,0,0,0,0,0,89,1,0
/Users/pouriad/repos/Cling-application/projects/math/src/java/org/apache/commons/math/ode/EmbeddedRungeKuttaIntegrator.java,org.apache.commons.math.ode.EmbeddedRungeKuttaIntegrator,class,9,42,2,27,66,0.18181819,0.54545456,12,0,9,0,3,0,12,3,0,0,9,0,0,9,0,0,0,0,9,169,3,9,2,0,11,0,38,62,28,36,5,0,0,0,268,1025,0
/Users/pouriad/repos/Cling-application/projects/math/src/java/org/apache/commons/math/ode/DormandPrince853StepInterpolator.java,org.apache.commons.math.ode.DormandPrince853StepInterpolator,class,6,27,3,12,36,0.6944444,0.7777778,9,0,6,0,3,0,9,0,0,0,46,43,0,46,0,0,43,0,2,170,2,13,3,1,9,0,287,99,236,65,3,0,0,0,243,0,0
/Users/pouriad/repos/Cling-application/projects/math/src/java/org/apache/commons/math/ode/DummyStepInterpolator.java,org.apache.commons.math.ode.DummyStepInterpolator,class,4,8,2,5,21,0.0,0.0,7,0,4,0,3,0,7,0,0,0,1,1,0,1,0,0,1,0,1,30,1,0,0,1,0,0,3,2,0,2,1,0,0,0,151,1,0
/Users/pouriad/repos/Cling-application/projects/math/src/java/org/apache/commons/math/ode/ThreeEighthesIntegrator.java,org.apache.commons.math.ode.ThreeEighthesIntegrator,class,3,2,2,0,1,0.0,0.0,2,0,2,0,0,0,2,0,0,0,4,4,0,4,0,0,4,0,0,12,1,0,0,0,0,1,21,4,8,4,0,0,0,0,48,1,0
/Users/pouriad/repos/Cling-application/projects/math/src/java/org/apache/commons/math/ode/StepHandler.java,org.apache.commons.math.ode.StepHandler,interface,1,3,1,0,3,0.0,0.0,3,0,3,0,0,0,3,0,0,0,0,0,0,0,0,0,0,0,0,5,0,0,0,0,0,0,0,0,0,0,0,0,0,0,160,1,0
/Users/pouriad/repos/Cling-application/projects/math/src/java/org/apache/commons/math/ode/DummyStepHandler.java,org.apache.commons.math.ode.DummyStepHandler,class,3,5,1,0,10,0.0,0.0,5,1,4,1,0,0,4,0,0,0,2,2,0,2,0,0,1,0,0,16,2,0,0,0,0,0,1,2,0,2,0,0,0,0,127,1,0
/Users/pouriad/repos/Cling-application/projects/math/src/java/org/apache/commons/math/ode/ClassicalRungeKuttaIntegrator.java,org.apache.commons.math.ode.ClassicalRungeKuttaIntegrator,class,3,2,2,0,1,0.0,0.0,2,0,2,0,0,0,2,0,0,0,4,4,0,4,0,0,4,0,0,12,1,0,0,0,0,1,21,4,8,4,0,0,0,0,54,1,0
/Users/pouriad/repos/Cling-application/projects/math/src/java/org/apache/commons/math/ode/MidpointIntegrator.java,org.apache.commons.math.ode.MidpointIntegrator,class,3,2,2,0,1,0.0,0.0,2,0,2,0,0,0,2,0,0,0,4,4,0,4,0,0,4,0,0,12,1,0,0,0,0,1,6,4,2,4,0,0,0,0,47,1,0
/Users/pouriad/repos/Cling-application/projects/math/src/java/org/apache/commons/math/ode/RungeKuttaStepInterpolator.java,org.apache.commons.math.ode.RungeKuttaStepInterpolator,class,4,12,2,10,10,1.0,1.0,5,0,4,0,1,0,5,0,0,0,2,0,0,0,2,0,0,0,1,56,0,5,1,1,0,0,7,20,0,10,2,0,0,0,186,1024,0
/Users/pouriad/repos/Cling-application/projects/math/src/java/org/apache/commons/math/ode/StepInterpolator.java,org.apache.commons.math.ode.StepInterpolator,interface,2,7,1,0,21,0.0,0.0,7,0,7,0,0,0,7,0,0,0,0,0,0,0,0,0,0,0,0,9,0,0,0,0,0,0,0,0,0,0,0,0,0,0,160,1,0
/Users/pouriad/repos/Cling-application/projects/math/src/java/org/apache/commons/math/ode/DormandPrince54StepInterpolator.java,org.apache.commons.math.ode.DormandPrince54StepInterpolator,class,5,11,3,3,15,0.6666667,0.6666667,6,0,4,0,2,0,6,0,0,0,17,12,0,17,0,0,12,0,0,80,1,2,2,0,5,0,38,46,46,20,2,0,0,0,179,0,0
/Users/pouriad/repos/Cling-application/projects/math/src/java/org/apache/commons/math/ode/DormandPrince54Integrator.java,org.apache.commons.math.ode.DormandPrince54Integrator,class,3,7,3,3,8,0.1,0.1,5,0,4,0,1,0,5,0,0,0,10,10,0,10,0,0,10,0,4,35,3,1,1,0,3,1,84,17,54,16,1,0,0,0,152,1,0
/Users/pouriad/repos/Cling-application/projects/math/src/java/org/apache/commons/math/ode/SwitchingFunction.java,org.apache.commons.math.ode.SwitchingFunction,interface,1,3,1,0,1,0.33333334,0.33333334,3,0,3,0,0,0,3,0,0,0,4,4,4,0,0,0,4,0,0,9,0,0,0,0,0,0,4,4,0,4,0,0,0,0,238,1,0
/Users/pouriad/repos/Cling-application/projects/math/src/java/org/apache/commons/math/ode/GraggBulirschStoerStepInterpolator.java,org.apache.commons.math.ode.GraggBulirschStoerStepInterpolator,class,4,37,2,11,0,0.5555556,0.7777778,10,0,7,1,2,0,9,0,0,0,8,1,0,8,0,0,1,0,4,180,3,14,3,1,22,0,82,86,75,48,5,0,0,0,265,0,0
/Users/pouriad/repos/Cling-application/projects/math/src/java/org/apache/commons/math/ode/ClassicalRungeKuttaStepInterpolator.java,org.apache.commons.math.ode.ClassicalRungeKuttaStepInterpolator,class,3,5,3,0,6,0.0,0.0,4,0,2,0,2,0,4,0,0,0,1,1,0,1,0,0,1,0,0,21,1,1,0,0,7,0,14,8,21,7,1,0,0,0,141,0,0
/Users/pouriad/repos/Cling-application/projects/math/src/java/org/apache/commons/math/ode/AdaptiveStepsizeIntegrator.java,org.apache.commons.math.ode.AdaptiveStepsizeIntegrator,class,9,41,1,12,105,0.32380953,0.8666667,15,0,12,0,3,0,15,1,0,0,11,0,0,3,8,0,0,0,21,147,8,3,6,0,13,11,25,49,27,21,2,0,0,0,297,1025,0
/Users/pouriad/repos/Cling-application/projects/math/src/java/org/apache/commons/math/ode/EulerIntegrator.java,org.apache.commons.math.ode.EulerIntegrator,class,3,2,2,0,1,0.0,0.0,2,0,2,0,0,0,2,0,0,0,4,4,0,4,0,0,4,0,0,12,1,0,0,0,0,1,1,4,0,4,0,0,0,0,99,1,0
/Users/pouriad/repos/Cling-application/projects/math/src/java/org/apache/commons/math/ode/SecondOrderDifferentialEquations.java,org.apache.commons.math.ode.SecondOrderDifferentialEquations,interface,1,2,1,0,1,0.0,0.0,2,0,2,0,0,0,2,0,0,0,0,0,0,0,0,0,0,0,0,4,0,0,0,0,0,0,0,0,0,0,0,0,0,0,107,1,0
/Users/pouriad/repos/Cling-application/projects/math/src/java/org/apache/commons/math/ode/DormandPrince853Integrator.java,org.apache.commons.math.ode.DormandPrince853Integrator,class,3,8,3,3,8,0.1,0.1,5,0,4,0,1,0,5,0,0,0,20,20,0,20,0,0,20,0,31,53,3,1,1,0,29,1,277,33,178,30,1,0,0,0,200,1,0
/Users/pouriad/repos/Cling-application/projects/math/src/java/org/apache/commons/math/ode/ThreeEighthesStepInterpolator.java,org.apache.commons.math.ode.ThreeEighthesStepInterpolator,class,3,5,3,0,6,0.0,0.0,4,0,2,0,2,0,4,0,0,0,1,1,0,1,0,0,1,0,0,22,1,1,0,0,4,0,16,9,22,8,1,0,0,0,142,0,0
/Users/pouriad/repos/Cling-application/projects/math/src/java/org/apache/commons/math/ode/AbstractStepInterpolator.java,org.apache.commons.math.ode.AbstractStepInterpolator,class,3,26,1,13,52,0.37619048,0.5,21,0,12,0,9,0,21,4,1,0,8,0,0,2,6,0,0,0,1,134,7,2,1,1,1,0,4,54,4,12,1,0,0,0,353,1025,0
/Users/pouriad/repos/Cling-application/projects/math/src/java/org/apache/commons/math/ode/ContinuousOutputModel.java,org.apache.commons.math.ode.ContinuousOutputModel,class,5,36,1,24,55,0.6,0.8,11,0,10,1,0,0,10,0,0,0,6,1,0,6,0,0,1,0,7,167,15,3,4,1,21,4,36,53,46,34,3,0,0,0,317,1,0
/Users/pouriad/repos/Cling-application/projects/math/src/java/org/apache/commons/math/ode/FirstOrderDifferentialEquations.java,org.apache.commons.math.ode.FirstOrderDifferentialEquations,interface,1,2,1,0,1,0.0,0.0,2,0,2,0,0,0,2,0,0,0,0,0,0,0,0,0,0,0,0,4,0,0,0,0,0,0,0,0,0,0,0,0,0,0,104,1,0
/Users/pouriad/repos/Cling-application/projects/math/src/java/org/apache/commons/math/ode/SwitchingFunctionsHandler.java,org.apache.commons.math.ode.SwitchingFunctionsHandler,class,5,27,1,15,28,0.8214286,1.0,8,0,8,0,0,0,8,0,0,0,3,0,0,3,0,0,0,0,0,90,7,5,3,2,5,0,0,18,0,12,6,0,0,0,156,1,0
/Users/pouriad/repos/Cling-application/projects/math/src/java/org/apache/commons/math/ode/HighamHall54StepInterpolator.java,org.apache.commons.math.ode.HighamHall54StepInterpolator,class,3,5,3,0,6,0.0,0.0,4,0,2,0,2,0,4,0,0,0,1,1,0,1,0,0,1,0,0,23,1,1,0,0,15,0,44,9,63,8,1,0,0,0,121,0,0
/Users/pouriad/repos/Cling-application/projects/math/src/java/org/apache/commons/math/ode/FirstOrderIntegrator.java,org.apache.commons.math.ode.FirstOrderIntegrator,interface,4,7,1,0,21,0.0,0.0,7,0,7,0,0,0,7,0,0,0,0,0,0,0,0,0,0,0,0,9,0,0,0,0,0,0,0,0,0,0,0,0,0,0,162,1,0
/Users/pouriad/repos/Cling-application/projects/math/src/java/org/apache/commons/math/ode/RungeKuttaIntegrator.java,org.apache.commons.math.ode.RungeKuttaIntegrator,class,12,30,1,25,45,0.35714287,0.75,10,0,7,2,1,0,8,1,0,0,9,0,0,8,1,0,0,0,14,133,3,8,4,0,8,5,26,47,31,29,5,0,0,0,253,1025,0
/Users/pouriad/repos/Cling-application/projects/math/src/java/org/apache/commons/math/ode/DerivativeException.java,org.apache.commons.math.ode.DerivativeException,class,1,2,4,0,1,0.0,0.0,2,0,2,0,0,0,2,0,0,0,1,1,0,1,0,0,1,0,0,9,0,0,0,0,0,0,1,1,0,1,0,0,0,0,52,1,0
/Users/pouriad/repos/Cling-application/projects/math/src/java/org/apache/commons/math/stat/StatUtils.java,org.apache.commons.math.stat.StatUtils,class,14,32,1,11,287,0.06333333,0.07666667,26,25,25,1,0,0,25,0,0,0,10,10,0,10,0,0,0,0,1,109,25,2,2,0,5,2,9,22,12,18,1,0,0,0,167,17,0
/Users/pouriad/repos/Cling-application/projects/math/src/java/org/apache/commons/math/stat/inference/TestFactory.java,org.apache.commons.math.stat.inference.TestFactory,class,5,5,1,1,6,0.0,0.0,4,1,3,0,1,0,4,2,0,0,0,0,0,0,0,0,0,0,0,18,2,0,0,1,0,1,0,3,0,2,1,0,0,0,35,1025,0
/Users/pouriad/repos/Cling-application/projects/math/src/java/org/apache/commons/math/stat/inference/TestUtils.java,org.apache.commons.math.stat.inference.TestUtils,class,10,41,1,32,182,0.3402439,0.3402439,41,40,40,0,1,0,41,0,0,0,4,4,0,4,0,0,0,0,0,129,36,0,0,0,0,0,0,8,0,4,0,0,0,0,64,1,0
/Users/pouriad/repos/Cling-application/projects/math/src/java/org/apache/commons/math/stat/inference/TTest.java,org.apache.commons.math.stat.inference.TTest,interface,2,20,1,0,190,0.0,0.0,20,0,20,0,0,0,20,20,0,0,0,0,0,0,0,0,0,0,0,22,0,0,0,0,0,0,0,0,0,0,0,0,0,0,248,1,0
/Users/pouriad/repos/Cling-application/projects/math/src/java/org/apache/commons/math/stat/inference/ChiSquareTestImpl.java,org.apache.commons.math.stat.inference.ChiSquareTestImpl,class,8,64,1,17,141,0.07692308,0.07692308,18,0,12,5,1,0,13,0,0,0,1,0,0,1,0,0,0,0,3,197,18,13,7,0,25,13,57,58,36,36,3,0,0,0,169,1,0
/Users/pouriad/repos/Cling-application/projects/math/src/java/org/apache/commons/math/stat/inference/OneWayAnovaImpl.java,org.apache.commons.math.stat.inference.OneWayAnovaImpl$AnovaStats,innerclass,0,1,1,0,0,NaN,NaN,1,0,0,0,0,1,1,0,0,0,3,0,0,3,0,0,0,0,0,10,0,0,0,0,0,0,0,3,0,3,0,0,0,0,25,10,0
/Users/pouriad/repos/Cling-application/projects/math/src/java/org/apache/commons/math/stat/inference/OneWayAnovaImpl.java,org.apache.commons.math.stat.inference.OneWayAnovaImpl,class,9,14,1,11,10,0.0,0.0,5,0,4,1,0,0,4,0,0,0,0,0,0,0,0,0,0,0,0,76,4,3,0,1,3,4,12,26,14,24,2,0,1,0,134,1,0
/Users/pouriad/repos/Cling-application/projects/math/src/java/org/apache/commons/math/stat/inference/TestFactoryImpl.java,org.apache.commons.math.stat.inference.TestFactoryImpl,class,5,3,2,0,3,0.0,0.0,3,0,3,0,0,0,3,0,0,0,0,0,0,0,0,0,0,0,0,11,2,0,0,0,0,0,0,0,0,0,0,0,0,0,30,1,0
/Users/pouriad/repos/Cling-application/projects/math/src/java/org/apache/commons/math/stat/inference/UnknownDistributionChiSquareTest.java,org.apache.commons.math.stat.inference.UnknownDistributionChiSquareTest,interface,2,3,1,0,3,0.0,0.0,3,0,0,0,0,3,3,0,0,0,0,0,0,0,0,0,0,0,0,5,0,0,0,0,0,0,0,0,0,0,0,0,0,0,142,1,0
/Users/pouriad/repos/Cling-application/projects/math/src/java/org/apache/commons/math/stat/inference/TTestImpl.java,org.apache.commons.math.stat.inference.TTestImpl,class,9,84,1,28,453,0.012903226,0.012903226,31,0,23,0,8,0,31,0,0,0,1,0,0,1,0,0,0,0,40,166,28,0,22,0,69,19,41,10,51,9,1,0,0,0,258,1,0
/Users/pouriad/repos/Cling-application/projects/math/src/java/org/apache/commons/math/stat/inference/OneWayAnova.java,org.apache.commons.math.stat.inference.OneWayAnova,interface,0,3,1,0,3,0.0,0.0,3,0,3,0,0,0,3,0,0,0,0,0,0,0,0,0,0,0,0,5,0,0,0,0,0,0,0,0,0,0,0,0,0,0,103,1,0
/Users/pouriad/repos/Cling-application/projects/math/src/java/org/apache/commons/math/stat/inference/ChiSquareTest.java,org.apache.commons.math.stat.inference.ChiSquareTest,interface,2,6,1,0,15,0.0,0.0,6,0,0,0,0,6,6,0,0,0,0,0,0,0,0,0,0,0,0,8,0,0,0,0,0,0,0,0,0,0,0,0,0,0,134,1,0
/Users/pouriad/repos/Cling-application/projects/math/src/java/org/apache/commons/math/stat/descriptive/AbstractUnivariateStatistic.java,org.apache.commons.math.stat.descriptive.AbstractUnivariateStatistic,class,3,8,1,2,3,0.0,0.0,3,0,2,0,1,0,3,1,0,0,1,1,0,1,0,0,1,0,0,26,3,0,2,0,0,4,7,1,1,1,1,0,0,0,79,1025,0
/Users/pouriad/repos/Cling-application/projects/math/src/java/org/apache/commons/math/stat/descriptive/SummaryStatistics.java,org.apache.commons.math.stat.descriptive.SummaryStatistics,class,16,49,1,28,416,0.1277311,0.589916,36,2,35,1,0,0,35,0,0,0,19,1,0,9,10,0,1,0,18,222,29,0,6,1,5,13,16,46,17,26,2,0,0,0,208,1,0
/Users/pouriad/repos/Cling-application/projects/math/src/java/org/apache/commons/math/stat/descriptive/DescriptiveStatistics.java,org.apache.commons.math.stat.descriptive.DescriptiveStatistics,class,17,62,1,36,880,0.053535353,0.05858586,45,2,45,0,0,0,45,0,0,20,14,2,1,11,2,0,2,0,3,230,31,0,4,3,2,20,10,35,3,21,2,0,0,0,294,1,0
/Users/pouriad/repos/Cling-application/projects/math/src/java/org/apache/commons/math/stat/descriptive/MultivariateSummaryStatistics.java,org.apache.commons.math.stat.descriptive.MultivariateSummaryStatistics,class,15,49,1,36,410,0.21505377,0.8129032,36,0,31,5,0,0,31,0,0,0,11,1,0,11,0,0,1,0,21,218,24,6,3,0,1,27,26,43,21,24,2,0,0,0,248,1,0
/Users/pouriad/repos/Cling-application/projects/math/src/java/org/apache/commons/math/stat/descriptive/moment/SecondMoment.java,org.apache.commons.math.stat.descriptive.moment.SecondMoment,class,1,5,4,2,0,1.0,1.0,4,0,4,0,0,0,4,0,0,0,2,1,0,1,1,0,1,0,0,22,1,0,0,0,1,0,4,6,2,2,1,0,0,0,92,1,0
/Users/pouriad/repos/Cling-application/projects/math/src/java/org/apache/commons/math/stat/descriptive/moment/Mean.java,org.apache.commons.math.stat.descriptive.moment.Mean,class,5,11,3,5,0,0.47619048,0.47619048,7,0,7,0,0,0,7,0,0,0,3,1,0,1,2,0,1,0,0,42,4,1,0,0,2,0,2,11,5,8,2,0,0,0,164,1,0
/Users/pouriad/repos/Cling-application/projects/math/src/java/org/apache/commons/math/stat/descriptive/moment/FourthMoment.java,org.apache.commons.math.stat.descriptive.moment.FourthMoment,class,1,5,6,2,0,1.0,1.0,4,0,4,0,0,0,4,0,0,0,2,1,0,1,1,0,1,0,0,28,1,0,0,0,5,0,11,11,12,5,1,0,0,0,103,1,0
/Users/pouriad/repos/Cling-application/projects/math/src/java/org/apache/commons/math/stat/descriptive/moment/Variance.java,org.apache.commons.math.stat.descriptive.moment.Variance,class,7,28,3,8,11,0.3846154,0.6043956,14,0,14,0,0,0,14,0,0,0,4,1,0,2,2,0,1,0,0,107,10,1,5,0,7,1,17,30,15,13,3,0,0,0,232,1,0
/Users/pouriad/repos/Cling-application/projects/math/src/java/org/apache/commons/math/stat/descriptive/moment/Kurtosis.java,org.apache.commons.math.stat.descriptive.moment.Kurtosis,class,6,15,3,8,0,0.71428573,0.71428573,7,0,7,0,0,0,7,0,0,0,3,1,0,1,2,0,1,0,4,65,3,1,0,0,21,2,25,22,29,15,2,0,0,0,140,1,0
/Users/pouriad/repos/Cling-application/projects/math/src/java/org/apache/commons/math/stat/descriptive/moment/GeometricMean.java,org.apache.commons.math.stat.descriptive.moment.GeometricMean,class,6,12,3,8,0,1.0,1.0,10,0,9,1,0,0,9,0,0,0,2,1,0,2,0,0,1,0,2,42,5,0,0,0,0,1,3,4,2,2,1,0,0,0,136,1,0
/Users/pouriad/repos/Cling-application/projects/math/src/java/org/apache/commons/math/stat/descriptive/moment/StandardDeviation.java,org.apache.commons.math.stat.descriptive.moment.StandardDeviation,class,4,14,3,11,0,1.0,1.0,14,0,14,0,0,0,14,0,0,0,2,1,0,2,0,0,1,0,5,46,7,0,0,0,0,0,1,6,0,2,0,0,0,0,146,1,0
/Users/pouriad/repos/Cling-application/projects/math/src/java/org/apache/commons/math/stat/descriptive/moment/VectorialCovariance.java,org.apache.commons.math.stat.descriptive.moment.VectorialCovariance,class,4,12,1,2,0,1.0,1.0,5,0,5,0,0,0,5,0,0,0,5,1,0,5,0,0,1,0,2,51,2,4,1,0,5,0,16,21,11,16,3,0,0,0,73,1,0
/Users/pouriad/repos/Cling-application/projects/math/src/java/org/apache/commons/math/stat/descriptive/moment/ThirdMoment.java,org.apache.commons.math.stat.descriptive.moment.ThirdMoment,class,1,5,5,2,0,1.0,1.0,4,0,4,0,0,0,4,0,0,0,3,1,0,1,2,0,1,0,0,28,1,0,0,0,2,0,6,12,7,5,1,0,0,0,111,1,0
/Users/pouriad/repos/Cling-application/projects/math/src/java/org/apache/commons/math/stat/descriptive/moment/FirstMoment.java,org.apache.commons.math.stat.descriptive.moment.FirstMoment,class,1,6,3,0,0,0.9,1.0,5,0,5,0,0,0,5,0,0,0,5,1,0,1,4,0,1,0,0,35,2,0,1,0,0,0,5,14,2,6,1,0,0,0,109,1,0
/Users/pouriad/repos/Cling-application/projects/math/src/java/org/apache/commons/math/stat/descriptive/moment/Skewness.java,org.apache.commons.math.stat.descriptive.moment.Skewness,class,6,15,3,7,0,0.71428573,0.71428573,7,0,7,0,0,0,7,0,0,0,3,1,0,1,2,0,1,0,6,61,5,2,0,0,15,0,18,23,21,15,2,0,0,0,133,1,0
/Users/pouriad/repos/Cling-application/projects/math/src/java/org/apache/commons/math/stat/descriptive/moment/VectorialMean.java,org.apache.commons.math.stat.descriptive.moment.VectorialMean,class,3,9,1,3,0,1.0,1.0,4,0,4,0,0,0,4,0,0,0,2,1,0,2,0,0,1,0,0,28,2,3,2,0,1,0,7,8,0,6,1,0,0,0,47,1,0
/Users/pouriad/repos/Cling-application/projects/math/src/java/org/apache/commons/math/stat/descriptive/StatisticalSummaryValues.java,org.apache.commons.math.stat.descriptive.StatisticalSummaryValues,class,3,12,1,9,29,0.17777778,0.62222224,10,0,10,0,0,0,10,0,0,0,7,1,0,7,0,0,7,0,13,58,11,0,2,0,1,0,7,14,11,9,1,0,0,0,72,1,0
/Users/pouriad/repos/Cling-application/projects/math/src/java/org/apache/commons/math/stat/descriptive/StatisticalSummary.java,org.apache.commons.math.stat.descriptive.StatisticalSummary,interface,0,7,1,0,21,0.0,0.0,7,0,7,0,0,0,7,7,0,0,0,0,0,0,0,0,0,0,0,9,0,0,0,0,0,0,0,0,0,0,0,0,0,0,42,1,0
/Users/pouriad/repos/Cling-application/projects/math/src/java/org/apache/commons/math/stat/descriptive/StorelessUnivariateStatistic.java,org.apache.commons.math.stat.descriptive.StorelessUnivariateStatistic,interface,2,6,1,0,15,0.0,0.0,6,0,0,0,0,6,6,0,0,0,0,0,0,0,0,0,0,0,0,8,0,0,0,0,0,0,0,0,0,0,0,0,0,0,79,1,0
/Users/pouriad/repos/Cling-application/projects/math/src/java/org/apache/commons/math/stat/descriptive/StatisticalMultivariateSummary.java,org.apache.commons.math.stat.descriptive.StatisticalMultivariateSummary,interface,2,11,1,0,55,0.0,0.0,11,0,11,0,0,0,11,9,0,0,0,0,0,0,0,0,0,0,0,13,0,0,0,0,0,0,0,0,0,0,0,0,0,0,71,1,0
/Users/pouriad/repos/Cling-application/projects/math/src/java/org/apache/commons/math/stat/descriptive/DescriptiveStatisticsImpl.java,org.apache.commons.math.stat.descriptive.DescriptiveStatisticsImpl,class,1,3,2,1,3,0.0,0.0,3,0,3,0,0,0,3,0,0,0,1,1,0,1,0,0,1,0,0,12,0,0,0,0,0,0,1,1,0,1,0,0,0,0,36,1,0
/Users/pouriad/repos/Cling-application/projects/math/src/java/org/apache/commons/math/stat/descriptive/SynchronizedSummaryStatistics.java,org.apache.commons.math.stat.descriptive.SynchronizedSummaryStatistics,class,3,32,2,31,496,0.0,0.0,32,0,32,0,0,0,32,0,0,31,1,1,0,1,0,0,1,0,0,99,21,0,0,0,0,0,1,1,0,1,0,0,0,0,95,1,0
/Users/pouriad/repos/Cling-application/projects/math/src/java/org/apache/commons/math/stat/descriptive/SummaryStatisticsImpl.java,org.apache.commons.math.stat.descriptive.SummaryStatisticsImpl,class,1,2,2,1,1,0.0,0.0,2,0,2,0,0,0,2,0,0,0,1,1,0,1,0,0,1,0,0,9,0,0,0,0,0,0,1,1,0,1,0,0,0,0,28,1,0
/Users/pouriad/repos/Cling-application/projects/math/src/java/org/apache/commons/math/stat/descriptive/UnivariateStatistic.java,org.apache.commons.math.stat.descriptive.UnivariateStatistic,interface,1,2,1,0,1,0.0,0.0,2,0,0,0,0,2,2,0,0,0,0,0,0,0,0,0,0,0,0,4,0,0,0,0,0,0,0,0,0,0,0,0,0,0,43,1,0
/Users/pouriad/repos/Cling-application/projects/math/src/java/org/apache/commons/math/stat/descriptive/rank/Percentile.java,org.apache.commons.math.stat.descriptive.rank.Percentile,class,3,15,2,6,15,0.14285715,0.14285715,7,0,7,0,0,0,7,0,0,0,2,1,0,2,0,0,1,0,3,55,8,0,2,0,4,2,19,11,11,10,1,0,0,0,196,1,0
/Users/pouriad/repos/Cling-application/projects/math/src/java/org/apache/commons/math/stat/descriptive/rank/Max.java,org.apache.commons.math.stat.descriptive.rank.Max,class,3,12,3,2,0,0.6,0.6666667,6,0,6,0,0,0,6,0,0,0,3,1,0,3,0,0,1,0,2,37,3,1,0,0,1,0,3,10,1,5,3,0,0,0,101,1,0
/Users/pouriad/repos/Cling-application/projects/math/src/java/org/apache/commons/math/stat/descriptive/rank/Min.java,org.apache.commons.math.stat.descriptive.rank.Min,class,3,12,3,2,0,0.6,0.6666667,6,0,6,0,0,0,6,0,0,0,3,1,0,3,0,0,1,0,2,37,3,1,0,0,1,0,3,10,1,5,3,0,0,0,101,1,0
/Users/pouriad/repos/Cling-application/projects/math/src/java/org/apache/commons/math/stat/descriptive/rank/Median.java,org.apache.commons.math.stat.descriptive.rank.Median,class,1,1,3,0,0,NaN,NaN,1,0,1,0,0,0,1,0,0,0,1,1,0,1,0,0,1,0,0,6,0,0,0,0,0,0,2,1,0,1,0,0,0,0,51,1,0
/Users/pouriad/repos/Cling-application/projects/math/src/java/org/apache/commons/math/stat/descriptive/SynchronizedDescriptiveStatistics.java,org.apache.commons.math.stat.descriptive.SynchronizedDescriptiveStatistics,class,3,12,2,10,66,0.0,0.0,12,0,12,0,0,0,12,0,0,10,1,1,0,1,0,0,1,0,0,39,7,0,0,0,0,0,1,1,0,1,0,0,0,0,117,1,0
/Users/pouriad/repos/Cling-application/projects/math/src/java/org/apache/commons/math/stat/descriptive/SynchronizedMultivariateSummaryStatistics.java,org.apache.commons.math.stat.descriptive.SynchronizedMultivariateSummaryStatistics,class,4,31,2,30,465,0.0,0.0,31,0,31,0,0,0,31,0,0,30,1,1,0,1,0,0,1,0,0,96,21,0,0,0,0,0,1,1,0,1,0,0,0,0,109,1,0
/Users/pouriad/repos/Cling-application/projects/math/src/java/org/apache/commons/math/stat/descriptive/summary/SumOfSquares.java,org.apache.commons.math.stat.descriptive.summary.SumOfSquares,class,3,9,3,1,0,0.6,0.6666667,6,0,6,0,0,0,6,0,0,0,3,1,0,3,0,0,1,0,0,38,3,1,1,0,0,0,5,11,4,5,2,0,0,0,93,1,0
/Users/pouriad/repos/Cling-application/projects/math/src/java/org/apache/commons/math/stat/descriptive/summary/Product.java,org.apache.commons.math.stat.descriptive.summary.Product,class,3,9,3,1,0,0.6,0.6666667,6,0,6,0,0,0,6,0,0,0,3,1,0,3,0,0,1,0,0,38,3,1,1,0,0,0,5,11,1,5,2,0,0,0,92,1,0
/Users/pouriad/repos/Cling-application/projects/math/src/java/org/apache/commons/math/stat/descriptive/summary/Sum.java,org.apache.commons.math.stat.descriptive.summary.Sum,class,3,9,3,1,0,0.6,0.6666667,6,0,6,0,0,0,6,0,0,0,3,1,0,3,0,0,1,0,0,38,3,1,1,0,0,0,5,11,1,5,2,0,0,0,89,1,0
/Users/pouriad/repos/Cling-application/projects/math/src/java/org/apache/commons/math/stat/descriptive/summary/SumOfLogs.java,org.apache.commons.math.stat.descriptive.summary.SumOfLogs,class,3,9,3,2,0,0.6666667,0.6666667,6,0,6,0,0,0,6,0,0,0,3,1,0,3,0,0,1,0,2,38,4,1,0,0,0,0,7,10,1,5,2,0,0,0,110,1,0
/Users/pouriad/repos/Cling-application/projects/math/src/java/org/apache/commons/math/stat/descriptive/AbstractStorelessUnivariateStatistic.java,org.apache.commons.math.stat.descriptive.AbstractStorelessUnivariateStatistic,class,5,16,2,9,36,0.0,0.0,9,0,9,0,0,0,9,3,0,0,1,1,0,1,0,0,1,0,4,46,6,1,4,0,2,2,5,4,4,4,2,0,0,0,112,1025,0
/Users/pouriad/repos/Cling-application/projects/math/src/java/org/apache/commons/math/stat/regression/SimpleRegression.java,org.apache.commons.math.stat.regression.SimpleRegression,class,6,34,1,17,139,0.20476191,0.31428573,23,0,21,2,0,0,21,0,0,0,10,1,0,10,0,0,1,0,6,132,21,1,1,0,13,0,44,33,44,17,1,0,0,0,281,1,0
/Users/pouriad/repos/Cling-application/projects/math/src/java/org/apache/commons/math/stat/Frequency.java,org.apache.commons.math.stat.Frequency$NaturalComparator,innerclass,0,1,1,1,0,NaN,NaN,1,0,1,0,0,0,1,0,0,0,1,1,0,1,0,0,1,0,0,6,1,0,0,0,1,0,1,1,0,1,0,0,0,0,54,10,0
/Users/pouriad/repos/Cling-application/projects/math/src/java/org/apache/commons/math/stat/Frequency.java,org.apache.commons.math.stat.Frequency,class,2,46,1,31,279,0.102564104,0.102564104,27,0,27,0,0,0,27,0,0,0,2,1,0,2,0,0,1,0,1,180,28,3,7,3,4,2,14,25,3,17,2,0,1,0,142,1,0
/Users/pouriad/repos/Cling-application/projects/math/src/java/org/apache/commons/math/estimation/EstimationProblem.java,org.apache.commons.math.estimation.EstimationProblem,interface,2,3,1,0,3,0.0,0.0,3,0,3,0,0,0,3,0,0,0,0,0,0,0,0,0,0,0,0,5,0,0,0,0,0,0,0,0,0,0,0,0,0,0,69,1,0
/Users/pouriad/repos/Cling-application/projects/math/src/java/org/apache/commons/math/estimation/EstimationException.java,org.apache.commons.math.estimation.EstimationException,class,1,1,4,0,0,NaN,NaN,1,0,1,0,0,0,1,0,0,0,1,1,0,1,0,0,1,0,0,6,0,0,0,0,0,0,1,1,0,1,0,0,0,0,38,1,0
/Users/pouriad/repos/Cling-application/projects/math/src/java/org/apache/commons/math/estimation/GaussNewtonEstimator.java,org.apache.commons.math.estimation.GaussNewtonEstimator,class,8,12,2,16,1,1.0,1.0,2,0,2,0,0,0,2,0,0,0,3,1,0,3,0,0,1,0,2,55,0,6,0,1,4,1,12,27,5,21,5,0,0,0,194,1,0
/Users/pouriad/repos/Cling-application/projects/math/src/java/org/apache/commons/math/estimation/AbstractEstimator.java,org.apache.commons.math.estimation.AbstractEstimator,class,9,25,1,13,78,0.14102565,0.35897437,13,0,8,0,5,0,13,1,4,0,10,0,0,3,7,0,0,0,7,117,6,9,0,1,1,3,18,54,15,41,3,0,0,0,186,1025,0
/Users/pouriad/repos/Cling-application/projects/math/src/java/org/apache/commons/math/estimation/WeightedMeasurement.java,org.apache.commons.math.estimation.WeightedMeasurement,class,2,9,1,1,36,0.3611111,0.5833333,9,0,9,0,0,0,9,2,0,0,3,0,0,3,0,0,2,0,0,32,4,0,0,0,0,0,0,7,1,3,0,0,0,0,126,1025,0
/Users/pouriad/repos/Cling-application/projects/math/src/java/org/apache/commons/math/estimation/SimpleEstimationProblem.java,org.apache.commons.math.estimation.SimpleEstimationProblem,class,3,8,1,7,15,0.6,1.0,6,0,4,0,2,0,6,0,0,0,2,0,0,2,0,0,2,0,0,30,3,1,0,0,0,0,0,5,0,5,2,0,0,0,92,1,0
/Users/pouriad/repos/Cling-application/projects/math/src/java/org/apache/commons/math/estimation/EstimatedParameter.java,org.apache.commons.math.estimation.EstimatedParameter,class,1,8,1,0,28,0.71428573,1.0,8,0,8,0,0,0,8,0,0,0,4,1,0,3,1,0,1,0,0,36,3,0,0,0,0,0,1,12,0,4,0,0,0,0,79,1,0
/Users/pouriad/repos/Cling-application/projects/math/src/java/org/apache/commons/math/estimation/Estimator.java,org.apache.commons.math.estimation.Estimator,interface,2,4,1,0,6,0.0,0.0,4,0,4,0,0,0,4,0,0,0,0,0,0,0,0,0,0,0,0,6,0,0,0,0,0,0,0,0,0,0,0,0,0,0,99,1,0
/Users/pouriad/repos/Cling-application/projects/math/src/java/org/apache/commons/math/estimation/LevenbergMarquardtEstimator.java,org.apache.commons.math.estimation.LevenbergMarquardtEstimator,class,7,109,2,22,45,0.26666668,0.6666667,10,0,6,4,0,0,6,0,0,0,13,1,0,13,0,0,1,0,33,443,5,51,16,0,34,9,137,282,144,163,5,0,0,0,445,1,0
/Users/pouriad/repos/Cling-application/projects/math/src/java/org/apache/commons/math/FunctionEvaluationException.java,org.apache.commons.math.FunctionEvaluationException,class,1,7,4,0,0,1.0,1.0,7,0,7,0,0,0,7,0,0,0,2,1,0,2,0,0,1,0,0,31,1,0,0,0,0,1,1,8,0,2,0,0,0,0,73,1,0
/Users/pouriad/repos/Cling-application/projects/math/src/java/org/apache/commons/math/DimensionMismatchException.java,org.apache.commons.math.DimensionMismatchException,class,1,3,4,0,3,0.6666667,1.0,3,0,3,0,0,0,3,0,0,0,3,1,0,3,0,0,1,0,0,16,2,0,0,0,0,1,1,3,0,3,0,0,0,0,38,1,0
/Users/pouriad/repos/Cling-application/projects/math/src/java/org/apache/commons/math/geometry/RotationOrder.java,org.apache.commons.math.geometry.RotationOrder,class,2,5,1,0,10,0.0,0.0,5,0,4,1,0,0,4,0,0,0,16,12,12,4,0,0,16,0,0,36,4,0,0,0,0,12,0,16,0,16,0,0,0,0,71,17,0
/Users/pouriad/repos/Cling-application/projects/math/src/java/org/apache/commons/math/geometry/Rotation.java,org.apache.commons.math.geometry.Rotation,class,6,82,1,23,210,0.8684211,0.9,21,0,20,1,0,0,20,0,0,0,5,1,0,5,0,0,5,0,69,435,30,1,25,0,119,9,336,246,529,153,3,0,0,0,543,1,0
/Users/pouriad/repos/Cling-application/projects/math/src/java/org/apache/commons/math/geometry/CardanEulerSingularityException.java,org.apache.commons.math.geometry.CardanEulerSingularityException,class,1,2,4,0,0,NaN,NaN,1,0,1,0,0,0,1,0,0,0,1,1,0,1,0,0,1,0,0,6,0,0,0,0,0,2,2,1,0,1,0,0,0,0,37,1,0
/Users/pouriad/repos/Cling-application/projects/math/src/java/org/apache/commons/math/geometry/NotARotationMatrixException.java,org.apache.commons.math.geometry.NotARotationMatrixException,class,1,1,4,0,0,NaN,NaN,1,0,1,0,0,0,1,0,0,0,1,1,0,1,0,0,1,0,0,6,0,0,0,0,0,0,1,1,0,1,0,0,0,0,44,1,0
/Users/pouriad/repos/Cling-application/projects/math/src/java/org/apache/commons/math/geometry/Vector3D.java,org.apache.commons.math.geometry.Vector3D,class,1,34,1,10,276,0.6630435,0.6884058,24,3,24,0,0,0,24,0,0,0,11,8,7,4,0,0,11,0,15,130,21,0,3,0,6,3,38,39,117,21,2,0,0,0,188,1,0
/Users/pouriad/repos/Cling-application/projects/math/src/java/org/apache/commons/math/random/NormalizedRandomGenerator.java,org.apache.commons.math.random.NormalizedRandomGenerator,interface,0,1,1,0,0,NaN,NaN,1,0,1,0,0,0,1,0,0,0,0,0,0,0,0,0,0,0,0,3,0,0,0,0,0,0,0,0,0,0,0,0,0,0,41,1,0
/Users/pouriad/repos/Cling-application/projects/math/src/java/org/apache/commons/math/random/GaussianRandomGenerator.java,org.apache.commons.math.random.GaussianRandomGenerator,class,2,2,1,1,1,1.0,1.0,2,0,2,0,0,0,2,0,0,0,1,0,0,1,0,0,0,0,0,9,1,0,0,0,0,0,0,1,0,1,0,0,0,0,32,1,0
/Users/pouriad/repos/Cling-application/projects/math/src/java/org/apache/commons/math/random/RandomGenerator.java,org.apache.commons.math.random.RandomGenerator,interface,1,9,1,0,36,0.0,0.0,9,0,0,0,0,9,9,0,0,0,0,0,0,0,0,0,0,0,0,11,0,0,0,0,0,0,0,0,0,0,0,0,0,0,88,1,0
/Users/pouriad/repos/Cling-application/projects/math/src/java/org/apache/commons/math/random/CorrelatedRandomVectorGenerator.java,org.apache.commons.math.random.CorrelatedRandomVectorGenerator,class,9,24,1,9,21,0.6666667,1.0,7,0,6,1,0,0,6,0,0,0,5,0,0,5,0,0,0,0,2,110,4,11,3,0,0,0,15,53,9,34,4,0,0,0,227,1,0
/Users/pouriad/repos/Cling-application/projects/math/src/java/org/apache/commons/math/random/UniformRandomGenerator.java,org.apache.commons.math.random.UniformRandomGenerator,class,2,2,1,2,1,1.0,1.0,2,0,2,0,0,0,2,0,0,0,2,1,0,2,0,0,1,0,1,10,1,0,0,0,1,0,3,2,3,2,0,0,0,0,54,1,0
/Users/pouriad/repos/Cling-application/projects/math/src/java/org/apache/commons/math/random/UncorrelatedRandomVectorGenerator.java,org.apache.commons.math.random.UncorrelatedRandomVectorGenerator,class,3,5,1,3,3,1.0,1.0,3,0,3,0,0,0,3,0,0,0,3,0,0,3,0,0,0,0,1,26,1,1,1,0,0,1,2,9,2,5,1,0,0,0,61,1,0
/Users/pouriad/repos/Cling-application/projects/math/src/java/org/apache/commons/math/random/ValueServer.java,org.apache.commons.math.random.ValueServer,class,7,40,1,23,156,0.1754386,0.61403507,24,0,19,5,0,0,19,0,0,0,13,6,6,7,0,0,6,0,1,137,17,2,7,1,4,4,14,34,3,17,2,0,0,0,210,1,0
/Users/pouriad/repos/Cling-application/projects/math/src/java/org/apache/commons/math/random/RandomData.java,org.apache.commons.math.random.RandomData,interface,1,12,1,0,66,0.0,0.0,12,0,0,0,0,12,12,0,0,0,0,0,0,0,0,0,0,0,0,14,0,0,0,0,0,0,0,0,0,0,0,0,0,0,158,1,0
/Users/pouriad/repos/Cling-application/projects/math/src/java/org/apache/commons/math/random/RandomVectorGenerator.java,org.apache.commons.math.random.RandomVectorGenerator,interface,1,1,1,0,0,NaN,NaN,1,0,1,0,0,0,1,0,0,0,0,0,0,0,0,0,0,0,0,3,0,0,0,0,0,0,0,0,0,0,0,0,0,0,16,1,0
/Users/pouriad/repos/Cling-application/projects/math/src/java/org/apache/commons/math/random/AbstractRandomGenerator.java,org.apache.commons.math.random.AbstractRandomGenerator,class,3,21,1,5,53,0.018181818,0.018181818,11,0,11,0,0,0,11,2,0,0,1,0,0,1,0,0,0,0,3,65,8,3,2,0,3,1,18,18,16,9,3,0,0,0,175,1025,0
/Users/pouriad/repos/Cling-application/projects/math/src/java/org/apache/commons/math/random/JDKRandomGenerator.java,org.apache.commons.math.random.JDKRandomGenerator,class,1,0,2,0,0,-1.0,-1.0,0,0,0,0,0,0,0,0,0,0,1,1,0,1,0,0,1,0,0,3,0,0,0,0,0,0,1,1,0,1,0,0,0,0,19,1,0
/Users/pouriad/repos/Cling-application/projects/math/src/java/org/apache/commons/math/random/RandomAdaptor.java,org.apache.commons.math.random.RandomAdaptor,class,3,13,2,9,0,1.0,1.0,12,1,11,1,0,0,11,0,0,0,2,1,0,2,0,0,1,0,0,41,8,0,1,0,0,0,1,3,0,2,1,0,0,0,105,1,0
/Users/pouriad/repos/Cling-application/projects/math/src/java/org/apache/commons/math/random/EmpiricalDistributionImpl.java,org.apache.commons.math.random.EmpiricalDistributionImpl$StreamDataAdapter,innerclass,3,5,2,7,0,1.0,1.0,3,0,3,0,0,0,3,0,0,0,1,0,0,1,0,0,0,0,1,29,0,2,2,0,2,0,2,13,0,6,1,0,0,0,48,2,0
/Users/pouriad/repos/Cling-application/projects/math/src/java/org/apache/commons/math/random/EmpiricalDistributionImpl.java,org.apache.commons.math.random.EmpiricalDistributionImpl,class,11,32,3,23,14,0.36363637,1.0,13,0,11,2,0,0,11,0,0,0,7,1,0,7,0,0,1,0,5,223,8,4,3,8,7,4,24,42,18,27,4,0,4,0,213,1,0
/Users/pouriad/repos/Cling-application/projects/math/src/java/org/apache/commons/math/random/EmpiricalDistributionImpl.java,org.apache.commons.math.random.EmpiricalDistributionImpl$DataAdapter,innerclass,0,2,1,0,1,0.0,0.0,2,0,2,0,0,0,2,2,0,0,0,0,0,0,0,0,0,0,0,4,0,0,0,0,0,0,0,0,0,0,0,0,0,0,28,1026,0
/Users/pouriad/repos/Cling-application/projects/math/src/java/org/apache/commons/math/random/EmpiricalDistributionImpl.java,org.apache.commons.math.random.EmpiricalDistributionImpl$DataAdapterFactory,innerclass,4,3,1,0,0,NaN,NaN,1,0,1,0,0,0,1,0,0,0,0,0,0,0,0,0,0,0,0,15,2,0,0,0,0,2,0,2,1,2,1,0,0,0,36,2,0
/Users/pouriad/repos/Cling-application/projects/math/src/java/org/apache/commons/math/random/EmpiricalDistributionImpl.java,org.apache.commons.math.random.EmpiricalDistributionImpl$ArrayDataAdapter,innerclass,4,5,2,3,0,1.0,1.0,3,0,3,0,0,0,3,0,0,0,1,0,0,1,0,0,0,0,0,19,0,2,0,0,0,0,2,5,0,4,1,0,0,0,40,2,0
/Users/pouriad/repos/Cling-application/projects/math/src/java/org/apache/commons/math/random/RandomDataImpl.java,org.apache.commons.math.random.RandomDataImpl,class,6,58,1,29,151,0.03508772,0.03508772,23,0,19,4,0,0,19,0,0,0,3,1,0,3,0,0,1,0,10,233,17,10,12,1,15,17,42,70,36,48,3,0,0,0,348,1,0
/Users/pouriad/repos/Cling-application/projects/math/src/java/org/apache/commons/math/random/EmpiricalDistribution.java,org.apache.commons.math.random.EmpiricalDistribution,interface,2,9,1,0,36,0.0,0.0,9,0,0,0,0,9,9,0,0,0,0,0,0,0,0,0,0,0,0,11,0,0,0,0,0,0,0,0,0,0,0,0,0,0,138,1,0
/Users/pouriad/repos/Cling-application/projects/math/src/java/org/apache/commons/math/random/NotPositiveDefiniteMatrixException.java,org.apache.commons.math.random.NotPositiveDefiniteMatrixException,class,1,1,4,0,0,NaN,NaN,1,0,1,0,0,0,1,0,0,0,1,1,0,1,0,0,1,0,0,6,0,0,0,0,0,1,2,1,0,1,0,0,0,0,33,1,0
/Users/pouriad/repos/Cling-application/projects/math/src/java/org/apache/commons/math/fraction/Fraction.java,org.apache.commons.math.fraction.Fraction,class,3,69,2,22,103,0.20476191,0.21428572,23,1,21,2,0,0,21,0,0,0,5,3,2,3,0,0,5,0,25,245,24,1,25,1,10,10,46,72,22,39,2,0,0,0,246,1,0
/Users/pouriad/repos/Cling-application/projects/math/src/java/org/apache/commons/math/fraction/FractionFormat.java,org.apache.commons.math.fraction.FractionFormat,class,3,36,2,34,219,0.028571429,0.04761905,22,10,18,1,3,0,21,0,0,0,3,1,0,3,0,0,1,0,17,149,20,1,5,1,1,7,10,23,2,18,2,0,0,0,156,1,0
/Users/pouriad/repos/Cling-application/projects/math/src/java/org/apache/commons/math/fraction/ProperFractionFormat.java,org.apache.commons.math.fraction.ProperFractionFormat,class,4,17,3,23,15,0.14285715,0.14285715,7,0,7,0,0,0,7,0,0,0,2,1,0,2,0,0,1,0,8,89,11,0,6,0,2,2,8,17,5,15,1,0,0,0,115,1,0
/Users/pouriad/repos/Cling-application/projects/math/src/java/org/apache/commons/math/fraction/FractionConversionException.java,org.apache.commons.math.fraction.FractionConversionException,class,1,2,5,0,1,0.0,0.0,2,0,2,0,0,0,2,0,0,0,1,1,0,1,0,0,1,0,0,9,0,0,0,0,0,2,1,1,0,1,0,0,0,0,54,1,0
/Users/pouriad/repos/Cling-application/projects/math/src/java/org/apache/commons/math/transform/FastSineTransformer.java,org.apache.commons.math.transform.FastSineTransformer,class,5,14,1,11,45,0.0,0.0,10,0,9,0,1,0,10,0,0,0,1,1,0,0,0,1,1,0,11,70,10,2,2,0,4,1,37,29,28,17,1,0,0,0,127,1,0
/Users/pouriad/repos/Cling-application/projects/math/src/java/org/apache/commons/math/transform/FastFourierTransformer.java,org.apache.commons.math.transform.FastFourierTransformer,class,4,53,1,20,247,0.011857707,0.011857707,23,7,20,0,3,0,23,0,0,0,3,1,0,2,0,1,1,0,30,201,23,13,7,0,8,7,88,84,62,49,3,0,0,0,218,1,0
/Users/pouriad/repos/Cling-application/projects/math/src/java/org/apache/commons/math/transform/FastCosineTransformer.java,org.apache.commons.math.transform.FastCosineTransformer,class,5,14,1,12,45,0.0,0.0,10,0,9,0,1,0,10,0,0,0,1,1,0,0,0,1,1,0,12,71,10,2,1,0,13,1,40,31,45,19,1,0,0,0,132,1,0
/Users/pouriad/repos/Cling-application/projects/math/src/java/org/apache/commons/math/MathConfigurationException.java,org.apache.commons.math.MathConfigurationException,class,1,6,4,0,15,0.0,0.0,6,0,6,0,0,0,6,0,0,0,1,1,0,1,0,0,1,0,0,21,0,0,0,0,0,0,1,1,0,1,0,0,0,0,56,1,0
/Users/pouriad/repos/Cling-application/projects/math/src/java/org/apache/commons/math/MathException.java,org.apache.commons.math.MathException,class,1,25,3,18,0,0.52747256,0.6043956,15,2,13,2,0,0,14,0,0,0,6,3,0,6,0,0,5,0,5,104,7,0,5,2,4,3,6,27,0,9,2,0,0,0,132,1,0
/Users/pouriad/repos/Cling-application/projects/math/src/java/org/apache/commons/math/ConvergenceException.java,org.apache.commons.math.ConvergenceException,class,1,6,4,0,15,0.0,0.0,6,0,6,0,0,0,6,0,0,0,1,1,0,1,0,0,1,0,0,21,0,0,0,0,0,1,2,1,0,1,0,0,0,0,66,1,0
/Users/pouriad/repos/Cling-application/projects/math/src/site/resources/userguide/TrajectoryDeterminationProblem.java,TrajectoryDeterminationProblem,class,8,13,4,12,45,0.24444444,0.46666667,10,1,10,0,0,0,10,0,0,0,5,0,0,5,0,0,0,0,0,124,6,2,0,1,2,8,109,11,8,11,2,0,2,0,39,1,0
/Users/pouriad/repos/Cling-application/projects/math/src/site/resources/userguide/TrajectoryDeterminationProblem.java,TrajectoryDeterminationProblem$DistanceMeasurement,innerclass,3,6,2,3,3,1.0,1.0,3,0,3,0,0,0,3,0,0,0,2,1,0,2,0,0,2,0,2,30,5,0,3,0,0,0,1,7,12,7,1,0,0,0,27,2,0
/Users/pouriad/repos/Cling-application/projects/math/src/site/resources/userguide/TrajectoryDeterminationProblem.java,TrajectoryDeterminationProblem$AngularMeasurement,innerclass,3,6,2,4,3,1.0,1.0,3,0,3,0,0,0,3,0,0,0,2,1,0,2,0,0,2,0,2,30,5,0,3,0,2,0,3,7,14,7,1,0,0,0,29,2,0
/Users/pouriad/repos/Cling-application/projects/math/src/mantissa/tests-src/org/spaceroots/mantissa/AllTests.java,org.spaceroots.mantissa.AllTests,class,9,1,1,8,0,NaN,NaN,1,1,1,0,0,0,1,0,0,0,0,0,0,0,0,0,0,0,7,13,1,0,0,0,0,1,0,1,0,1,0,0,0,0,5,1,0
/Users/pouriad/repos/Cling-application/projects/math/src/mantissa/tests-src/org/spaceroots/mantissa/roots/AllTests.java,org.spaceroots.mantissa.roots.AllTests,class,3,1,1,2,0,NaN,NaN,1,1,1,0,0,0,1,0,0,0,0,0,0,0,0,0,0,0,1,7,1,0,0,0,0,1,0,1,0,1,0,0,0,0,5,1,0
/Users/pouriad/repos/Cling-application/projects/math/src/mantissa/tests-src/org/spaceroots/mantissa/roots/TestProblem.java,org.spaceroots.mantissa.roots.TestProblem$APSProblem19,innerclass,1,2,2,1,0,1.0,1.0,2,0,2,0,0,0,2,0,0,0,2,1,0,2,0,0,1,0,2,11,1,0,0,0,0,0,4,2,5,2,0,0,0,0,19,10,0
/Users/pouriad/repos/Cling-application/projects/math/src/mantissa/tests-src/org/spaceroots/mantissa/roots/TestProblem.java,org.spaceroots.mantissa.roots.TestProblem$APSProblem18,innerclass,1,2,2,1,1,0.0,0.0,2,0,2,0,0,0,2,0,0,0,1,1,0,1,0,0,1,0,1,9,1,0,0,0,0,0,2,1,1,1,0,0,0,0,18,10,0
/Users/pouriad/repos/Cling-application/projects/math/src/mantissa/tests-src/org/spaceroots/mantissa/roots/TestProblem.java,org.spaceroots.mantissa.roots.TestProblem$APSProblem28,innerclass,1,4,2,1,0,1.0,1.0,2,0,2,0,0,0,2,0,0,0,4,2,0,4,0,0,2,0,2,22,3,0,0,0,2,0,10,4,7,4,1,0,0,0,23,10,0
/Users/pouriad/repos/Cling-application/projects/math/src/mantissa/tests-src/org/spaceroots/mantissa/roots/TestProblem.java,org.spaceroots.mantissa.roots.TestProblem$APSProblems15To17,innerclass,1,2,2,1,0,1.0,1.0,2,0,2,0,0,0,2,0,0,0,3,1,0,3,0,0,1,0,1,13,1,0,0,0,0,0,1,3,1,3,0,0,0,0,21,10,0
/Users/pouriad/repos/Cling-application/projects/math/src/mantissa/tests-src/org/spaceroots/mantissa/roots/TestProblem.java,org.spaceroots.mantissa.roots.TestProblem$APSProblem23,innerclass,1,2,2,2,0,1.0,1.0,2,0,2,0,0,0,2,0,0,0,2,1,0,2,0,0,1,0,2,11,1,0,0,0,1,0,2,2,4,2,0,0,0,0,19,10,0
/Users/pouriad/repos/Cling-application/projects/math/src/mantissa/tests-src/org/spaceroots/mantissa/roots/TestProblem.java,org.spaceroots.mantissa.roots.TestProblem,class,19,20,16,4,5,0.33333334,0.6666667,6,1,5,0,1,0,6,0,0,0,3,0,0,3,0,0,0,0,1,288,5,13,0,0,2,0,284,38,10,38,1,0,15,0,72,1025,0
/Users/pouriad/repos/Cling-application/projects/math/src/mantissa/tests-src/org/spaceroots/mantissa/roots/TestProblem.java,org.spaceroots.mantissa.roots.TestProblem$APSProblem22,innerclass,1,2,2,0,0,1.0,1.0,2,0,2,0,0,0,2,0,0,0,3,1,0,3,0,0,1,0,0,17,1,0,0,0,0,0,4,7,10,7,0,0,0,0,26,10,0
/Users/pouriad/repos/Cling-application/projects/math/src/mantissa/tests-src/org/spaceroots/mantissa/roots/TestProblem.java,org.spaceroots.mantissa.roots.TestProblem$APSProblem21,innerclass,1,2,2,1,0,1.0,1.0,2,0,2,0,0,0,2,0,0,0,2,1,0,2,0,0,1,0,1,11,1,0,0,0,0,0,2,2,3,2,0,0,0,0,19,10,0
/Users/pouriad/repos/Cling-application/projects/math/src/mantissa/tests-src/org/spaceroots/mantissa/roots/TestProblem.java,org.spaceroots.mantissa.roots.TestProblem$APSProblem20,innerclass,1,2,2,0,0,1.0,1.0,2,0,2,0,0,0,2,0,0,0,3,1,0,3,0,0,1,0,0,15,1,0,0,0,0,0,4,5,8,5,0,0,0,0,24,10,0
/Users/pouriad/repos/Cling-application/projects/math/src/mantissa/tests-src/org/spaceroots/mantissa/roots/TestProblem.java,org.spaceroots.mantissa.roots.TestProblem$APSProblem27,innerclass,1,3,2,1,0,1.0,1.0,2,0,2,0,0,0,2,0,0,0,2,1,0,2,0,0,1,0,1,14,2,0,0,0,1,0,5,2,5,2,1,0,0,0,20,10,0
/Users/pouriad/repos/Cling-application/projects/math/src/mantissa/tests-src/org/spaceroots/mantissa/roots/TestProblem.java,org.spaceroots.mantissa.roots.TestProblem$APSProblem26,innerclass,1,5,2,2,3,0.0,0.0,3,0,3,0,0,0,3,0,0,0,1,1,0,1,0,0,1,0,2,15,3,0,1,0,1,0,5,1,3,1,1,0,0,0,22,10,0
/Users/pouriad/repos/Cling-application/projects/math/src/mantissa/tests-src/org/spaceroots/mantissa/roots/TestProblem.java,org.spaceroots.mantissa.roots.TestProblem$APSProblems12To14,innerclass,1,2,2,1,0,1.0,1.0,2,0,2,0,0,0,2,0,0,0,2,1,0,2,0,0,1,0,1,11,1,0,0,0,0,0,1,2,1,2,0,0,0,0,20,10,0
/Users/pouriad/repos/Cling-application/projects/math/src/mantissa/tests-src/org/spaceroots/mantissa/roots/TestProblem.java,org.spaceroots.mantissa.roots.TestProblem$APSProblem25,innerclass,1,2,2,1,0,1.0,1.0,2,0,2,0,0,0,2,0,0,0,3,1,0,3,0,0,1,0,2,13,1,0,0,0,0,0,2,3,2,3,0,0,0,0,21,10,0
/Users/pouriad/repos/Cling-application/projects/math/src/mantissa/tests-src/org/spaceroots/mantissa/roots/TestProblem.java,org.spaceroots.mantissa.roots.TestProblem$APSProblem24,innerclass,1,2,2,0,0,1.0,1.0,2,0,2,0,0,0,2,0,0,0,2,1,0,2,0,0,1,0,0,11,1,0,0,0,3,0,3,2,5,2,0,0,0,0,19,10,0
/Users/pouriad/repos/Cling-application/projects/math/src/mantissa/tests-src/org/spaceroots/mantissa/roots/TestProblem.java,org.spaceroots.mantissa.roots.TestProblem$APSProblem1,innerclass,1,2,2,1,1,0.0,0.0,2,0,2,0,0,0,2,0,0,0,1,1,0,1,0,0,1,0,1,9,1,0,0,0,0,0,2,1,2,1,0,0,0,0,18,10,0
/Users/pouriad/repos/Cling-application/projects/math/src/mantissa/tests-src/org/spaceroots/mantissa/roots/TestProblem.java,org.spaceroots.mantissa.roots.TestProblem$APSProblems2To11,innerclass,1,3,2,0,1,0.0,0.0,2,0,2,0,0,0,2,0,0,0,1,1,0,1,0,0,1,0,0,15,1,1,0,0,1,0,7,6,8,5,1,0,0,0,23,10,0
/Users/pouriad/repos/Cling-application/projects/math/src/mantissa/tests-src/org/spaceroots/mantissa/roots/BrentSolverTest.java,org.spaceroots.mantissa.roots.BrentSolverTest,class,9,4,2,10,3,0.0,0.0,3,1,3,0,0,0,3,0,0,0,0,0,0,0,0,0,0,0,2,27,1,1,0,0,0,0,3,5,1,5,1,0,1,0,22,1,0
/Users/pouriad/repos/Cling-application/projects/math/src/mantissa/tests-src/org/spaceroots/mantissa/roots/BrentSolverTest.java,org.spaceroots.mantissa.roots.BrentSolverTest$Checker,innerclass,1,4,1,1,0,1.0,1.0,2,0,2,0,0,0,2,0,0,0,1,0,0,1,0,0,0,0,3,9,1,0,0,0,3,0,0,1,1,1,0,0,0,0,8,10,0
/Users/pouriad/repos/Cling-application/projects/math/src/mantissa/tests-src/org/spaceroots/mantissa/fitting/AllTests.java,org.spaceroots.mantissa.fitting.AllTests,class,5,1,1,4,0,NaN,NaN,1,1,1,0,0,0,1,0,0,0,0,0,0,0,0,0,0,0,3,9,1,0,0,0,0,1,0,1,0,1,0,0,0,0,5,1,0
/Users/pouriad/repos/Cling-application/projects/math/src/mantissa/tests-src/org/spaceroots/mantissa/fitting/AbstractCurveFitterTest.java,org.spaceroots.mantissa.fitting.AbstractCurveFitterTest,class,8,12,3,6,28,0.75,0.75,8,1,8,0,0,0,8,0,0,0,1,0,0,1,0,0,0,0,0,59,1,4,0,0,0,0,19,13,3,9,1,0,1,0,30,1,0
/Users/pouriad/repos/Cling-application/projects/math/src/mantissa/tests-src/org/spaceroots/mantissa/fitting/AbstractCurveFitterTest.java,org.spaceroots.mantissa.fitting.AbstractCurveFitterTest$DummyFitter,innerclass,3,4,2,1,6,0.0,0.0,4,0,4,0,0,0,4,0,0,0,1,1,0,1,0,0,1,0,0,15,2,0,0,0,0,0,4,1,0,1,0,0,0,0,25,10,0
/Users/pouriad/repos/Cling-application/projects/math/src/mantissa/tests-src/org/spaceroots/mantissa/fitting/PolynomialFitterTest.java,org.spaceroots.mantissa.fitting.PolynomialFitterTest$Polynom,innerclass,1,6,1,0,6,1.0,1.0,4,0,4,0,0,0,4,0,0,0,1,0,0,1,0,0,0,0,0,22,1,2,0,0,0,0,6,8,5,4,1,0,0,0,11,10,0
/Users/pouriad/repos/Cling-application/projects/math/src/mantissa/tests-src/org/spaceroots/mantissa/fitting/PolynomialFitterTest.java,org.spaceroots.mantissa.fitting.PolynomialFitterTest,class,10,19,2,8,21,0.0,0.0,7,1,6,1,0,0,6,0,0,0,0,0,0,0,0,0,0,0,6,92,1,11,1,1,5,0,41,28,8,24,2,0,1,0,40,1,0
/Users/pouriad/repos/Cling-application/projects/math/src/mantissa/tests-src/org/spaceroots/mantissa/fitting/HarmonicFitterTest.java,org.spaceroots.mantissa.fitting.HarmonicFitterTest$HarmonicFunction,innerclass,0,5,1,1,10,0.7,1.0,5,0,5,0,0,0,5,0,0,0,3,0,0,3,0,0,0,0,1,22,4,0,0,0,0,0,0,3,3,3,0,0,0,0,12,10,0
/Users/pouriad/repos/Cling-application/projects/math/src/mantissa/tests-src/org/spaceroots/mantissa/fitting/HarmonicFitterTest.java,org.spaceroots.mantissa.fitting.HarmonicFitterTest,class,10,23,2,16,15,0.0,0.0,6,2,5,1,0,0,5,0,0,0,0,0,0,0,0,0,0,0,16,102,2,8,0,0,1,0,65,41,23,32,1,0,1,0,52,1,0
/Users/pouriad/repos/Cling-application/projects/math/src/mantissa/tests-src/org/spaceroots/mantissa/linalg/AllTests.java,org.spaceroots.mantissa.linalg.AllTests,class,10,1,1,9,0,NaN,NaN,1,1,1,0,0,0,1,0,0,0,0,0,0,0,0,0,0,0,8,14,1,0,0,0,0,1,0,1,0,1,0,0,0,0,5,1,0
/Users/pouriad/repos/Cling-application/projects/math/src/mantissa/tests-src/org/spaceroots/mantissa/linalg/GeneralMatrixTest.java,org.spaceroots.mantissa.linalg.GeneralMatrixTest$BilinearPattern,innerclass,1,2,1,0,1,1.0,1.0,2,0,2,0,0,0,2,0,0,0,2,0,0,2,0,0,2,0,0,11,1,0,0,0,0,0,0,2,3,2,0,0,0,0,9,10,0
/Users/pouriad/repos/Cling-application/projects/math/src/mantissa/tests-src/org/spaceroots/mantissa/linalg/GeneralMatrixTest.java,org.spaceroots.mantissa.linalg.GeneralMatrixTest,class,9,41,2,19,190,0.0,0.0,20,1,20,0,0,0,20,0,0,0,0,0,0,0,0,0,0,0,1,177,2,8,8,5,0,0,108,43,1,37,2,0,3,0,45,1,0
/Users/pouriad/repos/Cling-application/projects/math/src/mantissa/tests-src/org/spaceroots/mantissa/linalg/GeneralMatrixTest.java,org.spaceroots.mantissa.linalg.GeneralMatrixTest$ComplexPattern,innerclass,1,2,1,0,1,1.0,1.0,2,0,2,0,0,0,2,0,0,0,1,0,0,1,0,0,1,0,0,9,1,0,0,0,5,0,8,1,15,1,0,0,0,0,7,10,0
/Users/pouriad/repos/Cling-application/projects/math/src/mantissa/tests-src/org/spaceroots/mantissa/linalg/GeneralMatrixTest.java,org.spaceroots.mantissa.linalg.GeneralMatrixTest$ElementPattern,interface,0,1,1,0,0,NaN,NaN,1,0,1,0,0,0,1,0,0,0,0,0,0,0,0,0,0,0,0,3,0,0,0,0,0,0,0,0,0,0,0,0,0,0,4,2,0
/Users/pouriad/repos/Cling-application/projects/math/src/mantissa/tests-src/org/spaceroots/mantissa/linalg/MatrixFactoryTest.java,org.spaceroots.mantissa.linalg.MatrixFactoryTest,class,11,9,2,2,28,0.0,0.0,8,1,8,0,0,0,8,0,0,0,0,0,0,0,0,0,0,0,6,39,1,0,0,1,0,0,24,7,0,6,1,0,0,0,27,1,0
/Users/pouriad/repos/Cling-application/projects/math/src/mantissa/tests-src/org/spaceroots/mantissa/linalg/LowerTriangularMatrixTest.java,org.spaceroots.mantissa.linalg.LowerTriangularMatrixTest$BilinearPattern,innerclass,1,2,1,0,1,1.0,1.0,2,0,2,0,0,0,2,0,0,0,2,0,0,2,0,0,2,0,0,11,1,0,0,0,0,0,0,2,3,2,0,0,0,0,9,10,0
/Users/pouriad/repos/Cling-application/projects/math/src/mantissa/tests-src/org/spaceroots/mantissa/linalg/LowerTriangularMatrixTest.java,org.spaceroots.mantissa.linalg.LowerTriangularMatrixTest$Anonymous3,anonymous,0,1,1,0,0,NaN,NaN,1,0,1,0,0,0,1,0,0,0,0,0,0,0,0,0,0,0,0,5,1,0,0,0,0,0,1,0,0,0,0,0,0,0,2,-1,0
/Users/pouriad/repos/Cling-application/projects/math/src/mantissa/tests-src/org/spaceroots/mantissa/linalg/LowerTriangularMatrixTest.java,org.spaceroots.mantissa.linalg.LowerTriangularMatrixTest$Anonymous4,anonymous,0,3,1,0,0,NaN,NaN,1,0,1,0,0,0,1,0,0,0,0,0,0,0,0,0,0,0,0,5,1,0,2,0,3,0,4,0,1,0,0,0,0,0,3,-1,0
/Users/pouriad/repos/Cling-application/projects/math/src/mantissa/tests-src/org/spaceroots/mantissa/linalg/LowerTriangularMatrixTest.java,org.spaceroots.mantissa.linalg.LowerTriangularMatrixTest$Anonymous1,anonymous,0,2,1,0,0,NaN,NaN,1,0,1,0,0,0,1,0,0,0,0,0,0,0,0,0,0,0,0,5,1,0,1,0,1,0,2,0,0,0,0,0,0,0,3,-1,0
/Users/pouriad/repos/Cling-application/projects/math/src/mantissa/tests-src/org/spaceroots/mantissa/linalg/LowerTriangularMatrixTest.java,org.spaceroots.mantissa.linalg.LowerTriangularMatrixTest$Anonymous2,anonymous,0,1,1,0,0,NaN,NaN,1,0,1,0,0,0,1,0,0,0,0,0,0,0,0,0,0,0,0,5,1,0,0,0,0,0,1,0,0,0,0,0,0,0,2,-1,0
/Users/pouriad/repos/Cling-application/projects/math/src/mantissa/tests-src/org/spaceroots/mantissa/linalg/LowerTriangularMatrixTest.java,org.spaceroots.mantissa.linalg.LowerTriangularMatrixTest$ElementPattern,interface,0,1,1,0,0,NaN,NaN,1,0,1,0,0,0,1,0,0,0,0,0,0,0,0,0,0,0,0,3,0,0,0,0,0,0,0,0,0,0,0,0,0,0,4,1,0
/Users/pouriad/repos/Cling-application/projects/math/src/mantissa/tests-src/org/spaceroots/mantissa/linalg/LowerTriangularMatrixTest.java,org.spaceroots.mantissa.linalg.LowerTriangularMatrixTest,class,11,31,2,18,78,0.0,0.0,13,1,13,0,0,0,13,0,0,0,0,0,0,0,0,0,0,0,7,150,2,10,2,2,6,0,79,34,16,32,4,4,2,0,56,1,0
/Users/pouriad/repos/Cling-application/projects/math/src/mantissa/tests-src/org/spaceroots/mantissa/linalg/GeneralSquareMatrixTest.java,org.spaceroots.mantissa.linalg.GeneralSquareMatrixTest$ElementPattern,interface,0,1,1,0,0,NaN,NaN,1,0,1,0,0,0,1,0,0,0,0,0,0,0,0,0,0,0,0,3,0,0,0,0,0,0,0,0,0,0,0,0,0,0,4,2,0
/Users/pouriad/repos/Cling-application/projects/math/src/mantissa/tests-src/org/spaceroots/mantissa/linalg/GeneralSquareMatrixTest.java,org.spaceroots.mantissa.linalg.GeneralSquareMatrixTest$IdentityPattern,innerclass,1,2,1,0,0,NaN,NaN,1,0,1,0,0,0,1,0,0,0,0,0,0,0,0,0,0,0,0,5,1,0,1,0,1,0,2,0,0,0,0,0,0,0,6,10,0
/Users/pouriad/repos/Cling-application/projects/math/src/mantissa/tests-src/org/spaceroots/mantissa/linalg/GeneralSquareMatrixTest.java,org.spaceroots.mantissa.linalg.GeneralSquareMatrixTest$LinearProblem,innerclass,2,1,1,0,0,NaN,NaN,1,0,1,0,0,0,1,0,0,0,3,0,3,0,0,0,0,0,0,10,0,0,0,0,0,0,0,3,0,3,0,0,0,0,8,10,0
/Users/pouriad/repos/Cling-application/projects/math/src/mantissa/tests-src/org/spaceroots/mantissa/linalg/GeneralSquareMatrixTest.java,org.spaceroots.mantissa.linalg.GeneralSquareMatrixTest$BilinearPattern,innerclass,1,2,1,0,1,1.0,1.0,2,0,2,0,0,0,2,0,0,0,2,0,0,2,0,0,2,0,0,11,1,0,0,0,0,0,0,2,3,2,0,0,0,0,9,10,0
/Users/pouriad/repos/Cling-application/projects/math/src/mantissa/tests-src/org/spaceroots/mantissa/linalg/GeneralSquareMatrixTest.java,org.spaceroots.mantissa.linalg.GeneralSquareMatrixTest,class,12,45,2,24,153,0.0,0.0,18,1,14,4,0,0,14,0,0,0,0,0,0,0,0,0,0,0,6,242,5,12,6,4,0,6,217,53,16,42,2,0,4,0,64,1,0
/Users/pouriad/repos/Cling-application/projects/math/src/mantissa/tests-src/org/spaceroots/mantissa/linalg/DiagonalMatrixTest.java,org.spaceroots.mantissa.linalg.DiagonalMatrixTest,class,7,35,2,13,55,0.0,0.0,11,1,11,0,0,0,11,0,0,0,0,0,0,0,0,0,0,0,7,125,1,14,8,2,5,0,76,37,17,32,4,0,0,0,46,1,0
/Users/pouriad/repos/Cling-application/projects/math/src/mantissa/tests-src/org/spaceroots/mantissa/linalg/UpperTriangularMatrixTest.java,org.spaceroots.mantissa.linalg.UpperTriangularMatrixTest$ElementPattern,interface,0,1,1,0,0,NaN,NaN,1,0,1,0,0,0,1,0,0,0,0,0,0,0,0,0,0,0,0,3,0,0,0,0,0,0,0,0,0,0,0,0,0,0,4,1,0
/Users/pouriad/repos/Cling-application/projects/math/src/mantissa/tests-src/org/spaceroots/mantissa/linalg/UpperTriangularMatrixTest.java,org.spaceroots.mantissa.linalg.UpperTriangularMatrixTest$BilinearPattern,innerclass,1,2,1,0,1,1.0,1.0,2,0,2,0,0,0,2,0,0,0,2,0,0,2,0,0,2,0,0,11,1,0,0,0,0,0,0,2,3,2,0,0,0,0,9,10,0
/Users/pouriad/repos/Cling-application/projects/math/src/mantissa/tests-src/org/spaceroots/mantissa/linalg/UpperTriangularMatrixTest.java,org.spaceroots.mantissa.linalg.UpperTriangularMatrixTest$Anonymous4,anonymous,0,3,1,0,0,NaN,NaN,1,0,1,0,0,0,1,0,0,0,0,0,0,0,0,0,0,0,0,5,1,0,2,0,3,0,4,0,1,0,0,0,0,0,3,-1,0
/Users/pouriad/repos/Cling-application/projects/math/src/mantissa/tests-src/org/spaceroots/mantissa/linalg/UpperTriangularMatrixTest.java,org.spaceroots.mantissa.linalg.UpperTriangularMatrixTest$Anonymous3,anonymous,0,1,1,0,0,NaN,NaN,1,0,1,0,0,0,1,0,0,0,0,0,0,0,0,0,0,0,0,5,1,0,0,0,0,0,1,0,0,0,0,0,0,0,2,-1,0
/Users/pouriad/repos/Cling-application/projects/math/src/mantissa/tests-src/org/spaceroots/mantissa/linalg/UpperTriangularMatrixTest.java,org.spaceroots.mantissa.linalg.UpperTriangularMatrixTest$Anonymous2,anonymous,0,1,1,0,0,NaN,NaN,1,0,1,0,0,0,1,0,0,0,0,0,0,0,0,0,0,0,0,5,1,0,0,0,0,0,1,0,0,0,0,0,0,0,2,-1,0
/Users/pouriad/repos/Cling-application/projects/math/src/mantissa/tests-src/org/spaceroots/mantissa/linalg/UpperTriangularMatrixTest.java,org.spaceroots.mantissa.linalg.UpperTriangularMatrixTest,class,11,31,2,18,78,0.0,0.0,13,1,13,0,0,0,13,0,0,0,0,0,0,0,0,0,0,0,7,151,2,10,2,2,6,0,75,35,17,33,4,4,2,0,57,1,0
/Users/pouriad/repos/Cling-application/projects/math/src/mantissa/tests-src/org/spaceroots/mantissa/linalg/UpperTriangularMatrixTest.java,org.spaceroots.mantissa.linalg.UpperTriangularMatrixTest$Anonymous1,anonymous,0,2,1,0,0,NaN,NaN,1,0,1,0,0,0,1,0,0,0,0,0,0,0,0,0,0,0,0,5,1,0,1,0,1,0,2,0,0,0,0,0,0,0,3,-1,0
/Users/pouriad/repos/Cling-application/projects/math/src/mantissa/tests-src/org/spaceroots/mantissa/linalg/NonNullRangeTest.java,org.spaceroots.mantissa.linalg.NonNullRangeTest,class,5,14,2,3,15,0.0,0.0,6,1,6,0,0,0,6,0,0,0,0,0,0,0,0,0,0,0,2,33,1,0,8,0,0,0,18,9,0,9,0,0,0,0,20,1,0
/Users/pouriad/repos/Cling-application/projects/math/src/mantissa/tests-src/org/spaceroots/mantissa/linalg/SymetricalMatrixTest.java,org.spaceroots.mantissa.linalg.SymetricalMatrixTest$Anonymous10,anonymous,0,1,1,0,0,NaN,NaN,1,0,1,0,0,0,1,0,0,0,0,0,0,0,0,0,0,0,0,5,1,0,0,0,0,0,1,0,0,0,0,0,0,0,2,-1,0
/Users/pouriad/repos/Cling-application/projects/math/src/mantissa/tests-src/org/spaceroots/mantissa/linalg/SymetricalMatrixTest.java,org.spaceroots.mantissa.linalg.SymetricalMatrixTest$Anonymous7,anonymous,0,1,1,1,0,NaN,NaN,1,0,1,0,0,0,1,0,0,0,0,0,0,0,0,0,0,0,4,5,1,0,0,0,0,0,9,0,7,0,0,0,0,0,2,-1,0
/Users/pouriad/repos/Cling-application/projects/math/src/mantissa/tests-src/org/spaceroots/mantissa/linalg/SymetricalMatrixTest.java,org.spaceroots.mantissa.linalg.SymetricalMatrixTest$Anonymous8,anonymous,0,1,1,1,0,NaN,NaN,1,0,1,0,0,0,1,0,0,0,0,0,0,0,0,0,0,0,4,5,1,0,0,0,0,0,9,0,7,0,0,0,0,0,2,-1,0
/Users/pouriad/repos/Cling-application/projects/math/src/mantissa/tests-src/org/spaceroots/mantissa/linalg/SymetricalMatrixTest.java,org.spaceroots.mantissa.linalg.SymetricalMatrixTest$Anonymous9,anonymous,0,1,1,0,0,NaN,NaN,1,0,1,0,0,0,1,0,0,0,0,0,0,0,0,0,0,0,0,5,1,0,0,0,2,0,3,0,3,0,0,0,0,0,3,-1,0
/Users/pouriad/repos/Cling-application/projects/math/src/mantissa/tests-src/org/spaceroots/mantissa/linalg/SymetricalMatrixTest.java,org.spaceroots.mantissa.linalg.SymetricalMatrixTest$Anonymous3,anonymous,0,1,1,0,0,NaN,NaN,1,0,1,0,0,0,1,0,0,0,0,0,0,0,0,0,0,0,0,5,1,0,0,0,0,0,0,0,3,0,0,0,0,0,3,-1,0
/Users/pouriad/repos/Cling-application/projects/math/src/mantissa/tests-src/org/spaceroots/mantissa/linalg/SymetricalMatrixTest.java,org.spaceroots.mantissa.linalg.SymetricalMatrixTest$Anonymous4,anonymous,0,1,1,0,0,NaN,NaN,1,0,1,0,0,0,1,0,0,0,0,0,0,0,0,0,0,0,0,5,1,0,0,0,0,0,0,0,3,0,0,0,0,0,3,-1,0
/Users/pouriad/repos/Cling-application/projects/math/src/mantissa/tests-src/org/spaceroots/mantissa/linalg/SymetricalMatrixTest.java,org.spaceroots.mantissa.linalg.SymetricalMatrixTest$Anonymous5,anonymous,0,1,1,0,0,NaN,NaN,1,0,1,0,0,0,1,0,0,0,0,0,0,0,0,0,0,0,0,5,1,0,0,0,0,0,0,0,1,0,0,0,0,0,3,-1,0
/Users/pouriad/repos/Cling-application/projects/math/src/mantissa/tests-src/org/spaceroots/mantissa/linalg/SymetricalMatrixTest.java,org.spaceroots.mantissa.linalg.SymetricalMatrixTest$Anonymous6,anonymous,0,1,1,0,0,NaN,NaN,1,0,1,0,0,0,1,0,0,0,0,0,0,0,0,0,0,0,0,5,1,0,0,0,0,0,0,0,1,0,0,0,0,0,3,-1,0
/Users/pouriad/repos/Cling-application/projects/math/src/mantissa/tests-src/org/spaceroots/mantissa/linalg/SymetricalMatrixTest.java,org.spaceroots.mantissa.linalg.SymetricalMatrixTest$ElementPattern,interface,0,1,1,0,0,NaN,NaN,1,0,1,0,0,0,1,0,0,0,0,0,0,0,0,0,0,0,0,3,0,0,0,0,0,0,0,0,0,0,0,0,0,0,4,1,0
/Users/pouriad/repos/Cling-application/projects/math/src/mantissa/tests-src/org/spaceroots/mantissa/linalg/SymetricalMatrixTest.java,org.spaceroots.mantissa.linalg.SymetricalMatrixTest,class,10,34,2,17,91,0.0,0.0,14,1,14,0,0,0,14,0,0,0,0,0,0,0,0,0,0,0,4,195,2,10,5,2,0,0,113,45,4,43,4,10,1,0,59,1,0
/Users/pouriad/repos/Cling-application/projects/math/src/mantissa/tests-src/org/spaceroots/mantissa/linalg/SymetricalMatrixTest.java,org.spaceroots.mantissa.linalg.SymetricalMatrixTest$Anonymous1,anonymous,0,1,1,0,0,NaN,NaN,1,0,1,0,0,0,1,0,0,0,0,0,0,0,0,0,0,0,0,5,1,0,0,0,2,0,3,0,3,0,0,0,0,0,3,-1,0
/Users/pouriad/repos/Cling-application/projects/math/src/mantissa/tests-src/org/spaceroots/mantissa/linalg/SymetricalMatrixTest.java,org.spaceroots.mantissa.linalg.SymetricalMatrixTest$Anonymous2,anonymous,0,2,1,0,0,NaN,NaN,1,0,1,0,0,0,1,0,0,0,0,0,0,0,0,0,0,0,0,5,1,0,1,0,1,0,2,0,0,0,0,0,0,0,3,-1,0
/Users/pouriad/repos/Cling-application/projects/math/src/mantissa/tests-src/org/spaceroots/mantissa/quadrature/AllTests.java,org.spaceroots.mantissa.quadrature.AllTests,class,4,1,1,3,0,NaN,NaN,1,1,1,0,0,0,1,0,0,0,0,0,0,0,0,0,0,0,2,8,1,0,0,0,0,1,0,1,0,1,0,0,0,0,5,1,0
/Users/pouriad/repos/Cling-application/projects/math/src/mantissa/tests-src/org/spaceroots/mantissa/quadrature/vectorial/AllTests.java,org.spaceroots.mantissa.quadrature.vectorial.AllTests,class,3,1,1,2,0,NaN,NaN,1,1,1,0,0,0,1,0,0,0,0,0,0,0,0,0,0,0,1,7,1,0,0,0,0,1,0,1,0,1,0,0,0,0,5,1,0
/Users/pouriad/repos/Cling-application/projects/math/src/mantissa/tests-src/org/spaceroots/mantissa/quadrature/vectorial/GaussLegendreIntegratorTest.java,org.spaceroots.mantissa.quadrature.vectorial.GaussLegendreIntegratorTest$Polynom,innerclass,2,9,1,1,6,0.5,0.5,4,0,4,0,0,0,4,0,0,0,3,1,0,3,0,0,1,0,0,46,3,5,0,0,6,0,35,26,42,12,1,0,0,0,30,10,0
/Users/pouriad/repos/Cling-application/projects/math/src/mantissa/tests-src/org/spaceroots/mantissa/quadrature/vectorial/GaussLegendreIntegratorTest.java,org.spaceroots.mantissa.quadrature.vectorial.GaussLegendreIntegratorTest,class,8,8,2,6,3,0.0,0.0,3,1,3,0,0,0,3,0,0,0,0,0,0,0,0,0,0,0,2,76,2,4,0,0,1,0,16,10,5,10,4,0,1,0,30,1,0
/Users/pouriad/repos/Cling-application/projects/math/src/mantissa/tests-src/org/spaceroots/mantissa/quadrature/scalar/AllTests.java,org.spaceroots.mantissa.quadrature.scalar.AllTests,class,3,1,1,2,0,NaN,NaN,1,1,1,0,0,0,1,0,0,0,0,0,0,0,0,0,0,0,1,7,1,0,0,0,0,1,0,1,0,1,0,0,0,0,5,1,0
/Users/pouriad/repos/Cling-application/projects/math/src/mantissa/tests-src/org/spaceroots/mantissa/quadrature/scalar/GaussLegendreIntegratorTest.java,org.spaceroots.mantissa.quadrature.scalar.GaussLegendreIntegratorTest,class,7,7,2,5,3,0.0,0.0,3,1,3,0,0,0,3,0,0,0,0,0,0,0,0,0,0,0,2,54,2,3,0,0,1,0,15,9,5,9,3,0,1,0,29,1,0
/Users/pouriad/repos/Cling-application/projects/math/src/mantissa/tests-src/org/spaceroots/mantissa/quadrature/scalar/GaussLegendreIntegratorTest.java,org.spaceroots.mantissa.quadrature.scalar.GaussLegendreIntegratorTest$Polynom,innerclass,2,6,1,1,3,1.0,1.0,3,0,3,0,0,0,3,0,0,0,2,1,0,2,0,0,1,0,0,26,2,3,0,0,3,0,13,12,21,8,1,0,0,0,26,10,0
/Users/pouriad/repos/Cling-application/projects/math/src/mantissa/tests-src/org/spaceroots/mantissa/utilities/AllTests.java,org.spaceroots.mantissa.utilities.AllTests,class,7,1,1,6,0,NaN,NaN,1,1,1,0,0,0,1,0,0,0,0,0,0,0,0,0,0,0,5,11,1,0,0,0,0,1,0,1,0,1,0,0,0,0,5,1,0
/Users/pouriad/repos/Cling-application/projects/math/src/mantissa/tests-src/org/spaceroots/mantissa/utilities/IntervalTest.java,org.spaceroots.mantissa.utilities.IntervalTest,class,5,8,2,12,28,0.0,0.0,8,1,7,1,0,0,7,0,0,0,0,0,0,0,0,0,0,0,4,40,1,0,0,0,3,0,53,2,0,2,0,0,0,0,24,1,0
/Users/pouriad/repos/Cling-application/projects/math/src/mantissa/tests-src/org/spaceroots/mantissa/utilities/IntervalsListTest.java,org.spaceroots.mantissa.utilities.IntervalsListTest,class,6,8,2,17,21,0.0,0.0,7,1,5,2,0,0,5,0,0,0,0,0,0,0,0,0,0,0,2,52,1,1,0,0,5,0,79,8,0,8,1,0,0,0,36,1,0
/Users/pouriad/repos/Cling-application/projects/math/src/mantissa/tests-src/org/spaceroots/mantissa/utilities/ArrayMapperTest.java,org.spaceroots.mantissa.utilities.ArrayMapperTest,class,8,17,2,9,21,0.71428573,0.71428573,7,1,7,0,0,0,7,0,0,0,4,0,0,4,0,0,0,0,8,90,1,2,1,0,0,0,46,20,10,9,1,0,1,0,28,1,0
/Users/pouriad/repos/Cling-application/projects/math/src/mantissa/tests-src/org/spaceroots/mantissa/utilities/ArrayMapperTest.java,org.spaceroots.mantissa.utilities.ArrayMapperTest$DomainObject,innerclass,2,8,1,0,0,0.6666667,0.6666667,6,0,6,0,0,0,6,0,0,0,1,0,0,1,0,0,0,0,0,25,2,2,0,0,0,0,4,6,4,3,1,0,0,0,18,10,0
/Users/pouriad/repos/Cling-application/projects/math/src/mantissa/tests-src/org/spaceroots/mantissa/utilities/MappableArrayTest.java,org.spaceroots.mantissa.utilities.MappableArrayTest,class,7,17,2,6,15,0.6666667,0.6666667,6,1,6,0,0,0,6,0,0,0,4,0,0,4,0,0,0,0,9,53,1,1,1,0,0,0,33,18,10,9,1,0,0,0,29,1,0
/Users/pouriad/repos/Cling-application/projects/math/src/mantissa/tests-src/org/spaceroots/mantissa/utilities/MappableScalarTest.java,org.spaceroots.mantissa.utilities.MappableScalarTest,class,7,13,2,8,21,0.71428573,0.71428573,7,1,7,0,0,0,7,0,0,0,4,0,0,4,0,0,0,0,4,54,1,2,1,0,0,0,17,17,6,8,1,0,0,0,27,1,0
/Users/pouriad/repos/Cling-application/projects/math/src/mantissa/tests-src/org/spaceroots/mantissa/functions/AllTests.java,org.spaceroots.mantissa.functions.AllTests,class,4,1,1,3,0,NaN,NaN,1,1,1,0,0,0,1,0,0,0,0,0,0,0,0,0,0,0,2,8,1,0,0,0,0,1,0,1,0,1,0,0,0,0,5,1,0
/Users/pouriad/repos/Cling-application/projects/math/src/mantissa/tests-src/org/spaceroots/mantissa/functions/vectorial/VectorialValuedPairTest.java,org.spaceroots.mantissa.functions.vectorial.VectorialValuedPairTest,class,6,13,2,2,6,0.0,0.0,4,1,4,0,0,0,4,0,0,0,0,0,0,0,0,0,0,0,9,30,1,0,0,0,0,0,35,9,9,5,0,0,0,0,17,1,0
/Users/pouriad/repos/Cling-application/projects/math/src/mantissa/tests-src/org/spaceroots/mantissa/functions/vectorial/AllTests.java,org.spaceroots.mantissa.functions.vectorial.AllTests,class,5,1,1,4,0,NaN,NaN,1,1,1,0,0,0,1,0,0,0,0,0,0,0,0,0,0,0,3,9,1,0,0,0,0,1,0,1,0,1,0,0,0,0,5,1,0
/Users/pouriad/repos/Cling-application/projects/math/src/mantissa/tests-src/org/spaceroots/mantissa/functions/vectorial/ComputableFunctionSamplerTest.java,org.spaceroots.mantissa.functions.vectorial.ComputableFunctionSamplerTest,class,9,56,2,5,28,0.0,0.0,8,1,8,0,0,0,8,0,0,0,0,0,0,0,0,0,0,0,36,148,1,0,8,4,0,0,181,23,36,11,1,0,2,0,32,1,0
/Users/pouriad/repos/Cling-application/projects/math/src/mantissa/tests-src/org/spaceroots/mantissa/functions/vectorial/ComputableFunctionSamplerTest.java,org.spaceroots.mantissa.functions.vectorial.ComputableFunctionSamplerTest$Function,innerclass,3,5,1,0,1,0.33333334,0.33333334,3,0,3,0,0,0,3,0,0,0,4,1,0,4,0,0,1,0,0,22,2,0,0,0,0,1,6,6,1,4,1,0,0,0,19,10,0
/Users/pouriad/repos/Cling-application/projects/math/src/mantissa/tests-src/org/spaceroots/mantissa/functions/vectorial/ComputableFunctionSamplerTest.java,org.spaceroots.mantissa.functions.vectorial.ComputableFunctionSamplerTest$ExceptionGeneratingFunction,innerclass,3,3,1,0,1,0.0,0.0,2,0,2,0,0,0,2,0,0,0,1,1,0,1,0,0,1,0,0,15,2,0,0,0,0,1,7,4,1,2,1,0,0,0,19,10,0
/Users/pouriad/repos/Cling-application/projects/math/src/mantissa/tests-src/org/spaceroots/mantissa/functions/vectorial/BasicSampledFunctionIteratorTest.java,org.spaceroots.mantissa.functions.vectorial.BasicSampledFunctionIteratorTest,class,9,10,2,4,10,0.0,0.0,5,1,5,0,0,0,5,0,0,0,0,0,0,0,0,0,0,0,3,98,1,2,0,3,0,0,18,12,6,8,1,0,2,0,29,1,0
/Users/pouriad/repos/Cling-application/projects/math/src/mantissa/tests-src/org/spaceroots/mantissa/functions/vectorial/BasicSampledFunctionIteratorTest.java,org.spaceroots.mantissa.functions.vectorial.BasicSampledFunctionIteratorTest$ExceptionGeneratingFunction,innerclass,4,4,1,0,3,0.0,0.0,3,0,3,0,0,0,3,0,0,0,2,1,0,2,0,0,1,0,0,17,3,0,0,0,0,1,6,3,0,2,1,0,0,0,24,10,0
/Users/pouriad/repos/Cling-application/projects/math/src/mantissa/tests-src/org/spaceroots/mantissa/functions/vectorial/BasicSampledFunctionIteratorTest.java,org.spaceroots.mantissa.functions.vectorial.BasicSampledFunctionIteratorTest$Function,innerclass,4,6,1,0,0,0.5,0.5,4,0,4,0,0,0,4,0,0,0,5,1,0,5,0,0,1,0,0,28,3,0,0,0,0,1,8,8,3,6,1,0,0,0,26,10,0
/Users/pouriad/repos/Cling-application/projects/math/src/mantissa/tests-src/org/spaceroots/mantissa/functions/scalar/AllTests.java,org.spaceroots.mantissa.functions.scalar.AllTests,class,5,1,1,4,0,NaN,NaN,1,1,1,0,0,0,1,0,0,0,0,0,0,0,0,0,0,0,3,9,1,0,0,0,0,1,0,1,0,1,0,0,0,0,5,1,0
/Users/pouriad/repos/Cling-application/projects/math/src/mantissa/tests-src/org/spaceroots/mantissa/functions/scalar/ComputableFunctionSamplerTest.java,org.spaceroots.mantissa.functions.scalar.ComputableFunctionSamplerTest$ExceptionGeneratingFunction,innerclass,2,2,1,0,0,NaN,NaN,1,0,1,0,0,0,1,0,0,0,1,1,0,1,0,0,1,0,0,9,1,0,0,0,0,1,2,1,0,1,1,0,0,0,16,10,0
/Users/pouriad/repos/Cling-application/projects/math/src/mantissa/tests-src/org/spaceroots/mantissa/functions/scalar/ComputableFunctionSamplerTest.java,org.spaceroots.mantissa.functions.scalar.ComputableFunctionSamplerTest,class,10,40,2,6,28,0.0,0.0,8,1,8,0,0,0,8,0,0,0,0,0,0,0,0,0,0,0,24,119,1,0,4,4,0,0,117,23,24,11,1,0,2,0,32,1,0
/Users/pouriad/repos/Cling-application/projects/math/src/mantissa/tests-src/org/spaceroots/mantissa/functions/scalar/ComputableFunctionSamplerTest.java,org.spaceroots.mantissa.functions.scalar.ComputableFunctionSamplerTest$Function,innerclass,2,4,1,0,0,1.0,1.0,2,0,2,0,0,0,2,0,0,0,3,1,0,3,0,0,1,0,0,15,1,0,0,0,0,1,1,3,0,3,1,0,0,0,16,10,0
/Users/pouriad/repos/Cling-application/projects/math/src/mantissa/tests-src/org/spaceroots/mantissa/functions/scalar/ScalarValuedPairTest.java,org.spaceroots.mantissa.functions.scalar.ScalarValuedPairTest,class,5,10,2,4,6,0.0,0.0,4,1,4,0,0,0,4,0,0,0,0,0,0,0,0,0,0,0,6,21,1,0,0,0,0,0,14,3,6,3,0,0,0,0,16,1,0
/Users/pouriad/repos/Cling-application/projects/math/src/mantissa/tests-src/org/spaceroots/mantissa/functions/scalar/BasicSampledFunctionIteratorTest.java,org.spaceroots.mantissa.functions.scalar.BasicSampledFunctionIteratorTest$Function,innerclass,3,5,1,0,0,1.0,1.0,3,0,3,0,0,0,3,0,0,0,4,1,0,4,0,0,1,0,0,21,2,0,0,0,0,1,2,5,2,5,1,0,0,0,23,10,0
/Users/pouriad/repos/Cling-application/projects/math/src/mantissa/tests-src/org/spaceroots/mantissa/functions/scalar/BasicSampledFunctionIteratorTest.java,org.spaceroots.mantissa.functions.scalar.BasicSampledFunctionIteratorTest$ExceptionGeneratingFunction,innerclass,3,3,1,0,1,0.0,0.0,2,0,2,0,0,0,2,0,0,0,2,1,0,2,0,0,1,0,0,14,2,0,0,0,0,1,4,3,0,2,1,0,0,0,22,10,0
/Users/pouriad/repos/Cling-application/projects/math/src/mantissa/tests-src/org/spaceroots/mantissa/functions/scalar/BasicSampledFunctionIteratorTest.java,org.spaceroots.mantissa.functions.scalar.BasicSampledFunctionIteratorTest,class,9,10,2,6,10,0.0,0.0,5,1,5,0,0,0,5,0,0,0,0,0,0,0,0,0,0,0,2,87,1,2,0,3,0,0,14,12,4,8,1,0,2,0,29,1,0
/Users/pouriad/repos/Cling-application/projects/math/src/mantissa/tests-src/org/spaceroots/mantissa/random/AllTests.java,org.spaceroots.mantissa.random.AllTests,class,3,1,1,3,0,NaN,NaN,1,1,1,0,0,0,1,0,0,0,0,0,0,0,0,0,0,0,1,12,1,0,0,0,0,1,0,1,0,1,0,0,0,0,5,1,0
/Users/pouriad/repos/Cling-application/projects/math/src/mantissa/tests-src/org/spaceroots/mantissa/random/ScalarSampleStatisticsTest.java,org.spaceroots.mantissa.random.ScalarSampleStatisticsTest,class,6,11,2,9,21,0.71428573,0.71428573,7,1,7,0,0,0,7,0,0,0,1,0,0,1,0,0,0,0,0,60,1,3,1,0,0,0,31,12,1,10,2,0,0,0,28,1,0
/Users/pouriad/repos/Cling-application/projects/math/src/mantissa/tests-src/org/spaceroots/mantissa/algebra/PolynomialDoubleTest.java,org.spaceroots.mantissa.algebra.PolynomialDoubleTest,class,8,10,2,11,36,0.0,0.0,9,1,9,0,0,0,9,0,0,0,0,0,0,0,0,0,0,0,0,79,1,1,0,0,0,14,95,24,1,12,1,0,0,0,29,1,0
/Users/pouriad/repos/Cling-application/projects/math/src/mantissa/tests-src/org/spaceroots/mantissa/algebra/AllTests.java,org.spaceroots.mantissa.algebra.AllTests,class,10,1,1,9,0,NaN,NaN,1,1,1,0,0,0,1,0,0,0,0,0,0,0,0,0,0,0,8,14,1,0,0,0,0,1,0,1,0,1,0,0,0,0,5,1,0
/Users/pouriad/repos/Cling-application/projects/math/src/mantissa/tests-src/org/spaceroots/mantissa/algebra/LaguerreTest.java,org.spaceroots.mantissa.algebra.LaguerreTest,class,6,7,2,10,15,0.0,0.0,6,1,6,0,0,0,6,0,0,0,0,0,0,0,0,0,0,0,0,39,1,1,0,0,0,10,22,11,2,11,1,0,0,0,28,1,0
/Users/pouriad/repos/Cling-application/projects/math/src/mantissa/tests-src/org/spaceroots/mantissa/algebra/ChebyshevTest.java,org.spaceroots.mantissa.algebra.ChebyshevTest,class,7,10,2,11,21,0.0,0.0,7,1,7,0,0,0,7,0,0,0,0,0,0,0,0,0,0,0,1,47,1,3,0,0,1,8,22,15,2,14,2,0,0,0,31,1,0
/Users/pouriad/repos/Cling-application/projects/math/src/mantissa/tests-src/org/spaceroots/mantissa/algebra/LegendreTest.java,org.spaceroots.mantissa.algebra.LegendreTest,class,6,8,2,10,21,0.0,0.0,7,1,7,0,0,0,7,0,0,0,0,0,0,0,0,0,0,0,0,42,1,1,0,0,1,29,26,11,3,11,1,0,0,0,30,1,0
/Users/pouriad/repos/Cling-application/projects/math/src/mantissa/tests-src/org/spaceroots/mantissa/algebra/RationalNumberTest.java,org.spaceroots.mantissa.algebra.RationalNumberTest,class,5,17,2,10,55,0.0,0.0,11,1,10,1,0,0,10,0,0,0,0,0,0,0,0,0,0,0,0,112,1,0,0,3,0,50,141,14,0,6,1,0,0,0,38,1,0
/Users/pouriad/repos/Cling-application/projects/math/src/mantissa/tests-src/org/spaceroots/mantissa/algebra/HermiteTest.java,org.spaceroots.mantissa.algebra.HermiteTest,class,6,7,2,9,15,0.0,0.0,6,1,6,0,0,0,6,0,0,0,0,0,0,0,0,0,0,0,0,39,1,1,0,0,0,8,14,11,1,11,1,0,0,0,30,1,0
/Users/pouriad/repos/Cling-application/projects/math/src/mantissa/tests-src/org/spaceroots/mantissa/algebra/PolynomialRationalTest.java,org.spaceroots.mantissa.algebra.PolynomialRationalTest,class,8,12,2,14,55,0.0,0.0,11,1,11,0,0,0,11,0,0,0,0,0,0,0,0,0,0,0,2,91,1,1,0,0,0,17,99,27,1,15,1,0,0,0,42,1,0
/Users/pouriad/repos/Cling-application/projects/math/src/mantissa/tests-src/org/spaceroots/mantissa/algebra/PolynomialFractionTest.java,org.spaceroots.mantissa.algebra.PolynomialFractionTest,class,6,18,2,10,66,0.0,0.0,12,1,11,1,0,0,11,0,0,0,0,0,0,0,0,0,0,0,0,116,1,0,0,3,0,52,152,14,0,6,1,0,0,0,41,1,0
/Users/pouriad/repos/Cling-application/projects/math/src/mantissa/src/org/spaceroots/mantissa/roots/BrentSolver.java,org.spaceroots.mantissa.roots.BrentSolver,class,3,19,1,5,0,1.0,1.0,3,0,3,0,0,0,3,0,0,0,2,1,0,2,0,0,1,0,16,102,5,1,0,0,19,0,18,53,30,21,3,0,0,0,92,1,0
/Users/pouriad/repos/Cling-application/projects/math/src/mantissa/src/org/spaceroots/mantissa/roots/ConvergenceChecker.java,org.spaceroots.mantissa.roots.ConvergenceChecker,interface,0,1,1,0,0,NaN,NaN,1,0,1,0,0,0,1,0,0,0,3,3,3,0,0,0,3,0,0,6,0,0,0,0,0,0,3,3,0,3,0,0,0,0,73,1,0
/Users/pouriad/repos/Cling-application/projects/math/src/mantissa/src/org/spaceroots/mantissa/roots/RootsFinder.java,org.spaceroots.mantissa.roots.RootsFinder,interface,2,2,1,0,1,0.0,0.0,2,0,2,0,0,0,2,0,0,0,0,0,0,0,0,0,0,0,0,4,0,0,0,0,0,0,0,0,0,0,0,0,0,0,54,1,0
/Users/pouriad/repos/Cling-application/projects/math/src/mantissa/src/org/spaceroots/mantissa/fitting/HarmonicCoefficientsGuesser.java,org.spaceroots.mantissa.fitting.HarmonicCoefficientsGuesser,class,9,11,1,9,21,0.2,0.3,7,0,5,2,0,0,5,0,0,0,5,1,0,5,0,0,1,0,5,72,3,2,0,0,2,1,18,40,28,31,1,0,0,0,178,1,0
/Users/pouriad/repos/Cling-application/projects/math/src/mantissa/src/org/spaceroots/mantissa/fitting/PolynomialFitter.java,org.spaceroots.mantissa.fitting.PolynomialFitter,class,5,9,2,2,15,0.0,0.0,6,0,6,0,0,0,6,0,0,0,1,1,0,1,0,0,1,0,1,31,2,2,0,0,1,1,6,6,5,4,1,0,0,0,173,1,0
/Users/pouriad/repos/Cling-application/projects/math/src/mantissa/src/org/spaceroots/mantissa/fitting/HarmonicFitter.java,org.spaceroots.mantissa.fitting.HarmonicFitter,class,8,16,2,13,45,0.06666667,0.06666667,10,0,10,0,0,0,10,0,0,0,2,1,0,2,0,0,1,0,5,73,8,0,2,1,0,4,24,14,12,9,2,0,0,0,172,1,0
/Users/pouriad/repos/Cling-application/projects/math/src/mantissa/src/org/spaceroots/mantissa/fitting/AbstractCurveFitter.java,org.spaceroots.mantissa.fitting.AbstractCurveFitter$FitMeasurement,innerclass,3,3,2,2,3,1.0,1.0,3,0,3,0,0,0,3,0,0,0,2,1,1,1,0,0,2,0,0,14,2,0,0,0,0,0,1,2,0,2,0,0,0,0,69,1,0
/Users/pouriad/repos/Cling-application/projects/math/src/mantissa/src/org/spaceroots/mantissa/fitting/AbstractCurveFitter.java,org.spaceroots.mantissa.fitting.AbstractCurveFitter,class,6,16,2,8,45,0.42222223,0.62222224,10,0,7,0,3,0,10,2,0,0,3,0,0,1,2,0,0,0,0,73,4,3,1,0,2,0,8,18,3,10,4,0,1,0,152,1025,0
/Users/pouriad/repos/Cling-application/projects/math/src/mantissa/src/org/spaceroots/mantissa/fitting/FFPIterator.java,org.spaceroots.mantissa.fitting.FFPIterator,class,5,6,1,1,6,0.5,0.5,4,0,4,0,0,0,4,0,0,0,9,1,0,9,0,0,1,0,0,40,3,0,0,0,2,0,8,16,3,10,1,0,0,0,60,0,0
/Users/pouriad/repos/Cling-application/projects/math/src/mantissa/src/org/spaceroots/mantissa/fitting/PolynomialCoefficient.java,org.spaceroots.mantissa.fitting.PolynomialCoefficient,class,1,1,2,0,0,NaN,NaN,1,0,1,0,0,0,1,0,0,0,2,1,1,1,0,0,2,0,0,8,0,0,0,0,0,1,2,2,1,2,0,0,0,0,27,1,0
/Users/pouriad/repos/Cling-application/projects/math/src/mantissa/src/org/spaceroots/mantissa/fitting/F2FP2Iterator.java,org.spaceroots.mantissa.fitting.F2FP2Iterator,class,5,4,1,2,6,0.5,0.5,4,0,4,0,0,0,4,0,0,0,2,1,0,2,0,0,1,0,0,18,3,0,0,0,0,0,6,4,2,4,0,0,0,0,57,0,0
/Users/pouriad/repos/Cling-application/projects/math/src/mantissa/src/org/spaceroots/mantissa/MessagesResources.java,org.spaceroots.mantissa.MessagesResources,class,0,2,3,1,1,0.0,0.0,2,0,2,0,0,0,2,0,0,0,1,1,0,0,0,1,1,0,0,8,1,0,0,0,0,42,0,1,2,1,0,0,0,0,76,1,0
/Users/pouriad/repos/Cling-application/projects/math/src/mantissa/src/org/spaceroots/mantissa/linalg/SingularMatrixException.java,org.spaceroots.mantissa.linalg.SingularMatrixException,class,1,1,4,0,0,NaN,NaN,1,0,1,0,0,0,1,0,0,0,1,1,0,1,0,0,1,0,0,6,0,0,0,0,0,1,1,1,0,1,0,0,0,0,27,1,0
/Users/pouriad/repos/Cling-application/projects/math/src/mantissa/src/org/spaceroots/mantissa/linalg/UpperTriangularMatrix.java,org.spaceroots.mantissa.linalg.UpperTriangularMatrix,class,7,30,3,8,55,0.0,0.0,11,0,11,0,0,0,11,0,0,0,1,1,0,1,0,0,1,0,4,111,5,10,5,0,12,10,29,36,35,24,3,0,0,0,103,1,0
/Users/pouriad/repos/Cling-application/projects/math/src/mantissa/src/org/spaceroots/mantissa/linalg/GeneralMatrix.java,org.spaceroots.mantissa.linalg.GeneralMatrix,class,4,14,2,0,28,0.0,0.0,8,0,6,0,2,0,8,0,0,0,1,1,0,1,0,0,1,0,0,37,3,2,4,0,4,6,5,5,4,3,1,0,0,0,79,1,0
/Users/pouriad/repos/Cling-application/projects/math/src/mantissa/src/org/spaceroots/mantissa/linalg/SquareMatrix.java,org.spaceroots.mantissa.linalg.SquareMatrix,class,4,7,2,2,21,0.0,0.0,7,0,4,0,3,0,7,2,0,0,0,0,0,0,0,0,0,0,0,19,2,0,0,0,0,0,0,0,0,0,0,0,0,0,76,1025,0
/Users/pouriad/repos/Cling-application/projects/math/src/mantissa/src/org/spaceroots/mantissa/linalg/Matrix.java,org.spaceroots.mantissa.linalg.Matrix,class,4,65,1,14,136,0.5661765,0.5735294,17,0,13,0,4,0,17,3,0,0,3,0,0,0,3,0,3,0,10,216,9,19,7,0,5,22,43,68,28,45,4,0,0,0,171,1025,0
/Users/pouriad/repos/Cling-application/projects/math/src/mantissa/src/org/spaceroots/mantissa/linalg/MatrixFactory.java,org.spaceroots.mantissa.linalg.MatrixFactory,class,7,9,1,0,3,0.0,0.0,3,2,2,1,0,0,2,0,0,0,0,0,0,0,0,0,0,0,0,27,7,0,6,0,0,0,4,0,0,0,2,0,0,0,77,1,0
/Users/pouriad/repos/Cling-application/projects/math/src/mantissa/src/org/spaceroots/mantissa/linalg/NonNullRange.java,org.spaceroots.mantissa.linalg.NonNullRange,class,1,4,1,2,0,0.16666667,0.16666667,4,2,4,0,0,0,4,0,0,0,3,1,2,1,0,0,3,0,4,19,2,0,0,0,0,0,1,5,0,3,0,0,0,0,100,0,0
/Users/pouriad/repos/Cling-application/projects/math/src/mantissa/src/org/spaceroots/mantissa/linalg/GeneralSquareMatrix.java,org.spaceroots.mantissa.linalg.GeneralSquareMatrix,class,10,38,3,11,66,0.27272728,0.27272728,12,0,9,1,2,0,11,0,0,0,5,1,0,5,0,0,1,0,3,156,6,13,9,1,4,7,20,73,32,35,3,0,0,0,112,1,0
/Users/pouriad/repos/Cling-application/projects/math/src/mantissa/src/org/spaceroots/mantissa/linalg/LowerTriangularMatrix.java,org.spaceroots.mantissa.linalg.LowerTriangularMatrix,class,7,30,3,8,55,0.0,0.0,11,0,11,0,0,0,11,0,0,0,1,1,0,1,0,0,1,0,4,111,5,10,5,0,8,10,23,36,25,24,3,0,0,0,103,1,0
/Users/pouriad/repos/Cling-application/projects/math/src/mantissa/src/org/spaceroots/mantissa/linalg/DiagonalMatrix.java,org.spaceroots.mantissa.linalg.DiagonalMatrix,class,6,19,3,4,55,0.0,0.0,11,0,11,0,0,0,11,0,0,0,1,1,0,1,0,0,1,0,2,65,6,5,1,0,1,3,15,19,19,12,2,0,0,0,80,1,0
/Users/pouriad/repos/Cling-application/projects/math/src/mantissa/src/org/spaceroots/mantissa/linalg/SymetricalMatrix.java,org.spaceroots.mantissa.linalg.SymetricalMatrix,class,4,25,4,1,45,0.0,0.0,10,0,10,0,0,0,10,0,0,0,1,1,0,1,0,0,1,0,0,91,1,8,7,0,8,12,13,35,23,19,2,0,0,0,118,1,0
/Users/pouriad/repos/Cling-application/projects/math/src/mantissa/src/org/spaceroots/mantissa/MessagesResources_fr.java,org.spaceroots.mantissa.MessagesResources_fr,class,0,2,3,1,1,0.0,0.0,2,0,2,0,0,0,2,0,0,0,1,1,0,0,0,1,1,0,0,8,1,0,0,0,0,42,0,1,2,1,0,0,0,0,117,1,0
/Users/pouriad/repos/Cling-application/projects/math/src/mantissa/src/org/spaceroots/mantissa/MantissaException.java,org.spaceroots.mantissa.MantissaException,class,1,9,3,5,28,0.0,0.0,8,2,8,0,0,0,8,0,0,0,2,2,0,2,0,0,1,0,6,33,3,0,0,1,0,1,1,2,0,2,1,0,0,0,82,1,0
/Users/pouriad/repos/Cling-application/projects/math/src/mantissa/src/org/spaceroots/mantissa/quadrature/vectorial/ComputableFunctionIntegrator.java,org.spaceroots.mantissa.quadrature.vectorial.ComputableFunctionIntegrator,interface,2,1,1,0,0,NaN,NaN,1,0,1,0,0,0,1,0,0,0,0,0,0,0,0,0,0,0,0,3,0,0,0,0,0,0,0,0,0,0,0,0,0,0,46,1,0
/Users/pouriad/repos/Cling-application/projects/math/src/mantissa/src/org/spaceroots/mantissa/quadrature/vectorial/SampledFunctionIntegrator.java,org.spaceroots.mantissa.quadrature.vectorial.SampledFunctionIntegrator,interface,2,1,1,0,0,NaN,NaN,1,0,1,0,0,0,1,0,0,0,0,0,0,0,0,0,0,0,0,3,0,0,0,0,0,0,0,0,0,0,0,0,0,0,49,1,0
/Users/pouriad/repos/Cling-application/projects/math/src/mantissa/src/org/spaceroots/mantissa/quadrature/vectorial/RiemannIntegrator.java,org.spaceroots.mantissa.quadrature.vectorial.RiemannIntegrator,class,4,3,1,1,0,NaN,NaN,1,0,1,0,0,0,1,0,0,0,0,0,0,0,0,0,0,0,0,14,1,1,0,1,0,0,0,3,0,2,2,0,0,0,60,1,0
/Users/pouriad/repos/Cling-application/projects/math/src/mantissa/src/org/spaceroots/mantissa/quadrature/vectorial/EnhancedSimpsonIntegratorSampler.java,org.spaceroots.mantissa.quadrature.vectorial.EnhancedSimpsonIntegratorSampler,class,3,8,1,4,0,1.0,1.0,4,0,4,0,0,0,4,0,0,0,3,0,0,3,0,0,0,0,0,47,4,3,0,1,12,0,10,23,29,19,2,0,0,0,80,1,0
/Users/pouriad/repos/Cling-application/projects/math/src/mantissa/src/org/spaceroots/mantissa/quadrature/vectorial/EnhancedSimpsonIntegrator.java,org.spaceroots.mantissa.quadrature.vectorial.EnhancedSimpsonIntegrator,class,4,3,1,1,0,NaN,NaN,1,0,1,0,0,0,1,0,0,0,0,0,0,0,0,0,0,0,0,14,1,1,0,1,0,0,0,3,0,2,2,0,0,0,53,1,0
/Users/pouriad/repos/Cling-application/projects/math/src/mantissa/src/org/spaceroots/mantissa/quadrature/vectorial/TrapezoidIntegratorSampler.java,org.spaceroots.mantissa.quadrature.vectorial.TrapezoidIntegratorSampler,class,3,6,1,4,0,1.0,1.0,4,0,4,0,0,0,4,0,0,0,3,0,0,3,0,0,0,0,0,30,3,2,0,0,2,0,4,12,4,9,1,0,0,0,79,1,0
/Users/pouriad/repos/Cling-application/projects/math/src/mantissa/src/org/spaceroots/mantissa/quadrature/vectorial/RiemannIntegratorSampler.java,org.spaceroots.mantissa.quadrature.vectorial.RiemannIntegratorSampler,class,3,6,1,4,0,1.0,1.0,4,0,4,0,0,0,4,0,0,0,3,0,0,3,0,0,0,0,0,29,3,2,0,0,1,0,3,11,2,8,1,0,0,0,76,1,0
/Users/pouriad/repos/Cling-application/projects/math/src/mantissa/src/org/spaceroots/mantissa/quadrature/vectorial/GaussLegendreIntegrator.java,org.spaceroots.mantissa.quadrature.vectorial.GaussLegendreIntegrator,class,3,12,1,4,3,0.33333334,0.33333334,3,0,3,0,0,0,3,0,0,0,2,0,0,0,0,2,0,0,29,50,2,5,0,0,18,0,95,23,64,14,3,0,0,0,113,1,0
/Users/pouriad/repos/Cling-application/projects/math/src/mantissa/src/org/spaceroots/mantissa/quadrature/vectorial/TrapezoidIntegrator.java,org.spaceroots.mantissa.quadrature.vectorial.TrapezoidIntegrator,class,4,3,1,1,0,NaN,NaN,1,0,1,0,0,0,1,0,0,0,0,0,0,0,0,0,0,0,0,14,1,1,0,1,0,0,0,3,0,2,2,0,0,0,35,1,0
/Users/pouriad/repos/Cling-application/projects/math/src/mantissa/src/org/spaceroots/mantissa/quadrature/scalar/ComputableFunctionIntegrator.java,org.spaceroots.mantissa.quadrature.scalar.ComputableFunctionIntegrator,interface,1,1,1,0,0,NaN,NaN,1,0,1,0,0,0,1,0,0,0,0,0,0,0,0,0,0,0,0,3,0,0,0,0,0,0,0,0,0,0,0,0,0,0,46,1,0
/Users/pouriad/repos/Cling-application/projects/math/src/mantissa/src/org/spaceroots/mantissa/quadrature/scalar/SampledFunctionIntegrator.java,org.spaceroots.mantissa.quadrature.scalar.SampledFunctionIntegrator,interface,1,1,1,0,0,NaN,NaN,1,0,1,0,0,0,1,0,0,0,0,0,0,0,0,0,0,0,0,3,0,0,0,0,0,0,0,0,0,0,0,0,0,0,49,1,0
/Users/pouriad/repos/Cling-application/projects/math/src/mantissa/src/org/spaceroots/mantissa/quadrature/scalar/RiemannIntegrator.java,org.spaceroots.mantissa.quadrature.scalar.RiemannIntegrator,class,4,3,1,2,0,NaN,NaN,1,0,1,0,0,0,1,0,0,0,0,0,0,0,0,0,0,0,0,14,1,1,0,1,0,0,1,3,0,2,2,0,0,0,59,1,0
/Users/pouriad/repos/Cling-application/projects/math/src/mantissa/src/org/spaceroots/mantissa/quadrature/scalar/EnhancedSimpsonIntegratorSampler.java,org.spaceroots.mantissa.quadrature.scalar.EnhancedSimpsonIntegratorSampler,class,2,4,1,4,0,1.0,1.0,3,0,3,0,0,0,3,0,0,0,3,0,0,3,0,0,0,0,0,31,3,0,0,1,12,0,7,13,28,10,1,0,0,0,74,1,0
/Users/pouriad/repos/Cling-application/projects/math/src/mantissa/src/org/spaceroots/mantissa/quadrature/scalar/EnhancedSimpsonIntegrator.java,org.spaceroots.mantissa.quadrature.scalar.EnhancedSimpsonIntegrator,class,4,3,1,2,0,NaN,NaN,1,0,1,0,0,0,1,0,0,0,0,0,0,0,0,0,0,0,0,14,1,1,0,1,0,0,1,3,0,2,2,0,0,0,52,1,0
/Users/pouriad/repos/Cling-application/projects/math/src/mantissa/src/org/spaceroots/mantissa/quadrature/scalar/TrapezoidIntegratorSampler.java,org.spaceroots.mantissa.quadrature.scalar.TrapezoidIntegratorSampler,class,2,3,1,4,0,1.0,1.0,3,0,3,0,0,0,3,0,0,0,3,0,0,3,0,0,0,0,0,19,2,0,0,0,2,0,2,6,3,4,0,0,0,0,72,1,0
/Users/pouriad/repos/Cling-application/projects/math/src/mantissa/src/org/spaceroots/mantissa/quadrature/scalar/RiemannIntegratorSampler.java,org.spaceroots.mantissa.quadrature.scalar.RiemannIntegratorSampler,class,2,3,1,4,0,1.0,1.0,3,0,3,0,0,0,3,0,0,0,3,0,0,3,0,0,0,0,0,19,2,0,0,0,1,0,1,6,2,4,0,0,0,0,71,1,0
/Users/pouriad/repos/Cling-application/projects/math/src/mantissa/src/org/spaceroots/mantissa/quadrature/scalar/GaussLegendreIntegrator.java,org.spaceroots.mantissa.quadrature.scalar.GaussLegendreIntegrator,class,3,9,1,3,3,0.33333334,0.33333334,3,0,3,0,0,0,3,0,0,0,2,0,0,0,0,2,0,0,29,41,2,2,0,0,18,0,92,17,65,10,2,0,0,0,112,1,0
/Users/pouriad/repos/Cling-application/projects/math/src/mantissa/src/org/spaceroots/mantissa/quadrature/scalar/TrapezoidIntegrator.java,org.spaceroots.mantissa.quadrature.scalar.TrapezoidIntegrator,class,4,3,1,2,0,NaN,NaN,1,0,1,0,0,0,1,0,0,0,0,0,0,0,0,0,0,0,0,14,1,1,0,1,0,0,1,3,0,2,2,0,0,0,34,1,0
/Users/pouriad/repos/Cling-application/projects/math/src/mantissa/src/org/spaceroots/mantissa/utilities/ArrayMapperEntry.java,org.spaceroots.mantissa.utilities.ArrayMapperEntry,class,1,1,1,0,0,NaN,NaN,1,0,1,0,0,0,1,0,0,0,2,0,2,0,0,0,2,0,0,8,0,0,0,0,0,0,0,2,0,2,0,0,0,0,23,0,0
/Users/pouriad/repos/Cling-application/projects/math/src/mantissa/src/org/spaceroots/mantissa/utilities/Interval.java,org.spaceroots.mantissa.utilities.Interval,class,1,20,1,4,78,0.6923077,0.7051282,13,2,13,0,0,0,13,0,0,0,2,0,0,2,0,0,0,0,5,58,8,0,0,0,6,0,2,14,1,4,1,0,0,0,114,1,0
/Users/pouriad/repos/Cling-application/projects/math/src/mantissa/src/org/spaceroots/mantissa/utilities/ArraySliceMappable.java,org.spaceroots.mantissa.utilities.ArraySliceMappable,interface,1,3,1,0,3,0.0,0.0,3,0,3,0,0,0,3,0,0,0,0,0,0,0,0,0,0,0,0,5,0,0,0,0,0,0,0,0,0,0,0,0,0,0,145,1,0
/Users/pouriad/repos/Cling-application/projects/math/src/mantissa/src/org/spaceroots/mantissa/utilities/MappableArray.java,org.spaceroots.mantissa.utilities.MappableArray,class,2,7,1,2,15,0.6666667,0.6666667,6,0,6,0,0,0,6,0,0,0,1,0,0,0,0,1,0,0,2,24,2,1,0,0,0,0,4,4,0,2,1,0,0,0,53,1,0
/Users/pouriad/repos/Cling-application/projects/math/src/mantissa/src/org/spaceroots/mantissa/utilities/ArrayMapper.java,org.spaceroots.mantissa.utilities.ArrayMapper,class,4,14,1,10,28,0.78571427,1.0,8,0,8,0,0,0,8,0,0,0,3,0,0,3,0,0,0,0,0,53,1,2,4,0,0,0,2,15,0,7,1,0,0,0,85,1,0
/Users/pouriad/repos/Cling-application/projects/math/src/mantissa/src/org/spaceroots/mantissa/utilities/MappableScalar.java,org.spaceroots.mantissa.utilities.MappableScalar,class,2,7,1,0,21,0.71428573,0.71428573,7,0,7,0,0,0,7,0,0,0,1,0,0,0,0,1,0,0,0,24,2,0,0,0,0,0,2,5,0,1,0,0,0,0,57,1,0
/Users/pouriad/repos/Cling-application/projects/math/src/mantissa/src/org/spaceroots/mantissa/utilities/IntervalsList.java,org.spaceroots.mantissa.utilities.IntervalsList,class,2,52,1,25,351,0.43589744,0.43589744,27,6,27,0,0,0,27,0,0,0,1,0,0,1,0,0,0,0,9,178,19,9,1,0,5,0,5,39,3,26,3,0,0,0,138,1,0
/Users/pouriad/repos/Cling-application/projects/math/src/mantissa/src/org/spaceroots/mantissa/functions/ExhaustedSampleException.java,org.spaceroots.mantissa.functions.ExhaustedSampleException,class,1,1,4,1,0,NaN,NaN,1,0,1,0,0,0,1,0,0,0,1,1,0,1,0,0,1,0,1,6,0,0,0,0,0,1,1,1,0,1,0,0,0,0,25,1,0
/Users/pouriad/repos/Cling-application/projects/math/src/mantissa/src/org/spaceroots/mantissa/functions/FunctionException.java,org.spaceroots.mantissa.functions.FunctionException,class,1,3,4,0,3,0.0,0.0,3,0,3,0,0,0,3,0,0,0,1,1,0,1,0,0,1,0,0,12,0,0,0,0,0,0,1,1,0,1,0,0,0,0,44,1,0
/Users/pouriad/repos/Cling-application/projects/math/src/mantissa/src/org/spaceroots/mantissa/functions/vectorial/VectorialValuedPair.java,org.spaceroots.mantissa.functions.vectorial.VectorialValuedPair,class,1,1,1,1,0,NaN,NaN,1,0,1,0,0,0,1,0,0,0,3,1,2,1,0,0,3,0,0,9,0,0,0,0,0,0,1,3,0,3,0,0,0,0,53,1,0
/Users/pouriad/repos/Cling-application/projects/math/src/mantissa/src/org/spaceroots/mantissa/functions/vectorial/ComputableFunction.java,org.spaceroots.mantissa.functions.vectorial.ComputableFunction,interface,1,2,1,0,1,0.0,0.0,2,0,2,0,0,0,2,0,0,0,0,0,0,0,0,0,0,0,0,4,0,0,0,0,0,0,0,0,0,0,0,0,0,0,82,1,0
/Users/pouriad/repos/Cling-application/projects/math/src/mantissa/src/org/spaceroots/mantissa/functions/vectorial/BasicSampledFunctionIterator.java,org.spaceroots.mantissa.functions.vectorial.BasicSampledFunctionIterator,class,4,6,1,3,6,1.0,1.0,4,0,4,0,0,0,4,0,0,0,3,1,0,3,0,0,2,0,0,22,3,0,0,0,0,0,2,4,0,4,1,0,0,0,66,1,0
/Users/pouriad/repos/Cling-application/projects/math/src/mantissa/src/org/spaceroots/mantissa/functions/vectorial/SampledFunction.java,org.spaceroots.mantissa.functions.vectorial.SampledFunction,interface,1,3,1,0,3,0.0,0.0,3,0,3,0,0,0,3,0,0,0,0,0,0,0,0,0,0,0,0,5,0,0,0,0,0,0,0,0,0,0,0,0,0,0,92,1,0
/Users/pouriad/repos/Cling-application/projects/math/src/mantissa/src/org/spaceroots/mantissa/functions/vectorial/SampledFunctionIterator.java,org.spaceroots.mantissa.functions.vectorial.SampledFunctionIterator,interface,1,3,1,0,3,0.0,0.0,3,0,3,0,0,0,3,0,0,0,0,0,0,0,0,0,0,0,0,5,0,0,0,0,0,0,0,0,0,0,0,0,0,0,44,1,0
/Users/pouriad/repos/Cling-application/projects/math/src/mantissa/src/org/spaceroots/mantissa/functions/vectorial/ComputableFunctionSampler.java,org.spaceroots.mantissa.functions.vectorial.ComputableFunctionSampler,class,4,9,1,4,15,0.93333334,1.0,6,0,6,0,0,0,6,0,0,0,5,1,0,5,0,0,1,0,2,44,3,0,0,0,6,0,14,16,12,6,1,0,0,0,128,1,0
/Users/pouriad/repos/Cling-application/projects/math/src/mantissa/src/org/spaceroots/mantissa/functions/scalar/ComputableFunction.java,org.spaceroots.mantissa.functions.scalar.ComputableFunction,interface,0,1,1,0,0,NaN,NaN,1,0,1,0,0,0,1,0,0,0,0,0,0,0,0,0,0,0,0,3,0,0,0,0,0,0,0,0,0,0,0,0,0,0,78,1,0
/Users/pouriad/repos/Cling-application/projects/math/src/mantissa/src/org/spaceroots/mantissa/functions/scalar/BasicSampledFunctionIterator.java,org.spaceroots.mantissa.functions.scalar.BasicSampledFunctionIterator,class,4,5,1,2,0,1.0,1.0,3,0,3,0,0,0,3,0,0,0,3,1,0,3,0,0,2,0,0,19,2,0,0,0,0,0,2,4,0,4,1,0,0,0,65,1,0
/Users/pouriad/repos/Cling-application/projects/math/src/mantissa/src/org/spaceroots/mantissa/functions/scalar/ScalarValuedPair.java,org.spaceroots.mantissa.functions.scalar.ScalarValuedPair,class,1,6,1,0,15,0.73333335,1.0,6,0,6,0,0,0,6,0,0,0,3,1,0,3,0,0,1,0,0,25,2,0,0,0,0,0,1,7,0,3,0,0,0,0,61,1,0
/Users/pouriad/repos/Cling-application/projects/math/src/mantissa/src/org/spaceroots/mantissa/functions/scalar/SampledFunction.java,org.spaceroots.mantissa.functions.scalar.SampledFunction,interface,1,2,1,0,1,0.0,0.0,2,0,2,0,0,0,2,0,0,0,0,0,0,0,0,0,0,0,0,4,0,0,0,0,0,0,0,0,0,0,0,0,0,0,88,1,0
/Users/pouriad/repos/Cling-application/projects/math/src/mantissa/src/org/spaceroots/mantissa/functions/scalar/SampledFunctionIterator.java,org.spaceroots.mantissa.functions.scalar.SampledFunctionIterator,interface,1,2,1,0,1,0.0,0.0,2,0,2,0,0,0,2,0,0,0,0,0,0,0,0,0,0,0,0,4,0,0,0,0,0,0,0,0,0,0,0,0,0,0,40,1,0
/Users/pouriad/repos/Cling-application/projects/math/src/mantissa/src/org/spaceroots/mantissa/functions/scalar/ComputableFunctionSampler.java,org.spaceroots.mantissa.functions.scalar.ComputableFunctionSampler,class,4,8,1,3,0,1.0,1.0,5,0,5,0,0,0,5,0,0,0,5,1,0,5,0,0,1,0,2,41,2,0,0,0,6,0,14,16,12,6,1,0,0,0,126,1,0
/Users/pouriad/repos/Cling-application/projects/math/src/mantissa/src/org/spaceroots/mantissa/random/ScalarSampleStatistics.java,org.spaceroots.mantissa.random.ScalarSampleStatistics,class,2,19,1,2,0,0.5833333,0.7777778,9,0,9,0,0,0,9,0,0,0,5,0,0,5,0,0,0,0,1,78,7,1,4,0,5,0,12,24,9,6,2,0,0,0,77,1,0
/Users/pouriad/repos/Cling-application/projects/math/src/mantissa/src/org/spaceroots/mantissa/random/VectorialSampleStatistics.java,org.spaceroots.mantissa.random.VectorialSampleStatistics,class,4,31,1,3,1,0.4909091,0.8181818,11,0,11,0,0,0,11,0,0,0,8,0,0,8,0,0,0,0,0,136,10,10,5,0,4,0,26,55,13,25,3,0,0,0,154,1,0
/Users/pouriad/repos/Cling-application/projects/math/src/mantissa/src/org/spaceroots/mantissa/algebra/PolynomialFraction.java,org.spaceroots.mantissa.algebra.PolynomialFraction,class,5,37,1,22,171,0.34640524,0.35947713,19,0,18,1,0,0,18,0,0,0,3,1,0,3,0,0,1,0,4,158,11,1,4,0,1,4,14,39,3,19,2,0,0,0,118,1,0
/Users/pouriad/repos/Cling-application/projects/math/src/mantissa/src/org/spaceroots/mantissa/algebra/OrthogonalPolynomial.java,org.spaceroots.mantissa.algebra.OrthogonalPolynomial,class,2,1,3,1,0,NaN,NaN,1,0,0,0,1,0,1,0,0,0,0,0,0,0,0,0,0,0,0,5,0,0,0,0,0,0,0,1,0,0,0,0,0,0,47,1025,0
/Users/pouriad/repos/Cling-application/projects/math/src/mantissa/src/org/spaceroots/mantissa/algebra/RationalNumber.java,org.spaceroots.mantissa.algebra.RationalNumber,class,1,49,1,18,423,0.6758621,0.6896552,31,1,30,1,0,0,30,0,0,0,5,3,2,3,0,0,3,0,7,147,27,0,13,0,10,7,24,25,4,10,1,0,0,0,145,1,0
/Users/pouriad/repos/Cling-application/projects/math/src/mantissa/src/org/spaceroots/mantissa/algebra/CoefficientsGenerator.java,org.spaceroots.mantissa.algebra.CoefficientsGenerator,class,2,9,1,7,10,0.16666667,0.16666667,5,0,1,1,3,0,4,1,0,0,5,0,0,5,0,0,0,0,0,56,1,3,0,0,2,0,8,23,11,15,2,0,0,0,77,1025,0
/Users/pouriad/repos/Cling-application/projects/math/src/mantissa/src/org/spaceroots/mantissa/algebra/Chebyshev.java,org.spaceroots.mantissa.algebra.Chebyshev,class,3,2,4,0,0,1.0,1.0,2,0,2,0,0,0,2,0,0,0,2,2,0,2,0,0,2,0,0,15,0,0,0,0,0,0,5,2,0,2,0,1,0,0,41,1,0
/Users/pouriad/repos/Cling-application/projects/math/src/mantissa/src/org/spaceroots/mantissa/algebra/Chebyshev.java,org.spaceroots.mantissa.algebra.Chebyshev$Anonymous1,anonymous,2,1,1,1,0,NaN,NaN,1,0,1,0,0,0,1,0,0,0,0,0,0,0,0,0,0,0,0,5,0,0,0,0,0,0,3,0,0,0,0,0,0,0,9,-1,0
/Users/pouriad/repos/Cling-application/projects/math/src/mantissa/src/org/spaceroots/mantissa/algebra/Polynomial.java,org.spaceroots.mantissa.algebra.Polynomial$Double,innerclass,5,67,2,14,351,0.54131055,0.54131055,27,0,27,0,0,0,27,0,0,0,2,1,0,1,1,0,1,0,14,216,18,12,21,0,14,5,67,52,26,27,4,0,0,0,138,9,0
/Users/pouriad/repos/Cling-application/projects/math/src/mantissa/src/org/spaceroots/mantissa/algebra/Polynomial.java,org.spaceroots.mantissa.algebra.Polynomial$Rational,innerclass,4,67,2,32,351,0.54131055,0.54131055,27,1,27,0,0,0,27,0,0,0,2,1,0,1,1,0,1,0,12,234,20,13,5,0,8,5,42,62,19,35,4,0,0,0,174,9,0
/Users/pouriad/repos/Cling-application/projects/math/src/mantissa/src/org/spaceroots/mantissa/algebra/Polynomial.java,org.spaceroots.mantissa.algebra.Polynomial,class,2,13,3,3,78,0.0,0.0,13,0,13,0,0,0,13,9,0,0,0,0,0,0,0,0,0,0,0,481,4,0,0,0,0,0,0,0,0,0,0,0,3,0,98,1025,0
/Users/pouriad/repos/Cling-application/projects/math/src/mantissa/src/org/spaceroots/mantissa/algebra/Polynomial.java,org.spaceroots.mantissa.algebra.Polynomial$DivisionResult,innerclass,1,1,1,0,0,NaN,NaN,1,0,1,0,0,0,1,0,0,0,2,0,2,0,0,0,2,0,0,8,0,0,0,0,0,0,0,2,0,2,0,0,0,0,25,9,0
/Users/pouriad/repos/Cling-application/projects/math/src/mantissa/src/org/spaceroots/mantissa/algebra/Legendre.java,org.spaceroots.mantissa.algebra.Legendre,class,3,2,4,0,0,1.0,1.0,2,0,2,0,0,0,2,0,0,0,2,2,0,2,0,0,2,0,0,16,0,0,0,0,0,0,5,2,0,2,0,1,0,0,41,1,0
/Users/pouriad/repos/Cling-application/projects/math/src/mantissa/src/org/spaceroots/mantissa/algebra/Legendre.java,org.spaceroots.mantissa.algebra.Legendre$Anonymous1,anonymous,2,1,1,1,0,NaN,NaN,1,0,1,0,0,0,1,0,0,0,0,0,0,0,0,0,0,0,0,6,0,0,0,0,0,0,4,1,3,1,0,0,0,0,8,-1,0
/Users/pouriad/repos/Cling-application/projects/math/src/mantissa/src/org/spaceroots/mantissa/algebra/Hermite.java,org.spaceroots.mantissa.algebra.Hermite$Anonymous1,anonymous,2,1,1,1,0,NaN,NaN,1,0,1,0,0,0,1,0,0,0,0,0,0,0,0,0,0,0,0,5,0,0,0,0,0,0,3,0,1,0,0,0,0,0,8,-1,0
/Users/pouriad/repos/Cling-application/projects/math/src/mantissa/src/org/spaceroots/mantissa/algebra/Hermite.java,org.spaceroots.mantissa.algebra.Hermite,class,3,2,4,0,0,1.0,1.0,2,0,2,0,0,0,2,0,0,0,2,2,0,2,0,0,2,0,0,15,0,0,0,0,0,0,5,2,0,2,0,1,0,0,43,1,0
/Users/pouriad/repos/Cling-application/projects/math/src/mantissa/src/org/spaceroots/mantissa/algebra/Laguerre.java,org.spaceroots.mantissa.algebra.Laguerre,class,3,2,4,0,0,1.0,1.0,2,0,2,0,0,0,2,0,0,0,2,2,0,2,0,0,2,0,0,16,0,0,0,0,0,0,5,2,0,2,0,1,0,0,40,1,0
/Users/pouriad/repos/Cling-application/projects/math/src/mantissa/src/org/spaceroots/mantissa/algebra/Laguerre.java,org.spaceroots.mantissa.algebra.Laguerre$Anonymous1,anonymous,2,1,1,1,0,NaN,NaN,1,0,1,0,0,0,1,0,0,0,0,0,0,0,0,0,0,0,0,6,0,0,0,0,0,0,4,1,3,1,0,0,0,0,7,-1,0
