file,class,type,cbo,wmc,dit,rfc,lcom,tcc,lcc,totalMethodsQty,staticMethodsQty,publicMethodsQty,privateMethodsQty,protectedMethodsQty,defaultMethodsQty,visibleMethodsQty,abstractMethodsQty,finalMethodsQty,synchronizedMethodsQty,totalFieldsQty,staticFieldsQty,publicFieldsQty,privateFieldsQty,protectedFieldsQty,defaultFieldsQty,finalFieldsQty,synchronizedFieldsQty,nosi,loc,returnQty,loopQty,comparisonsQty,tryCatchQty,parenthesizedExpsQty,stringLiteralsQty,numbersQty,assignmentsQty,mathOperationsQty,variablesQty,maxNestedBlocksQty,anonymousClassesQty,innerClassesQty,lambdasQty,uniqueWordsQty,modifiers,logStatementsQty
/Users/pouriad/repos/Cling-application/projects/time/src/test/java/org/joda/time/TestYearMonthDay_Basics.java,org.joda.time.TestYearMonthDay_Basics$MockInstant,innerclass,4,3,2,3,3,0.0,0.0,3,0,3,0,0,0,3,0,0,0,0,0,0,0,0,0,0,0,0,11,3,0,0,0,0,0,3,0,0,0,0,0,0,0,14,0,0
/Users/pouriad/repos/Cling-application/projects/time/src/test/java/org/joda/time/TestYearMonthDay_Basics.java,org.joda.time.TestYearMonthDay_Basics,class,33,97,3,102,1500,0.17593849,0.22433288,68,2,65,1,2,0,67,0,0,0,20,16,0,20,0,0,16,0,83,685,1,0,5,24,3,19,593,206,17,181,1,0,1,0,167,1,0
/Users/pouriad/repos/Cling-application/projects/time/src/test/java/org/joda/time/TestHours.java,org.joda.time.TestHours,class,21,44,2,46,494,0.002016129,0.002016129,32,2,30,0,2,0,32,0,0,0,1,1,0,1,0,0,1,0,84,300,1,0,0,12,1,10,209,50,8,48,1,0,0,0,102,1,0
/Users/pouriad/repos/Cling-application/projects/time/src/test/java/org/joda/time/TestInterval_Constructors.java,org.joda.time.TestInterval_Constructors$Anonymous1,anonymous,2,3,1,2,3,0.0,0.0,3,0,3,0,0,0,3,0,0,0,0,0,0,0,0,0,0,0,0,12,2,0,0,0,0,0,2,0,0,0,0,0,0,0,14,-1,0
/Users/pouriad/repos/Cling-application/projects/time/src/test/java/org/joda/time/TestInterval_Constructors.java,org.joda.time.TestInterval_Constructors$Anonymous2,anonymous,3,3,1,2,3,0.0,0.0,3,0,3,0,0,0,3,0,0,0,0,0,0,0,0,0,0,0,0,12,2,0,0,0,0,0,2,0,0,0,0,0,0,0,14,-1,0
/Users/pouriad/repos/Cling-application/projects/time/src/test/java/org/joda/time/TestInterval_Constructors.java,org.joda.time.TestInterval_Constructors$MockInterval,innerclass,10,20,1,1,190,0.0,0.0,20,0,20,0,0,0,20,0,0,0,0,0,0,0,0,0,0,0,1,62,20,0,0,0,1,0,8,0,2,0,0,0,0,0,31,0,0
/Users/pouriad/repos/Cling-application/projects/time/src/test/java/org/joda/time/TestInterval_Constructors.java,org.joda.time.TestInterval_Constructors,class,30,64,2,41,773,0.2661827,0.33938295,58,2,56,0,2,0,58,0,0,0,8,2,0,6,0,2,2,0,77,566,1,0,0,8,1,6,492,196,15,158,1,2,1,0,121,1,0
/Users/pouriad/repos/Cling-application/projects/time/src/test/java/org/joda/time/TestLocalTime_Properties.java,org.joda.time.TestLocalTime_Properties,class,12,93,2,61,976,0.007399577,0.007399577,45,2,42,1,2,0,44,0,0,0,5,1,0,5,0,0,1,0,7,648,1,0,8,24,12,33,1046,154,120,78,1,0,0,0,91,1,0
/Users/pouriad/repos/Cling-application/projects/time/src/test/java/org/joda/time/TestPeriod_Constructors.java,org.joda.time.TestPeriod_Constructors,class,23,113,2,54,4463,2.2396416E-4,2.2396416E-4,95,2,93,0,2,0,95,0,0,0,7,1,0,5,0,2,1,0,172,1176,1,0,0,19,17,5,1256,210,147,204,1,0,0,0,149,1,0
/Users/pouriad/repos/Cling-application/projects/time/src/test/java/org/joda/time/TestWeeks.java,org.joda.time.TestWeeks,class,20,46,2,45,494,0.002016129,0.002016129,32,2,30,0,2,0,32,0,0,0,1,1,0,1,0,0,1,0,77,301,1,0,0,14,1,10,195,50,7,48,1,0,0,0,103,1,0
/Users/pouriad/repos/Cling-application/projects/time/src/test/java/org/joda/time/TestInstant_Constructors.java,org.joda.time.TestInstant_Constructors,class,12,16,2,26,87,0.08571429,0.15238096,15,2,13,0,2,0,15,0,0,0,7,2,0,7,0,0,2,0,31,91,1,0,0,2,3,6,40,19,17,16,1,0,0,0,79,1,0
/Users/pouriad/repos/Cling-application/projects/time/src/test/java/org/joda/time/TestPartial_Basics.java,org.joda.time.TestPartial_Basics,class,26,114,2,84,2829,0.043759514,0.07305936,79,2,71,6,2,0,73,0,0,0,20,16,0,20,0,0,16,0,148,748,6,0,5,30,0,36,295,162,20,141,1,0,0,0,188,1,0
/Users/pouriad/repos/Cling-application/projects/time/src/test/java/org/joda/time/TestDateTimeComparator.java,org.joda.time.TestDateTimeComparator,class,12,62,2,58,564,0.2647343,0.47922707,49,2,45,3,1,0,46,0,0,0,16,1,0,1,0,15,1,0,97,519,5,2,5,3,0,254,122,196,7,113,2,0,0,0,159,1,0
/Users/pouriad/repos/Cling-application/projects/time/src/test/java/org/joda/time/TestLocalDateTime_Constructors.java,org.joda.time.TestLocalDateTime_Constructors,class,16,78,2,35,537,0.31236896,0.5178197,54,2,52,0,2,0,54,0,0,0,15,10,0,15,0,0,10,0,28,644,1,0,0,24,3,21,497,69,48,66,1,0,0,0,110,1,0
/Users/pouriad/repos/Cling-application/projects/time/src/test/java/org/joda/time/TestPartial_Match.java,org.joda.time.TestPartial_Match,class,15,9,2,21,24,0.0952381,0.0952381,8,2,5,1,2,0,7,0,0,0,20,16,0,20,0,0,16,0,24,92,2,0,0,1,0,3,110,42,20,24,1,0,0,0,78,1,0
/Users/pouriad/repos/Cling-application/projects/time/src/test/java/org/joda/time/ClassLoadTest.java,org.joda.time.ClassLoadTest,class,5,1,1,1,0,NaN,NaN,1,1,1,0,0,0,1,0,0,0,0,0,0,0,0,0,0,0,0,22,0,0,0,0,0,10,1,8,0,2,0,0,0,0,28,1,0
/Users/pouriad/repos/Cling-application/projects/time/src/test/java/org/joda/time/TestLocalDateTime_Properties.java,org.joda.time.TestLocalDateTime_Properties,class,13,140,2,75,2101,0.010576923,0.010576923,66,2,63,1,2,0,65,0,0,0,7,1,0,7,0,0,1,0,10,912,1,0,18,28,10,61,2067,223,93,123,1,0,0,0,112,1,0
/Users/pouriad/repos/Cling-application/projects/time/src/test/java/org/joda/time/TestStringConvert.java,org.joda.time.TestStringConvert,class,23,25,2,14,294,0.01,0.01,25,2,23,0,2,0,25,0,0,0,1,1,0,1,0,0,1,0,13,136,1,0,0,0,0,22,59,41,0,41,0,0,0,0,46,1,0
/Users/pouriad/repos/Cling-application/projects/time/src/test/java/org/joda/time/TestMutableDateTime_Basics.java,org.joda.time.TestMutableDateTime_Basics$MockInstant,innerclass,3,3,2,1,3,0.0,0.0,3,0,3,0,0,0,3,0,0,0,0,0,0,0,0,0,0,0,1,11,3,0,0,0,0,0,0,0,0,0,0,0,0,0,16,0,0
/Users/pouriad/repos/Cling-application/projects/time/src/test/java/org/joda/time/TestMutableDateTime_Basics.java,org.joda.time.TestMutableDateTime_Basics,class,24,68,5,132,351,0.29616725,0.4390244,42,2,40,0,2,0,42,0,0,0,10,2,0,8,0,2,2,0,123,592,1,0,20,6,3,39,261,126,31,83,1,1,2,0,119,1,0
/Users/pouriad/repos/Cling-application/projects/time/src/test/java/org/joda/time/TestMutableDateTime_Basics.java,org.joda.time.TestMutableDateTime_Basics$Anonymous1,anonymous,6,3,1,4,3,0.0,0.0,3,0,3,0,0,0,3,0,0,0,0,0,0,0,0,0,0,0,3,11,3,0,0,0,0,0,0,0,0,0,0,0,0,0,10,-1,0
/Users/pouriad/repos/Cling-application/projects/time/src/test/java/org/joda/time/TestMutableDateTime_Basics.java,org.joda.time.TestMutableDateTime_Basics$MockEqualsChronology,innerclass,4,5,3,0,10,0.0,0.0,5,0,5,0,0,0,5,0,0,0,0,0,0,0,0,0,0,0,0,17,5,0,0,0,0,1,0,0,0,0,0,0,0,0,19,0,0
/Users/pouriad/repos/Cling-application/projects/time/src/test/java/org/joda/time/TestMutableDateTime_Constructors.java,org.joda.time.TestMutableDateTime_Constructors,class,15,73,2,31,515,0.26179463,0.6160962,47,2,45,0,2,0,47,0,0,0,9,2,0,7,0,2,2,0,85,411,1,0,0,29,3,9,312,52,19,49,1,0,0,0,86,1,0
/Users/pouriad/repos/Cling-application/projects/time/src/test/java/org/joda/time/chrono/TestCopticChronology.java,org.joda.time.chrono.TestCopticChronology,class,19,36,2,120,133,0.21212122,0.5194805,22,2,20,0,2,0,22,0,0,0,13,8,0,12,0,1,7,0,167,436,2,1,10,1,29,48,495,71,130,51,3,0,0,0,110,1,0
/Users/pouriad/repos/Cling-application/projects/time/src/test/java/org/joda/time/chrono/TestEthiopicChronology.java,org.joda.time.chrono.TestEthiopicChronology,class,19,36,2,120,133,0.21212122,0.5194805,22,2,20,0,2,0,22,0,0,0,13,8,0,12,0,1,7,0,167,436,2,1,10,1,29,48,495,71,130,51,3,0,0,0,111,1,0
/Users/pouriad/repos/Cling-application/projects/time/src/test/java/org/joda/time/chrono/TestIslamicChronology.java,org.joda.time.chrono.TestIslamicChronology,class,20,48,2,110,243,0.15384616,0.38746437,27,2,25,0,2,0,27,0,0,0,12,7,0,11,0,1,6,0,171,591,2,1,1,1,8,48,443,74,26,48,3,0,0,0,109,1,0
/Users/pouriad/repos/Cling-application/projects/time/src/test/java/org/joda/time/chrono/TestGJChronology.java,org.joda.time.chrono.TestGJChronology,class,21,46,2,105,465,0.09677419,0.13306452,34,2,30,2,2,0,32,0,0,0,8,3,0,7,0,1,3,0,246,390,1,2,4,7,1,159,227,38,6,28,1,0,0,0,120,1,0
/Users/pouriad/repos/Cling-application/projects/time/src/test/java/org/joda/time/chrono/TestISOChronology.java,org.joda.time.chrono.TestISOChronology,class,20,37,2,100,209,0.0952381,0.121212125,23,2,20,1,2,0,22,0,0,0,8,3,0,7,0,1,3,0,219,328,1,1,3,4,4,106,134,41,20,34,1,0,0,0,101,1,0
/Users/pouriad/repos/Cling-application/projects/time/src/test/java/org/joda/time/chrono/TestLenientChronology.java,org.joda.time.chrono.TestLenientChronology,class,12,17,2,16,99,0.00952381,0.00952381,15,2,13,0,2,0,15,0,0,0,3,3,0,3,0,0,1,0,27,101,1,0,0,2,0,21,88,34,2,25,1,0,0,0,69,1,0
/Users/pouriad/repos/Cling-application/projects/time/src/test/java/org/joda/time/chrono/TestBuddhistChronology.java,org.joda.time.chrono.TestBuddhistChronology,class,19,23,2,85,113,0.16959064,0.22222222,19,2,17,0,2,0,19,0,0,0,14,9,0,13,0,1,8,0,173,287,2,1,0,1,1,45,188,57,6,38,2,0,0,0,95,1,0
/Users/pouriad/repos/Cling-application/projects/time/src/test/java/org/joda/time/chrono/gj/TestGJWeekyearField.java,org.joda.time.chrono.gj.TestGJWeekyearField,class,7,14,5,12,55,0.0,0.0,11,0,11,0,0,0,11,0,0,0,0,0,0,0,0,0,0,0,1,43,10,0,2,0,1,0,13,4,3,2,2,0,0,0,29,0,0
/Users/pouriad/repos/Cling-application/projects/time/src/test/java/org/joda/time/chrono/gj/TestJulianYearField.java,org.joda.time.chrono.gj.TestJulianYearField,class,4,8,6,7,10,0.0,0.0,5,0,5,0,0,0,5,0,0,0,0,0,0,0,0,0,0,0,2,31,4,0,0,0,0,0,5,4,2,4,2,0,0,0,22,0,0
/Users/pouriad/repos/Cling-application/projects/time/src/test/java/org/joda/time/chrono/gj/TestGJChronology.java,org.joda.time.chrono.gj.TestGJChronology,class,14,50,3,19,920,0.010570824,0.010570824,44,3,16,0,0,28,44,8,0,0,2,1,0,1,0,1,2,0,6,142,37,0,1,0,3,2,24,3,27,3,1,0,0,0,153,1024,0
/Users/pouriad/repos/Cling-application/projects/time/src/test/java/org/joda/time/chrono/gj/TestGJDayOfMonthField.java,org.joda.time.chrono.gj.TestGJDayOfMonthField,class,6,10,5,10,36,0.0,0.0,9,0,9,0,0,0,9,0,0,0,0,0,0,0,0,0,0,0,1,34,8,0,0,0,0,0,20,3,3,2,1,0,0,0,27,0,0
/Users/pouriad/repos/Cling-application/projects/time/src/test/java/org/joda/time/chrono/gj/TestGJYearField.java,org.joda.time.chrono.gj.TestGJYearField,class,7,15,5,13,55,0.0,0.0,11,0,11,0,0,0,11,0,0,0,0,0,0,0,0,0,0,0,1,40,10,0,2,0,1,0,13,3,2,1,1,0,0,0,28,0,0
/Users/pouriad/repos/Cling-application/projects/time/src/test/java/org/joda/time/chrono/gj/TestJulianWeekyearField.java,org.joda.time.chrono.gj.TestJulianWeekyearField,class,4,8,6,7,10,0.0,0.0,5,0,5,0,0,0,5,0,0,0,0,0,0,0,0,0,0,0,2,31,4,0,0,0,0,0,5,4,2,4,2,0,0,0,22,0,0
/Users/pouriad/repos/Cling-application/projects/time/src/test/java/org/joda/time/chrono/gj/TestGJDayOfYearField.java,org.joda.time.chrono.gj.TestGJDayOfYearField,class,6,10,5,10,36,0.0,0.0,9,0,9,0,0,0,9,0,0,0,0,0,0,0,0,0,0,0,1,30,8,0,0,0,1,0,7,1,5,1,0,0,0,0,26,0,0
/Users/pouriad/repos/Cling-application/projects/time/src/test/java/org/joda/time/chrono/gj/TestGJDayOfWeekField.java,org.joda.time.chrono.gj.TestGJDayOfWeekField,class,5,9,5,7,28,0.0,0.0,8,0,8,0,0,0,8,0,0,0,0,0,0,0,0,0,0,0,2,30,7,0,1,0,0,0,5,2,3,1,1,0,0,0,26,0,0
/Users/pouriad/repos/Cling-application/projects/time/src/test/java/org/joda/time/chrono/gj/TestGregorianChronology.java,org.joda.time.chrono.gj.TestGregorianChronology,class,3,23,4,8,55,0.0,0.0,11,0,3,0,0,8,11,0,0,0,0,0,0,0,0,0,0,0,16,84,10,0,7,0,6,2,63,26,32,21,2,0,0,0,96,17,0
/Users/pouriad/repos/Cling-application/projects/time/src/test/java/org/joda/time/chrono/gj/TestGJMonthOfYearField.java,org.joda.time.chrono.gj.TestGJMonthOfYearField,class,7,16,5,18,55,0.0,0.0,11,0,11,0,0,0,11,0,0,0,0,0,0,0,0,0,0,0,3,55,10,1,2,0,0,0,22,13,4,8,1,0,0,0,35,0,0
/Users/pouriad/repos/Cling-application/projects/time/src/test/java/org/joda/time/chrono/gj/TestAll.java,org.joda.time.chrono.gj.TestAll,class,5,3,2,3,3,0.0,0.0,3,2,3,0,0,0,3,0,0,0,0,0,0,0,0,0,0,0,0,15,1,0,0,0,0,0,6,2,0,2,0,0,0,0,16,1,0
/Users/pouriad/repos/Cling-application/projects/time/src/test/java/org/joda/time/chrono/gj/TestJulianChronology.java,org.joda.time.chrono.gj.TestJulianChronology,class,9,31,4,10,103,0.008333334,0.008333334,15,0,7,0,0,8,16,0,0,0,1,1,0,1,0,0,1,0,7,104,13,0,7,0,9,5,62,21,32,15,1,0,0,0,97,17,0
/Users/pouriad/repos/Cling-application/projects/time/src/test/java/org/joda/time/chrono/gj/MainTest.java,org.joda.time.chrono.gj.MainTest,class,14,49,2,56,180,1.0,1.0,21,3,3,18,0,0,3,0,0,0,13,8,2,11,0,0,13,0,7,280,10,1,12,2,8,92,36,70,81,37,3,0,0,0,172,1,0
/Users/pouriad/repos/Cling-application/projects/time/src/test/java/org/joda/time/chrono/gj/TestGJDateTimeField.java,org.joda.time.chrono.gj.TestGJDateTimeField,class,4,4,4,1,6,0.0,0.0,4,0,4,0,0,0,4,1,0,0,1,0,0,0,1,0,1,0,0,14,2,0,0,0,0,0,0,1,0,1,0,0,0,0,18,1024,0
/Users/pouriad/repos/Cling-application/projects/time/src/test/java/org/joda/time/chrono/gj/TestGJWeekOfWeekyearField.java,org.joda.time.chrono.gj.TestGJWeekOfWeekyearField,class,7,9,5,11,36,0.0,0.0,9,0,9,0,0,0,9,0,0,0,0,0,0,0,0,0,0,0,1,34,8,0,0,0,1,0,12,5,3,2,0,0,0,0,26,0,0
/Users/pouriad/repos/Cling-application/projects/time/src/test/java/org/joda/time/chrono/gj/TestJulianMonthOfYearField.java,org.joda.time.chrono.gj.TestJulianMonthOfYearField,class,5,9,6,11,3,0.0,0.0,3,0,3,0,0,0,3,0,0,0,0,0,0,0,0,0,0,0,2,38,2,1,2,0,0,0,11,8,3,4,2,0,0,0,19,0,0
/Users/pouriad/repos/Cling-application/projects/time/src/test/java/org/joda/time/chrono/gj/TestJulianDayOfMonthField.java,org.joda.time.chrono.gj.TestJulianDayOfMonthField,class,3,2,6,1,1,0.0,0.0,2,0,2,0,0,0,2,0,0,0,0,0,0,0,0,0,0,0,0,8,1,0,0,0,0,0,0,0,0,0,0,0,0,0,15,0,0
/Users/pouriad/repos/Cling-application/projects/time/src/test/java/org/joda/time/chrono/TestGregorianChronology.java,org.joda.time.chrono.TestGregorianChronology,class,14,19,2,69,82,0.1985294,0.2647059,17,2,15,0,2,0,17,0,0,0,8,3,0,7,0,1,3,0,167,213,1,0,0,2,1,45,50,19,4,13,1,0,0,0,77,1,0
/Users/pouriad/repos/Cling-application/projects/time/src/test/java/org/joda/time/chrono/TestAll.java,org.joda.time.chrono.TestAll,class,13,3,2,12,3,0.0,0.0,3,2,3,0,0,0,3,0,0,0,1,1,1,0,0,0,0,0,10,23,1,0,0,0,0,0,0,3,0,2,0,0,0,0,20,1,0
/Users/pouriad/repos/Cling-application/projects/time/src/test/java/org/joda/time/chrono/TestJulianChronology.java,org.joda.time.chrono.TestJulianChronology,class,10,18,2,65,66,0.225,0.3,16,2,14,0,2,0,16,0,0,0,8,3,0,7,0,1,3,0,166,206,1,0,0,2,1,45,44,16,4,10,1,0,0,0,69,1,0
/Users/pouriad/repos/Cling-application/projects/time/src/test/java/org/joda/time/TestMonthDay_Basics.java,org.joda.time.TestMonthDay_Basics$MockMD,innerclass,4,3,2,2,3,0.0,0.0,3,0,3,0,0,0,3,0,0,0,0,0,0,0,0,0,0,0,0,11,3,0,0,0,0,0,2,0,0,0,0,0,0,0,15,0,0
/Users/pouriad/repos/Cling-application/projects/time/src/test/java/org/joda/time/TestMonthDay_Basics.java,org.joda.time.TestMonthDay_Basics,class,31,97,3,83,2116,0.036635008,0.06965174,68,2,65,1,2,0,67,0,0,0,11,9,0,11,0,0,9,0,86,615,1,0,5,24,1,19,338,170,3,162,1,0,1,0,151,1,0
/Users/pouriad/repos/Cling-application/projects/time/src/test/java/org/joda/time/TestDuration_Constructors.java,org.joda.time.TestDuration_Constructors,class,10,23,2,22,245,0.015810277,0.023715414,23,2,21,0,2,0,23,0,0,0,10,2,0,8,0,2,2,0,32,150,1,0,0,0,3,6,214,62,48,46,0,0,0,0,93,1,0
/Users/pouriad/repos/Cling-application/projects/time/src/test/java/org/joda/time/MockPartial.java,org.joda.time.MockPartial,class,10,12,1,4,66,0.0,0.0,12,0,12,0,0,0,12,0,0,0,1,1,1,0,0,0,1,0,1,39,12,0,0,0,0,0,4,1,0,1,0,0,0,0,46,1,0
/Users/pouriad/repos/Cling-application/projects/time/src/test/java/org/joda/time/TestTimeOfDay_Constructors.java,org.joda.time.TestTimeOfDay_Constructors,class,14,94,2,30,425,0.33333334,0.49411765,51,2,49,0,2,0,51,0,0,0,8,4,0,8,0,0,4,0,60,636,1,0,0,43,0,14,366,62,39,59,1,0,0,0,106,1,0
/Users/pouriad/repos/Cling-application/projects/time/src/test/java/org/joda/time/TestDateTimeZone.java,org.joda.time.TestDateTimeZone$MockNullIDSProvider,innerclass,2,2,1,0,1,0.0,0.0,2,0,2,0,0,0,2,0,0,0,0,0,0,0,0,0,0,0,0,8,2,0,0,0,0,0,0,0,0,0,0,0,0,0,15,8,0
/Users/pouriad/repos/Cling-application/projects/time/src/test/java/org/joda/time/TestDateTimeZone.java,org.joda.time.TestDateTimeZone$MockOKProvider,innerclass,2,2,1,1,1,0.0,0.0,2,0,2,0,0,0,2,0,0,0,0,0,0,0,0,0,0,0,0,11,2,0,0,0,0,2,0,1,0,1,0,0,0,0,15,8,0
/Users/pouriad/repos/Cling-application/projects/time/src/test/java/org/joda/time/TestDateTimeZone.java,org.joda.time.TestDateTimeZone$MockDateTimeZone,innerclass,1,8,2,0,28,0.0,0.0,8,0,8,0,0,0,8,0,0,0,0,0,0,0,0,0,0,0,0,26,7,0,0,0,0,0,4,0,0,0,0,0,0,0,21,8,0
/Users/pouriad/repos/Cling-application/projects/time/src/test/java/org/joda/time/TestDateTimeZone.java,org.joda.time.TestDateTimeZone$Anonymous1,anonymous,1,4,1,1,3,0.0,0.0,3,0,3,0,0,0,3,0,0,0,0,0,0,0,0,0,0,0,0,15,3,0,0,0,0,0,0,1,0,1,1,0,0,0,18,-1,0
/Users/pouriad/repos/Cling-application/projects/time/src/test/java/org/joda/time/TestDateTimeZone.java,org.joda.time.TestDateTimeZone$Anonymous2,anonymous,0,2,1,1,1,0.0,0.0,2,0,2,0,0,0,2,0,0,0,0,0,0,0,0,0,0,0,0,9,1,0,0,0,0,0,0,1,0,1,0,0,0,0,10,-1,0
/Users/pouriad/repos/Cling-application/projects/time/src/test/java/org/joda/time/TestDateTimeZone.java,org.joda.time.TestDateTimeZone$MockOKButNullNameProvider,innerclass,1,2,1,0,1,0.0,0.0,2,0,2,0,0,0,2,0,0,0,0,0,0,0,0,0,0,0,0,8,2,0,0,0,0,0,0,0,0,0,0,0,0,0,13,8,0
/Users/pouriad/repos/Cling-application/projects/time/src/test/java/org/joda/time/TestDateTimeZone.java,org.joda.time.TestDateTimeZone,class,22,94,3,75,268,0.095776774,0.14404224,49,2,47,0,2,0,52,0,0,0,12,6,0,9,0,3,6,0,188,818,4,1,12,28,12,198,311,110,47,92,2,3,7,0,163,1,0
/Users/pouriad/repos/Cling-application/projects/time/src/test/java/org/joda/time/TestDateTimeZone.java,org.joda.time.TestDateTimeZone$MockNoUTCProvider,innerclass,2,2,1,1,1,0.0,0.0,2,0,2,0,0,0,2,0,0,0,0,0,0,0,0,0,0,0,0,10,2,0,0,0,0,1,0,1,0,1,0,0,0,0,18,8,0
/Users/pouriad/repos/Cling-application/projects/time/src/test/java/org/joda/time/TestDateTimeZone.java,org.joda.time.TestDateTimeZone$MockBadUTCProvider,innerclass,2,2,1,1,1,0.0,0.0,2,0,2,0,0,0,2,0,0,0,0,0,0,0,0,0,0,0,0,11,2,0,0,0,0,2,0,1,0,1,0,0,0,0,18,8,0
/Users/pouriad/repos/Cling-application/projects/time/src/test/java/org/joda/time/TestDateTimeZone.java,org.joda.time.TestDateTimeZone$Anonymous3,anonymous,0,7,1,0,21,0.0,0.0,7,0,7,0,0,0,7,0,0,0,0,0,0,0,0,0,0,0,0,23,7,0,0,0,0,0,4,0,0,0,0,0,0,0,16,-1,0
/Users/pouriad/repos/Cling-application/projects/time/src/test/java/org/joda/time/TestDateTimeZone.java,org.joda.time.TestDateTimeZone$MockEmptyIDSProvider,innerclass,2,2,1,0,1,0.0,0.0,2,0,2,0,0,0,2,0,0,0,0,0,0,0,0,0,0,0,0,8,2,0,0,0,0,0,0,0,0,0,0,0,0,0,16,8,0
/Users/pouriad/repos/Cling-application/projects/time/src/test/java/org/joda/time/TestDateTime_Properties.java,org.joda.time.TestDateTime_Properties,class,22,152,2,112,3269,0.007828967,0.01385125,82,2,80,0,2,0,82,0,0,0,10,3,0,8,0,2,3,0,18,1158,1,0,22,24,4,298,1333,262,43,154,1,0,0,0,124,1,0
/Users/pouriad/repos/Cling-application/projects/time/src/test/java/org/joda/time/TestDateTimeZoneCutover.java,org.joda.time.TestDateTimeZoneCutover,class,18,151,2,59,5492,0.16500066,0.16500066,129,2,121,6,2,0,123,0,0,0,15,15,0,15,0,0,6,0,23,1037,1,1,2,14,0,371,1259,292,29,292,2,0,0,0,220,1,0
/Users/pouriad/repos/Cling-application/projects/time/src/test/java/org/joda/time/TestDays.java,org.joda.time.TestDays,class,20,45,2,46,494,0.002016129,0.002016129,32,2,30,0,2,0,32,0,0,0,1,1,0,1,0,0,1,0,83,304,1,0,0,13,1,10,202,50,7,48,1,0,0,0,103,1,0
/Users/pouriad/repos/Cling-application/projects/time/src/test/java/org/joda/time/TestDateTime_Basics.java,org.joda.time.TestDateTime_Basics$MockInstant,innerclass,3,3,2,0,3,0.0,0.0,3,0,3,0,0,0,3,0,0,0,0,0,0,0,0,0,0,0,0,11,3,0,0,0,0,0,0,0,0,0,0,0,0,0,22,0,0
/Users/pouriad/repos/Cling-application/projects/time/src/test/java/org/joda/time/TestDateTime_Basics.java,org.joda.time.TestDateTime_Basics,class,38,102,5,194,1178,0.34308663,0.7128514,85,2,82,1,2,0,84,0,0,0,19,11,0,17,0,2,11,0,81,973,1,0,5,12,7,29,839,298,54,192,1,1,2,0,156,1,0
/Users/pouriad/repos/Cling-application/projects/time/src/test/java/org/joda/time/TestDateTime_Basics.java,org.joda.time.TestDateTime_Basics$MockEqualsChronology,innerclass,4,5,3,0,10,0.0,0.0,5,0,5,0,0,0,5,0,0,0,0,0,0,0,0,0,0,0,0,17,5,0,0,0,0,1,0,0,0,0,0,0,0,0,19,0,0
/Users/pouriad/repos/Cling-application/projects/time/src/test/java/org/joda/time/TestDateTime_Basics.java,org.joda.time.TestDateTime_Basics$Anonymous1,anonymous,6,3,1,4,3,0.0,0.0,3,0,3,0,0,0,3,0,0,0,0,0,0,0,0,0,0,0,3,11,3,0,0,0,0,0,0,0,0,0,0,0,0,0,10,-1,0
/Users/pouriad/repos/Cling-application/projects/time/src/test/java/org/joda/time/TestBasePartial.java,org.joda.time.TestBasePartial$MockPartial,innerclass,4,10,3,5,28,0.0,0.0,8,0,6,0,1,1,8,0,0,0,0,0,0,0,0,0,0,0,0,33,5,0,0,0,0,0,9,0,0,0,1,0,0,0,23,8,0
/Users/pouriad/repos/Cling-application/projects/time/src/test/java/org/joda/time/TestBasePartial.java,org.joda.time.TestBasePartial,class,7,8,4,14,13,0.06666667,0.06666667,6,2,4,0,2,0,6,0,0,0,5,1,0,5,0,0,1,0,7,89,1,0,0,2,3,1,41,8,17,6,1,0,1,0,64,1,0
/Users/pouriad/repos/Cling-application/projects/time/src/test/java/org/joda/time/TestYearMonth_Properties.java,org.joda.time.TestYearMonth_Properties,class,16,54,2,53,270,0.011857707,0.011857707,24,2,21,1,2,0,23,0,0,0,7,2,0,7,0,0,2,0,16,287,1,0,14,8,3,22,192,63,24,44,1,0,0,0,93,1,0
/Users/pouriad/repos/Cling-application/projects/time/src/test/java/org/joda/time/TestTimeOfDay_Basics.java,org.joda.time.TestTimeOfDay_Basics$MockInstant,innerclass,6,3,2,5,3,0.0,0.0,3,0,3,0,0,0,3,0,0,0,0,0,0,0,0,0,0,0,5,11,3,0,0,0,0,0,4,0,0,0,0,0,0,0,7,0,0
/Users/pouriad/repos/Cling-application/projects/time/src/test/java/org/joda/time/TestTimeOfDay_Basics.java,org.joda.time.TestTimeOfDay_Basics,class,32,84,3,101,1407,0.077067666,0.0858396,58,2,55,1,2,0,57,0,0,0,20,16,0,20,0,0,16,0,102,613,1,0,5,21,0,21,585,177,21,141,1,0,1,0,157,1,0
/Users/pouriad/repos/Cling-application/projects/time/src/test/java/org/joda/time/TestPeriodType.java,org.joda.time.TestPeriodType,class,10,174,2,66,1077,0.002020202,0.003030303,47,2,43,2,2,0,45,0,0,0,10,2,0,8,0,2,2,0,360,713,1,0,121,6,3,63,242,113,19,71,1,0,0,0,112,1,0
/Users/pouriad/repos/Cling-application/projects/time/src/test/java/org/joda/time/TestBaseSingleFieldPeriod.java,org.joda.time.TestBaseSingleFieldPeriod$Single,innerclass,6,8,2,7,28,0.0,0.0,8,3,8,0,0,0,8,0,0,0,0,0,0,0,0,0,0,0,5,26,6,0,0,0,0,0,0,0,0,0,0,0,0,0,24,8,0
/Users/pouriad/repos/Cling-application/projects/time/src/test/java/org/joda/time/TestBaseSingleFieldPeriod.java,org.joda.time.TestBaseSingleFieldPeriod,class,22,44,3,39,136,0.0,0.0,17,2,15,0,2,0,17,0,0,0,1,1,0,1,0,0,1,0,72,239,1,0,8,13,0,2,129,24,0,24,1,0,1,0,80,1,0
/Users/pouriad/repos/Cling-application/projects/time/src/test/java/org/joda/time/TestPartial_Constructors.java,org.joda.time.TestPartial_Constructors,class,14,51,2,32,295,0.093333334,0.15333334,27,2,23,2,2,0,25,0,0,0,10,6,0,10,0,0,6,0,74,292,1,0,0,20,0,31,80,41,22,31,1,0,0,0,105,1,0
/Users/pouriad/repos/Cling-application/projects/time/src/test/java/org/joda/time/TestMonths.java,org.joda.time.TestMonths,class,13,35,2,32,323,0.003076923,0.003076923,26,2,24,0,2,0,26,0,0,0,1,1,0,1,0,0,1,0,62,252,1,0,0,9,0,10,172,39,2,38,1,0,0,0,94,1,0
/Users/pouriad/repos/Cling-application/projects/time/src/test/java/org/joda/time/TestDateMidnight_Constructors.java,org.joda.time.TestDateMidnight_Constructors,class,15,73,2,30,707,0.17298797,0.6160962,47,2,45,0,2,0,47,0,0,0,15,2,0,13,0,2,2,0,81,435,1,0,0,29,7,9,229,57,43,54,1,0,0,0,88,1,0
/Users/pouriad/repos/Cling-application/projects/time/src/test/java/org/joda/time/TestDateTimeUtils.java,org.joda.time.TestDateTimeUtils,class,23,56,2,47,360,0.020689655,0.020689655,28,2,26,0,2,0,30,0,0,0,11,6,0,9,0,2,6,0,132,362,5,0,5,17,14,6,158,52,27,50,2,7,0,0,119,1,0
/Users/pouriad/repos/Cling-application/projects/time/src/test/java/org/joda/time/TestDateTimeUtils.java,org.joda.time.TestDateTimeUtils$Anonymous7,anonymous,1,1,1,0,0,NaN,NaN,1,0,1,0,0,0,1,0,0,0,0,0,0,0,0,0,0,0,0,5,1,0,0,0,0,0,0,0,0,0,0,0,0,0,3,-1,0
/Users/pouriad/repos/Cling-application/projects/time/src/test/java/org/joda/time/TestDateTimeUtils.java,org.joda.time.TestDateTimeUtils$Anonymous5,anonymous,0,1,1,0,0,NaN,NaN,1,0,1,0,0,0,1,0,0,0,0,0,0,0,0,0,0,0,0,5,1,0,0,0,0,0,1,0,0,0,0,0,0,0,4,-1,0
/Users/pouriad/repos/Cling-application/projects/time/src/test/java/org/joda/time/TestDateTimeUtils.java,org.joda.time.TestDateTimeUtils$Anonymous6,anonymous,1,2,1,0,1,0.0,0.0,2,0,2,0,0,0,2,0,0,0,0,0,0,0,0,0,0,0,0,8,2,0,0,0,0,0,1,0,0,0,0,0,0,0,6,-1,0
/Users/pouriad/repos/Cling-application/projects/time/src/test/java/org/joda/time/TestDateTimeUtils.java,org.joda.time.TestDateTimeUtils$Anonymous3,anonymous,0,0,1,0,0,-1.0,-1.0,0,0,0,0,0,0,0,0,0,0,0,0,0,0,0,0,0,0,0,2,0,0,0,0,0,0,0,0,0,0,0,0,0,0,0,-1,0
/Users/pouriad/repos/Cling-application/projects/time/src/test/java/org/joda/time/TestDateTimeUtils.java,org.joda.time.TestDateTimeUtils$Anonymous4,anonymous,0,1,1,0,0,NaN,NaN,1,0,1,0,0,0,1,0,0,0,0,0,0,0,0,0,0,0,0,5,1,0,0,0,0,0,1,0,0,0,0,0,0,0,4,-1,0
/Users/pouriad/repos/Cling-application/projects/time/src/test/java/org/joda/time/TestDateTimeUtils.java,org.joda.time.TestDateTimeUtils$Anonymous1,anonymous,1,4,1,1,3,0.0,0.0,3,0,3,0,0,0,3,0,0,0,0,0,0,0,0,0,0,0,0,15,3,0,0,0,0,0,0,1,0,1,1,0,0,0,18,-1,0
/Users/pouriad/repos/Cling-application/projects/time/src/test/java/org/joda/time/TestDateTimeUtils.java,org.joda.time.TestDateTimeUtils$Anonymous2,anonymous,0,2,1,1,1,0.0,0.0,2,0,2,0,0,0,2,0,0,0,0,0,0,0,0,0,0,0,0,9,1,0,0,0,0,0,0,1,0,1,0,0,0,0,10,-1,0
/Users/pouriad/repos/Cling-application/projects/time/src/test/java/org/joda/time/TestLocalTime_Constructors.java,org.joda.time.TestLocalTime_Constructors,class,18,100,2,39,694,0.32787699,0.4940476,64,2,62,0,2,0,64,0,0,0,15,11,0,15,0,0,11,0,39,686,1,0,0,36,0,25,391,85,43,82,1,0,0,0,120,1,0
/Users/pouriad/repos/Cling-application/projects/time/src/test/java/org/joda/time/TestMinutes.java,org.joda.time.TestMinutes,class,21,43,2,46,494,0.002016129,0.002016129,32,2,30,0,2,0,32,0,0,0,1,1,0,1,0,0,1,0,79,284,1,0,0,11,1,10,200,50,8,48,1,0,0,0,102,1,0
/Users/pouriad/repos/Cling-application/projects/time/src/test/java/org/joda/time/TestYearMonthDay_Properties.java,org.joda.time.TestYearMonthDay_Properties,class,16,73,2,59,518,0.010080645,0.010080645,33,2,30,1,2,0,32,0,0,0,7,2,0,7,0,0,2,0,16,451,1,0,16,12,3,30,480,115,30,62,1,0,0,0,99,1,0
/Users/pouriad/repos/Cling-application/projects/time/src/test/java/org/joda/time/TestYearMonth_Constructors.java,org.joda.time.TestYearMonth_Constructors,class,14,48,2,28,295,0.23707666,0.49197862,34,2,32,0,2,0,34,0,0,0,9,5,0,9,0,0,5,0,26,283,1,0,0,14,3,12,123,43,17,40,1,0,0,0,94,1,0
/Users/pouriad/repos/Cling-application/projects/time/src/test/java/org/joda/time/field/TestPreciseDateTimeField.java,org.joda.time.field.TestPreciseDateTimeField$MockCountingDurationField,innerclass,2,9,3,0,34,0.027777778,0.027777778,9,0,8,0,1,0,9,0,0,0,4,3,0,0,0,4,0,0,0,37,8,0,0,0,2,0,9,4,4,4,0,0,0,0,28,8,0
/Users/pouriad/repos/Cling-application/projects/time/src/test/java/org/joda/time/field/TestPreciseDateTimeField.java,org.joda.time.field.TestPreciseDateTimeField$MockStandardDateTimeField,innerclass,4,3,6,3,3,0.0,0.0,3,0,2,0,1,0,3,0,0,0,0,0,0,0,0,0,0,0,2,11,2,0,0,0,0,0,0,0,0,0,0,0,0,0,9,8,0
/Users/pouriad/repos/Cling-application/projects/time/src/test/java/org/joda/time/field/TestPreciseDateTimeField.java,org.joda.time.field.TestPreciseDateTimeField$MockImpreciseDurationField,innerclass,2,9,3,0,36,0.0,0.0,9,0,8,0,1,0,9,0,0,0,0,0,0,0,0,0,0,0,0,29,8,0,0,0,0,0,7,0,0,0,0,0,0,0,22,8,0
/Users/pouriad/repos/Cling-application/projects/time/src/test/java/org/joda/time/field/TestPreciseDateTimeField.java,org.joda.time.field.TestPreciseDateTimeField,class,16,67,17,60,1431,0.0,0.0,54,2,52,0,2,0,54,0,0,0,0,0,0,0,0,0,0,0,44,526,1,0,0,13,0,31,394,107,15,61,1,0,5,0,89,1,0
/Users/pouriad/repos/Cling-application/projects/time/src/test/java/org/joda/time/field/TestPreciseDateTimeField.java,org.joda.time.field.TestPreciseDateTimeField$MockPreciseDateTimeField,innerclass,5,2,5,3,1,0.0,0.0,2,0,0,0,2,0,2,0,0,0,0,0,0,0,0,0,0,0,3,8,0,0,0,0,0,0,3,0,1,0,0,0,0,0,9,8,0
/Users/pouriad/repos/Cling-application/projects/time/src/test/java/org/joda/time/field/TestPreciseDateTimeField.java,org.joda.time.field.TestPreciseDateTimeField$MockZeroDurationField,innerclass,2,9,3,0,36,0.0,0.0,9,0,8,0,1,0,9,0,0,0,0,0,0,0,0,0,0,0,0,29,8,0,0,0,0,0,7,0,0,0,0,0,0,0,22,8,0
/Users/pouriad/repos/Cling-application/projects/time/src/test/java/org/joda/time/field/TestUnsupportedDateTimeField.java,org.joda.time.field.TestUnsupportedDateTimeField,class,13,59,2,68,0,0.62222224,0.62222224,10,1,9,0,1,0,10,0,0,0,4,0,0,4,0,0,0,0,42,388,1,0,1,47,0,3,62,26,0,26,1,0,0,0,188,1,0
/Users/pouriad/repos/Cling-application/projects/time/src/test/java/org/joda/time/field/TestPreciseDurationField.java,org.joda.time.field.TestPreciseDurationField,class,10,44,2,35,0,0.73015875,0.73015875,28,2,26,0,2,0,28,0,0,0,4,3,0,4,0,0,3,0,13,216,1,0,5,11,0,3,149,19,24,14,1,0,0,0,89,1,0
/Users/pouriad/repos/Cling-application/projects/time/src/test/java/org/joda/time/field/TestScaledDurationField.java,org.joda.time.field.TestScaledDurationField,class,12,47,2,36,0,0.7389163,0.7389163,29,2,27,0,2,0,29,0,0,0,4,3,0,4,0,0,3,0,16,238,1,0,4,14,0,3,179,20,50,15,1,0,0,0,90,1,0
/Users/pouriad/repos/Cling-application/projects/time/src/test/java/org/joda/time/field/TestFieldUtils.java,org.joda.time.field.TestFieldUtils,class,4,35,2,9,28,0.0,0.0,8,2,8,0,0,0,8,0,0,0,0,0,0,0,0,0,0,0,78,233,1,0,0,27,0,0,136,0,7,0,1,0,0,0,28,1,0
/Users/pouriad/repos/Cling-application/projects/time/src/test/java/org/joda/time/field/TestPreciseDurationDateTimeField.java,org.joda.time.field.TestPreciseDurationDateTimeField$Anonymous1,anonymous,0,1,1,0,0,NaN,NaN,1,0,1,0,0,0,1,0,0,0,0,0,0,0,0,0,0,0,0,5,1,0,0,0,0,0,1,0,0,0,0,0,0,0,3,-1,0
/Users/pouriad/repos/Cling-application/projects/time/src/test/java/org/joda/time/field/TestPreciseDurationDateTimeField.java,org.joda.time.field.TestPreciseDurationDateTimeField$MockPreciseDurationDateTimeField,innerclass,5,5,4,3,10,0.0,0.0,5,0,3,0,2,0,5,0,0,0,0,0,0,0,0,0,0,0,3,17,3,0,0,0,1,0,2,0,1,0,0,0,0,0,16,8,0
/Users/pouriad/repos/Cling-application/projects/time/src/test/java/org/joda/time/field/TestPreciseDurationDateTimeField.java,org.joda.time.field.TestPreciseDurationDateTimeField$MockCountingDurationField,innerclass,2,9,3,0,36,0.0,0.0,9,0,8,0,1,0,9,0,0,0,3,3,0,0,0,3,0,0,0,35,8,0,0,0,2,0,10,3,4,3,0,0,0,0,27,8,0
/Users/pouriad/repos/Cling-application/projects/time/src/test/java/org/joda/time/field/TestPreciseDurationDateTimeField.java,org.joda.time.field.TestPreciseDurationDateTimeField$Anonymous4,anonymous,0,1,1,0,0,NaN,NaN,1,0,1,0,0,0,1,0,0,0,0,0,0,0,0,0,0,0,0,5,1,0,0,0,0,0,1,0,0,0,0,0,0,0,3,-1,0
/Users/pouriad/repos/Cling-application/projects/time/src/test/java/org/joda/time/field/TestPreciseDurationDateTimeField.java,org.joda.time.field.TestPreciseDurationDateTimeField$Anonymous3,anonymous,0,1,1,0,0,NaN,NaN,1,0,1,0,0,0,1,0,0,0,0,0,0,0,0,0,0,0,0,5,1,0,0,0,0,0,1,0,0,0,0,0,0,0,3,-1,0
/Users/pouriad/repos/Cling-application/projects/time/src/test/java/org/joda/time/field/TestPreciseDurationDateTimeField.java,org.joda.time.field.TestPreciseDurationDateTimeField$Anonymous2,anonymous,0,1,1,0,0,NaN,NaN,1,0,1,0,0,0,1,0,0,0,0,0,0,0,0,0,0,0,0,5,1,0,0,0,0,0,1,0,0,0,0,0,0,0,3,-1,0
/Users/pouriad/repos/Cling-application/projects/time/src/test/java/org/joda/time/field/TestPreciseDurationDateTimeField.java,org.joda.time.field.TestPreciseDurationDateTimeField$MockZeroDurationField,innerclass,2,9,3,0,36,0.0,0.0,9,0,8,0,1,0,9,0,0,0,0,0,0,0,0,0,0,0,0,29,8,0,0,0,0,0,7,0,0,0,0,0,0,0,22,8,0
/Users/pouriad/repos/Cling-application/projects/time/src/test/java/org/joda/time/field/TestPreciseDurationDateTimeField.java,org.joda.time.field.TestPreciseDurationDateTimeField$MockStandardBaseDateTimeField,innerclass,4,3,5,3,3,0.0,0.0,3,0,2,0,1,0,3,0,0,0,0,0,0,0,0,0,0,0,2,11,2,0,0,0,0,0,0,0,0,0,0,0,0,0,10,8,0
/Users/pouriad/repos/Cling-application/projects/time/src/test/java/org/joda/time/field/TestPreciseDurationDateTimeField.java,org.joda.time.field.TestPreciseDurationDateTimeField$MockImpreciseDurationField,innerclass,2,9,3,0,36,0.0,0.0,9,0,8,0,1,0,9,0,0,0,0,0,0,0,0,0,0,0,0,29,8,0,0,0,0,0,7,0,0,0,0,0,0,0,22,8,0
/Users/pouriad/repos/Cling-application/projects/time/src/test/java/org/joda/time/field/TestPreciseDurationDateTimeField.java,org.joda.time.field.TestPreciseDurationDateTimeField,class,16,65,15,57,1431,0.0,0.0,54,2,52,0,2,0,54,0,0,0,0,0,0,0,0,0,0,0,30,549,1,0,0,11,0,31,397,109,15,61,1,4,5,0,90,1,0
/Users/pouriad/repos/Cling-application/projects/time/src/test/java/org/joda/time/field/TestMillisDurationField.java,org.joda.time.field.TestMillisDurationField,class,9,32,2,33,300,0.0,0.0,25,2,23,0,2,0,25,0,0,0,0,0,0,0,0,0,0,0,4,156,1,0,0,7,12,2,121,8,14,8,1,0,0,0,68,1,0
/Users/pouriad/repos/Cling-application/projects/time/src/test/java/org/joda/time/field/TestBaseDateTimeField.java,org.joda.time.field.TestBaseDateTimeField$MockBaseDateTimeField,innerclass,5,10,3,3,45,0.0,0.0,10,0,8,0,2,0,10,0,0,0,0,0,0,0,0,0,0,0,3,32,8,0,0,0,2,0,6,0,4,0,0,0,0,0,24,8,0
/Users/pouriad/repos/Cling-application/projects/time/src/test/java/org/joda/time/field/TestBaseDateTimeField.java,org.joda.time.field.TestBaseDateTimeField,class,12,64,11,54,1378,0.0,0.0,53,2,51,0,2,0,53,0,0,0,0,0,0,0,0,0,0,0,23,508,1,0,0,11,0,31,379,108,9,60,1,4,4,0,84,1,0
/Users/pouriad/repos/Cling-application/projects/time/src/test/java/org/joda/time/field/TestBaseDateTimeField.java,org.joda.time.field.TestBaseDateTimeField$MockStandardBaseDateTimeField,innerclass,4,3,4,3,3,0.0,0.0,3,0,2,0,1,0,3,0,0,0,0,0,0,0,0,0,0,0,2,11,2,0,0,0,0,0,0,0,0,0,0,0,0,0,9,8,0
/Users/pouriad/repos/Cling-application/projects/time/src/test/java/org/joda/time/field/TestBaseDateTimeField.java,org.joda.time.field.TestBaseDateTimeField$Anonymous1,anonymous,0,1,1,0,0,NaN,NaN,1,0,1,0,0,0,1,0,0,0,0,0,0,0,0,0,0,0,0,5,1,0,0,0,0,0,1,0,0,0,0,0,0,0,3,-1,0
/Users/pouriad/repos/Cling-application/projects/time/src/test/java/org/joda/time/field/TestBaseDateTimeField.java,org.joda.time.field.TestBaseDateTimeField$Anonymous4,anonymous,0,1,1,0,0,NaN,NaN,1,0,1,0,0,0,1,0,0,0,0,0,0,0,0,0,0,0,0,5,1,0,0,0,0,0,1,0,0,0,0,0,0,0,3,-1,0
/Users/pouriad/repos/Cling-application/projects/time/src/test/java/org/joda/time/field/TestBaseDateTimeField.java,org.joda.time.field.TestBaseDateTimeField$MockPartial,innerclass,5,4,3,3,1,0.0,0.0,2,0,1,0,1,0,2,0,0,0,0,0,0,0,0,0,0,0,2,14,4,0,2,0,0,0,3,0,0,0,1,0,0,0,12,8,0
/Users/pouriad/repos/Cling-application/projects/time/src/test/java/org/joda/time/field/TestBaseDateTimeField.java,org.joda.time.field.TestBaseDateTimeField$MockCountingDurationField,innerclass,2,9,3,0,36,0.0,0.0,9,0,8,0,1,0,9,0,0,0,3,3,0,0,0,3,0,0,0,35,8,0,0,0,2,0,10,3,4,3,0,0,0,0,27,8,0
/Users/pouriad/repos/Cling-application/projects/time/src/test/java/org/joda/time/field/TestBaseDateTimeField.java,org.joda.time.field.TestBaseDateTimeField$Anonymous2,anonymous,0,1,1,0,0,NaN,NaN,1,0,1,0,0,0,1,0,0,0,0,0,0,0,0,0,0,0,0,5,1,0,0,0,0,0,1,0,0,0,0,0,0,0,3,-1,0
/Users/pouriad/repos/Cling-application/projects/time/src/test/java/org/joda/time/field/TestBaseDateTimeField.java,org.joda.time.field.TestBaseDateTimeField$Anonymous3,anonymous,0,1,1,0,0,NaN,NaN,1,0,1,0,0,0,1,0,0,0,0,0,0,0,0,0,0,0,0,5,1,0,0,0,0,0,1,0,0,0,0,0,0,0,3,-1,0
/Users/pouriad/repos/Cling-application/projects/time/src/test/java/org/joda/time/field/TestAll.java,org.joda.time.field.TestAll,class,13,3,2,12,3,0.0,0.0,3,2,3,0,0,0,3,0,0,0,0,0,0,0,0,0,0,0,9,22,1,0,0,0,0,0,0,2,0,2,0,0,0,0,15,1,0
/Users/pouriad/repos/Cling-application/projects/time/src/test/java/org/joda/time/field/TestOffsetDateTimeField.java,org.joda.time.field.TestOffsetDateTimeField$MockStandardDateTimeField,innerclass,4,3,6,3,3,0.0,0.0,3,0,2,0,1,0,3,0,0,0,0,0,0,0,0,0,0,0,2,11,2,0,0,0,0,0,0,0,0,0,0,0,0,0,9,8,0
/Users/pouriad/repos/Cling-application/projects/time/src/test/java/org/joda/time/field/TestOffsetDateTimeField.java,org.joda.time.field.TestOffsetDateTimeField$MockOffsetDateTimeField,innerclass,3,1,5,2,0,NaN,NaN,1,0,0,0,1,0,1,0,0,0,0,0,0,0,0,0,0,0,1,5,0,0,0,0,0,0,1,0,0,0,0,0,0,0,5,8,0
/Users/pouriad/repos/Cling-application/projects/time/src/test/java/org/joda/time/field/TestOffsetDateTimeField.java,org.joda.time.field.TestOffsetDateTimeField,class,16,70,11,61,1540,0.0,0.0,56,2,54,0,2,0,56,0,0,0,0,0,0,0,0,0,0,0,37,436,1,0,0,14,0,31,399,106,13,63,1,0,2,0,87,1,0
/Users/pouriad/repos/Cling-application/projects/time/src/test/java/org/joda/time/TestDateTimeFieldType.java,org.joda.time.TestDateTimeFieldType,class,9,32,2,82,465,0.0,0.0,31,2,27,2,2,0,29,0,0,0,0,0,0,0,0,0,0,0,325,259,2,0,0,1,0,25,5,12,0,12,1,0,0,0,79,1,0
/Users/pouriad/repos/Cling-application/projects/time/src/test/java/org/joda/time/TestLocalDate_Constructors.java,org.joda.time.TestLocalDate_Constructors,class,17,75,2,31,577,0.27372548,0.44470587,51,2,49,0,2,0,51,0,0,0,11,6,0,11,0,0,6,0,27,481,1,0,0,24,4,16,274,68,20,65,1,0,0,0,107,1,0
/Users/pouriad/repos/Cling-application/projects/time/src/test/java/org/joda/time/TestMonthDay_Properties.java,org.joda.time.TestMonthDay_Properties,class,16,52,2,53,270,0.011857707,0.011857707,24,2,21,1,2,0,23,0,0,0,7,2,0,7,0,0,2,0,16,270,1,0,14,6,3,22,179,61,20,44,1,0,0,0,95,1,0
/Users/pouriad/repos/Cling-application/projects/time/src/test/java/org/joda/time/TestMutableDateTime_Adds.java,org.joda.time.TestMutableDateTime_Adds,class,16,29,2,36,215,0.19373219,0.25925925,27,2,25,0,2,0,27,0,0,0,10,2,0,8,0,2,2,0,17,163,1,0,0,2,5,17,199,39,25,33,1,0,0,0,90,1,0
/Users/pouriad/repos/Cling-application/projects/time/src/test/java/org/joda/time/TestDateMidnight_Basics.java,org.joda.time.TestDateMidnight_Basics$Anonymous1,anonymous,6,3,1,4,3,0.0,0.0,3,0,3,0,0,0,3,0,0,0,0,0,0,0,0,0,0,0,3,11,3,0,0,0,0,0,0,0,0,0,0,0,0,0,10,-1,0
/Users/pouriad/repos/Cling-application/projects/time/src/test/java/org/joda/time/TestDateMidnight_Basics.java,org.joda.time.TestDateMidnight_Basics$MockInstant,innerclass,3,3,2,0,3,0.0,0.0,3,0,3,0,0,0,3,0,0,0,0,0,0,0,0,0,0,0,0,11,3,0,0,0,0,0,0,0,0,0,0,0,0,0,23,0,0
/Users/pouriad/repos/Cling-application/projects/time/src/test/java/org/joda/time/TestDateMidnight_Basics.java,org.joda.time.TestDateMidnight_Basics,class,34,79,3,165,714,0.33333334,0.6528418,64,2,61,1,2,0,63,0,0,0,23,10,0,21,0,2,10,0,60,787,1,0,5,10,11,31,544,246,59,159,1,1,1,0,153,1,0
/Users/pouriad/repos/Cling-application/projects/time/src/test/java/org/joda/time/TestSeconds.java,org.joda.time.TestSeconds,class,21,42,2,45,494,0.002016129,0.002016129,32,2,30,0,2,0,32,0,0,0,1,1,0,1,0,0,1,0,73,275,1,0,0,10,1,10,203,50,9,48,1,0,0,0,102,1,0
/Users/pouriad/repos/Cling-application/projects/time/src/test/java/org/joda/time/TestAbstractPartial.java,org.joda.time.TestAbstractPartial$MockProperty0,innerclass,5,3,2,2,0,1.0,1.0,3,0,3,0,0,0,3,0,0,0,1,0,0,0,0,1,0,0,0,12,3,0,0,0,0,0,2,1,0,1,0,0,0,0,11,8,0
/Users/pouriad/repos/Cling-application/projects/time/src/test/java/org/joda/time/TestAbstractPartial.java,org.joda.time.TestAbstractPartial$MockProperty1,innerclass,5,3,2,2,0,1.0,1.0,3,0,3,0,0,0,3,0,0,0,1,0,0,0,0,1,0,0,0,12,3,0,0,0,0,0,2,1,0,1,0,0,0,0,11,8,0
/Users/pouriad/repos/Cling-application/projects/time/src/test/java/org/joda/time/TestAbstractPartial.java,org.joda.time.TestAbstractPartial$MockProperty0Field,innerclass,4,1,3,2,0,NaN,NaN,1,0,1,0,0,0,1,0,0,0,0,0,0,0,0,0,0,0,1,5,1,0,0,0,0,0,0,0,0,0,0,0,0,0,6,8,0
/Users/pouriad/repos/Cling-application/projects/time/src/test/java/org/joda/time/TestAbstractPartial.java,org.joda.time.TestAbstractPartial$MockPartial,innerclass,5,8,2,3,13,0.06666667,0.06666667,6,0,4,0,1,1,6,0,0,0,1,0,0,0,0,1,0,0,1,28,5,0,0,0,0,0,5,2,0,1,1,0,0,0,20,8,0
/Users/pouriad/repos/Cling-application/projects/time/src/test/java/org/joda/time/TestAbstractPartial.java,org.joda.time.TestAbstractPartial$MockProperty0Chrono,innerclass,4,1,3,0,0,NaN,NaN,1,0,1,0,0,0,1,0,0,0,0,0,0,0,0,0,0,0,0,10,1,0,0,0,0,0,0,0,0,0,0,1,0,0,6,8,0
/Users/pouriad/repos/Cling-application/projects/time/src/test/java/org/joda/time/TestAbstractPartial.java,org.joda.time.TestAbstractPartial,class,17,17,11,20,53,0.018181818,0.018181818,11,2,9,0,2,0,11,0,0,0,5,1,0,5,0,0,1,0,13,174,1,0,0,6,3,2,45,15,17,13,1,0,6,0,77,1,0
/Users/pouriad/repos/Cling-application/projects/time/src/test/java/org/joda/time/TestAbstractPartial.java,org.joda.time.TestAbstractPartial$MockProperty0Val,innerclass,1,1,3,0,0,NaN,NaN,1,0,1,0,0,0,1,0,0,0,0,0,0,0,0,0,0,0,0,5,1,0,0,0,0,0,1,0,0,0,0,0,0,0,4,8,0
/Users/pouriad/repos/Cling-application/projects/time/src/test/java/org/joda/time/TestAbstractPartial.java,org.joda.time.TestAbstractPartial$MockProperty0Chrono$Anonymous1,anonymous,2,1,1,1,0,NaN,NaN,1,0,1,0,0,0,1,0,0,0,0,0,0,0,0,0,0,0,1,5,1,0,0,0,0,0,0,0,0,0,0,0,0,0,2,-1,0
/Users/pouriad/repos/Cling-application/projects/time/src/test/java/org/joda/time/TestTimeOfDay_Properties.java,org.joda.time.TestTimeOfDay_Properties,class,13,88,2,57,766,0.009446694,0.009446694,40,2,37,1,2,0,39,0,0,0,6,2,0,6,0,0,2,0,8,607,1,0,8,24,12,34,910,147,120,74,1,0,0,0,94,1,0
/Users/pouriad/repos/Cling-application/projects/time/src/test/java/org/joda/time/TestPartial_Properties.java,org.joda.time.TestPartial_Properties,class,14,46,2,48,0,0.5761905,0.5761905,22,2,19,1,2,0,21,0,0,0,9,6,0,9,0,0,6,0,103,278,1,0,4,12,2,18,252,60,24,41,1,0,0,0,89,1,0
/Users/pouriad/repos/Cling-application/projects/time/src/test/java/org/joda/time/TestLocalDateTime_Basics.java,org.joda.time.TestLocalDateTime_Basics$MockInstant,innerclass,4,3,2,4,3,0.0,0.0,3,0,3,0,0,0,3,0,0,0,0,0,0,0,0,0,0,0,0,11,3,0,0,0,0,0,3,0,0,0,0,0,0,0,14,0,0
/Users/pouriad/repos/Cling-application/projects/time/src/test/java/org/joda/time/TestLocalDateTime_Basics.java,org.joda.time.TestLocalDateTime_Basics,class,32,94,3,176,1712,0.12799639,0.20533696,68,2,65,1,2,0,67,0,0,0,22,18,0,22,0,0,18,0,142,802,1,0,6,23,3,25,1152,205,14,180,1,0,1,0,167,1,0
/Users/pouriad/repos/Cling-application/projects/time/src/test/java/org/joda/time/TestMutablePeriod_Basics.java,org.joda.time.TestMutablePeriod_Basics,class,15,21,4,38,116,0.016666668,0.025,16,2,14,0,2,0,16,0,0,0,10,2,0,8,0,2,2,0,17,133,1,0,5,0,3,10,126,40,19,32,0,0,1,0,93,1,0
/Users/pouriad/repos/Cling-application/projects/time/src/test/java/org/joda/time/TestMutablePeriod_Basics.java,org.joda.time.TestMutablePeriod_Basics$MockMutablePeriod,innerclass,1,1,3,0,0,NaN,NaN,1,0,1,0,0,0,1,0,0,0,0,0,0,0,0,0,0,0,0,5,0,0,0,0,0,0,0,0,0,0,0,0,0,0,5,0,0
/Users/pouriad/repos/Cling-application/projects/time/src/test/java/org/joda/time/TestYears.java,org.joda.time.TestYears,class,13,35,2,32,323,0.003076923,0.003076923,26,2,24,0,2,0,26,0,0,0,1,1,0,1,0,0,1,0,53,234,1,0,0,9,0,10,154,39,2,38,1,0,0,0,94,1,0
/Users/pouriad/repos/Cling-application/projects/time/src/test/java/org/joda/time/TestMutableInterval_Basics.java,org.joda.time.TestMutableInterval_Basics,class,23,42,3,55,42,0.4576613,0.7076613,32,2,30,0,2,0,32,0,0,0,11,3,0,9,0,2,3,0,32,339,1,0,10,0,11,8,234,72,126,66,0,0,1,0,111,1,0
/Users/pouriad/repos/Cling-application/projects/time/src/test/java/org/joda/time/TestMutableInterval_Basics.java,org.joda.time.TestMutableInterval_Basics$MockInterval,innerclass,3,4,2,1,6,0.0,0.0,4,0,4,0,0,0,4,0,0,0,0,0,0,0,0,0,0,0,1,14,3,0,0,0,0,0,0,0,0,0,0,0,0,0,16,0,0
/Users/pouriad/repos/Cling-application/projects/time/src/test/java/org/joda/time/TestMutableInterval_Updates.java,org.joda.time.TestMutableInterval_Updates$MockBadInterval,innerclass,3,3,2,1,3,0.0,0.0,3,0,3,0,0,0,3,0,0,0,0,0,0,0,0,0,0,0,1,11,3,0,0,0,0,0,2,0,2,0,0,0,0,0,16,0,0
/Users/pouriad/repos/Cling-application/projects/time/src/test/java/org/joda/time/TestMutableInterval_Updates.java,org.joda.time.TestMutableInterval_Updates,class,14,56,3,30,0,0.78164923,0.8606272,42,2,40,0,2,0,42,0,0,0,10,2,0,8,0,2,2,0,15,313,1,0,0,14,3,6,137,52,57,46,1,0,1,0,87,1,0
/Users/pouriad/repos/Cling-application/projects/time/src/test/java/org/joda/time/TestIllegalFieldValueException.java,org.joda.time.TestIllegalFieldValueException,class,17,28,2,40,55,0.0,0.0,11,2,11,0,0,0,11,0,0,0,0,0,0,0,0,0,0,0,38,297,1,0,0,17,0,59,64,8,0,5,1,0,0,0,49,1,0
/Users/pouriad/repos/Cling-application/projects/time/src/test/java/org/joda/time/format/TestISOPeriodFormatParsing.java,org.joda.time.format.TestISOPeriodFormatParsing,class,9,24,2,17,188,0.005263158,0.005263158,20,2,18,0,2,0,20,0,0,0,14,9,0,13,0,1,9,0,33,134,1,0,0,4,1,19,175,46,4,40,1,0,0,0,77,1,0
/Users/pouriad/repos/Cling-application/projects/time/src/test/java/org/joda/time/format/TestTextFields.java,org.joda.time.format.TestTextFields,class,14,20,2,19,13,0.35555556,0.46666667,10,2,8,0,2,0,10,0,0,0,6,4,0,6,0,0,4,0,18,87,1,10,0,0,0,30,53,41,0,36,2,0,0,0,68,1,0
/Users/pouriad/repos/Cling-application/projects/time/src/test/java/org/joda/time/format/TestPeriodFormatParsing.java,org.joda.time.format.TestPeriodFormatParsing,class,9,7,2,22,19,0.04761905,0.04761905,7,2,5,0,2,0,7,0,0,0,14,9,0,13,0,1,9,0,18,69,1,0,0,0,1,21,104,25,4,16,0,0,0,0,60,1,0
/Users/pouriad/repos/Cling-application/projects/time/src/test/java/org/joda/time/format/TestPeriodFormatterBuilder.java,org.joda.time.format.TestPeriodFormatterBuilder,class,12,73,2,55,0,0.5318527,0.7749854,59,2,57,0,2,0,59,0,0,0,13,7,0,12,0,1,7,0,17,644,1,0,0,14,1,178,580,115,4,92,1,0,0,0,120,1,0
/Users/pouriad/repos/Cling-application/projects/time/src/test/java/org/joda/time/format/TestDateTimeFormat.java,org.joda.time.format.TestDateTimeFormat$Anonymous1,anonymous,0,0,1,0,0,-1.0,-1.0,0,0,0,0,0,0,0,0,0,0,0,0,0,0,0,0,0,0,0,2,0,0,0,0,0,0,0,0,0,0,0,0,0,0,0,-1,0
/Users/pouriad/repos/Cling-application/projects/time/src/test/java/org/joda/time/format/TestDateTimeFormat.java,org.joda.time.format.TestDateTimeFormat,class,14,98,2,50,0,0.52836436,0.52836436,71,2,68,1,2,0,70,0,0,0,10,5,0,9,0,1,5,0,84,831,1,0,0,27,1,283,846,296,4,154,1,1,0,0,148,1,0
/Users/pouriad/repos/Cling-application/projects/time/src/test/java/org/joda/time/format/TestISODateTimeFormatParsing.java,org.joda.time.format.TestISODateTimeFormatParsing,class,7,48,2,60,1033,0.0010570824,0.0010570824,46,2,42,2,2,0,44,0,0,0,3,0,0,3,0,0,0,0,77,670,1,0,0,1,0,480,813,49,1,43,2,0,0,0,70,1,0
/Users/pouriad/repos/Cling-application/projects/time/src/test/java/org/joda/time/format/TestPeriodFormatter.java,org.joda.time.format.TestPeriodFormatter,class,13,23,2,37,0,0.62857145,0.62857145,15,2,13,0,2,0,15,0,0,0,14,8,0,13,0,1,8,0,27,168,1,0,0,8,1,20,108,42,4,28,1,0,0,0,92,1,0
/Users/pouriad/repos/Cling-application/projects/time/src/test/java/org/joda/time/format/TestPeriodFormat.java,org.joda.time.format.TestPeriodFormat$Anonymous1,anonymous,0,0,1,0,0,-1.0,-1.0,0,0,0,0,0,0,0,0,0,0,0,0,0,0,0,0,0,0,0,2,0,0,0,0,0,0,0,0,0,0,0,0,0,0,0,-1,0
/Users/pouriad/repos/Cling-application/projects/time/src/test/java/org/joda/time/format/TestPeriodFormat.java,org.joda.time.format.TestPeriodFormat,class,6,47,2,14,833,0.1147086,0.28307122,47,2,45,0,2,0,47,0,0,0,7,6,0,7,0,0,6,0,79,194,1,0,0,0,0,41,124,45,0,43,0,1,0,0,79,1,0
/Users/pouriad/repos/Cling-application/projects/time/src/test/java/org/joda/time/format/TestDateTimeFormatterBuilder.java,org.joda.time.format.TestDateTimeFormatterBuilder,class,12,45,2,44,359,0.1139785,0.13118279,31,2,29,0,2,0,31,0,0,0,3,3,0,3,0,0,3,0,16,333,1,0,0,14,0,121,166,78,0,76,1,0,0,0,97,1,0
/Users/pouriad/repos/Cling-application/projects/time/src/test/java/org/joda/time/format/TestDateTimeFormatter.java,org.joda.time.format.TestDateTimeFormatter,class,20,80,2,76,0,0.271526,0.42455244,69,2,67,0,2,0,69,0,0,0,15,8,0,14,0,1,8,0,78,690,1,0,0,11,1,195,882,238,4,125,1,0,0,0,152,1,0
/Users/pouriad/repos/Cling-application/projects/time/src/test/java/org/joda/time/format/TestISODateTimeFormat_Fields.java,org.joda.time.format.TestISODateTimeFormat_Fields,class,8,67,2,20,990,0.0,0.0,45,2,43,0,2,0,45,0,0,0,0,0,0,0,0,0,0,0,380,836,1,0,0,22,0,128,204,353,0,153,1,0,0,0,67,1,0
/Users/pouriad/repos/Cling-application/projects/time/src/test/java/org/joda/time/format/TestAll.java,org.joda.time.format.TestAll,class,18,3,2,17,3,0.0,0.0,3,2,3,0,0,0,3,0,0,0,0,0,0,0,0,0,0,0,14,27,1,0,0,0,0,0,0,2,0,2,0,0,0,0,15,1,0
/Users/pouriad/repos/Cling-application/projects/time/src/test/java/org/joda/time/format/TestDateTimeFormatStyle.java,org.joda.time.format.TestDateTimeFormatStyle,class,9,33,2,37,0,0.5733333,0.6333333,25,2,23,0,2,0,25,0,0,0,13,8,0,12,0,1,8,0,112,302,1,0,0,7,1,29,165,124,4,82,1,0,0,0,80,1,0
/Users/pouriad/repos/Cling-application/projects/time/src/test/java/org/joda/time/format/TestISOPeriodFormat.java,org.joda.time.format.TestISOPeriodFormat$Anonymous1,anonymous,0,0,1,0,0,-1.0,-1.0,0,0,0,0,0,0,0,0,0,0,0,0,0,0,0,0,0,0,0,2,0,0,0,0,0,0,0,0,0,0,0,0,0,0,0,-1,0
/Users/pouriad/repos/Cling-application/projects/time/src/test/java/org/joda/time/format/TestISOPeriodFormat.java,org.joda.time.format.TestISOPeriodFormat,class,9,11,2,24,33,0.2,0.2,11,2,9,0,2,0,11,0,0,0,14,9,0,13,0,1,9,0,63,119,1,0,0,0,1,44,177,41,4,20,0,1,0,0,65,1,0
/Users/pouriad/repos/Cling-application/projects/time/src/test/java/org/joda/time/format/TestISODateTimeFormat.java,org.joda.time.format.TestISODateTimeFormat,class,11,51,2,66,0,0.7090196,0.74196076,51,2,49,0,2,0,51,0,0,0,9,4,0,8,0,1,4,0,156,392,1,0,0,0,1,133,344,145,4,55,0,1,0,0,81,1,0
/Users/pouriad/repos/Cling-application/projects/time/src/test/java/org/joda/time/format/TestISODateTimeFormat.java,org.joda.time.format.TestISODateTimeFormat$Anonymous1,anonymous,0,0,1,0,0,-1.0,-1.0,0,0,0,0,0,0,0,0,0,0,0,0,0,0,0,0,0,0,0,2,0,0,0,0,0,0,0,0,0,0,0,0,0,0,0,-1,0
/Users/pouriad/repos/Cling-application/projects/time/src/test/java/org/joda/time/TestPeriod_Basics.java,org.joda.time.TestPeriod_Basics,class,27,143,4,126,3236,6.17284E-4,9.259259E-4,81,2,79,0,2,0,81,0,0,0,9,1,0,7,0,2,1,0,255,1115,1,0,5,52,6,12,1590,281,32,137,1,0,1,0,166,1,0
/Users/pouriad/repos/Cling-application/projects/time/src/test/java/org/joda/time/TestPeriod_Basics.java,org.joda.time.TestPeriod_Basics$MockPeriod,innerclass,1,1,3,0,0,NaN,NaN,1,0,1,0,0,0,1,0,0,0,0,0,0,0,0,0,0,0,0,5,0,0,0,0,0,0,0,0,0,0,0,0,0,0,4,0,0
/Users/pouriad/repos/Cling-application/projects/time/src/test/java/org/joda/time/TestMutablePeriod_Updates.java,org.joda.time.TestMutablePeriod_Updates,class,19,91,2,72,3317,6.022282E-4,9.033424E-4,82,2,80,0,2,0,82,0,0,0,10,2,0,8,0,2,2,0,52,1040,1,0,0,9,26,6,1857,175,96,123,1,0,0,0,122,1,0
/Users/pouriad/repos/Cling-application/projects/time/src/test/java/org/joda/time/TestMutableDateTime_Properties.java,org.joda.time.TestMutableDateTime_Properties,class,14,64,2,96,2012,9.920635E-4,0.0014880953,64,2,62,0,2,0,64,0,0,0,8,1,0,6,0,2,1,0,10,610,1,0,0,0,3,167,931,95,20,79,0,0,0,0,90,1,0
/Users/pouriad/repos/Cling-application/projects/time/src/test/java/org/joda/time/TestLocalTime_Basics.java,org.joda.time.TestLocalTime_Basics$Anonymous2,anonymous,3,3,1,3,3,0.0,0.0,3,0,3,0,0,0,3,0,0,0,0,0,0,0,0,0,0,0,2,11,3,0,0,0,0,0,0,0,0,0,0,0,0,0,9,-1,0
/Users/pouriad/repos/Cling-application/projects/time/src/test/java/org/joda/time/TestLocalTime_Basics.java,org.joda.time.TestLocalTime_Basics$MockInstant,innerclass,4,3,2,4,3,0.0,0.0,3,0,3,0,0,0,3,0,0,0,0,0,0,0,0,0,0,0,0,11,3,0,0,0,0,0,4,0,0,0,0,0,0,0,14,0,0
/Users/pouriad/repos/Cling-application/projects/time/src/test/java/org/joda/time/TestLocalTime_Basics.java,org.joda.time.TestLocalTime_Basics$Anonymous1,anonymous,3,3,1,2,3,0.0,0.0,3,0,3,0,0,0,3,0,0,0,0,0,0,0,0,0,0,0,1,11,3,0,0,0,0,0,0,0,0,0,0,0,0,0,10,-1,0
/Users/pouriad/repos/Cling-application/projects/time/src/test/java/org/joda/time/TestLocalTime_Basics.java,org.joda.time.TestLocalTime_Basics,class,30,83,3,108,1388,0.05117845,0.06464647,56,2,53,1,2,0,55,0,0,0,11,8,0,11,0,0,8,0,105,662,1,0,6,21,0,23,620,167,16,127,1,2,1,0,145,1,0
/Users/pouriad/repos/Cling-application/projects/time/src/test/java/org/joda/time/TestInstant_Basics.java,org.joda.time.TestInstant_Basics,class,20,48,3,110,26,0.48333332,0.7192308,40,2,38,0,2,0,40,0,0,0,10,2,0,8,0,2,2,0,85,437,1,0,5,3,7,8,192,117,47,80,1,0,1,0,114,1,0
/Users/pouriad/repos/Cling-application/projects/time/src/test/java/org/joda/time/TestInstant_Basics.java,org.joda.time.TestInstant_Basics$MockInstant,innerclass,3,3,2,1,3,0.0,0.0,3,0,3,0,0,0,3,0,0,0,0,0,0,0,0,0,0,0,1,11,3,0,0,0,0,0,0,0,0,0,0,0,0,0,16,0,0
/Users/pouriad/repos/Cling-application/projects/time/src/test/java/org/joda/time/TestYearMonth_Basics.java,org.joda.time.TestYearMonth_Basics$MockYM,innerclass,4,3,2,2,3,0.0,0.0,3,0,3,0,0,0,3,0,0,0,0,0,0,0,0,0,0,0,0,11,3,0,0,0,0,0,2,0,0,0,0,0,0,0,15,0,0
/Users/pouriad/repos/Cling-application/projects/time/src/test/java/org/joda/time/TestYearMonth_Basics.java,org.joda.time.TestYearMonth_Basics,class,32,82,3,84,1124,0.07921568,0.094901964,52,2,49,1,2,0,51,0,0,0,12,10,0,12,0,0,10,0,61,544,1,0,5,25,1,19,294,135,3,123,1,0,1,0,147,1,0
/Users/pouriad/repos/Cling-application/projects/time/src/test/java/org/joda/time/TestDuration_Basics.java,org.joda.time.TestDuration_Basics,class,22,70,5,71,1766,0.0011299435,0.0016949152,60,2,58,0,2,0,60,0,0,0,9,1,0,7,0,2,1,0,78,559,1,0,5,7,48,19,538,187,195,135,1,0,2,0,155,1,0
/Users/pouriad/repos/Cling-application/projects/time/src/test/java/org/joda/time/TestDuration_Basics.java,org.joda.time.TestDuration_Basics$MockMutableDuration,innerclass,1,2,3,1,1,0.0,0.0,2,0,2,0,0,0,2,0,0,0,0,0,0,0,0,0,0,0,0,8,0,0,0,0,0,0,0,0,0,0,0,0,0,0,7,8,0
/Users/pouriad/repos/Cling-application/projects/time/src/test/java/org/joda/time/TestDuration_Basics.java,org.joda.time.TestDuration_Basics$MockDuration,innerclass,1,2,2,0,0,1.0,1.0,2,0,2,0,0,0,2,0,0,0,1,0,0,1,0,0,1,0,0,10,1,0,0,0,0,0,0,1,0,1,0,0,0,0,8,0,0
/Users/pouriad/repos/Cling-application/projects/time/src/test/java/org/joda/time/TestMutableInterval_Constructors.java,org.joda.time.TestMutableInterval_Constructors$Anonymous2,anonymous,3,3,1,2,3,0.0,0.0,3,0,3,0,0,0,3,0,0,0,0,0,0,0,0,0,0,0,0,12,2,0,0,0,0,0,2,0,0,0,0,0,0,0,14,-1,0
/Users/pouriad/repos/Cling-application/projects/time/src/test/java/org/joda/time/TestMutableInterval_Constructors.java,org.joda.time.TestMutableInterval_Constructors$Anonymous1,anonymous,2,3,1,2,3,0.0,0.0,3,0,3,0,0,0,3,0,0,0,0,0,0,0,0,0,0,0,0,12,2,0,0,0,0,0,2,0,0,0,0,0,0,0,14,-1,0
/Users/pouriad/repos/Cling-application/projects/time/src/test/java/org/joda/time/TestMutableInterval_Constructors.java,org.joda.time.TestMutableInterval_Constructors,class,28,62,2,40,606,0.30324677,0.34285715,56,2,54,0,2,0,56,0,0,0,10,2,0,8,0,2,2,0,74,546,1,0,0,8,3,10,463,187,29,149,1,2,1,0,121,1,0
/Users/pouriad/repos/Cling-application/projects/time/src/test/java/org/joda/time/TestMutableInterval_Constructors.java,org.joda.time.TestMutableInterval_Constructors$MockInterval,innerclass,10,20,1,1,190,0.0,0.0,20,0,20,0,0,0,20,0,0,0,0,0,0,0,0,0,0,0,1,62,20,0,0,0,1,0,8,0,2,0,0,0,0,0,31,0,0
/Users/pouriad/repos/Cling-application/projects/time/src/test/java/org/joda/time/TestAll.java,org.joda.time.TestAll,class,77,3,2,76,3,0.0,0.0,3,2,3,0,0,0,3,0,0,0,0,0,0,0,0,0,0,0,73,86,1,0,0,0,0,0,0,2,0,2,0,0,0,0,15,1,0
/Users/pouriad/repos/Cling-application/projects/time/src/test/java/org/joda/time/TestInterval_Basics.java,org.joda.time.TestInterval_Basics,class,27,110,3,73,1399,0.30861834,0.71928865,86,2,84,0,2,0,86,0,0,0,14,4,0,12,0,2,4,0,134,988,1,0,16,8,3,8,691,155,37,138,1,0,1,0,157,1,0
/Users/pouriad/repos/Cling-application/projects/time/src/test/java/org/joda/time/TestInterval_Basics.java,org.joda.time.TestInterval_Basics$MockInterval,innerclass,3,4,2,1,6,0.0,0.0,4,0,4,0,0,0,4,0,0,0,0,0,0,0,0,0,0,0,1,14,3,0,0,0,0,0,0,0,0,0,0,0,0,0,16,0,0
/Users/pouriad/repos/Cling-application/projects/time/src/test/java/org/joda/time/MockNullZoneChronology.java,org.joda.time.MockNullZoneChronology,class,7,5,3,2,10,0.0,0.0,5,0,5,0,0,0,5,0,0,0,0,0,0,0,0,0,0,0,1,17,5,0,0,0,0,1,0,0,0,0,0,0,0,0,23,0,0
/Users/pouriad/repos/Cling-application/projects/time/src/test/java/org/joda/time/TestYearMonthDay_Constructors.java,org.joda.time.TestYearMonthDay_Constructors,class,14,55,2,23,235,0.30252102,0.5462185,35,2,33,0,2,0,35,0,0,0,11,7,0,11,0,0,7,0,19,354,1,0,0,20,3,11,185,47,17,44,1,0,0,0,96,1,0
/Users/pouriad/repos/Cling-application/projects/time/src/test/java/org/joda/time/tz/TestCachedDateTimeZone.java,org.joda.time.tz.TestCachedDateTimeZone,class,6,7,2,13,15,0.04761905,0.04761905,7,2,5,0,2,0,7,0,0,0,1,0,0,1,0,0,0,0,10,37,1,0,0,0,0,3,0,11,0,10,0,0,0,0,41,1,0
/Users/pouriad/repos/Cling-application/projects/time/src/test/java/org/joda/time/tz/TestBuilder.java,org.joda.time.tz.TestBuilder,class,9,21,2,29,81,0.04761905,0.04761905,15,7,8,0,2,5,15,0,0,0,3,2,0,1,0,2,2,0,16,111,4,4,1,0,1,476,160,37,9,32,3,0,0,0,73,1,0
/Users/pouriad/repos/Cling-application/projects/time/src/test/java/org/joda/time/tz/TestCompiler.java,org.joda.time.tz.TestCompiler,class,12,19,2,31,112,0.015151516,0.015151516,16,2,10,4,2,0,12,0,0,0,2,1,0,1,0,1,1,0,16,108,4,2,0,0,2,39,57,33,2,31,2,0,0,0,107,1,0
/Users/pouriad/repos/Cling-application/projects/time/src/test/java/org/joda/time/tz/TestUTCProvider.java,org.joda.time.tz.TestUTCProvider,class,6,6,2,14,15,0.0,0.0,6,2,6,0,0,0,6,0,0,0,1,0,0,1,0,0,0,0,3,32,1,0,0,0,0,4,2,6,0,6,0,0,0,0,41,1,0
/Users/pouriad/repos/Cling-application/projects/time/src/test/java/org/joda/time/tz/TestAll.java,org.joda.time.tz.TestAll,class,9,3,2,8,3,0.0,0.0,3,2,3,0,0,0,3,0,0,0,0,0,0,0,0,0,0,0,5,18,1,0,0,0,0,0,0,2,0,2,0,0,0,0,15,1,0
/Users/pouriad/repos/Cling-application/projects/time/src/test/java/org/joda/time/tz/TestFixedDateTimeZone.java,org.joda.time.tz.TestFixedDateTimeZone,class,5,16,2,11,39,0.027777778,0.027777778,10,2,7,1,2,0,9,0,0,0,1,0,0,1,0,0,0,0,4,64,3,0,5,0,0,24,35,17,1,16,1,0,0,0,46,1,0
/Users/pouriad/repos/Cling-application/projects/time/src/test/java/org/joda/time/TestAllPackages.java,org.joda.time.TestAllPackages,class,11,3,2,13,3,0.0,0.0,3,2,3,0,0,0,3,0,0,0,0,0,0,0,0,0,0,0,10,22,1,0,0,0,0,3,0,2,0,2,0,0,0,0,18,1,0
/Users/pouriad/repos/Cling-application/projects/time/src/test/java/org/joda/time/TestMutablePeriod_Constructors.java,org.joda.time.TestMutablePeriod_Constructors,class,17,62,2,36,1828,5.464481E-4,5.464481E-4,61,2,59,0,2,0,61,0,0,0,10,2,0,8,0,2,2,0,105,763,1,0,0,1,22,6,966,135,172,129,1,0,0,0,115,1,0
/Users/pouriad/repos/Cling-application/projects/time/src/test/java/org/joda/time/TestLocalDate_Properties.java,org.joda.time.TestLocalDate_Properties,class,15,73,2,58,518,0.010080645,0.010080645,33,2,30,1,2,0,32,0,0,0,7,2,0,7,0,0,2,0,16,448,1,0,16,12,3,30,480,115,30,62,1,0,0,0,101,1,0
/Users/pouriad/repos/Cling-application/projects/time/src/test/java/org/joda/time/TestDateTime_Constructors.java,org.joda.time.TestDateTime_Constructors,class,16,94,2,38,1065,0.25174826,0.5039627,66,2,64,0,2,0,66,0,0,0,9,2,0,7,0,2,2,0,104,556,1,0,0,31,3,18,410,69,19,66,1,0,0,0,96,1,0
/Users/pouriad/repos/Cling-application/projects/time/src/test/java/org/joda/time/MockZone.java,org.joda.time.MockZone,class,1,11,2,0,12,0.2857143,0.35714287,8,0,8,0,0,0,8,0,0,0,3,0,0,0,0,3,0,0,0,32,7,0,0,0,3,1,3,3,6,3,0,0,0,0,27,1,0
/Users/pouriad/repos/Cling-application/projects/time/src/test/java/org/joda/time/TestMutableDateTime_Sets.java,org.joda.time.TestMutableDateTime_Sets,class,17,76,2,60,1393,0.09292811,0.12273524,59,2,57,0,2,0,59,0,0,0,10,2,0,8,0,2,2,0,31,472,1,0,0,17,3,32,504,76,25,70,1,0,0,0,100,1,0
/Users/pouriad/repos/Cling-application/projects/time/src/test/java/org/joda/time/TestDateMidnight_Properties.java,org.joda.time.TestDateMidnight_Properties,class,18,45,2,90,735,0.004048583,0.0053981105,39,2,37,0,2,0,39,0,0,0,10,3,0,8,0,2,3,0,16,424,1,0,6,0,4,93,347,84,21,66,0,0,0,0,103,1,0
/Users/pouriad/repos/Cling-application/projects/time/src/test/java/org/joda/time/TestSerialization.java,org.joda.time.TestSerialization,class,31,37,4,40,569,0.024621213,0.030303031,35,2,31,2,2,0,33,0,0,0,11,3,0,9,0,2,3,0,32,220,1,0,0,1,3,37,90,53,21,47,1,0,1,0,109,1,0
/Users/pouriad/repos/Cling-application/projects/time/src/test/java/org/joda/time/TestSerialization.java,org.joda.time.TestSerialization$MockDelegatedDurationField,innerclass,1,1,3,0,0,NaN,NaN,1,0,1,0,0,0,1,0,0,0,1,1,0,1,0,0,1,0,0,6,0,0,0,0,0,0,1,1,0,1,0,0,0,0,12,10,0
/Users/pouriad/repos/Cling-application/projects/time/src/test/java/org/joda/time/TestDurationFieldType.java,org.joda.time.TestDurationFieldType,class,8,21,2,45,190,0.0,0.0,20,2,16,2,2,0,18,0,0,0,0,0,0,0,0,0,0,0,122,133,2,0,0,1,0,14,5,12,0,12,1,0,0,0,64,1,0
/Users/pouriad/repos/Cling-application/projects/time/src/test/java/org/joda/time/TestDateTimeConstants.java,org.joda.time.TestDateTimeConstants$Anonymous1,anonymous,0,0,1,0,0,-1.0,-1.0,0,0,0,0,0,0,0,0,0,0,0,0,0,0,0,0,0,0,0,2,0,0,0,0,0,0,0,0,0,0,0,0,0,0,0,-1,0
/Users/pouriad/repos/Cling-application/projects/time/src/test/java/org/joda/time/TestDateTimeConstants.java,org.joda.time.TestDateTimeConstants,class,4,9,2,4,36,0.0,0.0,9,2,9,0,0,0,9,0,0,0,0,0,0,0,0,0,0,0,1,67,1,0,0,0,0,0,60,1,10,1,0,1,0,0,35,1,0
/Users/pouriad/repos/Cling-application/projects/time/src/test/java/org/joda/time/TestLocalDate_Basics.java,org.joda.time.TestLocalDate_Basics,class,38,123,3,156,2134,0.20596673,0.22662076,85,2,82,1,2,0,84,0,0,0,18,15,0,18,0,0,13,0,111,903,1,0,12,29,2,29,828,263,17,227,1,0,1,0,186,1,0
/Users/pouriad/repos/Cling-application/projects/time/src/test/java/org/joda/time/TestLocalDate_Basics.java,org.joda.time.TestLocalDate_Basics$MockInstant,innerclass,4,3,2,3,3,0.0,0.0,3,0,3,0,0,0,3,0,0,0,0,0,0,0,0,0,0,0,0,11,3,0,0,0,0,0,3,0,0,0,0,0,0,0,14,0,0
/Users/pouriad/repos/Cling-application/projects/time/src/test/java/org/joda/time/convert/TestConverterManager.java,org.joda.time.convert.TestConverterManager$Anonymous2,anonymous,0,2,1,1,1,0.0,0.0,2,0,2,0,0,0,2,0,0,0,0,0,0,0,0,0,0,0,0,9,1,0,0,0,0,0,0,1,0,1,0,0,0,0,10,-1,0
/Users/pouriad/repos/Cling-application/projects/time/src/test/java/org/joda/time/convert/TestConverterManager.java,org.joda.time.convert.TestConverterManager$Anonymous3,anonymous,3,4,1,0,6,0.0,0.0,4,0,4,0,0,0,4,0,0,0,0,0,0,0,0,0,0,0,0,14,4,0,0,0,0,0,1,0,0,0,0,0,0,0,14,-1,0
/Users/pouriad/repos/Cling-application/projects/time/src/test/java/org/joda/time/convert/TestConverterManager.java,org.joda.time.convert.TestConverterManager$Anonymous4,anonymous,2,4,1,0,6,0.0,0.0,4,0,4,0,0,0,4,0,0,0,0,0,0,0,0,0,0,0,0,14,4,0,0,0,0,0,1,0,0,0,0,0,0,0,14,-1,0
/Users/pouriad/repos/Cling-application/projects/time/src/test/java/org/joda/time/convert/TestConverterManager.java,org.joda.time.convert.TestConverterManager$Anonymous5,anonymous,2,4,1,0,6,0.0,0.0,4,0,4,0,0,0,4,0,0,0,0,0,0,0,0,0,0,0,0,14,4,0,0,0,0,0,1,0,0,0,0,0,0,0,14,-1,0
/Users/pouriad/repos/Cling-application/projects/time/src/test/java/org/joda/time/convert/TestConverterManager.java,org.joda.time.convert.TestConverterManager$Anonymous1,anonymous,1,4,1,1,3,0.0,0.0,3,0,3,0,0,0,3,0,0,0,0,0,0,0,0,0,0,0,0,15,3,0,0,0,0,0,0,1,0,1,1,0,0,0,18,-1,0
/Users/pouriad/repos/Cling-application/projects/time/src/test/java/org/joda/time/convert/TestConverterManager.java,org.joda.time.convert.TestConverterManager$Anonymous10,anonymous,5,5,1,0,10,0.0,0.0,5,0,5,0,0,0,5,0,0,0,0,0,0,0,0,0,0,0,0,17,5,0,0,0,0,0,0,0,0,0,0,0,0,0,17,-1,0
/Users/pouriad/repos/Cling-application/projects/time/src/test/java/org/joda/time/convert/TestConverterManager.java,org.joda.time.convert.TestConverterManager$Anonymous21,anonymous,2,3,1,0,3,0.0,0.0,3,0,3,0,0,0,3,0,0,0,0,0,0,0,0,0,0,0,0,10,2,0,0,0,0,0,0,0,0,0,0,0,0,0,15,-1,0
/Users/pouriad/repos/Cling-application/projects/time/src/test/java/org/joda/time/convert/TestConverterManager.java,org.joda.time.convert.TestConverterManager$Anonymous20,anonymous,2,3,1,0,3,0.0,0.0,3,0,3,0,0,0,3,0,0,0,0,0,0,0,0,0,0,0,0,10,2,0,0,0,0,0,0,0,0,0,0,0,0,0,15,-1,0
/Users/pouriad/repos/Cling-application/projects/time/src/test/java/org/joda/time/convert/TestConverterManager.java,org.joda.time.convert.TestConverterManager$Anonymous12,anonymous,5,5,1,0,10,0.0,0.0,5,0,5,0,0,0,5,0,0,0,0,0,0,0,0,0,0,0,0,17,5,0,0,0,0,0,0,0,0,0,0,0,0,0,17,-1,0
/Users/pouriad/repos/Cling-application/projects/time/src/test/java/org/joda/time/convert/TestConverterManager.java,org.joda.time.convert.TestConverterManager$Anonymous11,anonymous,5,5,1,0,10,0.0,0.0,5,0,5,0,0,0,5,0,0,0,0,0,0,0,0,0,0,0,0,17,5,0,0,0,0,0,0,0,0,0,0,0,0,0,17,-1,0
/Users/pouriad/repos/Cling-application/projects/time/src/test/java/org/joda/time/convert/TestConverterManager.java,org.joda.time.convert.TestConverterManager$Anonymous14,anonymous,0,2,1,0,1,0.0,0.0,2,0,2,0,0,0,2,0,0,0,0,0,0,0,0,0,0,0,0,8,2,0,0,0,0,0,1,0,0,0,0,0,0,0,8,-1,0
/Users/pouriad/repos/Cling-application/projects/time/src/test/java/org/joda/time/convert/TestConverterManager.java,org.joda.time.convert.TestConverterManager$Anonymous13,anonymous,0,2,1,0,1,0.0,0.0,2,0,2,0,0,0,2,0,0,0,0,0,0,0,0,0,0,0,0,8,2,0,0,0,0,0,1,0,0,0,0,0,0,0,8,-1,0
/Users/pouriad/repos/Cling-application/projects/time/src/test/java/org/joda/time/convert/TestConverterManager.java,org.joda.time.convert.TestConverterManager$Anonymous16,anonymous,3,3,1,0,3,0.0,0.0,3,0,3,0,0,0,3,0,0,0,0,0,0,0,0,0,0,0,0,10,2,0,0,0,0,0,0,0,0,0,0,0,0,0,14,-1,0
/Users/pouriad/repos/Cling-application/projects/time/src/test/java/org/joda/time/convert/TestConverterManager.java,org.joda.time.convert.TestConverterManager$Anonymous15,anonymous,0,2,1,0,1,0.0,0.0,2,0,2,0,0,0,2,0,0,0,0,0,0,0,0,0,0,0,0,8,2,0,0,0,0,0,1,0,0,0,0,0,0,0,8,-1,0
/Users/pouriad/repos/Cling-application/projects/time/src/test/java/org/joda/time/convert/TestConverterManager.java,org.joda.time.convert.TestConverterManager$Anonymous18,anonymous,3,3,1,0,3,0.0,0.0,3,0,3,0,0,0,3,0,0,0,0,0,0,0,0,0,0,0,0,10,2,0,0,0,0,0,0,0,0,0,0,0,0,0,14,-1,0
/Users/pouriad/repos/Cling-application/projects/time/src/test/java/org/joda/time/convert/TestConverterManager.java,org.joda.time.convert.TestConverterManager,class,21,107,2,41,1567,0.111501314,0.43459174,66,2,66,0,0,0,68,0,0,0,7,7,0,7,0,0,4,0,243,1009,11,0,5,47,1,13,55,97,8,75,2,21,0,0,90,1,0
/Users/pouriad/repos/Cling-application/projects/time/src/test/java/org/joda/time/convert/TestConverterManager.java,org.joda.time.convert.TestConverterManager$Anonymous17,anonymous,3,3,1,0,3,0.0,0.0,3,0,3,0,0,0,3,0,0,0,0,0,0,0,0,0,0,0,0,10,2,0,0,0,0,0,0,0,0,0,0,0,0,0,14,-1,0
/Users/pouriad/repos/Cling-application/projects/time/src/test/java/org/joda/time/convert/TestConverterManager.java,org.joda.time.convert.TestConverterManager$Anonymous19,anonymous,2,3,1,0,3,0.0,0.0,3,0,3,0,0,0,3,0,0,0,0,0,0,0,0,0,0,0,0,10,2,0,0,0,0,0,0,0,0,0,0,0,0,0,15,-1,0
/Users/pouriad/repos/Cling-application/projects/time/src/test/java/org/joda/time/convert/TestConverterManager.java,org.joda.time.convert.TestConverterManager$Anonymous6,anonymous,2,4,1,0,6,0.0,0.0,4,0,4,0,0,0,4,0,0,0,0,0,0,0,0,0,0,0,0,14,4,0,0,0,0,0,1,0,0,0,0,0,0,0,14,-1,0
/Users/pouriad/repos/Cling-application/projects/time/src/test/java/org/joda/time/convert/TestConverterManager.java,org.joda.time.convert.TestConverterManager$Anonymous7,anonymous,2,4,1,0,6,0.0,0.0,4,0,4,0,0,0,4,0,0,0,0,0,0,0,0,0,0,0,0,14,4,0,0,0,0,0,1,0,0,0,0,0,0,0,14,-1,0
/Users/pouriad/repos/Cling-application/projects/time/src/test/java/org/joda/time/convert/TestConverterManager.java,org.joda.time.convert.TestConverterManager$Anonymous8,anonymous,6,5,1,0,10,0.0,0.0,5,0,5,0,0,0,5,0,0,0,0,0,0,0,0,0,0,0,0,17,5,0,0,0,0,0,0,0,0,0,0,0,0,0,17,-1,0
/Users/pouriad/repos/Cling-application/projects/time/src/test/java/org/joda/time/convert/TestConverterManager.java,org.joda.time.convert.TestConverterManager$Anonymous9,anonymous,5,5,1,0,10,0.0,0.0,5,0,5,0,0,0,5,0,0,0,0,0,0,0,0,0,0,0,0,17,5,0,0,0,0,0,0,0,0,0,0,0,0,0,17,-1,0
/Users/pouriad/repos/Cling-application/projects/time/src/test/java/org/joda/time/convert/TestReadableInstantConverter.java,org.joda.time.convert.TestReadableInstantConverter$Anonymous2,anonymous,1,1,1,0,0,NaN,NaN,1,0,1,0,0,0,1,0,0,0,0,0,0,0,0,0,0,0,0,5,1,0,0,0,0,0,0,0,0,0,0,0,0,0,3,-1,0
/Users/pouriad/repos/Cling-application/projects/time/src/test/java/org/joda/time/convert/TestReadableInstantConverter.java,org.joda.time.convert.TestReadableInstantConverter$Anonymous1,anonymous,1,1,1,0,0,NaN,NaN,1,0,1,0,0,0,1,0,0,0,0,0,0,0,0,0,0,0,0,5,1,0,0,0,0,0,0,0,0,0,0,0,0,0,3,-1,0
/Users/pouriad/repos/Cling-application/projects/time/src/test/java/org/joda/time/convert/TestReadableInstantConverter.java,org.joda.time.convert.TestReadableInstantConverter,class,17,12,2,26,54,0.09090909,0.15151516,12,2,11,0,1,0,12,0,0,0,6,5,0,6,0,0,3,0,17,83,1,0,0,0,0,3,22,14,0,14,0,2,0,0,69,1,0
/Users/pouriad/repos/Cling-application/projects/time/src/test/java/org/joda/time/convert/TestConverterSet.java,org.joda.time.convert.TestConverterSet$Anonymous1,anonymous,0,1,1,0,0,NaN,NaN,1,0,1,0,0,0,1,0,0,0,0,0,0,0,0,0,0,0,0,5,1,0,0,0,0,0,0,0,0,0,0,0,0,0,4,-1,0
/Users/pouriad/repos/Cling-application/projects/time/src/test/java/org/joda/time/convert/TestConverterSet.java,org.joda.time.convert.TestConverterSet$Anonymous4,anonymous,0,1,1,0,0,NaN,NaN,1,0,1,0,0,0,1,0,0,0,0,0,0,0,0,0,0,0,0,5,1,0,0,0,0,0,0,0,0,0,0,0,0,0,4,-1,0
/Users/pouriad/repos/Cling-application/projects/time/src/test/java/org/joda/time/convert/TestConverterSet.java,org.joda.time.convert.TestConverterSet$Anonymous5,anonymous,0,1,1,0,0,NaN,NaN,1,0,1,0,0,0,1,0,0,0,0,0,0,0,0,0,0,0,0,5,1,0,0,0,0,0,0,0,0,0,0,0,0,0,4,-1,0
/Users/pouriad/repos/Cling-application/projects/time/src/test/java/org/joda/time/convert/TestConverterSet.java,org.joda.time.convert.TestConverterSet$Anonymous2,anonymous,0,1,1,0,0,NaN,NaN,1,0,1,0,0,0,1,0,0,0,0,0,0,0,0,0,0,0,0,5,1,0,0,0,0,0,0,0,0,0,0,0,0,0,4,-1,0
/Users/pouriad/repos/Cling-application/projects/time/src/test/java/org/joda/time/convert/TestConverterSet.java,org.joda.time.convert.TestConverterSet$Anonymous3,anonymous,0,1,1,0,0,NaN,NaN,1,0,1,0,0,0,1,0,0,0,0,0,0,0,0,0,0,0,0,5,1,0,0,0,0,0,0,0,0,0,0,0,0,0,4,-1,0
/Users/pouriad/repos/Cling-application/projects/time/src/test/java/org/joda/time/convert/TestConverterSet.java,org.joda.time.convert.TestConverterSet,class,11,15,2,17,10,0.42424244,0.42424244,12,2,12,0,0,0,12,0,0,0,6,6,0,6,0,0,6,0,7,137,1,0,1,2,0,0,13,29,0,29,1,6,0,0,54,1,0
/Users/pouriad/repos/Cling-application/projects/time/src/test/java/org/joda/time/convert/TestConverterSet.java,org.joda.time.convert.TestConverterSet$Anonymous6,anonymous,0,1,1,0,0,NaN,NaN,1,0,1,0,0,0,1,0,0,0,0,0,0,0,0,0,0,0,0,5,1,0,0,0,0,0,0,0,0,0,0,0,0,0,4,-1,0
/Users/pouriad/repos/Cling-application/projects/time/src/test/java/org/joda/time/convert/MockBadChronology.java,org.joda.time.convert.MockBadChronology,class,3,5,3,0,10,0.0,0.0,5,0,4,0,0,1,5,0,0,0,0,0,0,0,0,0,0,0,0,17,4,0,0,0,0,0,0,0,0,0,0,0,0,0,24,0,0
/Users/pouriad/repos/Cling-application/projects/time/src/test/java/org/joda/time/convert/TestDateConverter.java,org.joda.time.convert.TestDateConverter,class,12,11,2,25,43,0.10909091,0.18181819,11,2,10,0,1,0,11,0,0,0,5,5,0,5,0,0,2,0,14,60,1,0,0,0,0,3,10,13,0,13,0,0,0,0,65,1,0
/Users/pouriad/repos/Cling-application/projects/time/src/test/java/org/joda/time/convert/TestReadableIntervalConverter.java,org.joda.time.convert.TestReadableIntervalConverter,class,18,16,2,39,120,0.0,0.0,16,2,15,0,1,0,16,0,0,0,6,5,0,6,0,0,3,0,28,120,1,0,0,0,0,3,52,24,0,24,0,2,0,0,67,1,0
/Users/pouriad/repos/Cling-application/projects/time/src/test/java/org/joda/time/convert/TestReadableIntervalConverter.java,org.joda.time.convert.TestReadableIntervalConverter$Anonymous2,anonymous,1,1,1,0,0,NaN,NaN,1,0,1,0,0,0,1,0,0,0,0,0,0,0,0,0,0,0,0,5,1,0,0,0,0,0,0,0,0,0,0,0,0,0,3,-1,0
/Users/pouriad/repos/Cling-application/projects/time/src/test/java/org/joda/time/convert/TestReadableIntervalConverter.java,org.joda.time.convert.TestReadableIntervalConverter$Anonymous1,anonymous,1,1,1,0,0,NaN,NaN,1,0,1,0,0,0,1,0,0,0,0,0,0,0,0,0,0,0,0,5,1,0,0,0,0,0,0,0,0,0,0,0,0,0,3,-1,0
/Users/pouriad/repos/Cling-application/projects/time/src/test/java/org/joda/time/convert/TestReadableDurationConverter.java,org.joda.time.convert.TestReadableDurationConverter,class,13,11,2,35,53,0.018181818,0.018181818,11,2,9,0,2,0,11,0,0,0,6,5,0,6,0,0,3,0,17,65,1,0,0,0,0,3,16,11,5,10,0,0,0,0,67,1,0
/Users/pouriad/repos/Cling-application/projects/time/src/test/java/org/joda/time/convert/TestReadablePeriodConverter.java,org.joda.time.convert.TestReadablePeriodConverter,class,13,9,2,30,36,0.0,0.0,9,2,8,0,1,0,9,0,0,0,6,5,0,6,0,0,3,0,17,56,1,0,0,0,0,3,19,10,0,10,0,0,0,0,59,1,0
/Users/pouriad/repos/Cling-application/projects/time/src/test/java/org/joda/time/convert/MockUnknownCalendar.java,org.joda.time.convert.MockUnknownCalendar,class,0,12,2,0,62,0.030303031,0.030303031,12,0,8,0,2,2,12,0,0,0,2,0,0,2,0,0,0,0,0,36,6,0,0,0,0,0,4,2,0,2,0,0,0,0,29,0,0
/Users/pouriad/repos/Cling-application/projects/time/src/test/java/org/joda/time/convert/TestNullConverter.java,org.joda.time.convert.TestNullConverter,class,18,18,2,45,131,0.07189543,0.13725491,18,2,16,0,2,0,18,0,0,0,10,5,0,10,0,0,3,0,34,106,1,0,0,0,0,5,17,25,9,19,0,0,0,0,85,1,0
/Users/pouriad/repos/Cling-application/projects/time/src/test/java/org/joda/time/convert/TestStringConverter.java,org.joda.time.convert.TestStringConverter,class,21,66,2,63,981,0.04625347,0.14153561,47,2,45,0,2,0,47,0,0,0,14,12,0,14,0,0,10,0,60,479,1,0,0,19,0,80,392,77,0,53,1,0,0,0,118,1,0
/Users/pouriad/repos/Cling-application/projects/time/src/test/java/org/joda/time/convert/TestCalendarConverter.java,org.joda.time.convert.TestCalendarConverter,class,16,14,2,38,56,0.07575758,0.10606061,12,2,11,0,1,0,12,0,0,0,4,4,0,4,0,0,2,0,43,104,1,0,0,2,0,20,12,27,0,19,1,0,0,0,75,1,0
/Users/pouriad/repos/Cling-application/projects/time/src/test/java/org/joda/time/convert/TestReadablePartialConverter.java,org.joda.time.convert.TestReadablePartialConverter,class,16,12,4,26,35,0.11111111,0.13333334,10,2,9,0,1,0,10,0,0,0,7,6,0,7,0,0,3,0,16,88,1,0,0,2,0,3,18,13,0,13,1,0,1,0,72,1,0
/Users/pouriad/repos/Cling-application/projects/time/src/test/java/org/joda/time/convert/TestReadablePartialConverter.java,org.joda.time.convert.TestReadablePartialConverter$MockTOD,innerclass,3,6,3,4,1,0.0,0.0,2,0,1,0,1,0,2,0,0,0,0,0,0,0,0,0,0,0,0,18,6,0,0,0,0,0,5,0,0,0,1,0,0,0,15,8,0
/Users/pouriad/repos/Cling-application/projects/time/src/test/java/org/joda/time/convert/TestLongConverter.java,org.joda.time.convert.TestLongConverter,class,12,12,2,25,56,0.07575758,0.09090909,12,2,11,0,1,0,12,0,0,0,6,5,0,6,0,0,3,0,15,61,1,0,0,0,0,3,13,12,0,12,0,0,0,0,66,1,0
/Users/pouriad/repos/Cling-application/projects/time/src/test/java/org/joda/time/convert/MockUnknownTimeZone.java,org.joda.time.convert.MockUnknownTimeZone,class,0,8,2,0,28,0.0,0.0,8,0,7,0,0,1,8,0,0,0,0,0,0,0,0,0,0,0,0,25,6,0,0,0,0,2,2,0,0,0,0,0,0,0,32,0,0
/Users/pouriad/repos/Cling-application/projects/time/src/test/java/org/joda/time/convert/TestAll.java,org.joda.time.convert.TestAll,class,16,3,2,15,3,0.0,0.0,3,2,3,0,0,0,3,0,0,0,0,0,0,0,0,0,0,0,12,25,1,0,0,0,0,0,0,2,0,2,0,0,0,0,15,1,0
/Users/pouriad/repos/Cling-application/projects/time/src/test/java/org/joda/time/convert/MockZeroNullIntegerConverter.java,org.joda.time.convert.MockZeroNullIntegerConverter,class,5,5,1,0,10,0.0,0.0,5,0,5,0,0,0,5,0,0,0,1,1,1,0,0,0,1,0,0,18,5,0,0,0,0,0,2,1,0,1,0,0,0,0,40,1,0
/Users/pouriad/repos/Cling-application/projects/time/src/test/java/org/joda/time/TestDurationField.java,org.joda.time.TestDurationField,class,6,7,2,8,15,0.0,0.0,6,2,4,0,2,0,6,0,0,0,0,0,0,0,0,0,0,0,2,29,1,0,0,1,3,0,13,1,3,1,1,0,0,0,31,1,0
/Users/pouriad/repos/Cling-application/projects/time/src/test/java/org/joda/time/TestMonthDay_Constructors.java,org.joda.time.TestMonthDay_Constructors,class,14,48,2,28,295,0.23707666,0.49197862,34,2,32,0,2,0,34,0,0,0,9,5,0,9,0,0,5,0,28,285,1,0,0,14,3,14,127,43,17,40,1,0,0,0,97,1,0
/Users/pouriad/repos/Cling-application/projects/time/src/test/java/org/joda/time/TestChronology.java,org.joda.time.TestChronology,class,22,23,2,39,62,0.030303031,0.045454547,12,2,10,0,2,0,12,0,0,0,9,1,0,7,0,2,1,0,58,139,1,0,11,0,3,20,106,54,19,48,0,0,0,0,81,1,0
/Users/pouriad/repos/Cling-application/projects/time/src/example/org/joda/example/time/TimeZoneTable.java,org.joda.example.time.TimeZoneTable$ZoneData,innerclass,3,14,1,11,1,0.46666667,0.6666667,6,0,5,0,0,1,6,0,0,0,2,0,0,2,0,0,2,0,0,52,10,1,3,0,0,0,5,9,0,8,2,0,0,0,29,10,0
/Users/pouriad/repos/Cling-application/projects/time/src/example/org/joda/example/time/TimeZoneTable.java,org.joda.example.time.TimeZoneTable,class,5,10,1,21,1,NaN,NaN,2,2,1,1,0,0,1,0,0,0,2,2,0,0,0,2,2,0,6,110,0,3,2,0,1,16,7,15,1,13,3,0,1,0,53,1,0
/Users/pouriad/repos/Cling-application/projects/time/src/example/org/joda/example/time/AgeCalculator.java,org.joda.example.time.AgeCalculator$FieldGroup,innerclass,2,13,1,17,0,1.0,1.0,3,0,2,0,0,1,3,0,0,0,3,0,3,0,0,0,3,0,1,55,1,0,0,0,0,1,0,15,0,6,1,0,0,0,23,2,0
/Users/pouriad/repos/Cling-application/projects/time/src/example/org/joda/example/time/AgeCalculator.java,org.joda.example.time.AgeCalculator$Anonymous3,anonymous,3,1,1,4,0,NaN,NaN,1,0,1,0,0,0,1,0,0,0,0,0,0,0,0,0,0,0,2,7,0,0,0,0,0,0,0,2,0,1,0,0,0,0,10,-1,0
/Users/pouriad/repos/Cling-application/projects/time/src/example/org/joda/example/time/AgeCalculator.java,org.joda.example.time.AgeCalculator$FieldSet,innerclass,3,9,1,10,3,1.0,1.0,6,0,1,4,0,1,2,0,0,0,2,0,0,2,0,0,2,0,2,50,1,3,0,0,0,0,7,20,0,10,1,0,0,0,35,10,0
/Users/pouriad/repos/Cling-application/projects/time/src/example/org/joda/example/time/AgeCalculator.java,org.joda.example.time.AgeCalculator$Anonymous4,anonymous,1,1,1,1,0,NaN,NaN,1,0,1,0,0,0,1,0,0,0,0,0,0,0,0,0,0,0,0,5,0,0,0,0,0,0,0,0,0,0,0,0,0,0,8,-1,0
/Users/pouriad/repos/Cling-application/projects/time/src/example/org/joda/example/time/AgeCalculator.java,org.joda.example.time.AgeCalculator$Anonymous1,anonymous,1,1,1,1,0,NaN,NaN,1,0,1,0,0,0,1,0,0,0,0,0,0,0,0,0,0,0,0,5,0,0,0,0,0,0,0,0,0,0,0,0,0,0,7,-1,0
/Users/pouriad/repos/Cling-application/projects/time/src/example/org/joda/example/time/AgeCalculator.java,org.joda.example.time.AgeCalculator,class,8,13,6,42,12,0.0,0.0,8,3,2,4,0,2,4,0,0,0,5,1,0,3,0,2,1,0,16,229,2,3,0,1,0,18,26,30,7,29,2,4,2,0,123,1,0
/Users/pouriad/repos/Cling-application/projects/time/src/example/org/joda/example/time/AgeCalculator.java,org.joda.example.time.AgeCalculator$Anonymous2,anonymous,2,4,1,3,6,0.0,0.0,4,0,3,1,0,0,3,0,0,0,0,0,0,0,0,0,0,0,0,15,0,0,0,0,0,0,0,1,0,0,0,0,0,0,12,-1,0
/Users/pouriad/repos/Cling-application/projects/time/src/example/org/joda/example/time/DateTimeBrowser.java,org.joda.example.time.DateTimeBrowser$TableView,innerclass,1,7,1,0,21,0.0,0.0,7,0,2,0,0,5,7,4,0,0,3,0,0,0,3,0,0,0,0,18,2,0,0,0,0,0,0,4,0,3,0,0,0,0,20,1026,0
/Users/pouriad/repos/Cling-application/projects/time/src/example/org/joda/example/time/DateTimeBrowser.java,org.joda.example.time.DateTimeBrowser$LoadedFile,innerclass,3,16,1,17,3,0.4,1.0,7,0,5,1,0,1,6,0,0,0,4,0,0,0,0,4,0,0,3,67,6,1,5,1,4,8,9,17,6,9,3,0,0,0,48,2,0
/Users/pouriad/repos/Cling-application/projects/time/src/example/org/joda/example/time/DateTimeBrowser.java,org.joda.example.time.DateTimeBrowser$GetterTableView,innerclass,7,7,2,26,10,0.0,0.0,5,0,0,0,0,5,5,0,0,0,0,0,0,0,0,0,0,0,1,53,4,1,0,0,0,18,6,31,2,14,1,0,0,0,53,2,0
/Users/pouriad/repos/Cling-application/projects/time/src/example/org/joda/example/time/DateTimeBrowser.java,org.joda.example.time.DateTimeBrowser$OpenAction,innerclass,3,4,2,7,1,0.0,0.0,2,0,2,0,0,0,2,0,0,0,0,0,0,0,0,0,0,0,0,22,0,0,1,1,0,2,0,6,1,4,2,0,0,0,31,2,0
/Users/pouriad/repos/Cling-application/projects/time/src/example/org/joda/example/time/DateTimeBrowser.java,org.joda.example.time.DateTimeBrowser$DateAction,innerclass,3,2,2,3,1,0.0,0.0,2,0,2,0,0,0,2,0,0,0,0,0,0,0,0,0,0,0,0,11,0,0,0,0,0,1,0,1,0,1,0,0,0,0,18,2,0
/Users/pouriad/repos/Cling-application/projects/time/src/example/org/joda/example/time/DateTimeBrowser.java,org.joda.example.time.DateTimeBrowser$DateTableView,innerclass,7,7,2,23,10,0.0,0.0,5,0,0,0,0,5,5,0,0,0,0,0,0,0,0,0,0,0,1,51,4,1,0,0,0,14,6,29,2,16,1,0,0,0,54,2,0
/Users/pouriad/repos/Cling-application/projects/time/src/example/org/joda/example/time/DateTimeBrowser.java,org.joda.example.time.DateTimeBrowser$GetterAction,innerclass,3,2,2,3,1,0.0,0.0,2,0,2,0,0,0,2,0,0,0,0,0,0,0,0,0,0,0,0,11,0,0,0,0,0,1,0,1,0,1,0,0,0,0,18,2,0
/Users/pouriad/repos/Cling-application/projects/time/src/example/org/joda/example/time/DateTimeBrowser.java,org.joda.example.time.DateTimeBrowser$CalTableView,innerclass,7,7,2,19,10,0.0,0.0,5,0,0,0,0,5,5,0,0,0,0,0,0,0,0,0,0,0,1,56,4,1,0,0,0,17,7,32,2,16,1,0,0,0,56,2,0
/Users/pouriad/repos/Cling-application/projects/time/src/example/org/joda/example/time/DateTimeBrowser.java,org.joda.example.time.DateTimeBrowser$HexTableView,innerclass,7,8,2,19,10,0.0,0.0,5,0,0,0,0,5,5,0,0,0,0,0,0,0,0,0,0,0,5,60,4,1,0,1,0,19,6,35,7,18,2,0,0,0,64,2,0
/Users/pouriad/repos/Cling-application/projects/time/src/example/org/joda/example/time/DateTimeBrowser.java,org.joda.example.time.DateTimeBrowser$HexAction,innerclass,3,2,2,3,1,0.0,0.0,2,0,2,0,0,0,2,0,0,0,0,0,0,0,0,0,0,0,0,11,0,0,0,0,0,1,0,1,0,1,0,0,0,0,18,2,0
/Users/pouriad/repos/Cling-application/projects/time/src/example/org/joda/example/time/DateTimeBrowser.java,org.joda.example.time.DateTimeBrowser$CalAction,innerclass,3,2,2,3,1,0.0,0.0,2,0,2,0,0,0,2,0,0,0,0,0,0,0,0,0,0,0,0,11,0,0,0,0,0,1,0,1,0,1,0,0,0,0,18,2,0
/Users/pouriad/repos/Cling-application/projects/time/src/example/org/joda/example/time/DateTimeBrowser.java,org.joda.example.time.DateTimeBrowser$Anonymous1,anonymous,0,1,1,3,0,NaN,NaN,1,0,1,0,0,0,1,0,0,0,0,0,0,0,0,0,0,0,1,7,0,0,0,0,0,0,1,0,0,0,0,0,0,0,9,-1,0
/Users/pouriad/repos/Cling-application/projects/time/src/example/org/joda/example/time/DateTimeBrowser.java,org.joda.example.time.DateTimeBrowser$ExitAction,innerclass,0,2,2,3,1,0.0,0.0,2,0,2,0,0,0,2,0,0,0,0,0,0,0,0,0,0,0,1,10,0,0,0,0,0,1,1,0,0,0,0,0,0,0,8,2,0
/Users/pouriad/repos/Cling-application/projects/time/src/example/org/joda/example/time/DateTimeBrowser.java,org.joda.example.time.DateTimeBrowser,class,14,24,16,39,56,NaN,NaN,12,2,1,11,0,0,1,0,0,0,11,1,0,7,0,4,4,0,8,547,10,2,3,1,0,31,6,43,4,35,2,1,12,0,185,1,0
/Users/pouriad/repos/Cling-application/projects/time/src/example/org/joda/example/time/Examples.java,org.joda.example.time.Examples,class,8,5,1,44,6,NaN,NaN,4,1,1,3,0,0,1,0,0,0,0,0,0,0,0,0,0,0,0,84,0,0,0,1,0,60,11,4,44,4,1,0,0,0,47,1,0
/Users/pouriad/repos/Cling-application/projects/time/src/example/org/joda/example/time/DateTimePerformance.java,org.joda.example.time.DateTimePerformance$Result,innerclass,0,0,1,0,0,-1.0,-1.0,0,0,0,0,0,0,0,0,0,0,5,0,0,0,0,5,0,0,0,7,0,0,0,0,0,0,3,5,0,5,0,0,0,0,7,10,0
/Users/pouriad/repos/Cling-application/projects/time/src/example/org/joda/example/time/DateTimePerformance.java,org.joda.example.time.DateTimePerformance,class,9,203,1,75,0,0.0,0.0,52,1,2,50,0,0,2,0,0,0,9,4,0,9,0,0,0,0,19,802,0,97,41,1,2,164,194,271,12,244,3,0,1,0,95,1,0
/Users/pouriad/repos/Cling-application/projects/time/src/main/java/org/joda/time/MutablePeriod.java,org.joda.time.MutablePeriod,class,18,77,3,52,2556,0.0,0.0,72,2,72,0,0,0,72,0,0,0,1,1,0,1,0,0,1,0,35,245,12,0,4,1,0,1,9,8,0,6,1,0,0,0,283,1,0
/Users/pouriad/repos/Cling-application/projects/time/src/main/java/org/joda/time/ReadableDuration.java,org.joda.time.ReadableDuration,interface,3,9,1,0,36,0.0,0.0,9,0,0,0,0,9,9,0,0,0,0,0,0,0,0,0,0,0,0,11,0,0,0,0,0,0,0,0,0,0,0,0,0,0,167,1,0
/Users/pouriad/repos/Cling-application/projects/time/src/main/java/org/joda/time/Minutes.java,org.joda.time.Minutes,class,23,44,2,28,313,0.0036231885,0.0036231885,26,6,24,2,0,0,24,0,0,0,8,8,6,2,0,0,8,0,32,138,40,0,8,0,2,2,13,16,6,16,1,0,0,0,284,17,0
/Users/pouriad/repos/Cling-application/projects/time/src/main/java/org/joda/time/ReadableInstant.java,org.joda.time.ReadableInstant,interface,5,12,1,0,66,0.0,0.0,12,0,0,0,0,12,12,0,0,0,0,0,0,0,0,0,0,0,0,14,0,0,0,0,0,0,0,0,0,0,0,0,0,0,179,1,0
/Users/pouriad/repos/Cling-application/projects/time/src/main/java/org/joda/time/MutableInterval.java,org.joda.time.MutableInterval,class,10,33,3,18,351,0.0,0.0,27,1,27,0,0,0,27,0,0,0,1,1,0,1,0,0,1,0,12,118,3,0,5,1,0,2,5,12,0,12,1,0,0,0,168,1,0
/Users/pouriad/repos/Cling-application/projects/time/src/main/java/org/joda/time/ReadableInterval.java,org.joda.time.ReadableInterval,interface,9,21,1,0,210,0.0,0.0,21,0,0,0,0,21,21,0,0,0,0,0,0,0,0,0,0,0,0,23,0,0,0,0,0,0,0,0,0,0,0,0,0,0,199,1,0
/Users/pouriad/repos/Cling-application/projects/time/src/main/java/org/joda/time/DurationField.java,org.joda.time.DurationField,class,2,22,1,3,190,0.0,0.0,20,0,20,0,0,0,20,18,0,0,0,0,0,0,0,0,0,0,0,32,3,0,2,0,0,1,0,0,0,0,1,0,0,0,144,1025,0
/Users/pouriad/repos/Cling-application/projects/time/src/main/java/org/joda/time/ReadablePartial.java,org.joda.time.ReadablePartial,interface,6,11,1,0,55,0.0,0.0,11,0,0,0,0,11,11,0,0,0,0,0,0,0,0,0,0,0,0,13,0,0,0,0,0,0,0,0,0,0,0,0,0,0,166,1,0
/Users/pouriad/repos/Cling-application/projects/time/src/main/java/org/joda/time/ReadablePeriod.java,org.joda.time.ReadablePeriod,interface,4,11,1,0,55,0.0,0.0,11,0,0,0,0,11,11,0,0,0,0,0,0,0,0,0,0,0,0,13,0,0,0,0,0,0,0,0,0,0,0,0,0,0,191,1,0
/Users/pouriad/repos/Cling-application/projects/time/src/main/java/org/joda/time/Partial.java,org.joda.time.Partial,class,18,87,3,50,188,0.29166666,0.3598485,33,0,30,0,1,2,33,0,0,0,5,1,0,5,0,0,4,0,20,397,40,8,36,1,1,16,61,89,23,54,6,0,1,0,340,17,0
/Users/pouriad/repos/Cling-application/projects/time/src/main/java/org/joda/time/Partial.java,org.joda.time.Partial$Property,innerclass,7,12,2,12,0,0.54545456,0.54545456,12,0,10,0,1,1,12,0,0,0,3,1,0,3,0,0,3,0,0,51,11,0,0,0,0,0,1,11,0,7,0,0,0,0,103,9,0
/Users/pouriad/repos/Cling-application/projects/time/src/main/java/org/joda/time/Duration.java,org.joda.time.Duration,class,10,38,3,14,305,0.03076923,0.03076923,26,6,26,0,0,0,26,0,0,0,2,2,1,1,0,0,2,0,14,118,32,0,12,0,0,0,14,8,4,8,1,0,0,0,183,17,0
/Users/pouriad/repos/Cling-application/projects/time/src/main/java/org/joda/time/DateMidnight.java,org.joda.time.DateMidnight,class,23,92,5,44,2211,0.0,0.0,67,5,66,0,1,0,67,0,0,0,1,1,0,1,0,0,1,0,6,355,69,0,25,0,2,7,33,22,1,20,1,0,1,0,337,17,0
/Users/pouriad/repos/Cling-application/projects/time/src/main/java/org/joda/time/DateMidnight.java,org.joda.time.DateMidnight$Property,innerclass,7,20,2,21,0,0.6666667,0.6862745,20,0,15,2,2,1,18,0,0,0,3,1,0,3,0,0,1,0,0,70,17,0,0,0,0,0,1,6,0,4,0,0,0,0,199,25,0
/Users/pouriad/repos/Cling-application/projects/time/src/main/java/org/joda/time/DateTimeField.java,org.joda.time.DateTimeField,class,4,50,1,0,1225,0.0,0.0,50,0,50,0,0,0,50,50,0,0,0,0,0,0,0,0,0,0,0,52,0,0,0,0,0,0,0,0,0,0,0,0,0,0,299,1025,0
/Users/pouriad/repos/Cling-application/projects/time/src/main/java/org/joda/time/PeriodType.java,org.joda.time.PeriodType,class,5,91,1,47,657,0.024182077,0.051209103,39,18,34,1,1,3,38,0,0,1,30,27,0,22,0,8,5,0,99,365,45,5,39,0,4,33,177,101,7,68,2,0,0,0,202,1,0
/Users/pouriad/repos/Cling-application/projects/time/src/main/java/org/joda/time/Instant.java,org.joda.time.Instant,class,14,25,2,19,170,0.05263158,0.05263158,20,3,20,0,0,0,20,0,0,0,2,1,0,2,0,0,2,0,8,75,19,0,5,0,1,0,8,6,0,4,1,0,0,0,203,17,0
/Users/pouriad/repos/Cling-application/projects/time/src/main/java/org/joda/time/chrono/GregorianChronology.java,org.joda.time.chrono.GregorianChronology,class,8,33,6,12,128,0.033333335,0.033333335,17,4,6,2,1,8,16,0,0,0,8,8,0,8,0,0,8,0,11,112,16,0,12,1,17,1,33,23,27,13,3,0,0,0,157,17,0
/Users/pouriad/repos/Cling-application/projects/time/src/main/java/org/joda/time/chrono/GJLocaleSymbols.java,org.joda.time.chrono.GJLocaleSymbols,class,4,43,1,31,185,0.007352941,0.007352941,23,6,17,6,0,0,17,0,0,0,19,3,0,19,0,0,18,0,26,180,21,7,9,0,2,3,25,48,3,40,3,0,0,0,77,0,0
/Users/pouriad/repos/Cling-application/projects/time/src/main/java/org/joda/time/chrono/BasicYearDateTimeField.java,org.joda.time.chrono.BasicYearDateTimeField,class,8,23,4,19,0,0.4852941,0.4852941,18,0,16,1,0,1,17,0,0,0,2,1,0,1,1,0,2,0,5,83,21,0,3,0,0,0,6,9,2,8,1,0,0,0,75,0,0
/Users/pouriad/repos/Cling-application/projects/time/src/main/java/org/joda/time/chrono/BasicWeekyearDateTimeField.java,org.joda.time.chrono.BasicWeekyearDateTimeField,class,8,29,4,24,26,0.375,0.375,17,0,15,1,0,1,16,0,0,0,3,2,0,3,0,0,3,0,4,104,19,0,2,0,5,0,9,27,11,18,1,0,0,0,112,16,0
/Users/pouriad/repos/Cling-application/projects/time/src/main/java/org/joda/time/chrono/GJEraDateTimeField.java,org.joda.time.chrono.GJEraDateTimeField,class,11,21,3,14,106,0.083333336,0.083333336,17,0,15,1,0,1,16,0,0,0,2,1,0,2,0,0,2,0,7,79,20,0,3,0,0,0,6,4,0,4,1,0,0,0,74,16,0
/Users/pouriad/repos/Cling-application/projects/time/src/main/java/org/joda/time/chrono/BasicChronology.java,org.joda.time.chrono.BasicChronology$YearInfo,innerclass,0,1,1,0,0,NaN,NaN,1,0,0,0,0,1,1,0,0,0,2,0,2,0,0,0,2,0,0,8,0,0,0,0,0,0,0,2,0,2,0,0,0,0,8,10,0
/Users/pouriad/repos/Cling-application/projects/time/src/main/java/org/joda/time/chrono/BasicChronology.java,org.joda.time.chrono.BasicChronology$HalfdayField,innerclass,3,4,5,6,6,0.0,0.0,4,0,3,0,0,1,4,0,0,0,1,1,0,1,0,0,1,0,4,15,3,0,0,0,0,0,1,1,0,1,0,0,0,0,23,10,0
/Users/pouriad/repos/Cling-application/projects/time/src/main/java/org/joda/time/chrono/BasicChronology.java,org.joda.time.chrono.BasicChronology,class,27,74,8,65,1170,0.0025510204,0.0025510204,49,0,7,1,1,40,49,14,0,0,23,21,0,23,0,0,23,0,36,347,43,0,8,0,28,2,67,102,68,56,2,0,2,0,234,1024,0
/Users/pouriad/repos/Cling-application/projects/time/src/main/java/org/joda/time/chrono/BasicDayOfYearDateTimeField.java,org.joda.time.chrono.BasicDayOfYearDateTimeField,class,9,15,4,13,0,0.7777778,0.7777778,10,0,7,1,1,1,9,0,0,0,2,1,0,2,0,0,2,0,4,48,11,1,1,0,1,0,5,8,1,8,2,0,0,0,68,16,0
/Users/pouriad/repos/Cling-application/projects/time/src/main/java/org/joda/time/chrono/IslamicChronology.java,org.joda.time.chrono.IslamicChronology,class,13,58,5,24,401,0.03908046,0.050574712,30,4,8,1,1,20,30,0,0,0,24,23,5,19,0,0,24,0,12,245,34,2,15,0,18,5,66,65,44,47,3,0,1,0,256,17,0
/Users/pouriad/repos/Cling-application/projects/time/src/main/java/org/joda/time/chrono/IslamicChronology.java,org.joda.time.chrono.IslamicChronology$LeapYearPatternType,innerclass,1,8,1,0,0,1.0,1.0,3,0,0,1,0,2,2,0,0,0,3,1,0,1,0,2,3,0,0,28,6,0,0,0,3,0,8,4,2,4,1,0,0,0,67,9,0
/Users/pouriad/repos/Cling-application/projects/time/src/main/java/org/joda/time/chrono/ISOYearOfEraDateTimeField.java,org.joda.time.chrono.ISOYearOfEraDateTimeField,class,9,17,4,18,105,0.0,0.0,15,0,13,2,0,0,13,0,0,0,2,2,0,1,0,1,2,0,3,54,14,0,0,0,0,0,5,4,0,3,1,0,0,0,76,0,0
/Users/pouriad/repos/Cling-application/projects/time/src/main/java/org/joda/time/chrono/LimitChronology.java,org.joda.time.chrono.LimitChronology$LimitDateTimeField,innerclass,4,26,4,25,319,0.009230769,0.018461538,26,0,25,0,0,1,26,0,3,0,4,1,0,4,0,0,4,0,0,131,25,0,0,0,0,15,1,15,0,15,0,0,0,0,51,2,0
/Users/pouriad/repos/Cling-application/projects/time/src/main/java/org/joda/time/chrono/LimitChronology.java,org.joda.time.chrono.LimitChronology,class,19,45,14,34,92,0.06410257,0.07692308,16,1,11,3,1,1,13,0,0,0,4,1,0,2,0,2,3,0,4,376,21,0,22,0,6,10,5,62,2,17,2,0,3,0,138,17,0
/Users/pouriad/repos/Cling-application/projects/time/src/main/java/org/joda/time/chrono/LimitChronology.java,org.joda.time.chrono.LimitChronology$LimitDurationField,innerclass,3,9,4,11,36,0.0,0.0,9,0,8,0,0,1,9,0,0,0,1,1,0,1,0,0,1,0,0,44,8,0,0,0,0,6,1,3,0,3,0,0,0,0,27,2,0
/Users/pouriad/repos/Cling-application/projects/time/src/main/java/org/joda/time/chrono/LimitChronology.java,org.joda.time.chrono.LimitChronology$LimitException,innerclass,6,5,5,13,1,0.33333334,0.33333334,3,0,2,0,0,1,3,0,0,0,2,1,0,2,0,0,2,0,1,35,2,0,1,0,0,6,2,6,1,5,1,0,0,0,44,2,0
/Users/pouriad/repos/Cling-application/projects/time/src/main/java/org/joda/time/chrono/EthiopicChronology.java,org.joda.time.chrono.EthiopicChronology,class,14,25,6,14,76,0.012820513,0.012820513,13,4,6,1,1,5,13,0,0,0,7,7,1,6,0,0,7,0,12,106,12,0,8,1,4,2,27,28,17,14,3,0,0,0,185,17,0
/Users/pouriad/repos/Cling-application/projects/time/src/main/java/org/joda/time/chrono/LenientChronology.java,org.joda.time.chrono.LenientChronology,class,7,17,4,12,34,0.0,0.0,9,1,6,2,1,0,7,0,1,0,2,1,0,2,0,0,1,0,4,80,11,0,8,0,0,2,3,28,3,3,2,0,0,0,75,17,0
/Users/pouriad/repos/Cling-application/projects/time/src/main/java/org/joda/time/chrono/BasicMonthOfYearDateTimeField.java,org.joda.time.chrono.BasicMonthOfYearDateTimeField,class,13,43,4,39,0,0.5,0.6691176,18,0,16,1,0,1,17,0,0,0,5,2,0,5,0,0,5,0,7,181,24,1,10,0,13,1,33,64,40,46,2,0,0,0,133,0,0
/Users/pouriad/repos/Cling-application/projects/time/src/main/java/org/joda/time/chrono/GJYearOfEraDateTimeField.java,org.joda.time.chrono.GJYearOfEraDateTimeField,class,9,17,4,18,99,0.010989011,0.010989011,15,0,13,1,0,1,14,0,0,0,2,1,0,2,0,0,2,0,2,58,14,0,0,0,0,0,7,5,2,3,1,0,0,0,68,16,0
/Users/pouriad/repos/Cling-application/projects/time/src/main/java/org/joda/time/chrono/ZonedChronology.java,org.joda.time.chrono.ZonedChronology$ZonedDateTimeField,innerclass,12,44,3,40,0,0.82459676,1.0,33,0,31,1,0,1,32,0,3,0,7,1,0,1,0,6,7,0,3,185,37,0,1,0,4,5,3,44,16,35,1,0,0,0,84,24,0
/Users/pouriad/repos/Cling-application/projects/time/src/main/java/org/joda/time/chrono/ZonedChronology.java,org.joda.time.chrono.ZonedChronology$ZonedDurationField,innerclass,5,24,3,20,0,1.0,1.0,14,0,10,3,0,1,11,0,0,0,4,1,0,1,0,3,4,0,1,70,13,0,0,0,8,2,5,14,10,12,1,0,0,0,48,8,0
/Users/pouriad/repos/Cling-application/projects/time/src/main/java/org/joda/time/chrono/ZonedChronology.java,org.joda.time.chrono.ZonedChronology,class,14,33,8,29,120,0.0,0.0,16,2,10,4,1,1,12,0,0,0,1,1,0,1,0,0,1,0,2,389,22,0,12,0,0,7,5,45,8,7,1,0,2,0,102,17,0
/Users/pouriad/repos/Cling-application/projects/time/src/main/java/org/joda/time/chrono/JulianChronology.java,org.joda.time.chrono.JulianChronology,class,11,35,6,16,163,0.023391813,0.023391813,19,5,6,1,1,11,19,0,0,0,7,7,0,7,0,0,7,0,14,127,18,0,11,1,8,1,29,25,21,14,3,0,0,0,176,17,0
/Users/pouriad/repos/Cling-application/projects/time/src/main/java/org/joda/time/chrono/BasicWeekOfWeekyearDateTimeField.java,org.joda.time.chrono.BasicWeekOfWeekyearDateTimeField,class,9,17,4,15,36,0.22727273,0.22727273,13,0,10,1,1,1,12,0,0,0,2,1,0,2,0,0,2,0,4,56,14,1,1,0,0,0,13,7,10,7,2,0,0,0,72,16,0
/Users/pouriad/repos/Cling-application/projects/time/src/main/java/org/joda/time/chrono/BaseChronology.java,org.joda.time.chrono.BaseChronology,class,14,69,2,80,1225,0.0,0.0,50,0,49,0,1,0,50,4,0,0,1,1,0,1,0,0,1,0,80,220,45,7,7,0,0,0,16,47,1,30,3,0,0,0,188,1025,0
/Users/pouriad/repos/Cling-application/projects/time/src/main/java/org/joda/time/chrono/AssembledChronology.java,org.joda.time.chrono.AssembledChronology$Fields,innerclass,4,41,1,39,6,0.0,0.0,4,2,1,2,0,1,2,0,0,0,35,0,35,0,0,0,0,0,35,158,2,0,2,0,0,0,0,70,0,37,2,0,0,0,64,25,0
/Users/pouriad/repos/Cling-application/projects/time/src/main/java/org/joda/time/chrono/AssembledChronology.java,org.joda.time.chrono.AssembledChronology,class,7,100,3,54,876,0.017718716,0.023255814,45,0,39,2,4,0,43,1,37,0,39,1,0,39,0,0,3,0,0,404,45,0,52,0,48,0,14,81,0,47,1,0,1,0,150,1025,0
/Users/pouriad/repos/Cling-application/projects/time/src/main/java/org/joda/time/chrono/GJMonthOfYearDateTimeField.java,org.joda.time.chrono.GJMonthOfYearDateTimeField,class,3,6,5,6,15,0.0,0.0,6,0,4,0,1,1,6,0,0,0,1,1,0,1,0,0,1,0,5,21,5,0,0,0,0,0,2,1,0,1,0,0,0,0,48,16,0
/Users/pouriad/repos/Cling-application/projects/time/src/main/java/org/joda/time/chrono/CopticChronology.java,org.joda.time.chrono.CopticChronology,class,14,26,6,14,76,0.012820513,0.012820513,13,4,6,1,1,5,13,0,0,0,7,7,1,6,0,0,7,0,12,108,12,0,9,1,5,2,29,30,17,15,3,0,0,0,184,17,0
/Users/pouriad/repos/Cling-application/projects/time/src/main/java/org/joda/time/chrono/BasicFixedMonthChronology.java,org.joda.time.chrono.BasicFixedMonthChronology,class,3,22,5,7,77,0.13333334,0.13333334,15,0,0,0,0,15,15,0,0,0,4,4,0,1,0,3,4,0,0,70,14,0,3,0,12,0,20,15,17,13,2,0,0,0,114,1024,0
/Users/pouriad/repos/Cling-application/projects/time/src/main/java/org/joda/time/chrono/ISOChronology.java,org.joda.time.chrono.ISOChronology$Stub,innerclass,2,4,1,3,0,NaN,NaN,4,0,0,3,0,1,1,0,0,0,2,1,0,2,0,0,1,0,1,16,1,0,0,0,0,0,1,3,0,2,0,0,0,0,28,26,0
/Users/pouriad/repos/Cling-application/projects/time/src/main/java/org/joda/time/chrono/ISOChronology.java,org.joda.time.chrono.ISOChronology,class,12,20,4,18,49,0.06666667,0.06666667,11,3,8,2,1,0,10,0,0,0,5,5,0,5,0,0,5,0,11,93,11,0,8,0,1,2,5,19,4,9,2,0,1,0,141,17,0
/Users/pouriad/repos/Cling-application/projects/time/src/main/java/org/joda/time/chrono/BasicGJChronology.java,org.joda.time.chrono.BasicGJChronology,class,4,46,5,7,26,0.027777778,0.027777778,8,0,0,0,0,8,9,0,0,0,6,6,0,6,0,0,6,0,0,92,9,1,0,0,42,0,115,28,40,19,3,0,0,0,108,1024,0
/Users/pouriad/repos/Cling-application/projects/time/src/main/java/org/joda/time/chrono/GJChronology.java,org.joda.time.chrono.GJChronology$CutoverField,innerclass,12,69,3,46,0,0.50089127,0.7237077,34,0,30,0,2,2,34,0,0,0,7,1,0,1,2,4,5,0,7,254,43,2,4,0,0,0,8,41,6,19,3,0,0,0,91,2,0
/Users/pouriad/repos/Cling-application/projects/time/src/main/java/org/joda/time/chrono/GJChronology.java,org.joda.time.chrono.GJChronology$ImpreciseCutoverField,innerclass,4,28,4,8,36,0.0,0.0,9,0,6,0,0,3,9,0,0,0,1,1,0,1,0,0,1,0,0,102,14,0,1,0,0,0,1,15,4,1,3,0,0,0,80,18,0
/Users/pouriad/repos/Cling-application/projects/time/src/main/java/org/joda/time/chrono/GJChronology.java,org.joda.time.chrono.GJChronology$LinkedDurationField,innerclass,3,5,4,5,0,1.0,1.0,5,0,4,0,0,1,5,0,0,0,2,1,0,2,0,0,2,0,0,20,4,0,0,0,0,0,1,2,0,2,0,0,0,0,30,10,0
/Users/pouriad/repos/Cling-application/projects/time/src/main/java/org/joda/time/chrono/GJChronology.java,org.joda.time.chrono.GJChronology,class,21,52,12,79,163,0.2809524,0.64761907,26,8,16,5,1,4,21,0,0,1,8,3,0,7,0,1,3,0,20,627,29,1,18,1,3,6,20,70,5,28,3,0,3,0,229,17,0
/Users/pouriad/repos/Cling-application/projects/time/src/main/java/org/joda/time/chrono/StrictChronology.java,org.joda.time.chrono.StrictChronology,class,7,17,4,12,34,0.0,0.0,9,2,6,2,1,0,7,0,1,0,2,1,0,2,0,0,1,0,27,80,11,0,8,0,0,2,3,28,3,3,2,0,0,0,75,17,0
/Users/pouriad/repos/Cling-application/projects/time/src/main/java/org/joda/time/chrono/BuddhistChronology.java,org.joda.time.chrono.BuddhistChronology,class,16,18,4,19,53,0.027777778,0.027777778,11,3,8,2,1,0,9,0,0,1,6,6,1,5,0,0,6,0,15,77,10,0,7,0,0,4,15,29,3,12,1,0,0,0,159,17,0
/Users/pouriad/repos/Cling-application/projects/time/src/main/java/org/joda/time/chrono/BasicSingleEraDateTimeField.java,org.joda.time.chrono.BasicSingleEraDateTimeField,class,7,18,3,6,96,0.1,0.1,16,0,15,0,0,1,16,0,0,0,2,1,0,2,0,0,2,0,5,57,15,0,2,0,0,1,0,2,0,2,1,0,0,0,62,16,0
/Users/pouriad/repos/Cling-application/projects/time/src/main/java/org/joda/time/chrono/GJDayOfWeekDateTimeField.java,org.joda.time.chrono.GJDayOfWeekDateTimeField,class,7,11,4,10,43,0.06666667,0.06666667,11,0,8,1,1,1,10,0,0,0,2,1,0,2,0,0,2,0,6,38,10,0,0,0,0,0,1,2,0,2,0,0,0,0,90,16,0
/Users/pouriad/repos/Cling-application/projects/time/src/main/java/org/joda/time/chrono/BasicDayOfMonthDateTimeField.java,org.joda.time.chrono.BasicDayOfMonthDateTimeField,class,9,16,4,16,0,0.7777778,0.7777778,10,0,7,1,1,1,9,0,0,0,2,1,0,2,0,0,2,0,7,56,13,2,2,0,0,0,4,9,0,9,4,0,0,0,60,16,0
/Users/pouriad/repos/Cling-application/projects/time/src/main/java/org/joda/time/Interval.java,org.joda.time.Interval,class,11,35,3,20,276,0.0,0.0,24,1,24,0,0,0,24,0,0,0,1,1,0,1,0,0,1,0,10,137,25,0,13,0,2,0,5,26,0,24,1,0,0,0,212,17,0
/Users/pouriad/repos/Cling-application/projects/time/src/main/java/org/joda/time/ReadWritablePeriod.java,org.joda.time.ReadWritablePeriod,interface,3,26,1,0,325,0.0,0.0,26,0,0,0,0,26,26,0,0,0,0,0,0,0,0,0,0,0,0,28,0,0,0,0,0,0,0,0,0,0,0,0,0,0,118,1,0
/Users/pouriad/repos/Cling-application/projects/time/src/main/java/org/joda/time/DateTimeComparator.java,org.joda.time.DateTimeComparator,class,6,30,1,14,18,0.34848484,0.4090909,13,5,11,1,1,0,12,0,0,0,6,4,0,6,0,0,6,0,8,89,19,0,18,0,10,8,7,17,4,12,1,0,0,0,165,1,0
/Users/pouriad/repos/Cling-application/projects/time/src/main/java/org/joda/time/LocalDateTime.java,org.joda.time.LocalDateTime$Property,innerclass,6,20,2,21,0,0.6666667,0.6862745,20,0,15,2,2,1,18,0,0,0,3,1,0,3,0,0,1,0,0,70,17,0,0,0,0,0,1,6,0,4,0,0,0,0,186,25,0
/Users/pouriad/repos/Cling-application/projects/time/src/main/java/org/joda/time/LocalDateTime.java,org.joda.time.LocalDateTime,class,27,175,4,93,6578,0.005339436,0.0056445464,116,7,112,1,2,1,115,0,0,0,7,5,0,7,0,0,7,0,30,644,139,2,43,0,4,14,53,68,14,45,2,0,1,0,509,17,0
/Users/pouriad/repos/Cling-application/projects/time/src/main/java/org/joda/time/DateTimeFieldType.java,org.joda.time.DateTimeFieldType$StandardDateTimeFieldType,innerclass,6,55,2,24,0,0.53333336,1.0,7,0,5,1,0,1,6,0,0,0,4,1,0,4,0,0,4,0,1,135,53,0,2,0,2,0,2,5,1,4,1,0,0,0,70,10,0
/Users/pouriad/repos/Cling-application/projects/time/src/main/java/org/joda/time/DateTimeFieldType.java,org.joda.time.DateTimeFieldType,class,5,30,2,15,433,0.0022988506,0.0022988506,30,23,29,0,1,0,30,3,0,0,26,25,0,25,0,1,26,0,43,248,26,0,0,0,0,23,24,48,0,48,0,0,1,0,165,1025,0
/Users/pouriad/repos/Cling-application/projects/time/src/main/java/org/joda/time/ReadWritableInterval.java,org.joda.time.ReadWritableInterval,interface,5,12,1,0,66,0.0,0.0,12,0,0,0,0,12,12,0,0,0,0,0,0,0,0,0,0,0,0,14,0,0,0,0,0,0,0,0,0,0,0,0,0,0,56,1,0
/Users/pouriad/repos/Cling-application/projects/time/src/main/java/org/joda/time/Months.java,org.joda.time.Months,class,17,47,2,23,178,0.006535948,0.006535948,20,5,18,2,0,0,18,0,0,0,17,17,15,2,0,0,17,0,25,145,43,0,8,0,2,2,31,23,2,23,1,0,0,0,229,17,0
/Users/pouriad/repos/Cling-application/projects/time/src/main/java/org/joda/time/LocalTime.java,org.joda.time.LocalTime,class,23,121,4,69,2270,0.011935209,0.012361466,69,9,65,1,2,1,69,0,0,0,9,7,1,8,0,0,9,0,32,470,85,0,37,0,7,19,43,47,9,34,2,0,1,0,462,17,0
/Users/pouriad/repos/Cling-application/projects/time/src/main/java/org/joda/time/LocalTime.java,org.joda.time.LocalTime$Property,innerclass,6,22,2,23,0,0.68421054,0.7017544,21,0,16,2,2,1,19,0,0,0,3,1,0,3,0,0,1,0,0,78,18,0,1,0,0,1,1,8,0,6,1,0,0,0,191,25,0
/Users/pouriad/repos/Cling-application/projects/time/src/main/java/org/joda/time/Weeks.java,org.joda.time.Weeks,class,23,44,2,28,313,0.0036231885,0.0036231885,26,6,24,2,0,0,24,0,0,0,8,8,6,2,0,0,8,0,35,138,40,0,8,0,2,2,13,16,3,16,1,0,0,0,280,17,0
/Users/pouriad/repos/Cling-application/projects/time/src/main/java/org/joda/time/Hours.java,org.joda.time.Hours,class,23,49,2,28,313,0.0036231885,0.0036231885,26,6,24,2,0,0,24,0,0,0,13,13,11,2,0,0,13,0,33,153,45,0,8,0,2,2,23,21,5,21,1,0,0,0,290,17,0
/Users/pouriad/repos/Cling-application/projects/time/src/main/java/org/joda/time/field/OffsetDateTimeField.java,org.joda.time.field.OffsetDateTimeField,class,6,24,4,21,140,0.13157895,0.18947369,20,0,20,0,0,0,20,0,0,0,4,1,0,4,0,0,4,0,4,87,17,0,2,0,3,1,2,8,6,4,1,0,0,0,92,1,0
/Users/pouriad/repos/Cling-application/projects/time/src/main/java/org/joda/time/field/SkipDateTimeField.java,org.joda.time.field.SkipDateTimeField,class,6,11,3,9,3,0.5,0.6,6,0,5,1,0,0,5,0,0,0,4,1,0,4,0,0,3,0,3,47,4,0,2,0,0,0,4,8,2,6,2,0,0,0,67,17,0
/Users/pouriad/repos/Cling-application/projects/time/src/main/java/org/joda/time/field/SkipUndoDateTimeField.java,org.joda.time.field.SkipUndoDateTimeField,class,5,10,3,7,3,0.5,0.6,6,0,5,1,0,0,5,0,0,0,4,1,0,4,0,0,3,0,1,44,4,0,1,0,0,0,4,8,2,6,1,0,0,0,65,17,0
/Users/pouriad/repos/Cling-application/projects/time/src/main/java/org/joda/time/field/ScaledDurationField.java,org.joda.time.field.ScaledDurationField,class,6,21,4,15,0,1.0,1.0,17,0,17,0,0,0,17,0,0,0,2,1,0,2,0,0,2,0,3,76,18,0,5,0,11,1,4,13,11,11,1,0,0,0,88,1,0
/Users/pouriad/repos/Cling-application/projects/time/src/main/java/org/joda/time/field/PreciseDateTimeField.java,org.joda.time.field.PreciseDateTimeField,class,5,10,4,8,7,0.33333334,0.47619048,7,0,7,0,0,0,7,0,0,0,3,1,0,3,0,0,3,0,2,43,7,0,0,0,8,2,6,6,15,6,1,0,0,0,114,1,0
/Users/pouriad/repos/Cling-application/projects/time/src/main/java/org/joda/time/field/AbstractReadableInstantFieldProperty.java,org.joda.time.field.AbstractReadableInstantFieldProperty,class,10,43,1,37,496,0.0,0.0,32,0,30,0,2,0,32,2,0,0,1,1,0,1,0,0,1,0,4,138,36,0,7,0,0,6,9,10,5,10,1,0,0,0,217,1025,0
/Users/pouriad/repos/Cling-application/projects/time/src/main/java/org/joda/time/field/MillisDurationField.java,org.joda.time.field.MillisDurationField,class,4,26,2,6,253,0.0,0.0,23,0,21,2,0,0,21,0,2,0,2,2,1,1,0,0,2,0,8,86,25,0,2,0,1,2,5,4,0,4,1,0,0,0,77,17,0
/Users/pouriad/repos/Cling-application/projects/time/src/main/java/org/joda/time/field/PreciseDurationDateTimeField.java,org.joda.time.field.PreciseDurationDateTimeField,class,5,15,3,7,13,0.35555556,0.46666667,10,0,9,0,1,0,10,0,1,0,3,1,0,2,0,1,3,0,1,61,12,0,0,0,2,2,10,5,18,3,1,0,0,0,116,1025,0
/Users/pouriad/repos/Cling-application/projects/time/src/main/java/org/joda/time/field/StrictDateTimeField.java,org.joda.time.field.StrictDateTimeField,class,5,7,3,6,6,0.0,0.0,4,1,3,0,1,0,4,0,1,0,1,1,0,1,0,0,1,0,1,25,5,0,1,0,1,0,1,2,0,1,1,0,0,0,56,1,0
/Users/pouriad/repos/Cling-application/projects/time/src/main/java/org/joda/time/field/PreciseDurationField.java,org.joda.time.field.PreciseDurationField,class,4,13,3,5,0,0.8181818,0.8181818,11,0,11,0,0,0,11,0,2,0,2,1,0,2,0,0,2,0,5,51,12,0,3,0,4,0,2,9,5,8,1,0,0,0,88,1,0
/Users/pouriad/repos/Cling-application/projects/time/src/main/java/org/joda/time/field/ZeroIsMaxDateTimeField.java,org.joda.time.field.ZeroIsMaxDateTimeField,class,8,29,4,25,325,0.0,0.0,26,0,26,0,0,0,26,0,0,0,1,1,0,1,0,0,1,0,1,93,25,0,3,0,0,1,13,5,4,3,1,0,0,0,94,17,0
/Users/pouriad/repos/Cling-application/projects/time/src/main/java/org/joda/time/field/DecoratedDurationField.java,org.joda.time.field.DecoratedDurationField,class,3,12,3,9,0,1.0,1.0,10,0,10,0,0,0,10,0,1,0,2,1,0,2,0,0,2,0,0,41,9,0,1,0,0,2,1,2,0,2,1,0,0,0,90,1,0
/Users/pouriad/repos/Cling-application/projects/time/src/main/java/org/joda/time/field/DividedDateTimeField.java,org.joda.time.field.DividedDateTimeField,class,8,24,4,18,0,0.552381,0.8666667,16,0,15,1,0,0,15,0,0,0,5,1,0,3,0,2,5,0,2,95,16,0,1,0,17,1,20,24,32,19,1,0,0,0,121,1,0
/Users/pouriad/repos/Cling-application/projects/time/src/main/java/org/joda/time/field/RemainderDateTimeField.java,org.joda.time.field.RemainderDateTimeField,class,9,21,4,17,76,0.19166666,0.23333333,17,0,16,1,0,0,16,0,0,0,3,1,0,1,0,2,3,0,2,82,16,0,1,0,5,1,14,9,14,6,1,0,0,0,110,1,0
/Users/pouriad/repos/Cling-application/projects/time/src/main/java/org/joda/time/field/DecoratedDateTimeField.java,org.joda.time.field.DecoratedDateTimeField,class,4,12,3,9,0,1.0,1.0,10,0,9,0,1,0,10,0,1,0,2,1,0,2,0,0,2,0,0,41,9,0,1,0,0,2,1,2,0,2,1,0,0,0,93,1025,0
/Users/pouriad/repos/Cling-application/projects/time/src/main/java/org/joda/time/field/LenientDateTimeField.java,org.joda.time.field.LenientDateTimeField,class,8,7,3,11,4,0.16666667,0.16666667,4,1,3,0,1,0,4,0,1,0,2,1,0,2,0,0,2,0,1,29,5,0,1,0,1,0,1,6,0,4,1,0,0,0,69,1,0
/Users/pouriad/repos/Cling-application/projects/time/src/main/java/org/joda/time/field/DelegatedDurationField.java,org.joda.time.field.DelegatedDurationField,class,3,28,2,21,0,0.7862319,0.9166667,24,0,22,0,2,0,24,0,1,0,3,1,0,3,0,0,3,0,0,85,23,0,3,0,4,2,1,3,1,3,1,0,0,0,75,1,0
/Users/pouriad/repos/Cling-application/projects/time/src/main/java/org/joda/time/field/AbstractPartialFieldProperty.java,org.joda.time.field.AbstractPartialFieldProperty,class,7,34,1,25,276,0.0,0.0,24,0,22,0,2,0,24,3,0,0,0,0,0,0,0,0,0,0,2,105,26,0,6,0,0,4,10,9,7,6,1,0,0,0,156,1025,0
/Users/pouriad/repos/Cling-application/projects/time/src/main/java/org/joda/time/field/BaseDurationField.java,org.joda.time.field.BaseDurationField,class,4,15,2,8,60,0.045454547,0.045454547,12,0,11,0,1,0,12,0,3,0,2,1,0,2,0,0,2,0,4,54,13,0,2,0,0,2,4,4,3,4,1,0,0,0,102,1025,0
/Users/pouriad/repos/Cling-application/projects/time/src/main/java/org/joda/time/field/UnsupportedDurationField.java,org.joda.time.field.UnsupportedDurationField,class,3,30,2,8,270,0.0043290043,0.0043290043,25,1,22,3,0,0,22,0,1,1,3,2,0,3,0,0,2,0,1,102,15,0,5,0,2,2,4,7,2,5,2,0,0,0,100,17,0
/Users/pouriad/repos/Cling-application/projects/time/src/main/java/org/joda/time/field/UnsupportedDateTimeField.java,org.joda.time.field.UnsupportedDateTimeField,class,6,60,2,10,1395,7.843137E-4,7.843137E-4,54,1,51,3,0,0,51,0,0,1,4,2,0,4,0,0,3,0,1,187,15,0,6,0,0,2,2,8,1,5,2,0,0,0,123,17,0
/Users/pouriad/repos/Cling-application/projects/time/src/main/java/org/joda/time/field/BaseDateTimeField.java,org.joda.time.field.BaseDateTimeField,class,8,89,2,46,1269,0.002352941,0.002352941,51,0,49,0,2,0,51,7,8,0,1,0,0,1,0,0,1,0,6,309,53,5,17,1,7,8,40,61,33,33,3,0,0,0,311,1025,0
/Users/pouriad/repos/Cling-application/projects/time/src/main/java/org/joda/time/field/ImpreciseDateTimeField.java,org.joda.time.field.ImpreciseDateTimeField$LinkedDurationField,innerclass,3,11,3,4,55,0.0,0.0,11,0,10,0,0,1,11,0,0,0,1,1,0,1,0,0,1,0,0,36,10,0,0,0,0,0,1,1,4,1,0,0,0,0,29,18,0
/Users/pouriad/repos/Cling-application/projects/time/src/main/java/org/joda/time/field/ImpreciseDateTimeField.java,org.joda.time.field.ImpreciseDateTimeField,class,7,16,5,4,47,0.07272727,0.10909091,11,0,10,0,1,0,11,6,2,0,3,1,0,2,0,1,3,0,1,81,5,2,0,0,1,0,1,4,2,4,2,0,1,0,125,1025,0
/Users/pouriad/repos/Cling-application/projects/time/src/main/java/org/joda/time/field/FieldUtils.java,org.joda.time.field.FieldUtils,class,4,53,1,6,120,0.0,0.0,16,15,15,1,0,0,15,0,0,0,0,0,0,0,0,0,0,0,12,125,22,0,16,0,15,17,21,10,25,9,2,0,0,0,133,1,0
/Users/pouriad/repos/Cling-application/projects/time/src/main/java/org/joda/time/field/DelegatedDateTimeField.java,org.joda.time.field.DelegatedDateTimeField,class,6,55,2,50,0,0.8555878,0.925254,53,0,53,0,0,0,53,0,1,0,3,1,0,3,0,0,3,0,0,169,51,0,2,0,2,2,1,3,1,3,1,0,0,0,92,1,0
/Users/pouriad/repos/Cling-application/projects/time/src/main/java/org/joda/time/YearMonth.java,org.joda.time.YearMonth$Property,innerclass,8,10,2,9,0,0.8,0.8,10,0,8,0,1,1,10,0,0,0,3,1,0,3,0,0,3,0,0,45,9,0,0,0,0,0,1,11,0,7,0,0,0,0,100,9,0
/Users/pouriad/repos/Cling-application/projects/time/src/main/java/org/joda/time/YearMonth.java,org.joda.time.YearMonth,class,24,62,4,49,1001,0.013131313,0.022222223,46,7,42,1,1,2,45,0,0,0,4,4,2,2,0,0,4,0,20,257,43,1,12,0,0,6,16,26,4,18,2,0,1,0,358,17,0
/Users/pouriad/repos/Cling-application/projects/time/src/main/java/org/joda/time/DateTimeUtils.java,org.joda.time.DateTimeUtils$OffsetMillisProvider,innerclass,1,2,1,1,0,1.0,1.0,2,0,1,0,0,1,2,0,0,0,1,0,0,1,0,0,1,0,1,9,1,0,0,0,0,0,0,1,1,1,0,0,0,0,15,8,0
/Users/pouriad/repos/Cling-application/projects/time/src/main/java/org/joda/time/DateTimeUtils.java,org.joda.time.DateTimeUtils$SystemMillisProvider,innerclass,1,1,1,1,0,NaN,NaN,1,0,1,0,0,0,1,0,0,0,0,0,0,0,0,0,0,0,1,5,1,0,0,0,0,0,0,0,0,0,0,0,0,0,10,8,0
/Users/pouriad/repos/Cling-application/projects/time/src/main/java/org/joda/time/DateTimeUtils.java,org.joda.time.DateTimeUtils$MillisProvider,interface,0,1,1,0,0,NaN,NaN,1,0,0,0,0,1,1,0,0,0,0,0,0,0,0,0,0,0,0,3,0,0,0,0,0,0,0,0,0,0,0,0,0,0,23,9,0
/Users/pouriad/repos/Cling-application/projects/time/src/main/java/org/joda/time/DateTimeUtils.java,org.joda.time.DateTimeUtils$FixedMillisProvider,innerclass,1,2,1,0,0,1.0,1.0,2,0,1,0,0,1,2,0,0,0,1,0,0,1,0,0,1,0,0,9,1,0,0,0,0,0,0,1,0,1,0,0,0,0,15,8,0
/Users/pouriad/repos/Cling-application/projects/time/src/main/java/org/joda/time/DateTimeUtils.java,org.joda.time.DateTimeUtils,class,18,39,1,19,133,0.073529415,0.073529415,18,17,16,1,1,0,17,0,16,0,2,2,0,2,0,0,1,0,15,161,23,1,18,1,0,4,4,21,0,11,3,0,4,0,206,1,0
/Users/pouriad/repos/Cling-application/projects/time/src/main/java/org/joda/time/MonthDay.java,org.joda.time.MonthDay$Property,innerclass,8,10,2,9,0,0.8,0.8,10,0,8,0,1,1,10,0,0,0,3,1,0,3,0,0,3,0,0,45,9,0,0,0,0,0,1,11,0,7,0,0,0,0,96,9,0
/Users/pouriad/repos/Cling-application/projects/time/src/main/java/org/joda/time/MonthDay.java,org.joda.time.MonthDay,class,23,60,4,48,912,0.014396456,0.024363233,44,7,40,1,1,2,43,0,0,0,5,5,2,3,0,0,5,0,22,252,41,1,12,0,0,7,12,25,3,18,2,0,1,0,359,17,0
/Users/pouriad/repos/Cling-application/projects/time/src/main/java/org/joda/time/TimeOfDay.java,org.joda.time.TimeOfDay,class,20,67,4,50,1373,0.0174703,0.05520615,54,4,51,0,1,2,54,0,0,0,7,7,5,2,0,0,7,0,26,289,46,1,7,0,3,3,25,34,4,23,2,0,1,0,370,17,0
/Users/pouriad/repos/Cling-application/projects/time/src/main/java/org/joda/time/TimeOfDay.java,org.joda.time.TimeOfDay$Property,innerclass,8,13,2,13,0,0.5769231,0.5769231,13,0,11,0,1,1,13,0,0,0,3,1,0,3,0,0,3,0,0,56,12,0,0,0,0,0,1,13,0,8,0,0,0,0,130,9,0
/Users/pouriad/repos/Cling-application/projects/time/src/main/java/org/joda/time/Chronology.java,org.joda.time.Chronology,class,7,49,1,0,1176,0.0,0.0,49,0,49,0,0,0,49,49,0,0,0,0,0,0,0,0,0,0,0,51,0,0,0,0,0,0,0,0,0,0,0,0,0,0,233,1025,0
/Users/pouriad/repos/Cling-application/projects/time/src/main/java/org/joda/time/YearMonthDay.java,org.joda.time.YearMonthDay$Property,innerclass,8,12,2,12,0,0.54545456,0.54545456,12,0,10,0,1,1,12,0,0,0,3,1,0,3,0,0,3,0,0,51,11,0,0,0,0,0,1,11,0,7,0,0,0,0,124,9,0
/Users/pouriad/repos/Cling-application/projects/time/src/main/java/org/joda/time/YearMonthDay.java,org.joda.time.YearMonthDay,class,23,64,4,50,1223,0.014901961,0.03607843,51,2,48,0,1,2,51,0,0,0,5,5,3,2,0,0,5,0,22,276,46,1,8,0,0,3,18,35,4,24,2,0,1,0,365,17,0
/Users/pouriad/repos/Cling-application/projects/time/src/main/java/org/joda/time/JodaTimePermission.java,org.joda.time.JodaTimePermission,class,0,1,3,0,0,NaN,NaN,1,0,1,0,0,0,1,0,0,0,1,1,0,1,0,0,1,0,0,6,0,0,0,0,0,0,1,1,0,1,0,0,0,0,62,1,0
/Users/pouriad/repos/Cling-application/projects/time/src/main/java/org/joda/time/DateTimeZone.java,org.joda.time.DateTimeZone$Anonymous1,anonymous,3,4,1,2,6,0.0,0.0,4,0,4,0,0,0,4,0,0,0,0,0,0,0,0,0,0,0,0,14,4,0,0,0,0,0,0,0,0,0,0,0,0,0,14,-1,0
/Users/pouriad/repos/Cling-application/projects/time/src/main/java/org/joda/time/DateTimeZone.java,org.joda.time.DateTimeZone,class,22,142,1,68,989,0.02834008,0.033738192,47,21,36,9,2,0,39,7,4,3,10,9,1,9,0,0,3,0,50,561,61,0,55,9,7,100,35,107,34,73,6,1,1,0,472,1025,0
/Users/pouriad/repos/Cling-application/projects/time/src/main/java/org/joda/time/DateTimeZone.java,org.joda.time.DateTimeZone$Stub,innerclass,1,4,1,3,0,NaN,NaN,4,0,0,3,0,1,1,0,0,0,2,1,0,2,0,0,1,0,1,16,1,0,0,0,0,0,1,3,0,2,0,0,0,0,35,26,0
/Users/pouriad/repos/Cling-application/projects/time/src/main/java/org/joda/time/Days.java,org.joda.time.Days,class,23,48,2,28,313,0.0036231885,0.0036231885,26,6,24,2,0,0,24,0,0,0,12,12,10,2,0,0,12,0,34,150,44,0,8,0,2,2,21,20,4,20,1,0,0,0,290,17,0
/Users/pouriad/repos/Cling-application/projects/time/src/main/java/org/joda/time/format/DateTimeParserBucket.java,org.joda.time.format.DateTimeParserBucket$SavedField,innerclass,3,7,1,6,0,1.0,1.0,4,0,1,0,0,3,4,0,0,0,4,0,0,0,0,4,4,0,2,38,3,0,2,0,0,0,2,13,0,6,1,0,0,0,35,8,0
/Users/pouriad/repos/Cling-application/projects/time/src/main/java/org/joda/time/format/DateTimeParserBucket.java,org.joda.time.format.DateTimeParserBucket,class,11,55,1,26,188,0.16450216,0.5194805,24,2,21,2,0,1,22,0,0,0,11,0,0,11,0,0,2,0,10,244,17,4,14,1,5,4,26,49,9,27,3,0,2,0,271,1,0
/Users/pouriad/repos/Cling-application/projects/time/src/main/java/org/joda/time/format/DateTimeParserBucket.java,org.joda.time.format.DateTimeParserBucket$SavedState,innerclass,3,4,1,0,0,1.0,1.0,2,0,0,0,0,2,2,0,0,0,4,0,0,0,0,4,4,0,0,25,2,0,1,0,0,0,0,9,0,4,1,0,0,0,16,0,0
/Users/pouriad/repos/Cling-application/projects/time/src/main/java/org/joda/time/format/PeriodFormatterBuilder.java,org.joda.time.format.PeriodFormatterBuilder$SimpleAffix,innerclass,1,23,1,5,0,1.0,1.0,6,0,5,0,0,1,6,0,0,0,1,0,0,1,0,0,1,0,0,53,5,1,0,0,0,0,2,7,1,7,2,0,0,0,34,8,0
/Users/pouriad/repos/Cling-application/projects/time/src/main/java/org/joda/time/format/PeriodFormatterBuilder.java,org.joda.time.format.PeriodFormatterBuilder$Literal,innerclass,5,7,1,4,0,0.6666667,0.6666667,6,0,5,0,0,1,6,0,0,0,2,1,0,1,0,1,2,0,0,25,4,0,0,0,0,1,2,2,1,2,1,0,0,0,39,8,0
/Users/pouriad/repos/Cling-application/projects/time/src/main/java/org/joda/time/format/PeriodFormatterBuilder.java,org.joda.time.format.PeriodFormatterBuilder,class,12,87,1,22,888,0.036507938,0.104761906,45,2,36,9,0,0,36,0,0,0,25,16,0,25,0,0,16,0,4,1154,48,1,27,0,3,7,43,64,5,42,2,0,8,0,408,1,0
/Users/pouriad/repos/Cling-application/projects/time/src/main/java/org/joda/time/format/PeriodFormatterBuilder.java,org.joda.time.format.PeriodFormatterBuilder$PeriodFieldAffix,interface,0,5,1,0,10,0.0,0.0,5,0,0,0,0,5,5,0,0,0,0,0,0,0,0,0,0,0,0,7,0,0,0,0,0,0,0,0,0,0,0,0,0,0,40,8,0
/Users/pouriad/repos/Cling-application/projects/time/src/main/java/org/joda/time/format/PeriodFormatterBuilder.java,org.joda.time.format.PeriodFormatterBuilder$Composite,innerclass,5,25,1,12,0,0.73333335,1.0,8,0,5,2,0,1,6,0,0,0,2,0,0,2,0,0,2,0,0,92,3,7,2,0,2,0,14,30,1,23,3,0,0,0,58,8,0
/Users/pouriad/repos/Cling-application/projects/time/src/main/java/org/joda/time/format/PeriodFormatterBuilder.java,org.joda.time.format.PeriodFormatterBuilder$Separator,innerclass,5,48,1,14,0,0.9047619,1.0,7,0,5,0,0,2,7,0,0,0,9,0,0,9,0,0,7,0,1,145,8,2,8,0,5,0,29,39,1,29,4,0,0,0,68,8,0
/Users/pouriad/repos/Cling-application/projects/time/src/main/java/org/joda/time/format/PeriodFormatterBuilder.java,org.joda.time.format.PeriodFormatterBuilder$PluralAffix,innerclass,1,16,1,4,0,1.0,1.0,6,0,5,0,0,1,6,0,0,0,2,0,0,2,0,0,2,0,0,54,7,1,3,0,1,0,7,16,2,12,2,0,0,0,45,8,0
/Users/pouriad/repos/Cling-application/projects/time/src/main/java/org/joda/time/format/PeriodFormatterBuilder.java,org.joda.time.format.PeriodFormatterBuilder$CompositeAffix,innerclass,1,8,1,5,0,1.0,1.0,6,0,5,0,0,1,6,0,0,0,2,0,0,2,0,0,2,0,0,33,4,0,0,0,0,0,2,5,1,3,1,0,0,0,33,8,0
/Users/pouriad/repos/Cling-application/projects/time/src/main/java/org/joda/time/format/PeriodFormatterBuilder.java,org.joda.time.format.PeriodFormatterBuilder$FieldFormatter,innerclass,10,134,1,45,14,0.4848485,0.54545456,13,0,5,1,0,7,12,0,0,0,8,0,0,8,0,0,8,0,38,419,41,5,42,0,14,0,54,86,29,40,5,0,0,0,123,8,0
/Users/pouriad/repos/Cling-application/projects/time/src/main/java/org/joda/time/format/FormatUtils.java,org.joda.time.format.FormatUtils,class,1,63,1,17,46,0.18181819,0.18181819,12,11,9,1,0,2,11,0,0,0,1,1,0,1,0,0,1,0,21,249,13,12,11,0,35,12,76,27,63,16,4,0,0,0,85,1,0
/Users/pouriad/repos/Cling-application/projects/time/src/main/java/org/joda/time/format/DateTimeFormatterBuilder.java,org.joda.time.format.DateTimeFormatterBuilder$TextField,innerclass,12,26,1,39,27,0.071428575,0.10714286,10,0,7,2,0,1,8,0,0,0,3,1,0,3,0,0,2,0,3,126,10,2,3,4,1,7,9,25,2,18,3,0,0,0,53,8,0
/Users/pouriad/repos/Cling-application/projects/time/src/main/java/org/joda/time/format/DateTimeFormatterBuilder.java,org.joda.time.format.DateTimeFormatterBuilder$Fraction,innerclass,13,57,1,22,21,0.22222222,0.2777778,10,0,7,1,2,0,9,0,0,0,3,0,0,1,2,0,1,0,6,220,9,8,10,3,4,0,57,50,12,27,4,0,0,0,82,8,0
/Users/pouriad/repos/Cling-application/projects/time/src/main/java/org/joda/time/format/DateTimeFormatterBuilder.java,org.joda.time.format.DateTimeFormatterBuilder$StringLiteral,innerclass,6,9,1,4,0,1.0,1.0,8,0,7,0,0,1,8,0,0,0,1,0,0,1,0,0,1,0,0,31,4,0,0,0,0,0,1,1,1,1,1,0,0,0,29,8,0
/Users/pouriad/repos/Cling-application/projects/time/src/main/java/org/joda/time/format/DateTimeFormatterBuilder.java,org.joda.time.format.DateTimeFormatterBuilder$CharacterLiteral,innerclass,6,12,1,6,0,0.53571427,0.53571427,8,0,7,0,0,1,8,0,0,0,1,0,0,1,0,0,1,0,4,44,5,0,3,0,0,0,3,7,1,3,3,0,0,0,32,8,0
/Users/pouriad/repos/Cling-application/projects/time/src/main/java/org/joda/time/format/DateTimeFormatterBuilder.java,org.joda.time.format.DateTimeFormatterBuilder$PaddedNumber,innerclass,8,12,2,8,0,0.6666667,0.6666667,6,0,5,0,1,0,6,0,0,0,1,0,0,0,1,0,1,0,10,54,1,0,0,4,0,0,0,3,0,3,2,0,0,0,37,8,0
/Users/pouriad/repos/Cling-application/projects/time/src/main/java/org/joda/time/format/DateTimeFormatterBuilder.java,org.joda.time.format.DateTimeFormatterBuilder$TwoDigitYear,innerclass,10,44,1,18,29,0.10714286,0.10714286,10,0,7,2,0,1,8,0,0,0,3,0,0,3,0,0,3,0,6,172,13,2,7,3,11,0,38,36,25,21,4,0,0,0,64,8,0
/Users/pouriad/repos/Cling-application/projects/time/src/main/java/org/joda/time/format/DateTimeFormatterBuilder.java,org.joda.time.format.DateTimeFormatterBuilder$TimeZoneName,innerclass,7,16,1,11,22,0.14285715,0.21428572,9,0,7,1,0,1,8,0,0,0,4,2,0,2,0,2,4,0,0,49,8,1,3,0,2,2,6,5,3,5,1,0,0,0,45,8,0
/Users/pouriad/repos/Cling-application/projects/time/src/main/java/org/joda/time/format/DateTimeFormatterBuilder.java,org.joda.time.format.DateTimeFormatterBuilder,class,20,125,5,50,2755,4.5228403E-4,4.5228403E-4,75,2,65,8,0,2,67,0,0,0,2,0,0,2,0,0,0,0,33,1778,78,3,24,0,4,19,38,31,3,18,4,0,14,0,505,1,0
/Users/pouriad/repos/Cling-application/projects/time/src/main/java/org/joda/time/format/DateTimeFormatterBuilder.java,org.joda.time.format.DateTimeFormatterBuilder$TimeZoneOffset,innerclass,8,86,1,15,22,0.25,0.35714287,9,0,7,1,0,1,8,0,0,0,5,0,0,5,0,0,5,0,15,285,31,1,35,0,2,0,72,53,27,24,4,0,0,0,69,8,0
/Users/pouriad/repos/Cling-application/projects/time/src/main/java/org/joda/time/format/DateTimeFormatterBuilder.java,org.joda.time.format.DateTimeFormatterBuilder$NumberFormatter,innerclass,4,20,1,6,0,1.0,1.0,3,0,2,0,0,1,3,0,0,0,3,0,0,0,3,0,3,0,3,68,4,2,5,1,5,0,9,17,12,9,3,0,0,0,34,1032,0
/Users/pouriad/repos/Cling-application/projects/time/src/main/java/org/joda/time/format/DateTimeFormatterBuilder.java,org.joda.time.format.DateTimeFormatterBuilder$TimeZoneId,enum,4,16,1,10,19,0.035714287,0.035714287,7,0,7,0,0,0,8,0,0,0,2,2,0,0,0,2,2,0,3,42,4,2,4,0,0,2,1,7,1,5,3,0,0,0,42,8,0
/Users/pouriad/repos/Cling-application/projects/time/src/main/java/org/joda/time/format/DateTimeFormatterBuilder.java,org.joda.time.format.DateTimeFormatterBuilder$UnpaddedNumber,innerclass,7,12,2,8,15,0.0,0.0,6,0,5,0,1,0,6,0,0,0,0,0,0,0,0,0,0,0,4,52,1,0,0,4,0,0,0,2,0,2,2,0,0,0,34,8,0
/Users/pouriad/repos/Cling-application/projects/time/src/main/java/org/joda/time/format/DateTimeFormatterBuilder.java,org.joda.time.format.DateTimeFormatterBuilder$MatchingParser,innerclass,2,20,1,5,0,0.6666667,1.0,3,0,2,0,0,1,3,0,0,0,2,0,0,2,0,0,2,0,0,67,5,2,5,0,2,0,6,22,2,16,4,0,0,0,31,8,0
/Users/pouriad/repos/Cling-application/projects/time/src/main/java/org/joda/time/format/DateTimeFormatterBuilder.java,org.joda.time.format.DateTimeFormatterBuilder$FixedNumber,innerclass,3,9,3,2,1,0.0,0.0,2,0,1,0,1,0,2,0,0,0,0,0,0,0,0,0,0,0,0,27,4,0,3,0,1,0,2,3,2,3,3,0,0,0,22,8,0
/Users/pouriad/repos/Cling-application/projects/time/src/main/java/org/joda/time/format/DateTimeFormatterBuilder.java,org.joda.time.format.DateTimeFormatterBuilder$Composite,innerclass,7,40,1,13,10,0.44444445,1.0,12,0,7,2,0,3,10,0,0,0,4,0,0,4,0,0,4,0,4,147,5,9,12,0,2,0,18,48,1,33,3,0,0,0,56,8,0
/Users/pouriad/repos/Cling-application/projects/time/src/main/java/org/joda/time/format/DateTimePrinter.java,org.joda.time.format.DateTimePrinter,interface,3,5,1,0,10,0.0,0.0,5,0,0,0,0,5,5,0,0,0,0,0,0,0,0,0,0,0,0,7,0,0,0,0,0,0,0,0,0,0,0,0,0,0,89,1,0
/Users/pouriad/repos/Cling-application/projects/time/src/main/java/org/joda/time/format/ISOPeriodFormat.java,org.joda.time.format.ISOPeriodFormat,class,2,11,1,15,15,0.0,0.0,6,5,5,0,1,0,6,0,0,0,5,5,0,5,0,0,0,0,0,40,5,0,5,0,0,27,8,5,0,5,1,0,0,0,78,1,0
/Users/pouriad/repos/Cling-application/projects/time/src/main/java/org/joda/time/format/PeriodFormat.java,org.joda.time.format.PeriodFormat,class,3,5,1,17,6,0.0,0.0,4,3,3,0,1,0,4,0,0,0,2,2,0,2,0,0,2,0,4,23,3,0,1,0,0,35,0,6,0,5,1,0,0,0,91,1,0
/Users/pouriad/repos/Cling-application/projects/time/src/main/java/org/joda/time/format/DateTimeFormatter.java,org.joda.time.format.DateTimeFormatter,class,17,89,1,50,430,0.25506073,0.4048583,45,0,39,6,0,0,39,0,0,0,8,0,0,8,0,0,8,0,14,335,37,0,27,0,8,5,19,95,3,62,3,0,0,0,337,1,0
/Users/pouriad/repos/Cling-application/projects/time/src/main/java/org/joda/time/format/PeriodParser.java,org.joda.time.format.PeriodParser,interface,1,1,1,0,0,NaN,NaN,1,0,0,0,0,1,1,0,0,0,0,0,0,0,0,0,0,0,0,3,0,0,0,0,0,0,0,0,0,0,0,0,0,0,83,1,0
/Users/pouriad/repos/Cling-application/projects/time/src/main/java/org/joda/time/format/DateTimeParser.java,org.joda.time.format.DateTimeParser,interface,1,2,1,0,1,0.0,0.0,2,0,0,0,0,2,2,0,0,0,0,0,0,0,0,0,0,0,0,4,0,0,0,0,0,0,0,0,0,0,0,0,0,0,92,1,0
/Users/pouriad/repos/Cling-application/projects/time/src/main/java/org/joda/time/format/ISODateTimeFormat.java,org.joda.time.format.ISODateTimeFormat,class,5,204,1,87,2556,0.0,0.0,72,71,52,19,1,0,53,0,0,0,1,1,0,1,0,0,0,0,167,608,69,0,62,1,4,10,67,90,5,76,3,0,0,0,375,1,0
/Users/pouriad/repos/Cling-application/projects/time/src/main/java/org/joda/time/format/PeriodPrinter.java,org.joda.time.format.PeriodPrinter,interface,1,4,1,0,6,0.0,0.0,4,0,0,0,0,4,4,0,0,0,0,0,0,0,0,0,0,0,0,6,0,0,0,0,0,0,0,0,0,0,0,0,0,0,77,1,0
/Users/pouriad/repos/Cling-application/projects/time/src/main/java/org/joda/time/format/DateTimeFormat.java,org.joda.time.format.DateTimeFormat$StyleFormatter,innerclass,9,16,1,20,39,0.027777778,0.027777778,10,0,7,1,0,2,9,0,0,0,4,1,0,4,0,0,4,0,6,70,5,0,3,0,4,1,4,19,5,13,2,0,0,0,48,8,0
/Users/pouriad/repos/Cling-application/projects/time/src/main/java/org/joda/time/format/DateTimeFormat.java,org.joda.time.format.DateTimeFormat,class,9,118,1,50,142,0.2647059,0.4852941,24,23,15,7,1,1,17,0,0,0,10,10,0,2,0,8,10,0,26,430,27,3,19,0,4,7,53,51,14,36,5,0,1,0,309,1,0
/Users/pouriad/repos/Cling-application/projects/time/src/main/java/org/joda/time/format/PeriodFormatter.java,org.joda.time.format.PeriodFormatter,class,10,30,1,16,21,0.46666667,0.8666667,19,0,15,4,0,0,15,0,0,0,4,0,0,4,0,0,4,0,1,106,14,0,8,0,3,3,3,13,0,8,2,0,0,0,184,1,0
/Users/pouriad/repos/Cling-application/projects/time/src/main/java/org/joda/time/ReadWritableDateTime.java,org.joda.time.ReadWritableDateTime,interface,2,26,1,0,325,0.0,0.0,26,0,0,0,0,26,26,0,0,0,0,0,0,0,0,0,0,0,0,28,0,0,0,0,0,0,0,0,0,0,0,0,0,0,107,1,0
/Users/pouriad/repos/Cling-application/projects/time/src/main/java/org/joda/time/ReadWritableInstant.java,org.joda.time.ReadWritableInstant,interface,7,12,1,0,66,0.0,0.0,12,0,0,0,0,12,12,0,0,0,0,0,0,0,0,0,0,0,0,14,0,0,0,0,0,0,0,0,0,0,0,0,0,0,117,1,0
/Users/pouriad/repos/Cling-application/projects/time/src/main/java/org/joda/time/DateTimeConstants.java,org.joda.time.DateTimeConstants,class,0,1,1,0,0,NaN,NaN,1,0,0,0,1,0,1,0,0,0,40,40,40,0,0,0,40,0,0,44,0,0,0,0,0,0,30,40,10,40,0,0,0,0,126,1,0
/Users/pouriad/repos/Cling-application/projects/time/src/main/java/org/joda/time/IllegalFieldValueException.java,org.joda.time.IllegalFieldValueException,class,3,27,5,10,0,0.6911765,1.0,19,2,17,2,0,0,17,0,0,0,9,1,0,9,0,0,8,0,8,161,11,0,8,0,0,12,1,63,1,12,2,0,0,0,95,1,0
/Users/pouriad/repos/Cling-application/projects/time/src/main/java/org/joda/time/DurationFieldType.java,org.joda.time.DurationFieldType,class,4,17,2,3,134,0.007352941,0.007352941,17,12,16,0,1,0,17,1,0,0,15,14,0,2,0,13,15,0,0,148,15,0,0,0,0,12,13,26,0,26,0,0,1,0,124,1025,0
/Users/pouriad/repos/Cling-application/projects/time/src/main/java/org/joda/time/DurationFieldType.java,org.joda.time.DurationFieldType$StandardDurationFieldType,innerclass,5,31,2,13,0,1.0,1.0,5,0,3,1,0,1,4,0,0,0,2,1,0,2,0,0,2,0,1,81,29,0,2,0,2,0,2,3,1,2,1,0,0,0,60,10,0
/Users/pouriad/repos/Cling-application/projects/time/src/main/java/org/joda/time/DateTime.java,org.joda.time.DateTime,class,26,141,5,59,5460,0.0,0.0,105,5,105,0,0,0,105,0,0,0,1,1,0,1,0,0,1,0,9,521,112,0,36,0,2,7,37,41,1,30,1,0,1,0,396,17,0
/Users/pouriad/repos/Cling-application/projects/time/src/main/java/org/joda/time/DateTime.java,org.joda.time.DateTime$Property,innerclass,7,20,2,21,0,0.6666667,0.6862745,20,0,15,2,2,1,18,0,0,0,3,1,0,3,0,0,1,0,0,70,17,0,0,0,0,0,1,6,0,4,0,0,0,0,217,25,0
/Users/pouriad/repos/Cling-application/projects/time/src/main/java/org/joda/time/Years.java,org.joda.time.Years,class,17,38,2,23,178,0.006535948,0.006535948,20,5,18,2,0,0,18,0,0,0,8,8,6,2,0,0,8,0,25,118,34,0,8,0,2,2,13,14,2,14,1,0,0,0,218,17,0
/Users/pouriad/repos/Cling-application/projects/time/src/main/java/org/joda/time/tz/ZoneInfoCompiler.java,org.joda.time.tz.ZoneInfoCompiler$Zone,innerclass,5,15,1,15,3,0.16666667,0.16666667,6,1,2,2,0,2,4,0,0,0,7,0,6,1,0,0,6,0,6,71,2,1,6,1,0,13,1,15,4,12,4,0,0,0,44,10,0
/Users/pouriad/repos/Cling-application/projects/time/src/main/java/org/joda/time/tz/ZoneInfoCompiler.java,org.joda.time.tz.ZoneInfoCompiler$RuleSet,innerclass,2,5,1,5,0,1.0,1.0,3,0,1,0,0,2,3,0,0,0,1,0,0,1,0,0,0,0,0,19,0,1,0,0,1,1,2,3,0,3,1,0,0,0,22,10,0
/Users/pouriad/repos/Cling-application/projects/time/src/main/java/org/joda/time/tz/ZoneInfoCompiler.java,org.joda.time.tz.ZoneInfoCompiler$DateTimeOfYear,innerclass,3,14,1,20,0,1.0,1.0,5,0,3,0,0,2,5,0,0,0,6,0,6,0,0,0,6,0,9,90,1,0,2,1,4,16,29,42,8,15,6,0,0,0,46,8,0
/Users/pouriad/repos/Cling-application/projects/time/src/main/java/org/joda/time/tz/ZoneInfoCompiler.java,org.joda.time.tz.ZoneInfoCompiler$Rule,innerclass,4,9,1,12,0,1.0,1.0,4,0,2,1,0,1,3,0,0,0,7,0,7,0,0,0,7,0,5,53,5,0,2,0,0,14,8,14,5,12,2,0,0,0,41,10,0
/Users/pouriad/repos/Cling-application/projects/time/src/main/java/org/joda/time/tz/ZoneInfoCompiler.java,org.joda.time.tz.ZoneInfoCompiler,class,17,99,1,85,106,0.033333335,0.033333335,16,13,5,1,0,10,16,0,0,0,6,3,0,3,0,3,0,0,27,594,24,12,25,3,4,43,37,87,13,67,4,0,4,0,229,1,0
/Users/pouriad/repos/Cling-application/projects/time/src/main/java/org/joda/time/tz/Provider.java,org.joda.time.tz.Provider,interface,1,2,1,0,1,0.0,0.0,2,0,0,0,0,2,2,0,0,0,0,0,0,0,0,0,0,0,0,4,0,0,0,0,0,0,0,0,0,0,0,0,0,0,33,1,0
/Users/pouriad/repos/Cling-application/projects/time/src/main/java/org/joda/time/tz/CachedDateTimeZone.java,org.joda.time.tz.CachedDateTimeZone$Info,innerclass,2,13,1,6,0,1.0,1.0,4,0,3,0,0,1,4,0,0,0,6,0,2,3,0,1,2,0,0,39,6,0,6,0,0,0,0,7,0,6,2,0,0,0,18,26,0
/Users/pouriad/repos/Cling-application/projects/time/src/main/java/org/joda/time/tz/CachedDateTimeZone.java,org.joda.time.tz.CachedDateTimeZone,class,3,25,2,13,4,0.27272728,0.27272728,13,1,10,3,0,0,11,0,0,0,4,2,0,4,0,0,4,0,1,138,15,2,5,1,6,1,13,25,6,16,2,0,1,0,92,1,0
/Users/pouriad/repos/Cling-application/projects/time/src/main/java/org/joda/time/tz/ZoneInfoProvider.java,org.joda.time.tz.ZoneInfoProvider,class,4,34,1,32,31,0.2,0.2,11,2,5,5,1,0,6,0,0,0,4,0,0,4,0,0,4,0,6,145,11,2,11,5,0,13,3,30,2,19,3,0,0,0,133,1,0
/Users/pouriad/repos/Cling-application/projects/time/src/main/java/org/joda/time/tz/DefaultNameProvider.java,org.joda.time.tz.DefaultNameProvider,class,3,23,1,11,10,0.0,0.0,5,0,3,2,0,0,3,0,0,1,1,0,0,1,0,0,0,0,2,55,5,2,13,0,0,2,18,13,1,9,3,0,0,0,41,1,0
/Users/pouriad/repos/Cling-application/projects/time/src/main/java/org/joda/time/tz/DateTimeZoneBuilder.java,org.joda.time.tz.DateTimeZoneBuilder$Rule,innerclass,5,11,1,8,0,0.6666667,1.0,7,0,6,0,0,1,7,0,0,0,3,0,0,0,0,3,3,0,1,49,6,0,1,0,0,0,2,13,4,8,2,0,0,0,29,26,0
/Users/pouriad/repos/Cling-application/projects/time/src/main/java/org/joda/time/tz/DateTimeZoneBuilder.java,org.joda.time.tz.DateTimeZoneBuilder$Transition,innerclass,2,12,1,3,0,0.75,1.0,9,0,6,0,0,3,9,0,0,0,4,0,0,4,0,0,4,0,0,45,7,0,2,0,2,0,0,12,2,4,1,0,0,0,30,26,0
/Users/pouriad/repos/Cling-application/projects/time/src/main/java/org/joda/time/tz/DateTimeZoneBuilder.java,org.joda.time.tz.DateTimeZoneBuilder$DSTZone,innerclass,4,36,2,12,0,0.46666667,0.46666667,11,1,8,1,0,2,10,0,0,0,4,1,0,1,0,3,4,0,4,130,11,0,2,6,4,0,10,36,2,20,2,0,0,0,55,26,0
/Users/pouriad/repos/Cling-application/projects/time/src/main/java/org/joda/time/tz/DateTimeZoneBuilder.java,org.joda.time.tz.DateTimeZoneBuilder$PrecalculatedZone,innerclass,14,84,2,49,0,0.5090909,0.5090909,12,2,9,1,0,2,11,0,0,0,6,1,0,6,0,0,6,0,20,300,35,11,18,1,11,12,72,96,31,70,4,0,0,0,123,26,0
/Users/pouriad/repos/Cling-application/projects/time/src/main/java/org/joda/time/tz/DateTimeZoneBuilder.java,org.joda.time.tz.DateTimeZoneBuilder$OfYear,innerclass,5,42,1,21,0,0.71428573,0.71428573,11,1,5,4,0,2,7,0,0,0,6,0,0,0,0,6,6,0,5,192,11,2,26,2,0,1,27,63,8,18,3,0,0,0,68,26,0
/Users/pouriad/repos/Cling-application/projects/time/src/main/java/org/joda/time/tz/DateTimeZoneBuilder.java,org.joda.time.tz.DateTimeZoneBuilder$RuleSet,innerclass,10,32,1,21,0,0.56060606,0.8333333,11,0,9,0,0,2,12,0,0,0,7,1,0,7,0,0,1,0,3,126,11,3,11,0,1,0,7,38,2,22,5,0,0,0,99,26,0
/Users/pouriad/repos/Cling-application/projects/time/src/main/java/org/joda/time/tz/DateTimeZoneBuilder.java,org.joda.time.tz.DateTimeZoneBuilder$Recurrence,innerclass,3,13,1,12,0,0.58181816,0.8181818,11,1,7,0,0,4,11,0,0,0,3,0,0,0,0,3,3,0,3,49,11,0,2,0,1,0,0,4,1,4,1,0,0,0,45,26,0
/Users/pouriad/repos/Cling-application/projects/time/src/main/java/org/joda/time/tz/DateTimeZoneBuilder.java,org.joda.time.tz.DateTimeZoneBuilder,class,11,58,3,48,85,0.045454547,0.045454547,15,5,10,3,0,2,12,0,0,0,1,0,0,1,0,0,1,0,13,1109,28,2,21,0,40,3,87,49,51,29,4,0,7,0,356,1,0
/Users/pouriad/repos/Cling-application/projects/time/src/main/java/org/joda/time/tz/NameProvider.java,org.joda.time.tz.NameProvider,interface,0,2,1,0,1,0.0,0.0,2,0,0,0,0,2,2,0,0,0,0,0,0,0,0,0,0,0,0,4,0,0,0,0,0,0,0,0,0,0,0,0,0,0,27,1,0
/Users/pouriad/repos/Cling-application/projects/time/src/main/java/org/joda/time/tz/UTCProvider.java,org.joda.time.tz.UTCProvider,class,2,4,1,2,3,0.0,0.0,3,0,3,0,0,0,3,0,0,0,0,0,0,0,0,0,0,0,1,14,3,0,0,0,0,2,0,0,0,0,1,0,0,0,32,17,0
/Users/pouriad/repos/Cling-application/projects/time/src/main/java/org/joda/time/tz/FixedDateTimeZone.java,org.joda.time.tz.FixedDateTimeZone,class,2,16,2,6,17,0.34545454,0.5090909,11,0,11,0,0,0,11,0,0,0,4,1,0,4,0,0,4,0,1,53,13,0,4,0,1,3,4,6,5,6,1,0,0,0,54,17,0
/Users/pouriad/repos/Cling-application/projects/time/src/main/java/org/joda/time/LocalDate.java,org.joda.time.LocalDate,class,29,159,4,100,4466,0.007894737,0.008333334,96,7,92,1,2,1,96,0,0,0,8,5,0,8,0,0,7,0,40,598,112,3,44,0,3,23,46,77,18,52,2,0,1,0,547,17,0
/Users/pouriad/repos/Cling-application/projects/time/src/main/java/org/joda/time/LocalDate.java,org.joda.time.LocalDate$Property,innerclass,6,19,2,20,0,0.64705884,0.6691176,19,0,14,2,2,1,17,0,0,0,3,1,0,3,0,0,1,0,0,67,16,0,0,0,0,0,1,6,0,4,0,0,0,0,186,25,0
/Users/pouriad/repos/Cling-application/projects/time/src/main/java/org/joda/time/Period.java,org.joda.time.Period,class,24,117,3,51,3655,0.0,0.0,86,11,84,2,0,0,84,0,0,0,2,2,1,1,0,0,2,0,43,458,74,2,27,0,61,16,86,86,42,43,2,0,0,0,427,17,0
/Users/pouriad/repos/Cling-application/projects/time/src/main/java/org/joda/time/base/AbstractInstant.java,org.joda.time.base.AbstractInstant,class,15,42,1,20,406,0.0,0.0,29,0,28,0,1,0,29,0,0,0,0,0,0,0,0,0,0,0,12,128,35,0,10,0,7,2,5,10,2,8,1,0,0,0,192,1025,0
/Users/pouriad/repos/Cling-application/projects/time/src/main/java/org/joda/time/base/AbstractPartial.java,org.joda.time.base.AbstractPartial,class,12,52,1,20,210,0.0,0.0,21,0,16,0,5,0,21,1,0,0,0,0,0,0,0,0,0,0,3,148,29,9,18,0,1,9,24,31,6,25,2,0,0,0,211,1025,0
/Users/pouriad/repos/Cling-application/projects/time/src/main/java/org/joda/time/base/BasePartial.java,org.joda.time.base.BasePartial,class,11,18,2,19,18,0.425,0.45833334,16,0,5,0,11,0,16,0,0,0,3,1,0,3,0,0,3,0,12,83,7,0,2,0,0,0,5,23,0,7,1,0,0,0,178,1025,0
/Users/pouriad/repos/Cling-application/projects/time/src/main/java/org/joda/time/base/AbstractInterval.java,org.joda.time.base.AbstractInterval,class,13,47,1,20,325,0.0,0.0,26,0,24,0,2,0,26,0,0,0,0,0,0,0,0,0,0,0,8,145,33,0,12,0,13,1,8,24,8,19,1,0,0,0,208,1025,0
/Users/pouriad/repos/Cling-application/projects/time/src/main/java/org/joda/time/base/BaseDateTime.java,org.joda.time.base.BaseDateTime,class,9,17,3,12,84,0.19117647,0.20588236,17,0,13,0,4,0,17,0,0,0,3,1,0,3,0,0,1,0,12,68,4,0,0,0,0,0,1,15,0,7,0,0,0,0,146,1025,0
/Users/pouriad/repos/Cling-application/projects/time/src/main/java/org/joda/time/base/BasePeriod.java,org.joda.time.base.BasePeriod,class,20,59,2,53,205,0.32763532,0.34188035,30,0,4,3,23,0,27,0,0,0,4,2,0,4,0,0,4,0,37,260,8,4,22,0,3,12,23,89,4,48,3,1,0,0,258,1025,0
/Users/pouriad/repos/Cling-application/projects/time/src/main/java/org/joda/time/base/BasePeriod.java,org.joda.time.base.BasePeriod$Anonymous1,anonymous,1,2,1,1,1,0.0,0.0,2,0,2,0,0,0,2,0,0,0,0,0,0,0,0,0,0,0,1,8,2,0,0,0,0,0,1,0,0,0,0,0,0,0,5,-1,0
/Users/pouriad/repos/Cling-application/projects/time/src/main/java/org/joda/time/base/AbstractDuration.java,org.joda.time.base.AbstractDuration,class,6,25,1,9,45,0.0,0.0,10,0,9,0,1,0,10,0,0,0,0,0,0,0,0,0,0,0,1,72,13,1,8,0,6,3,16,10,5,7,1,0,0,0,159,1025,0
/Users/pouriad/repos/Cling-application/projects/time/src/main/java/org/joda/time/base/BaseInterval.java,org.joda.time.base.BaseInterval,class,14,18,2,19,0,0.94545454,1.0,11,0,3,0,8,0,11,0,0,0,4,1,0,4,0,0,1,0,20,104,3,0,5,0,1,0,3,40,0,11,1,0,0,0,117,1025,0
/Users/pouriad/repos/Cling-application/projects/time/src/main/java/org/joda/time/base/AbstractDateTime.java,org.joda.time.base.AbstractDateTime,class,9,28,2,32,276,0.0,0.0,24,0,23,0,1,0,24,0,0,0,0,0,0,0,0,0,0,0,4,92,25,0,4,0,0,1,0,5,0,4,1,0,0,0,176,1025,0
/Users/pouriad/repos/Cling-application/projects/time/src/main/java/org/joda/time/base/AbstractPeriod.java,org.joda.time.base.AbstractPeriod,class,10,25,1,15,91,0.0,0.0,14,0,13,0,1,0,14,0,0,0,0,0,0,0,0,0,0,0,1,79,19,4,7,0,0,0,9,15,4,11,2,0,0,0,174,1025,0
/Users/pouriad/repos/Cling-application/projects/time/src/main/java/org/joda/time/base/BaseDuration.java,org.joda.time.base.BaseDuration,class,12,16,2,6,75,0.14285715,0.14285715,15,0,10,0,5,0,15,0,0,0,2,1,0,2,0,0,1,0,5,61,10,0,1,0,0,0,2,10,0,5,1,0,0,0,149,1025,0
/Users/pouriad/repos/Cling-application/projects/time/src/main/java/org/joda/time/base/BaseSingleFieldPeriod.java,org.joda.time.base.BaseSingleFieldPeriod,class,14,41,1,31,147,0.019607844,0.019607844,18,3,12,0,6,0,18,2,0,0,2,1,0,2,0,0,1,0,9,123,20,2,19,0,2,8,20,22,7,18,3,0,0,0,220,1025,0
/Users/pouriad/repos/Cling-application/projects/time/src/main/java/org/joda/time/base/BaseLocal.java,org.joda.time.base.BaseLocal,class,1,2,2,0,1,0.0,0.0,2,0,0,0,2,0,2,1,0,0,1,1,0,1,0,0,1,0,0,7,0,0,0,0,0,0,1,1,0,1,0,0,0,0,95,1025,0
/Users/pouriad/repos/Cling-application/projects/time/src/main/java/org/joda/time/ReadableDateTime.java,org.joda.time.ReadableDateTime,interface,3,22,1,0,231,0.0,0.0,22,0,0,0,0,22,22,0,0,0,0,0,0,0,0,0,0,0,0,24,0,0,0,0,0,0,0,0,0,0,0,0,0,0,123,1,0
/Users/pouriad/repos/Cling-application/projects/time/src/main/java/org/joda/time/convert/ReadablePartialConverter.java,org.joda.time.convert.ReadablePartialConverter,class,8,7,2,8,10,0.0,0.0,5,0,4,0,1,0,5,0,0,0,1,1,0,0,0,1,1,0,1,29,4,1,1,0,1,0,1,8,0,5,1,0,0,0,88,0,0
/Users/pouriad/repos/Cling-application/projects/time/src/main/java/org/joda/time/convert/AbstractConverter.java,org.joda.time.convert.AbstractConverter,class,10,10,1,9,36,0.0,0.0,9,0,8,0,1,0,9,0,0,0,0,0,0,0,0,0,0,0,4,30,8,0,1,0,1,3,0,1,1,1,0,0,0,0,116,1025,0
/Users/pouriad/repos/Cling-application/projects/time/src/main/java/org/joda/time/convert/DurationConverter.java,org.joda.time.convert.DurationConverter,interface,1,1,1,0,0,NaN,NaN,1,0,0,0,0,1,1,0,0,0,0,0,0,0,0,0,0,0,0,3,0,0,0,0,0,0,0,0,0,0,0,0,0,0,32,1,0
/Users/pouriad/repos/Cling-application/projects/time/src/main/java/org/joda/time/convert/IntervalConverter.java,org.joda.time.convert.IntervalConverter,interface,3,2,1,0,1,0.0,0.0,2,0,0,0,0,2,2,0,0,0,0,0,0,0,0,0,0,0,0,4,0,0,0,0,0,0,0,0,0,0,0,0,0,0,58,1,0
/Users/pouriad/repos/Cling-application/projects/time/src/main/java/org/joda/time/convert/LongConverter.java,org.joda.time.convert.LongConverter,class,6,4,2,1,6,0.0,0.0,4,0,3,0,1,0,4,0,0,0,1,1,0,0,0,1,1,0,0,15,3,0,0,0,2,0,0,1,0,1,0,0,0,0,58,0,0
/Users/pouriad/repos/Cling-application/projects/time/src/main/java/org/joda/time/convert/StringConverter.java,org.joda.time.convert.StringConverter,class,21,40,2,29,21,0.0,0.0,7,0,6,0,1,0,7,0,0,0,1,1,0,0,0,1,1,0,11,123,5,1,21,0,9,8,39,47,13,27,2,0,0,0,136,0,0
/Users/pouriad/repos/Cling-application/projects/time/src/main/java/org/joda/time/convert/NullConverter.java,org.joda.time.convert.NullConverter,class,12,5,2,4,10,0.0,0.0,5,0,4,0,1,0,5,0,0,0,1,1,0,0,0,1,1,0,1,20,2,0,0,0,0,0,1,2,0,2,0,0,0,0,70,0,0
/Users/pouriad/repos/Cling-application/projects/time/src/main/java/org/joda/time/convert/ReadableIntervalConverter.java,org.joda.time.convert.ReadableIntervalConverter,class,11,9,2,9,15,0.0,0.0,6,0,5,0,1,0,6,0,0,0,1,1,0,0,0,1,1,0,1,35,3,1,2,0,3,0,1,8,0,7,1,0,0,0,86,0,0
/Users/pouriad/repos/Cling-application/projects/time/src/main/java/org/joda/time/convert/ReadableDurationConverter.java,org.joda.time.convert.ReadableDurationConverter,class,9,5,2,4,6,0.0,0.0,4,0,3,0,1,0,4,0,0,0,1,1,0,0,0,1,1,0,1,21,2,1,0,0,1,0,1,6,0,5,1,0,0,0,70,0,0
/Users/pouriad/repos/Cling-application/projects/time/src/main/java/org/joda/time/convert/InstantConverter.java,org.joda.time.convert.InstantConverter,interface,3,3,1,0,3,0.0,0.0,3,0,0,0,0,3,3,0,0,0,0,0,0,0,0,0,0,0,0,5,0,0,0,0,0,0,0,0,0,0,0,0,0,0,75,1,0
/Users/pouriad/repos/Cling-application/projects/time/src/main/java/org/joda/time/convert/DateConverter.java,org.joda.time.convert.DateConverter,class,5,3,2,1,3,0.0,0.0,3,0,2,0,1,0,3,0,0,0,1,1,0,0,0,1,1,0,0,13,2,0,0,0,0,0,0,2,0,2,0,0,0,0,60,16,0
/Users/pouriad/repos/Cling-application/projects/time/src/main/java/org/joda/time/convert/Converter.java,org.joda.time.convert.Converter,interface,0,1,1,0,0,NaN,NaN,1,0,0,0,0,1,1,0,0,0,0,0,0,0,0,0,0,0,0,3,0,0,0,0,0,0,0,0,0,0,0,0,0,0,24,1,0
/Users/pouriad/repos/Cling-application/projects/time/src/main/java/org/joda/time/convert/ConverterManager.java,org.joda.time.convert.ConverterManager,class,9,59,1,14,192,0.2806324,0.9130435,28,1,22,5,1,0,23,0,0,0,6,1,0,6,0,0,0,0,5,210,32,0,31,0,5,21,20,46,6,36,1,0,0,0,152,17,0
/Users/pouriad/repos/Cling-application/projects/time/src/main/java/org/joda/time/convert/PartialConverter.java,org.joda.time.convert.PartialConverter,interface,6,4,1,0,6,0.0,0.0,4,0,0,0,0,4,4,0,0,0,0,0,0,0,0,0,0,0,0,6,0,0,0,0,0,0,0,0,0,0,0,0,0,0,93,1,0
/Users/pouriad/repos/Cling-application/projects/time/src/main/java/org/joda/time/convert/ConverterSet.java,org.joda.time.convert.ConverterSet,class,3,48,1,13,0,0.52380955,0.71428573,8,1,0,1,0,7,7,0,0,0,2,0,0,2,0,0,1,0,3,178,14,12,23,0,4,3,37,66,7,37,4,0,1,0,96,0,0
/Users/pouriad/repos/Cling-application/projects/time/src/main/java/org/joda/time/convert/ConverterSet.java,org.joda.time.convert.ConverterSet$Entry,innerclass,1,1,1,0,0,NaN,NaN,1,0,0,0,0,1,1,0,0,0,2,0,0,0,0,2,2,0,0,8,0,0,0,0,0,0,0,2,0,2,0,0,0,0,6,8,0
/Users/pouriad/repos/Cling-application/projects/time/src/main/java/org/joda/time/convert/ReadableInstantConverter.java,org.joda.time.convert.ReadableInstantConverter,class,9,9,2,6,10,0.0,0.0,5,0,4,0,1,0,5,0,0,0,1,1,0,0,0,1,1,0,3,33,6,0,4,0,3,0,0,6,0,3,2,0,0,0,74,0,0
/Users/pouriad/repos/Cling-application/projects/time/src/main/java/org/joda/time/convert/ReadablePeriodConverter.java,org.joda.time.convert.ReadablePeriodConverter,class,7,4,2,2,6,0.0,0.0,4,0,3,0,1,0,4,0,0,0,1,1,0,0,0,1,1,0,0,16,2,0,0,0,0,0,0,2,0,2,0,0,0,0,66,0,0
/Users/pouriad/repos/Cling-application/projects/time/src/main/java/org/joda/time/convert/CalendarConverter.java,org.joda.time.convert.CalendarConverter,class,11,11,2,15,10,0.0,0.0,5,0,4,0,1,0,5,0,0,0,1,1,0,0,0,1,1,0,7,48,9,0,3,1,0,1,1,8,0,6,2,0,0,0,91,16,0
/Users/pouriad/repos/Cling-application/projects/time/src/main/java/org/joda/time/convert/PeriodConverter.java,org.joda.time.convert.PeriodConverter,interface,4,2,1,0,1,0.0,0.0,2,0,0,0,0,2,2,0,0,0,0,0,0,0,0,0,0,0,0,4,0,0,0,0,0,0,0,0,0,0,0,0,0,0,50,1,0
/Users/pouriad/repos/Cling-application/projects/time/src/main/java/org/joda/time/MutableDateTime.java,org.joda.time.MutableDateTime,class,24,109,5,77,3558,0.0014005603,0.0016806723,85,5,85,0,0,0,85,0,0,0,9,7,6,3,0,0,7,0,15,422,30,0,15,1,3,9,10,34,2,25,1,0,1,0,374,1,0
/Users/pouriad/repos/Cling-application/projects/time/src/main/java/org/joda/time/MutableDateTime.java,org.joda.time.MutableDateTime$Property,innerclass,7,18,2,19,0,0.8833333,1.0,18,0,13,2,2,1,16,0,0,0,3,1,0,3,0,0,1,0,0,75,15,0,0,0,0,0,1,6,0,4,0,0,0,0,125,25,0
/Users/pouriad/repos/Cling-application/projects/time/src/main/java/org/joda/time/Seconds.java,org.joda.time.Seconds,class,23,44,2,28,313,0.0036231885,0.0036231885,26,6,24,2,0,0,24,0,0,0,8,8,6,2,0,0,8,0,31,138,40,0,8,0,2,2,13,16,7,16,1,0,0,0,277,17,0
