file,class,type,cbo,wmc,dit,rfc,lcom,tcc,lcc,totalMethodsQty,staticMethodsQty,publicMethodsQty,privateMethodsQty,protectedMethodsQty,defaultMethodsQty,visibleMethodsQty,abstractMethodsQty,finalMethodsQty,synchronizedMethodsQty,totalFieldsQty,staticFieldsQty,publicFieldsQty,privateFieldsQty,protectedFieldsQty,defaultFieldsQty,finalFieldsQty,synchronizedFieldsQty,nosi,loc,returnQty,loopQty,comparisonsQty,tryCatchQty,parenthesizedExpsQty,stringLiteralsQty,numbersQty,assignmentsQty,mathOperationsQty,variablesQty,maxNestedBlocksQty,anonymousClassesQty,innerClassesQty,lambdasQty,uniqueWordsQty,modifiers,logStatementsQty
/Users/pouriad/repos/Cling-application/projects/mockito/test/org/mockitoutil/CustomAssertionsTest.java,org.mockitoutil.CustomAssertionsTest,class,2,3,3,1,3,0.0,0.0,3,0,3,0,0,0,3,0,0,0,0,0,0,0,0,0,0,0,10,18,0,0,0,0,0,20,0,0,0,0,0,0,0,0,19,1,0
/Users/pouriad/repos/Cling-application/projects/mockito/test/org/mockitoutil/ExtraMatchers.java,org.mockitoutil.ExtraMatchers,class,6,9,1,2,36,0.0,0.0,9,9,9,0,0,0,9,0,0,0,0,0,0,0,0,0,0,0,1,99,9,0,0,0,0,1,1,0,0,0,0,7,0,0,25,1,0
/Users/pouriad/repos/Cling-application/projects/mockito/test/org/mockitoutil/ExtraMatchers.java,org.mockitoutil.ExtraMatchers$Anonymous7,anonymous,0,2,1,3,0,NaN,NaN,1,0,1,0,0,0,1,0,0,0,0,0,0,0,0,0,0,0,0,8,0,1,0,0,0,2,1,2,1,2,1,0,0,0,12,-1,0
/Users/pouriad/repos/Cling-application/projects/mockito/test/org/mockitoutil/ExtraMatchers.java,org.mockitoutil.ExtraMatchers$Anonymous6,anonymous,1,4,1,2,0,NaN,NaN,1,0,1,0,0,0,1,0,0,0,0,0,0,0,0,0,0,0,0,14,0,2,0,0,0,1,1,1,0,1,3,0,0,0,19,-1,0
/Users/pouriad/repos/Cling-application/projects/mockito/test/org/mockitoutil/ExtraMatchers.java,org.mockitoutil.ExtraMatchers$Anonymous5,anonymous,0,2,1,6,0,NaN,NaN,1,0,1,0,0,0,1,0,0,0,0,0,0,0,0,0,0,0,3,7,0,0,1,0,0,5,1,1,2,1,0,0,0,0,12,-1,0
/Users/pouriad/repos/Cling-application/projects/mockito/test/org/mockitoutil/ExtraMatchers.java,org.mockitoutil.ExtraMatchers$Anonymous4,anonymous,0,5,1,6,0,NaN,NaN,1,0,1,0,0,0,1,0,0,0,0,0,0,0,0,0,0,0,0,17,1,1,0,0,0,2,0,3,1,1,2,0,0,0,13,-1,0
/Users/pouriad/repos/Cling-application/projects/mockito/test/org/mockitoutil/ExtraMatchers.java,org.mockitoutil.ExtraMatchers$Anonymous3,anonymous,0,1,1,4,0,NaN,NaN,1,0,1,0,0,0,1,0,0,0,1,0,0,1,0,0,0,0,0,7,0,0,0,0,0,5,0,1,1,1,0,0,0,0,14,-1,0
/Users/pouriad/repos/Cling-application/projects/mockito/test/org/mockitoutil/ExtraMatchers.java,org.mockitoutil.ExtraMatchers$Anonymous2,anonymous,0,2,1,3,0,NaN,NaN,1,0,1,0,0,0,1,0,0,0,0,0,0,0,0,0,0,0,2,8,0,1,0,0,0,3,1,1,2,1,1,0,0,0,10,-1,0
/Users/pouriad/repos/Cling-application/projects/mockito/test/org/mockitoutil/ExtraMatchers.java,org.mockitoutil.ExtraMatchers$Anonymous1,anonymous,0,2,1,4,0,NaN,NaN,1,0,1,0,0,0,1,0,0,0,0,0,0,0,0,0,0,0,2,9,0,1,0,0,0,3,1,2,2,2,1,0,0,0,11,-1,0
/Users/pouriad/repos/Cling-application/projects/mockito/test/org/mockitoutil/Assertor.java,org.mockitoutil.Assertor,interface,1,1,1,0,0,NaN,NaN,1,0,0,0,0,1,1,0,0,0,0,0,0,0,0,0,0,0,0,3,0,0,0,0,0,0,0,0,0,0,0,0,0,0,4,1,0
/Users/pouriad/repos/Cling-application/projects/mockito/test/org/mockitoutil/TestBase.java,org.mockitoutil.TestBase$Anonymous1,anonymous,0,1,1,2,0,NaN,NaN,1,0,1,0,0,0,1,0,0,0,0,0,0,0,0,0,0,0,0,5,0,0,0,0,0,2,0,0,1,0,0,0,0,0,9,-1,0
/Users/pouriad/repos/Cling-application/projects/mockito/test/org/mockitoutil/TestBase.java,org.mockitoutil.TestBase,class,18,25,2,28,210,0.0,0.0,21,13,9,1,11,0,20,0,0,0,0,0,0,0,0,0,0,0,5,94,12,2,0,0,0,16,6,10,8,9,2,1,0,0,102,1,0
/Users/pouriad/repos/Cling-application/projects/mockito/test/org/mockito/configuration/MockitoConfiguration.java,org.mockito.configuration.MockitoConfiguration,class,6,8,2,1,9,0.2,0.2,6,0,6,0,0,0,6,0,0,0,3,0,0,3,0,0,0,0,0,41,5,0,2,0,0,0,0,4,0,3,1,1,0,0,18,1,0
/Users/pouriad/repos/Cling-application/projects/mockito/test/org/mockito/configuration/MockitoConfiguration.java,org.mockito.configuration.MockitoConfiguration$Anonymous1,anonymous,3,2,1,3,0,NaN,NaN,1,0,1,0,0,0,1,0,0,0,0,0,0,0,0,0,0,0,1,10,2,0,0,0,0,0,0,0,0,0,1,0,0,0,9,-1,0
/Users/pouriad/repos/Cling-application/projects/mockito/test/org/mockito/internal/InOrderImplTest.java,org.mockito.internal.InOrderImplTest,class,7,1,3,6,0,NaN,NaN,1,0,1,0,0,0,1,0,0,0,1,0,0,0,0,1,0,0,1,10,0,0,0,0,0,1,0,2,0,3,0,0,0,0,21,1,0
/Users/pouriad/repos/Cling-application/projects/mockito/test/org/mockito/internal/invocation/InvocationBuilder.java,org.mockito.internal.invocation.InvocationBuilder,class,6,16,1,9,23,0.29090908,0.8181818,11,0,11,0,0,0,11,0,0,0,6,0,0,6,0,0,0,0,1,69,11,1,2,1,0,5,1,14,0,8,3,0,0,0,32,1,0
/Users/pouriad/repos/Cling-application/projects/mockito/test/org/mockito/internal/invocation/ExposedInvocation.java,org.mockito.internal.invocation.ExposedInvocation,class,3,2,1,1,0,1.0,1.0,2,0,2,0,0,0,2,0,0,0,1,0,0,1,0,0,1,0,0,9,1,0,0,0,1,0,0,1,0,1,0,0,0,0,15,1,0
/Users/pouriad/repos/Cling-application/projects/mockito/test/org/mockito/internal/invocation/SerializableMethodTest.java,org.mockito.internal.invocation.SerializableMethodTest,class,5,9,3,19,0,1.0,1.0,9,0,9,0,0,0,9,0,0,0,3,0,0,3,0,0,0,0,0,36,0,0,0,0,0,2,1,5,0,5,0,0,0,0,49,1,0
/Users/pouriad/repos/Cling-application/projects/mockito/test/org/mockito/internal/invocation/InvocationMarkerTest.java,org.mockito.internal.invocation.InvocationMarkerTest$Anonymous1,anonymous,2,1,1,1,0,NaN,NaN,1,0,1,0,0,0,1,0,0,0,0,0,0,0,0,0,0,0,0,5,0,0,0,0,0,0,0,0,0,0,0,0,0,0,5,-1,0
/Users/pouriad/repos/Cling-application/projects/mockito/test/org/mockito/internal/invocation/InvocationMarkerTest.java,org.mockito.internal.invocation.InvocationMarkerTest,class,9,3,3,11,3,0.0,0.0,3,0,3,0,0,0,3,0,0,0,0,0,0,0,0,0,0,0,3,34,0,0,0,0,0,0,0,11,0,11,0,1,0,0,32,1,0
/Users/pouriad/repos/Cling-application/projects/mockito/test/org/mockito/internal/invocation/ArgumentsComparatorTest.java,org.mockito.internal.invocation.ArgumentsComparatorTest,class,11,14,3,14,0,1.0,1.0,14,0,14,0,0,0,14,0,0,0,2,0,0,0,0,2,0,0,10,98,0,0,0,0,0,31,14,43,0,44,0,0,0,0,55,1,0
/Users/pouriad/repos/Cling-application/projects/mockito/test/org/mockito/internal/invocation/InvocationMatcherTest.java,org.mockito.internal.invocation.InvocationMatcherTest,class,13,13,3,34,42,0.23076923,0.26923078,13,0,13,0,0,0,13,0,0,0,2,0,0,2,0,0,0,0,9,85,0,0,0,0,0,20,7,33,0,34,0,0,0,0,92,1,0
/Users/pouriad/repos/Cling-application/projects/mockito/test/org/mockito/internal/invocation/InvocationsFinderTest.java,org.mockito.internal.invocation.InvocationsFinderTest,class,13,14,3,30,0,1.0,1.0,14,0,14,0,0,0,14,0,0,0,7,0,0,6,0,1,0,0,16,100,0,0,0,0,0,3,6,25,0,22,0,0,0,0,77,1,0
/Users/pouriad/repos/Cling-application/projects/mockito/test/org/mockito/internal/invocation/InvocationTest.java,org.mockito.internal.invocation.InvocationTest,class,11,18,3,27,0,0.45833334,0.45833334,16,0,16,0,0,0,16,0,0,0,1,0,0,1,0,0,0,0,13,96,0,0,1,1,0,40,9,21,1,14,1,1,1,0,84,1,0
/Users/pouriad/repos/Cling-application/projects/mockito/test/org/mockito/internal/invocation/InvocationTest.java,org.mockito.internal.invocation.InvocationTest$Anonymous1,anonymous,1,1,1,1,0,NaN,NaN,1,0,1,0,0,0,1,0,0,0,0,0,0,0,0,0,0,0,0,5,1,0,0,0,0,0,0,0,0,0,0,0,0,0,5,-1,0
/Users/pouriad/repos/Cling-application/projects/mockito/test/org/mockito/internal/invocation/InvocationTest.java,org.mockito.internal.invocation.InvocationTest$Foo,innerclass,0,1,1,0,0,NaN,NaN,1,0,1,0,0,0,1,0,0,0,0,0,0,0,0,0,0,0,0,5,1,0,0,0,0,1,0,0,0,0,0,0,0,0,2,0,0
/Users/pouriad/repos/Cling-application/projects/mockito/test/org/mockito/internal/configuration/ConfigurationAccess.java,org.mockito.internal.configuration.ConfigurationAccess,class,2,1,1,1,0,NaN,NaN,1,1,1,0,0,0,1,0,0,0,0,0,0,0,0,0,0,0,0,5,1,0,0,0,0,0,0,0,0,0,0,0,0,0,6,1,0
/Users/pouriad/repos/Cling-application/projects/mockito/test/org/mockito/internal/configuration/ReadingConfigurationFromClasspathTest.java,org.mockito.internal.configuration.ReadingConfigurationFromClasspathTest$Anonymous1,anonymous,1,1,1,0,0,NaN,NaN,1,0,1,0,0,0,1,0,0,0,0,0,0,0,0,0,0,0,0,5,1,0,0,0,0,1,0,0,0,0,0,0,0,0,6,-1,0
/Users/pouriad/repos/Cling-application/projects/mockito/test/org/mockito/internal/configuration/ReadingConfigurationFromClasspathTest.java,org.mockito.internal.configuration.ReadingConfigurationFromClasspathTest,class,7,1,3,5,0,NaN,NaN,1,0,1,0,0,0,1,0,0,0,0,0,0,0,0,0,0,0,2,12,0,0,0,0,0,1,0,1,0,1,0,1,0,0,15,1,0
/Users/pouriad/repos/Cling-application/projects/mockito/test/org/mockito/internal/progress/MockingProgressImplTest.java,org.mockito.internal.progress.MockingProgressImplTest,class,11,6,3,15,0,1.0,1.0,5,0,5,0,0,0,5,0,0,0,1,0,0,1,0,0,0,0,8,32,0,0,0,1,0,2,1,3,0,3,1,0,0,0,38,1,0
/Users/pouriad/repos/Cling-application/projects/mockito/test/org/mockito/internal/progress/AtLeastTest.java,org.mockito.internal.progress.AtLeastTest,class,3,3,3,4,1,0.0,0.0,2,0,2,0,0,0,2,0,0,0,0,0,0,0,0,0,0,0,2,14,0,0,0,1,0,1,2,0,0,0,1,0,0,0,23,1,0
/Users/pouriad/repos/Cling-application/projects/mockito/test/org/mockito/internal/progress/TimesTest.java,org.mockito.internal.progress.TimesTest,class,3,2,3,4,0,NaN,NaN,1,0,1,0,0,0,1,0,0,0,0,0,0,0,0,0,0,0,1,11,0,0,0,1,0,1,1,0,0,0,1,0,0,0,20,1,0
/Users/pouriad/repos/Cling-application/projects/mockito/test/org/mockito/internal/progress/HandyReturnValuesTest.java,org.mockito.internal.progress.HandyReturnValuesTest,class,3,4,3,15,0,1.0,1.0,4,0,4,0,0,0,4,0,0,0,1,0,0,1,0,0,0,0,0,34,0,0,0,0,0,0,1,1,0,1,0,0,0,0,20,1,0
/Users/pouriad/repos/Cling-application/projects/mockito/test/org/mockito/internal/progress/ThreadSafeMockingProgressTest.java,org.mockito.internal.progress.ThreadSafeMockingProgressTest,class,6,3,3,6,3,0.0,0.0,3,0,3,0,0,0,3,0,0,0,0,0,0,0,0,0,0,0,2,16,0,0,0,0,0,0,0,3,0,2,0,0,0,0,24,1,0
/Users/pouriad/repos/Cling-application/projects/mockito/test/org/mockito/internal/progress/VerificationModeBuilder.java,org.mockito.internal.progress.VerificationModeBuilder,class,3,2,1,1,0,1.0,1.0,2,0,2,0,0,0,2,0,0,0,1,0,0,1,0,0,0,0,1,10,2,0,0,0,0,0,1,2,0,1,0,0,0,0,8,1,0
/Users/pouriad/repos/Cling-application/projects/mockito/test/org/mockito/internal/util/ListUtilTest.java,org.mockito.internal.util.ListUtilTest$Anonymous1,anonymous,0,2,1,0,0,NaN,NaN,1,0,1,0,0,0,1,0,0,0,0,0,0,0,0,0,0,0,0,5,1,0,1,0,0,1,0,0,0,0,0,0,0,0,4,-1,0
/Users/pouriad/repos/Cling-application/projects/mockito/test/org/mockito/internal/util/ListUtilTest.java,org.mockito.internal.util.ListUtilTest,class,5,2,3,6,1,0.0,0.0,2,0,2,0,0,0,2,0,0,0,0,0,0,0,0,0,0,0,5,17,0,0,0,0,0,9,0,4,0,4,0,1,0,0,18,1,0
/Users/pouriad/repos/Cling-application/projects/mockito/test/org/mockito/internal/util/junit/JUnitFailureHackerTest.java,org.mockito.internal.util.junit.JUnitFailureHackerTest,class,5,5,3,12,0,1.0,1.0,5,0,5,0,0,0,5,0,0,0,1,0,0,0,0,1,0,0,1,33,0,0,0,0,0,10,0,9,0,9,0,0,0,0,33,1,0
/Users/pouriad/repos/Cling-application/projects/mockito/test/org/mockito/internal/util/ObjectMethodsGuruTest.java,org.mockito.internal.util.ObjectMethodsGuruTest$HasCompareToButDoesNotImplementComparable,interface,1,1,1,0,0,NaN,NaN,1,0,1,0,0,0,1,0,0,0,0,0,0,0,0,0,0,0,0,3,0,0,0,0,0,0,0,0,0,0,0,0,0,0,10,0,0
/Users/pouriad/repos/Cling-application/projects/mockito/test/org/mockito/internal/util/ObjectMethodsGuruTest.java,org.mockito.internal.util.ObjectMethodsGuruTest,class,6,4,3,12,0,1.0,1.0,4,0,4,0,0,0,4,0,0,0,1,0,0,0,0,1,0,0,0,36,0,0,0,0,0,16,0,1,0,1,0,0,2,0,19,1,0
/Users/pouriad/repos/Cling-application/projects/mockito/test/org/mockito/internal/util/ObjectMethodsGuruTest.java,org.mockito.internal.util.ObjectMethodsGuruTest$HasCompare,interface,1,4,1,0,6,0.0,0.0,4,0,4,0,0,0,4,0,0,0,0,0,0,0,0,0,0,0,0,6,0,0,0,0,0,0,0,0,0,0,0,0,0,0,9,0,0
/Users/pouriad/repos/Cling-application/projects/mockito/test/org/mockito/internal/util/MockCreationValidatorTest.java,org.mockito.internal.util.MockCreationValidatorTest,class,4,6,3,5,0,1.0,1.0,4,0,4,0,0,0,4,0,0,0,1,0,0,0,0,1,0,0,1,29,0,0,0,2,0,2,0,1,0,1,1,0,1,0,39,1,0
/Users/pouriad/repos/Cling-application/projects/mockito/test/org/mockito/internal/util/MockCreationValidatorTest.java,org.mockito.internal.util.MockCreationValidatorTest$FinalClass,innerclass,0,0,1,0,0,-1.0,-1.0,0,0,0,0,0,0,0,0,0,0,0,0,0,0,0,0,0,0,0,2,0,0,0,0,0,0,0,0,0,0,0,0,0,0,2,16,0
/Users/pouriad/repos/Cling-application/projects/mockito/test/org/mockito/internal/util/ObjectBox.java,org.mockito.internal.util.ObjectBox,class,0,2,1,0,0,1.0,1.0,2,0,2,0,0,0,2,0,0,0,1,0,0,1,0,0,0,0,0,9,1,0,0,0,0,0,0,1,0,1,0,0,0,0,5,1,0
/Users/pouriad/repos/Cling-application/projects/mockito/test/org/mockito/internal/util/MockUtilTest.java,org.mockito.internal.util.MockUtilTest,class,11,7,4,11,0,1.0,1.0,6,0,6,0,0,0,6,0,0,0,2,0,0,2,0,0,0,0,3,44,0,0,0,1,0,3,0,4,0,4,1,0,1,0,35,1,0
/Users/pouriad/repos/Cling-application/projects/mockito/test/org/mockito/internal/util/MockUtilTest.java,org.mockito.internal.util.MockUtilTest$CreationValidatorStub,innerclass,1,2,2,0,1,0.0,0.0,2,0,2,0,0,0,2,0,0,0,2,0,0,2,0,0,0,0,0,10,0,0,0,0,0,0,0,2,0,2,0,0,0,0,16,1,0
/Users/pouriad/repos/Cling-application/projects/mockito/test/org/mockito/internal/util/IdentitySetTest.java,org.mockito.internal.util.IdentitySetTest$Fake,innerclass,0,1,1,0,0,NaN,NaN,1,0,1,0,0,0,1,0,0,0,0,0,0,0,0,0,0,0,0,5,1,0,0,0,0,0,0,0,0,0,0,0,0,0,5,0,0
/Users/pouriad/repos/Cling-application/projects/mockito/test/org/mockito/internal/util/IdentitySetTest.java,org.mockito.internal.util.IdentitySetTest,class,3,2,1,5,0,1.0,1.0,2,0,2,0,0,0,2,0,0,0,1,0,0,0,0,1,0,0,0,21,0,0,0,0,0,0,0,3,0,3,0,0,1,0,19,1,0
/Users/pouriad/repos/Cling-application/projects/mockito/test/org/mockito/internal/util/DecamelizerTest.java,org.mockito.internal.util.DecamelizerTest,class,3,1,3,2,0,NaN,NaN,1,0,1,0,0,0,1,0,0,0,0,0,0,0,0,0,0,0,5,9,0,0,0,0,0,10,0,0,0,0,0,0,0,0,22,1,0
/Users/pouriad/repos/Cling-application/projects/mockito/test/org/mockito/internal/util/SimpleMockitoLoggerTest.java,org.mockito.internal.util.SimpleMockitoLoggerTest,class,3,1,3,3,0,NaN,NaN,1,0,1,0,0,0,1,0,0,0,0,0,0,0,0,0,0,0,0,7,0,0,0,0,0,2,0,1,0,1,0,0,0,0,11,1,0
/Users/pouriad/repos/Cling-application/projects/mockito/test/org/mockito/internal/util/ArrayUtilsTest.java,org.mockito.internal.util.ArrayUtilsTest,class,3,2,3,3,0,1.0,1.0,2,0,2,0,0,0,2,0,0,0,1,0,0,0,0,1,0,0,0,11,0,0,0,0,0,0,1,3,0,3,0,0,0,0,14,1,0
/Users/pouriad/repos/Cling-application/projects/mockito/test/org/mockito/internal/util/MockNameTest.java,org.mockito.internal.util.MockNameTest$SomeClass,innerclass,0,0,1,0,0,-1.0,-1.0,0,0,0,0,0,0,0,0,0,0,0,0,0,0,0,0,0,0,0,2,0,0,0,0,0,0,0,0,0,0,0,0,0,0,2,2,0
/Users/pouriad/repos/Cling-application/projects/mockito/test/org/mockito/internal/util/MockNameTest.java,org.mockito.internal.util.MockNameTest$Anonymous1,anonymous,0,0,1,0,0,-1.0,-1.0,0,0,0,0,0,0,0,0,0,0,0,0,0,0,0,0,0,0,0,2,0,0,0,0,0,0,0,0,0,0,0,0,0,0,0,-1,0
/Users/pouriad/repos/Cling-application/projects/mockito/test/org/mockito/internal/util/MockNameTest.java,org.mockito.internal.util.MockNameTest,class,5,3,3,3,3,0.0,0.0,3,0,3,0,0,0,3,0,0,0,0,0,0,0,0,0,0,0,0,21,0,0,0,0,0,4,0,4,0,4,0,1,2,0,19,1,0
/Users/pouriad/repos/Cling-application/projects/mockito/test/org/mockito/internal/util/MockNameTest.java,org.mockito.internal.util.MockNameTest$SomeInterface,innerclass,0,0,1,0,0,-1.0,-1.0,0,0,0,0,0,0,0,0,0,0,0,0,0,0,0,0,0,0,0,2,0,0,0,0,0,0,0,0,0,0,0,0,0,0,2,2,0
/Users/pouriad/repos/Cling-application/projects/mockito/test/org/mockito/internal/util/reflection/FieldReaderTest.java,org.mockito.internal.util.reflection.FieldReaderTest$Foo,innerclass,0,0,1,0,0,-1.0,-1.0,0,0,0,0,0,0,0,0,0,0,2,0,0,2,0,0,2,0,0,4,0,0,0,0,0,1,0,2,0,2,0,0,0,0,5,0,0
/Users/pouriad/repos/Cling-application/projects/mockito/test/org/mockito/internal/util/reflection/FieldReaderTest.java,org.mockito.internal.util.reflection.FieldReaderTest,class,4,2,3,4,1,0.0,0.0,2,0,2,0,0,0,2,0,0,0,0,0,0,0,0,0,0,0,0,14,0,0,0,0,0,3,0,2,0,2,0,0,1,0,15,1,0
/Users/pouriad/repos/Cling-application/projects/mockito/test/org/mockito/internal/util/reflection/GenericMasterTest.java,org.mockito.internal.util.reflection.GenericMasterTest,class,3,4,1,5,0,1.0,1.0,4,0,3,1,0,0,3,0,0,0,7,0,0,0,0,7,0,0,0,24,1,0,0,0,0,6,0,1,0,7,0,0,0,0,29,1,0
/Users/pouriad/repos/Cling-application/projects/mockito/test/org/mockito/internal/util/reflection/FieldInitializerTest.java,org.mockito.internal.util.reflection.FieldInitializerTest$StaticClass,innerclass,0,0,1,0,0,-1.0,-1.0,0,0,0,0,0,0,0,0,0,0,0,0,0,0,0,0,0,0,0,2,0,0,0,0,0,0,0,0,0,0,0,0,0,0,2,8,0
/Users/pouriad/repos/Cling-application/projects/mockito/test/org/mockito/internal/util/reflection/FieldInitializerTest.java,org.mockito.internal.util.reflection.FieldInitializerTest$StaticClassWithPrivateDefaultConstructor,innerclass,0,1,1,0,0,-1.0,-1.0,1,0,0,1,0,0,0,0,0,0,0,0,0,0,0,0,0,0,0,4,0,0,0,0,0,0,0,0,0,0,0,0,0,0,6,8,0
/Users/pouriad/repos/Cling-application/projects/mockito/test/org/mockito/internal/util/reflection/FieldInitializerTest.java,org.mockito.internal.util.reflection.FieldInitializerTest$StaticClassWithDefaultConstructor,innerclass,0,1,1,0,0,NaN,NaN,1,0,0,0,0,1,1,0,0,0,0,0,0,0,0,0,0,0,0,4,0,0,0,0,0,0,0,0,0,0,0,0,0,0,5,8,0
/Users/pouriad/repos/Cling-application/projects/mockito/test/org/mockito/internal/util/reflection/FieldInitializerTest.java,org.mockito.internal.util.reflection.FieldInitializerTest$StaticClassThrowingExceptionDefaultConstructor,innerclass,0,1,1,0,0,NaN,NaN,1,0,0,0,0,1,1,0,0,0,0,0,0,0,0,0,0,0,0,5,0,0,0,0,0,1,0,0,0,0,0,0,0,0,9,8,0
/Users/pouriad/repos/Cling-application/projects/mockito/test/org/mockito/internal/util/reflection/FieldInitializerTest.java,org.mockito.internal.util.reflection.FieldInitializerTest$Interface,interface,0,0,1,0,0,-1.0,-1.0,0,0,0,0,0,0,0,0,0,0,0,0,0,0,0,0,0,0,0,2,0,0,0,0,0,0,0,0,0,0,0,0,0,0,1,8,0
/Users/pouriad/repos/Cling-application/projects/mockito/test/org/mockito/internal/util/reflection/FieldInitializerTest.java,org.mockito.internal.util.reflection.FieldInitializerTest$StaticClassWithoutDefaultConstructor,innerclass,0,1,1,0,0,-1.0,-1.0,1,0,0,1,0,0,0,0,0,0,0,0,0,0,0,0,0,0,0,4,0,0,0,0,0,0,0,0,0,0,0,0,0,0,6,8,0
/Users/pouriad/repos/Cling-application/projects/mockito/test/org/mockito/internal/util/reflection/FieldInitializerTest.java,org.mockito.internal.util.reflection.FieldInitializerTest$1TheTestWithLocalType,innerclass,2,0,1,0,0,-1.0,-1.0,0,0,0,0,0,0,0,0,0,0,1,0,0,0,0,1,0,0,0,3,0,0,0,0,0,0,0,1,0,1,0,0,0,0,6,0,0
/Users/pouriad/repos/Cling-application/projects/mockito/test/org/mockito/internal/util/reflection/FieldInitializerTest.java,org.mockito.internal.util.reflection.FieldInitializerTest$2TheTestWithLocalType,innerclass,2,0,1,0,0,-1.0,-1.0,0,0,0,0,0,0,0,0,0,0,1,0,0,0,0,1,0,0,0,3,0,0,0,0,0,0,0,0,0,1,0,0,0,0,6,0,0
/Users/pouriad/repos/Cling-application/projects/mockito/test/org/mockito/internal/util/reflection/FieldInitializerTest.java,org.mockito.internal.util.reflection.FieldInitializerTest$ConcreteStaticClass,innerclass,2,0,2,0,0,-1.0,-1.0,0,0,0,0,0,0,0,0,0,0,0,0,0,0,0,0,0,0,0,2,0,0,0,0,0,0,0,0,0,0,0,0,0,0,5,8,0
/Users/pouriad/repos/Cling-application/projects/mockito/test/org/mockito/internal/util/reflection/FieldInitializerTest.java,org.mockito.internal.util.reflection.FieldInitializerTest$InnerClassType,innerclass,0,1,1,0,0,NaN,NaN,1,0,0,0,0,1,1,0,0,0,0,0,0,0,0,0,0,0,0,4,0,0,0,0,0,0,0,0,0,0,0,0,0,0,3,0,0
/Users/pouriad/repos/Cling-application/projects/mockito/test/org/mockito/internal/util/reflection/FieldInitializerTest.java,org.mockito.internal.util.reflection.FieldInitializerTest,class,13,15,2,11,91,0.0,0.0,14,0,14,0,0,0,14,0,0,0,12,0,0,12,0,0,0,0,0,116,0,0,0,1,0,15,0,14,0,22,1,0,13,0,62,1,0
/Users/pouriad/repos/Cling-application/projects/mockito/test/org/mockito/internal/util/reflection/FieldInitializerTest.java,org.mockito.internal.util.reflection.FieldInitializerTest$1LocalType,innerclass,0,0,1,0,0,-1.0,-1.0,0,0,0,0,0,0,0,0,0,0,0,0,0,0,0,0,0,0,0,2,0,0,0,0,0,0,0,0,0,0,0,0,0,0,2,0,0
/Users/pouriad/repos/Cling-application/projects/mockito/test/org/mockito/internal/util/reflection/FieldInitializerTest.java,org.mockito.internal.util.reflection.FieldInitializerTest$AbstractStaticClass,innerclass,0,1,1,0,0,NaN,NaN,1,0,1,0,0,0,1,0,0,0,0,0,0,0,0,0,0,0,0,4,0,0,0,0,0,0,0,0,0,0,0,0,0,0,3,1032,0
/Users/pouriad/repos/Cling-application/projects/mockito/test/org/mockito/internal/util/reflection/FieldInitializerTest.java,org.mockito.internal.util.reflection.FieldInitializerTest$2LocalType,innerclass,0,0,1,0,0,-1.0,-1.0,0,0,0,0,0,0,0,0,0,0,0,0,0,0,0,0,0,0,0,2,0,0,0,0,0,0,0,0,0,0,0,0,0,0,2,0,0
/Users/pouriad/repos/Cling-application/projects/mockito/test/org/mockito/internal/util/reflection/LenientCopyToolTest.java,org.mockito.internal.util.reflection.LenientCopyToolTest$SomeOtherObject,innerclass,0,0,1,0,0,-1.0,-1.0,0,0,0,0,0,0,0,0,0,0,0,0,0,0,0,0,0,0,0,2,0,0,0,0,0,0,0,0,0,0,0,0,0,0,3,8,0
/Users/pouriad/repos/Cling-application/projects/mockito/test/org/mockito/internal/util/reflection/LenientCopyToolTest.java,org.mockito.internal.util.reflection.LenientCopyToolTest$InheritMe,innerclass,0,0,1,0,0,-1.0,-1.0,0,0,0,0,0,0,0,0,0,0,2,0,0,1,1,0,0,0,0,4,0,0,0,0,0,2,0,2,0,2,0,0,0,0,5,8,0
/Users/pouriad/repos/Cling-application/projects/mockito/test/org/mockito/internal/util/reflection/LenientCopyToolTest.java,org.mockito.internal.util.reflection.LenientCopyToolTest,class,10,8,4,21,0,1.0,1.0,8,0,8,0,0,0,8,0,0,0,3,0,0,3,0,0,0,0,21,96,0,0,0,0,10,9,14,23,0,6,0,0,3,0,60,1,0
/Users/pouriad/repos/Cling-application/projects/mockito/test/org/mockito/internal/util/reflection/LenientCopyToolTest.java,org.mockito.internal.util.reflection.LenientCopyToolTest$SomeObject,innerclass,2,1,2,0,0,NaN,NaN,1,0,1,0,0,0,1,0,0,0,7,1,1,3,1,2,1,0,0,12,0,0,0,0,0,2,3,7,0,7,0,0,0,0,14,8,0
/Users/pouriad/repos/Cling-application/projects/mockito/test/org/mockito/internal/util/reflection/DummyParentClassForTests.java,org.mockito.internal.util.reflection.DummyParentClassForTests,class,0,0,1,0,0,-1.0,-1.0,0,0,0,0,0,0,0,0,0,0,1,0,0,1,0,0,0,0,0,3,0,0,0,0,0,1,0,0,0,1,0,0,0,0,8,1,0
/Users/pouriad/repos/Cling-application/projects/mockito/test/org/mockito/internal/util/reflection/WhiteboxTest.java,org.mockito.internal.util.reflection.WhiteboxTest,class,4,2,3,5,1,0.0,0.0,2,0,2,0,0,0,2,0,0,0,0,0,0,0,0,0,0,0,2,14,0,0,0,0,0,8,0,4,0,4,0,0,0,0,20,1,0
/Users/pouriad/repos/Cling-application/projects/mockito/test/org/mockito/internal/util/reflection/BeanPropertySetterTest.java,org.mockito.internal.util.reflection.BeanPropertySetterTest$SomeBeanWithNoSetterMatchingFieldType,innerclass,0,1,1,0,0,NaN,NaN,1,0,1,0,0,0,1,0,0,0,2,0,0,1,0,1,0,0,0,7,0,0,0,0,0,0,0,1,0,2,0,0,0,0,19,8,0
/Users/pouriad/repos/Cling-application/projects/mockito/test/org/mockito/internal/util/reflection/BeanPropertySetterTest.java,org.mockito.internal.util.reflection.BeanPropertySetterTest$SomeBeanWithJustASetter,innerclass,0,1,1,0,0,NaN,NaN,1,0,1,0,0,0,1,0,0,0,2,0,0,1,0,1,0,0,0,8,0,0,0,0,0,0,0,2,0,2,0,0,0,0,14,8,0
/Users/pouriad/repos/Cling-application/projects/mockito/test/org/mockito/internal/util/reflection/BeanPropertySetterTest.java,org.mockito.internal.util.reflection.BeanPropertySetterTest$SomeBean,innerclass,0,2,1,0,0,1.0,1.0,2,0,2,0,0,0,2,0,0,0,2,0,0,1,0,1,0,0,0,11,1,0,0,0,0,0,0,2,0,2,0,0,0,0,11,8,0
/Users/pouriad/repos/Cling-application/projects/mockito/test/org/mockito/internal/util/reflection/BeanPropertySetterTest.java,org.mockito.internal.util.reflection.BeanPropertySetterTest,class,6,6,1,11,10,0.0,0.0,5,0,5,0,0,0,5,0,0,0,0,0,0,0,0,0,0,0,0,77,0,0,0,1,0,11,0,19,0,19,1,0,4,0,47,1,0
/Users/pouriad/repos/Cling-application/projects/mockito/test/org/mockito/internal/util/reflection/BeanPropertySetterTest.java,org.mockito.internal.util.reflection.BeanPropertySetterTest$SomeBeanWithJustAGetter,innerclass,0,1,1,0,0,NaN,NaN,1,0,1,0,0,0,1,0,0,0,1,0,0,1,0,0,0,0,0,6,1,0,0,0,0,0,0,0,0,1,0,0,0,0,11,8,0
/Users/pouriad/repos/Cling-application/projects/mockito/test/org/mockito/internal/util/reflection/DummyClassForTests.java,org.mockito.internal.util.reflection.DummyClassForTests,class,1,0,2,0,0,-1.0,-1.0,0,0,0,0,0,0,0,0,0,0,0,0,0,0,0,0,0,0,0,2,0,0,0,0,0,0,0,0,0,0,0,0,0,0,5,1,0
/Users/pouriad/repos/Cling-application/projects/mockito/test/org/mockito/internal/MockHandlerTest.java,org.mockito.internal.MockHandlerTest,class,8,2,3,7,0,NaN,NaN,1,0,1,0,0,0,1,0,0,0,0,0,0,0,0,0,0,0,1,20,0,0,0,1,0,2,0,3,0,2,1,1,0,0,25,1,0
/Users/pouriad/repos/Cling-application/projects/mockito/test/org/mockito/internal/MockHandlerTest.java,org.mockito.internal.MockHandlerTest$Anonymous1,anonymous,4,1,1,0,0,NaN,NaN,1,0,1,0,0,0,1,0,0,0,0,0,0,0,0,0,0,0,0,5,0,0,0,0,0,0,0,0,0,0,0,0,0,0,11,-1,0
/Users/pouriad/repos/Cling-application/projects/mockito/test/org/mockito/internal/debugging/WarningsPrinterImplTest.java,org.mockito.internal.debugging.WarningsPrinterImplTest,class,10,3,3,14,0,1.0,1.0,3,0,3,0,0,0,3,0,0,0,2,0,0,2,0,0,0,0,7,25,0,0,0,0,0,0,0,6,0,8,0,0,0,0,30,1,0
/Users/pouriad/repos/Cling-application/projects/mockito/test/org/mockito/internal/debugging/WarningsFinderTest.java,org.mockito.internal.debugging.WarningsFinderTest,class,10,3,3,14,0,1.0,1.0,3,0,3,0,0,0,3,0,0,0,2,0,0,2,0,0,0,0,12,23,0,0,0,0,0,2,0,7,0,9,0,0,0,0,32,1,0
/Users/pouriad/repos/Cling-application/projects/mockito/test/org/mockito/internal/debugging/LoggingListenerTest.java,org.mockito.internal.debugging.LoggingListenerTest,class,8,4,3,10,0,1.0,1.0,4,0,4,0,0,0,4,0,0,0,1,0,0,1,0,0,0,0,9,23,0,0,0,0,0,0,0,4,0,5,0,0,0,0,21,1,0
/Users/pouriad/repos/Cling-application/projects/mockito/test/org/mockito/internal/exceptions/util/ScenarioPrinterTest.java,org.mockito.internal.exceptions.util.ScenarioPrinterTest,class,5,2,3,7,0,1.0,1.0,2,0,2,0,0,0,2,0,0,0,1,0,0,0,0,1,0,0,5,15,0,0,0,0,0,4,0,6,0,6,0,0,0,0,27,1,0
/Users/pouriad/repos/Cling-application/projects/mockito/test/org/mockito/internal/exceptions/base/ConditionalStackTraceFilterTest.java,org.mockito.internal.exceptions.base.ConditionalStackTraceFilterTest,class,7,2,3,7,0,1.0,1.0,2,0,2,0,0,0,2,0,0,0,1,0,0,1,0,0,0,0,6,15,0,0,0,0,0,7,0,3,0,3,0,0,0,0,21,1,0
/Users/pouriad/repos/Cling-application/projects/mockito/test/org/mockito/internal/exceptions/base/StackTraceFilterTest.java,org.mockito.internal.exceptions.base.StackTraceFilterTest,class,5,8,3,6,0,1.0,1.0,8,0,8,0,0,0,8,0,0,0,1,0,0,1,0,0,0,0,14,42,0,0,0,0,0,36,2,16,0,16,0,0,0,0,46,1,0
/Users/pouriad/repos/Cling-application/projects/mockito/test/org/mockito/internal/verification/checkers/NumberOfInvocationsInOrderCheckerTest.java,org.mockito.internal.verification.checkers.NumberOfInvocationsInOrderCheckerTest,class,11,8,3,14,0,1.0,1.0,6,0,6,0,0,0,6,0,0,0,6,0,0,6,0,0,0,0,8,56,0,0,0,2,0,4,5,11,0,11,1,0,0,0,56,1,0
/Users/pouriad/repos/Cling-application/projects/mockito/test/org/mockito/internal/verification/checkers/InvocationsFinderStub.java,org.mockito.internal.verification.checkers.InvocationsFinderStub,class,4,6,2,0,0,1.0,1.0,6,0,6,0,0,0,6,0,0,0,7,0,0,0,0,7,3,0,0,30,6,0,0,0,0,0,0,6,0,7,0,0,0,0,29,0,0
/Users/pouriad/repos/Cling-application/projects/mockito/test/org/mockito/internal/verification/checkers/AtLeastXNumberOfInvocationsCheckerTest.java,org.mockito.internal.verification.checkers.AtLeastXNumberOfInvocationsCheckerTest,class,10,1,3,10,0,NaN,NaN,1,0,1,0,0,0,1,0,0,0,0,0,0,0,0,0,0,0,6,10,0,0,0,0,0,0,1,4,0,3,0,0,0,0,23,1,0
/Users/pouriad/repos/Cling-application/projects/mockito/test/org/mockito/internal/verification/checkers/NumberOfInvocationsCheckerTest.java,org.mockito.internal.verification.checkers.NumberOfInvocationsCheckerTest,class,10,8,4,14,0,1.0,1.0,8,0,8,0,0,0,8,0,0,0,5,0,0,5,0,0,0,0,3,85,0,0,0,0,0,0,11,12,0,12,0,0,1,0,54,1,0
/Users/pouriad/repos/Cling-application/projects/mockito/test/org/mockito/internal/verification/checkers/NumberOfInvocationsCheckerTest.java,org.mockito.internal.verification.checkers.NumberOfInvocationsCheckerTest$ReporterStub,innerclass,4,3,2,2,0,1.0,1.0,3,0,3,0,0,0,3,0,0,0,4,0,0,4,0,0,0,0,0,22,0,0,0,0,0,0,0,10,0,4,0,0,0,0,22,0,0
/Users/pouriad/repos/Cling-application/projects/mockito/test/org/mockito/internal/verification/checkers/MissingInvocationCheckerTest.java,org.mockito.internal.verification.checkers.MissingInvocationCheckerTest$ReporterStub,innerclass,3,2,2,0,0,1.0,1.0,2,0,2,0,0,0,2,0,0,0,3,0,0,3,0,0,0,0,0,13,0,0,0,0,0,0,0,4,0,3,0,0,0,0,15,0,0
/Users/pouriad/repos/Cling-application/projects/mockito/test/org/mockito/internal/verification/checkers/MissingInvocationCheckerTest.java,org.mockito.internal.verification.checkers.MissingInvocationCheckerTest,class,10,6,4,12,0,1.0,1.0,6,0,6,0,0,0,6,0,0,0,5,0,0,5,0,0,0,0,1,56,0,0,0,0,0,0,0,8,0,6,0,0,1,0,42,1,0
/Users/pouriad/repos/Cling-application/projects/mockito/test/org/mockito/internal/verification/checkers/MissingInvocationInOrderCheckerTest.java,org.mockito.internal.verification.checkers.MissingInvocationInOrderCheckerTest$ReporterStub,innerclass,3,3,2,0,0,1.0,1.0,3,0,3,0,0,0,3,0,0,0,5,0,0,5,0,0,0,0,0,19,0,0,0,0,0,0,0,6,0,5,0,0,0,0,17,0,0
/Users/pouriad/repos/Cling-application/projects/mockito/test/org/mockito/internal/verification/checkers/MissingInvocationInOrderCheckerTest.java,org.mockito.internal.verification.checkers.MissingInvocationInOrderCheckerTest,class,14,5,4,13,0,1.0,1.0,5,0,5,0,0,0,5,0,0,0,6,0,0,6,0,0,0,0,1,60,0,0,0,0,0,0,1,11,0,9,0,0,1,0,52,1,0
/Users/pouriad/repos/Cling-application/projects/mockito/test/org/mockito/internal/verification/VerificationDataImplTest.java,org.mockito.internal.verification.VerificationDataImplTest,class,5,2,3,3,0,NaN,NaN,1,0,1,0,0,0,1,0,0,0,0,0,0,0,0,0,0,0,0,11,0,0,0,1,0,1,0,1,0,1,1,0,0,0,19,1,0
/Users/pouriad/repos/Cling-application/projects/mockito/test/org/mockito/internal/verification/OnlyTest.java,org.mockito.internal.verification.OnlyTest$VerificationDataStub,innerclass,3,3,1,1,0,0.6666667,1.0,3,0,3,0,0,0,3,0,0,0,2,0,0,2,0,0,2,0,1,14,2,0,0,0,0,0,0,2,0,2,0,0,0,0,11,1,0
/Users/pouriad/repos/Cling-application/projects/mockito/test/org/mockito/internal/verification/OnlyTest.java,org.mockito.internal.verification.OnlyTest,class,7,3,1,7,0,1.0,1.0,2,0,2,0,0,0,2,0,0,0,1,0,0,0,0,1,0,0,0,34,0,0,0,1,0,0,0,3,0,3,1,0,1,0,25,1,0
/Users/pouriad/repos/Cling-application/projects/mockito/test/org/mockito/internal/verification/SmartPrinterTest.java,org.mockito.internal.verification.SmartPrinterTest,class,7,5,3,8,0,0.9,1.0,5,0,5,0,0,0,5,0,0,0,3,0,0,3,0,0,0,0,8,32,0,0,0,0,0,12,0,6,0,7,0,0,0,0,35,1,0
/Users/pouriad/repos/Cling-application/projects/mockito/test/org/mockito/internal/verification/NoMoreInteractionsTest.java,org.mockito.internal.verification.NoMoreInteractionsTest,class,7,6,3,9,0,1.0,1.0,4,0,4,0,0,0,4,0,0,0,1,0,0,0,0,1,0,0,4,39,0,0,0,2,0,0,4,11,0,11,1,0,0,0,30,1,0
/Users/pouriad/repos/Cling-application/projects/mockito/test/org/mockito/internal/verification/argumentmatching/ArgumentMatchingToolTest.java,org.mockito.internal.verification.argumentmatching.ArgumentMatchingToolTest$Anonymous1,anonymous,1,1,1,1,0,NaN,NaN,1,0,1,0,0,0,1,0,0,0,0,0,0,0,0,0,0,0,0,5,0,0,0,0,0,1,0,0,0,0,0,0,0,0,4,-1,0
/Users/pouriad/repos/Cling-application/projects/mockito/test/org/mockito/internal/verification/argumentmatching/ArgumentMatchingToolTest.java,org.mockito.internal.verification.argumentmatching.ArgumentMatchingToolTest$Anonymous2,anonymous,1,2,1,0,1,0.0,0.0,2,0,2,0,0,0,2,0,0,0,0,0,0,0,0,0,0,0,0,7,0,0,0,0,0,1,0,0,0,0,0,0,0,0,10,-1,0
/Users/pouriad/repos/Cling-application/projects/mockito/test/org/mockito/internal/verification/argumentmatching/ArgumentMatchingToolTest.java,org.mockito.internal.verification.argumentmatching.ArgumentMatchingToolTest,class,6,6,3,4,0,1.0,1.0,6,0,6,0,0,0,6,0,0,0,1,0,0,1,0,0,0,0,6,48,0,0,0,0,0,2,23,15,0,15,0,2,0,0,49,1,0
/Users/pouriad/repos/Cling-application/projects/mockito/test/org/mockito/internal/verification/RegisteredInvocationsTest.java,org.mockito.internal.verification.RegisteredInvocationsTest,class,6,2,3,8,0,1.0,1.0,2,0,2,0,0,0,2,0,0,0,1,0,0,1,0,0,0,0,0,14,0,0,0,0,0,1,0,3,0,3,0,0,0,0,20,1,0
/Users/pouriad/repos/Cling-application/projects/mockito/test/org/mockito/internal/verification/DummyVerificationMode.java,org.mockito.internal.verification.DummyVerificationMode,class,2,1,1,0,0,NaN,NaN,1,0,1,0,0,0,1,0,0,0,0,0,0,0,0,0,0,0,0,4,0,0,0,0,0,0,0,0,0,0,0,0,0,0,6,1,0
/Users/pouriad/repos/Cling-application/projects/mockito/test/org/mockito/internal/creation/jmock/ClassImposterizerTest.java,org.mockito.internal.creation.jmock.ClassImposterizerTest,class,11,7,3,17,15,0.0,0.0,6,0,6,0,0,0,6,0,0,0,0,0,0,0,0,0,0,0,1,57,0,0,0,1,0,1,2,10,0,10,1,0,6,0,51,1,0
/Users/pouriad/repos/Cling-application/projects/mockito/test/org/mockito/internal/creation/jmock/ClassImposterizerTest.java,org.mockito.internal.creation.jmock.ClassImposterizerTest$FinalClass,innerclass,0,0,1,0,0,-1.0,-1.0,0,0,0,0,0,0,0,0,0,0,0,0,0,0,0,0,0,0,0,2,0,0,0,0,0,0,0,0,0,0,0,0,0,0,2,16,0
/Users/pouriad/repos/Cling-application/projects/mockito/test/org/mockito/internal/creation/jmock/ClassImposterizerTest.java,org.mockito.internal.creation.jmock.ClassImposterizerTest$SomeClass,innerclass,0,0,1,0,0,-1.0,-1.0,0,0,0,0,0,0,0,0,0,0,0,0,0,0,0,0,0,0,0,2,0,0,0,0,0,0,0,0,0,0,0,0,0,0,2,0,0
/Users/pouriad/repos/Cling-application/projects/mockito/test/org/mockito/internal/creation/jmock/ClassImposterizerTest.java,org.mockito.internal.creation.jmock.ClassImposterizerTest$SomeInterface,interface,0,0,1,0,0,-1.0,-1.0,0,0,0,0,0,0,0,0,0,0,0,0,0,0,0,0,0,0,0,2,0,0,0,0,0,0,0,0,0,0,0,0,0,0,2,0,0
/Users/pouriad/repos/Cling-application/projects/mockito/test/org/mockito/internal/creation/jmock/ClassImposterizerTest.java,org.mockito.internal.creation.jmock.ClassImposterizerTest$ClassWithoutConstructor,innerclass,0,0,1,0,0,-1.0,-1.0,0,0,0,0,0,0,0,0,0,0,0,0,0,0,0,0,0,0,0,2,0,0,0,0,0,0,0,0,0,0,0,0,0,0,3,2,0
/Users/pouriad/repos/Cling-application/projects/mockito/test/org/mockito/internal/creation/jmock/ClassImposterizerTest.java,org.mockito.internal.creation.jmock.ClassImposterizerTest$ClassWithDodgyConstructor,innerclass,0,1,1,0,0,NaN,NaN,1,0,1,0,0,0,1,0,0,0,0,0,0,0,0,0,0,0,0,5,0,0,0,0,0,0,0,0,0,0,0,0,0,0,6,2,0
/Users/pouriad/repos/Cling-application/projects/mockito/test/org/mockito/internal/creation/jmock/ClassImposterizerTest.java,org.mockito.internal.creation.jmock.ClassImposterizerTest$MethodInterceptorStub,innerclass,2,1,1,0,0,NaN,NaN,1,0,1,0,0,0,1,0,0,0,0,0,0,0,0,0,0,0,0,5,1,0,0,0,0,0,0,0,0,0,0,0,0,0,9,18,0
/Users/pouriad/repos/Cling-application/projects/mockito/test/org/mockito/internal/creation/SerializableMockitoMethodProxyTest.java,org.mockito.internal.creation.SerializableMockitoMethodProxyTest,class,5,3,3,8,3,0.0,0.0,3,0,3,0,0,0,3,0,0,0,0,0,0,0,0,0,0,0,2,21,1,0,0,0,0,15,2,7,0,7,0,0,0,0,22,1,0
/Users/pouriad/repos/Cling-application/projects/mockito/test/org/mockito/internal/creation/MethodInterceptorFilterTest.java,org.mockito.internal.creation.MethodInterceptorFilterTest,class,20,9,3,19,0,0.53571427,0.53571427,8,0,8,0,0,0,8,0,0,0,2,0,0,0,0,2,0,0,19,45,0,0,1,0,0,8,2,18,0,17,0,0,0,0,54,1,0
/Users/pouriad/repos/Cling-application/projects/mockito/test/org/mockito/internal/creation/cglib/MethodProxyBuilder.java,org.mockito.internal.creation.cglib.MethodProxyBuilder,class,7,1,1,5,0,NaN,NaN,1,0,1,0,0,0,1,0,0,0,0,0,0,0,0,0,0,0,2,13,1,0,0,0,0,0,0,2,0,2,0,1,0,0,12,1,0
/Users/pouriad/repos/Cling-application/projects/mockito/test/org/mockito/internal/creation/cglib/MethodProxyBuilder.java,org.mockito.internal.creation.cglib.MethodProxyBuilder$Anonymous1,anonymous,1,1,1,0,0,NaN,NaN,1,0,1,0,0,0,1,0,0,0,0,0,0,0,0,0,0,0,0,5,1,0,0,0,0,0,0,0,0,0,0,0,0,0,7,-1,0
/Users/pouriad/repos/Cling-application/projects/mockito/test/org/mockito/internal/creation/cglib/CGLIBHackerTest.java,org.mockito.internal.creation.cglib.CGLIBHackerTest,class,7,2,3,6,1,0.0,0.0,2,0,2,0,0,0,2,0,0,0,0,0,0,0,0,0,0,0,1,18,0,0,0,0,0,6,2,8,0,8,0,0,0,0,31,1,0
/Users/pouriad/repos/Cling-application/projects/mockito/test/org/mockito/internal/creation/MockSettingsImplTest.java,org.mockito.internal.creation.MockSettingsImplTest,class,4,8,3,7,0,1.0,1.0,8,0,8,0,0,0,8,0,0,0,1,0,0,1,0,0,0,0,0,32,0,0,0,0,0,0,2,1,0,1,0,0,0,0,37,1,0
/Users/pouriad/repos/Cling-application/projects/mockito/test/org/mockito/internal/AllInvocationsFinderTest.java,org.mockito.internal.AllInvocationsFinderTest,class,8,4,3,9,0,1.0,1.0,4,0,3,1,0,0,3,0,0,0,3,0,0,3,0,0,0,0,4,28,0,0,0,0,0,0,13,5,0,5,0,0,0,0,30,1,0
/Users/pouriad/repos/Cling-application/projects/mockito/test/org/mockito/internal/runners/util/TestMethodsFinderTest.java,org.mockito.internal.runners.util.TestMethodsFinderTest,class,5,1,3,3,0,NaN,NaN,1,0,1,0,0,0,1,0,0,0,0,0,0,0,0,0,0,0,0,14,0,0,0,0,0,0,0,0,0,0,0,0,2,0,13,1,0
/Users/pouriad/repos/Cling-application/projects/mockito/test/org/mockito/internal/runners/util/TestMethodsFinderTest.java,org.mockito.internal.runners.util.TestMethodsFinderTest$HasTests,innerclass,1,1,1,0,0,NaN,NaN,1,0,1,0,0,0,1,0,0,0,0,0,0,0,0,0,0,0,0,4,0,0,0,0,0,0,0,0,0,0,0,0,0,0,4,8,0
/Users/pouriad/repos/Cling-application/projects/mockito/test/org/mockito/internal/runners/util/TestMethodsFinderTest.java,org.mockito.internal.runners.util.TestMethodsFinderTest$DoesNotHaveTests,innerclass,0,1,1,0,0,NaN,NaN,1,0,1,0,0,0,1,0,0,0,0,0,0,0,0,0,0,0,0,4,0,0,0,0,0,0,0,0,0,0,0,0,0,0,6,8,0
/Users/pouriad/repos/Cling-application/projects/mockito/test/org/mockito/internal/runners/util/RunnerProviderTest.java,org.mockito.internal.runners.util.RunnerProviderTest,class,4,2,3,5,1,0.0,0.0,2,0,2,0,0,0,2,0,0,0,0,0,0,0,0,0,0,0,0,11,0,0,0,0,0,1,0,3,0,3,0,0,0,0,20,1,0
/Users/pouriad/repos/Cling-application/projects/mockito/test/org/mockito/internal/runners/RunnerFactoryTest.java,org.mockito.internal.runners.RunnerFactoryTest,class,9,8,4,7,10,0.0,0.0,5,0,5,0,0,0,5,0,0,0,0,0,0,0,0,0,0,0,4,74,0,0,0,3,0,2,0,10,0,10,1,4,2,0,37,1,0
/Users/pouriad/repos/Cling-application/projects/mockito/test/org/mockito/internal/runners/RunnerFactoryTest.java,org.mockito.internal.runners.RunnerFactoryTest$NoTestMethods,innerclass,0,0,1,0,0,-1.0,-1.0,0,0,0,0,0,0,0,0,0,0,0,0,0,0,0,0,0,0,0,2,0,0,0,0,0,0,0,0,0,0,0,0,0,0,3,8,0
/Users/pouriad/repos/Cling-application/projects/mockito/test/org/mockito/internal/runners/RunnerFactoryTest.java,org.mockito.internal.runners.RunnerFactoryTest$ClassProviderStub,innerclass,1,1,2,1,0,NaN,NaN,1,0,1,0,0,0,1,0,0,0,0,0,0,0,0,0,0,0,0,5,1,0,0,0,0,0,0,0,0,0,0,0,0,0,10,8,0
/Users/pouriad/repos/Cling-application/projects/mockito/test/org/mockito/internal/runners/RunnerFactoryTest.java,org.mockito.internal.runners.RunnerFactoryTest$Anonymous1,anonymous,0,1,1,0,0,NaN,NaN,1,0,1,0,0,0,1,0,0,0,0,0,0,0,0,0,0,0,0,5,1,0,0,0,0,0,0,0,0,0,0,0,0,0,7,-1,0
/Users/pouriad/repos/Cling-application/projects/mockito/test/org/mockito/internal/runners/RunnerFactoryTest.java,org.mockito.internal.runners.RunnerFactoryTest$Anonymous2,anonymous,0,1,1,0,0,NaN,NaN,1,0,1,0,0,0,1,0,0,0,0,0,0,0,0,0,0,0,0,5,1,0,0,0,0,0,0,0,0,0,0,0,0,0,7,-1,0
/Users/pouriad/repos/Cling-application/projects/mockito/test/org/mockito/internal/runners/RunnerFactoryTest.java,org.mockito.internal.runners.RunnerFactoryTest$Anonymous3,anonymous,2,2,1,0,1,0.0,0.0,2,0,2,0,0,0,2,0,0,0,0,0,0,0,0,0,0,0,0,8,1,0,0,0,0,1,0,0,0,0,0,0,0,0,16,-1,0
/Users/pouriad/repos/Cling-application/projects/mockito/test/org/mockito/internal/runners/RunnerFactoryTest.java,org.mockito.internal.runners.RunnerFactoryTest$Anonymous4,anonymous,1,1,1,0,0,NaN,NaN,1,0,1,0,0,0,1,0,0,0,0,0,0,0,0,0,0,0,0,5,0,0,0,0,0,0,0,0,0,0,0,0,0,0,10,-1,0
/Users/pouriad/repos/Cling-application/projects/mockito/test/org/mockito/internal/stubbing/answers/AnswersValidatorTest.java,org.mockito.internal.stubbing.answers.AnswersValidatorTest,class,11,15,3,8,0,1.0,1.0,13,0,13,0,0,0,13,0,0,0,2,0,0,2,0,0,0,0,1,65,0,0,0,2,0,18,5,5,0,5,1,0,0,0,72,1,0
/Users/pouriad/repos/Cling-application/projects/mockito/test/org/mockito/internal/stubbing/MockitoStubberTest.java,org.mockito.internal.stubbing.MockitoStubberTest,class,12,12,6,13,0,1.0,1.0,7,0,7,0,0,0,7,0,0,0,3,0,0,3,0,0,0,0,0,69,0,0,0,5,0,3,0,4,0,4,1,0,1,0,45,1,0
/Users/pouriad/repos/Cling-application/projects/mockito/test/org/mockito/internal/stubbing/MockitoStubberTest.java,org.mockito.internal.stubbing.MockitoStubberTest$MyException,innerclass,0,0,4,0,0,-1.0,-1.0,0,0,0,0,0,0,0,0,0,0,0,0,0,0,0,0,0,0,0,2,0,0,0,0,0,1,0,0,0,0,0,0,0,0,3,0,0
/Users/pouriad/repos/Cling-application/projects/mockito/test/org/mockito/internal/stubbing/defaultanswers/HasPrimitiveMethods.java,org.mockito.internal.stubbing.defaultanswers.HasPrimitiveMethods,interface,0,6,1,0,15,0.0,0.0,6,0,0,0,0,6,6,0,0,0,0,0,0,0,0,0,0,0,0,8,0,0,0,0,0,0,0,0,0,0,0,0,0,0,10,0,0
/Users/pouriad/repos/Cling-application/projects/mockito/test/org/mockito/internal/stubbing/defaultanswers/ReturnsMocksTest.java,org.mockito.internal.stubbing.defaultanswers.ReturnsMocksTest$FooInterface,interface,0,0,1,0,0,-1.0,-1.0,0,0,0,0,0,0,0,0,0,0,0,0,0,0,0,0,0,0,0,2,0,0,0,0,0,0,0,0,0,0,0,0,0,0,2,0,0
/Users/pouriad/repos/Cling-application/projects/mockito/test/org/mockito/internal/stubbing/defaultanswers/ReturnsMocksTest.java,org.mockito.internal.stubbing.defaultanswers.ReturnsMocksTest$BarClass,innerclass,0,0,1,0,0,-1.0,-1.0,0,0,0,0,0,0,0,0,0,0,0,0,0,0,0,0,0,0,0,2,0,0,0,0,0,0,0,0,0,0,0,0,0,0,2,0,0
/Users/pouriad/repos/Cling-application/projects/mockito/test/org/mockito/internal/stubbing/defaultanswers/ReturnsMocksTest.java,org.mockito.internal.stubbing.defaultanswers.ReturnsMocksTest$Baz,innerclass,0,0,1,0,0,-1.0,-1.0,0,0,0,0,0,0,0,0,0,0,0,0,0,0,0,0,0,0,0,2,0,0,0,0,0,0,0,0,0,0,0,0,0,0,1,16,0
/Users/pouriad/repos/Cling-application/projects/mockito/test/org/mockito/internal/stubbing/defaultanswers/ReturnsMocksTest.java,org.mockito.internal.stubbing.defaultanswers.ReturnsMocksTest$StringMethods,interface,0,2,1,0,1,0.0,0.0,2,0,0,0,0,2,2,0,0,0,0,0,0,0,0,0,0,0,0,4,0,0,0,0,0,0,0,0,0,0,0,0,0,0,5,0,0
/Users/pouriad/repos/Cling-application/projects/mockito/test/org/mockito/internal/stubbing/defaultanswers/ReturnsMocksTest.java,org.mockito.internal.stubbing.defaultanswers.ReturnsMocksTest,class,9,7,3,9,0,0.6666667,0.6666667,6,0,6,0,0,0,6,0,0,0,1,0,0,1,0,0,0,0,8,41,0,0,1,0,0,9,6,5,0,5,0,0,4,0,35,1,0
/Users/pouriad/repos/Cling-application/projects/mockito/test/org/mockito/internal/stubbing/defaultanswers/ReturnsMoreEmptyValuesTest.java,org.mockito.internal.stubbing.defaultanswers.ReturnsMoreEmptyValuesTest,class,3,3,3,5,0,1.0,1.0,2,0,2,0,0,0,2,0,0,0,1,0,0,1,0,0,0,0,0,11,0,0,1,0,1,1,2,2,0,2,0,0,0,0,15,1,0
/Users/pouriad/repos/Cling-application/projects/mockito/test/org/mockito/internal/stubbing/defaultanswers/ReturnsEmptyValuesTest.java,org.mockito.internal.stubbing.defaultanswers.ReturnsEmptyValuesTest,class,5,4,3,18,0,1.0,1.0,3,0,3,0,0,0,3,0,0,0,1,0,0,0,0,1,0,0,1,37,0,0,1,0,14,1,8,4,0,4,0,0,0,0,37,1,0
/Users/pouriad/repos/Cling-application/projects/mockito/test/org/mockito/internal/stubbing/defaultanswers/ReturnsSmartNullsTest.java,org.mockito.internal.stubbing.defaultanswers.ReturnsSmartNullsTest$Foo,interface,1,2,1,0,1,0.0,0.0,2,0,0,0,0,2,2,0,0,0,0,0,0,0,0,0,0,0,0,4,0,0,0,0,0,0,0,0,0,0,0,0,0,0,6,0,0
/Users/pouriad/repos/Cling-application/projects/mockito/test/org/mockito/internal/stubbing/defaultanswers/ReturnsSmartNullsTest.java,org.mockito.internal.stubbing.defaultanswers.ReturnsSmartNullsTest,class,6,5,3,5,6,0.0,0.0,4,0,4,0,0,0,4,0,0,0,0,0,0,0,0,0,0,0,9,35,0,0,0,1,0,15,5,7,2,7,1,0,1,0,52,1,0
/Users/pouriad/repos/Cling-application/projects/mockito/test/org/mockito/internal/stubbing/InvocationContainerImplTest.java,org.mockito.internal.stubbing.InvocationContainerImplTest$Anonymous2,anonymous,0,1,1,1,0,NaN,NaN,1,0,1,0,0,0,1,0,0,0,0,0,0,0,0,0,0,0,0,5,0,0,0,0,0,0,0,0,0,0,0,0,0,0,5,-1,0
/Users/pouriad/repos/Cling-application/projects/mockito/test/org/mockito/internal/stubbing/InvocationContainerImplTest.java,org.mockito.internal.stubbing.InvocationContainerImplTest$Anonymous1,anonymous,3,2,1,4,0,NaN,NaN,1,0,1,0,0,0,1,0,0,0,0,0,0,0,0,0,0,0,1,13,0,0,0,1,0,1,1,0,0,0,1,0,0,0,9,-1,0
/Users/pouriad/repos/Cling-application/projects/mockito/test/org/mockito/internal/stubbing/InvocationContainerImplTest.java,org.mockito.internal.stubbing.InvocationContainerImplTest,class,5,4,1,6,0,NaN,NaN,1,0,1,0,0,0,1,0,0,0,3,0,0,0,0,3,0,0,0,37,0,2,1,0,0,0,4,7,0,6,1,2,0,0,19,1,0
/Users/pouriad/repos/Cling-application/projects/mockito/test/org/mockito/internal/matchers/MatchersPrinterTest.java,org.mockito.internal.matchers.MatchersPrinterTest,class,5,5,3,6,0,1.0,1.0,5,0,5,0,0,0,5,0,0,0,1,0,0,0,0,1,0,0,8,23,0,0,0,0,0,6,13,6,0,6,0,0,0,0,34,1,0
/Users/pouriad/repos/Cling-application/projects/mockito/test/org/mockito/internal/matchers/EqualityTest.java,org.mockito.internal.matchers.EqualityTest,class,5,1,3,3,0,NaN,NaN,1,0,1,0,0,0,1,0,0,0,0,0,0,0,0,0,0,0,10,15,0,0,0,0,0,2,21,1,0,1,0,0,0,0,15,1,0
/Users/pouriad/repos/Cling-application/projects/mockito/test/org/mockito/internal/matchers/MatchersToStringTest.java,org.mockito.internal.matchers.MatchersToStringTest$Anonymous2,anonymous,0,1,1,0,0,NaN,NaN,1,0,1,0,0,0,1,0,0,0,0,0,0,0,0,0,0,0,0,5,1,0,0,0,0,1,0,0,0,0,0,0,0,0,2,-1,0
/Users/pouriad/repos/Cling-application/projects/mockito/test/org/mockito/internal/matchers/MatchersToStringTest.java,org.mockito.internal.matchers.MatchersToStringTest$Anonymous1,anonymous,0,1,1,0,0,NaN,NaN,1,0,1,0,0,0,1,0,0,0,0,0,0,0,0,0,0,0,0,5,1,0,0,0,0,1,0,0,0,0,0,0,0,0,2,-1,0
/Users/pouriad/repos/Cling-application/projects/mockito/test/org/mockito/internal/matchers/MatchersToStringTest.java,org.mockito.internal.matchers.MatchersToStringTest,class,13,17,3,3,136,0.0,0.0,17,0,17,0,0,0,17,0,0,0,0,0,0,0,0,0,0,0,17,71,0,0,0,0,0,25,5,4,0,4,0,2,0,0,35,1,0
/Users/pouriad/repos/Cling-application/projects/mockito/test/org/mockito/internal/matchers/LocalizedMatcherTest.java,org.mockito.internal.matchers.LocalizedMatcherTest,class,7,5,3,9,10,0.0,0.0,5,0,5,0,0,0,5,0,0,0,0,0,0,0,0,0,0,0,1,27,0,0,0,0,0,4,5,8,0,8,0,0,0,0,36,1,0
/Users/pouriad/repos/Cling-application/projects/mockito/test/org/mockito/internal/matchers/EqualsTest.java,org.mockito.internal.matchers.EqualsTest,class,5,11,3,9,55,0.0,0.0,11,0,11,0,0,0,11,0,0,0,0,0,0,0,0,0,0,0,6,50,0,0,0,0,0,10,15,9,0,9,0,0,0,0,44,1,0
/Users/pouriad/repos/Cling-application/projects/mockito/test/org/mockito/internal/matchers/CapturingMatcherTest.java,org.mockito.internal.matchers.CapturingMatcherTest,class,3,4,3,7,3,0.0,0.0,3,0,3,0,0,0,3,0,0,0,0,0,0,0,0,0,0,0,0,23,0,0,0,1,0,8,0,3,0,3,1,0,0,0,22,1,0
/Users/pouriad/repos/Cling-application/projects/mockito/test/org/mockito/internal/matchers/apachecommons/EqualsBuilderTest.java,org.mockito.internal.matchers.apachecommons.EqualsBuilderTest$TestACanEqualB,innerclass,2,7,1,2,0,0.5,0.5,4,0,4,0,0,0,4,0,0,0,1,0,0,1,0,0,0,0,0,24,6,0,3,0,2,0,1,1,0,1,1,0,0,0,14,9,0
/Users/pouriad/repos/Cling-application/projects/mockito/test/org/mockito/internal/matchers/apachecommons/EqualsBuilderTest.java,org.mockito.internal.matchers.apachecommons.EqualsBuilderTest$TestSubObject,innerclass,2,10,1,2,3,0.4,0.4,6,0,6,0,0,0,6,0,0,0,1,0,0,1,0,0,0,0,0,32,6,0,4,0,1,0,2,3,0,2,1,0,0,0,17,8,0
/Users/pouriad/repos/Cling-application/projects/mockito/test/org/mockito/internal/matchers/apachecommons/EqualsBuilderTest.java,org.mockito.internal.matchers.apachecommons.EqualsBuilderTest$TestEmptySubObject,innerclass,1,1,1,0,0,NaN,NaN,1,0,1,0,0,0,1,0,0,0,0,0,0,0,0,0,0,0,0,5,0,0,0,0,0,0,0,0,0,0,0,0,0,0,5,8,0
/Users/pouriad/repos/Cling-application/projects/mockito/test/org/mockito/internal/matchers/apachecommons/EqualsBuilderTest.java,org.mockito.internal.matchers.apachecommons.EqualsBuilderTest$TestBCanEqualA,innerclass,2,7,1,2,0,0.5,0.5,4,0,4,0,0,0,4,0,0,0,1,0,0,1,0,0,0,0,0,24,6,0,3,0,2,0,1,1,0,1,1,0,0,0,14,9,0
/Users/pouriad/repos/Cling-application/projects/mockito/test/org/mockito/internal/matchers/apachecommons/EqualsBuilderTest.java,org.mockito.internal.matchers.apachecommons.EqualsBuilderTest$TestTSubObject2,innerclass,1,3,1,0,0,1.0,1.0,3,0,3,0,0,0,3,0,0,0,1,0,0,1,0,0,0,0,0,12,1,0,0,0,0,0,0,1,0,1,0,0,0,0,9,8,0
/Users/pouriad/repos/Cling-application/projects/mockito/test/org/mockito/internal/matchers/apachecommons/EqualsBuilderTest.java,org.mockito.internal.matchers.apachecommons.EqualsBuilderTest,class,21,70,3,35,1128,0.0,0.0,48,0,46,2,0,0,46,0,0,0,0,0,0,0,0,0,0,0,63,812,0,20,4,0,35,14,482,282,38,138,2,0,10,0,133,1,0
/Users/pouriad/repos/Cling-application/projects/mockito/test/org/mockito/internal/matchers/apachecommons/EqualsBuilderTest.java,org.mockito.internal.matchers.apachecommons.EqualsBuilderTest$TestObject,innerclass,1,10,1,2,3,0.4,0.4,6,0,6,0,0,0,6,0,0,0,1,0,0,1,0,0,0,0,0,30,6,0,4,0,1,0,0,3,0,2,1,0,0,0,15,8,0
/Users/pouriad/repos/Cling-application/projects/mockito/test/org/mockito/internal/matchers/apachecommons/EqualsBuilderTest.java,org.mockito.internal.matchers.apachecommons.EqualsBuilderTest$TestTTSubObject,innerclass,1,1,1,0,0,NaN,NaN,1,0,1,0,0,0,1,0,0,0,1,0,0,1,0,0,0,0,0,7,0,0,0,0,0,1,0,1,0,1,0,0,0,0,5,8,0
/Users/pouriad/repos/Cling-application/projects/mockito/test/org/mockito/internal/matchers/apachecommons/EqualsBuilderTest.java,org.mockito.internal.matchers.apachecommons.EqualsBuilderTest$TestObjectWithMultipleFields,innerclass,1,1,1,0,0,NaN,NaN,1,0,1,0,0,0,1,0,0,0,3,0,0,3,0,0,0,0,0,10,0,0,0,0,0,1,0,3,0,3,0,0,0,0,8,8,0
/Users/pouriad/repos/Cling-application/projects/mockito/test/org/mockito/internal/matchers/apachecommons/EqualsBuilderTest.java,org.mockito.internal.matchers.apachecommons.EqualsBuilderTest$TestTTLeafObject,innerclass,1,1,1,0,0,NaN,NaN,1,0,1,0,0,0,1,0,0,0,1,0,0,1,0,0,0,0,0,7,0,0,0,0,0,1,0,1,0,1,0,0,0,0,7,8,0
/Users/pouriad/repos/Cling-application/projects/mockito/test/org/mockito/internal/matchers/apachecommons/EqualsBuilderTest.java,org.mockito.internal.matchers.apachecommons.EqualsBuilderTest$TestTSubObject,innerclass,1,1,1,0,0,NaN,NaN,1,0,1,0,0,0,1,0,0,0,1,0,0,1,0,0,0,0,0,7,0,0,0,0,0,1,0,1,0,1,0,0,0,0,6,8,0
/Users/pouriad/repos/Cling-application/projects/mockito/test/org/mockito/internal/matchers/ComparableMatchersTest.java,org.mockito.internal.matchers.ComparableMatchersTest,class,9,6,3,6,15,0.0,0.0,6,0,5,1,0,0,5,0,0,0,0,0,0,0,0,0,0,0,1,25,0,0,0,0,0,16,0,1,1,1,0,0,0,0,22,1,0
/Users/pouriad/repos/Cling-application/projects/mockito/test/org/mockito/internal/InvalidStateDetectionTest.java,org.mockito.internal.InvalidStateDetectionTest$OnVerify,innerclass,3,1,1,1,0,NaN,NaN,1,0,1,0,0,0,1,0,0,0,0,0,0,0,0,0,0,0,1,5,0,0,0,0,0,0,0,0,0,0,0,0,0,0,10,10,0
/Users/pouriad/repos/Cling-application/projects/mockito/test/org/mockito/internal/InvalidStateDetectionTest.java,org.mockito.internal.InvalidStateDetectionTest$OnVerifyInOrder,innerclass,4,1,1,2,0,NaN,NaN,1,0,1,0,0,0,1,0,0,0,0,0,0,0,0,0,0,0,1,5,0,0,0,0,0,0,0,0,0,0,0,0,0,0,12,10,0
/Users/pouriad/repos/Cling-application/projects/mockito/test/org/mockito/internal/InvalidStateDetectionTest.java,org.mockito.internal.InvalidStateDetectionTest$OnVerifyNoMoreInteractions,innerclass,3,1,1,1,0,NaN,NaN,1,0,1,0,0,0,1,0,0,0,0,0,0,0,0,0,0,0,1,5,0,0,0,0,0,0,0,0,0,0,0,0,0,0,13,10,0
/Users/pouriad/repos/Cling-application/projects/mockito/test/org/mockito/internal/InvalidStateDetectionTest.java,org.mockito.internal.InvalidStateDetectionTest$OnMethodCallOnMock,innerclass,2,1,1,1,0,NaN,NaN,1,0,1,0,0,0,1,0,0,0,0,0,0,0,0,0,0,0,0,5,0,0,0,0,0,0,0,0,0,0,0,0,0,0,11,10,0
/Users/pouriad/repos/Cling-application/projects/mockito/test/org/mockito/internal/InvalidStateDetectionTest.java,org.mockito.internal.InvalidStateDetectionTest$OnVerifyZeroInteractions,innerclass,3,1,1,1,0,NaN,NaN,1,0,1,0,0,0,1,0,0,0,0,0,0,0,0,0,0,0,1,5,0,0,0,0,0,0,0,0,0,0,0,0,0,0,12,10,0
/Users/pouriad/repos/Cling-application/projects/mockito/test/org/mockito/internal/InvalidStateDetectionTest.java,org.mockito.internal.InvalidStateDetectionTest$OnDoAnswer,innerclass,3,1,1,1,0,NaN,NaN,1,0,1,0,0,0,1,0,0,0,0,0,0,0,0,0,0,0,1,5,0,0,0,0,0,0,0,0,0,0,0,0,0,0,12,10,0
/Users/pouriad/repos/Cling-application/projects/mockito/test/org/mockito/internal/InvalidStateDetectionTest.java,org.mockito.internal.InvalidStateDetectionTest$OnStubVoid,innerclass,3,1,1,1,0,NaN,NaN,1,0,1,0,0,0,1,0,0,0,0,0,0,0,0,0,0,0,1,5,0,0,0,0,0,0,0,0,0,0,0,0,0,0,11,10,0
/Users/pouriad/repos/Cling-application/projects/mockito/test/org/mockito/internal/InvalidStateDetectionTest.java,org.mockito.internal.InvalidStateDetectionTest$OnMockCreation,innerclass,3,1,1,1,0,NaN,NaN,1,0,1,0,0,0,1,0,0,0,0,0,0,0,0,0,0,0,1,5,0,0,0,0,0,0,0,0,0,0,0,0,0,0,10,10,0
/Users/pouriad/repos/Cling-application/projects/mockito/test/org/mockito/internal/InvalidStateDetectionTest.java,org.mockito.internal.InvalidStateDetectionTest$OnStub,innerclass,3,1,1,1,0,NaN,NaN,1,0,1,0,0,0,1,0,0,0,0,0,0,0,0,0,0,0,1,5,0,0,0,0,0,0,0,0,0,0,0,0,0,0,10,10,0
/Users/pouriad/repos/Cling-application/projects/mockito/test/org/mockito/internal/InvalidStateDetectionTest.java,org.mockito.internal.InvalidStateDetectionTest$DetectsInvalidState,interface,1,1,1,0,0,NaN,NaN,1,0,0,0,0,1,1,0,0,0,0,0,0,0,0,0,0,0,0,3,0,0,0,0,0,0,0,0,0,0,0,0,0,0,7,10,0
/Users/pouriad/repos/Cling-application/projects/mockito/test/org/mockito/internal/InvalidStateDetectionTest.java,org.mockito.internal.InvalidStateDetectionTest$OnSpyCreation,innerclass,3,1,1,1,0,NaN,NaN,1,0,1,0,0,0,1,0,0,0,0,0,0,0,0,0,0,0,1,5,0,0,0,0,0,0,0,0,0,0,0,0,0,0,12,10,0
/Users/pouriad/repos/Cling-application/projects/mockito/test/org/mockito/internal/InvalidStateDetectionTest.java,org.mockito.internal.InvalidStateDetectionTest,class,22,13,3,16,6,0.35714287,0.35714287,9,0,8,1,0,0,8,0,0,0,1,0,0,1,0,0,0,0,43,180,0,0,0,4,0,3,0,0,0,1,1,0,11,0,76,1,0
/Users/pouriad/repos/Cling-application/projects/mockito/test/org/mockito/MockitoTest.java,org.mockito.MockitoTest,class,7,8,3,16,28,0.0,0.0,8,0,8,0,0,0,8,0,0,0,0,0,0,0,0,0,0,0,10,29,0,0,0,0,0,9,1,2,0,2,0,0,0,0,45,1,0
/Users/pouriad/repos/Cling-application/projects/mockito/test/org/mockito/exceptions/ReporterTest.java,org.mockito.exceptions.ReporterTest,class,6,1,3,2,0,NaN,NaN,1,0,1,0,0,0,1,0,0,0,0,0,0,0,0,0,0,0,0,5,0,0,0,0,0,0,2,0,0,0,0,0,0,0,16,1,0
/Users/pouriad/repos/Cling-application/projects/mockito/test/org/mockito/exceptions/PluralizerTest.java,org.mockito.exceptions.PluralizerTest,class,3,1,3,2,0,NaN,NaN,1,0,1,0,0,0,1,0,0,0,0,0,0,0,0,0,0,0,4,9,0,0,0,0,0,4,4,0,0,0,0,0,0,0,9,1,0
/Users/pouriad/repos/Cling-application/projects/mockito/test/org/mockito/exceptions/base/StackTraceBuilder.java,org.mockito.exceptions.base.StackTraceBuilder,class,1,4,1,2,1,0.33333334,0.33333334,3,0,3,0,0,0,3,0,0,0,1,0,0,1,0,0,0,0,1,17,3,1,0,0,0,2,2,4,0,3,1,0,0,0,9,1,0
/Users/pouriad/repos/Cling-application/projects/mockito/test/org/mockito/exceptions/base/TraceBuilder.java,org.mockito.exceptions.base.TraceBuilder,class,1,9,1,6,6,0.0,0.0,5,0,4,1,0,0,4,0,0,0,2,0,0,2,0,0,0,0,1,32,5,2,2,0,0,4,5,6,1,4,1,0,0,0,17,1,0
/Users/pouriad/repos/Cling-application/projects/mockito/test/org/mockito/exceptions/base/MockitoAssertionErrorTest.java,org.mockito.exceptions.base.MockitoAssertionErrorTest,class,4,3,3,5,1,NaN,NaN,2,0,1,1,0,0,1,0,0,0,0,0,0,0,0,0,0,0,0,14,0,0,0,1,0,2,1,0,0,0,1,0,0,0,16,1,0
/Users/pouriad/repos/Cling-application/projects/mockito/test/org/mockito/exceptions/base/MockitoExceptionTest.java,org.mockito.exceptions.base.MockitoExceptionTest,class,4,3,3,5,1,NaN,NaN,2,0,1,1,0,0,1,0,0,0,0,0,0,0,0,0,0,0,0,14,0,0,0,1,0,2,1,0,0,0,1,0,0,0,15,1,0
/Users/pouriad/repos/Cling-application/projects/mockito/test/org/mockito/verification/TimeoutTest.java,org.mockito.verification.TimeoutTest,class,15,8,3,22,0,1.0,1.0,6,0,5,1,0,0,5,0,0,0,3,0,0,0,0,3,0,0,6,52,0,0,0,2,3,2,26,6,0,8,1,0,0,0,44,1,0
/Users/pouriad/repos/Cling-application/projects/mockito/test/org/mockito/runners/RunnersValidateFrameworkUsageTest.java,org.mockito.runners.RunnersValidateFrameworkUsageTest$DummyTest,innerclass,2,1,3,0,0,NaN,NaN,1,0,1,0,0,0,1,0,0,0,0,0,0,0,0,0,0,0,0,4,0,0,0,0,0,0,0,0,0,0,0,0,0,0,5,9,0
/Users/pouriad/repos/Cling-application/projects/mockito/test/org/mockito/runners/RunnersValidateFrameworkUsageTest.java,org.mockito.runners.RunnersValidateFrameworkUsageTest$RunNotifierStub,innerclass,2,1,2,1,0,NaN,NaN,1,0,1,0,0,0,1,0,0,0,1,0,0,1,0,0,0,0,0,6,0,0,0,0,0,0,0,1,0,1,0,0,0,0,8,1,0
/Users/pouriad/repos/Cling-application/projects/mockito/test/org/mockito/runners/RunnersValidateFrameworkUsageTest.java,org.mockito.runners.RunnersValidateFrameworkUsageTest,class,11,3,6,6,0,1.0,1.0,3,0,3,0,0,0,3,0,0,0,2,0,0,2,0,0,0,0,6,30,0,0,0,0,0,2,1,4,0,2,0,0,2,0,28,1,0
/Users/pouriad/repos/Cling-application/projects/mockito/test/org/mockito/runners/ConsoleSpammingMockitoJUnitRunnerTest.java,org.mockito.runners.ConsoleSpammingMockitoJUnitRunnerTest$Anonymous1,anonymous,1,1,1,0,0,NaN,NaN,1,0,1,0,0,0,1,0,0,0,0,0,0,0,0,0,0,0,0,5,1,0,0,0,0,0,0,0,0,0,0,0,0,0,3,-1,0
/Users/pouriad/repos/Cling-application/projects/mockito/test/org/mockito/runners/ConsoleSpammingMockitoJUnitRunnerTest.java,org.mockito.runners.ConsoleSpammingMockitoJUnitRunnerTest,class,10,2,4,4,0,1.0,1.0,2,0,2,0,0,0,2,0,0,0,3,0,0,3,0,0,0,0,0,39,0,0,0,0,0,0,0,5,0,5,0,1,2,0,29,1,0
/Users/pouriad/repos/Cling-application/projects/mockito/test/org/mockito/runners/ConsoleSpammingMockitoJUnitRunnerTest.java,org.mockito.runners.ConsoleSpammingMockitoJUnitRunnerTest$RunnerImplStub,innerclass,4,3,1,0,3,0.0,0.0,3,0,3,0,0,0,3,0,0,0,0,0,0,0,0,0,0,0,0,9,1,0,0,0,0,0,0,0,0,0,0,0,0,0,16,8,0
/Users/pouriad/repos/Cling-application/projects/mockito/test/org/mockito/runners/ConsoleSpammingMockitoJUnitRunnerTest.java,org.mockito.runners.ConsoleSpammingMockitoJUnitRunnerTest$MockitoLoggerStub,innerclass,1,2,2,3,0,1.0,1.0,2,0,2,0,0,0,2,0,0,0,1,0,0,0,0,1,0,0,0,10,1,0,0,0,0,0,0,1,0,1,0,0,0,0,13,1,0
/Users/pouriad/repos/Cling-application/projects/mockito/test/org/mockito/StateMaster.java,org.mockito.StateMaster,class,1,2,1,2,0,1.0,1.0,2,0,2,0,0,0,2,0,0,0,1,0,0,1,0,0,1,0,0,9,0,0,0,0,0,0,0,1,0,1,0,0,0,0,9,1,0
/Users/pouriad/repos/Cling-application/projects/mockito/test/org/mockito/ArgumentCaptorTest.java,org.mockito.ArgumentCaptorTest$Anonymous1,anonymous,1,1,1,0,0,NaN,NaN,1,0,1,0,0,0,1,0,0,0,0,0,0,0,0,0,0,0,0,5,1,0,0,0,0,0,0,0,0,0,0,0,0,0,5,-1,0
/Users/pouriad/repos/Cling-application/projects/mockito/test/org/mockito/ArgumentCaptorTest.java,org.mockito.ArgumentCaptorTest,class,5,2,3,4,1,0.0,0.0,2,0,2,0,0,0,2,0,0,0,0,0,0,0,0,0,0,0,1,17,0,0,0,0,0,1,0,4,0,3,0,1,0,0,27,1,0
/Users/pouriad/repos/Cling-application/projects/mockito/test/org/concurrentmockito/ThreadsShareGenerouslyStubbedMockTest.java,org.concurrentmockito.ThreadsShareGenerouslyStubbedMockTest$Anonymous1,anonymous,1,2,1,1,0,NaN,NaN,1,0,1,0,0,0,1,0,0,0,0,0,0,0,0,0,0,0,0,15,0,0,0,1,0,6,0,0,0,0,1,0,0,0,4,-1,0
/Users/pouriad/repos/Cling-application/projects/mockito/test/org/concurrentmockito/ThreadsShareGenerouslyStubbedMockTest.java,org.concurrentmockito.ThreadsShareGenerouslyStubbedMockTest,class,6,5,3,7,1,NaN,NaN,2,0,1,1,0,0,1,0,0,0,1,0,0,1,0,0,0,0,2,35,0,3,0,0,0,7,5,6,0,5,1,1,0,0,21,1,0
/Users/pouriad/repos/Cling-application/projects/mockito/test/org/concurrentmockito/ThreadVerifiesContinuoslyInteractingMockTest.java,org.concurrentmockito.ThreadVerifiesContinuoslyInteractingMockTest,class,6,5,3,6,1,NaN,NaN,2,0,1,1,0,0,1,0,0,0,1,0,0,1,0,0,0,0,2,32,0,3,0,0,0,0,5,6,0,6,1,1,0,0,22,1,0
/Users/pouriad/repos/Cling-application/projects/mockito/test/org/concurrentmockito/ThreadVerifiesContinuoslyInteractingMockTest.java,org.concurrentmockito.ThreadVerifiesContinuoslyInteractingMockTest$Anonymous1,anonymous,1,2,1,2,0,NaN,NaN,1,0,1,0,0,0,1,0,0,0,0,0,0,0,0,0,0,0,1,11,0,0,0,1,0,0,1,0,1,0,1,0,0,0,6,-1,0
/Users/pouriad/repos/Cling-application/projects/mockito/test/org/concurrentmockito/ThreadsRunAllTestsHalfManualTest.java,org.concurrentmockito.ThreadsRunAllTestsHalfManualTest,class,4,7,4,7,3,0.0,0.0,3,2,3,0,0,0,3,0,0,0,0,0,0,0,0,0,0,0,3,45,1,3,0,0,1,3,3,8,3,7,1,0,1,0,31,1,0
/Users/pouriad/repos/Cling-application/projects/mockito/test/org/concurrentmockito/ThreadsRunAllTestsHalfManualTest.java,org.concurrentmockito.ThreadsRunAllTestsHalfManualTest$AllTestsRunner,innerclass,58,4,2,9,0,1.0,1.0,2,0,2,0,0,0,2,0,0,0,1,0,0,1,0,0,0,0,1,18,1,1,0,0,0,2,0,3,1,3,2,0,0,0,15,10,0
/Users/pouriad/repos/Cling-application/projects/mockito/test/org/concurrentmockito/VerificationInOrderFromMultipleThreadsTest.java,org.concurrentmockito.VerificationInOrderFromMultipleThreadsTest$Foo,interface,0,2,1,0,1,0.0,0.0,2,0,0,0,0,2,2,0,0,0,0,0,0,0,0,0,0,0,0,4,0,0,0,0,0,0,0,0,0,0,0,0,0,0,4,1,0
/Users/pouriad/repos/Cling-application/projects/mockito/test/org/concurrentmockito/VerificationInOrderFromMultipleThreadsTest.java,org.concurrentmockito.VerificationInOrderFromMultipleThreadsTest,class,5,1,3,7,0,NaN,NaN,1,0,1,0,0,0,1,0,0,0,0,0,0,0,0,0,0,0,2,28,0,0,0,0,0,0,0,4,0,4,0,2,1,0,25,1,0
/Users/pouriad/repos/Cling-application/projects/mockito/test/org/concurrentmockito/VerificationInOrderFromMultipleThreadsTest.java,org.concurrentmockito.VerificationInOrderFromMultipleThreadsTest$Anonymous1,anonymous,1,1,1,1,0,NaN,NaN,1,0,1,0,0,0,1,0,0,0,0,0,0,0,0,0,0,0,0,5,0,0,0,0,0,0,0,0,0,0,0,0,0,0,1,-1,0
/Users/pouriad/repos/Cling-application/projects/mockito/test/org/concurrentmockito/VerificationInOrderFromMultipleThreadsTest.java,org.concurrentmockito.VerificationInOrderFromMultipleThreadsTest$Anonymous2,anonymous,1,1,1,1,0,NaN,NaN,1,0,1,0,0,0,1,0,0,0,0,0,0,0,0,0,0,0,0,5,0,0,0,0,0,0,0,0,0,0,0,0,0,0,1,-1,0
/Users/pouriad/repos/Cling-application/projects/mockito/test/org/concurrentmockito/ThreadsStubSharedMockTest.java,org.concurrentmockito.ThreadsStubSharedMockTest,class,6,5,3,4,1,NaN,NaN,2,0,1,1,0,0,1,0,0,0,1,0,0,1,0,0,0,0,1,25,0,3,0,0,0,1,5,6,0,5,1,1,0,0,23,1,0
/Users/pouriad/repos/Cling-application/projects/mockito/test/org/concurrentmockito/ThreadsStubSharedMockTest.java,org.concurrentmockito.ThreadsStubSharedMockTest$Anonymous1,anonymous,4,1,1,9,0,NaN,NaN,1,0,1,0,0,0,1,0,0,0,0,0,0,0,0,0,0,0,2,6,0,0,0,0,0,5,0,0,2,0,0,0,0,0,9,-1,0
/Users/pouriad/repos/Cling-application/projects/mockito/test/org/concurrentmockito/ThreadsShareAMockTest.java,org.concurrentmockito.ThreadsShareAMockTest$Anonymous1,anonymous,1,1,1,1,0,NaN,NaN,1,0,1,0,0,0,1,0,0,0,0,0,0,0,0,0,0,0,0,5,0,0,0,0,0,1,0,0,0,0,0,0,0,0,1,-1,0
/Users/pouriad/repos/Cling-application/projects/mockito/test/org/concurrentmockito/ThreadsShareAMockTest.java,org.concurrentmockito.ThreadsShareAMockTest,class,5,5,3,7,1,NaN,NaN,2,0,1,1,0,0,1,0,0,0,1,0,0,1,0,0,0,0,3,25,0,3,0,0,0,1,5,6,0,5,1,1,0,0,20,1,0
/Users/pouriad/repos/Cling-application/projects/mockito/test/org/mockitousage/configuration/CustomizedAnnotationForSmartMockTest.java,org.mockitousage.configuration.CustomizedAnnotationForSmartMockTest,class,5,1,3,3,0,NaN,NaN,1,0,1,0,0,0,1,0,0,0,1,0,0,0,0,1,0,0,1,7,0,0,0,0,0,2,2,0,0,1,0,0,0,0,18,1,0
/Users/pouriad/repos/Cling-application/projects/mockito/test/org/mockitousage/customization/BDDMockitoTest.java,org.mockitousage.customization.BDDMockitoTest$Anonymous1,anonymous,1,1,1,1,0,NaN,NaN,1,0,1,0,0,0,1,0,0,0,0,0,0,0,0,0,0,0,0,5,1,0,0,0,0,0,1,0,0,0,0,0,0,0,6,-1,0
/Users/pouriad/repos/Cling-application/projects/mockito/test/org/mockitousage/customization/BDDMockitoTest.java,org.mockitousage.customization.BDDMockitoTest$Anonymous2,anonymous,1,1,1,1,0,NaN,NaN,1,0,1,0,0,0,1,0,0,0,0,0,0,0,0,0,0,0,0,5,1,0,0,0,0,0,1,0,0,0,0,0,0,0,6,-1,0
/Users/pouriad/repos/Cling-application/projects/mockito/test/org/mockitousage/customization/BDDMockitoTest.java,org.mockitousage.customization.BDDMockitoTest$Dog,innerclass,0,1,1,0,0,NaN,NaN,1,0,1,0,0,0,1,0,0,0,0,0,0,0,0,0,0,0,0,5,1,0,0,0,0,1,0,0,0,0,0,0,0,0,2,0,0
/Users/pouriad/repos/Cling-application/projects/mockito/test/org/mockitousage/customization/BDDMockitoTest.java,org.mockitousage.customization.BDDMockitoTest,class,11,13,3,20,0,1.0,1.0,10,0,10,0,0,0,10,0,0,0,1,0,0,0,0,1,0,0,15,79,0,0,0,3,0,25,0,2,0,3,1,2,1,0,42,1,0
/Users/pouriad/repos/Cling-application/projects/mockito/test/org/mockitousage/spies/SpyingOnInterfacesTest.java,org.mockitousage.spies.SpyingOnInterfacesTest$Anonymous1,anonymous,1,1,1,1,0,NaN,NaN,1,0,1,0,0,0,1,0,0,0,0,0,0,0,0,0,0,0,0,5,1,0,0,0,0,0,0,0,0,0,0,0,0,0,7,-1,0
/Users/pouriad/repos/Cling-application/projects/mockito/test/org/mockitousage/spies/SpyingOnInterfacesTest.java,org.mockitousage.spies.SpyingOnInterfacesTest,class,5,4,3,6,1,0.0,0.0,2,0,2,0,0,0,2,0,0,0,0,0,0,0,0,0,0,0,4,26,0,0,0,2,0,1,3,2,0,2,1,1,0,0,24,1,0
/Users/pouriad/repos/Cling-application/projects/mockito/test/org/mockitousage/spies/PartialMockingWithSpiesTest.java,org.mockitousage.spies.PartialMockingWithSpiesTest$InheritMe,innerclass,0,1,1,0,0,NaN,NaN,1,0,0,0,1,0,1,0,0,0,1,0,0,1,0,0,0,0,0,6,1,0,0,0,0,1,0,1,0,1,0,0,0,0,5,0,0
/Users/pouriad/repos/Cling-application/projects/mockito/test/org/mockitousage/spies/PartialMockingWithSpiesTest.java,org.mockitousage.spies.PartialMockingWithSpiesTest$Name,innerclass,0,1,1,0,0,NaN,NaN,1,0,1,0,0,0,1,0,0,0,1,0,0,1,0,0,1,0,0,6,0,0,0,0,0,0,0,1,0,1,0,0,0,0,2,0,0
/Users/pouriad/repos/Cling-application/projects/mockito/test/org/mockitousage/spies/PartialMockingWithSpiesTest.java,org.mockitousage.spies.PartialMockingWithSpiesTest,class,10,11,4,18,0,0.7777778,0.7777778,9,0,9,0,0,0,9,0,0,0,1,0,0,0,0,1,0,0,8,79,0,0,0,2,0,12,0,3,0,3,1,0,3,0,58,1,0
/Users/pouriad/repos/Cling-application/projects/mockito/test/org/mockitousage/spies/PartialMockingWithSpiesTest.java,org.mockitousage.spies.PartialMockingWithSpiesTest$Person,innerclass,3,5,2,3,10,0.0,0.0,5,0,3,1,0,1,4,0,0,0,1,0,0,1,0,0,1,0,0,19,4,0,0,0,0,2,0,1,0,1,0,0,0,0,22,0,0
/Users/pouriad/repos/Cling-application/projects/mockito/test/org/mockitousage/spies/StubbingSpiesDoesNotYieldNPETest.java,org.mockitousage.spies.StubbingSpiesDoesNotYieldNPETest,class,5,1,3,9,0,NaN,NaN,1,0,1,0,0,0,1,0,0,0,0,0,0,0,0,0,0,0,6,22,0,0,0,0,0,1,0,2,0,2,0,0,1,0,22,1,0
/Users/pouriad/repos/Cling-application/projects/mockito/test/org/mockitousage/spies/StubbingSpiesDoesNotYieldNPETest.java,org.mockitousage.spies.StubbingSpiesDoesNotYieldNPETest$Foo,innerclass,0,3,1,3,3,0.0,0.0,3,0,3,0,0,0,3,0,0,0,0,0,0,0,0,0,0,0,0,11,3,0,0,0,0,0,0,0,0,0,0,0,0,0,8,0,0
/Users/pouriad/repos/Cling-application/projects/mockito/test/org/mockitousage/spies/SpyingOnRealObjectsTest.java,org.mockitousage.spies.SpyingOnRealObjectsTest,class,9,19,3,37,0,0.85714287,0.85714287,14,0,14,0,0,0,14,0,0,0,2,0,0,0,0,2,0,0,27,121,0,0,0,5,0,45,14,6,0,6,1,1,1,0,83,1,0
/Users/pouriad/repos/Cling-application/projects/mockito/test/org/mockitousage/spies/SpyingOnRealObjectsTest.java,org.mockitousage.spies.SpyingOnRealObjectsTest$Anonymous1,anonymous,0,1,1,0,0,NaN,NaN,1,0,1,0,0,0,1,0,0,0,0,0,0,0,0,0,0,0,0,5,1,0,0,0,0,1,0,0,0,0,0,0,0,0,1,-1,0
/Users/pouriad/repos/Cling-application/projects/mockito/test/org/mockitousage/spies/SpyingOnRealObjectsTest.java,org.mockitousage.spies.SpyingOnRealObjectsTest$Foo,interface,0,1,1,0,0,NaN,NaN,1,0,0,0,0,1,1,0,0,0,0,0,0,0,0,0,0,0,0,3,0,0,0,0,0,0,0,0,0,0,0,0,0,0,2,0,0
/Users/pouriad/repos/Cling-application/projects/mockito/test/org/mockitousage/misuse/CleaningUpPotentialStubbingTest.java,org.mockitousage.misuse.CleaningUpPotentialStubbingTest,class,9,5,3,10,0,1.0,1.0,4,0,3,1,0,0,3,0,0,0,1,0,0,1,0,0,0,0,4,27,0,0,0,1,0,1,0,1,0,2,1,0,0,0,32,1,0
/Users/pouriad/repos/Cling-application/projects/mockito/test/org/mockitousage/misuse/InvalidUsageTest.java,org.mockitousage.misuse.InvalidUsageTest$FinalClass,innerclass,0,0,1,0,0,-1.0,-1.0,0,0,0,0,0,0,0,0,0,0,0,0,0,0,0,0,0,0,0,2,0,0,0,0,0,0,0,0,0,0,0,0,0,0,2,16,0
/Users/pouriad/repos/Cling-application/projects/mockito/test/org/mockitousage/misuse/InvalidUsageTest.java,org.mockitousage.misuse.InvalidUsageTest,class,12,14,3,19,1,0.4945055,0.4945055,14,0,14,0,0,0,14,0,0,0,2,0,0,2,0,0,0,0,16,63,0,0,0,0,0,4,0,3,0,5,0,0,2,0,64,1,0
/Users/pouriad/repos/Cling-application/projects/mockito/test/org/mockitousage/misuse/InvalidUsageTest.java,org.mockitousage.misuse.InvalidUsageTest$ObjectLikeInterface,interface,0,3,1,0,3,0.0,0.0,3,0,0,0,0,3,3,0,0,0,0,0,0,0,0,0,0,0,0,5,0,0,0,0,0,0,0,0,0,0,0,0,0,0,9,0,0
/Users/pouriad/repos/Cling-application/projects/mockito/test/org/mockitousage/misuse/RestrictedObjectMethodsTest.java,org.mockitousage.misuse.RestrictedObjectMethodsTest,class,6,6,3,10,0,0.6,0.6,5,0,5,0,0,0,5,0,0,0,1,0,0,0,0,1,0,0,5,25,0,0,0,1,0,2,0,1,0,2,1,0,0,0,30,1,0
/Users/pouriad/repos/Cling-application/projects/mockito/test/org/mockitousage/misuse/DetectingMisusedMatchersTest.java,org.mockitousage.misuse.DetectingMisusedMatchersTest$WithFinal,innerclass,0,1,1,0,0,NaN,NaN,1,0,0,0,0,1,1,0,1,0,0,0,0,0,0,0,0,0,0,5,1,0,0,0,0,0,0,0,0,0,0,0,0,0,7,0,0
/Users/pouriad/repos/Cling-application/projects/mockito/test/org/mockitousage/misuse/DetectingMisusedMatchersTest.java,org.mockitousage.misuse.DetectingMisusedMatchersTest,class,9,6,3,9,6,0.0,0.0,4,0,3,1,0,0,3,0,0,0,1,0,0,1,0,0,0,0,6,33,0,0,0,2,0,1,0,0,0,1,1,0,1,0,36,1,0
/Users/pouriad/repos/Cling-application/projects/mockito/test/org/mockitousage/misuse/DetectingFinalMethodsTest.java,org.mockitousage.misuse.DetectingFinalMethodsTest,class,6,4,3,6,0,1.0,1.0,2,0,2,0,0,0,2,0,0,0,1,0,0,1,0,0,0,0,5,27,0,0,0,2,0,0,0,2,0,1,1,0,1,0,22,1,0
/Users/pouriad/repos/Cling-application/projects/mockito/test/org/mockitousage/misuse/DetectingFinalMethodsTest.java,org.mockitousage.misuse.DetectingFinalMethodsTest$WithFinal,innerclass,0,1,1,0,0,NaN,NaN,1,0,0,0,0,1,1,0,1,0,0,0,0,0,0,0,0,0,0,5,1,0,0,0,0,0,1,0,0,0,0,0,0,0,3,0,0
/Users/pouriad/repos/Cling-application/projects/mockito/test/org/mockitousage/misuse/ExplicitFrameworkValidationTest.java,org.mockitousage.misuse.ExplicitFrameworkValidationTest,class,6,6,3,6,1,0.33333334,0.33333334,3,0,3,0,0,0,3,0,0,0,1,0,0,0,0,1,0,0,6,30,0,0,0,3,0,0,0,0,0,1,1,0,0,0,29,1,0
/Users/pouriad/repos/Cling-application/projects/mockito/test/org/mockitousage/misuse/DescriptiveMessagesOnMisuseTest.java,org.mockitousage.misuse.DescriptiveMessagesOnMisuseTest$Foo,innerclass,0,1,1,0,0,NaN,NaN,1,0,1,0,0,0,1,0,1,0,0,0,0,0,0,0,0,0,0,5,1,0,0,0,0,0,0,0,0,0,0,0,0,0,4,0,0
/Users/pouriad/repos/Cling-application/projects/mockito/test/org/mockitousage/misuse/DescriptiveMessagesOnMisuseTest.java,org.mockitousage.misuse.DescriptiveMessagesOnMisuseTest,class,9,8,3,7,16,0.21428572,0.21428572,8,0,8,0,0,0,8,0,0,0,1,0,0,1,0,0,0,0,8,32,0,0,0,0,0,4,0,1,0,2,0,0,1,0,37,1,0
/Users/pouriad/repos/Cling-application/projects/mockito/test/org/mockitousage/basicapi/ReplacingObjectMethodsTest.java,org.mockitousage.basicapi.ReplacingObjectMethodsTest$ObjectMethodsOverridden,innerclass,0,3,1,0,3,0.0,0.0,3,0,3,0,0,0,3,0,0,0,0,0,0,0,0,0,0,0,0,11,0,0,0,0,0,3,0,0,0,0,0,0,0,0,17,9,0
/Users/pouriad/repos/Cling-application/projects/mockito/test/org/mockitousage/basicapi/ReplacingObjectMethodsTest.java,org.mockitousage.basicapi.ReplacingObjectMethodsTest$DummyClass,innerclass,0,0,1,0,0,-1.0,-1.0,0,0,0,0,0,0,0,0,0,0,0,0,0,0,0,0,0,0,0,2,0,0,0,0,0,0,0,0,0,0,0,0,0,0,2,2,0
/Users/pouriad/repos/Cling-application/projects/mockito/test/org/mockitousage/basicapi/ReplacingObjectMethodsTest.java,org.mockitousage.basicapi.ReplacingObjectMethodsTest,class,7,3,4,11,3,0.0,0.0,3,0,3,0,0,0,3,0,0,0,0,0,0,0,0,0,0,0,14,41,0,0,0,0,0,4,0,6,2,6,0,0,4,0,27,1,0
/Users/pouriad/repos/Cling-application/projects/mockito/test/org/mockitousage/basicapi/ReplacingObjectMethodsTest.java,org.mockitousage.basicapi.ReplacingObjectMethodsTest$DummyInterface,interface,0,0,1,0,0,-1.0,-1.0,0,0,0,0,0,0,0,0,0,0,0,0,0,0,0,0,0,0,0,2,0,0,0,0,0,0,0,0,0,0,0,0,0,0,2,2,0
/Users/pouriad/repos/Cling-application/projects/mockito/test/org/mockitousage/basicapi/ReplacingObjectMethodsTest.java,org.mockitousage.basicapi.ReplacingObjectMethodsTest$ObjectMethodsOverriddenSubclass,innerclass,1,0,2,0,0,-1.0,-1.0,0,0,0,0,0,0,0,0,0,0,0,0,0,0,0,0,0,0,0,2,0,0,0,0,0,0,0,0,0,0,0,0,0,0,4,9,0
/Users/pouriad/repos/Cling-application/projects/mockito/test/org/mockitousage/basicapi/MockingMultipleInterfacesTest.java,org.mockitousage.basicapi.MockingMultipleInterfacesTest$Foo,innerclass,0,0,1,0,0,-1.0,-1.0,0,0,0,0,0,0,0,0,0,0,0,0,0,0,0,0,0,0,0,2,0,0,0,0,0,0,0,0,0,0,0,0,0,0,1,0,0
/Users/pouriad/repos/Cling-application/projects/mockito/test/org/mockitousage/basicapi/MockingMultipleInterfacesTest.java,org.mockitousage.basicapi.MockingMultipleInterfacesTest$IFoo,interface,0,0,1,0,0,-1.0,-1.0,0,0,0,0,0,0,0,0,0,0,0,0,0,0,0,0,0,0,0,2,0,0,0,0,0,0,0,0,0,0,0,0,0,0,2,0,0
/Users/pouriad/repos/Cling-application/projects/mockito/test/org/mockitousage/basicapi/MockingMultipleInterfacesTest.java,org.mockitousage.basicapi.MockingMultipleInterfacesTest,class,8,11,3,9,15,0.0,0.0,6,0,6,0,0,0,6,0,0,0,0,0,0,0,0,0,0,0,19,58,0,0,0,5,0,5,0,1,0,1,1,0,3,0,43,1,0
/Users/pouriad/repos/Cling-application/projects/mockito/test/org/mockitousage/basicapi/MockingMultipleInterfacesTest.java,org.mockitousage.basicapi.MockingMultipleInterfacesTest$IBar,interface,0,0,1,0,0,-1.0,-1.0,0,0,0,0,0,0,0,0,0,0,0,0,0,0,0,0,0,0,0,2,0,0,0,0,0,0,0,0,0,0,0,0,0,0,2,0,0
/Users/pouriad/repos/Cling-application/projects/mockito/test/org/mockitousage/basicapi/MocksSerializationTest.java,org.mockitousage.basicapi.MocksSerializationTest$Bar,innerclass,1,1,1,0,0,NaN,NaN,1,0,1,0,0,0,1,0,0,0,1,0,0,0,0,1,0,0,0,6,1,0,0,0,0,0,0,0,0,1,0,0,0,0,6,0,0
/Users/pouriad/repos/Cling-application/projects/mockito/test/org/mockitousage/basicapi/MocksSerializationTest.java,org.mockitousage.basicapi.MocksSerializationTest$Foo,innerclass,1,1,1,0,0,NaN,NaN,1,0,0,0,0,1,1,0,0,0,1,0,0,0,0,1,0,0,0,7,0,0,0,0,0,0,0,2,0,1,0,0,0,0,4,0,0
/Users/pouriad/repos/Cling-application/projects/mockito/test/org/mockitousage/basicapi/MocksSerializationTest.java,org.mockitousage.basicapi.MocksSerializationTest$AlreadySerializable,innerclass,0,0,1,0,0,-1.0,-1.0,0,0,0,0,0,0,0,0,0,0,0,0,0,0,0,0,0,0,0,2,0,0,0,0,0,0,0,0,0,0,0,0,0,0,2,0,0
/Users/pouriad/repos/Cling-application/projects/mockito/test/org/mockitousage/basicapi/MocksSerializationTest.java,org.mockitousage.basicapi.MocksSerializationTest,class,15,20,3,56,190,0.0,0.0,20,0,20,0,0,0,20,0,0,0,1,1,0,1,0,0,1,0,72,173,0,0,0,0,0,17,12,65,0,62,0,0,4,0,111,1,0
/Users/pouriad/repos/Cling-application/projects/mockito/test/org/mockitousage/basicapi/MocksSerializationTest.java,org.mockitousage.basicapi.MocksSerializationTest$CustomAnswersMustImplementSerializableForSerializationToWork,innerclass,2,1,1,2,0,NaN,NaN,1,0,1,0,0,0,1,0,0,0,1,0,0,1,0,0,0,0,0,8,1,0,0,0,0,0,0,0,0,1,0,0,0,0,17,0,0
/Users/pouriad/repos/Cling-application/projects/mockito/test/org/mockitousage/basicapi/UsingVarargsTest.java,org.mockitousage.basicapi.UsingVarargsTest$IVarArgs,interface,1,5,1,0,10,0.0,0.0,5,0,0,0,0,5,5,0,0,0,0,0,0,0,0,0,0,0,0,7,0,0,0,0,0,0,0,0,0,0,0,0,0,0,14,2,0
/Users/pouriad/repos/Cling-application/projects/mockito/test/org/mockitousage/basicapi/UsingVarargsTest.java,org.mockitousage.basicapi.UsingVarargsTest$Foo,innerclass,0,1,1,0,0,NaN,NaN,1,0,1,0,0,0,1,0,0,0,0,0,0,0,0,0,0,0,0,4,0,0,0,0,0,0,0,0,0,0,0,0,0,0,4,1,0
/Users/pouriad/repos/Cling-application/projects/mockito/test/org/mockitousage/basicapi/UsingVarargsTest.java,org.mockitousage.basicapi.UsingVarargsTest$MixedVarargs,interface,0,2,1,0,1,0.0,0.0,2,0,0,0,0,2,2,0,0,0,0,0,0,0,0,0,0,0,0,4,0,0,0,0,0,0,0,0,0,0,0,0,0,0,5,0,0
/Users/pouriad/repos/Cling-application/projects/mockito/test/org/mockitousage/basicapi/UsingVarargsTest.java,org.mockitousage.basicapi.UsingVarargsTest,class,10,14,3,27,0,1.0,1.0,10,0,10,0,0,0,10,0,0,0,1,0,0,0,0,1,0,0,32,120,0,0,0,4,0,71,43,7,0,8,1,0,3,0,55,1,0
/Users/pouriad/repos/Cling-application/projects/mockito/test/org/mockitousage/basicapi/ResetTest.java,org.mockitousage.basicapi.ResetTest,class,8,11,3,27,0,0.7777778,0.7777778,9,0,9,0,0,0,9,0,0,0,2,0,0,2,0,0,0,0,27,66,0,0,0,2,0,12,5,4,2,5,1,0,0,0,64,1,0
/Users/pouriad/repos/Cling-application/projects/mockito/test/org/mockitousage/basicapi/MocksCreationTest.java,org.mockitousage.basicapi.MocksCreationTest,class,6,8,3,17,15,0.0,0.0,6,0,6,0,0,0,6,0,0,0,0,0,0,0,0,0,0,0,15,43,0,0,0,2,0,7,0,9,0,9,1,0,1,0,59,1,0
/Users/pouriad/repos/Cling-application/projects/mockito/test/org/mockitousage/basicapi/MocksCreationTest.java,org.mockitousage.basicapi.MocksCreationTest$HasPrivateConstructor,innerclass,0,0,1,0,0,-1.0,-1.0,0,0,0,0,0,0,0,0,0,0,0,0,0,0,0,0,0,0,0,2,0,0,0,0,0,0,0,0,0,0,0,0,0,0,3,2,0
/Users/pouriad/repos/Cling-application/projects/mockito/test/org/mockitousage/basicapi/ObjectsSerializationTest.java,org.mockitousage.basicapi.ObjectsSerializationTest$Bar,innerclass,1,0,1,0,0,-1.0,-1.0,0,0,0,0,0,0,0,0,0,0,1,0,0,0,0,1,0,0,0,3,0,0,0,0,0,0,0,0,0,1,0,0,0,0,4,0,0
/Users/pouriad/repos/Cling-application/projects/mockito/test/org/mockitousage/basicapi/ObjectsSerializationTest.java,org.mockitousage.basicapi.ObjectsSerializationTest$Foo,innerclass,1,1,1,0,0,NaN,NaN,1,0,0,0,0,1,1,0,0,0,1,0,0,0,0,1,0,0,0,7,0,0,0,0,0,0,0,2,0,1,0,0,0,0,4,0,0
/Users/pouriad/repos/Cling-application/projects/mockito/test/org/mockitousage/basicapi/ObjectsSerializationTest.java,org.mockitousage.basicapi.ObjectsSerializationTest,class,3,1,3,2,0,NaN,NaN,1,0,1,0,0,0,1,0,0,0,0,0,0,0,0,0,0,0,0,17,0,0,0,0,0,1,0,2,0,1,0,0,2,0,15,1,0
/Users/pouriad/repos/Cling-application/projects/mockito/test/org/mockitousage/debugging/NewMockito.java,org.mockitousage.debugging.NewMockito,class,3,1,3,0,0,NaN,NaN,1,1,1,0,0,0,1,0,0,0,0,0,0,0,0,0,0,0,0,5,1,0,0,0,0,0,0,0,0,0,0,0,0,0,5,1,0
/Users/pouriad/repos/Cling-application/projects/mockito/test/org/mockitousage/debugging/Foo.java,org.mockitousage.debugging.Foo,interface,0,2,1,0,1,0.0,0.0,2,0,0,0,0,2,2,0,0,0,0,0,0,0,0,0,0,0,0,4,0,0,0,0,0,0,0,0,0,0,0,0,0,0,8,0,0
/Users/pouriad/repos/Cling-application/projects/mockito/test/org/mockitousage/debugging/PrintingInvocationsWhenEverythingOkTest.java,org.mockitousage.debugging.PrintingInvocationsWhenEverythingOkTest,class,11,5,3,11,0,1.0,1.0,5,0,2,3,0,0,2,0,0,0,2,0,0,0,0,2,0,0,9,28,0,0,0,0,0,10,0,2,0,4,0,0,0,0,30,1,0
/Users/pouriad/repos/Cling-application/projects/mockito/test/org/mockitousage/debugging/PrintingInvocationsDetectsUnusedStubTest.java,org.mockitousage.debugging.PrintingInvocationsDetectsUnusedStubTest,class,8,1,3,6,0,NaN,NaN,1,0,1,0,0,0,1,0,0,0,2,0,0,0,0,2,0,0,3,10,0,0,0,0,0,4,0,1,0,3,0,0,0,0,21,1,0
/Users/pouriad/repos/Cling-application/projects/mockito/test/org/mockitousage/debugging/PrintingInvocationsWhenStubNotUsedTest.java,org.mockitousage.debugging.PrintingInvocationsWhenStubNotUsedTest,class,11,5,3,12,0,1.0,1.0,5,0,2,3,0,0,2,0,0,0,2,0,0,0,0,2,0,0,11,28,0,0,0,0,0,10,0,4,0,4,0,0,0,0,31,1,0
/Users/pouriad/repos/Cling-application/projects/mockito/test/org/mockitousage/internal/invocation/realmethod/FilteredCGLIBProxyRealMethodTest.java,org.mockitousage.internal.invocation.realmethod.FilteredCGLIBProxyRealMethodTest$Foo,innerclass,0,1,1,0,0,NaN,NaN,1,0,1,0,0,0,1,0,0,0,0,0,0,0,0,0,0,0,0,5,0,0,0,0,0,0,0,0,0,0,0,0,0,0,5,0,0
/Users/pouriad/repos/Cling-application/projects/mockito/test/org/mockitousage/internal/invocation/realmethod/FilteredCGLIBProxyRealMethodTest.java,org.mockitousage.internal.invocation.realmethod.FilteredCGLIBProxyRealMethodTest$Anonymous1,anonymous,1,1,1,1,0,NaN,NaN,1,0,1,0,0,0,1,0,0,0,0,0,0,0,0,0,0,0,0,5,1,0,0,0,0,0,0,0,0,0,0,0,0,0,5,-1,0
/Users/pouriad/repos/Cling-application/projects/mockito/test/org/mockitousage/internal/invocation/realmethod/FilteredCGLIBProxyRealMethodTest.java,org.mockitousage.internal.invocation.realmethod.FilteredCGLIBProxyRealMethodTest,class,6,3,3,5,1,0.0,0.0,2,0,2,0,0,0,2,0,0,0,0,0,0,0,0,0,0,0,7,27,0,0,0,1,0,3,3,1,0,1,1,1,1,0,31,1,0
/Users/pouriad/repos/Cling-application/projects/mockito/test/org/mockitousage/internal/debugging/LocationTest.java,org.mockitousage.internal.debugging.LocationTest$Anonymous1,anonymous,0,1,1,0,0,NaN,NaN,1,0,1,0,0,0,1,0,0,0,0,0,0,0,0,0,0,0,0,5,1,0,0,0,0,0,1,0,0,0,0,0,0,0,3,-1,0
/Users/pouriad/repos/Cling-application/projects/mockito/test/org/mockitousage/internal/debugging/LocationTest.java,org.mockitousage.internal.debugging.LocationTest,class,4,2,3,3,1,0.0,0.0,2,0,2,0,0,0,2,0,0,0,0,0,0,0,0,0,0,0,1,15,0,0,0,0,0,3,0,2,0,2,0,1,0,0,30,1,0
/Users/pouriad/repos/Cling-application/projects/mockito/test/org/mockitousage/bugs/InjectMocksShouldTryPropertySettersFirstBeforeFieldAccessTest.java,org.mockitousage.bugs.InjectMocksShouldTryPropertySettersFirstBeforeFieldAccessTest$BeanAwaitingInjection,innerclass,0,1,1,0,0,NaN,NaN,1,0,1,0,0,0,1,0,0,0,3,0,0,0,0,3,0,0,0,8,0,0,0,0,0,0,0,1,0,3,0,0,0,0,11,8,0
/Users/pouriad/repos/Cling-application/projects/mockito/test/org/mockitousage/bugs/InjectMocksShouldTryPropertySettersFirstBeforeFieldAccessTest.java,org.mockitousage.bugs.InjectMocksShouldTryPropertySettersFirstBeforeFieldAccessTest,class,6,2,1,2,0,0.0,0.0,2,0,2,0,0,0,2,0,0,0,3,0,0,0,0,3,0,0,0,19,0,0,0,0,0,0,0,0,0,3,0,0,1,0,37,1,0
/Users/pouriad/repos/Cling-application/projects/mockito/test/org/mockitousage/bugs/NPEWithCertainMatchersTest.java,org.mockitousage.bugs.NPEWithCertainMatchersTest,class,7,5,3,8,0,0.6,0.6,5,0,5,0,0,0,5,0,0,0,1,0,0,0,0,1,0,0,9,22,0,0,0,0,0,0,6,0,0,1,0,0,0,0,28,1,0
/Users/pouriad/repos/Cling-application/projects/mockito/test/org/mockitousage/bugs/SpyShouldHaveNiceNameTest.java,org.mockitousage.bugs.SpyShouldHaveNiceNameTest,class,4,2,3,6,0,NaN,NaN,1,0,1,0,0,0,1,0,0,0,1,0,0,0,0,1,0,0,1,13,0,0,0,1,0,1,2,1,0,1,1,0,0,0,18,1,0
/Users/pouriad/repos/Cling-application/projects/mockito/test/org/mockitousage/bugs/ShouldMocksCompareToBeConsistentWithEqualsTest.java,org.mockitousage.bugs.ShouldMocksCompareToBeConsistentWithEqualsTest,class,3,3,3,6,3,0.0,0.0,3,0,3,0,0,0,3,0,0,0,0,0,0,0,0,0,0,0,4,17,0,0,0,0,0,0,2,4,0,4,0,0,0,0,26,1,0
/Users/pouriad/repos/Cling-application/projects/mockito/test/org/mockitousage/bugs/CaptorAnnotationAutoboxingTest.java,org.mockitousage.bugs.CaptorAnnotationAutoboxingTest$Fun,interface,0,2,1,0,1,0.0,0.0,2,0,0,0,0,2,2,0,0,0,0,0,0,0,0,0,0,0,0,4,0,0,0,0,0,0,0,0,0,0,0,0,0,0,6,0,0
/Users/pouriad/repos/Cling-application/projects/mockito/test/org/mockitousage/bugs/CaptorAnnotationAutoboxingTest.java,org.mockitousage.bugs.CaptorAnnotationAutoboxingTest,class,7,2,3,9,0,1.0,1.0,2,0,2,0,0,0,2,0,0,0,3,0,0,0,0,3,0,0,3,17,0,0,0,0,0,0,2,0,0,3,0,0,1,0,18,1,0
/Users/pouriad/repos/Cling-application/projects/mockito/test/org/mockitousage/bugs/AtLeastMarksAllInvocationsVerified.java,org.mockitousage.bugs.AtLeastMarksAllInvocationsVerified$SomeMethods,innerclass,0,2,1,0,1,0.0,0.0,2,0,2,0,0,0,2,0,0,0,0,0,0,0,0,0,0,0,0,6,0,0,0,0,0,0,0,0,0,0,0,0,0,0,5,9,0
/Users/pouriad/repos/Cling-application/projects/mockito/test/org/mockitousage/bugs/AtLeastMarksAllInvocationsVerified.java,org.mockitousage.bugs.AtLeastMarksAllInvocationsVerified,class,5,1,3,6,0,NaN,NaN,1,0,1,0,0,0,1,0,0,0,0,0,0,0,0,0,0,0,4,15,0,0,0,0,0,0,1,1,0,1,0,0,1,0,24,1,0
/Users/pouriad/repos/Cling-application/projects/mockito/test/org/mockitousage/bugs/CovariantOverrideTest.java,org.mockitousage.bugs.CovariantOverrideTest,class,7,4,3,10,6,0.0,0.0,4,0,4,0,0,0,4,0,0,0,0,0,0,0,0,0,0,0,8,29,0,0,0,0,0,6,0,5,0,5,0,0,2,0,18,1,0
/Users/pouriad/repos/Cling-application/projects/mockito/test/org/mockitousage/bugs/CovariantOverrideTest.java,org.mockitousage.bugs.CovariantOverrideTest$ReturnsObject,interface,0,1,1,0,0,NaN,NaN,1,0,0,0,0,1,1,0,0,0,0,0,0,0,0,0,0,0,0,3,0,0,0,0,0,0,0,0,0,0,0,0,0,0,4,9,0
/Users/pouriad/repos/Cling-application/projects/mockito/test/org/mockitousage/bugs/CovariantOverrideTest.java,org.mockitousage.bugs.CovariantOverrideTest$ReturnsString,interface,1,1,1,0,0,NaN,NaN,1,0,0,0,0,1,1,0,0,0,0,0,0,0,0,0,0,0,0,3,0,0,0,0,0,0,0,0,0,0,0,0,0,0,5,9,0
/Users/pouriad/repos/Cling-application/projects/mockito/test/org/mockitousage/bugs/ShouldNotDeadlockAnswerExecutionTest.java,org.mockitousage.bugs.ShouldNotDeadlockAnswerExecutionTest,class,7,4,1,9,1,0.0,0.0,2,0,2,0,0,0,2,0,0,0,0,0,0,0,0,0,0,0,8,53,0,0,0,0,0,0,4,7,0,7,1,0,3,0,31,1,0
/Users/pouriad/repos/Cling-application/projects/mockito/test/org/mockitousage/bugs/ShouldNotDeadlockAnswerExecutionTest.java,org.mockitousage.bugs.ShouldNotDeadlockAnswerExecutionTest$ServiceRunner,innerclass,1,2,1,1,0,1.0,1.0,2,0,2,0,0,0,2,0,0,0,1,0,0,1,0,0,0,0,0,9,0,0,0,0,0,0,0,1,0,1,0,0,0,0,5,8,0
/Users/pouriad/repos/Cling-application/projects/mockito/test/org/mockitousage/bugs/ShouldNotDeadlockAnswerExecutionTest.java,org.mockitousage.bugs.ShouldNotDeadlockAnswerExecutionTest$LockingAnswer,innerclass,2,3,1,3,0,1.0,1.0,2,0,2,0,0,0,2,0,0,0,1,0,0,1,0,0,0,0,1,13,1,1,1,0,0,0,2,1,0,1,1,0,0,0,18,8,0
/Users/pouriad/repos/Cling-application/projects/mockito/test/org/mockitousage/bugs/ShouldNotDeadlockAnswerExecutionTest.java,org.mockitousage.bugs.ShouldNotDeadlockAnswerExecutionTest$Service,interface,0,1,1,0,0,NaN,NaN,1,0,0,0,0,1,1,0,0,0,0,0,0,0,0,0,0,0,0,3,0,0,0,0,0,0,0,0,0,0,0,0,0,0,4,8,0
/Users/pouriad/repos/Cling-application/projects/mockito/test/org/mockitousage/bugs/MockitoRunnerBreaksWhenNoTestMethodsTest.java,org.mockitousage.bugs.MockitoRunnerBreaksWhenNoTestMethodsTest,class,4,1,3,0,0,NaN,NaN,1,0,1,0,0,0,1,0,0,0,0,0,0,0,0,0,0,0,0,4,0,0,0,0,0,1,0,0,0,0,0,0,0,0,19,1,0
/Users/pouriad/repos/Cling-application/projects/mockito/test/org/mockitousage/bugs/InheritedGenericsPolimorphicCallTest.java,org.mockitousage.bugs.InheritedGenericsPolimorphicCallTest$Anonymous1,anonymous,0,1,1,1,0,NaN,NaN,1,0,1,0,0,0,1,0,0,0,0,0,0,0,0,0,0,0,0,6,1,0,0,0,0,0,0,0,0,0,0,0,0,0,7,-1,0
/Users/pouriad/repos/Cling-application/projects/mockito/test/org/mockitousage/bugs/InheritedGenericsPolimorphicCallTest.java,org.mockitousage.bugs.InheritedGenericsPolimorphicCallTest$MyIterable,interface,2,1,1,0,0,NaN,NaN,1,0,1,0,0,0,1,0,0,0,0,0,0,0,0,0,0,0,0,3,0,0,0,0,0,0,0,0,0,0,0,0,0,0,1,4,0
/Users/pouriad/repos/Cling-application/projects/mockito/test/org/mockitousage/bugs/InheritedGenericsPolimorphicCallTest.java,org.mockitousage.bugs.InheritedGenericsPolimorphicCallTest$MyIterator,interface,1,0,1,0,0,-1.0,-1.0,0,0,0,0,0,0,0,0,0,0,0,0,0,0,0,0,0,0,0,2,0,0,0,0,0,0,0,0,0,0,0,0,0,0,0,4,0
/Users/pouriad/repos/Cling-application/projects/mockito/test/org/mockitousage/bugs/InheritedGenericsPolimorphicCallTest.java,org.mockitousage.bugs.InheritedGenericsPolimorphicCallTest,class,6,3,3,15,0,1.0,1.0,3,0,3,0,0,0,3,0,0,0,2,0,0,0,0,2,0,0,6,34,0,0,0,0,2,1,3,5,0,4,0,1,2,0,28,1,0
/Users/pouriad/repos/Cling-application/projects/mockito/test/org/mockitousage/bugs/MultithreadedStubbingHalfManualTest.java,org.mockitousage.bugs.MultithreadedStubbingHalfManualTest,class,8,7,1,10,1,1.0,1.0,3,0,2,1,0,0,2,0,0,0,2,0,0,2,0,0,0,0,5,49,1,2,0,2,2,0,6,5,4,5,3,1,1,0,44,1,0
/Users/pouriad/repos/Cling-application/projects/mockito/test/org/mockitousage/bugs/MultithreadedStubbingHalfManualTest.java,org.mockitousage.bugs.MultithreadedStubbingHalfManualTest$Anonymous1,anonymous,1,4,1,5,0,NaN,NaN,1,0,1,0,0,0,1,0,0,0,0,0,0,0,0,0,0,0,2,14,0,1,0,1,1,1,2,0,1,0,2,0,0,0,12,-1,0
/Users/pouriad/repos/Cling-application/projects/mockito/test/org/mockitousage/bugs/MultithreadedStubbingHalfManualTest.java,org.mockitousage.bugs.MultithreadedStubbingHalfManualTest$ToMock,interface,0,2,1,0,1,0.0,0.0,2,0,2,0,0,0,2,0,0,0,0,0,0,0,0,0,0,0,0,4,0,0,0,0,0,0,0,0,0,0,0,0,0,0,17,1,0
/Users/pouriad/repos/Cling-application/projects/mockito/test/org/mockitousage/bugs/ParentClassNotPublicVeryWeirdBugTest.java,org.mockitousage.bugs.ParentClassNotPublicVeryWeirdBugTest$ClassForMocking,innerclass,1,0,2,0,0,-1.0,-1.0,0,0,0,0,0,0,0,0,0,0,0,0,0,0,0,0,0,0,0,2,0,0,0,0,0,0,0,0,0,0,0,0,0,0,4,1,0
/Users/pouriad/repos/Cling-application/projects/mockito/test/org/mockitousage/bugs/ParentClassNotPublicVeryWeirdBugTest.java,org.mockitousage.bugs.ParentClassNotPublicVeryWeirdBugTest,class,6,1,2,4,0,NaN,NaN,1,0,1,0,0,0,1,0,0,0,0,0,0,0,0,0,0,0,2,14,0,0,0,0,0,0,0,1,0,1,0,0,2,0,17,1,0
/Users/pouriad/repos/Cling-application/projects/mockito/test/org/mockitousage/bugs/ParentClassNotPublicVeryWeirdBugTest.java,org.mockitousage.bugs.ParentClassNotPublicVeryWeirdBugTest$SuperClass,innerclass,0,1,1,2,0,NaN,NaN,1,0,1,0,0,0,1,0,0,0,0,0,0,0,0,0,0,0,1,6,1,0,0,0,0,1,0,0,1,0,0,0,0,0,5,0,0
/Users/pouriad/repos/Cling-application/projects/mockito/test/org/mockitousage/bugs/ActualInvocationHasNullArgumentNPEBugTest.java,org.mockitousage.bugs.ActualInvocationHasNullArgumentNPEBugTest,class,6,2,3,7,0,NaN,NaN,1,0,1,0,0,0,1,0,0,0,0,0,0,0,0,0,0,0,4,16,0,0,0,1,0,2,0,1,0,1,1,0,1,0,25,1,0
/Users/pouriad/repos/Cling-application/projects/mockito/test/org/mockitousage/bugs/ActualInvocationHasNullArgumentNPEBugTest.java,org.mockitousage.bugs.ActualInvocationHasNullArgumentNPEBugTest$Fun,interface,0,1,1,0,0,NaN,NaN,1,0,0,0,0,1,1,0,0,0,0,0,0,0,0,0,0,0,0,3,0,0,0,0,0,0,0,0,0,0,0,0,0,0,3,1,0
/Users/pouriad/repos/Cling-application/projects/mockito/test/org/mockitousage/bugs/StubbingMocksThatAreConfiguredToReturnMocksTest.java,org.mockitousage.bugs.StubbingMocksThatAreConfiguredToReturnMocksTest,class,6,2,3,6,1,0.0,0.0,2,0,2,0,0,0,2,0,0,0,0,0,0,0,0,0,0,0,4,10,0,0,0,0,0,0,0,2,0,2,0,0,0,0,31,1,0
/Users/pouriad/repos/Cling-application/projects/mockito/test/org/mockitousage/bugs/ShouldOnlyModeAllowCapturingArgumentsTest.java,org.mockitousage.bugs.ShouldOnlyModeAllowCapturingArgumentsTest,class,6,1,3,7,0,NaN,NaN,1,0,1,0,0,0,1,0,0,0,1,0,0,0,0,1,0,0,3,9,0,0,0,0,0,2,0,1,0,2,0,0,0,0,16,1,0
/Users/pouriad/repos/Cling-application/projects/mockito/test/org/mockitousage/bugs/ShouldAllowInlineMockCreationTest.java,org.mockitousage.bugs.ShouldAllowInlineMockCreationTest,class,5,1,3,5,0,NaN,NaN,1,0,1,0,0,0,1,0,0,0,1,0,0,0,0,1,0,0,2,7,0,0,0,0,0,0,2,0,0,1,0,0,0,0,15,1,0
/Users/pouriad/repos/Cling-application/projects/mockito/test/org/mockitousage/bugs/VarargsErrorWhenCallingRealMethodTest.java,org.mockitousage.bugs.VarargsErrorWhenCallingRealMethodTest$Foo,innerclass,0,1,1,0,0,NaN,NaN,1,0,0,0,0,1,1,0,0,0,0,0,0,0,0,0,0,0,0,5,1,0,0,0,0,0,1,0,0,0,0,0,0,0,3,0,0
/Users/pouriad/repos/Cling-application/projects/mockito/test/org/mockitousage/bugs/VarargsErrorWhenCallingRealMethodTest.java,org.mockitousage.bugs.VarargsErrorWhenCallingRealMethodTest,class,6,1,3,6,0,NaN,NaN,1,0,1,0,0,0,1,0,0,0,0,0,0,0,0,0,0,0,4,12,0,0,0,0,0,2,1,1,0,1,0,0,1,0,21,1,0
/Users/pouriad/repos/Cling-application/projects/mockito/test/org/mockitousage/bugs/VerifyingWithAnExtraCallToADifferentMockTest.java,org.mockitousage.bugs.VerifyingWithAnExtraCallToADifferentMockTest,class,6,2,3,8,0,NaN,NaN,1,0,1,0,0,0,1,0,0,0,2,0,0,0,0,2,0,0,4,15,0,0,0,1,0,2,0,0,0,2,1,0,0,0,32,1,0
/Users/pouriad/repos/Cling-application/projects/mockito/test/org/mockitousage/bugs/AIOOBExceptionWithAtLeastTest.java,org.mockitousage.bugs.AIOOBExceptionWithAtLeastTest$IProgressMonitor,interface,0,3,1,0,3,0.0,0.0,3,0,0,0,0,3,3,0,0,0,0,0,0,0,0,0,0,0,0,5,0,0,0,0,0,0,0,0,0,0,0,0,0,0,8,0,0
/Users/pouriad/repos/Cling-application/projects/mockito/test/org/mockitousage/bugs/AIOOBExceptionWithAtLeastTest.java,org.mockitousage.bugs.AIOOBExceptionWithAtLeastTest,class,5,1,3,9,0,NaN,NaN,1,0,1,0,0,0,1,0,0,0,0,0,0,0,0,0,0,0,7,15,0,0,0,0,0,1,2,1,0,1,0,0,1,0,20,1,0
/Users/pouriad/repos/Cling-application/projects/mockito/test/org/mockitousage/bugs/NPEOnAnyClassMatcherAutounboxTest.java,org.mockitousage.bugs.NPEOnAnyClassMatcherAutounboxTest,class,5,1,3,4,0,NaN,NaN,1,0,1,0,0,0,1,0,0,0,0,0,0,0,0,0,0,0,3,10,0,0,0,0,0,0,1,1,0,1,0,0,1,0,18,1,0
/Users/pouriad/repos/Cling-application/projects/mockito/test/org/mockitousage/bugs/NPEOnAnyClassMatcherAutounboxTest.java,org.mockitousage.bugs.NPEOnAnyClassMatcherAutounboxTest$Foo,interface,0,1,1,0,0,NaN,NaN,1,0,0,0,0,1,1,0,0,0,0,0,0,0,0,0,0,0,0,3,0,0,0,0,0,0,0,0,0,0,0,0,0,0,3,0,0
/Users/pouriad/repos/Cling-application/projects/mockito/test/org/mockitousage/bugs/varargs/VarargsNotPlayingWithAnyObjectTest.java,org.mockitousage.bugs.varargs.VarargsNotPlayingWithAnyObjectTest,class,7,4,3,12,0,1.0,1.0,3,0,3,0,0,0,3,0,0,0,1,0,0,0,0,1,0,0,18,27,0,0,0,1,0,9,0,0,0,1,1,0,1,0,29,1,0
/Users/pouriad/repos/Cling-application/projects/mockito/test/org/mockitousage/bugs/varargs/VarargsNotPlayingWithAnyObjectTest.java,org.mockitousage.bugs.varargs.VarargsNotPlayingWithAnyObjectTest$VarargMethod,interface,0,1,1,0,0,NaN,NaN,1,0,0,0,0,1,1,0,0,0,0,0,0,0,0,0,0,0,0,3,0,0,0,0,0,0,0,0,0,0,0,0,0,0,5,0,0
/Users/pouriad/repos/Cling-application/projects/mockito/test/org/mockitousage/bugs/varargs/VarargsAndAnyObjectPicksUpExtraInvocationsTest.java,org.mockitousage.bugs.varargs.VarargsAndAnyObjectPicksUpExtraInvocationsTest,class,6,3,3,7,0,1.0,1.0,3,0,3,0,0,0,3,0,0,0,1,0,0,0,0,1,0,0,16,22,0,0,0,0,0,20,2,0,0,1,0,0,1,0,27,1,0
/Users/pouriad/repos/Cling-application/projects/mockito/test/org/mockitousage/bugs/varargs/VarargsAndAnyObjectPicksUpExtraInvocationsTest.java,org.mockitousage.bugs.varargs.VarargsAndAnyObjectPicksUpExtraInvocationsTest$TableBuilder,interface,0,1,1,0,0,NaN,NaN,1,0,0,0,0,1,1,0,0,0,0,0,0,0,0,0,0,0,0,3,0,0,0,0,0,0,0,0,0,0,0,0,0,0,5,1,0
/Users/pouriad/repos/Cling-application/projects/mockito/test/org/mockitousage/bugs/NPEWhenMockingThrowablesTest.java,org.mockitousage.bugs.NPEWhenMockingThrowablesTest$DummyException,innerclass,0,0,4,0,0,-1.0,-1.0,0,0,0,0,0,0,0,0,0,0,1,1,0,1,0,0,1,0,0,3,0,0,0,0,0,0,1,1,0,1,0,0,0,0,10,0,0
/Users/pouriad/repos/Cling-application/projects/mockito/test/org/mockitousage/bugs/NPEWhenMockingThrowablesTest.java,org.mockitousage.bugs.NPEWhenMockingThrowablesTest,class,7,2,6,4,0,NaN,NaN,1,0,1,0,0,0,1,0,0,0,2,0,0,0,0,2,0,0,1,16,0,0,0,1,0,0,0,0,0,2,1,0,1,0,20,1,0
/Users/pouriad/repos/Cling-application/projects/mockito/test/org/mockitousage/bugs/MultipleInOrdersTest.java,org.mockitousage.bugs.MultipleInOrdersTest,class,3,1,1,5,0,NaN,NaN,1,0,1,0,0,0,1,0,0,0,0,0,0,0,0,0,0,0,3,16,0,0,0,0,0,9,0,3,0,3,0,0,0,0,13,1,0
/Users/pouriad/repos/Cling-application/projects/mockito/test/org/mockitousage/MethodsImpl.java,org.mockitousage.MethodsImpl,class,9,97,1,0,4656,0.0,0.0,97,0,97,0,0,0,97,0,0,0,0,0,0,0,0,0,0,0,0,286,90,0,0,0,0,0,11,0,0,0,0,0,0,0,79,1,0
/Users/pouriad/repos/Cling-application/projects/mockito/test/org/mockitousage/annotation/SpyAnnotationInitializedInBaseClassTest.java,org.mockitousage.annotation.SpyAnnotationInitializedInBaseClassTest$BaseClass,innerclass,1,0,1,0,0,-1.0,-1.0,0,0,0,0,0,0,0,0,0,0,1,0,0,0,0,1,0,0,0,3,0,0,0,0,0,0,0,1,0,1,0,0,0,0,5,0,0
/Users/pouriad/repos/Cling-application/projects/mockito/test/org/mockitousage/annotation/SpyAnnotationInitializedInBaseClassTest.java,org.mockitousage.annotation.SpyAnnotationInitializedInBaseClassTest$SubClass,innerclass,1,0,2,0,0,-1.0,-1.0,0,0,0,0,0,0,0,0,0,0,0,0,0,0,0,0,0,0,0,2,0,0,0,0,0,0,0,0,0,0,0,0,0,0,3,0,0
/Users/pouriad/repos/Cling-application/projects/mockito/test/org/mockitousage/annotation/SpyAnnotationInitializedInBaseClassTest.java,org.mockitousage.annotation.SpyAnnotationInitializedInBaseClassTest$SubTest,innerclass,4,1,4,2,0,NaN,NaN,1,0,1,0,0,0,1,0,0,0,1,0,0,0,0,1,0,0,0,7,0,0,0,0,0,0,0,1,0,1,0,0,0,0,22,9,0
/Users/pouriad/repos/Cling-application/projects/mockito/test/org/mockitousage/annotation/SpyAnnotationInitializedInBaseClassTest.java,org.mockitousage.annotation.SpyAnnotationInitializedInBaseClassTest,class,8,3,7,3,3,0.0,0.0,3,0,3,0,0,0,3,0,0,0,1,0,0,0,0,1,0,0,2,25,0,0,0,0,0,1,0,2,0,2,0,0,3,0,23,1,0
/Users/pouriad/repos/Cling-application/projects/mockito/test/org/mockitousage/annotation/WrongSetOfAnnotationsTest.java,org.mockitousage.annotation.WrongSetOfAnnotationsTest$Anonymous6,anonymous,3,0,1,0,0,-1.0,-1.0,0,0,0,0,0,0,0,0,0,0,1,0,0,0,0,1,0,0,0,3,0,0,0,0,0,0,0,0,0,1,0,0,0,0,3,-1,0
/Users/pouriad/repos/Cling-application/projects/mockito/test/org/mockitousage/annotation/WrongSetOfAnnotationsTest.java,org.mockitousage.annotation.WrongSetOfAnnotationsTest$Anonymous5,anonymous,3,0,1,0,0,-1.0,-1.0,0,0,0,0,0,0,0,0,0,0,1,0,0,0,0,1,0,0,0,3,0,0,0,0,0,0,0,0,0,1,0,0,0,0,3,-1,0
/Users/pouriad/repos/Cling-application/projects/mockito/test/org/mockitousage/annotation/WrongSetOfAnnotationsTest.java,org.mockitousage.annotation.WrongSetOfAnnotationsTest,class,4,6,3,1,15,0.0,0.0,6,0,6,0,0,0,6,0,0,0,0,0,0,0,0,0,0,0,6,38,0,0,0,0,0,2,0,0,0,0,0,6,0,0,17,1,0
/Users/pouriad/repos/Cling-application/projects/mockito/test/org/mockitousage/annotation/WrongSetOfAnnotationsTest.java,org.mockitousage.annotation.WrongSetOfAnnotationsTest$Anonymous4,anonymous,3,0,1,0,0,-1.0,-1.0,0,0,0,0,0,0,0,0,0,0,1,0,0,0,0,1,0,0,0,3,0,0,0,0,0,0,0,0,0,1,0,0,0,0,3,-1,0
/Users/pouriad/repos/Cling-application/projects/mockito/test/org/mockitousage/annotation/WrongSetOfAnnotationsTest.java,org.mockitousage.annotation.WrongSetOfAnnotationsTest$Anonymous3,anonymous,2,0,1,0,0,-1.0,-1.0,0,0,0,0,0,0,0,0,0,0,1,0,0,0,0,1,0,0,0,3,0,0,0,0,0,0,0,0,0,1,0,0,0,0,2,-1,0
/Users/pouriad/repos/Cling-application/projects/mockito/test/org/mockitousage/annotation/WrongSetOfAnnotationsTest.java,org.mockitousage.annotation.WrongSetOfAnnotationsTest$Anonymous2,anonymous,2,0,1,0,0,-1.0,-1.0,0,0,0,0,0,0,0,0,0,0,1,0,0,0,0,1,0,0,0,3,0,0,0,0,0,0,0,0,0,1,0,0,0,0,2,-1,0
/Users/pouriad/repos/Cling-application/projects/mockito/test/org/mockitousage/annotation/WrongSetOfAnnotationsTest.java,org.mockitousage.annotation.WrongSetOfAnnotationsTest$Anonymous1,anonymous,2,0,1,0,0,-1.0,-1.0,0,0,0,0,0,0,0,0,0,0,1,0,0,0,0,1,0,0,0,3,0,0,0,0,0,0,0,0,0,1,0,0,0,0,2,-1,0
/Users/pouriad/repos/Cling-application/projects/mockito/test/org/mockitousage/annotation/DeprecatedAnnotationEngineApiTest.java,org.mockitousage.annotation.DeprecatedAnnotationEngineApiTest$Dependency,innerclass,0,0,1,0,0,-1.0,-1.0,0,0,0,0,0,0,0,0,0,0,0,0,0,0,0,0,0,0,0,2,0,0,0,0,0,0,0,0,0,0,0,0,0,0,1,0,0
/Users/pouriad/repos/Cling-application/projects/mockito/test/org/mockitousage/annotation/DeprecatedAnnotationEngineApiTest.java,org.mockitousage.annotation.DeprecatedAnnotationEngineApiTest$Tested,innerclass,1,1,1,0,0,NaN,NaN,1,0,1,0,0,0,1,0,0,0,1,0,0,0,0,1,0,0,0,6,0,0,0,0,0,0,0,1,0,1,0,0,0,0,4,0,0
/Users/pouriad/repos/Cling-application/projects/mockito/test/org/mockitousage/annotation/DeprecatedAnnotationEngineApiTest.java,org.mockitousage.annotation.DeprecatedAnnotationEngineApiTest,class,10,3,3,7,3,0.0,0.0,3,0,3,0,0,0,3,0,0,0,0,0,0,0,0,0,0,0,5,36,0,0,0,0,0,0,0,4,0,4,0,1,3,0,34,1,0
/Users/pouriad/repos/Cling-application/projects/mockito/test/org/mockitousage/annotation/DeprecatedAnnotationEngineApiTest.java,org.mockitousage.annotation.DeprecatedAnnotationEngineApiTest$SimpleTestCase,innerclass,4,0,1,0,0,-1.0,-1.0,0,0,0,0,0,0,0,0,0,0,2,0,0,0,0,2,0,0,0,4,0,0,0,0,0,0,0,1,0,2,0,0,0,0,7,0,0
/Users/pouriad/repos/Cling-application/projects/mockito/test/org/mockitousage/annotation/DeprecatedAnnotationEngineApiTest.java,org.mockitousage.annotation.DeprecatedAnnotationEngineApiTest$Anonymous1,anonymous,0,0,1,0,0,-1.0,-1.0,0,0,0,0,0,0,0,0,0,0,0,0,0,0,0,0,0,0,0,2,0,0,0,0,0,0,0,0,0,0,0,0,0,0,0,-1,0
/Users/pouriad/repos/Cling-application/projects/mockito/test/org/mockitousage/annotation/MockInjectionTest.java,org.mockitousage.annotation.MockInjectionTest$OtherBaseUnderTesting,innerclass,1,1,2,0,0,NaN,NaN,1,0,1,0,0,0,1,0,0,0,1,0,0,1,0,0,0,0,0,6,1,0,0,0,0,0,0,0,0,1,0,0,0,0,10,8,0
/Users/pouriad/repos/Cling-application/projects/mockito/test/org/mockitousage/annotation/MockInjectionTest.java,org.mockitousage.annotation.MockInjectionTest$Anonymous1,anonymous,2,0,1,0,0,-1.0,-1.0,0,0,0,0,0,0,0,0,0,0,1,0,0,0,0,1,0,0,0,3,0,0,0,0,0,0,0,0,0,1,0,0,0,0,3,-1,0
/Users/pouriad/repos/Cling-application/projects/mockito/test/org/mockitousage/annotation/MockInjectionTest.java,org.mockitousage.annotation.MockInjectionTest$ThrowingConstructor,innerclass,0,1,1,0,0,NaN,NaN,1,0,0,0,0,1,1,0,0,0,0,0,0,0,0,0,0,0,0,5,0,0,0,0,0,1,0,0,0,0,0,0,0,0,4,8,0
/Users/pouriad/repos/Cling-application/projects/mockito/test/org/mockitousage/annotation/MockInjectionTest.java,org.mockitousage.annotation.MockInjectionTest,class,11,14,7,12,72,0.03846154,0.03846154,13,0,13,0,0,0,13,0,0,0,15,0,0,15,0,0,0,0,8,107,0,0,0,1,0,3,0,10,0,16,1,1,5,0,65,1,0
/Users/pouriad/repos/Cling-application/projects/mockito/test/org/mockitousage/annotation/MockInjectionTest.java,org.mockitousage.annotation.MockInjectionTest$BaseUnderTesting,innerclass,1,1,2,0,0,NaN,NaN,1,0,1,0,0,0,1,0,0,0,1,0,0,1,0,0,0,0,0,6,1,0,0,0,0,0,0,0,0,1,0,0,0,0,8,8,0
/Users/pouriad/repos/Cling-application/projects/mockito/test/org/mockitousage/annotation/MockInjectionTest.java,org.mockitousage.annotation.MockInjectionTest$SubUnderTesting,innerclass,1,2,3,0,1,0.0,0.0,2,0,2,0,0,0,2,0,0,0,2,0,0,2,0,0,0,0,0,10,2,0,0,0,0,0,0,0,0,2,0,0,0,0,10,8,0
/Users/pouriad/repos/Cling-application/projects/mockito/test/org/mockitousage/annotation/MockInjectionTest.java,org.mockitousage.annotation.MockInjectionTest$SuperUnderTesting,innerclass,0,1,1,0,0,NaN,NaN,1,0,1,0,0,0,1,0,0,0,1,0,0,1,0,0,0,0,0,6,1,0,0,0,0,0,0,0,0,1,0,0,0,0,7,8,0
/Users/pouriad/repos/Cling-application/projects/mockito/test/org/mockitousage/annotation/SpyAnnotationTest.java,org.mockitousage.annotation.SpyAnnotationTest$1FailingSpy,innerclass,1,0,1,0,0,-1.0,-1.0,0,0,0,0,0,0,0,0,0,0,1,0,0,1,0,0,0,0,0,3,0,0,0,0,0,0,0,0,0,1,0,0,0,0,7,0,0
/Users/pouriad/repos/Cling-application/projects/mockito/test/org/mockitousage/annotation/SpyAnnotationTest.java,org.mockitousage.annotation.SpyAnnotationTest$NoValidConstructor,innerclass,0,1,1,0,0,NaN,NaN,1,0,0,0,0,1,1,0,0,0,0,0,0,0,0,0,0,0,0,4,0,0,0,0,0,0,0,0,0,0,0,0,0,0,4,8,0
/Users/pouriad/repos/Cling-application/projects/mockito/test/org/mockitousage/annotation/SpyAnnotationTest.java,org.mockitousage.annotation.SpyAnnotationTest$5FailingSpy,innerclass,2,0,1,0,0,-1.0,-1.0,0,0,0,0,0,0,0,0,0,0,1,0,0,1,0,0,0,0,0,5,0,0,0,0,0,0,0,0,0,1,0,0,1,0,8,0,0
/Users/pouriad/repos/Cling-application/projects/mockito/test/org/mockitousage/annotation/SpyAnnotationTest.java,org.mockitousage.annotation.SpyAnnotationTest$NestedClassWithNoArgConstructor,innerclass,0,2,1,0,1,0.0,0.0,2,0,0,0,0,2,2,0,0,0,0,0,0,0,0,0,0,0,0,6,0,0,0,0,0,0,0,0,0,0,0,0,0,0,7,8,0
/Users/pouriad/repos/Cling-application/projects/mockito/test/org/mockitousage/annotation/SpyAnnotationTest.java,org.mockitousage.annotation.SpyAnnotationTest$4FailingSpy,innerclass,1,0,1,0,0,-1.0,-1.0,0,0,0,0,0,0,0,0,0,0,1,0,0,1,0,0,0,0,0,3,0,0,0,0,0,0,0,0,0,1,0,0,0,0,7,0,0
/Users/pouriad/repos/Cling-application/projects/mockito/test/org/mockitousage/annotation/SpyAnnotationTest.java,org.mockitousage.annotation.SpyAnnotationTest$2FailingSpy,innerclass,2,0,1,0,0,-1.0,-1.0,0,0,0,0,0,0,0,0,0,0,1,0,0,0,0,1,0,0,0,3,0,0,0,0,0,0,0,0,0,1,0,0,0,0,6,0,0
/Users/pouriad/repos/Cling-application/projects/mockito/test/org/mockitousage/annotation/SpyAnnotationTest.java,org.mockitousage.annotation.SpyAnnotationTest$3FailingSpy,innerclass,2,0,1,0,0,-1.0,-1.0,0,0,0,0,0,0,0,0,0,0,1,0,0,0,0,1,0,0,0,3,0,0,0,0,0,0,0,0,0,1,0,0,0,0,5,0,0
/Users/pouriad/repos/Cling-application/projects/mockito/test/org/mockitousage/annotation/SpyAnnotationTest.java,org.mockitousage.annotation.SpyAnnotationTest$NestedClassWithoutDefinedConstructor,innerclass,0,0,1,0,0,-1.0,-1.0,0,0,0,0,0,0,0,0,0,0,0,0,0,0,0,0,0,0,0,2,0,0,0,0,0,0,0,0,0,0,0,0,0,0,5,8,0
/Users/pouriad/repos/Cling-application/projects/mockito/test/org/mockitousage/annotation/SpyAnnotationTest.java,org.mockitousage.annotation.SpyAnnotationTest$5FailingSpy$TheInnerClass,innerclass,0,0,1,0,0,-1.0,-1.0,0,0,0,0,0,0,0,0,0,0,0,0,0,0,0,0,0,0,0,2,0,0,0,0,0,0,0,0,0,0,0,0,0,0,3,0,0
/Users/pouriad/repos/Cling-application/projects/mockito/test/org/mockitousage/annotation/SpyAnnotationTest.java,org.mockitousage.annotation.SpyAnnotationTest$ThrowingConstructor,innerclass,0,1,1,0,0,NaN,NaN,1,0,0,0,0,1,1,0,0,0,0,0,0,0,0,0,0,0,0,5,0,0,0,0,0,1,0,0,0,0,0,0,0,0,4,8,0
/Users/pouriad/repos/Cling-application/projects/mockito/test/org/mockitousage/annotation/SpyAnnotationTest.java,org.mockitousage.annotation.SpyAnnotationTest,class,9,13,3,12,26,0.035714287,0.035714287,8,0,8,0,0,0,8,0,0,0,3,0,0,0,0,3,1,0,6,96,0,0,0,5,0,9,3,1,0,3,1,0,9,0,46,1,0
/Users/pouriad/repos/Cling-application/projects/mockito/test/org/mockitousage/annotation/CaptorAnnotationBasicTest.java,org.mockitousage.annotation.CaptorAnnotationBasicTest,class,10,5,3,16,0,0.5,0.5,5,0,4,1,0,0,4,0,0,0,5,0,0,0,0,5,0,0,5,52,0,0,0,0,2,13,0,2,0,7,0,0,2,0,33,1,0
/Users/pouriad/repos/Cling-application/projects/mockito/test/org/mockitousage/annotation/CaptorAnnotationBasicTest.java,org.mockitousage.annotation.CaptorAnnotationBasicTest$PeopleRepository,interface,1,1,1,0,0,NaN,NaN,1,0,1,0,0,0,1,0,0,0,0,0,0,0,0,0,0,0,0,3,0,0,0,0,0,0,0,0,0,0,0,0,0,0,5,1,0
/Users/pouriad/repos/Cling-application/projects/mockito/test/org/mockitousage/annotation/CaptorAnnotationBasicTest.java,org.mockitousage.annotation.CaptorAnnotationBasicTest$Person,innerclass,0,3,1,0,0,0.6666667,1.0,3,0,3,0,0,0,3,0,0,0,2,0,0,2,0,0,2,0,0,14,2,0,0,0,0,0,0,2,0,2,0,0,0,0,6,1,0
/Users/pouriad/repos/Cling-application/projects/mockito/test/org/mockitousage/annotation/CaptorAnnotationTest.java,org.mockitousage.annotation.CaptorAnnotationTest$SuperBase,innerclass,3,1,1,0,0,NaN,NaN,1,0,1,0,0,0,1,0,0,0,1,0,0,1,0,0,0,0,0,6,1,0,0,0,0,0,0,0,0,1,0,0,0,0,5,0,0
/Users/pouriad/repos/Cling-application/projects/mockito/test/org/mockitousage/annotation/CaptorAnnotationTest.java,org.mockitousage.annotation.CaptorAnnotationTest$WrongType,innerclass,1,0,1,0,0,-1.0,-1.0,0,0,0,0,0,0,0,0,0,0,1,0,0,0,0,1,0,0,0,3,0,0,0,0,0,0,0,0,0,1,0,0,0,0,4,9,0
/Users/pouriad/repos/Cling-application/projects/mockito/test/org/mockitousage/annotation/CaptorAnnotationTest.java,org.mockitousage.annotation.CaptorAnnotationTest$Base,innerclass,4,1,2,0,0,NaN,NaN,1,0,1,0,0,0,1,0,0,0,1,0,0,1,0,0,0,0,0,6,1,0,0,0,0,0,0,0,0,1,0,0,0,0,5,0,0
/Users/pouriad/repos/Cling-application/projects/mockito/test/org/mockitousage/annotation/CaptorAnnotationTest.java,org.mockitousage.annotation.CaptorAnnotationTest$Sub,innerclass,4,1,3,0,0,NaN,NaN,1,0,1,0,0,0,1,0,0,0,1,0,0,1,0,0,0,0,0,6,1,0,0,0,0,0,0,0,0,1,0,0,0,0,5,0,0
/Users/pouriad/repos/Cling-application/projects/mockito/test/org/mockitousage/annotation/CaptorAnnotationTest.java,org.mockitousage.annotation.CaptorAnnotationTest$MockInterface,interface,0,1,1,0,0,NaN,NaN,1,0,0,0,0,1,1,0,0,0,0,0,0,0,0,0,0,0,0,3,0,0,0,0,0,0,0,0,0,0,0,0,0,0,6,1,0
/Users/pouriad/repos/Cling-application/projects/mockito/test/org/mockitousage/annotation/CaptorAnnotationTest.java,org.mockitousage.annotation.CaptorAnnotationTest$ToManyAnnotations,innerclass,3,0,1,0,0,-1.0,-1.0,0,0,0,0,0,0,0,0,0,0,1,0,0,0,0,1,0,0,0,3,0,0,0,0,0,0,0,0,0,1,0,0,0,0,6,9,0
/Users/pouriad/repos/Cling-application/projects/mockito/test/org/mockitousage/annotation/CaptorAnnotationTest.java,org.mockitousage.annotation.CaptorAnnotationTest,class,14,8,6,17,10,0.0,0.0,5,0,5,0,0,0,5,0,0,0,5,0,0,0,0,5,1,0,9,81,0,0,0,3,0,4,0,4,0,8,1,0,6,0,56,1,0
/Users/pouriad/repos/Cling-application/projects/mockito/test/org/mockitousage/annotation/SpyInjectionTest.java,org.mockitousage.annotation.SpyInjectionTest$HasSpy,innerclass,0,1,1,0,0,NaN,NaN,1,0,1,0,0,0,1,0,0,0,1,0,0,1,0,0,0,0,0,6,0,0,0,0,0,0,0,1,0,1,0,0,0,0,5,8,0
/Users/pouriad/repos/Cling-application/projects/mockito/test/org/mockitousage/annotation/SpyInjectionTest.java,org.mockitousage.annotation.SpyInjectionTest,class,5,1,3,1,0,NaN,NaN,1,0,1,0,0,0,1,0,0,0,2,0,0,0,0,2,0,0,0,13,0,0,0,0,0,1,0,2,0,2,0,0,1,0,15,1,0
/Users/pouriad/repos/Cling-application/projects/mockito/test/org/mockitousage/annotation/AnnotationsTest.java,org.mockitousage.annotation.AnnotationsTest,class,12,6,6,16,8,0.0,0.0,5,0,5,0,0,0,5,0,0,0,8,0,0,0,0,8,1,0,6,64,0,0,0,1,0,6,2,2,0,9,1,0,3,0,70,1,0
/Users/pouriad/repos/Cling-application/projects/mockito/test/org/mockitousage/annotation/AnnotationsTest.java,org.mockitousage.annotation.AnnotationsTest$Sub,innerclass,3,1,3,0,0,NaN,NaN,1,0,1,0,0,0,1,0,0,0,1,0,0,1,0,0,0,0,0,6,1,0,0,0,0,0,0,0,0,1,0,0,0,0,7,0,0
/Users/pouriad/repos/Cling-application/projects/mockito/test/org/mockitousage/annotation/AnnotationsTest.java,org.mockitousage.annotation.AnnotationsTest$Base,innerclass,3,1,2,0,0,NaN,NaN,1,0,1,0,0,0,1,0,0,0,1,0,0,1,0,0,0,0,0,6,1,0,0,0,0,0,0,0,0,1,0,0,0,0,7,0,0
/Users/pouriad/repos/Cling-application/projects/mockito/test/org/mockitousage/annotation/AnnotationsTest.java,org.mockitousage.annotation.AnnotationsTest$SuperBase,innerclass,2,1,1,0,0,NaN,NaN,1,0,1,0,0,0,1,0,0,0,1,0,0,1,0,0,0,0,0,6,1,0,0,0,0,0,0,0,0,1,0,0,0,0,7,0,0
/Users/pouriad/repos/Cling-application/projects/mockito/test/org/mockitousage/annotation/CaptorAnnotationUnhappyPathTest.java,org.mockitousage.annotation.CaptorAnnotationUnhappyPathTest,class,5,3,3,4,1,0.0,0.0,2,0,2,0,0,0,2,0,0,0,1,0,0,0,0,1,0,0,3,15,0,0,0,1,0,3,0,0,0,1,1,0,0,0,23,1,0
/Users/pouriad/repos/Cling-application/projects/mockito/test/org/mockitousage/IMethods.java,org.mockitousage.IMethods,interface,9,98,1,0,4753,0.0,0.0,98,0,0,0,0,98,98,0,0,0,0,0,0,0,0,0,0,0,0,100,0,0,0,0,0,0,0,0,0,0,0,0,0,0,76,1,0
/Users/pouriad/repos/Cling-application/projects/mockito/test/org/mockitousage/junitrunner/VerboseMockitoRunnerTest.java,org.mockitousage.junitrunner.VerboseMockitoRunnerTest$NoWarnings,innerclass,3,1,1,4,0,NaN,NaN,1,0,1,0,0,0,1,0,0,0,0,0,0,0,0,0,0,0,2,9,0,0,0,0,0,1,2,1,0,1,0,0,0,0,9,12,0
/Users/pouriad/repos/Cling-application/projects/mockito/test/org/mockitousage/junitrunner/VerboseMockitoRunnerTest.java,org.mockitousage.junitrunner.VerboseMockitoRunnerTest$ContainsWarnings,innerclass,5,2,2,9,1,0.0,0.0,2,0,2,0,0,0,2,0,0,0,0,0,0,0,0,0,0,0,4,13,0,0,0,0,0,4,2,2,0,2,0,0,0,0,13,12,0
/Users/pouriad/repos/Cling-application/projects/mockito/test/org/mockitousage/junitrunner/VerboseMockitoRunnerTest.java,org.mockitousage.junitrunner.VerboseMockitoRunnerTest,class,13,3,4,9,3,0.0,0.0,3,0,3,0,0,0,3,0,0,0,1,0,0,1,0,0,0,0,0,39,0,0,0,0,0,1,4,3,0,4,0,0,2,0,28,1,0
/Users/pouriad/repos/Cling-application/projects/mockito/test/org/mockitousage/junitrunner/Filters.java,org.mockitousage.junitrunner.Filters$Anonymous1,anonymous,1,2,1,2,1,0.0,0.0,2,0,2,0,0,0,2,0,0,0,0,0,0,0,0,0,0,0,0,8,2,0,0,0,0,0,0,0,0,0,0,0,0,0,7,-1,0
/Users/pouriad/repos/Cling-application/projects/mockito/test/org/mockitousage/junitrunner/Filters.java,org.mockitousage.junitrunner.Filters,class,2,1,1,0,0,NaN,NaN,1,1,1,0,0,0,1,0,0,0,0,0,0,0,0,0,0,0,0,13,1,0,0,0,0,0,0,0,0,0,0,1,0,0,6,1,0
/Users/pouriad/repos/Cling-application/projects/mockito/test/org/mockitousage/junitrunner/JUnit45RunnerTest.java,org.mockitousage.junitrunner.JUnit45RunnerTest$ListDependent,innerclass,0,1,1,0,0,NaN,NaN,1,0,1,0,0,0,1,0,0,0,1,0,0,1,0,0,0,0,0,6,1,0,0,0,0,0,0,0,0,1,0,0,0,0,4,0,0
/Users/pouriad/repos/Cling-application/projects/mockito/test/org/mockitousage/junitrunner/JUnit45RunnerTest.java,org.mockitousage.junitrunner.JUnit45RunnerTest,class,8,3,1,10,1,0.33333334,0.33333334,3,0,3,0,0,0,3,0,0,0,2,0,0,2,0,0,0,0,2,23,0,0,0,0,0,4,1,2,0,3,0,0,1,0,28,1,0
/Users/pouriad/repos/Cling-application/projects/mockito/test/org/mockitousage/junitrunner/JUnit44RunnerTest.java,org.mockitousage.junitrunner.JUnit44RunnerTest,class,9,3,1,9,1,0.33333334,0.33333334,3,0,3,0,0,0,3,0,0,0,2,0,0,2,0,0,0,0,2,22,0,0,0,0,0,5,1,2,0,3,0,0,1,0,25,1,0
/Users/pouriad/repos/Cling-application/projects/mockito/test/org/mockitousage/junitrunner/JUnit44RunnerTest.java,org.mockitousage.junitrunner.JUnit44RunnerTest$ListDependent,innerclass,0,1,1,0,0,NaN,NaN,1,0,1,0,0,0,1,0,0,0,1,0,0,1,0,0,0,0,0,6,1,0,0,0,0,0,0,0,0,1,0,0,0,0,4,0,0
/Users/pouriad/repos/Cling-application/projects/mockito/test/org/mockitousage/junitrunner/ModellingVerboseMockitoTest.java,org.mockitousage.junitrunner.ModellingVerboseMockitoTest,class,10,3,3,12,1,0.33333334,0.33333334,3,0,3,0,0,0,3,0,0,0,1,0,0,1,0,0,0,0,5,19,0,0,0,0,0,4,2,1,0,2,0,0,0,0,30,1,0
/Users/pouriad/repos/Cling-application/projects/mockito/test/org/mockitousage/verification/FindingRedundantInvocationsInOrderTest.java,org.mockitousage.verification.FindingRedundantInvocationsInOrderTest,class,6,11,3,10,0,1.0,1.0,7,0,7,0,0,0,7,0,0,0,2,0,0,2,0,0,0,0,9,73,0,0,0,4,0,1,4,7,0,9,1,0,0,0,40,1,0
/Users/pouriad/repos/Cling-application/projects/mockito/test/org/mockitousage/verification/PrintingVerboseTypesWithArgumentsTest.java,org.mockitousage.verification.PrintingVerboseTypesWithArgumentsTest$Foo,innerclass,1,5,1,0,4,0.16666667,0.16666667,4,0,4,0,0,0,4,0,0,0,1,0,0,1,0,0,1,0,0,15,3,0,1,0,1,1,1,1,0,1,0,0,0,0,9,0,0
/Users/pouriad/repos/Cling-application/projects/mockito/test/org/mockitousage/verification/PrintingVerboseTypesWithArgumentsTest.java,org.mockitousage.verification.PrintingVerboseTypesWithArgumentsTest$Boo,innerclass,0,2,1,0,1,0.0,0.0,2,0,2,0,0,0,2,0,0,0,0,0,0,0,0,0,0,0,0,6,0,0,0,0,0,0,0,0,0,0,0,0,0,0,7,0,0
/Users/pouriad/repos/Cling-application/projects/mockito/test/org/mockitousage/verification/PrintingVerboseTypesWithArgumentsTest.java,org.mockitousage.verification.PrintingVerboseTypesWithArgumentsTest,class,8,10,3,13,10,0.0,0.0,5,0,5,0,0,0,5,0,0,0,0,0,0,0,0,0,0,0,26,82,0,0,0,5,0,9,15,5,0,5,1,0,2,0,54,1,0
/Users/pouriad/repos/Cling-application/projects/mockito/test/org/mockitousage/verification/NoMoreInteractionsVerificationTest.java,org.mockitousage.verification.NoMoreInteractionsVerificationTest,class,6,15,3,19,0,0.8,0.8,10,0,10,0,0,0,10,0,0,0,1,0,0,1,0,0,0,0,26,85,0,0,0,5,0,16,7,3,0,3,1,0,0,0,60,1,0
/Users/pouriad/repos/Cling-application/projects/mockito/test/org/mockitousage/verification/BasicVerificationInOrderTest.java,org.mockitousage.verification.BasicVerificationInOrderTest,class,11,38,3,11,0,0.9963768,1.0,24,0,24,0,0,0,24,0,0,0,4,0,0,4,0,0,0,0,43,208,0,0,0,14,0,1,93,4,0,4,1,0,0,0,62,1,0
/Users/pouriad/repos/Cling-application/projects/mockito/test/org/mockitousage/verification/DescriptiveMessagesWhenTimesXVerificationFailsTest.java,org.mockitousage.verification.DescriptiveMessagesWhenTimesXVerificationFailsTest,class,4,4,3,6,0,1.0,1.0,2,0,2,0,0,0,2,0,0,0,1,0,0,1,0,0,0,0,14,34,0,0,0,2,0,7,4,0,0,1,1,0,0,0,30,1,0
/Users/pouriad/repos/Cling-application/projects/mockito/test/org/mockitousage/verification/OnlyVerificationTest.java,org.mockitousage.verification.OnlyVerificationTest,class,5,11,3,6,0,1.0,1.0,7,0,7,0,0,0,7,0,0,0,2,0,0,2,0,0,0,0,17,57,0,0,0,4,0,0,10,0,0,2,1,0,0,0,40,1,0
/Users/pouriad/repos/Cling-application/projects/mockito/test/org/mockitousage/verification/VerificationUsingMatchersTest.java,org.mockitousage.verification.VerificationUsingMatchersTest,class,7,8,3,17,0,1.0,1.0,4,0,4,0,0,0,4,0,0,0,1,0,0,1,0,0,0,0,34,55,0,0,0,4,0,14,17,4,0,4,1,0,0,0,40,1,0
/Users/pouriad/repos/Cling-application/projects/mockito/test/org/mockitousage/verification/VerificationInOrderMixedWithOrdiraryVerificationTest.java,org.mockitousage.verification.VerificationInOrderMixedWithOrdiraryVerificationTest,class,7,14,3,15,0,1.0,1.0,11,0,11,0,0,0,11,0,0,0,4,0,0,4,0,0,0,0,42,106,0,0,0,3,0,2,42,12,0,8,1,0,0,0,59,1,0
/Users/pouriad/repos/Cling-application/projects/mockito/test/org/mockitousage/verification/DescriptiveMessagesOnVerificationInOrderErrorsTest.java,org.mockitousage.verification.DescriptiveMessagesOnVerificationInOrderErrorsTest,class,8,15,3,13,0,1.0,1.0,8,0,8,0,0,0,8,0,0,0,4,0,0,4,0,0,0,0,23,107,0,0,0,7,0,52,27,15,8,15,1,0,0,0,65,1,0
/Users/pouriad/repos/Cling-application/projects/mockito/test/org/mockitousage/verification/OrdinaryVerificationPrintsAllInteractionsTest.java,org.mockitousage.verification.OrdinaryVerificationPrintsAllInteractionsTest,class,6,9,3,11,0,1.0,1.0,6,0,3,3,0,0,3,0,0,0,2,0,0,2,0,0,0,0,9,47,0,0,0,3,0,6,0,0,0,2,1,0,0,0,41,1,0
/Users/pouriad/repos/Cling-application/projects/mockito/test/org/mockitousage/verification/VerificationOnMultipleMocksUsingMatchersTest.java,org.mockitousage.verification.VerificationOnMultipleMocksUsingMatchersTest,class,4,2,3,20,1,0.0,0.0,2,0,2,0,0,0,2,0,0,0,0,0,0,0,0,0,0,0,30,31,0,0,0,0,0,15,11,5,0,5,0,0,0,0,28,1,0
/Users/pouriad/repos/Cling-application/projects/mockito/test/org/mockitousage/verification/VerificationWithTimeoutTest.java,org.mockitousage.verification.VerificationWithTimeoutTest,class,9,9,3,12,34,0.0,0.0,9,0,8,1,0,0,8,0,0,0,2,0,0,1,0,1,0,0,4,45,1,0,0,0,0,2,2,4,0,5,0,1,0,0,34,1,0
/Users/pouriad/repos/Cling-application/projects/mockito/test/org/mockitousage/verification/VerificationWithTimeoutTest.java,org.mockitousage.verification.VerificationWithTimeoutTest$Anonymous1,anonymous,0,2,1,3,0,NaN,NaN,1,0,1,0,0,0,1,0,0,0,0,0,0,0,0,0,0,0,1,12,0,0,0,1,0,0,0,0,0,0,1,0,0,0,6,-1,0
/Users/pouriad/repos/Cling-application/projects/mockito/test/org/mockitousage/verification/RelaxedVerificationInOrderTest.java,org.mockitousage.verification.RelaxedVerificationInOrderTest,class,8,37,3,11,0,1.0,1.0,28,0,28,0,0,0,28,0,0,0,4,0,0,4,0,0,0,0,45,187,0,0,0,9,0,0,80,4,0,4,1,0,0,0,80,1,0
/Users/pouriad/repos/Cling-application/projects/mockito/test/org/mockitousage/verification/DescriptiveMessagesWhenVerificationFailsTest.java,org.mockitousage.verification.DescriptiveMessagesWhenVerificationFailsTest$Foo,innerclass,0,1,1,0,0,NaN,NaN,1,0,1,0,0,0,1,0,0,0,0,0,0,0,0,0,0,0,0,5,1,0,0,0,0,1,0,0,0,0,0,0,0,0,3,2,0
/Users/pouriad/repos/Cling-application/projects/mockito/test/org/mockitousage/verification/DescriptiveMessagesWhenVerificationFailsTest.java,org.mockitousage.verification.DescriptiveMessagesWhenVerificationFailsTest,class,11,39,3,28,0,0.80526316,0.80526316,20,0,20,0,0,0,20,0,0,0,3,0,0,3,0,0,0,0,61,230,0,0,0,19,0,97,29,13,10,15,1,0,1,0,103,1,0
/Users/pouriad/repos/Cling-application/projects/mockito/test/org/mockitousage/verification/AtLeastXVerificationTest.java,org.mockitousage.verification.AtLeastXVerificationTest,class,5,4,3,7,0,1.0,1.0,3,0,3,0,0,0,3,0,0,0,1,0,0,1,0,0,0,0,13,26,0,0,0,1,0,4,5,0,0,1,1,0,0,0,32,1,0
/Users/pouriad/repos/Cling-application/projects/mockito/test/org/mockitousage/verification/SelectedMocksInOrderVerificationTest.java,org.mockitousage.verification.SelectedMocksInOrderVerificationTest,class,6,23,3,10,0,0.69166666,1.0,16,0,16,0,0,0,16,0,0,0,3,0,0,3,0,0,0,0,37,133,0,0,0,7,0,0,42,18,0,18,1,0,0,0,45,1,0
/Users/pouriad/repos/Cling-application/projects/mockito/test/org/mockitousage/verification/ExactNumberOfTimesVerificationTest.java,org.mockitousage.verification.ExactNumberOfTimesVerificationTest,class,6,15,3,14,0,1.0,1.0,9,0,9,0,0,0,9,0,0,0,1,0,0,1,0,0,0,0,38,87,0,0,0,6,0,21,10,2,0,2,1,0,0,0,54,1,0
/Users/pouriad/repos/Cling-application/projects/mockito/test/org/mockitousage/verification/AtMostXVerificationTest.java,org.mockitousage.verification.AtMostXVerificationTest,class,7,14,3,13,0,1.0,1.0,8,0,7,1,0,0,7,0,0,0,1,0,0,1,0,0,0,0,25,78,0,0,0,6,0,7,10,1,0,2,1,0,0,0,62,1,0
/Users/pouriad/repos/Cling-application/projects/mockito/test/org/mockitousage/verification/BasicVerificationTest.java,org.mockitousage.verification.BasicVerificationTest,class,7,13,3,13,0,1.0,1.0,8,0,8,0,0,0,8,0,0,0,2,0,0,2,0,0,0,0,21,78,0,0,0,5,0,16,0,1,0,3,1,0,0,0,45,1,0
/Users/pouriad/repos/Cling-application/projects/mockito/test/org/mockitousage/verification/VerificationInOrderTest.java,org.mockitousage.verification.VerificationInOrderTest,class,7,9,3,15,0,1.0,1.0,5,0,5,0,0,0,5,0,0,0,4,0,0,4,0,0,0,0,22,71,0,0,0,4,0,1,16,6,0,4,1,0,0,0,42,1,0
/Users/pouriad/repos/Cling-application/projects/mockito/test/org/mockitousage/packageprotected/MockingPackageProtectedTest.java,org.mockitousage.packageprotected.MockingPackageProtectedTest$Bar,innerclass,0,0,1,0,0,-1.0,-1.0,0,0,0,0,0,0,0,0,0,0,0,0,0,0,0,0,0,0,0,2,0,0,0,0,0,0,0,0,0,0,0,0,0,0,1,0,0
/Users/pouriad/repos/Cling-application/projects/mockito/test/org/mockitousage/packageprotected/MockingPackageProtectedTest.java,org.mockitousage.packageprotected.MockingPackageProtectedTest$Foo,innerclass,0,0,1,0,0,-1.0,-1.0,0,0,0,0,0,0,0,0,0,0,0,0,0,0,0,0,0,0,0,2,0,0,0,0,0,0,0,0,0,0,0,0,0,0,1,8,0
/Users/pouriad/repos/Cling-application/projects/mockito/test/org/mockitousage/packageprotected/MockingPackageProtectedTest.java,org.mockitousage.packageprotected.MockingPackageProtectedTest,class,6,1,3,3,0,NaN,NaN,1,0,1,0,0,0,1,0,0,0,0,0,0,0,0,0,0,0,3,11,0,0,0,0,0,0,0,0,0,0,0,0,2,0,9,1,0
/Users/pouriad/repos/Cling-application/projects/mockito/test/org/mockitousage/packageprotected/PackageProtected.java,org.mockitousage.packageprotected.PackageProtected,class,0,0,1,0,0,-1.0,-1.0,0,0,0,0,0,0,0,0,0,0,0,0,0,0,0,0,0,0,0,2,0,0,0,0,0,0,0,0,0,0,0,0,0,0,2,0,0
/Users/pouriad/repos/Cling-application/projects/mockito/test/org/mockitousage/puzzlers/OverloadingPuzzleTest.java,org.mockitousage.puzzlers.OverloadingPuzzleTest$Sub,interface,1,1,1,0,0,NaN,NaN,1,0,0,0,0,1,1,0,0,0,0,0,0,0,0,0,0,0,0,3,0,0,0,0,0,0,0,0,0,0,0,0,0,0,4,2,0
/Users/pouriad/repos/Cling-application/projects/mockito/test/org/mockitousage/puzzlers/OverloadingPuzzleTest.java,org.mockitousage.puzzlers.OverloadingPuzzleTest$Super,interface,0,1,1,0,0,NaN,NaN,1,0,0,0,0,1,1,0,0,0,0,0,0,0,0,0,0,0,0,3,0,0,0,0,0,0,0,0,0,0,0,0,0,0,4,2,0
/Users/pouriad/repos/Cling-application/projects/mockito/test/org/mockitousage/puzzlers/OverloadingPuzzleTest.java,org.mockitousage.puzzlers.OverloadingPuzzleTest,class,6,4,3,7,0,NaN,NaN,3,0,1,2,0,0,1,0,0,0,1,0,0,1,0,0,0,0,2,26,0,0,0,1,0,2,0,2,0,2,1,0,2,0,29,1,0
/Users/pouriad/repos/Cling-application/projects/mockito/test/org/mockitousage/puzzlers/BridgeMethodPuzzleTest.java,org.mockitousage.puzzlers.BridgeMethodPuzzleTest$Sub,innerclass,1,1,2,0,0,NaN,NaN,1,0,1,0,0,0,1,0,0,0,0,0,0,0,0,0,0,0,0,5,1,0,0,0,0,1,0,0,1,0,0,0,0,0,3,2,0
/Users/pouriad/repos/Cling-application/projects/mockito/test/org/mockitousage/puzzlers/BridgeMethodPuzzleTest.java,org.mockitousage.puzzlers.BridgeMethodPuzzleTest,class,7,4,4,9,0,0.0,0.0,4,0,2,2,0,0,2,0,0,0,1,0,0,0,0,1,0,0,6,31,0,0,0,0,0,7,0,3,0,3,0,0,2,0,62,1,0
/Users/pouriad/repos/Cling-application/projects/mockito/test/org/mockitousage/puzzlers/BridgeMethodPuzzleTest.java,org.mockitousage.puzzlers.BridgeMethodPuzzleTest$Super,innerclass,1,1,1,0,0,NaN,NaN,1,0,1,0,0,0,1,0,0,0,0,0,0,0,0,0,0,0,0,5,1,0,0,0,0,1,0,0,1,0,0,0,0,0,3,2,0
/Users/pouriad/repos/Cling-application/projects/mockito/test/org/mockitousage/examples/use/ArticleManager.java,org.mockitousage.examples.use.ArticleManager,class,3,4,1,9,0,1.0,1.0,3,0,3,0,0,0,3,0,0,0,2,0,0,2,0,0,2,0,0,23,0,1,0,0,0,1,0,6,1,6,1,0,0,0,16,1,0
/Users/pouriad/repos/Cling-application/projects/mockito/test/org/mockitousage/examples/use/ArticleCalculator.java,org.mockitousage.examples.use.ArticleCalculator,interface,1,4,1,0,6,0.0,0.0,4,0,0,0,0,4,4,0,0,0,0,0,0,0,0,0,0,0,0,6,0,0,0,0,0,0,0,0,0,0,0,0,0,0,13,1,0
/Users/pouriad/repos/Cling-application/projects/mockito/test/org/mockitousage/examples/use/Article.java,org.mockitousage.examples.use.Article,class,0,2,1,0,0,1.0,1.0,2,0,2,0,0,0,2,0,0,0,1,0,0,1,0,0,0,0,0,9,1,0,0,0,0,0,0,1,0,1,0,0,0,0,8,1,0
/Users/pouriad/repos/Cling-application/projects/mockito/test/org/mockitousage/examples/use/ExampleTest.java,org.mockitousage.examples.use.ExampleTest,class,14,6,3,23,0,1.0,1.0,6,0,6,0,0,0,6,0,0,0,3,0,0,3,0,0,0,0,27,51,0,0,0,0,0,16,13,7,0,9,0,0,0,0,36,1,0
/Users/pouriad/repos/Cling-application/projects/mockito/test/org/mockitousage/examples/use/ArticleDatabase.java,org.mockitousage.examples.use.ArticleDatabase,class,1,5,1,0,10,0.0,0.0,5,0,5,0,0,0,5,0,0,0,0,0,0,0,0,0,0,0,0,13,1,0,0,0,0,0,0,0,0,0,0,0,0,0,17,1,0
/Users/pouriad/repos/Cling-application/projects/mockito/test/org/mockitousage/PlaygroundWithDemoOfUnclonedParametersProblemTest.java,org.mockitousage.PlaygroundWithDemoOfUnclonedParametersProblemTest$Anonymous1,anonymous,2,1,1,2,0,NaN,NaN,1,0,1,0,0,0,1,0,0,0,0,0,0,0,0,0,0,0,0,7,1,0,0,0,0,0,1,1,0,1,0,0,0,0,14,-1,0
/Users/pouriad/repos/Cling-application/projects/mockito/test/org/mockitousage/PlaygroundWithDemoOfUnclonedParametersProblemTest.java,org.mockitousage.PlaygroundWithDemoOfUnclonedParametersProblemTest$ImportLogDao,interface,1,3,1,0,3,0.0,0.0,3,0,1,0,0,2,3,0,0,0,0,0,0,0,0,0,0,0,0,5,0,0,0,0,0,0,0,0,0,0,0,0,0,0,14,2,0
/Users/pouriad/repos/Cling-application/projects/mockito/test/org/mockitousage/PlaygroundWithDemoOfUnclonedParametersProblemTest.java,org.mockitousage.PlaygroundWithDemoOfUnclonedParametersProblemTest$IImportHandler,innerclass,0,0,1,0,0,-1.0,-1.0,0,0,0,0,0,0,0,0,0,0,0,0,0,0,0,0,0,0,0,2,0,0,0,0,0,0,0,0,0,0,0,0,0,0,3,2,0
/Users/pouriad/repos/Cling-application/projects/mockito/test/org/mockitousage/PlaygroundWithDemoOfUnclonedParametersProblemTest.java,org.mockitousage.PlaygroundWithDemoOfUnclonedParametersProblemTest$ImportLogBean,innerclass,1,10,1,2,0,0.8333333,1.0,4,0,4,0,0,0,4,0,0,0,3,0,0,3,0,0,0,0,0,27,7,0,6,0,1,0,3,7,4,5,1,0,0,0,20,2,0
/Users/pouriad/repos/Cling-application/projects/mockito/test/org/mockitousage/PlaygroundWithDemoOfUnclonedParametersProblemTest.java,org.mockitousage.PlaygroundWithDemoOfUnclonedParametersProblemTest,class,15,4,3,15,0,1.0,1.0,4,0,3,1,0,0,3,0,0,0,3,0,0,0,0,3,0,0,12,111,1,0,0,0,0,1,10,9,0,9,0,1,4,0,42,1,0
/Users/pouriad/repos/Cling-application/projects/mockito/test/org/mockitousage/PlaygroundWithDemoOfUnclonedParametersProblemTest.java,org.mockitousage.PlaygroundWithDemoOfUnclonedParametersProblemTest$ImportManager,innerclass,3,9,1,7,0,0.0,0.0,5,0,2,3,0,0,2,0,0,0,1,0,0,1,0,0,0,0,0,37,2,0,2,1,0,0,4,5,0,3,2,0,0,0,20,1,0
/Users/pouriad/repos/Cling-application/projects/mockito/test/org/mockitousage/PlaygroundTest.java,org.mockitousage.PlaygroundTest,class,5,2,3,0,1,0.0,0.0,2,0,2,0,0,0,2,0,0,0,2,0,0,0,0,2,0,0,0,24,0,0,0,0,0,0,0,0,0,2,0,0,2,0,13,1,0
/Users/pouriad/repos/Cling-application/projects/mockito/test/org/mockitousage/PlaygroundTest.java,org.mockitousage.PlaygroundTest$Foo,innerclass,0,2,1,0,1,0.0,0.0,2,0,0,0,1,1,2,0,0,0,0,0,0,0,0,0,0,0,0,8,2,0,0,0,0,1,1,0,0,0,0,0,0,0,6,8,0
/Users/pouriad/repos/Cling-application/projects/mockito/test/org/mockitousage/PlaygroundTest.java,org.mockitousage.PlaygroundTest$Boo,innerclass,0,2,1,0,1,0.0,0.0,2,0,2,0,0,0,2,0,1,0,0,0,0,0,0,0,0,0,0,8,2,0,0,0,0,2,0,0,0,0,0,0,0,0,6,0,0
/Users/pouriad/repos/Cling-application/projects/mockito/test/org/mockitousage/stubbing/SmartNullsStubbingTest.java,org.mockitousage.stubbing.SmartNullsStubbingTest$Bar,interface,0,1,1,0,0,NaN,NaN,1,0,0,0,0,1,1,0,0,0,0,0,0,0,0,0,0,0,0,3,0,0,0,0,0,0,0,0,0,0,0,0,0,0,2,0,0
/Users/pouriad/repos/Cling-application/projects/mockito/test/org/mockitousage/stubbing/SmartNullsStubbingTest.java,org.mockitousage.stubbing.SmartNullsStubbingTest$Foo,innerclass,2,3,1,0,3,0.0,0.0,3,0,0,0,0,3,3,0,0,0,0,0,0,0,0,0,0,0,0,10,2,0,0,0,0,0,0,0,0,0,0,0,0,0,8,0,0
/Users/pouriad/repos/Cling-application/projects/mockito/test/org/mockitousage/stubbing/SmartNullsStubbingTest.java,org.mockitousage.stubbing.SmartNullsStubbingTest,class,8,12,3,22,0,0.53571427,0.53571427,8,0,8,0,0,0,8,0,0,0,1,0,0,1,0,0,0,0,6,72,1,0,0,4,0,2,2,9,0,9,1,0,2,0,53,1,0
/Users/pouriad/repos/Cling-application/projects/mockito/test/org/mockitousage/stubbing/StubbingWithThrowablesTest.java,org.mockitousage.stubbing.StubbingWithThrowablesTest$ExceptionOne,innerclass,0,0,4,0,0,-1.0,-1.0,0,0,0,0,0,0,0,0,0,0,0,0,0,0,0,0,0,0,0,2,0,0,0,0,0,0,0,0,0,0,0,0,0,0,3,2,0
/Users/pouriad/repos/Cling-application/projects/mockito/test/org/mockitousage/stubbing/StubbingWithThrowablesTest.java,org.mockitousage.stubbing.StubbingWithThrowablesTest$ExceptionFour,innerclass,0,0,4,0,0,-1.0,-1.0,0,0,0,0,0,0,0,0,0,0,0,0,0,0,0,0,0,0,0,2,0,0,0,0,0,0,0,0,0,0,0,0,0,0,3,2,0
/Users/pouriad/repos/Cling-application/projects/mockito/test/org/mockitousage/stubbing/StubbingWithThrowablesTest.java,org.mockitousage.stubbing.StubbingWithThrowablesTest$ExceptionThree,innerclass,0,0,4,0,0,-1.0,-1.0,0,0,0,0,0,0,0,0,0,0,0,0,0,0,0,0,0,0,0,2,0,0,0,0,0,0,0,0,0,0,0,0,0,0,3,2,0
/Users/pouriad/repos/Cling-application/projects/mockito/test/org/mockitousage/stubbing/StubbingWithThrowablesTest.java,org.mockitousage.stubbing.StubbingWithThrowablesTest$ExceptionTwo,innerclass,0,0,4,0,0,-1.0,-1.0,0,0,0,0,0,0,0,0,0,0,0,0,0,0,0,0,0,0,0,2,0,0,0,0,0,0,0,0,0,0,0,0,0,0,3,2,0
/Users/pouriad/repos/Cling-application/projects/mockito/test/org/mockitousage/stubbing/StubbingWithThrowablesTest.java,org.mockitousage.stubbing.StubbingWithThrowablesTest,class,11,27,15,36,0,1.0,1.0,12,0,12,0,0,0,12,0,0,0,2,0,0,2,0,0,0,0,30,166,0,0,0,15,0,23,2,7,0,7,1,0,4,0,75,1,0
/Users/pouriad/repos/Cling-application/projects/mockito/test/org/mockitousage/stubbing/StubbingConsecutiveAnswersTest.java,org.mockitousage.stubbing.StubbingConsecutiveAnswersTest,class,8,28,3,13,0,1.0,1.0,11,0,11,0,0,0,11,0,0,0,1,0,0,1,0,0,0,0,11,161,0,0,0,17,0,29,0,0,0,1,1,0,0,0,47,1,0
/Users/pouriad/repos/Cling-application/projects/mockito/test/org/mockitousage/stubbing/DeepStubbingTest.java,org.mockitousage.stubbing.DeepStubbingTest$FinalClass,innerclass,0,0,1,0,0,-1.0,-1.0,0,0,0,0,0,0,0,0,0,0,0,0,0,0,0,0,0,0,0,2,0,0,0,0,0,0,0,0,0,0,0,0,0,0,2,24,0
/Users/pouriad/repos/Cling-application/projects/mockito/test/org/mockitousage/stubbing/DeepStubbingTest.java,org.mockitousage.stubbing.DeepStubbingTest$Person,innerclass,2,2,1,0,1,0.0,0.0,2,0,2,0,0,0,2,0,0,0,1,0,0,0,0,1,0,0,0,9,2,0,0,0,0,0,0,0,0,1,0,0,0,0,7,8,0
/Users/pouriad/repos/Cling-application/projects/mockito/test/org/mockitousage/stubbing/DeepStubbingTest.java,org.mockitousage.stubbing.DeepStubbingTest$Street,innerclass,0,1,1,0,0,NaN,NaN,1,0,1,0,0,0,1,0,0,0,1,0,0,0,0,1,0,0,0,6,1,0,0,0,0,0,0,0,0,1,0,0,0,0,4,8,0
/Users/pouriad/repos/Cling-application/projects/mockito/test/org/mockitousage/stubbing/DeepStubbingTest.java,org.mockitousage.stubbing.DeepStubbingTest$Address,innerclass,1,1,1,0,0,NaN,NaN,1,0,1,0,0,0,1,0,0,0,1,0,0,0,0,1,0,0,0,6,1,0,0,0,0,0,0,0,0,1,0,0,0,0,4,8,0
/Users/pouriad/repos/Cling-application/projects/mockito/test/org/mockitousage/stubbing/DeepStubbingTest.java,org.mockitousage.stubbing.DeepStubbingTest,class,11,12,3,28,54,0.045454547,0.045454547,12,0,12,0,0,0,12,0,0,0,1,0,0,0,0,1,0,0,43,113,0,0,0,0,0,19,23,27,0,27,0,0,4,0,83,1,0
/Users/pouriad/repos/Cling-application/projects/mockito/test/org/mockitousage/stubbing/ReturningDefaultValuesTest.java,org.mockitousage.stubbing.ReturningDefaultValuesTest,class,6,4,3,29,0,0.16666667,0.16666667,4,0,4,0,0,0,4,0,0,0,1,0,0,1,0,0,0,0,2,51,0,0,0,0,0,2,18,3,0,4,0,0,1,0,41,1,0
/Users/pouriad/repos/Cling-application/projects/mockito/test/org/mockitousage/stubbing/ReturningDefaultValuesTest.java,org.mockitousage.stubbing.ReturningDefaultValuesTest$CollectionsServer,innerclass,0,4,1,0,6,0.0,0.0,4,0,0,0,0,4,4,0,0,0,0,0,0,0,0,0,0,0,0,14,4,0,0,0,0,0,0,0,0,0,0,0,0,0,11,2,0
/Users/pouriad/repos/Cling-application/projects/mockito/test/org/mockitousage/stubbing/BasicStubbingTest.java,org.mockitousage.stubbing.BasicStubbingTest$Foo,innerclass,0,1,1,0,0,NaN,NaN,1,0,1,0,0,0,1,0,1,0,0,0,0,0,0,0,0,0,0,5,1,0,0,0,0,1,0,0,0,0,0,0,0,0,3,0,0
/Users/pouriad/repos/Cling-application/projects/mockito/test/org/mockitousage/stubbing/BasicStubbingTest.java,org.mockitousage.stubbing.BasicStubbingTest,class,9,10,3,23,0,0.75,0.75,8,0,8,0,0,0,8,0,0,0,1,0,0,1,0,0,0,0,19,58,0,0,0,2,0,14,7,4,2,4,1,0,1,0,56,1,0
/Users/pouriad/repos/Cling-application/projects/mockito/test/org/mockitousage/stubbing/StubbingUsingDoReturnTest.java,org.mockitousage.stubbing.StubbingUsingDoReturnTest$FooCheckedException,innerclass,0,0,3,0,0,-1.0,-1.0,0,0,0,0,0,0,0,0,0,0,0,0,0,0,0,0,0,0,0,2,0,0,0,0,0,0,0,0,0,0,0,0,0,0,3,0,0
/Users/pouriad/repos/Cling-application/projects/mockito/test/org/mockitousage/stubbing/StubbingUsingDoReturnTest.java,org.mockitousage.stubbing.StubbingUsingDoReturnTest,class,11,32,8,31,0,0.7017544,0.7017544,19,0,19,0,0,0,19,0,0,0,1,0,0,1,0,0,0,0,37,169,0,0,0,13,0,40,8,0,1,1,1,1,2,0,91,1,0
/Users/pouriad/repos/Cling-application/projects/mockito/test/org/mockitousage/stubbing/StubbingUsingDoReturnTest.java,org.mockitousage.stubbing.StubbingUsingDoReturnTest$FooRuntimeException,innerclass,0,0,4,0,0,-1.0,-1.0,0,0,0,0,0,0,0,0,0,0,0,0,0,0,0,0,0,0,0,2,0,0,0,0,0,0,0,0,0,0,0,0,0,0,3,0,0
/Users/pouriad/repos/Cling-application/projects/mockito/test/org/mockitousage/stubbing/StubbingUsingDoReturnTest.java,org.mockitousage.stubbing.StubbingUsingDoReturnTest$Anonymous1,anonymous,1,1,1,0,0,NaN,NaN,1,0,1,0,0,0,1,0,0,0,0,0,0,0,0,0,0,0,0,5,1,0,0,0,0,1,0,0,0,0,0,0,0,0,7,-1,0
/Users/pouriad/repos/Cling-application/projects/mockito/test/org/mockitousage/stubbing/CloningParameterTest.java,org.mockitousage.stubbing.CloningParameterTest,class,8,3,3,9,3,0.0,0.0,3,0,2,1,0,0,2,0,0,0,0,0,0,0,0,0,0,0,4,56,0,0,0,0,0,4,2,4,0,4,0,0,2,0,32,1,0
/Users/pouriad/repos/Cling-application/projects/mockito/test/org/mockitousage/stubbing/CloningParameterTest.java,org.mockitousage.stubbing.CloningParameterTest$Person,innerclass,2,15,1,6,0,0.8333333,1.0,5,0,4,1,0,0,4,0,0,0,2,0,0,2,0,0,1,0,0,34,10,0,7,0,3,0,5,8,6,5,2,0,0,0,22,1,0
/Users/pouriad/repos/Cling-application/projects/mockito/test/org/mockitousage/stubbing/CloningParameterTest.java,org.mockitousage.stubbing.CloningParameterTest$EmailSender,interface,1,2,1,0,1,0.0,0.0,2,0,0,0,0,2,2,0,0,0,0,0,0,0,0,0,0,0,0,4,0,0,0,0,0,0,0,0,0,0,0,0,0,0,8,1,0
/Users/pouriad/repos/Cling-application/projects/mockito/test/org/mockitousage/stubbing/CallingRealMethodTest.java,org.mockitousage.stubbing.CallingRealMethodTest$TestedObject,innerclass,1,3,1,1,3,0.0,0.0,3,0,0,0,0,3,3,0,0,0,1,0,0,0,0,1,0,0,0,12,2,0,0,0,0,1,0,1,0,1,0,0,0,0,9,8,0
/Users/pouriad/repos/Cling-application/projects/mockito/test/org/mockitousage/stubbing/CallingRealMethodTest.java,org.mockitousage.stubbing.CallingRealMethodTest,class,8,5,3,12,0,0.3,0.3,5,0,5,0,0,0,5,0,0,0,1,0,0,0,0,1,0,0,9,39,0,0,0,0,0,8,0,2,0,3,0,0,1,0,27,1,0
/Users/pouriad/repos/Cling-application/projects/mockito/test/org/mockitousage/stubbing/StubbingWithExtraAnswersTest.java,org.mockitousage.stubbing.StubbingWithExtraAnswersTest,class,7,4,3,6,1,0.33333334,0.33333334,3,0,3,0,0,0,3,0,0,0,1,0,0,1,0,0,0,0,4,27,0,0,0,1,0,0,10,2,0,3,1,0,0,0,34,1,0
/Users/pouriad/repos/Cling-application/projects/mockito/test/org/mockitousage/stubbing/StubbingWithCustomAnswerTest.java,org.mockitousage.stubbing.StubbingWithCustomAnswerTest$Anonymous4,anonymous,1,1,1,6,0,NaN,NaN,1,0,1,0,0,0,1,0,0,0,0,0,0,0,0,0,0,0,0,7,1,0,0,0,0,1,0,0,0,0,0,0,0,0,9,-1,0
/Users/pouriad/repos/Cling-application/projects/mockito/test/org/mockitousage/stubbing/StubbingWithCustomAnswerTest.java,org.mockitousage.stubbing.StubbingWithCustomAnswerTest$RecordCall,innerclass,2,2,1,0,0,1.0,1.0,2,0,2,0,0,0,2,0,0,0,1,0,0,1,0,0,0,0,0,10,2,0,0,0,0,0,0,2,0,1,0,0,0,0,16,10,0
/Users/pouriad/repos/Cling-application/projects/mockito/test/org/mockitousage/stubbing/StubbingWithCustomAnswerTest.java,org.mockitousage.stubbing.StubbingWithCustomAnswerTest,class,10,6,3,16,0,1.0,1.0,5,0,5,0,0,0,5,0,0,0,1,0,0,1,0,0,0,0,7,73,0,0,0,1,0,11,0,3,0,4,1,4,1,0,39,1,0
/Users/pouriad/repos/Cling-application/projects/mockito/test/org/mockitousage/stubbing/StubbingWithCustomAnswerTest.java,org.mockitousage.stubbing.StubbingWithCustomAnswerTest$Anonymous1,anonymous,1,1,1,3,0,NaN,NaN,1,0,1,0,0,0,1,0,0,0,0,0,0,0,0,0,0,0,0,6,1,0,0,0,0,1,1,1,1,1,0,0,0,0,7,-1,0
/Users/pouriad/repos/Cling-application/projects/mockito/test/org/mockitousage/stubbing/StubbingWithCustomAnswerTest.java,org.mockitousage.stubbing.StubbingWithCustomAnswerTest$Anonymous2,anonymous,1,1,1,2,0,NaN,NaN,1,0,1,0,0,0,1,0,0,0,0,0,0,0,0,0,0,0,0,5,1,0,0,0,0,0,0,0,0,0,0,0,0,0,6,-1,0
/Users/pouriad/repos/Cling-application/projects/mockito/test/org/mockitousage/stubbing/StubbingWithCustomAnswerTest.java,org.mockitousage.stubbing.StubbingWithCustomAnswerTest$Anonymous3,anonymous,1,1,1,2,0,NaN,NaN,1,0,1,0,0,0,1,0,0,0,0,0,0,0,0,0,0,0,0,5,1,0,0,0,0,1,0,0,1,0,0,0,0,0,6,-1,0
/Users/pouriad/repos/Cling-application/projects/mockito/test/org/mockitousage/stubbing/DeprecatedStubbingTest.java,org.mockitousage.stubbing.DeprecatedStubbingTest,class,9,7,3,22,0,1.0,1.0,6,0,6,0,0,0,6,0,0,0,1,0,0,1,0,0,0,0,13,39,0,0,0,1,0,12,7,2,0,2,1,0,0,0,41,1,0
/Users/pouriad/repos/Cling-application/projects/mockito/test/org/mockitousage/matchers/AnyXMatchersAcceptNullsTest.java,org.mockitousage.matchers.AnyXMatchersAcceptNullsTest,class,7,3,3,35,0,1.0,1.0,3,0,3,0,0,0,3,0,0,0,1,0,0,1,0,0,0,0,29,38,0,0,0,0,0,29,0,1,0,1,0,0,0,0,35,1,0
/Users/pouriad/repos/Cling-application/projects/mockito/test/org/mockitousage/matchers/CustomMatchersTest.java,org.mockitousage.matchers.CustomMatchersTest$ContainsFoo,innerclass,1,1,3,1,0,NaN,NaN,1,0,1,0,0,0,1,0,0,0,0,0,0,0,0,0,0,0,0,5,1,0,0,0,1,1,0,0,0,0,0,0,0,0,5,18,0
/Users/pouriad/repos/Cling-application/projects/mockito/test/org/mockitousage/matchers/CustomMatchersTest.java,org.mockitousage.matchers.CustomMatchersTest$IsAnyBoolean,innerclass,1,1,3,0,0,NaN,NaN,1,0,1,0,0,0,1,0,0,0,0,0,0,0,0,0,0,0,0,5,1,0,0,0,0,0,0,0,0,0,0,0,0,0,7,18,0
/Users/pouriad/repos/Cling-application/projects/mockito/test/org/mockitousage/matchers/CustomMatchersTest.java,org.mockitousage.matchers.CustomMatchersTest$IsZeroOrOne,innerclass,2,3,3,1,0,NaN,NaN,1,0,1,0,0,0,1,0,0,0,0,0,0,0,0,0,0,0,0,9,2,0,2,0,0,0,2,1,0,1,1,0,0,0,7,18,0
/Users/pouriad/repos/Cling-application/projects/mockito/test/org/mockitousage/matchers/CustomMatchersTest.java,org.mockitousage.matchers.CustomMatchersTest$IsSorZ,innerclass,1,1,3,1,0,NaN,NaN,1,0,1,0,0,0,1,0,0,0,0,0,0,0,0,0,0,0,0,6,1,0,0,0,0,0,0,1,0,1,0,0,0,0,8,18,0
/Users/pouriad/repos/Cling-application/projects/mockito/test/org/mockitousage/matchers/CustomMatchersTest.java,org.mockitousage.matchers.CustomMatchersTest$Article,innerclass,0,3,1,0,0,0.6666667,1.0,3,0,3,0,0,0,3,0,0,0,2,0,0,2,0,0,0,0,0,15,2,0,0,0,0,0,0,2,0,2,0,0,0,0,7,0,0
/Users/pouriad/repos/Cling-application/projects/mockito/test/org/mockitousage/matchers/CustomMatchersTest.java,org.mockitousage.matchers.CustomMatchersTest$StringThatContainsXxx,innerclass,1,1,3,1,0,NaN,NaN,1,0,1,0,0,0,1,0,0,0,0,0,0,0,0,0,0,0,0,6,1,0,0,0,0,1,0,1,0,1,0,0,0,0,8,18,0
/Users/pouriad/repos/Cling-application/projects/mockito/test/org/mockitousage/matchers/CustomMatchersTest.java,org.mockitousage.matchers.CustomMatchersTest$Anonymous1,anonymous,0,1,1,0,0,NaN,NaN,1,0,1,0,0,0,1,0,0,0,0,0,0,0,0,0,0,0,0,5,1,0,0,0,0,0,0,0,0,0,0,0,0,0,4,-1,0
/Users/pouriad/repos/Cling-application/projects/mockito/test/org/mockitousage/matchers/CustomMatchersTest.java,org.mockitousage.matchers.CustomMatchersTest,class,13,10,13,29,0,1.0,1.0,8,0,7,1,0,0,7,0,0,0,1,0,0,1,0,0,0,0,26,114,1,0,0,2,0,29,7,1,0,1,1,1,6,0,61,1,0
/Users/pouriad/repos/Cling-application/projects/mockito/test/org/mockitousage/matchers/HamcrestMatchersTest.java,org.mockitousage.matchers.HamcrestMatchersTest$ContainsX,innerclass,2,2,2,2,1,0.0,0.0,2,0,2,0,0,0,2,0,0,0,0,0,0,0,0,0,0,0,0,8,1,0,0,0,1,2,0,0,0,0,0,0,0,0,9,18,0
/Users/pouriad/repos/Cling-application/projects/mockito/test/org/mockitousage/matchers/HamcrestMatchersTest.java,org.mockitousage.matchers.HamcrestMatchersTest,class,9,3,4,10,0,1.0,1.0,2,0,2,0,0,0,2,0,0,0,1,0,0,1,0,0,0,0,5,26,0,0,0,1,0,6,0,0,0,1,1,0,1,0,26,1,0
/Users/pouriad/repos/Cling-application/projects/mockito/test/org/mockitousage/matchers/VerificationAndStubbingUsingMatchersTest.java,org.mockitousage.matchers.VerificationAndStubbingUsingMatchersTest,class,8,6,3,23,0,1.0,1.0,3,0,3,0,0,0,3,0,0,0,3,0,0,3,0,0,0,0,26,53,0,0,0,3,0,28,10,3,0,3,1,0,0,0,42,1,0
/Users/pouriad/repos/Cling-application/projects/mockito/test/org/mockitousage/matchers/CapturingArgumentsTest.java,org.mockitousage.matchers.CapturingArgumentsTest$EmailService,interface,1,1,1,0,0,NaN,NaN,1,0,0,0,0,1,1,0,0,0,0,0,0,0,0,0,0,0,0,3,0,0,0,0,0,0,0,0,0,0,0,0,0,0,6,0,0
/Users/pouriad/repos/Cling-application/projects/mockito/test/org/mockitousage/matchers/CapturingArgumentsTest.java,org.mockitousage.matchers.CapturingArgumentsTest$Person,innerclass,0,2,1,0,0,1.0,1.0,2,0,2,0,0,0,2,0,0,0,1,0,0,1,0,0,1,0,0,9,1,0,0,0,0,0,0,1,0,1,0,0,0,0,5,0,0
/Users/pouriad/repos/Cling-application/projects/mockito/test/org/mockitousage/matchers/CapturingArgumentsTest.java,org.mockitousage.matchers.CapturingArgumentsTest$Emailer,innerclass,2,3,1,1,0,1.0,1.0,2,0,2,0,0,0,2,0,0,0,1,0,0,1,0,0,0,0,0,12,0,1,0,0,0,0,0,2,0,2,1,0,0,0,10,0,0
/Users/pouriad/repos/Cling-application/projects/mockito/test/org/mockitousage/matchers/CapturingArgumentsTest.java,org.mockitousage.matchers.CapturingArgumentsTest,class,11,13,3,35,13,0.29090908,0.29090908,11,0,11,0,0,0,11,0,0,0,3,0,0,0,0,3,0,0,28,109,0,0,0,2,0,9,25,16,0,17,1,0,3,0,66,1,0
/Users/pouriad/repos/Cling-application/projects/mockito/test/org/mockitousage/matchers/MatchersMixedWithRawArgumentsTest.java,org.mockitousage.matchers.MatchersMixedWithRawArgumentsTest,class,7,1,3,5,0,NaN,NaN,1,0,1,0,0,0,1,0,0,0,1,0,0,1,0,0,0,0,4,8,0,0,0,0,0,6,0,0,0,1,0,0,0,0,26,1,0
/Users/pouriad/repos/Cling-application/projects/mockito/test/org/mockitousage/matchers/MatchersTest.java,org.mockitousage.matchers.MatchersTest,class,17,35,3,149,0,1.0,1.0,33,0,33,0,0,0,33,0,0,0,1,0,0,1,0,0,0,0,304,377,0,0,0,2,0,324,196,7,0,6,1,0,0,0,97,1,0
/Users/pouriad/repos/Cling-application/projects/mockito/test/org/mockitousage/matchers/CustomMatcherDoesYieldCCETest.java,org.mockitousage.matchers.CustomMatcherDoesYieldCCETest$Anonymous1,anonymous,0,1,1,1,0,NaN,NaN,1,0,1,0,0,0,1,0,0,0,0,0,0,0,0,0,0,0,0,6,1,0,0,0,0,1,0,1,0,1,0,0,0,0,4,-1,0
/Users/pouriad/repos/Cling-application/projects/mockito/test/org/mockitousage/matchers/CustomMatcherDoesYieldCCETest.java,org.mockitousage.matchers.CustomMatcherDoesYieldCCETest,class,9,3,3,6,1,NaN,NaN,2,0,1,1,0,0,1,0,0,0,1,0,0,1,0,0,0,0,2,21,1,0,0,1,0,0,0,0,0,1,1,1,0,0,28,1,0
/Users/pouriad/repos/Cling-application/projects/mockito/test/org/mockitousage/matchers/GenericMatchersTest.java,org.mockitousage.matchers.GenericMatchersTest,class,7,1,3,8,0,NaN,NaN,1,0,1,0,0,0,1,0,0,0,1,0,0,0,0,1,0,0,5,12,0,0,0,0,0,3,0,0,0,1,0,0,1,0,14,1,0
/Users/pouriad/repos/Cling-application/projects/mockito/test/org/mockitousage/matchers/GenericMatchersTest.java,org.mockitousage.matchers.GenericMatchersTest$Foo,interface,0,2,1,0,1,0.0,0.0,2,0,0,0,0,2,2,0,0,0,0,0,0,0,0,0,0,0,0,4,0,0,0,0,0,0,0,0,0,0,0,0,0,0,7,2,0
/Users/pouriad/repos/Cling-application/projects/mockito/test/org/mockitousage/matchers/NewMatchersTest.java,org.mockitousage.matchers.NewMatchersTest,class,7,5,3,15,0,1.0,1.0,5,0,5,0,0,0,5,0,0,0,1,0,0,1,0,0,0,0,23,30,0,0,0,0,0,17,4,1,0,1,0,0,0,0,22,1,0
/Users/pouriad/repos/Cling-application/projects/mockito/test/org/mockitousage/matchers/ReflectionMatchersTest.java,org.mockitousage.matchers.ReflectionMatchersTest$Child,innerclass,1,1,2,0,0,NaN,NaN,1,0,1,0,0,0,1,0,0,0,2,0,0,2,0,0,0,0,0,9,0,0,0,0,0,0,0,2,0,2,0,0,0,0,7,0,0
/Users/pouriad/repos/Cling-application/projects/mockito/test/org/mockitousage/matchers/ReflectionMatchersTest.java,org.mockitousage.matchers.ReflectionMatchersTest$MockMe,interface,1,1,1,0,0,NaN,NaN,1,0,0,0,0,1,1,0,0,0,0,0,0,0,0,0,0,0,0,3,0,0,0,0,0,0,0,0,0,0,0,0,0,0,5,0,0
/Users/pouriad/repos/Cling-application/projects/mockito/test/org/mockitousage/matchers/ReflectionMatchersTest.java,org.mockitousage.matchers.ReflectionMatchersTest,class,9,9,4,4,0,1.0,1.0,9,0,9,0,0,0,9,0,0,0,1,0,0,0,0,1,0,0,19,61,0,0,0,0,0,25,18,10,0,10,0,0,3,0,32,1,0
/Users/pouriad/repos/Cling-application/projects/mockito/test/org/mockitousage/matchers/ReflectionMatchersTest.java,org.mockitousage.matchers.ReflectionMatchersTest$Parent,innerclass,0,1,1,0,0,NaN,NaN,1,0,1,0,0,0,1,0,0,0,2,0,0,1,1,0,0,0,0,8,0,0,0,0,0,0,0,2,0,2,0,0,0,0,4,0,0
/Users/pouriad/repos/Cling-application/projects/mockito/test/org/mockitousage/matchers/InvalidUseOfMatchersTest.java,org.mockitousage.matchers.InvalidUseOfMatchersTest,class,9,9,3,13,0,0.5,0.5,4,0,4,0,0,0,4,0,0,0,1,0,0,1,0,0,0,0,15,50,0,0,0,5,0,15,3,0,0,1,1,0,0,0,35,1,0
/Users/pouriad/repos/Cling-application/projects/mockito/test/org/mockitousage/matchers/MoreMatchersTest.java,org.mockitousage.matchers.MoreMatchersTest,class,7,5,3,18,0,1.0,1.0,5,0,5,0,0,0,5,0,0,0,1,0,0,1,0,0,0,0,15,27,0,0,0,0,0,12,0,0,0,1,0,0,0,0,33,1,0
/Users/pouriad/repos/Cling-application/projects/mockito/test/org/mockitousage/stacktrace/PointingStackTraceToActualInvocationInOrderTest.java,org.mockitousage.stacktrace.PointingStackTraceToActualInvocationInOrderTest,class,11,17,3,14,0,1.0,1.0,11,0,7,4,0,0,7,0,0,0,3,0,0,3,0,0,0,0,25,87,0,0,0,6,0,6,11,1,0,3,1,0,0,0,43,1,0
/Users/pouriad/repos/Cling-application/projects/mockito/test/org/mockitousage/stacktrace/PointingStackTraceToActualInvocationChunkInOrderTest.java,org.mockitousage.stacktrace.PointingStackTraceToActualInvocationChunkInOrderTest,class,11,13,3,14,0,1.0,1.0,9,0,5,4,0,0,5,0,0,0,3,0,0,3,0,0,0,0,22,71,0,0,0,4,0,4,17,1,0,3,1,0,0,0,45,1,0
/Users/pouriad/repos/Cling-application/projects/mockito/test/org/mockitousage/stacktrace/ModellingDescriptiveMessagesTest.java,org.mockitousage.stacktrace.ModellingDescriptiveMessagesTest,class,14,25,3,28,0,0.77,0.77,25,0,25,0,0,0,25,0,0,0,1,0,0,1,0,0,0,0,39,107,0,0,0,0,0,2,6,7,0,7,0,0,0,0,93,1,0
/Users/pouriad/repos/Cling-application/projects/mockito/test/org/mockitousage/stacktrace/ClickableStackTracesWhenFrameworkMisusedTest.java,org.mockitousage.stacktrace.ClickableStackTracesWhenFrameworkMisusedTest,class,8,10,3,12,1,0.5,0.5,7,0,4,3,0,0,4,0,0,0,1,0,0,1,0,0,0,0,11,47,0,0,0,3,0,5,0,0,0,1,1,0,0,0,42,1,0
/Users/pouriad/repos/Cling-application/projects/mockito/test/org/mockitousage/stacktrace/ClickableStackTracesTest.java,org.mockitousage.stacktrace.ClickableStackTracesTest,class,7,4,3,8,1,NaN,NaN,3,0,1,2,0,0,1,0,0,0,1,0,0,1,0,0,0,0,4,20,0,0,0,1,0,4,1,0,0,1,1,0,0,0,29,1,0
/Users/pouriad/repos/Cling-application/projects/mockito/test/org/mockitousage/stacktrace/PointingStackTraceToActualInvocationTest.java,org.mockitousage.stacktrace.PointingStackTraceToActualInvocationTest,class,9,9,3,11,7,0.33333334,0.33333334,7,0,3,4,0,0,3,0,0,0,2,0,0,2,0,0,0,0,6,40,0,0,0,2,0,3,8,0,0,2,1,0,0,0,38,1,0
/Users/pouriad/repos/Cling-application/projects/mockito/test/org/mockitousage/stacktrace/StackTraceFilteringTest.java,org.mockitousage.stacktrace.StackTraceFilteringTest,class,10,20,3,15,0,0.5090909,0.5090909,11,0,11,0,0,0,11,0,0,0,1,0,0,1,0,0,0,0,28,99,0,0,0,9,0,9,0,2,0,3,1,0,0,0,52,1,0
/Users/pouriad/repos/Cling-application/projects/mockito/test/org/mockitousage/performance/LoadsOfMocksTest.java,org.mockitousage.performance.LoadsOfMocksTest,class,6,2,3,8,0,NaN,NaN,1,0,1,0,0,0,1,0,0,0,0,0,0,0,0,0,0,0,5,16,0,1,0,0,0,7,8,3,1,3,1,0,0,0,20,1,0
/Users/pouriad/repos/Cling-application/projects/mockito/cglib-and-asm/src/org/mockito/asm/tree/IntInsnNode.java,org.mockito.asm.tree.IntInsnNode,class,3,5,2,1,4,0.3,0.3,5,0,5,0,0,0,5,0,0,0,1,0,1,0,0,0,0,0,0,19,2,0,0,0,0,0,0,2,0,1,0,0,0,0,47,1,0
/Users/pouriad/repos/Cling-application/projects/mockito/cglib-and-asm/src/org/mockito/asm/tree/InsnNode.java,org.mockito.asm.tree.InsnNode,class,3,4,2,1,6,0.0,0.0,4,0,4,0,0,0,4,0,0,0,0,0,0,0,0,0,0,0,0,14,2,0,0,0,0,0,0,0,0,0,0,0,0,0,39,1,0
/Users/pouriad/repos/Cling-application/projects/mockito/cglib-and-asm/src/org/mockito/asm/tree/FrameNode.java,org.mockito.asm.tree.FrameNode,class,4,27,2,10,15,0.5,0.5,7,2,4,3,0,0,4,0,0,0,3,0,3,0,0,0,0,0,11,92,4,3,2,0,1,0,13,21,0,11,2,0,0,0,113,1,0
/Users/pouriad/repos/Cling-application/projects/mockito/cglib-and-asm/src/org/mockito/asm/tree/VarInsnNode.java,org.mockito.asm.tree.VarInsnNode,class,3,5,2,1,4,0.3,0.3,5,0,5,0,0,0,5,0,0,0,1,0,1,0,0,0,0,0,0,19,2,0,0,0,0,0,0,2,0,1,0,0,0,0,54,1,0
/Users/pouriad/repos/Cling-application/projects/mockito/cglib-and-asm/src/org/mockito/asm/tree/analysis/BasicVerifier.java,org.mockito.asm.tree.analysis.BasicVerifier,class,9,149,2,14,28,0.0,0.0,8,0,5,0,3,0,8,0,0,0,0,0,0,0,0,0,0,0,25,337,15,2,8,0,9,36,4,67,2,15,3,0,0,0,80,1,0
/Users/pouriad/repos/Cling-application/projects/mockito/cglib-and-asm/src/org/mockito/asm/tree/analysis/Analyzer.java,org.mockito.asm.tree.analysis.Analyzer,class,19,94,1,33,29,0.10714286,0.21428572,11,0,4,3,4,0,8,0,0,0,9,0,0,9,0,0,1,0,4,318,9,15,35,1,6,7,32,96,13,70,7,0,0,0,211,1,0
/Users/pouriad/repos/Cling-application/projects/mockito/cglib-and-asm/src/org/mockito/asm/tree/analysis/Subroutine.java,org.mockito.asm.tree.analysis.Subroutine,class,4,10,1,5,0,1.0,1.0,4,0,2,1,0,1,3,0,0,0,3,0,0,0,0,3,0,0,1,40,2,2,1,0,0,0,4,14,0,8,3,0,0,0,33,0,0
/Users/pouriad/repos/Cling-application/projects/mockito/cglib-and-asm/src/org/mockito/asm/tree/analysis/SimpleVerifier.java,org.mockito.asm.tree.analysis.SimpleVerifier,class,5,69,3,26,40,0.1969697,0.22727273,12,0,5,0,7,0,12,0,0,0,4,0,0,4,0,0,4,0,5,174,31,3,25,1,10,7,3,22,1,17,5,0,0,0,89,1,0
/Users/pouriad/repos/Cling-application/projects/mockito/cglib-and-asm/src/org/mockito/asm/tree/analysis/Frame.java,org.mockito.asm.tree.analysis.Frame,class,11,214,1,28,0,0.50476193,0.62857145,15,0,15,0,0,0,15,0,0,0,3,0,0,3,0,0,0,0,3,500,9,6,31,0,5,15,42,62,10,21,5,0,0,0,136,1,0
/Users/pouriad/repos/Cling-application/projects/mockito/cglib-and-asm/src/org/mockito/asm/tree/analysis/BasicInterpreter.java,org.mockito.asm.tree.analysis.BasicInterpreter,class,13,155,1,9,28,0.0,0.0,8,0,8,0,0,0,8,0,0,0,0,0,0,0,0,0,0,0,19,255,55,0,2,0,9,16,0,3,1,2,1,0,0,0,60,1,0
/Users/pouriad/repos/Cling-application/projects/mockito/cglib-and-asm/src/org/mockito/asm/tree/analysis/AnalyzerException.java,org.mockito.asm.tree.analysis.AnalyzerException,class,1,4,3,0,3,0.0,0.0,3,0,3,0,0,0,3,0,0,0,0,0,0,0,0,0,0,0,0,11,0,0,1,0,1,3,0,0,2,0,0,0,0,0,24,1,0
/Users/pouriad/repos/Cling-application/projects/mockito/cglib-and-asm/src/org/mockito/asm/tree/analysis/Interpreter.java,org.mockito.asm.tree.analysis.Interpreter,interface,3,8,1,0,28,0.0,0.0,8,0,0,0,0,8,8,0,0,0,0,0,0,0,0,0,0,0,0,10,0,0,0,0,0,0,0,0,0,0,0,0,0,0,142,1,0
/Users/pouriad/repos/Cling-application/projects/mockito/cglib-and-asm/src/org/mockito/asm/tree/analysis/BasicValue.java,org.mockito.asm.tree.analysis.BasicValue,class,3,19,1,5,0,1.0,1.0,7,0,7,0,0,0,7,0,0,0,8,7,7,1,0,0,8,0,1,55,12,0,12,0,3,4,3,8,0,8,2,0,0,0,51,1,0
/Users/pouriad/repos/Cling-application/projects/mockito/cglib-and-asm/src/org/mockito/asm/tree/analysis/SourceValue.java,org.mockito.asm.tree.analysis.SourceValue,class,4,8,1,2,0,0.8666667,1.0,6,0,6,0,0,0,6,0,0,0,2,0,2,0,0,0,2,0,0,28,4,0,1,0,1,0,0,5,0,3,1,0,0,0,63,1,0
/Users/pouriad/repos/Cling-application/projects/mockito/cglib-and-asm/src/org/mockito/asm/tree/analysis/Value.java,org.mockito.asm.tree.analysis.Value,interface,0,1,1,0,0,NaN,NaN,1,0,0,0,0,1,1,0,0,0,0,0,0,0,0,0,0,0,0,3,0,0,0,0,0,0,0,0,0,0,0,0,0,0,18,1,0
/Users/pouriad/repos/Cling-application/projects/mockito/cglib-and-asm/src/org/mockito/asm/tree/analysis/SourceInterpreter.java,org.mockito.asm.tree.analysis.SourceInterpreter,class,10,51,1,9,28,0.0,0.0,8,0,8,0,0,0,8,0,0,0,0,0,0,0,0,0,0,0,5,111,11,0,5,0,5,0,11,16,0,9,2,0,0,0,53,1,0
/Users/pouriad/repos/Cling-application/projects/mockito/cglib-and-asm/src/org/mockito/asm/tree/analysis/SmallSet.java,org.mockito.asm.tree.analysis.SmallSet,class,1,25,3,1,0,0.71428573,0.71428573,7,0,5,0,0,2,7,0,0,0,2,1,0,0,0,2,1,0,0,59,11,0,18,0,3,0,4,7,0,5,2,0,0,0,34,0,0
/Users/pouriad/repos/Cling-application/projects/mockito/cglib-and-asm/src/org/mockito/asm/tree/TableSwitchInsnNode.java,org.mockito.asm.tree.TableSwitchInsnNode,class,5,6,2,8,0,0.5,0.5,4,0,4,0,0,0,4,0,0,0,4,0,4,0,0,0,0,0,3,29,2,1,1,0,1,0,1,7,0,6,1,0,0,0,58,1,0
/Users/pouriad/repos/Cling-application/projects/mockito/cglib-and-asm/src/org/mockito/asm/tree/AbstractInsnNode.java,org.mockito.asm.tree.AbstractInsnNode,class,3,10,1,3,34,0.027777778,0.027777778,9,2,6,0,1,2,9,3,0,0,19,15,15,0,1,3,15,0,0,47,5,1,0,0,0,0,17,20,0,21,1,0,0,0,120,1025,0
/Users/pouriad/repos/Cling-application/projects/mockito/cglib-and-asm/src/org/mockito/asm/tree/FieldNode.java,org.mockito.asm.tree.FieldNode,class,5,9,2,7,0,1.0,1.0,2,0,2,0,0,0,2,0,0,0,5,0,5,0,0,0,0,0,0,36,1,3,4,0,0,0,6,14,0,10,1,0,0,0,65,1,0
/Users/pouriad/repos/Cling-application/projects/mockito/cglib-and-asm/src/org/mockito/asm/tree/InsnList.java,org.mockito.asm.tree.InsnList$InsnListIterator,innerclass,2,18,1,7,0,0.7777778,1.0,10,0,9,1,0,0,9,0,0,0,2,0,0,0,0,2,0,0,0,65,8,0,8,0,0,0,1,15,0,4,1,0,0,0,30,18,0
/Users/pouriad/repos/Cling-application/projects/mockito/cglib-and-asm/src/org/mockito/asm/tree/InsnList.java,org.mockito.asm.tree.InsnList,class,5,81,1,6,0,0.6450216,0.82251084,23,0,22,1,0,0,22,0,0,0,5,1,1,4,0,0,0,0,0,380,13,5,36,0,6,0,21,119,0,28,2,0,1,0,164,1,0
/Users/pouriad/repos/Cling-application/projects/mockito/cglib-and-asm/src/org/mockito/asm/tree/LineNumberNode.java,org.mockito.asm.tree.LineNumberNode,class,4,4,2,3,0,0.5,0.5,4,0,4,0,0,0,4,0,0,0,2,0,2,0,0,0,0,0,1,18,2,0,0,0,0,0,1,2,0,2,0,0,0,0,53,1,0
/Users/pouriad/repos/Cling-application/projects/mockito/cglib-and-asm/src/org/mockito/asm/tree/MethodNode.java,org.mockito.asm.tree.MethodNode,class,28,64,2,27,56,0.4923077,0.7784615,28,0,25,2,1,0,26,0,0,0,13,0,13,0,0,0,0,0,4,215,5,11,20,0,4,0,24,51,0,34,2,1,0,0,165,1,0
/Users/pouriad/repos/Cling-application/projects/mockito/cglib-and-asm/src/org/mockito/asm/tree/MethodNode.java,org.mockito.asm.tree.MethodNode$Anonymous1,anonymous,0,1,1,1,0,NaN,NaN,1,0,1,0,0,0,1,0,0,0,0,0,0,0,0,0,0,0,0,6,1,0,0,0,0,0,0,1,0,0,0,0,0,0,5,-1,0
/Users/pouriad/repos/Cling-application/projects/mockito/cglib-and-asm/src/org/mockito/asm/tree/LocalVariableNode.java,org.mockito.asm.tree.LocalVariableNode,class,2,2,1,2,0,1.0,1.0,2,0,2,0,0,0,2,0,0,0,6,0,6,0,0,0,0,0,0,19,0,0,0,0,0,0,0,6,0,6,0,0,0,0,47,1,0
/Users/pouriad/repos/Cling-application/projects/mockito/cglib-and-asm/src/org/mockito/asm/tree/FieldInsnNode.java,org.mockito.asm.tree.FieldInsnNode,class,3,5,2,1,4,0.3,0.3,5,0,5,0,0,0,5,0,0,0,3,0,3,0,0,0,0,0,0,23,2,0,0,0,0,0,0,4,0,3,0,0,0,0,60,1,0
/Users/pouriad/repos/Cling-application/projects/mockito/cglib-and-asm/src/org/mockito/asm/tree/LookupSwitchInsnNode.java,org.mockito.asm.tree.LookupSwitchInsnNode,class,6,11,2,10,0,0.5,0.5,4,0,4,0,0,0,4,0,0,0,3,0,3,0,0,0,0,0,3,38,2,3,4,0,2,0,5,11,0,9,2,0,0,0,58,1,0
/Users/pouriad/repos/Cling-application/projects/mockito/cglib-and-asm/src/org/mockito/asm/tree/LdcInsnNode.java,org.mockito.asm.tree.LdcInsnNode,class,3,4,2,1,0,0.5,0.5,4,0,4,0,0,0,4,0,0,0,1,0,1,0,0,0,0,0,0,16,2,0,0,0,0,0,0,1,0,1,0,0,0,0,49,1,0
/Users/pouriad/repos/Cling-application/projects/mockito/cglib-and-asm/src/org/mockito/asm/tree/JumpInsnNode.java,org.mockito.asm.tree.JumpInsnNode,class,4,5,2,3,4,0.3,0.3,5,0,5,0,0,0,5,0,0,0,1,0,1,0,0,0,0,0,1,19,2,0,0,0,0,0,0,2,0,1,0,0,0,0,57,1,0
/Users/pouriad/repos/Cling-application/projects/mockito/cglib-and-asm/src/org/mockito/asm/tree/TypeInsnNode.java,org.mockito.asm.tree.TypeInsnNode,class,3,5,2,1,4,0.3,0.3,5,0,5,0,0,0,5,0,0,0,1,0,1,0,0,0,0,0,0,19,2,0,0,0,0,0,0,2,0,1,0,0,0,0,57,1,0
/Users/pouriad/repos/Cling-application/projects/mockito/cglib-and-asm/src/org/mockito/asm/tree/MemberNode.java,org.mockito.asm.tree.MemberNode,class,3,8,1,1,6,0.0,0.0,4,0,3,0,1,0,4,0,0,0,3,0,3,0,0,0,0,0,0,31,1,0,3,0,0,0,3,4,0,4,2,0,0,0,47,1025,0
/Users/pouriad/repos/Cling-application/projects/mockito/cglib-and-asm/src/org/mockito/asm/tree/AnnotationNode.java,org.mockito.asm.tree.AnnotationNode,class,2,29,1,10,0,0.5277778,0.5833333,9,1,7,0,0,2,9,0,0,0,2,0,2,0,0,0,0,0,2,87,2,2,15,0,0,0,14,17,1,12,3,0,0,0,73,1,0
/Users/pouriad/repos/Cling-application/projects/mockito/cglib-and-asm/src/org/mockito/asm/tree/TryCatchBlockNode.java,org.mockito.asm.tree.TryCatchBlockNode,class,2,3,1,2,0,1.0,1.0,2,0,2,0,0,0,2,0,0,0,4,0,4,0,0,0,0,0,0,15,0,0,1,0,0,0,0,4,0,4,0,0,0,0,49,1,0
/Users/pouriad/repos/Cling-application/projects/mockito/cglib-and-asm/src/org/mockito/asm/tree/IincInsnNode.java,org.mockito.asm.tree.IincInsnNode,class,3,4,2,1,0,0.5,0.5,4,0,4,0,0,0,4,0,0,0,2,0,2,0,0,0,0,0,0,18,2,0,0,0,0,0,0,2,0,2,0,0,0,0,40,1,0
/Users/pouriad/repos/Cling-application/projects/mockito/cglib-and-asm/src/org/mockito/asm/tree/MethodInsnNode.java,org.mockito.asm.tree.MethodInsnNode,class,3,5,2,1,4,0.3,0.3,5,0,5,0,0,0,5,0,0,0,3,0,3,0,0,0,0,0,0,23,2,0,0,0,0,0,0,4,0,3,0,0,0,0,60,1,0
/Users/pouriad/repos/Cling-application/projects/mockito/cglib-and-asm/src/org/mockito/asm/tree/InnerClassNode.java,org.mockito.asm.tree.InnerClassNode,class,1,2,1,1,0,1.0,1.0,2,0,2,0,0,0,2,0,0,0,4,0,4,0,0,0,0,0,0,15,0,0,0,0,0,0,0,4,0,4,0,0,0,0,50,1,0
/Users/pouriad/repos/Cling-application/projects/mockito/cglib-and-asm/src/org/mockito/asm/tree/MultiANewArrayInsnNode.java,org.mockito.asm.tree.MultiANewArrayInsnNode,class,3,4,2,1,0,0.5,0.5,4,0,4,0,0,0,4,0,0,0,2,0,2,0,0,0,0,0,0,18,2,0,0,0,0,0,0,2,0,2,0,0,0,0,49,1,0
/Users/pouriad/repos/Cling-application/projects/mockito/cglib-and-asm/src/org/mockito/asm/tree/ClassNode.java,org.mockito.asm.tree.ClassNode,class,9,21,2,16,0,0.75,1.0,8,0,8,0,0,0,8,0,0,0,14,0,14,0,0,0,0,0,1,91,2,6,7,0,3,0,9,29,0,22,1,0,0,0,105,1,0
/Users/pouriad/repos/Cling-application/projects/mockito/cglib-and-asm/src/org/mockito/asm/tree/LabelNode.java,org.mockito.asm.tree.LabelNode,class,4,8,2,3,15,0.14285715,0.14285715,7,0,7,0,0,0,7,0,0,0,1,0,0,1,0,0,0,0,0,28,3,0,1,0,0,0,2,3,0,1,1,0,0,0,24,1,0
/Users/pouriad/repos/Cling-application/projects/mockito/cglib-and-asm/src/org/mockito/asm/MethodWriter.java,org.mockito.asm.MethodWriter,class,16,494,1,56,44,0.38680926,0.57932264,44,7,24,10,0,10,34,0,2,0,57,12,0,41,0,16,17,0,53,1672,20,50,221,0,94,37,445,484,177,196,6,0,0,0,437,0,0
/Users/pouriad/repos/Cling-application/projects/mockito/cglib-and-asm/src/org/mockito/asm/Label.java,org.mockito.asm.Label,class,7,44,1,9,11,0.4,0.46666667,11,0,3,1,0,7,10,0,0,0,23,11,1,2,0,20,11,0,2,156,10,3,14,0,18,2,46,46,21,33,4,0,0,0,330,1,0
/Users/pouriad/repos/Cling-application/projects/mockito/cglib-and-asm/src/org/mockito/asm/Type.java,org.mockito.asm.Type,class,2,130,1,26,6,0.1541502,0.2173913,28,14,23,5,0,0,23,0,0,0,24,20,20,4,0,0,24,0,12,420,83,16,41,0,3,11,53,78,29,61,3,0,0,0,150,1,0
/Users/pouriad/repos/Cling-application/projects/mockito/cglib-and-asm/src/org/mockito/asm/MethodVisitor.java,org.mockito.asm.MethodVisitor,interface,4,24,1,0,276,0.0,0.0,24,0,0,0,0,24,24,0,0,0,0,0,0,0,0,0,0,0,0,26,0,0,0,0,0,0,0,0,0,0,0,0,0,0,299,1,0
/Users/pouriad/repos/Cling-application/projects/mockito/cglib-and-asm/src/org/mockito/asm/util/ASMifierAbstractVisitor.java,org.mockito.asm.util.ASMifierAbstractVisitor,class,15,43,2,19,3,0.4,0.4,6,1,3,0,1,2,6,0,0,0,2,0,0,0,1,1,0,0,2,139,1,8,9,0,4,53,20,19,0,20,2,0,0,0,85,1,0
/Users/pouriad/repos/Cling-application/projects/mockito/cglib-and-asm/src/org/mockito/asm/util/ASMifierMethodVisitor.java,org.mockito.asm.util.ASMifierMethodVisitor,class,8,56,3,18,325,0.0,0.0,26,0,22,4,0,0,22,0,0,0,0,0,0,0,0,0,0,0,1,284,2,7,6,0,1,102,42,12,1,10,3,0,0,0,113,1,0
/Users/pouriad/repos/Cling-application/projects/mockito/cglib-and-asm/src/org/mockito/asm/util/Traceable.java,org.mockito.asm.util.Traceable,interface,0,1,1,0,0,NaN,NaN,1,0,0,0,0,1,1,0,0,0,0,0,0,0,0,0,0,0,0,3,0,0,0,0,0,0,0,0,0,0,0,0,0,0,47,1,0
/Users/pouriad/repos/Cling-application/projects/mockito/cglib-and-asm/src/org/mockito/asm/util/TraceClassVisitor.java,org.mockito.asm.util.TraceClassVisitor,class,14,91,3,37,11,0.51648355,0.6043956,15,1,12,1,2,0,14,0,0,0,2,0,0,0,2,0,2,0,1,284,6,2,41,0,21,49,44,30,2,22,2,0,0,0,163,1,0
/Users/pouriad/repos/Cling-application/projects/mockito/cglib-and-asm/src/org/mockito/asm/util/TraceFieldVisitor.java,org.mockito.asm.util.TraceFieldVisitor,class,5,6,3,6,0,1.0,1.0,3,0,3,0,0,0,3,0,0,0,1,0,0,0,1,0,0,0,0,22,1,0,3,0,1,0,0,2,0,2,1,0,0,0,31,1,0
/Users/pouriad/repos/Cling-application/projects/mockito/cglib-and-asm/src/org/mockito/asm/util/AbstractVisitor.java,org.mockito.asm.util.AbstractVisitor,class,2,22,1,12,7,0.1904762,0.2857143,6,3,4,0,1,1,7,0,0,0,4,2,3,0,1,0,4,0,3,84,2,4,5,0,2,28,20,20,4,12,3,0,0,0,113,1025,0
/Users/pouriad/repos/Cling-application/projects/mockito/cglib-and-asm/src/org/mockito/asm/util/TraceAnnotationVisitor.java,org.mockito.asm.util.TraceAnnotationVisitor,class,13,54,3,41,116,0.6666667,0.6666667,17,0,6,11,0,0,6,0,0,0,2,0,0,1,1,0,0,0,1,194,2,8,10,0,8,7,14,21,0,20,3,0,0,0,53,1,0
/Users/pouriad/repos/Cling-application/projects/mockito/cglib-and-asm/src/org/mockito/asm/util/ASMifierClassVisitor.java,org.mockito.asm.util.ASMifierClassVisitor,class,11,114,3,23,58,0.060606062,0.10606061,12,1,10,0,1,1,12,0,0,0,4,3,0,3,1,0,4,0,2,341,5,2,37,0,32,112,60,40,4,16,2,0,0,0,166,1,0
/Users/pouriad/repos/Cling-application/projects/mockito/cglib-and-asm/src/org/mockito/asm/util/ASMifierAnnotationVisitor.java,org.mockito.asm.util.ASMifierAnnotationVisitor,class,4,6,2,7,0,1.0,1.0,6,0,6,0,0,0,6,0,0,0,1,0,0,0,1,0,1,0,8,59,2,0,0,0,0,24,9,3,4,3,0,0,0,0,37,1,0
/Users/pouriad/repos/Cling-application/projects/mockito/cglib-and-asm/src/org/mockito/asm/util/TraceMethodVisitor.java,org.mockito.asm.util.TraceMethodVisitor,class,13,79,3,49,0,0.8603989,0.9259259,28,0,26,1,1,0,27,0,0,0,5,0,0,0,5,0,1,0,2,365,3,3,27,0,4,43,35,19,3,15,3,0,0,0,124,1,1
/Users/pouriad/repos/Cling-application/projects/mockito/cglib-and-asm/src/org/mockito/asm/util/ASMifiable.java,org.mockito.asm.util.ASMifiable,interface,0,1,1,0,0,NaN,NaN,1,0,0,0,0,1,1,0,0,0,0,0,0,0,0,0,0,0,0,3,0,0,0,0,0,0,0,0,0,0,0,0,0,0,48,1,0
/Users/pouriad/repos/Cling-application/projects/mockito/cglib-and-asm/src/org/mockito/asm/util/ASMifierFieldVisitor.java,org.mockito.asm.util.ASMifierFieldVisitor,class,2,1,3,0,0,NaN,NaN,1,0,1,0,0,0,1,0,0,0,0,0,0,0,0,0,0,0,0,5,0,0,0,0,0,1,0,0,0,0,0,0,0,0,17,1,0
/Users/pouriad/repos/Cling-application/projects/mockito/cglib-and-asm/src/org/mockito/asm/util/CheckAnnotationAdapter.java,org.mockito.asm.util.CheckAnnotationAdapter,class,12,36,1,8,0,1.0,1.0,9,0,6,2,0,1,7,0,0,0,3,0,0,3,0,0,2,0,2,61,2,0,7,0,1,4,0,3,0,3,1,0,0,0,52,1,0
/Users/pouriad/repos/Cling-application/projects/mockito/cglib-and-asm/src/org/mockito/asm/util/CheckFieldAdapter.java,org.mockito.asm.util.CheckFieldAdapter,class,6,7,1,5,0,1.0,1.0,5,0,4,1,0,0,4,0,0,0,2,0,0,2,0,0,1,0,1,29,1,0,1,0,0,2,0,2,0,2,1,0,0,0,36,1,0
/Users/pouriad/repos/Cling-application/projects/mockito/cglib-and-asm/src/org/mockito/asm/util/TraceSignatureVisitor.java,org.mockito.asm.util.TraceSignatureVisitor,class,2,53,1,8,24,0.44210526,0.72105265,24,0,20,4,0,0,20,0,0,0,11,0,0,11,0,0,1,0,0,208,12,1,13,0,1,29,23,28,7,12,2,0,0,0,88,1,0
/Users/pouriad/repos/Cling-application/projects/mockito/cglib-and-asm/src/org/mockito/asm/util/CheckClassAdapter.java,org.mockito.asm.util.CheckClassAdapter,class,21,68,2,54,101,0.0,0.0,15,4,12,2,0,1,13,0,0,0,4,0,0,4,0,0,0,0,27,219,5,8,25,1,8,32,36,30,19,29,4,0,0,0,255,1,0
/Users/pouriad/repos/Cling-application/projects/mockito/cglib-and-asm/src/org/mockito/asm/util/TraceAbstractVisitor.java,org.mockito.asm.util.TraceAbstractVisitor,class,6,11,2,9,8,0.1,0.1,5,0,3,0,2,0,5,0,0,0,10,9,9,0,1,0,9,0,0,50,2,0,4,0,1,6,12,11,0,11,2,0,0,0,80,1025,1
/Users/pouriad/repos/Cling-application/projects/mockito/cglib-and-asm/src/org/mockito/asm/util/CheckSignatureAdapter.java,org.mockito.asm.util.CheckSignatureAdapter,class,3,75,1,19,0,1.0,1.0,17,0,17,0,0,0,17,0,0,0,16,12,3,13,0,0,14,0,4,171,9,0,46,0,7,6,17,36,0,26,2,0,0,0,86,1,0
/Users/pouriad/repos/Cling-application/projects/mockito/cglib-and-asm/src/org/mockito/asm/util/CheckMethodAdapter.java,org.mockito.asm.util.CheckMethodAdapter,class,9,213,2,65,1560,0.016651249,0.016651249,57,28,25,11,0,21,47,0,0,0,5,1,0,5,0,0,2,0,105,617,25,19,68,2,12,99,76,68,65,28,3,0,0,0,240,1,0
/Users/pouriad/repos/Cling-application/projects/mockito/cglib-and-asm/src/org/mockito/asm/signature/SignatureReader.java,org.mockito.asm.signature.SignatureReader,class,2,38,1,21,0,1.0,1.0,4,1,3,1,0,0,3,0,0,0,1,0,0,1,0,0,1,0,11,128,4,7,9,0,1,0,12,31,8,12,5,0,0,0,72,1,0
/Users/pouriad/repos/Cling-application/projects/mockito/cglib-and-asm/src/org/mockito/asm/signature/SignatureWriter.java,org.mockito.asm.signature.SignatureWriter,class,2,28,1,5,0,0.59477127,0.59477127,20,0,18,2,0,0,18,0,0,0,4,0,0,4,0,0,1,0,0,109,10,0,4,0,0,0,9,7,3,4,1,0,0,0,86,1,0
/Users/pouriad/repos/Cling-application/projects/mockito/cglib-and-asm/src/org/mockito/asm/signature/SignatureVisitor.java,org.mockito.asm.signature.SignatureVisitor,interface,1,16,1,0,120,0.0,0.0,16,0,0,0,0,16,16,0,0,0,3,0,0,0,0,3,0,0,0,21,0,0,0,0,0,0,0,3,0,3,0,0,0,0,96,1,0
/Users/pouriad/repos/Cling-application/projects/mockito/cglib-and-asm/src/org/mockito/asm/Handler.java,org.mockito.asm.Handler,class,2,0,1,0,0,-1.0,-1.0,0,0,0,0,0,0,0,0,0,0,6,0,0,0,0,6,0,0,0,8,0,0,0,0,0,0,0,0,0,6,0,0,0,0,36,0,0
/Users/pouriad/repos/Cling-application/projects/mockito/cglib-and-asm/src/org/mockito/asm/Frame.java,org.mockito.asm.Frame,class,7,293,1,22,31,0.33333334,0.5,14,2,0,11,0,3,4,0,0,0,32,24,0,7,0,25,24,0,14,773,22,9,58,0,23,9,108,158,39,74,4,0,0,0,260,16,0
/Users/pouriad/repos/Cling-application/projects/mockito/cglib-and-asm/src/org/mockito/asm/ClassAdapter.java,org.mockito.asm.ClassAdapter,class,5,10,1,9,0,1.0,1.0,10,0,10,0,0,0,10,0,0,0,1,0,0,0,1,0,0,0,0,33,3,0,0,0,0,0,0,1,0,1,0,0,0,0,51,1,0
/Users/pouriad/repos/Cling-application/projects/mockito/cglib-and-asm/src/org/mockito/asm/AnnotationWriter.java,org.mockito.asm.AnnotationWriter,class,14,46,1,19,0,0.41666666,0.41666666,9,1,5,0,0,4,9,0,0,0,8,0,0,6,0,2,5,0,0,187,3,15,7,0,7,1,27,52,8,39,2,0,0,0,99,16,0
/Users/pouriad/repos/Cling-application/projects/mockito/cglib-and-asm/src/org/mockito/asm/FieldWriter.java,org.mockito.asm.FieldWriter,class,7,54,1,9,0,0.53333336,0.6666667,6,0,3,0,0,3,6,0,0,0,10,0,0,9,0,1,4,0,0,136,3,0,24,0,9,12,35,27,2,14,1,0,0,0,81,16,0
/Users/pouriad/repos/Cling-application/projects/mockito/cglib-and-asm/src/org/mockito/asm/ByteVector.java,org.mockito.asm.ByteVector,class,2,33,1,4,0,1.0,1.0,11,0,8,1,0,2,10,0,0,0,2,0,0,0,0,2,0,0,2,158,8,3,1,0,19,0,51,72,31,25,4,0,0,0,98,1,0
/Users/pouriad/repos/Cling-application/projects/mockito/cglib-and-asm/src/org/mockito/asm/ClassWriter.java,org.mockito.asm.ClassWriter,class,15,134,1,64,89,0.36344087,0.7548387,35,0,18,5,1,11,31,0,0,0,68,34,2,18,0,48,40,0,3,562,39,11,55,1,23,24,109,174,23,122,3,0,0,0,413,1,0
/Users/pouriad/repos/Cling-application/projects/mockito/cglib-and-asm/src/org/mockito/asm/FieldVisitor.java,org.mockito.asm.FieldVisitor,interface,2,3,1,0,3,0.0,0.0,3,0,0,0,0,3,3,0,0,0,0,0,0,0,0,0,0,0,0,5,0,0,0,0,0,0,0,0,0,0,0,0,0,0,55,1,0
/Users/pouriad/repos/Cling-application/projects/mockito/cglib-and-asm/src/org/mockito/asm/ClassVisitor.java,org.mockito.asm.ClassVisitor,interface,4,9,1,0,36,0.0,0.0,9,0,0,0,0,9,9,0,0,0,0,0,0,0,0,0,0,0,0,11,0,0,0,0,0,0,0,0,0,0,0,0,0,0,153,1,0
/Users/pouriad/repos/Cling-application/projects/mockito/cglib-and-asm/src/org/mockito/asm/Opcodes.java,org.mockito.asm.Opcodes,interface,0,0,1,0,0,-1.0,-1.0,0,0,0,0,0,0,0,0,0,0,202,0,0,0,0,202,0,0,0,204,0,0,0,0,0,0,214,202,6,202,0,0,0,0,119,1,0
/Users/pouriad/repos/Cling-application/projects/mockito/cglib-and-asm/src/org/mockito/asm/ClassReader.java,org.mockito.asm.ClassReader,class,20,358,1,77,0,0.48095238,0.7285714,28,1,19,7,1,1,21,0,0,0,14,9,6,3,0,5,14,0,13,1298,32,64,87,0,40,34,468,510,206,159,9,0,0,0,428,1,0
/Users/pouriad/repos/Cling-application/projects/mockito/cglib-and-asm/src/org/mockito/asm/Attribute.java,org.mockito.asm.Attribute,class,7,12,1,6,18,0.027777778,0.027777778,9,0,2,0,4,3,9,0,3,0,3,0,1,0,0,2,1,0,1,57,7,3,3,0,0,0,6,17,1,11,1,0,0,0,130,1,0
/Users/pouriad/repos/Cling-application/projects/mockito/cglib-and-asm/src/org/mockito/asm/AnnotationVisitor.java,org.mockito.asm.AnnotationVisitor,interface,1,5,1,0,10,0.0,0.0,5,0,0,0,0,5,5,0,0,0,0,0,0,0,0,0,0,0,0,7,0,0,0,0,0,0,0,0,0,0,0,0,0,0,88,1,0
/Users/pouriad/repos/Cling-application/projects/mockito/cglib-and-asm/src/org/mockito/asm/MethodAdapter.java,org.mockito.asm.MethodAdapter,class,5,25,1,24,0,1.0,1.0,25,0,25,0,0,0,25,0,0,0,1,0,0,0,1,0,0,0,0,78,3,0,0,0,0,0,0,1,0,1,0,0,0,0,85,1,0
/Users/pouriad/repos/Cling-application/projects/mockito/cglib-and-asm/src/org/mockito/asm/Edge.java,org.mockito.asm.Edge,class,2,0,1,0,0,-1.0,-1.0,0,0,0,0,0,0,0,0,0,0,5,2,0,0,0,5,2,0,0,7,0,0,0,0,0,0,2,2,0,5,0,0,0,0,76,0,0
/Users/pouriad/repos/Cling-application/projects/mockito/cglib-and-asm/src/org/mockito/asm/Item.java,org.mockito.asm.Item,class,1,26,1,4,0,0.6111111,0.7777778,9,0,0,0,0,9,9,0,0,0,9,0,0,0,0,9,0,0,2,90,9,0,4,0,7,0,7,28,9,9,1,0,0,0,102,16,0
/Users/pouriad/repos/Cling-application/projects/mockito/cglib-and-asm/src/org/mockito/cglib/core/AbstractClassGenerator.java,org.mockito.cglib.core.AbstractClassGenerator$Anonymous1,anonymous,0,1,1,1,0,NaN,NaN,1,0,1,0,0,0,1,0,0,0,0,0,0,0,0,0,0,0,0,5,1,0,0,0,0,0,0,0,0,0,0,0,0,0,3,-1,0
/Users/pouriad/repos/Cling-application/projects/mockito/cglib-and-asm/src/org/mockito/cglib/core/AbstractClassGenerator.java,org.mockito.cglib.core.AbstractClassGenerator,class,11,38,1,21,146,0.08496732,0.24836601,20,1,11,2,7,0,18,3,1,0,11,2,0,11,0,0,2,0,3,149,11,0,11,3,3,1,0,33,0,20,6,1,1,0,146,1025,0
/Users/pouriad/repos/Cling-application/projects/mockito/cglib-and-asm/src/org/mockito/cglib/core/AbstractClassGenerator.java,org.mockito.cglib.core.AbstractClassGenerator$Source,innerclass,0,1,1,0,0,NaN,NaN,1,0,1,0,0,0,1,0,0,0,2,0,0,0,0,2,0,0,0,7,0,0,0,0,0,0,0,2,0,2,0,0,0,0,6,12,0
/Users/pouriad/repos/Cling-application/projects/mockito/cglib-and-asm/src/org/mockito/cglib/core/ClassEmitter.java,org.mockito.cglib.core.ClassEmitter$FieldInfo,innerclass,2,12,1,6,0,1.0,1.0,3,0,3,0,0,0,3,0,0,0,4,0,0,0,0,4,0,0,0,26,7,0,6,0,5,0,1,5,0,5,1,0,0,0,16,8,0
/Users/pouriad/repos/Cling-application/projects/mockito/cglib-and-asm/src/org/mockito/cglib/core/ClassEmitter.java,org.mockito.cglib.core.ClassEmitter$Anonymous3,anonymous,0,1,1,0,0,NaN,NaN,1,0,1,0,0,0,1,0,0,0,0,0,0,0,0,0,0,0,0,5,1,0,0,0,0,0,0,0,0,0,0,0,0,0,4,-1,0
/Users/pouriad/repos/Cling-application/projects/mockito/cglib-and-asm/src/org/mockito/cglib/core/ClassEmitter.java,org.mockito.cglib.core.ClassEmitter$Anonymous2,anonymous,0,3,1,1,1,0.0,0.0,2,0,2,0,0,0,2,0,0,0,0,0,0,0,0,0,0,0,0,9,0,0,1,0,0,0,0,0,0,0,1,0,0,0,6,-1,0
/Users/pouriad/repos/Cling-application/projects/mockito/cglib-and-asm/src/org/mockito/cglib/core/ClassEmitter.java,org.mockito.cglib.core.ClassEmitter,class,13,37,2,39,156,0.14210527,0.34736842,21,1,17,1,1,2,20,0,0,1,7,1,0,7,0,0,0,0,10,188,14,0,11,0,0,10,2,19,5,13,2,3,1,0,65,1,0
/Users/pouriad/repos/Cling-application/projects/mockito/cglib-and-asm/src/org/mockito/cglib/core/ClassEmitter.java,org.mockito.cglib.core.ClassEmitter$Anonymous1,anonymous,1,5,1,0,6,0.0,0.0,4,0,4,0,0,0,4,0,0,0,0,0,0,0,0,0,0,0,0,14,4,0,1,0,1,0,0,0,0,0,0,0,0,0,10,-1,0
/Users/pouriad/repos/Cling-application/projects/mockito/cglib-and-asm/src/org/mockito/cglib/core/Local.java,org.mockito.cglib.core.Local,class,1,3,1,0,0,0.6666667,1.0,3,0,3,0,0,0,3,0,0,0,2,0,0,2,0,0,0,0,0,14,2,0,0,0,0,0,0,2,0,2,0,0,0,0,6,1,0
/Users/pouriad/repos/Cling-application/projects/mockito/cglib-and-asm/src/org/mockito/cglib/core/MethodInfo.java,org.mockito.cglib.core.MethodInfo,class,4,10,1,4,28,0.0,0.0,8,0,7,0,1,0,8,4,0,0,0,0,0,0,0,0,0,0,0,19,5,0,1,0,2,0,0,0,0,0,1,0,0,0,17,1025,0
/Users/pouriad/repos/Cling-application/projects/mockito/cglib-and-asm/src/org/mockito/cglib/core/GeneratorStrategy.java,org.mockito.cglib.core.GeneratorStrategy,interface,2,2,1,0,1,0.0,0.0,2,0,0,0,0,2,2,0,0,0,0,0,0,0,0,0,0,0,0,4,0,0,0,0,0,0,0,0,0,0,0,0,0,0,72,1,0
/Users/pouriad/repos/Cling-application/projects/mockito/cglib-and-asm/src/org/mockito/cglib/core/Signature.java,org.mockito.cglib.core.Signature,class,2,12,1,6,0,0.8333333,1.0,9,0,9,0,0,0,9,0,0,0,2,0,0,2,0,0,0,0,3,38,9,0,1,0,1,2,1,3,2,3,1,0,0,0,33,1,0
/Users/pouriad/repos/Cling-application/projects/mockito/cglib-and-asm/src/org/mockito/cglib/core/Customizer.java,org.mockito.cglib.core.Customizer,interface,2,1,1,0,0,NaN,NaN,1,0,0,0,0,1,1,0,0,0,0,0,0,0,0,0,0,0,0,3,0,0,0,0,0,0,0,0,0,0,0,0,0,0,6,1,0
/Users/pouriad/repos/Cling-application/projects/mockito/cglib-and-asm/src/org/mockito/cglib/core/TypeUtils.java,org.mockito.cglib.core.TypeUtils,class,5,124,1,48,816,0.0,0.0,41,40,38,3,0,0,39,0,0,0,2,2,0,2,0,0,2,0,30,393,91,10,23,0,10,41,60,44,15,35,2,0,0,0,108,1,0
/Users/pouriad/repos/Cling-application/projects/mockito/cglib-and-asm/src/org/mockito/cglib/core/ProcessSwitchCallback.java,org.mockito.cglib.core.ProcessSwitchCallback,interface,1,2,1,0,1,0.0,0.0,2,0,0,0,0,2,2,0,0,0,0,0,0,0,0,0,0,0,0,4,0,0,0,0,0,0,0,0,0,0,0,0,0,0,9,1,0
/Users/pouriad/repos/Cling-application/projects/mockito/cglib-and-asm/src/org/mockito/cglib/core/MethodInfoTransformer.java,org.mockito.cglib.core.MethodInfoTransformer,class,4,4,1,1,1,0.0,0.0,2,1,2,0,0,0,2,0,0,0,1,1,0,1,0,0,1,0,2,17,3,0,0,0,0,1,0,1,1,1,1,0,0,0,21,1,0
/Users/pouriad/repos/Cling-application/projects/mockito/cglib-and-asm/src/org/mockito/cglib/core/CodeEmitter.java,org.mockito.cglib.core.CodeEmitter$State,innerclass,6,7,2,2,7,0.26666668,0.6666667,6,0,5,0,0,1,6,0,0,0,6,0,0,0,0,6,0,0,1,31,5,0,0,0,0,0,2,6,0,6,0,0,0,0,18,10,0
/Users/pouriad/repos/Cling-application/projects/mockito/cglib-and-asm/src/org/mockito/cglib/core/CodeEmitter.java,org.mockito.cglib.core.CodeEmitter,class,17,205,4,107,5149,0.034257427,0.037623763,107,1,98,6,0,3,101,0,0,0,26,24,16,10,0,0,24,0,27,752,17,8,35,1,4,12,47,85,14,63,5,0,1,0,244,1,0
/Users/pouriad/repos/Cling-application/projects/mockito/cglib-and-asm/src/org/mockito/cglib/core/Transformer.java,org.mockito.cglib.core.Transformer,interface,0,1,1,0,0,NaN,NaN,1,0,0,0,0,1,1,0,0,0,0,0,0,0,0,0,0,0,0,3,0,0,0,0,0,0,0,0,0,0,0,0,0,0,4,1,0
/Users/pouriad/repos/Cling-application/projects/mockito/cglib-and-asm/src/org/mockito/cglib/core/MethodWrapper.java,org.mockito.cglib.core.MethodWrapper,class,4,4,1,12,3,0.0,0.0,3,2,2,1,0,0,2,0,0,0,1,1,0,1,0,0,1,0,3,18,2,1,0,0,0,0,0,3,0,3,1,0,1,0,23,1,0
/Users/pouriad/repos/Cling-application/projects/mockito/cglib-and-asm/src/org/mockito/cglib/core/MethodWrapper.java,org.mockito.cglib.core.MethodWrapper$MethodWrapperKey,interface,0,1,1,0,0,NaN,NaN,1,0,1,0,0,0,1,0,0,0,0,0,0,0,0,0,0,0,0,3,0,0,0,0,0,0,0,0,0,0,0,0,0,0,14,1,0
/Users/pouriad/repos/Cling-application/projects/mockito/cglib-and-asm/src/org/mockito/cglib/core/ClassNameReader.java,org.mockito.cglib.core.ClassNameReader$EarlyExitException,innerclass,0,0,4,0,0,-1.0,-1.0,0,0,0,0,0,0,0,0,0,0,0,0,0,0,0,0,0,0,0,2,0,0,0,0,0,0,0,0,0,0,0,0,0,0,4,10,0
/Users/pouriad/repos/Cling-application/projects/mockito/cglib-and-asm/src/org/mockito/cglib/core/ClassNameReader.java,org.mockito.cglib.core.ClassNameReader,class,4,4,4,3,3,0.0,0.0,3,2,2,1,0,0,2,0,0,0,1,1,0,1,0,0,1,0,1,31,2,0,0,1,0,0,1,2,0,2,1,1,1,0,24,1,0
/Users/pouriad/repos/Cling-application/projects/mockito/cglib-and-asm/src/org/mockito/cglib/core/ClassNameReader.java,org.mockito.cglib.core.ClassNameReader$Anonymous1,anonymous,1,3,1,2,0,NaN,NaN,1,0,1,0,0,0,1,0,0,0,0,0,0,0,0,0,0,0,0,12,0,1,1,0,0,0,1,1,0,1,1,0,0,0,15,-1,0
/Users/pouriad/repos/Cling-application/projects/mockito/cglib-and-asm/src/org/mockito/cglib/core/CollectionUtils.java,org.mockito.cglib.core.CollectionUtils,class,2,13,1,13,15,0.0,0.0,6,5,5,1,0,0,5,0,0,0,0,0,0,0,0,0,0,0,0,47,4,5,1,0,0,0,1,14,0,13,2,0,0,0,35,1,0
/Users/pouriad/repos/Cling-application/projects/mockito/cglib-and-asm/src/org/mockito/cglib/core/DefaultNamingPolicy.java,org.mockito.cglib.core.DefaultNamingPolicy,class,3,5,1,7,1,0.0,0.0,2,0,1,0,1,0,2,0,0,0,1,1,1,0,0,0,1,0,1,19,2,1,1,0,0,7,2,7,4,4,1,0,0,0,72,1,0
/Users/pouriad/repos/Cling-application/projects/mockito/cglib-and-asm/src/org/mockito/cglib/core/Predicate.java,org.mockito.cglib.core.Predicate,interface,0,1,1,0,0,NaN,NaN,1,0,0,0,0,1,1,0,0,0,0,0,0,0,0,0,0,0,0,3,0,0,0,0,0,0,0,0,0,0,0,0,0,0,4,1,0
/Users/pouriad/repos/Cling-application/projects/mockito/cglib-and-asm/src/org/mockito/cglib/core/ObjectSwitchCallback.java,org.mockito.cglib.core.ObjectSwitchCallback,interface,1,2,1,0,1,0.0,0.0,2,0,0,0,0,2,2,0,0,0,0,0,0,0,0,0,0,0,0,4,0,0,0,0,0,0,0,0,0,0,0,0,0,0,9,1,0
/Users/pouriad/repos/Cling-application/projects/mockito/cglib-and-asm/src/org/mockito/cglib/core/EmitUtils.java,org.mockito.cglib.core.EmitUtils$Anonymous9,anonymous,3,1,1,3,0,NaN,NaN,1,0,1,0,0,0,1,0,0,0,0,0,0,0,0,0,0,0,1,7,0,0,0,0,0,0,0,0,0,0,0,0,0,0,7,-1,0
/Users/pouriad/repos/Cling-application/projects/mockito/cglib-and-asm/src/org/mockito/cglib/core/EmitUtils.java,org.mockito.cglib.core.EmitUtils$Anonymous7,anonymous,2,1,1,1,0,NaN,NaN,1,0,1,0,0,0,1,0,0,0,0,0,0,0,0,0,0,0,1,5,0,0,0,0,0,0,0,0,0,0,0,0,0,0,6,-1,0
/Users/pouriad/repos/Cling-application/projects/mockito/cglib-and-asm/src/org/mockito/cglib/core/EmitUtils.java,org.mockito.cglib.core.EmitUtils$Anonymous8,anonymous,2,1,1,1,0,NaN,NaN,1,0,1,0,0,0,1,0,0,0,0,0,0,0,0,0,0,0,1,5,0,0,0,0,0,0,0,0,0,0,0,0,0,0,7,-1,0
/Users/pouriad/repos/Cling-application/projects/mockito/cglib-and-asm/src/org/mockito/cglib/core/EmitUtils.java,org.mockito.cglib.core.EmitUtils$Anonymous1,anonymous,0,1,1,1,0,NaN,NaN,1,0,1,0,0,0,1,0,0,0,0,0,0,0,0,0,0,0,0,5,1,0,0,0,1,0,0,0,0,0,0,0,0,0,4,-1,0
/Users/pouriad/repos/Cling-application/projects/mockito/cglib-and-asm/src/org/mockito/cglib/core/EmitUtils.java,org.mockito.cglib.core.EmitUtils$Anonymous2,anonymous,3,2,1,3,1,0.0,0.0,2,0,2,0,0,0,2,0,0,0,0,0,0,0,0,0,0,0,1,9,0,0,0,0,0,0,1,1,0,1,0,0,0,0,15,-1,0
/Users/pouriad/repos/Cling-application/projects/mockito/cglib-and-asm/src/org/mockito/cglib/core/EmitUtils.java,org.mockito.cglib.core.EmitUtils$ParameterTyper,interface,2,1,1,0,0,NaN,NaN,1,0,0,0,0,1,1,0,0,0,0,0,0,0,0,0,0,0,0,3,0,0,0,0,0,0,0,0,0,0,0,0,0,0,7,2,0
/Users/pouriad/repos/Cling-application/projects/mockito/cglib-and-asm/src/org/mockito/cglib/core/EmitUtils.java,org.mockito.cglib.core.EmitUtils$Anonymous5,anonymous,0,1,1,1,0,NaN,NaN,1,0,1,0,0,0,1,0,0,0,0,0,0,0,0,0,0,0,0,5,1,0,0,0,0,0,0,0,0,0,0,0,0,0,4,-1,0
/Users/pouriad/repos/Cling-application/projects/mockito/cglib-and-asm/src/org/mockito/cglib/core/EmitUtils.java,org.mockito.cglib.core.EmitUtils$Anonymous6,anonymous,3,9,1,14,1,0.0,0.0,2,0,2,0,0,0,2,0,0,0,0,0,0,0,0,0,0,0,0,34,0,1,2,0,0,0,2,5,0,4,3,0,0,0,18,-1,0
/Users/pouriad/repos/Cling-application/projects/mockito/cglib-and-asm/src/org/mockito/cglib/core/EmitUtils.java,org.mockito.cglib.core.EmitUtils$Anonymous3,anonymous,0,1,1,1,0,NaN,NaN,1,0,1,0,0,0,1,0,0,0,0,0,0,0,0,0,0,0,0,5,1,0,0,0,1,0,0,0,0,0,0,0,0,0,5,-1,0
/Users/pouriad/repos/Cling-application/projects/mockito/cglib-and-asm/src/org/mockito/cglib/core/EmitUtils.java,org.mockito.cglib.core.EmitUtils$Anonymous4,anonymous,4,3,1,6,1,0.0,0.0,2,0,2,0,0,0,2,0,0,0,0,0,0,0,0,0,0,0,1,15,0,0,1,0,0,0,3,1,2,1,1,0,0,0,17,-1,0
/Users/pouriad/repos/Cling-application/projects/mockito/cglib-and-asm/src/org/mockito/cglib/core/EmitUtils.java,org.mockito.cglib.core.EmitUtils$Anonymous11,anonymous,2,1,1,2,0,NaN,NaN,1,0,1,0,0,0,1,0,0,0,0,0,0,0,0,0,0,0,0,5,1,0,0,0,1,0,0,0,0,0,0,0,0,0,5,-1,0
/Users/pouriad/repos/Cling-application/projects/mockito/cglib-and-asm/src/org/mockito/cglib/core/EmitUtils.java,org.mockito.cglib.core.EmitUtils$Anonymous10,anonymous,3,2,1,4,0,NaN,NaN,1,0,1,0,0,0,1,0,0,0,0,0,0,0,0,0,0,0,0,9,1,0,1,0,0,0,0,2,0,1,1,0,0,0,8,-1,0
/Users/pouriad/repos/Cling-application/projects/mockito/cglib-and-asm/src/org/mockito/cglib/core/EmitUtils.java,org.mockito.cglib.core.EmitUtils$ArrayDelimiters,innerclass,0,1,1,0,0,NaN,NaN,1,0,1,0,0,0,1,0,0,0,3,0,0,3,0,0,0,0,0,10,0,0,0,0,0,0,0,3,0,3,0,0,0,0,5,9,0
/Users/pouriad/repos/Cling-application/projects/mockito/cglib-and-asm/src/org/mockito/cglib/core/EmitUtils.java,org.mockito.cglib.core.EmitUtils$Anonymous15,anonymous,3,1,1,2,0,NaN,NaN,1,0,1,0,0,0,1,0,0,0,0,0,0,0,0,0,0,0,1,5,1,0,0,0,0,0,0,0,0,0,0,0,0,0,5,-1,0
/Users/pouriad/repos/Cling-application/projects/mockito/cglib-and-asm/src/org/mockito/cglib/core/EmitUtils.java,org.mockito.cglib.core.EmitUtils$Anonymous14,anonymous,3,2,1,3,1,0.0,0.0,2,0,2,0,0,0,2,0,0,0,0,0,0,0,0,0,0,0,1,9,0,0,0,0,0,0,0,1,0,1,0,0,0,0,18,-1,0
/Users/pouriad/repos/Cling-application/projects/mockito/cglib-and-asm/src/org/mockito/cglib/core/EmitUtils.java,org.mockito.cglib.core.EmitUtils$Anonymous13,anonymous,2,1,1,1,0,NaN,NaN,1,0,1,0,0,0,1,0,0,0,0,0,0,0,0,0,0,0,0,5,1,0,0,0,0,0,0,0,0,0,0,0,0,0,6,-1,0
/Users/pouriad/repos/Cling-application/projects/mockito/cglib-and-asm/src/org/mockito/cglib/core/EmitUtils.java,org.mockito.cglib.core.EmitUtils,class,22,109,1,128,735,0.0043290043,0.0043290043,39,38,21,17,0,1,22,0,0,0,22,22,1,21,0,0,22,0,82,735,6,6,18,2,5,35,21,97,6,91,3,16,2,0,236,1,0
/Users/pouriad/repos/Cling-application/projects/mockito/cglib-and-asm/src/org/mockito/cglib/core/EmitUtils.java,org.mockito.cglib.core.EmitUtils$Anonymous12,anonymous,3,2,1,3,1,0.0,0.0,2,0,2,0,0,0,2,0,0,0,0,0,0,0,0,0,0,0,1,8,0,0,0,0,0,0,0,0,0,0,0,0,0,0,15,-1,0
/Users/pouriad/repos/Cling-application/projects/mockito/cglib-and-asm/src/org/mockito/cglib/core/EmitUtils.java,org.mockito.cglib.core.EmitUtils$Anonymous16,anonymous,3,2,1,3,1,0.0,0.0,2,0,2,0,0,0,2,0,0,0,0,0,0,0,0,0,0,0,1,8,0,0,0,0,0,0,0,0,0,0,0,0,0,0,15,-1,0
/Users/pouriad/repos/Cling-application/projects/mockito/cglib-and-asm/src/org/mockito/cglib/core/NamingPolicy.java,org.mockito.cglib.core.NamingPolicy,interface,1,2,1,0,1,0.0,0.0,2,0,0,0,0,2,2,0,0,0,0,0,0,0,0,0,0,0,0,4,0,0,0,0,0,0,0,0,0,0,0,0,0,0,79,1,0
/Users/pouriad/repos/Cling-application/projects/mockito/cglib-and-asm/src/org/mockito/cglib/core/Converter.java,org.mockito.cglib.core.Converter,interface,0,1,1,0,0,NaN,NaN,1,0,0,0,0,1,1,0,0,0,0,0,0,0,0,0,0,0,0,3,0,0,0,0,0,0,0,0,0,0,0,0,0,0,5,1,0
/Users/pouriad/repos/Cling-application/projects/mockito/cglib-and-asm/src/org/mockito/cglib/core/CodeGenerationException.java,org.mockito.cglib.core.CodeGenerationException,class,0,2,4,3,0,1.0,1.0,2,0,2,0,0,0,2,0,0,0,1,0,0,1,0,0,0,0,0,10,1,0,0,0,0,1,0,1,1,1,0,0,0,0,10,1,0
/Users/pouriad/repos/Cling-application/projects/mockito/cglib-and-asm/src/org/mockito/cglib/core/LocalVariablesSorter.java,org.mockito.cglib.core.LocalVariablesSorter$State,innerclass,1,0,1,0,0,-1.0,-1.0,0,0,0,0,0,0,0,0,0,0,2,0,0,0,0,2,0,0,0,4,0,0,0,0,0,0,1,1,0,2,0,0,0,0,19,10,0
/Users/pouriad/repos/Cling-application/projects/mockito/cglib-and-asm/src/org/mockito/cglib/core/LocalVariablesSorter.java,org.mockito.cglib.core.LocalVariablesSorter,class,7,24,2,10,6,0.04761905,0.04761905,9,0,6,2,1,0,7,0,0,0,2,0,0,1,1,0,2,0,3,84,5,1,4,0,2,1,24,23,12,12,1,0,1,0,58,1,0
/Users/pouriad/repos/Cling-application/projects/mockito/cglib-and-asm/src/org/mockito/cglib/core/ProcessArrayCallback.java,org.mockito.cglib.core.ProcessArrayCallback,interface,1,1,1,0,0,NaN,NaN,1,0,0,0,0,1,1,0,0,0,0,0,0,0,0,0,0,0,0,3,0,0,0,0,0,0,0,0,0,0,0,0,0,0,7,1,0
/Users/pouriad/repos/Cling-application/projects/mockito/cglib-and-asm/src/org/mockito/cglib/core/TinyBitSet.java,org.mockito.cglib.core.TinyBitSet,class,2,15,1,3,6,0.6666667,0.6666667,8,3,5,3,0,0,6,0,0,0,2,1,0,2,0,0,0,0,3,52,6,5,5,0,5,0,21,18,4,8,1,0,0,0,19,1,0
/Users/pouriad/repos/Cling-application/projects/mockito/cglib-and-asm/src/org/mockito/cglib/core/ClassInfo.java,org.mockito.cglib.core.ClassInfo,class,2,10,1,4,28,0.0,0.0,8,0,7,0,1,0,8,4,0,0,0,0,0,0,0,0,0,0,0,19,5,0,1,0,2,0,0,0,0,0,1,0,0,0,16,1025,0
/Users/pouriad/repos/Cling-application/projects/mockito/cglib-and-asm/src/org/mockito/cglib/core/VisibilityPredicate.java,org.mockito.cglib.core.VisibilityPredicate,class,3,6,1,9,0,1.0,1.0,2,0,2,0,0,0,2,0,0,0,2,0,0,2,0,0,0,0,7,23,4,0,0,0,4,0,0,3,0,3,1,0,0,0,15,1,0
/Users/pouriad/repos/Cling-application/projects/mockito/cglib-and-asm/src/org/mockito/cglib/core/ClassGenerator.java,org.mockito.cglib.core.ClassGenerator,interface,1,1,1,0,0,NaN,NaN,1,0,0,0,0,1,1,0,0,0,0,0,0,0,0,0,0,0,0,3,0,0,0,0,0,0,0,0,0,0,0,0,0,0,6,1,0
/Users/pouriad/repos/Cling-application/projects/mockito/cglib-and-asm/src/org/mockito/cglib/core/RejectModifierPredicate.java,org.mockito.cglib.core.RejectModifierPredicate,class,1,3,1,1,0,1.0,1.0,2,0,2,0,0,0,2,0,0,0,1,0,0,1,0,0,0,0,0,9,1,0,1,0,2,0,1,1,0,1,0,0,0,0,9,1,0
/Users/pouriad/repos/Cling-application/projects/mockito/cglib-and-asm/src/org/mockito/cglib/core/ReflectUtils.java,org.mockito.cglib.core.ReflectUtils,class,9,89,1,69,484,0.0024630541,0.0024630541,32,31,27,5,0,0,29,0,0,0,6,6,0,6,0,0,5,0,37,393,39,14,12,9,9,36,36,69,20,62,3,4,0,0,149,1,0
/Users/pouriad/repos/Cling-application/projects/mockito/cglib-and-asm/src/org/mockito/cglib/core/ReflectUtils.java,org.mockito.cglib.core.ReflectUtils$Anonymous1,anonymous,1,1,1,1,0,NaN,NaN,1,0,1,0,0,0,1,0,0,0,0,0,0,0,0,0,0,0,0,5,1,0,0,0,0,0,0,0,0,0,0,0,0,0,2,-1,0
/Users/pouriad/repos/Cling-application/projects/mockito/cglib-and-asm/src/org/mockito/cglib/core/ReflectUtils.java,org.mockito.cglib.core.ReflectUtils$Anonymous2,anonymous,2,3,1,3,0,NaN,NaN,1,0,1,0,0,0,1,0,0,0,0,0,0,0,0,0,0,0,1,16,1,0,0,1,0,2,0,2,0,1,1,0,0,0,25,-1,0
/Users/pouriad/repos/Cling-application/projects/mockito/cglib-and-asm/src/org/mockito/cglib/core/ReflectUtils.java,org.mockito.cglib.core.ReflectUtils$Anonymous3,anonymous,5,6,1,3,10,0.0,0.0,5,0,5,0,0,0,5,0,0,0,1,0,0,1,0,0,0,0,2,19,5,0,1,0,0,0,0,1,0,1,1,0,0,0,13,-1,0
/Users/pouriad/repos/Cling-application/projects/mockito/cglib-and-asm/src/org/mockito/cglib/core/ReflectUtils.java,org.mockito.cglib.core.ReflectUtils$Anonymous4,anonymous,2,4,1,3,6,0.0,0.0,4,0,4,0,0,0,4,0,0,0,0,0,0,0,0,0,0,0,1,14,4,0,0,0,0,0,0,0,0,0,0,0,0,0,7,-1,0
/Users/pouriad/repos/Cling-application/projects/mockito/cglib-and-asm/src/org/mockito/cglib/core/ClassesKey.java,org.mockito.cglib.core.ClassesKey$Key,interface,0,1,1,0,0,NaN,NaN,1,0,0,0,0,1,1,0,0,0,0,0,0,0,0,0,0,0,0,3,0,0,0,0,0,0,0,0,0,0,0,0,0,0,5,0,0
/Users/pouriad/repos/Cling-application/projects/mockito/cglib-and-asm/src/org/mockito/cglib/core/ClassesKey.java,org.mockito.cglib.core.ClassesKey,class,2,2,1,2,1,NaN,NaN,2,1,1,1,0,0,1,0,0,0,1,1,0,1,0,0,1,0,1,11,1,0,0,0,0,0,0,1,0,1,0,0,1,0,12,1,0
/Users/pouriad/repos/Cling-application/projects/mockito/cglib-and-asm/src/org/mockito/cglib/core/DefaultGeneratorStrategy.java,org.mockito.cglib.core.DefaultGeneratorStrategy,class,6,4,1,5,6,0.0,0.0,4,0,1,0,3,0,4,0,0,0,1,1,1,0,0,0,1,0,0,17,4,0,0,0,0,0,0,2,0,2,0,0,0,0,20,1,0
/Users/pouriad/repos/Cling-application/projects/mockito/cglib-and-asm/src/org/mockito/cglib/core/DebuggingClassWriter.java,org.mockito.cglib.core.DebuggingClassWriter$Anonymous1,anonymous,4,4,1,8,0,NaN,NaN,1,0,1,0,0,0,1,0,0,0,0,0,0,0,0,0,0,0,0,37,1,0,1,3,0,2,1,9,3,7,4,0,0,0,30,-1,0
/Users/pouriad/repos/Cling-application/projects/mockito/cglib-and-asm/src/org/mockito/cglib/core/DebuggingClassWriter.java,org.mockito.cglib.core.DebuggingClassWriter,class,2,8,2,6,6,0.13333334,0.2,5,0,5,0,0,0,6,0,0,0,5,3,1,4,0,0,1,0,3,73,3,0,1,1,0,4,0,5,1,5,2,1,0,0,40,1,0
/Users/pouriad/repos/Cling-application/projects/mockito/cglib-and-asm/src/org/mockito/cglib/core/Block.java,org.mockito.cglib.core.Block,class,2,6,1,1,0,0.5,1.0,5,0,5,0,0,0,5,0,0,0,3,0,0,3,0,0,0,0,0,24,3,0,1,0,0,1,0,3,0,3,1,0,0,0,17,1,0
/Users/pouriad/repos/Cling-application/projects/mockito/cglib-and-asm/src/org/mockito/cglib/core/KeyFactory.java,org.mockito.cglib.core.KeyFactory,class,7,4,2,9,6,0.0,0.0,4,3,3,0,1,0,4,0,0,0,10,10,2,8,0,0,10,0,9,149,3,0,0,0,0,7,51,11,0,11,0,2,1,0,122,1025,0
/Users/pouriad/repos/Cling-application/projects/mockito/cglib-and-asm/src/org/mockito/cglib/core/KeyFactory.java,org.mockito.cglib.core.KeyFactory$Anonymous2,anonymous,2,1,1,1,0,NaN,NaN,1,0,1,0,0,0,1,0,0,0,0,0,0,0,0,0,0,0,0,5,0,0,0,0,0,0,0,0,0,0,0,0,0,0,5,-1,0
/Users/pouriad/repos/Cling-application/projects/mockito/cglib-and-asm/src/org/mockito/cglib/core/KeyFactory.java,org.mockito.cglib.core.KeyFactory$Generator,innerclass,13,19,2,45,37,0.2,0.46666667,11,0,7,1,3,0,10,0,0,0,5,1,0,5,0,0,1,0,13,110,5,4,2,0,4,3,13,21,4,17,2,0,0,0,58,9,0
/Users/pouriad/repos/Cling-application/projects/mockito/cglib-and-asm/src/org/mockito/cglib/core/KeyFactory.java,org.mockito.cglib.core.KeyFactory$Anonymous1,anonymous,2,2,1,2,0,NaN,NaN,1,0,1,0,0,0,1,0,0,0,0,0,0,0,0,0,0,0,0,7,0,0,0,0,0,0,0,0,0,0,1,0,0,0,5,-1,0
/Users/pouriad/repos/Cling-application/projects/mockito/cglib-and-asm/src/org/mockito/cglib/core/DuplicatesPredicate.java,org.mockito.cglib.core.DuplicatesPredicate,class,2,1,1,2,0,NaN,NaN,1,0,1,0,0,0,1,0,0,0,1,0,0,1,0,0,0,0,1,6,1,0,0,0,0,0,0,1,0,1,0,0,0,0,9,1,0
/Users/pouriad/repos/Cling-application/projects/mockito/cglib-and-asm/src/org/mockito/cglib/core/Constants.java,org.mockito.cglib.core.Constants,interface,4,0,1,2,0,-1.0,-1.0,0,0,0,0,0,0,0,0,0,0,35,35,35,0,0,0,35,0,25,37,0,0,0,0,0,29,3,35,0,35,0,0,0,0,33,1,0
/Users/pouriad/repos/Cling-application/projects/mockito/cglib-and-asm/src/org/mockito/cglib/proxy/InvocationHandler.java,org.mockito.cglib.proxy.InvocationHandler,interface,1,1,1,0,0,NaN,NaN,1,0,1,0,0,0,1,0,0,0,0,0,0,0,0,0,0,0,0,3,0,0,0,0,0,0,0,0,0,0,0,0,0,0,34,1,0
/Users/pouriad/repos/Cling-application/projects/mockito/cglib-and-asm/src/org/mockito/cglib/proxy/CallbackFilter.java,org.mockito.cglib.proxy.CallbackFilter,interface,0,2,1,0,1,0.0,0.0,2,0,0,0,0,2,2,0,0,0,0,0,0,0,0,0,0,0,0,4,0,0,0,0,0,0,0,0,0,0,0,0,0,0,53,1,0
/Users/pouriad/repos/Cling-application/projects/mockito/cglib-and-asm/src/org/mockito/cglib/proxy/Mixin.java,org.mockito.cglib.proxy.Mixin$Generator,innerclass,11,26,2,14,8,0.3888889,0.7777778,9,0,6,0,3,0,9,0,0,0,5,1,0,5,0,0,1,0,6,83,4,1,6,0,2,7,2,11,2,8,4,0,0,0,64,9,0
/Users/pouriad/repos/Cling-application/projects/mockito/cglib-and-asm/src/org/mockito/cglib/proxy/Mixin.java,org.mockito.cglib.proxy.Mixin$MixinKey,interface,1,1,1,0,0,NaN,NaN,1,0,1,0,0,0,1,0,0,0,0,0,0,0,0,0,0,0,0,3,0,0,0,0,0,0,0,0,0,0,0,0,0,0,6,0,0
/Users/pouriad/repos/Cling-application/projects/mockito/cglib-and-asm/src/org/mockito/cglib/proxy/Mixin.java,org.mockito.cglib.proxy.Mixin$Route,innerclass,2,5,1,13,0,NaN,NaN,1,0,0,0,0,1,1,0,0,0,2,0,0,2,0,0,0,0,1,28,0,3,0,0,1,0,2,13,0,11,3,0,0,0,19,10,0
/Users/pouriad/repos/Cling-application/projects/mockito/cglib-and-asm/src/org/mockito/cglib/proxy/Mixin.java,org.mockito.cglib.proxy.Mixin,class,7,8,2,13,21,0.0,0.0,7,6,6,1,0,0,6,1,0,0,5,5,3,2,0,0,5,0,5,154,6,0,1,0,0,0,3,11,0,10,1,0,3,0,92,1025,0
/Users/pouriad/repos/Cling-application/projects/mockito/cglib-and-asm/src/org/mockito/cglib/proxy/InvocationHandlerGenerator.java,org.mockito.cglib.proxy.InvocationHandlerGenerator,class,11,4,1,26,1,0.0,0.0,2,0,2,0,0,0,2,0,0,0,5,5,1,4,0,0,5,0,6,33,0,2,0,0,0,4,0,12,0,12,1,0,0,0,45,0,0
/Users/pouriad/repos/Cling-application/projects/mockito/cglib-and-asm/src/org/mockito/cglib/proxy/FixedValue.java,org.mockito.cglib.proxy.FixedValue,interface,1,1,1,0,0,NaN,NaN,1,0,0,0,0,1,1,0,0,0,0,0,0,0,0,0,0,0,0,3,0,0,0,0,0,0,0,0,0,0,0,0,0,0,56,1,0
/Users/pouriad/repos/Cling-application/projects/mockito/cglib-and-asm/src/org/mockito/cglib/proxy/FixedValueGenerator.java,org.mockito.cglib.proxy.FixedValueGenerator,class,9,3,1,13,1,0.0,0.0,2,0,2,0,0,0,2,0,0,0,3,3,1,2,0,0,3,0,2,18,0,1,0,0,0,2,0,6,0,6,1,0,0,0,39,0,0
/Users/pouriad/repos/Cling-application/projects/mockito/cglib-and-asm/src/org/mockito/cglib/proxy/MixinBeanEmitter.java,org.mockito.cglib.proxy.MixinBeanEmitter,class,3,3,4,2,3,0.0,0.0,3,0,1,0,2,0,3,0,0,0,0,0,0,0,0,0,0,0,2,11,2,0,0,0,0,0,0,0,0,0,0,0,0,0,15,0,0
/Users/pouriad/repos/Cling-application/projects/mockito/cglib-and-asm/src/org/mockito/cglib/proxy/NoOpGenerator.java,org.mockito.cglib.proxy.NoOpGenerator,class,8,5,1,13,1,0.0,0.0,2,0,2,0,0,0,2,0,0,0,1,1,1,0,0,0,1,0,3,18,0,1,0,0,0,0,0,4,0,4,2,0,0,0,25,0,0
/Users/pouriad/repos/Cling-application/projects/mockito/cglib-and-asm/src/org/mockito/cglib/proxy/ProxyRefDispatcher.java,org.mockito.cglib.proxy.ProxyRefDispatcher,interface,1,1,1,0,0,NaN,NaN,1,0,0,0,0,1,1,0,0,0,0,0,0,0,0,0,0,0,0,3,0,0,0,0,0,0,0,0,0,0,0,0,0,0,38,1,0
/Users/pouriad/repos/Cling-application/projects/mockito/cglib-and-asm/src/org/mockito/cglib/proxy/InterfaceMaker.java,org.mockito.cglib.proxy.InterfaceMaker,class,9,12,2,22,34,0.027777778,0.027777778,9,0,6,0,3,0,9,0,0,0,2,1,0,2,0,0,1,0,2,45,3,2,0,0,0,2,1,9,0,9,2,0,0,0,111,1,0
/Users/pouriad/repos/Cling-application/projects/mockito/cglib-and-asm/src/org/mockito/cglib/proxy/DispatcherGenerator.java,org.mockito.cglib.proxy.DispatcherGenerator,class,10,6,1,19,1,0.0,0.0,3,0,2,1,0,0,2,0,0,0,7,6,2,5,0,0,6,0,5,35,0,1,0,0,0,4,0,10,0,10,3,0,0,0,44,0,0
/Users/pouriad/repos/Cling-application/projects/mockito/cglib-and-asm/src/org/mockito/cglib/proxy/UndeclaredThrowableException.java,org.mockito.cglib.proxy.UndeclaredThrowableException,class,1,2,5,1,1,0.0,0.0,2,0,2,0,0,0,2,0,0,0,0,0,0,0,0,0,0,0,0,8,1,0,0,0,0,0,0,0,0,0,0,0,0,0,22,1,0
/Users/pouriad/repos/Cling-application/projects/mockito/cglib-and-asm/src/org/mockito/cglib/proxy/Factory.java,org.mockito.cglib.proxy.Factory,interface,1,7,1,0,21,0.0,0.0,7,0,0,0,0,7,7,0,0,0,0,0,0,0,0,0,0,0,0,9,0,0,0,0,0,0,0,0,0,0,0,0,0,0,88,1,0
/Users/pouriad/repos/Cling-application/projects/mockito/cglib-and-asm/src/org/mockito/cglib/proxy/MethodInterceptorGenerator.java,org.mockito.cglib.proxy.MethodInterceptorGenerator$Anonymous2,anonymous,2,2,1,4,1,0.0,0.0,2,0,2,0,0,0,2,0,0,0,0,0,0,0,0,0,0,0,0,10,0,0,0,0,0,0,0,0,0,0,0,0,0,0,7,-1,0
/Users/pouriad/repos/Cling-application/projects/mockito/cglib-and-asm/src/org/mockito/cglib/proxy/MethodInterceptorGenerator.java,org.mockito.cglib.proxy.MethodInterceptorGenerator$Anonymous1,anonymous,2,1,1,1,0,NaN,NaN,1,0,1,0,0,0,1,0,0,0,0,0,0,0,0,0,0,0,0,5,1,0,0,0,1,0,0,0,0,0,0,0,0,0,5,-1,0
/Users/pouriad/repos/Cling-application/projects/mockito/cglib-and-asm/src/org/mockito/cglib/proxy/MethodInterceptorGenerator.java,org.mockito.cglib.proxy.MethodInterceptorGenerator,class,16,12,1,66,13,0.33333334,0.33333334,6,1,3,3,0,0,3,0,0,0,18,18,1,14,0,3,18,0,17,150,2,4,1,0,0,17,10,43,7,42,2,2,0,0,72,0,0
/Users/pouriad/repos/Cling-application/projects/mockito/cglib-and-asm/src/org/mockito/cglib/proxy/MixinEverythingEmitter.java,org.mockito.cglib.proxy.MixinEverythingEmitter,class,5,4,4,6,3,0.0,0.0,3,0,1,0,2,0,3,0,0,0,0,0,0,0,0,0,0,0,3,17,2,1,0,0,0,0,1,3,0,3,1,0,0,0,22,0,0
/Users/pouriad/repos/Cling-application/projects/mockito/cglib-and-asm/src/org/mockito/cglib/proxy/MethodInterceptor.java,org.mockito.cglib.proxy.MethodInterceptor,interface,2,1,1,0,0,NaN,NaN,1,0,1,0,0,0,1,0,0,0,0,0,0,0,0,0,0,0,0,3,0,0,0,0,0,0,0,0,0,0,0,0,0,0,72,1,0
/Users/pouriad/repos/Cling-application/projects/mockito/cglib-and-asm/src/org/mockito/cglib/proxy/LazyLoaderGenerator.java,org.mockito.cglib.proxy.LazyLoaderGenerator,class,11,6,1,34,3,0.0,0.0,3,0,2,1,0,0,2,0,0,0,3,3,1,2,0,0,3,0,3,51,1,2,0,0,1,4,0,13,2,13,2,0,0,0,46,0,0
/Users/pouriad/repos/Cling-application/projects/mockito/cglib-and-asm/src/org/mockito/cglib/proxy/Callback.java,org.mockito.cglib.proxy.Callback,interface,0,0,1,0,0,-1.0,-1.0,0,0,0,0,0,0,0,0,0,0,0,0,0,0,0,0,0,0,0,2,0,0,0,0,0,0,0,0,0,0,0,0,0,0,19,1,0
/Users/pouriad/repos/Cling-application/projects/mockito/cglib-and-asm/src/org/mockito/cglib/proxy/MixinEmitter.java,org.mockito.cglib.proxy.MixinEmitter,class,13,7,3,29,3,0.0,0.0,3,0,1,0,2,0,3,0,0,0,4,4,0,4,0,0,4,0,8,46,2,2,1,0,1,4,3,11,0,10,3,0,0,0,54,0,0
/Users/pouriad/repos/Cling-application/projects/mockito/cglib-and-asm/src/org/mockito/cglib/proxy/NoOp.java,org.mockito.cglib.proxy.NoOp,interface,2,0,1,0,0,-1.0,-1.0,0,0,0,0,0,0,0,0,0,0,1,1,1,0,0,0,1,0,0,5,0,0,0,0,0,0,0,1,0,1,0,1,0,0,29,1,0
/Users/pouriad/repos/Cling-application/projects/mockito/cglib-and-asm/src/org/mockito/cglib/proxy/NoOp.java,org.mockito.cglib.proxy.NoOp$Anonymous1,anonymous,0,0,1,0,0,-1.0,-1.0,0,0,0,0,0,0,0,0,0,0,0,0,0,0,0,0,0,0,0,2,0,0,0,0,0,0,0,0,0,0,0,0,0,0,0,-1,0
/Users/pouriad/repos/Cling-application/projects/mockito/cglib-and-asm/src/org/mockito/cglib/proxy/MethodProxy.java,org.mockito.cglib.proxy.MethodProxy$FastClassInfo,innerclass,1,0,1,0,0,-1.0,-1.0,0,0,0,0,0,0,0,0,0,0,4,0,0,0,0,4,0,0,0,6,0,0,0,0,0,0,0,0,0,4,0,0,0,0,7,10,0
/Users/pouriad/repos/Cling-application/projects/mockito/cglib-and-asm/src/org/mockito/cglib/proxy/MethodProxy.java,org.mockito.cglib.proxy.MethodProxy,class,8,19,1,15,19,0.0952381,0.14285715,10,3,7,3,0,0,7,0,0,0,5,0,0,5,0,0,1,0,2,112,8,0,2,3,0,3,1,16,2,12,3,0,2,0,150,1,0
/Users/pouriad/repos/Cling-application/projects/mockito/cglib-and-asm/src/org/mockito/cglib/proxy/MethodProxy.java,org.mockito.cglib.proxy.MethodProxy$CreateInfo,innerclass,3,2,1,4,0,NaN,NaN,1,0,1,0,0,0,1,0,0,0,5,0,0,0,0,5,0,0,1,17,0,0,1,0,0,0,0,6,0,6,1,0,0,0,17,10,0
/Users/pouriad/repos/Cling-application/projects/mockito/cglib-and-asm/src/org/mockito/cglib/proxy/CallbackGenerator.java,org.mockito.cglib.proxy.CallbackGenerator$Context,interface,4,6,1,0,15,0.0,0.0,6,0,0,0,0,6,6,0,0,0,0,0,0,0,0,0,0,0,0,8,0,0,0,0,0,0,0,0,0,0,0,0,0,0,18,0,0
/Users/pouriad/repos/Cling-application/projects/mockito/cglib-and-asm/src/org/mockito/cglib/proxy/CallbackGenerator.java,org.mockito.cglib.proxy.CallbackGenerator,interface,3,2,1,0,1,0.0,0.0,2,0,0,0,0,2,2,0,0,0,0,0,0,0,0,0,0,0,0,12,0,0,0,0,0,0,0,0,0,0,0,0,1,0,11,0,0
/Users/pouriad/repos/Cling-application/projects/mockito/cglib-and-asm/src/org/mockito/cglib/proxy/Enhancer.java,org.mockito.cglib.proxy.Enhancer$EnhancerKey,interface,2,1,1,0,0,NaN,NaN,1,0,1,0,0,0,1,0,0,0,0,0,0,0,0,0,0,0,0,3,0,0,0,0,0,0,0,0,0,0,0,0,0,0,19,1,0
/Users/pouriad/repos/Cling-application/projects/mockito/cglib-and-asm/src/org/mockito/cglib/proxy/Enhancer.java,org.mockito.cglib.proxy.Enhancer$Anonymous5,anonymous,5,3,1,9,1,0.0,0.0,2,0,2,0,0,0,2,0,0,0,0,0,0,0,0,0,0,0,0,17,0,1,0,0,0,1,2,3,0,3,1,0,0,0,13,-1,0
/Users/pouriad/repos/Cling-application/projects/mockito/cglib-and-asm/src/org/mockito/cglib/proxy/Enhancer.java,org.mockito.cglib.proxy.Enhancer$Anonymous6,anonymous,9,8,1,17,15,0.0,0.0,6,0,6,0,0,0,6,0,0,0,0,0,0,0,0,0,0,0,2,32,5,0,0,0,3,0,0,2,0,2,1,0,0,0,39,-1,0
/Users/pouriad/repos/Cling-application/projects/mockito/cglib-and-asm/src/org/mockito/cglib/proxy/Enhancer.java,org.mockito.cglib.proxy.Enhancer,class,33,129,2,131,845,0.14461538,0.64615387,50,12,22,24,4,0,26,0,0,0,39,28,0,39,0,0,28,0,54,674,24,11,40,4,12,44,34,112,9,101,3,6,1,0,449,1,0
/Users/pouriad/repos/Cling-application/projects/mockito/cglib-and-asm/src/org/mockito/cglib/proxy/Enhancer.java,org.mockito.cglib.proxy.Enhancer$Anonymous3,anonymous,3,2,1,5,1,0.0,0.0,2,0,2,0,0,0,2,0,0,0,0,0,0,0,0,0,0,0,1,10,0,0,0,0,0,0,0,0,0,0,0,0,0,0,9,-1,0
/Users/pouriad/repos/Cling-application/projects/mockito/cglib-and-asm/src/org/mockito/cglib/proxy/Enhancer.java,org.mockito.cglib.proxy.Enhancer$Anonymous4,anonymous,3,2,1,6,1,0.0,0.0,2,0,2,0,0,0,2,0,0,0,0,0,0,0,0,0,0,0,1,11,0,0,0,0,0,0,1,0,0,0,0,0,0,0,9,-1,0
/Users/pouriad/repos/Cling-application/projects/mockito/cglib-and-asm/src/org/mockito/cglib/proxy/Enhancer.java,org.mockito.cglib.proxy.Enhancer$Anonymous1,anonymous,0,1,1,0,0,NaN,NaN,1,0,1,0,0,0,1,0,0,0,0,0,0,0,0,0,0,0,0,5,1,0,0,0,0,0,1,0,0,0,0,0,0,0,3,-1,0
/Users/pouriad/repos/Cling-application/projects/mockito/cglib-and-asm/src/org/mockito/cglib/proxy/Enhancer.java,org.mockito.cglib.proxy.Enhancer$Anonymous2,anonymous,3,2,1,4,0,NaN,NaN,1,0,1,0,0,0,1,0,0,0,0,0,0,0,0,0,0,0,2,10,1,0,0,0,2,0,0,3,0,2,1,0,0,0,6,-1,0
/Users/pouriad/repos/Cling-application/projects/mockito/cglib-and-asm/src/org/mockito/cglib/proxy/Proxy.java,org.mockito.cglib.proxy.Proxy$ProxyImpl,innerclass,2,1,2,0,0,NaN,NaN,1,0,0,0,1,0,1,0,0,0,0,0,0,0,0,0,0,0,0,5,0,0,0,0,0,0,0,0,0,0,0,0,0,0,5,10,0
/Users/pouriad/repos/Cling-application/projects/mockito/cglib-and-asm/src/org/mockito/cglib/proxy/Proxy.java,org.mockito.cglib.proxy.Proxy$Anonymous1,anonymous,0,5,1,4,0,NaN,NaN,1,0,1,0,0,0,1,0,0,0,0,0,0,0,0,0,0,0,0,11,2,0,0,0,1,4,2,1,0,1,2,0,0,0,4,-1,0
/Users/pouriad/repos/Cling-application/projects/mockito/cglib-and-asm/src/org/mockito/cglib/proxy/Proxy.java,org.mockito.cglib.proxy.Proxy,class,8,8,2,13,4,0.3,0.3,5,4,4,0,1,0,5,0,0,0,2,1,0,1,1,0,1,0,2,54,4,0,0,1,2,1,0,4,0,4,1,1,1,0,86,1,0
/Users/pouriad/repos/Cling-application/projects/mockito/cglib-and-asm/src/org/mockito/cglib/proxy/Dispatcher.java,org.mockito.cglib.proxy.Dispatcher,interface,1,1,1,0,0,NaN,NaN,1,0,0,0,0,1,1,0,0,0,0,0,0,0,0,0,0,0,0,3,0,0,0,0,0,0,0,0,0,0,0,0,0,0,36,1,0
/Users/pouriad/repos/Cling-application/projects/mockito/cglib-and-asm/src/org/mockito/cglib/proxy/CallbackHelper.java,org.mockito.cglib.proxy.CallbackHelper,class,5,20,1,13,3,0.42857143,0.71428573,7,0,6,0,1,0,7,1,0,0,2,0,0,2,0,0,0,0,2,54,10,1,5,0,7,4,9,11,1,10,2,0,0,0,45,1025,0
/Users/pouriad/repos/Cling-application/projects/mockito/cglib-and-asm/src/org/mockito/cglib/proxy/CallbackInfo.java,org.mockito.cglib.proxy.CallbackInfo,class,11,17,1,7,9,0.0,0.0,7,6,3,4,0,0,3,0,0,0,4,1,0,4,0,0,1,0,6,63,6,5,3,0,0,5,5,19,3,15,3,0,0,0,32,0,0
/Users/pouriad/repos/Cling-application/projects/mockito/cglib-and-asm/src/org/mockito/cglib/proxy/LazyLoader.java,org.mockito.cglib.proxy.LazyLoader,interface,1,1,1,0,0,NaN,NaN,1,0,0,0,0,1,1,0,0,0,0,0,0,0,0,0,0,0,0,3,0,0,0,0,0,0,0,0,0,0,0,0,0,0,40,1,0
/Users/pouriad/repos/Cling-application/projects/mockito/cglib-and-asm/src/org/mockito/cglib/util/ParallelSorter.java,org.mockito.cglib.util.ParallelSorter$Generator,innerclass,7,10,2,8,1,0.47619048,0.47619048,7,0,4,0,3,0,7,0,0,0,2,1,0,2,0,0,1,0,2,33,4,1,1,0,2,2,2,3,1,3,2,0,0,0,39,9,0
/Users/pouriad/repos/Cling-application/projects/mockito/cglib-and-asm/src/org/mockito/cglib/util/ParallelSorter.java,org.mockito.cglib.util.ParallelSorter$DoubleComparer,innerclass,2,4,1,0,0,1.0,1.0,2,0,2,0,0,0,2,0,0,0,1,0,0,1,0,0,0,0,0,11,1,0,1,0,2,0,3,3,0,3,0,0,0,0,7,8,0
/Users/pouriad/repos/Cling-application/projects/mockito/cglib-and-asm/src/org/mockito/cglib/util/ParallelSorter.java,org.mockito.cglib.util.ParallelSorter$ComparatorComparer,innerclass,1,2,1,1,0,1.0,1.0,2,0,2,0,0,0,2,0,0,0,2,0,0,2,0,0,0,0,0,11,1,0,0,0,0,0,0,2,0,2,0,0,0,0,6,8,0
/Users/pouriad/repos/Cling-application/projects/mockito/cglib-and-asm/src/org/mockito/cglib/util/ParallelSorter.java,org.mockito.cglib.util.ParallelSorter$ShortComparer,innerclass,2,2,1,0,0,1.0,1.0,2,0,2,0,0,0,2,0,0,0,1,0,0,1,0,0,0,0,0,9,1,0,0,0,0,0,0,1,1,1,0,0,0,0,5,8,0
/Users/pouriad/repos/Cling-application/projects/mockito/cglib-and-asm/src/org/mockito/cglib/util/ParallelSorter.java,org.mockito.cglib.util.ParallelSorter$IntComparer,innerclass,2,2,1,0,0,1.0,1.0,2,0,2,0,0,0,2,0,0,0,1,0,0,1,0,0,0,0,0,9,1,0,0,0,0,0,0,1,1,1,0,0,0,0,5,8,0
/Users/pouriad/repos/Cling-application/projects/mockito/cglib-and-asm/src/org/mockito/cglib/util/ParallelSorter.java,org.mockito.cglib.util.ParallelSorter,class,19,21,3,12,87,0.0,0.0,14,1,10,2,2,0,12,1,0,0,2,0,0,1,1,0,0,0,0,188,3,0,1,0,1,0,7,11,2,5,1,0,10,0,145,1025,0
/Users/pouriad/repos/Cling-application/projects/mockito/cglib-and-asm/src/org/mockito/cglib/util/ParallelSorter.java,org.mockito.cglib.util.ParallelSorter$Comparer,interface,0,1,1,0,0,NaN,NaN,1,0,0,0,0,1,1,0,0,0,0,0,0,0,0,0,0,0,0,3,0,0,0,0,0,0,0,0,0,0,0,0,0,0,3,0,0
/Users/pouriad/repos/Cling-application/projects/mockito/cglib-and-asm/src/org/mockito/cglib/util/ParallelSorter.java,org.mockito.cglib.util.ParallelSorter$ObjectComparer,innerclass,1,2,1,1,0,1.0,1.0,2,0,2,0,0,0,2,0,0,0,1,0,0,1,0,0,0,0,0,9,1,0,0,0,1,0,0,1,0,1,0,0,0,0,6,8,0
/Users/pouriad/repos/Cling-application/projects/mockito/cglib-and-asm/src/org/mockito/cglib/util/ParallelSorter.java,org.mockito.cglib.util.ParallelSorter$FloatComparer,innerclass,2,4,1,0,0,1.0,1.0,2,0,2,0,0,0,2,0,0,0,1,0,0,1,0,0,0,0,0,11,1,0,1,0,2,0,3,3,0,3,0,0,0,0,7,8,0
/Users/pouriad/repos/Cling-application/projects/mockito/cglib-and-asm/src/org/mockito/cglib/util/ParallelSorter.java,org.mockito.cglib.util.ParallelSorter$LongComparer,innerclass,2,4,1,0,0,1.0,1.0,2,0,2,0,0,0,2,0,0,0,1,0,0,1,0,0,0,0,0,11,1,0,1,0,2,0,3,3,0,3,0,0,0,0,7,8,0
/Users/pouriad/repos/Cling-application/projects/mockito/cglib-and-asm/src/org/mockito/cglib/util/ParallelSorter.java,org.mockito.cglib.util.ParallelSorter$ByteComparer,innerclass,2,2,1,0,0,1.0,1.0,2,0,2,0,0,0,2,0,0,0,1,0,0,1,0,0,0,0,0,9,1,0,0,0,0,0,0,1,1,1,0,0,0,0,5,8,0
/Users/pouriad/repos/Cling-application/projects/mockito/cglib-and-asm/src/org/mockito/cglib/util/SorterTemplate.java,org.mockito.cglib.util.SorterTemplate,class,1,36,1,9,45,0.0,0.0,10,0,0,6,4,0,4,2,0,0,2,2,0,2,0,0,2,0,0,152,5,11,3,0,1,0,37,40,41,23,3,0,0,0,49,1024,0
/Users/pouriad/repos/Cling-application/projects/mockito/cglib-and-asm/src/org/mockito/cglib/util/StringSwitcher.java,org.mockito.cglib.util.StringSwitcher$Generator$Anonymous1,anonymous,2,2,1,3,1,0.0,0.0,2,0,2,0,0,0,2,0,0,0,0,0,0,0,0,0,0,0,0,10,0,0,0,0,0,0,1,0,0,0,0,0,0,0,7,-1,0
/Users/pouriad/repos/Cling-application/projects/mockito/cglib-and-asm/src/org/mockito/cglib/util/StringSwitcher.java,org.mockito.cglib.util.StringSwitcher,class,9,3,2,7,3,0.0,0.0,3,1,2,0,1,0,3,1,0,0,3,3,0,3,0,0,3,0,3,72,1,0,0,0,0,2,0,4,0,4,0,0,2,0,85,1025,0
/Users/pouriad/repos/Cling-application/projects/mockito/cglib-and-asm/src/org/mockito/cglib/util/StringSwitcher.java,org.mockito.cglib.util.StringSwitcher$StringSwitcherKey,interface,1,1,1,0,0,NaN,NaN,1,0,1,0,0,0,1,0,0,0,0,0,0,0,0,0,0,0,0,3,0,0,0,0,0,0,0,0,0,0,0,0,0,0,8,0,0
/Users/pouriad/repos/Cling-application/projects/mockito/cglib-and-asm/src/org/mockito/cglib/util/StringSwitcher.java,org.mockito.cglib.util.StringSwitcher$Generator,innerclass,11,10,2,16,24,0.16666667,0.2777778,9,0,6,0,3,0,9,0,0,0,4,1,0,4,0,0,1,0,4,54,4,0,0,0,0,0,1,9,0,9,0,1,0,0,73,9,0
/Users/pouriad/repos/Cling-application/projects/mockito/cglib-and-asm/src/org/mockito/cglib/util/ParallelSorterEmitter.java,org.mockito.cglib.util.ParallelSorterEmitter,class,9,6,3,31,6,NaN,NaN,4,0,1,3,0,0,1,0,0,0,4,4,0,4,0,0,4,0,8,63,1,2,0,0,0,6,8,12,1,12,1,0,0,0,46,0,0
/Users/pouriad/repos/Cling-application/projects/mockito/cglib-and-asm/src/org/mockito/cglib/reflect/FastClassEmitter.java,org.mockito.cglib.reflect.FastClassEmitter$Anonymous3,anonymous,2,2,1,3,1,0.0,0.0,2,0,2,0,0,0,2,0,0,0,0,0,0,0,0,0,0,0,0,10,0,0,0,0,0,0,1,0,0,0,0,0,0,0,7,-1,0
/Users/pouriad/repos/Cling-application/projects/mockito/cglib-and-asm/src/org/mockito/cglib/reflect/FastClassEmitter.java,org.mockito.cglib.reflect.FastClassEmitter$Anonymous4,anonymous,6,4,1,12,1,0.0,0.0,2,0,2,0,0,0,2,0,0,0,0,0,0,0,0,0,0,0,1,19,0,1,0,0,0,0,1,3,0,3,1,0,0,0,14,-1,0
/Users/pouriad/repos/Cling-application/projects/mockito/cglib-and-asm/src/org/mockito/cglib/reflect/FastClassEmitter.java,org.mockito.cglib.reflect.FastClassEmitter$Anonymous1,anonymous,2,1,1,2,0,NaN,NaN,1,0,1,0,0,0,1,0,0,0,0,0,0,0,0,0,0,0,1,5,1,0,0,0,0,0,0,0,0,0,0,0,0,0,4,-1,0
/Users/pouriad/repos/Cling-application/projects/mockito/cglib-and-asm/src/org/mockito/cglib/reflect/FastClassEmitter.java,org.mockito.cglib.reflect.FastClassEmitter$Anonymous2,anonymous,2,1,1,4,0,NaN,NaN,1,0,1,0,0,0,1,0,0,0,0,0,0,0,0,0,0,0,1,6,1,0,0,0,0,0,2,1,1,1,0,0,0,0,5,-1,0
/Users/pouriad/repos/Cling-application/projects/mockito/cglib-and-asm/src/org/mockito/cglib/reflect/FastClassEmitter.java,org.mockito.cglib.reflect.FastClassEmitter,class,20,8,3,42,11,NaN,NaN,6,2,1,5,0,0,1,0,0,0,14,14,0,14,0,0,14,0,32,160,1,1,0,0,0,13,9,36,1,31,1,4,1,0,81,0,0
/Users/pouriad/repos/Cling-application/projects/mockito/cglib-and-asm/src/org/mockito/cglib/reflect/FastClassEmitter.java,org.mockito.cglib.reflect.FastClassEmitter$GetIndexCallback,innerclass,3,4,1,8,0,1.0,1.0,3,0,3,0,0,0,3,0,0,0,2,0,0,2,0,0,0,0,0,19,0,1,0,0,1,0,2,4,0,4,1,0,0,0,23,10,0
/Users/pouriad/repos/Cling-application/projects/mockito/cglib-and-asm/src/org/mockito/cglib/reflect/MethodDelegate.java,org.mockito.cglib.reflect.MethodDelegate$MethodDelegateKey,interface,0,1,1,0,0,NaN,NaN,1,0,0,0,0,1,1,0,0,0,0,0,0,0,0,0,0,0,0,3,0,0,0,0,0,0,0,0,0,0,0,0,0,0,8,0,0
/Users/pouriad/repos/Cling-application/projects/mockito/cglib-and-asm/src/org/mockito/cglib/reflect/MethodDelegate.java,org.mockito.cglib.reflect.MethodDelegate$Generator,innerclass,14,13,2,48,7,0.42222223,0.8,10,0,7,0,3,0,10,0,0,0,7,3,0,7,0,0,3,0,9,82,4,0,1,0,4,13,2,18,1,15,1,0,0,0,62,9,0
/Users/pouriad/repos/Cling-application/projects/mockito/cglib-and-asm/src/org/mockito/cglib/reflect/MethodDelegate.java,org.mockito.cglib.reflect.MethodDelegate,class,5,7,2,9,0,0.6666667,0.6666667,6,2,6,0,0,0,6,1,0,0,3,1,0,1,2,0,1,0,1,115,5,0,1,0,0,0,0,4,0,6,0,0,2,0,200,1025,0
/Users/pouriad/repos/Cling-application/projects/mockito/cglib-and-asm/src/org/mockito/cglib/reflect/FastConstructor.java,org.mockito.cglib.reflect.FastConstructor,class,2,6,2,4,15,0.0,0.0,6,0,5,0,0,1,6,0,0,0,0,0,0,0,0,0,0,0,0,20,5,0,0,0,2,0,0,0,0,0,0,0,0,0,17,1,0
/Users/pouriad/repos/Cling-application/projects/mockito/cglib-and-asm/src/org/mockito/cglib/reflect/FastMember.java,org.mockito.cglib.reflect.FastMember,class,2,12,1,6,11,0.37777779,0.62222224,10,0,9,0,1,0,10,2,0,0,3,0,0,0,3,0,0,0,0,36,8,0,1,0,2,0,0,3,0,3,1,0,0,0,23,1025,0
/Users/pouriad/repos/Cling-application/projects/mockito/cglib-and-asm/src/org/mockito/cglib/reflect/MulticastDelegate.java,org.mockito.cglib.reflect.MulticastDelegate$Generator$Anonymous1,anonymous,2,2,1,5,0,NaN,NaN,1,0,1,0,0,0,1,0,0,0,0,0,0,0,0,0,0,0,1,10,0,0,0,0,0,0,0,0,0,0,1,0,0,0,8,-1,0
/Users/pouriad/repos/Cling-application/projects/mockito/cglib-and-asm/src/org/mockito/cglib/reflect/MulticastDelegate.java,org.mockito.cglib.reflect.MulticastDelegate,class,3,9,2,6,15,0.14285715,0.14285715,7,1,5,0,2,0,7,2,0,0,1,0,0,0,1,0,0,0,4,112,5,1,0,0,0,0,10,8,5,5,2,0,1,0,22,1025,0
/Users/pouriad/repos/Cling-application/projects/mockito/cglib-and-asm/src/org/mockito/cglib/reflect/MulticastDelegate.java,org.mockito.cglib.reflect.MulticastDelegate$Generator,innerclass,15,11,2,35,16,0.2857143,0.2857143,8,0,4,1,3,0,7,0,0,0,6,5,0,6,0,0,5,0,9,78,4,0,1,0,2,5,2,16,0,14,1,1,0,0,62,9,0
/Users/pouriad/repos/Cling-application/projects/mockito/cglib-and-asm/src/org/mockito/cglib/reflect/ConstructorDelegate.java,org.mockito.cglib.reflect.ConstructorDelegate,class,5,2,2,4,1,0.0,0.0,2,1,1,0,1,0,2,0,0,0,1,1,0,1,0,0,1,0,1,69,1,0,0,0,0,0,0,2,0,2,0,0,2,0,23,1025,0
/Users/pouriad/repos/Cling-application/projects/mockito/cglib-and-asm/src/org/mockito/cglib/reflect/ConstructorDelegate.java,org.mockito.cglib.reflect.ConstructorDelegate$Generator,innerclass,11,10,2,28,12,0.2857143,0.35714287,8,0,5,0,3,0,8,0,0,0,4,2,0,4,0,0,2,0,9,55,4,0,0,1,0,3,0,10,0,10,1,0,0,0,59,9,0
/Users/pouriad/repos/Cling-application/projects/mockito/cglib-and-asm/src/org/mockito/cglib/reflect/ConstructorDelegate.java,org.mockito.cglib.reflect.ConstructorDelegate$ConstructorKey,interface,0,1,1,0,0,NaN,NaN,1,0,1,0,0,0,1,0,0,0,0,0,0,0,0,0,0,0,0,3,0,0,0,0,0,0,0,0,0,0,0,0,0,0,6,0,0
/Users/pouriad/repos/Cling-application/projects/mockito/cglib-and-asm/src/org/mockito/cglib/reflect/FastClass.java,org.mockito.cglib.reflect.FastClass,class,7,28,2,22,163,0.17786561,0.17786561,23,3,20,0,3,0,23,6,0,0,1,0,0,1,0,0,0,0,2,109,16,1,1,2,2,1,1,4,0,4,1,0,1,0,99,1025,0
/Users/pouriad/repos/Cling-application/projects/mockito/cglib-and-asm/src/org/mockito/cglib/reflect/FastClass.java,org.mockito.cglib.reflect.FastClass$Generator,innerclass,6,7,2,7,1,0.47619048,0.47619048,7,0,4,0,3,0,7,0,0,0,2,1,0,2,0,0,1,0,1,26,4,0,0,0,0,0,0,2,0,2,0,0,0,0,30,9,0
/Users/pouriad/repos/Cling-application/projects/mockito/cglib-and-asm/src/org/mockito/cglib/reflect/FastMethod.java,org.mockito.cglib.reflect.FastMethod,class,3,9,2,10,21,0.0,0.0,7,1,5,1,0,1,6,0,0,0,0,0,0,0,0,0,0,0,1,32,6,1,0,0,3,5,2,3,3,3,2,0,0,0,26,1,0
/Users/pouriad/repos/Cling-application/projects/mockito/cglib-and-asm/src/org/mockito/cglib/beans/BeanMap.java,org.mockito.cglib.beans.BeanMap$Generator$BeanMapKey,interface,0,1,1,0,0,NaN,NaN,1,0,1,0,0,0,1,0,0,0,0,0,0,0,0,0,0,0,0,3,0,0,0,0,0,0,0,0,0,0,0,0,0,0,8,0,0
/Users/pouriad/repos/Cling-application/projects/mockito/cglib-and-asm/src/org/mockito/cglib/beans/BeanMap.java,org.mockito.cglib.beans.BeanMap$Generator,innerclass,8,11,2,11,6,0.41666666,0.7777778,9,0,6,0,3,0,9,0,0,0,5,2,0,5,0,0,2,0,2,40,4,0,2,0,2,1,0,6,0,5,1,0,1,0,88,9,0
/Users/pouriad/repos/Cling-application/projects/mockito/cglib-and-asm/src/org/mockito/cglib/beans/BeanMap.java,org.mockito.cglib.beans.BeanMap,class,3,43,2,28,197,0.14229248,0.14229248,23,1,21,0,2,0,23,4,0,0,3,2,2,0,1,0,2,0,2,160,18,7,9,0,10,1,6,27,0,26,2,0,1,0,151,1025,0
/Users/pouriad/repos/Cling-application/projects/mockito/cglib-and-asm/src/org/mockito/cglib/beans/BeanMapEmitter.java,org.mockito.cglib.beans.BeanMapEmitter$Anonymous3,anonymous,4,2,1,6,1,0.0,0.0,2,0,2,0,0,0,2,0,0,0,0,0,0,0,0,0,0,0,2,11,0,0,0,0,0,0,0,1,0,1,0,0,0,0,10,-1,0
/Users/pouriad/repos/Cling-application/projects/mockito/cglib-and-asm/src/org/mockito/cglib/beans/BeanMapEmitter.java,org.mockito.cglib.beans.BeanMapEmitter$Anonymous2,anonymous,5,3,1,15,1,0.0,0.0,2,0,2,0,0,0,2,0,0,0,0,0,0,0,0,0,0,0,2,22,0,0,1,0,0,0,2,3,0,3,1,0,0,0,15,-1,0
/Users/pouriad/repos/Cling-application/projects/mockito/cglib-and-asm/src/org/mockito/cglib/beans/BeanMapEmitter.java,org.mockito.cglib.beans.BeanMapEmitter$Anonymous1,anonymous,5,2,1,9,1,0.0,0.0,2,0,2,0,0,0,2,0,0,0,0,0,0,0,0,0,0,0,1,13,0,0,0,0,0,0,0,2,0,2,0,0,0,0,13,-1,0
/Users/pouriad/repos/Cling-application/projects/mockito/cglib-and-asm/src/org/mockito/cglib/beans/BeanMapEmitter.java,org.mockito.cglib.beans.BeanMapEmitter,class,10,17,3,46,28,NaN,NaN,8,0,1,7,0,0,1,0,0,0,9,9,0,9,0,0,9,0,18,145,2,2,3,0,7,12,10,23,0,22,3,3,0,0,69,0,0
/Users/pouriad/repos/Cling-application/projects/mockito/cglib-and-asm/src/org/mockito/cglib/beans/ImmutableBean.java,org.mockito.cglib.beans.ImmutableBean$Generator,innerclass,11,9,2,28,7,0.33333334,0.47619048,7,0,4,0,3,0,7,0,0,0,3,1,0,3,0,0,1,0,9,60,4,2,0,0,0,1,3,16,0,14,1,0,0,0,52,9,0
/Users/pouriad/repos/Cling-application/projects/mockito/cglib-and-asm/src/org/mockito/cglib/beans/ImmutableBean.java,org.mockito.cglib.beans.ImmutableBean,class,5,2,2,4,1,NaN,NaN,2,1,1,1,0,0,1,0,0,0,4,4,0,4,0,0,4,0,2,73,1,0,0,0,0,3,0,5,0,5,0,0,1,0,31,1,0
/Users/pouriad/repos/Cling-application/projects/mockito/cglib-and-asm/src/org/mockito/cglib/beans/BulkBeanException.java,org.mockito.cglib.beans.BulkBeanException,class,0,4,4,1,0,0.6666667,1.0,4,0,4,0,0,0,4,0,0,0,2,0,0,2,0,0,0,0,0,19,2,0,0,0,0,0,0,3,0,2,0,0,0,0,11,1,0
/Users/pouriad/repos/Cling-application/projects/mockito/cglib-and-asm/src/org/mockito/cglib/beans/BeanGenerator.java,org.mockito.cglib.beans.BeanGenerator$BeanGeneratorKey,interface,0,1,1,0,0,NaN,NaN,1,0,1,0,0,0,1,0,0,0,0,0,0,0,0,0,0,0,0,3,0,0,0,0,0,0,0,0,0,0,0,0,0,0,8,0,0
/Users/pouriad/repos/Cling-application/projects/mockito/cglib-and-asm/src/org/mockito/cglib/beans/BeanGenerator.java,org.mockito.cglib.beans.BeanGenerator,class,10,26,2,31,44,0.18181819,0.24242425,13,3,9,1,3,0,12,0,0,0,5,2,0,5,0,0,2,0,9,93,9,3,5,0,2,3,2,19,1,16,1,0,1,0,89,1,0
/Users/pouriad/repos/Cling-application/projects/mockito/cglib-and-asm/src/org/mockito/cglib/beans/BeanCopier.java,org.mockito.cglib.beans.BeanCopier$Generator,innerclass,14,18,2,43,25,0.2777778,0.41666666,10,1,6,1,3,0,9,0,0,0,4,1,0,4,0,0,1,0,12,99,5,2,1,0,0,0,8,21,0,21,3,0,0,0,57,9,0
/Users/pouriad/repos/Cling-application/projects/mockito/cglib-and-asm/src/org/mockito/cglib/beans/BeanCopier.java,org.mockito.cglib.beans.BeanCopier$BeanCopierKey,interface,0,1,1,0,0,NaN,NaN,1,0,1,0,0,0,1,0,0,0,0,0,0,0,0,0,0,0,0,3,0,0,0,0,0,0,0,0,0,0,0,0,0,0,8,0,0
/Users/pouriad/repos/Cling-application/projects/mockito/cglib-and-asm/src/org/mockito/cglib/beans/BeanCopier.java,org.mockito.cglib.beans.BeanCopier,class,9,2,2,7,1,0.0,0.0,2,1,2,0,0,0,2,1,0,0,5,5,0,5,0,0,5,0,4,117,1,0,0,0,0,4,0,6,0,6,0,0,2,0,34,1025,0
/Users/pouriad/repos/Cling-application/projects/mockito/cglib-and-asm/src/org/mockito/cglib/beans/BulkBeanEmitter.java,org.mockito.cglib.beans.BulkBeanEmitter,class,13,20,3,43,6,NaN,NaN,4,1,1,3,0,0,1,0,0,0,5,5,0,5,0,0,5,0,15,110,0,3,7,1,0,11,14,25,2,21,4,0,0,0,76,0,0
/Users/pouriad/repos/Cling-application/projects/mockito/cglib-and-asm/src/org/mockito/cglib/beans/FixedKeySet.java,org.mockito.cglib.beans.FixedKeySet,class,0,3,3,3,0,0.6666667,1.0,3,0,3,0,0,0,3,0,0,0,2,0,0,2,0,0,0,0,2,14,2,0,0,0,0,0,0,2,0,2,0,0,0,0,10,1,0
/Users/pouriad/repos/Cling-application/projects/mockito/cglib-and-asm/src/org/mockito/cglib/beans/BulkBean.java,org.mockito.cglib.beans.BulkBean$BulkBeanKey,interface,0,1,1,0,0,NaN,NaN,1,0,1,0,0,0,1,0,0,0,0,0,0,0,0,0,0,0,0,3,0,0,0,0,0,0,0,0,0,0,0,0,0,0,7,0,0
/Users/pouriad/repos/Cling-application/projects/mockito/cglib-and-asm/src/org/mockito/cglib/beans/BulkBean.java,org.mockito.cglib.beans.BulkBean,class,5,8,2,8,18,0.10714286,0.21428572,8,1,7,0,1,0,8,2,0,0,4,1,0,1,3,0,1,0,1,85,5,0,0,0,0,0,0,3,0,7,0,0,2,0,33,1025,0
/Users/pouriad/repos/Cling-application/projects/mockito/cglib-and-asm/src/org/mockito/cglib/beans/BulkBean.java,org.mockito.cglib.beans.BulkBean$Generator,innerclass,7,10,2,10,7,0.42222223,0.62222224,10,0,7,0,3,0,10,0,0,0,5,1,0,5,0,0,1,0,5,50,4,0,0,0,0,0,6,14,0,10,0,0,0,0,41,9,0
/Users/pouriad/repos/Cling-application/projects/mockito/cglib-and-asm/src/org/mockito/cglib/transform/impl/InterceptFieldTransformer.java,org.mockito.cglib.transform.impl.InterceptFieldTransformer$Anonymous1,anonymous,7,6,1,8,1,NaN,NaN,2,0,1,1,0,0,1,0,0,0,0,0,0,0,0,0,0,0,3,23,2,0,0,0,0,0,0,1,0,1,2,0,0,0,12,-1,0
/Users/pouriad/repos/Cling-application/projects/mockito/cglib-and-asm/src/org/mockito/cglib/transform/impl/InterceptFieldTransformer.java,org.mockito.cglib.transform.impl.InterceptFieldTransformer,class,11,21,4,41,58,0.16666667,0.16666667,12,6,4,8,0,0,4,0,0,0,6,5,0,6,0,0,5,0,17,146,8,0,1,0,1,13,4,16,6,15,2,1,0,0,60,1,0
/Users/pouriad/repos/Cling-application/projects/mockito/cglib-and-asm/src/org/mockito/cglib/transform/impl/AccessFieldTransformer.java,org.mockito.cglib.transform.impl.AccessFieldTransformer,class,7,3,4,11,0,1.0,1.0,2,0,2,0,0,0,2,0,0,0,1,0,0,1,0,0,0,0,1,27,0,0,1,0,0,2,1,4,2,3,1,0,1,0,22,1,0
/Users/pouriad/repos/Cling-application/projects/mockito/cglib-and-asm/src/org/mockito/cglib/transform/impl/AccessFieldTransformer.java,org.mockito.cglib.transform.impl.AccessFieldTransformer$Callback,interface,1,1,1,0,0,NaN,NaN,1,0,0,0,0,1,1,0,0,0,0,0,0,0,0,0,0,0,0,3,0,0,0,0,0,0,0,0,0,0,0,0,0,0,6,1,0
/Users/pouriad/repos/Cling-application/projects/mockito/cglib-and-asm/src/org/mockito/cglib/transform/impl/AbstractInterceptFieldCallback.java,org.mockito.cglib.transform.impl.AbstractInterceptFieldCallback,class,1,18,1,0,153,0.0,0.0,18,0,18,0,0,0,18,0,0,0,0,0,0,0,0,0,0,0,0,56,18,0,0,0,0,0,0,0,0,0,0,0,0,0,20,1,0
/Users/pouriad/repos/Cling-application/projects/mockito/cglib-and-asm/src/org/mockito/cglib/transform/impl/UndeclaredThrowableTransformer.java,org.mockito.cglib.transform.impl.UndeclaredThrowableTransformer$Anonymous1,anonymous,3,2,1,4,0,0.0,0.0,1,0,1,0,0,0,2,0,0,0,1,0,0,1,0,0,0,0,1,11,0,0,0,0,0,0,0,1,0,1,0,0,0,0,8,-1,0
/Users/pouriad/repos/Cling-application/projects/mockito/cglib-and-asm/src/org/mockito/cglib/transform/impl/UndeclaredThrowableTransformer.java,org.mockito.cglib.transform.impl.UndeclaredThrowableTransformer,class,6,8,4,7,1,0.0,0.0,2,0,2,0,0,0,2,0,0,0,1,0,0,1,0,0,0,0,2,34,2,1,1,0,0,1,3,7,1,6,2,1,0,0,32,1,0
/Users/pouriad/repos/Cling-application/projects/mockito/cglib-and-asm/src/org/mockito/cglib/transform/impl/AddInitTransformer.java,org.mockito.cglib.transform.impl.AddInitTransformer,class,7,6,4,8,1,0.0,0.0,2,0,2,0,0,0,2,0,0,0,1,0,0,1,0,0,0,0,1,26,2,0,1,0,0,1,2,3,1,3,1,1,0,0,21,1,0
/Users/pouriad/repos/Cling-application/projects/mockito/cglib-and-asm/src/org/mockito/cglib/transform/impl/AddInitTransformer.java,org.mockito.cglib.transform.impl.AddInitTransformer$Anonymous1,anonymous,1,2,1,3,0,NaN,NaN,1,0,1,0,0,0,1,0,0,0,0,0,0,0,0,0,0,0,0,9,0,0,1,0,0,0,0,0,0,0,1,0,0,0,7,-1,0
/Users/pouriad/repos/Cling-application/projects/mockito/cglib-and-asm/src/org/mockito/cglib/transform/impl/FieldProvider.java,org.mockito.cglib.transform.impl.FieldProvider,interface,0,6,1,0,15,0.0,0.0,6,0,0,0,0,6,6,0,0,0,0,0,0,0,0,0,0,0,0,8,0,0,0,0,0,0,0,0,0,0,0,0,0,0,10,1,0
/Users/pouriad/repos/Cling-application/projects/mockito/cglib-and-asm/src/org/mockito/cglib/transform/impl/InterceptFieldCallback.java,org.mockito.cglib.transform.impl.InterceptFieldCallback,interface,0,18,1,0,153,0.0,0.0,18,0,0,0,0,18,18,0,0,0,0,0,0,0,0,0,0,0,0,20,0,0,0,0,0,0,0,0,0,0,0,0,0,0,19,1,0
/Users/pouriad/repos/Cling-application/projects/mockito/cglib-and-asm/src/org/mockito/cglib/transform/impl/AddDelegateTransformer.java,org.mockito.cglib.transform.impl.AddDelegateTransformer$Anonymous1,anonymous,1,3,1,6,0,NaN,NaN,1,0,1,0,0,0,1,0,0,0,1,0,0,1,0,0,0,0,0,15,0,0,1,0,0,0,0,2,0,1,1,0,0,0,25,-1,0
/Users/pouriad/repos/Cling-application/projects/mockito/cglib-and-asm/src/org/mockito/cglib/transform/impl/AddDelegateTransformer.java,org.mockito.cglib.transform.impl.AddDelegateTransformer,class,10,12,4,28,0,0.33333334,0.33333334,4,0,3,1,0,0,3,0,0,0,5,2,0,5,0,0,2,0,8,79,2,2,0,2,0,3,2,14,1,14,4,1,0,0,57,1,0
/Users/pouriad/repos/Cling-application/projects/mockito/cglib-and-asm/src/org/mockito/cglib/transform/impl/AddStaticInitTransformer.java,org.mockito.cglib.transform.impl.AddStaticInitTransformer,class,9,7,4,12,0,1.0,1.0,2,0,1,0,1,0,2,0,0,0,1,0,0,1,0,0,0,0,4,20,0,0,1,0,0,2,2,3,2,3,1,0,0,0,26,1,0
/Users/pouriad/repos/Cling-application/projects/mockito/cglib-and-asm/src/org/mockito/cglib/transform/impl/InterceptFieldEnabled.java,org.mockito.cglib.transform.impl.InterceptFieldEnabled,interface,1,2,1,0,1,0.0,0.0,2,0,0,0,0,2,2,0,0,0,0,0,0,0,0,0,0,0,0,4,0,0,0,0,0,0,0,0,0,0,0,0,0,0,7,1,0
/Users/pouriad/repos/Cling-application/projects/mockito/cglib-and-asm/src/org/mockito/cglib/transform/impl/AddPropertyTransformer.java,org.mockito.cglib.transform.impl.AddPropertyTransformer,class,5,5,4,8,0,1.0,1.0,3,0,3,0,0,0,3,0,0,0,2,0,0,2,0,0,2,0,2,22,0,1,0,0,0,0,1,7,0,4,1,0,0,0,16,1,0
/Users/pouriad/repos/Cling-application/projects/mockito/cglib-and-asm/src/org/mockito/cglib/transform/impl/InterceptFieldFilter.java,org.mockito.cglib.transform.impl.InterceptFieldFilter,interface,1,2,1,0,1,0.0,0.0,2,0,0,0,0,2,2,0,0,0,0,0,0,0,0,0,0,0,0,4,0,0,0,0,0,0,0,0,0,0,0,0,0,0,8,1,0
/Users/pouriad/repos/Cling-application/projects/mockito/cglib-and-asm/src/org/mockito/cglib/transform/impl/FieldProviderTransformer.java,org.mockito.cglib.transform.impl.FieldProviderTransformer$Anonymous3,anonymous,3,2,1,5,1,0.0,0.0,2,0,2,0,0,0,2,0,0,0,0,0,0,0,0,0,0,0,0,11,0,0,0,0,0,1,0,1,0,1,0,0,0,0,10,-1,0
/Users/pouriad/repos/Cling-application/projects/mockito/cglib-and-asm/src/org/mockito/cglib/transform/impl/FieldProviderTransformer.java,org.mockito.cglib.transform.impl.FieldProviderTransformer$Anonymous2,anonymous,3,2,1,5,1,0.0,0.0,2,0,2,0,0,0,2,0,0,0,0,0,0,0,0,0,0,0,0,11,0,0,0,0,0,1,0,1,0,1,0,0,0,0,9,-1,0
/Users/pouriad/repos/Cling-application/projects/mockito/cglib-and-asm/src/org/mockito/cglib/transform/impl/FieldProviderTransformer.java,org.mockito.cglib.transform.impl.FieldProviderTransformer,class,12,18,4,39,31,1.0,1.0,11,0,3,8,0,0,3,0,0,0,12,10,0,12,0,0,10,0,16,160,0,2,0,1,0,10,8,26,0,24,2,4,0,0,65,1,0
/Users/pouriad/repos/Cling-application/projects/mockito/cglib-and-asm/src/org/mockito/cglib/transform/impl/FieldProviderTransformer.java,org.mockito.cglib.transform.impl.FieldProviderTransformer$Anonymous4,anonymous,3,2,1,5,1,0.0,0.0,2,0,2,0,0,0,2,0,0,0,0,0,0,0,0,0,0,0,0,11,0,0,0,0,0,1,0,1,0,1,0,0,0,0,10,-1,0
/Users/pouriad/repos/Cling-application/projects/mockito/cglib-and-asm/src/org/mockito/cglib/transform/impl/FieldProviderTransformer.java,org.mockito.cglib.transform.impl.FieldProviderTransformer$Anonymous1,anonymous,3,2,1,5,1,0.0,0.0,2,0,2,0,0,0,2,0,0,0,0,0,0,0,0,0,0,0,0,11,0,0,0,0,0,1,0,1,0,1,0,0,0,0,9,-1,0
/Users/pouriad/repos/Cling-application/projects/mockito/cglib-and-asm/src/org/mockito/cglib/transform/impl/UndeclaredThrowableStrategy.java,org.mockito.cglib.transform.impl.UndeclaredThrowableStrategy,class,7,2,2,0,0,1.0,1.0,2,0,1,0,1,0,2,0,0,0,2,1,0,2,0,0,1,0,0,16,1,0,0,0,0,0,0,3,0,2,0,1,0,0,68,1,0
/Users/pouriad/repos/Cling-application/projects/mockito/cglib-and-asm/src/org/mockito/cglib/transform/impl/UndeclaredThrowableStrategy.java,org.mockito.cglib.transform.impl.UndeclaredThrowableStrategy$Anonymous1,anonymous,1,2,1,2,0,NaN,NaN,1,0,1,0,0,0,1,0,0,0,0,0,0,0,0,0,0,0,1,5,1,0,0,0,0,0,1,0,0,0,0,0,0,0,3,-1,0
/Users/pouriad/repos/Cling-application/projects/mockito/cglib-and-asm/src/org/mockito/cglib/transform/AnnotationVisitorTee.java,org.mockito.cglib.transform.AnnotationVisitorTee,class,2,9,1,6,0,1.0,1.0,7,1,7,0,0,0,7,0,0,0,1,0,0,1,0,0,0,0,2,30,5,0,2,0,0,0,0,2,0,2,1,0,0,0,16,1,0
/Users/pouriad/repos/Cling-application/projects/mockito/cglib-and-asm/src/org/mockito/cglib/transform/ClassTransformer.java,org.mockito.cglib.transform.ClassTransformer,interface,1,1,1,0,0,NaN,NaN,1,0,1,0,0,0,1,0,0,0,0,0,0,0,0,0,0,0,0,3,0,0,0,0,0,0,0,0,0,0,0,0,0,0,6,1,0
/Users/pouriad/repos/Cling-application/projects/mockito/cglib-and-asm/src/org/mockito/cglib/transform/TransformingClassGenerator.java,org.mockito.cglib.transform.TransformingClassGenerator,class,3,2,1,2,0,1.0,1.0,2,0,2,0,0,0,2,0,0,0,2,0,0,2,0,0,0,0,0,12,0,0,0,0,0,0,0,2,0,2,0,0,0,0,10,1,0
/Users/pouriad/repos/Cling-application/projects/mockito/cglib-and-asm/src/org/mockito/cglib/transform/AbstractClassLoader.java,org.mockito.cglib.transform.AbstractClassLoader$Anonymous1,anonymous,1,1,1,1,0,NaN,NaN,1,0,1,0,0,0,1,0,0,0,0,0,0,0,0,0,0,0,0,5,1,0,0,0,0,0,0,0,0,0,0,0,0,0,2,-1,0
/Users/pouriad/repos/Cling-application/projects/mockito/cglib-and-asm/src/org/mockito/cglib/transform/AbstractClassLoader.java,org.mockito.cglib.transform.AbstractClassLoader,class,10,15,2,16,13,0.04761905,0.04761905,6,0,1,0,5,0,7,0,0,0,3,1,0,3,0,0,0,0,1,73,6,0,3,3,0,2,2,9,2,9,2,1,0,0,42,1025,0
/Users/pouriad/repos/Cling-application/projects/mockito/cglib-and-asm/src/org/mockito/cglib/transform/ClassTransformerChain.java,org.mockito.cglib.transform.ClassTransformerChain,class,4,7,3,7,0,0.5,0.5,4,0,4,0,0,0,4,0,0,0,1,0,0,1,0,0,0,0,0,29,2,2,0,0,0,3,5,6,1,5,2,0,0,0,18,1,0
/Users/pouriad/repos/Cling-application/projects/mockito/cglib-and-asm/src/org/mockito/cglib/transform/AbstractClassTransformer.java,org.mockito.cglib.transform.AbstractClassTransformer,class,3,2,2,0,1,0.0,0.0,2,0,1,0,1,0,2,0,0,0,0,0,0,0,0,0,0,0,0,8,0,0,0,0,0,0,0,1,0,0,0,0,0,0,10,1025,0
/Users/pouriad/repos/Cling-application/projects/mockito/cglib-and-asm/src/org/mockito/cglib/transform/ClassEmitterTransformer.java,org.mockito.cglib.transform.ClassEmitterTransformer,class,2,0,3,0,0,-1.0,-1.0,0,0,0,0,0,0,0,0,0,0,0,0,0,0,0,0,0,0,0,2,0,0,0,0,0,0,0,0,0,0,0,0,0,0,3,1025,0
/Users/pouriad/repos/Cling-application/projects/mockito/cglib-and-asm/src/org/mockito/cglib/transform/MethodFilterTransformer.java,org.mockito.cglib.transform.MethodFilterTransformer,class,5,4,3,4,0,1.0,1.0,3,0,3,0,0,0,3,0,0,0,3,0,0,3,0,0,0,0,0,17,1,0,0,0,1,0,0,3,0,3,0,0,0,0,14,1,0
/Users/pouriad/repos/Cling-application/projects/mockito/cglib-and-asm/src/org/mockito/cglib/transform/ClassFilterTransformer.java,org.mockito.cglib.transform.ClassFilterTransformer,class,3,2,4,2,0,1.0,1.0,2,0,1,0,1,0,2,0,0,0,1,0,0,1,0,0,0,0,0,10,1,0,0,0,0,0,0,1,0,1,0,0,0,0,8,1,0
/Users/pouriad/repos/Cling-application/projects/mockito/cglib-and-asm/src/org/mockito/cglib/transform/AbstractProcessTask.java,org.mockito.cglib.transform.AbstractProcessTask,class,6,9,2,16,8,0.1,0.1,5,0,2,0,3,0,5,1,0,0,1,0,0,1,0,0,0,0,0,35,1,3,0,1,0,0,2,11,0,11,2,0,0,0,35,1025,0
/Users/pouriad/repos/Cling-application/projects/mockito/cglib-and-asm/src/org/mockito/cglib/transform/ClassFilter.java,org.mockito.cglib.transform.ClassFilter,interface,0,1,1,0,0,NaN,NaN,1,0,0,0,0,1,1,0,0,0,0,0,0,0,0,0,0,0,0,3,0,0,0,0,0,0,0,0,0,0,0,0,0,0,6,1,0
/Users/pouriad/repos/Cling-application/projects/mockito/cglib-and-asm/src/org/mockito/cglib/transform/ClassTransformerTee.java,org.mockito.cglib.transform.ClassTransformerTee,class,4,2,2,0,0,1.0,1.0,2,0,2,0,0,0,2,0,0,0,1,0,0,1,0,0,0,0,0,10,0,0,0,0,0,0,0,2,0,1,0,0,0,0,11,1,0
/Users/pouriad/repos/Cling-application/projects/mockito/cglib-and-asm/src/org/mockito/cglib/transform/MethodVisitorTee.java,org.mockito.cglib.transform.MethodVisitorTee,class,6,25,1,25,0,1.0,1.0,25,0,25,0,0,0,25,0,0,0,2,0,0,2,0,0,2,0,3,101,3,0,0,0,0,0,0,2,0,2,0,0,0,0,54,1,0
/Users/pouriad/repos/Cling-application/projects/mockito/cglib-and-asm/src/org/mockito/cglib/transform/AbstractTransformTask.java,org.mockito.cglib.transform.AbstractTransformTask,class,11,29,3,51,64,0.071428575,0.10714286,13,1,1,5,7,0,8,1,0,0,3,2,0,3,0,0,2,0,5,159,9,2,7,6,2,8,5,31,7,30,7,0,0,0,91,1025,0
/Users/pouriad/repos/Cling-application/projects/mockito/cglib-and-asm/src/org/mockito/cglib/transform/AbstractClassFilterTransformer.java,org.mockito.cglib.transform.AbstractClassFilterTransformer,class,8,13,3,12,0,0.7121212,0.8333333,12,0,10,0,2,0,12,1,0,0,2,0,0,2,0,0,0,0,0,41,3,0,0,0,0,0,0,3,0,2,0,0,0,0,30,1025,0
/Users/pouriad/repos/Cling-application/projects/mockito/cglib-and-asm/src/org/mockito/cglib/transform/ClassTransformerFactory.java,org.mockito.cglib.transform.ClassTransformerFactory,interface,1,1,1,0,0,NaN,NaN,1,0,0,0,0,1,1,0,0,0,0,0,0,0,0,0,0,0,0,3,0,0,0,0,0,0,0,0,0,0,0,0,0,0,5,1,0
/Users/pouriad/repos/Cling-application/projects/mockito/cglib-and-asm/src/org/mockito/cglib/transform/FieldVisitorTee.java,org.mockito.cglib.transform.FieldVisitorTee,class,4,4,1,4,0,1.0,1.0,4,0,4,0,0,0,4,0,0,0,1,0,0,1,0,0,0,0,1,18,1,0,0,0,0,0,0,2,0,2,0,0,0,0,11,1,0
/Users/pouriad/repos/Cling-application/projects/mockito/cglib-and-asm/src/org/mockito/cglib/transform/ClassVisitorTee.java,org.mockito.cglib.transform.ClassVisitorTee,class,8,14,1,10,0,1.0,1.0,10,0,10,0,0,0,10,0,0,0,1,0,0,1,0,0,0,0,1,49,7,0,4,0,0,0,0,8,0,6,1,0,0,0,28,1,0
/Users/pouriad/repos/Cling-application/projects/mockito/cglib-and-asm/src/org/mockito/cglib/transform/MethodFilter.java,org.mockito.cglib.transform.MethodFilter,interface,0,1,1,0,0,NaN,NaN,1,0,0,0,0,1,1,0,0,0,0,0,0,0,0,0,0,0,0,3,0,0,0,0,0,0,0,0,0,0,0,0,0,0,4,1,0
/Users/pouriad/repos/Cling-application/projects/mockito/cglib-and-asm/src/org/mockito/cglib/transform/ClassReaderGenerator.java,org.mockito.cglib.transform.ClassReaderGenerator,class,4,4,1,1,0,1.0,1.0,3,0,3,0,0,0,3,0,0,0,3,0,0,3,0,0,3,0,0,16,0,0,1,0,1,0,1,3,0,3,0,0,0,0,10,1,0
/Users/pouriad/repos/Cling-application/projects/mockito/cglib-and-asm/src/org/mockito/cglib/transform/TransformingClassLoader.java,org.mockito.cglib.transform.TransformingClassLoader,class,7,2,3,2,0,1.0,1.0,2,0,1,0,1,0,2,0,0,0,1,0,0,1,0,0,0,0,0,11,1,0,0,0,0,0,0,2,0,2,0,0,0,0,13,1,0
/Users/pouriad/repos/Cling-application/projects/mockito/src/org/mockito/invocation/InvocationOnMock.java,org.mockito.invocation.InvocationOnMock,interface,0,4,1,0,6,0.0,0.0,4,0,0,0,0,4,4,0,0,0,0,0,0,0,0,0,0,0,0,6,0,0,0,0,0,0,0,0,0,0,0,0,0,0,40,1,0
/Users/pouriad/repos/Cling-application/projects/mockito/src/org/mockito/configuration/IMockitoConfiguration.java,org.mockito.configuration.IMockitoConfiguration,interface,3,4,1,0,6,0.0,0.0,4,0,0,0,0,4,4,0,0,0,0,0,0,0,0,0,0,0,0,6,0,0,0,0,0,1,0,0,0,0,0,0,0,0,138,1,0
/Users/pouriad/repos/Cling-application/projects/mockito/src/org/mockito/configuration/AnnotationEngine.java,org.mockito.configuration.AnnotationEngine,interface,0,2,1,0,1,0.0,0.0,2,0,0,0,0,2,2,0,0,0,0,0,0,0,0,0,0,0,0,4,0,0,0,0,0,0,0,0,0,0,0,0,0,0,65,1,0
/Users/pouriad/repos/Cling-application/projects/mockito/src/org/mockito/configuration/DefaultMockitoConfiguration.java,org.mockito.configuration.DefaultMockitoConfiguration,class,6,4,1,0,6,0.0,0.0,4,0,4,0,0,0,4,0,0,0,0,0,0,0,0,0,0,0,0,14,3,0,0,0,0,5,0,0,1,0,0,0,0,0,50,1,0
/Users/pouriad/repos/Cling-application/projects/mockito/src/org/mockito/MockSettings.java,org.mockito.MockSettings,interface,2,5,1,0,10,0.0,0.0,5,0,0,0,0,5,5,0,0,0,0,0,0,0,0,0,0,0,0,7,0,0,0,0,0,1,0,0,0,0,0,0,0,0,264,1,0
/Users/pouriad/repos/Cling-application/projects/mockito/src/org/mockito/ArgumentMatcher.java,org.mockito.ArgumentMatcher,class,3,2,2,4,1,0.0,0.0,2,0,2,0,0,0,2,1,0,0,1,1,0,1,0,0,1,0,1,8,0,0,0,0,0,0,1,2,0,2,0,0,0,0,138,1025,0
/Users/pouriad/repos/Cling-application/projects/mockito/src/org/mockito/Answers.java,org.mockito.Answers,enum,6,2,1,0,0,NaN,NaN,2,0,1,1,0,0,1,0,0,0,1,0,0,1,0,0,0,0,0,8,1,0,0,0,0,0,0,1,0,1,0,0,0,0,68,1,0
/Users/pouriad/repos/Cling-application/projects/mockito/src/org/mockito/InOrder.java,org.mockito.InOrder,interface,2,3,1,0,3,0.0,0.0,3,0,0,0,0,3,3,0,0,0,0,0,0,0,0,0,0,0,0,5,0,0,0,0,0,0,0,0,0,0,0,0,0,0,73,1,0
/Users/pouriad/repos/Cling-application/projects/mockito/src/org/mockito/MockitoAnnotations.java,org.mockito.MockitoAnnotations,class,7,12,1,14,6,0.0,0.0,4,4,1,0,0,3,4,0,0,0,0,0,0,0,0,0,0,0,3,44,0,3,4,1,0,4,0,7,1,5,3,0,0,0,160,1,0
/Users/pouriad/repos/Cling-application/projects/mockito/src/org/mockito/ArgumentCaptor.java,org.mockito.ArgumentCaptor,class,5,6,1,4,0,0.6,1.0,6,1,5,0,0,1,6,0,0,0,3,0,0,2,0,1,2,0,1,24,4,0,0,0,0,0,0,4,0,3,0,0,0,0,161,1,0
/Users/pouriad/repos/Cling-application/projects/mockito/src/org/mockito/internal/invocation/InvocationsFinder.java,org.mockito.internal.invocation.InvocationsFinder,class,9,29,1,19,55,0.0,0.0,11,0,8,2,0,1,9,0,0,0,0,0,0,0,0,0,0,0,3,118,16,5,5,0,0,0,1,13,1,10,2,0,2,0,61,1,0
/Users/pouriad/repos/Cling-application/projects/mockito/src/org/mockito/internal/invocation/InvocationsFinder.java,org.mockito.internal.invocation.InvocationsFinder$RemoveUnverifiedInOrder,innerclass,3,2,1,1,0,1.0,1.0,2,0,2,0,0,0,2,0,0,0,1,0,0,1,0,0,1,0,0,9,1,0,0,0,0,0,0,1,0,1,0,0,0,0,10,2,0
/Users/pouriad/repos/Cling-application/projects/mockito/src/org/mockito/internal/invocation/InvocationsFinder.java,org.mockito.internal.invocation.InvocationsFinder$RemoveNotMatching,innerclass,3,2,1,1,0,NaN,NaN,2,0,1,1,0,0,1,0,0,0,1,0,0,1,0,0,1,0,0,9,1,0,0,0,0,0,0,1,0,1,0,0,0,0,9,2,0
/Users/pouriad/repos/Cling-application/projects/mockito/src/org/mockito/internal/invocation/InvocationMatcher.java,org.mockito.internal.invocation.InvocationMatcher,class,10,29,1,21,5,0.55128205,0.7051282,14,1,13,1,0,0,13,0,0,0,3,1,0,3,0,0,3,0,1,90,15,3,4,1,1,1,3,18,0,17,4,0,0,0,73,1,0
/Users/pouriad/repos/Cling-application/projects/mockito/src/org/mockito/internal/invocation/Invocation.java,org.mockito.internal.invocation.Invocation,class,18,48,1,34,291,0.11965812,0.3048433,30,1,24,3,2,1,27,0,0,0,11,2,0,10,0,1,9,0,6,160,32,2,7,0,1,2,10,23,7,22,2,0,0,0,116,1,0
/Users/pouriad/repos/Cling-application/projects/mockito/src/org/mockito/internal/invocation/InvocationMarker.java,org.mockito.internal.invocation.InvocationMarker,class,4,5,1,5,3,0.0,0.0,3,0,3,0,0,0,3,0,0,0,0,0,0,0,0,0,0,0,0,17,0,2,0,0,0,0,0,0,0,0,1,0,0,0,16,1,0
/Users/pouriad/repos/Cling-application/projects/mockito/src/org/mockito/internal/invocation/MatchersBinder.java,org.mockito.internal.invocation.MatchersBinder,class,6,4,1,6,1,NaN,NaN,2,0,1,1,0,0,1,0,0,0,1,1,0,1,0,0,1,0,0,18,1,0,1,0,0,1,1,5,0,5,2,0,0,0,24,1,0
/Users/pouriad/repos/Cling-application/projects/mockito/src/org/mockito/internal/invocation/AllInvocationsFinder.java,org.mockito.internal.invocation.AllInvocationsFinder$SequenceNumberComparator,innerclass,1,1,1,2,0,NaN,NaN,1,0,1,0,0,0,1,0,0,0,0,0,0,0,0,0,0,0,0,5,1,0,0,0,0,0,0,0,0,0,0,0,0,0,6,18,0
/Users/pouriad/repos/Cling-application/projects/mockito/src/org/mockito/internal/invocation/AllInvocationsFinder.java,org.mockito.internal.invocation.AllInvocationsFinder,class,5,2,1,4,0,NaN,NaN,1,0,1,0,0,0,1,0,0,0,0,0,0,0,0,0,0,0,0,16,1,1,0,0,0,0,0,3,0,3,1,0,1,0,23,1,0
/Users/pouriad/repos/Cling-application/projects/mockito/src/org/mockito/internal/invocation/CapturesArgumensFromInvocation.java,org.mockito.internal.invocation.CapturesArgumensFromInvocation,interface,1,1,1,0,0,NaN,NaN,1,0,0,0,0,1,1,0,0,0,0,0,0,0,0,0,0,0,0,3,0,0,0,0,0,0,0,0,0,0,0,0,0,0,7,1,0
/Users/pouriad/repos/Cling-application/projects/mockito/src/org/mockito/internal/invocation/ArgumentsComparator.java,org.mockito.internal.invocation.ArgumentsComparator,class,6,16,1,13,3,0.0,0.0,3,0,2,1,0,0,2,0,0,0,0,0,0,0,0,0,0,0,0,46,9,2,4,0,2,1,3,8,1,7,3,0,0,0,18,1,0
/Users/pouriad/repos/Cling-application/projects/mockito/src/org/mockito/internal/invocation/StubInfo.java,org.mockito.internal.invocation.StubInfo,class,2,2,1,2,0,1.0,1.0,2,0,2,0,0,0,2,0,0,0,2,1,0,2,0,0,1,0,0,10,1,0,0,0,0,0,1,2,0,2,0,0,0,0,14,1,0
/Users/pouriad/repos/Cling-application/projects/mockito/src/org/mockito/internal/invocation/realmethod/FilteredCGLIBProxyRealMethod.java,org.mockito.internal.invocation.realmethod.FilteredCGLIBProxyRealMethod,class,5,5,1,3,0,0.5,0.5,4,0,4,0,0,0,4,0,0,0,2,1,0,2,0,0,2,0,0,22,2,0,0,1,1,0,1,2,0,2,1,0,0,0,29,1,0
/Users/pouriad/repos/Cling-application/projects/mockito/src/org/mockito/internal/invocation/realmethod/HasCGLIBMethodProxy.java,org.mockito.internal.invocation.realmethod.HasCGLIBMethodProxy,interface,1,1,1,0,0,NaN,NaN,1,0,0,0,0,1,1,0,0,0,0,0,0,0,0,0,0,0,0,3,0,0,0,0,0,0,0,0,0,0,0,0,0,0,11,1,0
/Users/pouriad/repos/Cling-application/projects/mockito/src/org/mockito/internal/invocation/realmethod/CGLIBProxyRealMethod.java,org.mockito.internal.invocation.realmethod.CGLIBProxyRealMethod,class,3,3,1,1,0,1.0,1.0,3,0,3,0,0,0,3,0,0,0,2,1,0,2,0,0,2,0,0,13,2,0,0,0,0,0,1,2,0,2,0,0,0,0,21,1,0
/Users/pouriad/repos/Cling-application/projects/mockito/src/org/mockito/internal/invocation/realmethod/RealMethod.java,org.mockito.internal.invocation.realmethod.RealMethod,interface,0,1,1,0,0,NaN,NaN,1,0,0,0,0,1,1,0,0,0,0,0,0,0,0,0,0,0,0,3,0,0,0,0,0,0,0,0,0,0,0,0,0,0,6,1,0
/Users/pouriad/repos/Cling-application/projects/mockito/src/org/mockito/internal/invocation/MockitoMethod.java,org.mockito.internal.invocation.MockitoMethod,interface,0,6,1,0,15,0.0,0.0,6,0,6,0,0,0,6,0,0,0,0,0,0,0,0,0,0,0,0,8,0,0,0,0,0,0,0,0,0,0,0,0,0,0,13,1,0
/Users/pouriad/repos/Cling-application/projects/mockito/src/org/mockito/internal/invocation/SerializableMethod.java,org.mockito.internal.invocation.SerializableMethod,class,3,24,1,12,10,0.3611111,0.7777778,9,0,9,0,0,0,9,0,0,0,7,1,0,7,0,0,1,0,3,68,18,0,9,1,0,4,2,10,2,10,2,0,0,0,62,1,0
/Users/pouriad/repos/Cling-application/projects/mockito/src/org/mockito/internal/invocation/UnusedStubsFinder.java,org.mockito.internal.invocation.UnusedStubsFinder,class,6,4,1,6,0,NaN,NaN,1,0,1,0,0,0,1,0,0,0,0,0,0,0,0,0,0,0,0,15,1,2,0,0,0,0,0,3,0,3,3,0,0,0,21,1,0
/Users/pouriad/repos/Cling-application/projects/mockito/src/org/mockito/internal/reporting/SmartPrinter.java,org.mockito.internal.reporting.SmartPrinter,class,2,3,1,5,0,0.6666667,1.0,3,0,3,0,0,0,3,0,0,0,2,0,0,2,0,0,2,0,0,17,2,0,0,0,0,2,0,3,0,3,0,0,0,0,38,1,0
/Users/pouriad/repos/Cling-application/projects/mockito/src/org/mockito/internal/reporting/PrintSettings.java,org.mockito.internal.reporting.PrintSettings,class,1,5,1,3,6,0.2,0.2,5,1,5,0,0,0,5,0,0,0,2,0,0,2,0,0,0,0,1,21,3,0,0,0,0,0,0,4,0,3,0,0,0,0,23,1,0
/Users/pouriad/repos/Cling-application/projects/mockito/src/org/mockito/internal/reporting/PrintingFriendlyInvocation.java,org.mockito.internal.reporting.PrintingFriendlyInvocation,interface,1,1,1,0,0,NaN,NaN,1,0,0,0,0,1,1,0,0,0,0,0,0,0,0,0,0,0,0,3,0,0,0,0,0,0,0,0,0,0,0,0,0,0,8,1,0
/Users/pouriad/repos/Cling-application/projects/mockito/src/org/mockito/internal/MockHandlerInterface.java,org.mockito.internal.MockHandlerInterface,interface,5,4,1,0,6,0.0,0.0,4,0,0,0,0,4,4,0,0,0,0,0,0,0,0,0,0,0,0,6,0,0,0,0,0,1,0,0,0,0,0,0,0,0,16,1,0
/Users/pouriad/repos/Cling-application/projects/mockito/src/org/mockito/internal/configuration/DefaultAnnotationEngine.java,org.mockito.internal.configuration.DefaultAnnotationEngine,class,14,17,1,25,15,0.0,0.0,6,0,2,3,0,1,3,0,0,0,0,0,0,0,0,0,0,0,4,63,7,2,1,1,0,10,1,7,3,6,4,0,0,0,57,1,0
/Users/pouriad/repos/Cling-application/projects/mockito/src/org/mockito/internal/configuration/GlobalConfiguration.java,org.mockito.internal.configuration.GlobalConfiguration,class,7,10,1,8,0,0.71428573,0.71428573,8,1,6,1,0,1,7,0,0,0,2,2,0,1,0,1,1,0,0,37,7,0,2,0,0,1,1,4,0,4,1,0,0,0,39,1,0
/Users/pouriad/repos/Cling-application/projects/mockito/src/org/mockito/internal/configuration/DefaultInjectionEngine.java,org.mockito.internal.configuration.DefaultInjectionEngine,class,8,6,1,9,1,NaN,NaN,2,0,1,1,0,0,1,0,0,0,1,0,0,1,0,0,1,0,0,24,0,3,1,1,0,0,0,5,0,3,2,0,0,0,35,1,0
/Users/pouriad/repos/Cling-application/projects/mockito/src/org/mockito/internal/configuration/InjectingAnnotationEngine.java,org.mockito.internal.configuration.InjectingAnnotationEngine,class,12,19,1,25,13,0.16666667,0.16666667,6,2,3,2,0,1,4,0,0,0,2,0,0,0,0,2,0,0,2,69,3,5,6,1,0,3,0,13,1,11,3,0,0,0,59,1,0
/Users/pouriad/repos/Cling-application/projects/mockito/src/org/mockito/internal/configuration/SpyAnnotationEngine.java,org.mockito.internal.configuration.SpyAnnotationEngine,class,12,10,1,19,3,0.0,0.0,3,0,2,0,0,1,3,0,0,0,0,0,0,0,0,0,0,0,3,39,1,2,0,2,0,3,0,3,1,2,4,0,0,0,31,1,0
/Users/pouriad/repos/Cling-application/projects/mockito/src/org/mockito/internal/configuration/injection/MockCandidateFilter.java,org.mockito.internal.configuration.injection.MockCandidateFilter,interface,1,1,1,0,0,NaN,NaN,1,0,0,0,0,1,1,0,0,0,0,0,0,0,0,0,0,0,0,3,0,0,0,0,0,0,0,0,0,0,0,0,0,0,10,1,0
/Users/pouriad/repos/Cling-application/projects/mockito/src/org/mockito/internal/configuration/injection/NameBasedCandidateFilter.java,org.mockito.internal.configuration.injection.NameBasedCandidateFilter,class,4,5,1,7,0,1.0,1.0,2,0,2,0,0,0,2,0,0,0,2,0,0,2,0,0,2,0,0,19,2,1,0,0,0,0,1,3,0,3,3,0,0,0,17,1,0
/Users/pouriad/repos/Cling-application/projects/mockito/src/org/mockito/internal/configuration/injection/FinalMockCandidateFilter.java,org.mockito.internal.configuration.injection.FinalMockCandidateFilter,class,3,2,1,3,0,NaN,NaN,1,0,1,0,0,0,1,0,0,0,0,0,0,0,0,0,0,0,0,27,2,0,1,0,0,0,1,1,0,1,1,2,0,0,38,1,0
/Users/pouriad/repos/Cling-application/projects/mockito/src/org/mockito/internal/configuration/injection/FinalMockCandidateFilter.java,org.mockito.internal.configuration.injection.FinalMockCandidateFilter$Anonymous1,anonymous,3,3,1,3,0,NaN,NaN,1,0,1,0,0,0,1,0,0,0,0,0,0,0,0,0,0,0,0,13,1,0,0,1,0,1,0,0,1,0,2,0,0,0,15,-1,0
/Users/pouriad/repos/Cling-application/projects/mockito/src/org/mockito/internal/configuration/injection/FinalMockCandidateFilter.java,org.mockito.internal.configuration.injection.FinalMockCandidateFilter$Anonymous2,anonymous,0,1,1,0,0,NaN,NaN,1,0,1,0,0,0,1,0,0,0,0,0,0,0,0,0,0,0,0,5,1,0,0,0,0,0,0,0,0,0,0,0,0,0,3,-1,0
/Users/pouriad/repos/Cling-application/projects/mockito/src/org/mockito/internal/configuration/injection/OngoingInjecter.java,org.mockito.internal.configuration.injection.OngoingInjecter,interface,0,1,1,0,0,NaN,NaN,1,0,0,0,0,1,1,0,0,0,0,0,0,0,0,0,0,0,0,3,0,0,0,0,0,0,0,0,0,0,0,0,0,0,16,1,0
/Users/pouriad/repos/Cling-application/projects/mockito/src/org/mockito/internal/configuration/injection/TypeBasedCandidateFilter.java,org.mockito.internal.configuration.injection.TypeBasedCandidateFilter,class,2,4,1,5,0,1.0,1.0,2,0,2,0,0,0,2,0,0,0,1,0,0,0,0,1,0,0,0,15,1,1,0,0,0,0,0,2,0,2,2,0,0,0,16,1,0
/Users/pouriad/repos/Cling-application/projects/mockito/src/org/mockito/internal/configuration/ClassPathLoader.java,org.mockito.internal.configuration.ClassPathLoader,class,2,4,1,2,0,NaN,NaN,1,0,1,0,0,0,1,0,0,0,0,0,0,0,0,0,0,0,1,20,2,0,0,2,0,6,0,2,2,1,1,0,0,0,29,1,0
/Users/pouriad/repos/Cling-application/projects/mockito/src/org/mockito/internal/MockHandler.java,org.mockito.internal.MockHandler,class,19,12,1,20,4,0.42857143,0.53571427,8,0,7,0,0,1,8,0,0,0,5,1,0,2,0,3,2,0,0,64,7,0,3,0,1,1,1,14,0,12,2,0,0,0,55,1,0
/Users/pouriad/repos/Cling-application/projects/mockito/src/org/mockito/internal/progress/SequenceNumber.java,org.mockito.internal.progress.SequenceNumber,class,0,1,1,0,0,NaN,NaN,1,1,1,0,0,0,1,0,0,1,1,1,0,1,0,0,0,0,0,6,1,0,0,0,0,0,1,1,0,1,0,0,0,0,4,1,0
/Users/pouriad/repos/Cling-application/projects/mockito/src/org/mockito/internal/progress/MockingProgress.java,org.mockito.internal.progress.MockingProgress,interface,6,12,1,0,66,0.0,0.0,12,0,0,0,0,12,12,0,0,0,0,0,0,0,0,0,0,0,0,14,0,0,0,0,0,1,0,0,0,0,0,0,0,0,47,1,0
/Users/pouriad/repos/Cling-application/projects/mockito/src/org/mockito/internal/progress/ArgumentMatcherStorageImpl.java,org.mockito.internal.progress.ArgumentMatcherStorageImpl,class,10,14,1,14,0,1.0,1.0,9,0,7,2,0,0,7,0,0,0,1,0,0,1,0,0,0,0,1,59,7,1,0,0,0,8,5,8,2,8,1,0,0,0,40,1,0
/Users/pouriad/repos/Cling-application/projects/mockito/src/org/mockito/internal/progress/HandyReturnValues.java,org.mockito.internal.progress.HandyReturnValues,class,3,12,1,5,45,0.0,0.0,10,0,10,0,0,0,10,0,0,0,0,0,0,0,0,0,0,0,3,35,11,0,1,0,0,2,2,0,0,0,1,0,0,0,27,1,0
/Users/pouriad/repos/Cling-application/projects/mockito/src/org/mockito/internal/progress/MockingProgressImpl.java,org.mockito.internal.progress.MockingProgressImpl,class,14,19,1,12,37,0.2820513,0.5897436,14,0,13,1,0,0,13,0,0,0,6,0,0,5,0,1,2,0,1,76,5,0,4,0,1,4,0,19,1,10,1,0,0,0,47,1,0
/Users/pouriad/repos/Cling-application/projects/mockito/src/org/mockito/internal/progress/IOngoingStubbing.java,org.mockito.internal.progress.IOngoingStubbing,interface,0,0,1,0,0,-1.0,-1.0,0,0,0,0,0,0,0,0,0,0,0,0,0,0,0,0,0,0,0,2,0,0,0,0,0,0,0,0,0,0,0,0,0,0,11,1,0
/Users/pouriad/repos/Cling-application/projects/mockito/src/org/mockito/internal/progress/ThreadSafeMockingProgress.java,org.mockito.internal.progress.ThreadSafeMockingProgress,class,9,15,1,16,91,0.0,0.0,14,1,13,0,0,1,14,0,0,0,2,2,0,2,0,0,1,0,13,49,5,0,1,0,0,1,1,2,0,2,1,0,0,0,48,1,0
/Users/pouriad/repos/Cling-application/projects/mockito/src/org/mockito/internal/progress/ArgumentMatcherStorage.java,org.mockito.internal.progress.ArgumentMatcherStorage,interface,2,7,1,0,21,0.0,0.0,7,0,0,0,0,7,7,0,0,0,0,0,0,0,0,0,0,0,0,9,0,0,0,0,0,1,0,0,0,0,0,0,0,0,16,1,0
/Users/pouriad/repos/Cling-application/projects/mockito/src/org/mockito/internal/util/IdentitySet.java,org.mockito.internal.util.IdentitySet,class,0,4,1,1,0,1.0,1.0,2,0,2,0,0,0,2,0,0,0,1,0,0,0,0,1,0,0,0,14,2,1,1,0,0,1,0,1,0,1,2,0,0,0,12,1,0
/Users/pouriad/repos/Cling-application/projects/mockito/src/org/mockito/internal/util/RemoveFirstLine.java,org.mockito.internal.util.RemoveFirstLine,class,0,1,1,1,0,NaN,NaN,1,0,1,0,0,0,1,0,0,0,0,0,0,0,0,0,0,0,0,5,1,0,0,0,0,2,0,0,0,0,0,0,0,0,12,1,0
/Users/pouriad/repos/Cling-application/projects/mockito/src/org/mockito/internal/util/MockUtil.java,org.mockito.internal.util.MockUtil,class,16,19,1,23,34,0.04761905,0.04761905,9,0,7,2,0,0,7,0,0,0,1,0,0,1,0,0,1,0,1,68,8,0,6,0,2,3,3,13,1,12,1,0,0,0,59,1,0
/Users/pouriad/repos/Cling-application/projects/mockito/src/org/mockito/internal/util/ConsoleMockitoLogger.java,org.mockito.internal.util.ConsoleMockitoLogger,class,1,1,1,2,0,NaN,NaN,1,0,1,0,0,0,1,0,0,0,0,0,0,0,0,0,0,0,0,5,0,0,0,0,0,0,0,0,0,0,0,0,0,0,6,1,0
/Users/pouriad/repos/Cling-application/projects/mockito/src/org/mockito/internal/util/junit/JUnitFailureHacker.java,org.mockito.internal.util.junit.JUnitFailureHacker,class,4,4,1,6,1,NaN,NaN,2,0,1,1,0,0,1,0,0,0,0,0,0,0,0,0,0,0,2,15,2,0,1,0,0,5,0,3,1,3,1,0,0,0,24,1,0
/Users/pouriad/repos/Cling-application/projects/mockito/src/org/mockito/internal/util/ArrayUtils.java,org.mockito.internal.util.ArrayUtils,class,0,1,1,1,0,NaN,NaN,1,0,1,0,0,0,1,0,0,0,0,0,0,0,0,0,0,0,1,9,1,0,0,0,0,1,3,3,1,2,0,0,0,0,6,1,0
/Users/pouriad/repos/Cling-application/projects/mockito/src/org/mockito/internal/util/MockCreationValidator.java,org.mockito.internal.util.MockCreationValidator,class,3,11,1,7,6,0.0,0.0,4,0,4,0,0,0,4,0,0,0,0,0,0,0,0,0,0,0,0,28,3,1,4,0,0,1,0,0,0,0,2,0,0,0,21,1,0
/Users/pouriad/repos/Cling-application/projects/mockito/src/org/mockito/internal/util/ObjectMethodsGuru.java,org.mockito.internal.util.ObjectMethodsGuru,class,3,12,1,9,10,0.0,0.0,5,0,5,0,0,0,5,0,0,0,1,1,0,1,0,0,1,0,0,18,5,0,7,0,0,4,7,1,0,1,0,0,0,0,22,1,0
/Users/pouriad/repos/Cling-application/projects/mockito/src/org/mockito/internal/util/ListUtil.java,org.mockito.internal.util.ListUtil,class,2,3,1,2,0,NaN,NaN,1,1,1,0,0,0,1,0,0,0,0,0,0,0,0,0,0,0,0,14,1,1,0,0,0,0,0,1,0,1,2,0,1,0,7,1,0
/Users/pouriad/repos/Cling-application/projects/mockito/src/org/mockito/internal/util/ListUtil.java,org.mockito.internal.util.ListUtil$Filter,interface,1,1,1,0,0,NaN,NaN,1,0,0,0,0,1,1,0,0,0,0,0,0,0,0,0,0,0,0,3,0,0,0,0,0,0,0,0,0,0,0,0,0,0,4,9,0
/Users/pouriad/repos/Cling-application/projects/mockito/src/org/mockito/internal/util/MockName.java,org.mockito.internal.util.MockName,class,1,6,1,7,2,0.6666667,1.0,4,1,3,1,0,0,3,0,0,0,3,1,0,3,0,0,2,0,1,27,3,0,2,0,0,1,5,6,1,4,1,0,0,0,23,1,0
/Users/pouriad/repos/Cling-application/projects/mockito/src/org/mockito/internal/util/MockitoLogger.java,org.mockito.internal.util.MockitoLogger,interface,0,1,1,0,0,NaN,NaN,1,0,0,0,0,1,1,0,0,0,0,0,0,0,0,0,0,0,0,3,0,0,0,0,0,0,0,0,0,0,0,0,0,0,5,1,0
/Users/pouriad/repos/Cling-application/projects/mockito/src/org/mockito/internal/util/Decamelizer.java,org.mockito.internal.util.Decamelizer,class,1,6,1,10,1,NaN,NaN,2,2,1,1,0,0,1,0,0,0,1,1,0,1,0,0,1,0,2,27,4,1,3,0,0,7,3,4,2,4,2,0,0,0,19,1,0
/Users/pouriad/repos/Cling-application/projects/mockito/src/org/mockito/internal/util/SimpleMockitoLogger.java,org.mockito.internal.util.SimpleMockitoLogger,class,1,2,2,2,0,1.0,1.0,2,0,2,0,0,0,2,0,0,0,1,0,0,0,0,1,0,0,0,9,1,0,0,0,0,0,0,1,0,1,0,0,0,0,13,1,0
/Users/pouriad/repos/Cling-application/projects/mockito/src/org/mockito/internal/util/Primitives.java,org.mockito.internal.util.Primitives,class,1,7,1,5,6,0.04761905,0.04761905,4,4,4,0,0,0,7,0,0,0,3,3,0,3,0,0,0,0,0,47,4,0,0,0,0,1,14,3,0,3,0,0,0,0,25,1,0
/Users/pouriad/repos/Cling-application/projects/mockito/src/org/mockito/internal/util/reflection/AccessibilityChanger.java,org.mockito.internal.util.reflection.AccessibilityChanger,class,0,4,1,2,0,1.0,1.0,2,0,2,0,0,0,2,0,0,0,1,0,0,1,0,0,0,0,0,15,0,0,1,1,0,0,0,2,0,1,1,0,0,0,24,1,0
/Users/pouriad/repos/Cling-application/projects/mockito/src/org/mockito/internal/util/reflection/LenientCopyTool.java,org.mockito.internal.util.reflection.LenientCopyTool,class,4,8,1,11,6,0.0,0.0,4,0,2,2,0,0,2,0,0,0,1,0,0,0,0,1,0,0,1,34,0,2,1,1,0,1,1,6,0,5,2,0,0,0,27,1,0
/Users/pouriad/repos/Cling-application/projects/mockito/src/org/mockito/internal/util/reflection/FieldSetter.java,org.mockito.internal.util.reflection.FieldSetter,class,1,3,1,3,0,1.0,1.0,2,0,2,0,0,0,2,0,0,0,2,0,0,2,0,0,2,0,0,19,0,0,0,1,0,4,0,3,1,3,1,0,0,0,16,1,0
/Users/pouriad/repos/Cling-application/projects/mockito/src/org/mockito/internal/util/reflection/FieldReader.java,org.mockito.internal.util.reflection.FieldReader,class,2,4,1,2,0,1.0,1.0,2,0,2,0,0,0,2,0,0,0,3,0,0,0,0,3,3,0,0,18,1,0,1,1,0,2,0,3,1,3,1,0,0,0,18,1,0
/Users/pouriad/repos/Cling-application/projects/mockito/src/org/mockito/internal/util/reflection/FieldCopier.java,org.mockito.internal.util.reflection.FieldCopier,class,1,1,1,2,0,NaN,NaN,1,0,1,0,0,0,1,0,0,0,0,0,0,0,0,0,0,0,0,6,0,0,0,0,0,0,0,1,0,1,0,0,0,0,12,1,0
/Users/pouriad/repos/Cling-application/projects/mockito/src/org/mockito/internal/util/reflection/FieldInitializer.java,org.mockito.internal.util.reflection.FieldInitializer,class,5,21,1,24,0,1.0,1.0,8,0,2,6,0,0,2,0,0,0,2,0,0,2,0,0,0,0,2,83,3,0,2,2,0,15,1,9,9,8,2,0,0,0,73,1,0
/Users/pouriad/repos/Cling-application/projects/mockito/src/org/mockito/internal/util/reflection/GenericMaster.java,org.mockito.internal.util.reflection.GenericMaster,class,0,5,1,3,0,NaN,NaN,1,0,1,0,0,0,1,0,0,0,0,0,0,0,0,0,0,0,0,15,3,0,1,0,2,1,1,2,0,2,2,0,0,0,21,1,0
/Users/pouriad/repos/Cling-application/projects/mockito/src/org/mockito/internal/util/reflection/Whitebox.java,org.mockito.internal.util.reflection.Whitebox,class,1,10,1,9,6,0.0,0.0,4,4,2,2,0,0,2,0,0,0,0,0,0,0,0,0,0,0,4,43,4,1,3,3,0,5,0,7,1,5,1,0,0,0,40,1,0
/Users/pouriad/repos/Cling-application/projects/mockito/src/org/mockito/internal/util/reflection/BeanPropertySetter.java,org.mockito.internal.util.reflection.BeanPropertySetter,class,2,15,1,17,0,1.0,1.0,6,0,3,3,0,0,3,0,0,0,3,0,0,3,0,0,2,0,1,58,4,1,2,1,0,15,0,8,4,7,4,0,0,0,82,1,0
/Users/pouriad/repos/Cling-application/projects/mockito/src/org/mockito/internal/util/StringJoiner.java,org.mockito.internal.util.StringJoiner,class,0,2,1,5,0,NaN,NaN,1,1,1,0,0,0,1,0,0,0,0,0,0,0,0,0,0,0,0,10,1,1,0,0,0,4,1,2,1,2,1,0,0,0,11,1,0
/Users/pouriad/repos/Cling-application/projects/mockito/src/org/mockito/internal/debugging/MockitoDebuggerImpl.java,org.mockito.internal.debugging.MockitoDebuggerImpl,class,6,7,1,11,3,NaN,NaN,3,0,1,2,0,0,1,0,0,0,2,0,0,2,0,0,0,0,2,37,4,2,1,0,0,11,0,16,4,4,2,0,0,0,24,1,0
/Users/pouriad/repos/Cling-application/projects/mockito/src/org/mockito/internal/debugging/WarningsPrinterImpl.java,org.mockito.internal.debugging.WarningsPrinterImpl,class,7,5,1,3,4,0.3,0.3,5,0,4,0,0,1,5,0,0,0,2,0,0,2,0,0,1,0,0,22,1,0,0,0,0,0,0,3,0,3,0,0,0,0,17,1,0
/Users/pouriad/repos/Cling-application/projects/mockito/src/org/mockito/internal/debugging/WarningsFinder.java,org.mockito.internal.debugging.WarningsFinder,class,3,7,1,12,0,1.0,1.0,2,0,2,0,0,0,2,0,0,0,2,0,0,2,0,0,2,0,0,31,0,4,0,0,0,1,0,8,0,8,3,0,0,0,20,1,0
/Users/pouriad/repos/Cling-application/projects/mockito/src/org/mockito/internal/debugging/Localized.java,org.mockito.internal.debugging.Localized,class,2,3,1,0,0,0.6666667,1.0,3,0,3,0,0,0,3,0,0,0,2,0,0,2,0,0,2,0,0,14,2,0,0,0,0,0,0,2,0,2,0,0,0,0,7,1,0
/Users/pouriad/repos/Cling-application/projects/mockito/src/org/mockito/internal/debugging/Location.java,org.mockito.internal.debugging.Location,class,1,4,1,3,1,0.33333334,0.33333334,3,0,3,0,0,0,3,0,0,0,3,1,0,3,0,0,3,0,0,19,2,0,1,0,0,2,3,4,1,4,1,0,0,0,20,1,0
/Users/pouriad/repos/Cling-application/projects/mockito/src/org/mockito/internal/debugging/WarningsCollector.java,org.mockito.internal.debugging.WarningsCollector,class,8,2,1,5,0,1.0,1.0,2,0,2,0,0,0,2,0,0,0,1,0,0,0,0,1,0,0,1,15,1,0,0,0,0,1,0,6,0,6,0,0,0,0,26,1,0
/Users/pouriad/repos/Cling-application/projects/mockito/src/org/mockito/internal/debugging/FindingsListener.java,org.mockito.internal.debugging.FindingsListener,interface,2,3,1,0,3,0.0,0.0,3,0,0,0,0,3,3,0,0,0,0,0,0,0,0,0,0,0,0,5,0,0,0,0,0,0,0,0,0,0,0,0,0,0,14,1,0
/Users/pouriad/repos/Cling-application/projects/mockito/src/org/mockito/internal/debugging/LoggingListener.java,org.mockito.internal.debugging.LoggingListener,class,5,7,1,4,0,0.8,1.0,6,0,6,0,0,0,6,0,0,0,2,0,0,2,0,0,1,0,2,25,2,0,0,0,0,9,0,2,3,2,1,0,0,0,40,1,0
/Users/pouriad/repos/Cling-application/projects/mockito/src/org/mockito/internal/exceptions/VerificationAwareInvocation.java,org.mockito.internal.exceptions.VerificationAwareInvocation,interface,1,1,1,0,0,NaN,NaN,1,0,0,0,0,1,1,0,0,0,0,0,0,0,0,0,0,0,0,3,0,0,0,0,0,0,0,0,0,0,0,0,0,0,6,1,0
/Users/pouriad/repos/Cling-application/projects/mockito/src/org/mockito/internal/exceptions/util/ScenarioPrinter.java,org.mockito.internal.exceptions.util.ScenarioPrinter,class,2,4,1,5,0,NaN,NaN,1,0,1,0,0,0,1,0,0,0,0,0,0,0,0,0,0,0,0,18,2,1,1,0,0,6,2,3,3,3,2,0,0,0,26,1,0
/Users/pouriad/repos/Cling-application/projects/mockito/src/org/mockito/internal/exceptions/base/StackTraceFilter.java,org.mockito.internal.exceptions.base.StackTraceFilter,class,1,7,1,10,1,0.0,0.0,2,0,2,0,0,0,2,0,0,0,1,1,0,0,0,1,1,0,1,35,2,1,2,0,1,4,8,15,1,12,2,0,0,0,56,1,0
/Users/pouriad/repos/Cling-application/projects/mockito/src/org/mockito/internal/exceptions/base/ConditionalStackTraceFilter.java,org.mockito.internal.exceptions.base.ConditionalStackTraceFilter,class,3,2,1,4,0,NaN,NaN,1,0,1,0,0,0,1,0,0,0,3,1,0,2,0,1,1,0,0,12,1,0,0,0,0,0,1,4,0,4,1,0,0,0,20,1,0
/Users/pouriad/repos/Cling-application/projects/mockito/src/org/mockito/internal/exceptions/ExceptionIncludingMockitoWarnings.java,org.mockito.internal.exceptions.ExceptionIncludingMockitoWarnings,class,0,1,4,0,0,NaN,NaN,1,0,1,0,0,0,1,0,0,0,1,1,0,1,0,0,1,0,0,6,0,0,0,0,0,0,1,1,0,1,0,0,0,0,14,1,0
/Users/pouriad/repos/Cling-application/projects/mockito/src/org/mockito/internal/MockitoCore.java,org.mockito.internal.MockitoCore,class,30,28,1,35,0,0.9230769,1.0,14,0,13,1,0,0,13,0,0,0,3,0,0,3,0,0,3,0,3,104,9,3,8,1,1,1,3,12,1,12,3,0,0,0,80,1,0
/Users/pouriad/repos/Cling-application/projects/mockito/src/org/mockito/internal/verification/VerificationDataImpl.java,org.mockito.internal.verification.VerificationDataImpl,class,7,6,1,5,0,0.6666667,1.0,4,0,3,0,0,1,4,0,0,0,2,0,0,2,0,0,2,0,0,24,3,0,1,0,0,0,0,3,0,3,1,0,0,0,21,1,0
/Users/pouriad/repos/Cling-application/projects/mockito/src/org/mockito/internal/verification/checkers/MissingInvocationInOrderChecker.java,org.mockito.internal.verification.checkers.MissingInvocationInOrderChecker,class,8,8,1,14,1,0.33333334,0.33333334,3,0,2,0,0,1,3,0,0,0,2,0,0,2,0,0,2,0,0,35,1,0,3,0,0,0,0,8,0,8,3,0,0,0,32,1,0
/Users/pouriad/repos/Cling-application/projects/mockito/src/org/mockito/internal/verification/checkers/AtLeastXNumberOfInvocationsChecker.java,org.mockito.internal.verification.checkers.AtLeastXNumberOfInvocationsChecker,class,7,2,1,5,0,NaN,NaN,1,0,1,0,0,0,1,0,0,0,3,0,0,0,0,3,0,0,0,14,0,0,0,0,0,0,0,6,0,6,1,0,0,0,22,1,0
/Users/pouriad/repos/Cling-application/projects/mockito/src/org/mockito/internal/verification/checkers/AtLeastDiscrepancy.java,org.mockito.internal.verification.checkers.AtLeastDiscrepancy,class,1,2,2,1,1,0.0,0.0,2,0,2,0,0,0,2,0,0,0,0,0,0,0,0,0,0,0,0,8,1,0,0,0,0,1,0,0,1,0,0,0,0,0,10,1,0
/Users/pouriad/repos/Cling-application/projects/mockito/src/org/mockito/internal/verification/checkers/AtLeastXNumberOfInvocationsInOrderChecker.java,org.mockito.internal.verification.checkers.AtLeastXNumberOfInvocationsInOrderChecker,class,8,3,1,5,0,1.0,1.0,2,0,2,0,0,0,2,0,0,0,4,0,0,4,0,0,4,0,0,18,0,0,0,0,0,0,0,7,0,7,1,0,0,0,27,1,0
/Users/pouriad/repos/Cling-application/projects/mockito/src/org/mockito/internal/verification/checkers/NumberOfInvocationsChecker.java,org.mockito.internal.verification.checkers.NumberOfInvocationsChecker,class,7,7,1,9,1,0.33333334,0.33333334,3,0,2,0,0,1,3,0,0,0,3,0,0,3,0,0,3,0,0,29,0,0,1,0,0,0,2,8,0,8,1,0,0,0,21,1,0
/Users/pouriad/repos/Cling-application/projects/mockito/src/org/mockito/internal/verification/checkers/MissingInvocationChecker.java,org.mockito.internal.verification.checkers.MissingInvocationChecker,class,6,5,1,11,1,0.33333334,0.33333334,3,0,2,0,0,1,3,0,0,0,2,0,0,2,0,0,2,0,0,26,0,0,1,0,0,0,0,7,0,7,2,0,0,0,25,1,0
/Users/pouriad/repos/Cling-application/projects/mockito/src/org/mockito/internal/verification/checkers/NumberOfInvocationsInOrderChecker.java,org.mockito.internal.verification.checkers.NumberOfInvocationsInOrderChecker,class,8,5,1,8,1,0.33333334,0.33333334,3,0,2,0,0,1,3,0,0,0,3,0,0,3,0,0,3,0,0,25,0,0,0,0,0,0,0,7,0,7,1,0,0,0,26,1,0
/Users/pouriad/repos/Cling-application/projects/mockito/src/org/mockito/internal/verification/RegisteredInvocations.java,org.mockito.internal.verification.RegisteredInvocations,class,4,3,1,5,0,1.0,1.0,3,0,3,0,0,0,3,0,0,0,2,1,0,2,0,0,2,0,2,21,1,0,0,0,0,0,2,3,1,3,1,0,1,0,22,1,0
/Users/pouriad/repos/Cling-application/projects/mockito/src/org/mockito/internal/verification/RegisteredInvocations.java,org.mockito.internal.verification.RegisteredInvocations$RemoveToString,innerclass,2,1,1,1,0,NaN,NaN,1,0,1,0,0,0,1,0,0,0,0,0,0,0,0,0,0,0,0,5,1,0,0,0,0,0,0,0,0,0,0,0,0,0,7,10,0
/Users/pouriad/repos/Cling-application/projects/mockito/src/org/mockito/internal/verification/NoMoreInteractions.java,org.mockito.internal.verification.NoMoreInteractions,class,7,4,1,7,1,0.0,0.0,2,0,2,0,0,0,2,0,0,0,0,0,0,0,0,0,0,0,0,15,0,0,2,0,0,1,0,3,0,3,1,0,0,0,18,1,0
/Users/pouriad/repos/Cling-application/projects/mockito/src/org/mockito/internal/verification/AtLeast.java,org.mockito.internal.verification.AtLeast,class,11,7,1,9,0,1.0,1.0,4,0,4,0,0,0,4,0,0,0,1,0,0,0,0,1,1,0,0,30,1,0,2,0,0,2,3,7,1,7,1,0,0,0,34,1,0
/Users/pouriad/repos/Cling-application/projects/mockito/src/org/mockito/internal/verification/AtMost.java,org.mockito.internal.verification.AtMost,class,8,4,1,6,0,1.0,1.0,2,0,2,0,0,0,2,0,0,0,2,0,0,2,0,0,2,0,0,21,0,0,0,0,0,1,1,7,0,7,1,0,0,0,28,1,0
/Users/pouriad/repos/Cling-application/projects/mockito/src/org/mockito/internal/verification/VerificationModeFactory.java,org.mockito.internal.verification.VerificationModeFactory,class,7,6,1,1,15,0.0,0.0,6,6,6,0,0,0,6,0,0,0,0,0,0,0,0,0,0,0,1,20,6,0,0,0,0,0,1,0,0,0,0,0,0,0,22,1,0
/Users/pouriad/repos/Cling-application/projects/mockito/src/org/mockito/internal/verification/MockAwareVerificationMode.java,org.mockito.internal.verification.MockAwareVerificationMode,class,2,3,1,1,0,0.6666667,1.0,3,0,3,0,0,0,3,0,0,0,2,0,0,2,0,0,2,0,0,14,1,0,0,0,0,0,0,2,0,2,0,0,0,0,11,1,0
/Users/pouriad/repos/Cling-application/projects/mockito/src/org/mockito/internal/verification/InOrderContextImpl.java,org.mockito.internal.verification.InOrderContextImpl,class,3,2,1,2,0,1.0,1.0,2,0,2,0,0,0,2,0,0,0,1,0,0,0,0,1,1,0,0,9,1,0,0,0,0,0,0,1,0,1,0,0,0,0,13,1,0
/Users/pouriad/repos/Cling-application/projects/mockito/src/org/mockito/internal/verification/argumentmatching/ArgumentMatchingTool.java,org.mockito.internal.verification.argumentmatching.ArgumentMatchingTool,class,3,11,1,10,3,NaN,NaN,3,0,1,2,0,0,1,0,0,0,0,0,0,0,0,0,0,0,0,27,5,1,2,1,1,2,3,2,0,2,2,0,0,0,40,1,0
/Users/pouriad/repos/Cling-application/projects/mockito/src/org/mockito/internal/verification/InOrderWrapper.java,org.mockito.internal.verification.InOrderWrapper,class,7,2,1,4,0,1.0,1.0,2,0,2,0,0,0,2,0,0,0,2,0,0,2,0,0,2,0,0,13,0,0,0,0,0,0,0,4,0,4,0,0,0,0,15,1,0
/Users/pouriad/repos/Cling-application/projects/mockito/src/org/mockito/internal/verification/api/VerificationInOrderMode.java,org.mockito.internal.verification.api.VerificationInOrderMode,interface,1,1,1,0,0,NaN,NaN,1,0,0,0,0,1,1,0,0,0,0,0,0,0,0,0,0,0,0,3,0,0,0,0,0,0,0,0,0,0,0,0,0,0,7,1,0
/Users/pouriad/repos/Cling-application/projects/mockito/src/org/mockito/internal/verification/api/VerificationData.java,org.mockito.internal.verification.api.VerificationData,interface,2,2,1,0,1,0.0,0.0,2,0,0,0,0,2,2,0,0,0,0,0,0,0,0,0,0,0,0,4,0,0,0,0,0,0,0,0,0,0,0,0,0,0,8,1,0
/Users/pouriad/repos/Cling-application/projects/mockito/src/org/mockito/internal/verification/api/VerificationDataInOrderImpl.java,org.mockito.internal.verification.api.VerificationDataInOrderImpl,class,4,4,1,0,0,0.5,1.0,4,0,4,0,0,0,4,0,0,0,3,0,0,3,0,0,3,0,0,19,3,0,0,0,0,0,0,3,0,3,0,0,0,0,16,1,0
/Users/pouriad/repos/Cling-application/projects/mockito/src/org/mockito/internal/verification/api/VerificationDataInOrder.java,org.mockito.internal.verification.api.VerificationDataInOrder,interface,3,3,1,0,3,0.0,0.0,3,0,0,0,0,3,3,0,0,0,0,0,0,0,0,0,0,0,0,5,0,0,0,0,0,0,0,0,0,0,0,0,0,0,12,1,0
/Users/pouriad/repos/Cling-application/projects/mockito/src/org/mockito/internal/verification/api/InOrderContext.java,org.mockito.internal.verification.api.InOrderContext,interface,1,2,1,0,1,0.0,0.0,2,0,0,0,0,2,2,0,0,0,0,0,0,0,0,0,0,0,0,4,0,0,0,0,0,0,0,0,0,0,0,0,0,0,9,1,0
/Users/pouriad/repos/Cling-application/projects/mockito/src/org/mockito/internal/verification/Times.java,org.mockito.internal.verification.Times,class,11,7,1,9,0,1.0,1.0,4,0,4,0,0,0,4,0,0,0,1,0,0,0,0,1,1,0,0,30,1,0,0,0,0,2,3,7,1,7,1,0,0,0,30,1,0
/Users/pouriad/repos/Cling-application/projects/mockito/src/org/mockito/internal/verification/VerificationWithTimeoutImpl.java,org.mockito.internal.verification.VerificationWithTimeoutImpl,class,4,10,1,3,1,0.46666667,0.6666667,6,0,5,0,0,1,6,0,0,0,3,0,0,0,0,3,0,0,1,44,4,1,1,2,0,0,1,7,0,5,2,0,0,0,27,1,0
/Users/pouriad/repos/Cling-application/projects/mockito/src/org/mockito/internal/verification/Only.java,org.mockito.internal.verification.Only,class,7,5,1,9,0,NaN,NaN,1,0,1,0,0,0,1,0,0,0,3,0,0,3,0,0,3,0,0,18,0,0,3,0,0,1,5,7,0,7,1,0,0,0,20,1,0
/Users/pouriad/repos/Cling-application/projects/mockito/src/org/mockito/internal/creation/DelegatingMethod.java,org.mockito.internal.creation.DelegatingMethod,class,1,10,1,6,0,0.7777778,0.7777778,9,0,9,0,0,0,9,0,0,0,1,0,0,1,0,0,1,0,0,31,8,0,1,0,0,1,1,1,0,1,0,0,0,0,24,1,0
/Users/pouriad/repos/Cling-application/projects/mockito/src/org/mockito/internal/creation/jmock/ClassImposterizer.java,org.mockito.internal.creation.jmock.ClassImposterizer$Anonymous1,anonymous,1,1,1,1,0,NaN,NaN,1,0,1,0,0,0,1,0,0,0,0,0,0,0,0,0,0,0,0,5,1,0,0,0,0,1,0,0,1,0,0,0,0,0,6,-1,0
/Users/pouriad/repos/Cling-application/projects/mockito/src/org/mockito/internal/creation/jmock/ClassImposterizer.java,org.mockito.internal.creation.jmock.ClassImposterizer$Anonymous2,anonymous,0,2,1,1,0,NaN,NaN,1,0,1,0,0,0,1,0,0,0,0,0,0,0,0,0,0,0,0,5,1,0,0,0,0,0,2,0,0,0,0,0,0,0,3,-1,0
/Users/pouriad/repos/Cling-application/projects/mockito/src/org/mockito/internal/creation/jmock/ClassImposterizer.java,org.mockito.internal.creation.jmock.ClassImposterizer$Anonymous3,anonymous,0,1,1,0,0,NaN,NaN,1,0,0,0,1,0,1,0,0,0,0,0,0,0,0,0,0,0,0,4,0,0,0,0,0,1,0,0,0,0,0,0,0,0,5,-1,0
/Users/pouriad/repos/Cling-application/projects/mockito/src/org/mockito/internal/creation/jmock/ClassImposterizer.java,org.mockito.internal.creation.jmock.ClassImposterizer,class,15,13,1,25,17,0.0,0.0,7,0,2,5,0,0,2,0,0,0,4,3,1,3,0,0,3,0,4,86,5,1,2,2,0,10,4,10,5,8,2,3,1,0,92,1,0
/Users/pouriad/repos/Cling-application/projects/mockito/src/org/mockito/internal/creation/jmock/ClassImposterizer.java,org.mockito.internal.creation.jmock.ClassImposterizer$ClassWithSuperclassToWorkAroundCglibBug,innerclass,0,0,1,0,0,-1.0,-1.0,0,0,0,0,0,0,0,0,0,0,0,0,0,0,0,0,0,0,0,2,0,0,0,0,0,0,0,0,0,0,0,0,0,0,8,9,0
/Users/pouriad/repos/Cling-application/projects/mockito/src/org/mockito/internal/creation/jmock/SerializableNoOp.java,org.mockito.internal.creation.jmock.SerializableNoOp,class,3,0,1,0,0,-1.0,-1.0,0,0,0,0,0,0,0,0,0,0,2,2,1,1,0,0,2,0,0,4,0,0,0,0,0,0,1,2,0,2,0,0,0,0,21,1,0
/Users/pouriad/repos/Cling-application/projects/mockito/src/org/mockito/internal/creation/jmock/SearchingClassLoader.java,org.mockito.internal.creation.jmock.SearchingClassLoader,class,1,11,2,13,13,0.33333334,0.33333334,6,4,2,3,1,0,3,0,0,0,1,0,0,1,0,0,1,0,7,40,5,2,2,0,0,0,4,5,2,4,1,0,0,0,31,1,0
/Users/pouriad/repos/Cling-application/projects/mockito/src/org/mockito/internal/creation/MockSettingsImpl.java,org.mockito.internal.creation.MockSettingsImpl,class,5,16,1,4,43,0.10909091,0.12727273,11,0,11,0,0,0,11,0,0,0,7,1,0,7,0,0,1,0,0,58,10,1,3,0,0,1,2,7,0,7,2,0,0,0,35,1,0
/Users/pouriad/repos/Cling-application/projects/mockito/src/org/mockito/internal/creation/SerializableMockitoMethodProxy.java,org.mockito.internal.creation.SerializableMockitoMethodProxy,class,4,3,2,6,0,1.0,1.0,2,0,2,0,0,0,2,0,0,0,7,1,0,7,0,0,6,0,4,22,1,0,1,0,0,3,1,9,0,8,1,0,0,0,23,1,0
/Users/pouriad/repos/Cling-application/projects/mockito/src/org/mockito/internal/creation/AbstractMockitoMethodProxy.java,org.mockito.internal.creation.AbstractMockitoMethodProxy,class,2,1,1,2,0,NaN,NaN,1,0,1,0,0,0,1,0,0,0,0,0,0,0,0,0,0,0,0,5,1,0,0,0,0,0,0,0,0,0,0,0,0,0,10,1025,0
/Users/pouriad/repos/Cling-application/projects/mockito/src/org/mockito/internal/creation/DelegatingMockitoMethodProxy.java,org.mockito.internal.creation.DelegatingMockitoMethodProxy,class,2,2,2,0,0,1.0,1.0,2,0,2,0,0,0,2,0,0,0,1,0,0,1,0,0,1,0,0,9,1,0,0,0,0,0,0,1,0,1,0,0,0,0,7,1,0
/Users/pouriad/repos/Cling-application/projects/mockito/src/org/mockito/internal/creation/MethodInterceptorFilter.java,org.mockito.internal.creation.MethodInterceptorFilter,class,16,10,1,10,3,0.6,1.0,6,0,5,1,0,0,5,0,0,0,5,1,0,3,0,2,3,0,2,43,9,0,1,0,0,0,2,9,0,9,1,0,0,0,44,1,0
/Users/pouriad/repos/Cling-application/projects/mockito/src/org/mockito/internal/creation/cglib/MockitoNamingPolicy.java,org.mockito.internal.creation.cglib.MockitoNamingPolicy,class,2,1,2,0,0,NaN,NaN,1,0,0,0,1,0,1,0,0,0,1,1,1,0,0,0,1,0,0,6,1,0,0,0,0,1,0,1,0,1,0,0,0,0,13,1,0
/Users/pouriad/repos/Cling-application/projects/mockito/src/org/mockito/internal/creation/cglib/CGLIBHacker.java,org.mockito.internal.creation.cglib.CGLIBHacker,class,3,5,1,9,1,NaN,NaN,2,0,1,1,0,0,1,0,0,0,1,1,0,1,0,0,1,0,0,26,1,1,2,1,0,4,1,7,0,6,2,0,0,0,42,1,0
/Users/pouriad/repos/Cling-application/projects/mockito/src/org/mockito/internal/creation/ClassNameFinder.java,org.mockito.internal.creation.ClassNameFinder,class,0,2,1,4,0,NaN,NaN,1,1,1,0,0,0,1,0,0,0,0,0,0,0,0,0,0,0,0,10,2,0,1,0,0,0,2,0,0,0,1,0,0,0,8,1,0
/Users/pouriad/repos/Cling-application/projects/mockito/src/org/mockito/internal/creation/MockitoMethodProxy.java,org.mockito.internal.creation.MockitoMethodProxy,interface,1,2,1,0,1,0.0,0.0,2,0,0,0,0,2,2,0,0,0,0,0,0,0,0,0,0,0,0,4,0,0,0,0,0,0,0,0,0,0,0,0,0,0,9,1,0
/Users/pouriad/repos/Cling-application/projects/mockito/src/org/mockito/internal/runners/RunnerImpl.java,org.mockito.internal.runners.RunnerImpl,interface,3,2,1,0,1,0.0,0.0,2,0,0,0,0,2,2,0,0,0,0,0,0,0,0,0,0,0,0,4,0,0,0,0,0,0,0,0,0,0,0,0,0,0,29,1,0
/Users/pouriad/repos/Cling-application/projects/mockito/src/org/mockito/internal/runners/util/RunnerProvider.java,org.mockito.internal.runners.util.RunnerProvider,class,1,7,1,4,1,0.0,0.0,2,0,2,0,0,0,3,0,0,0,1,1,0,1,0,0,0,0,2,34,2,0,0,3,0,1,0,4,0,3,1,0,0,0,26,1,0
/Users/pouriad/repos/Cling-application/projects/mockito/src/org/mockito/internal/runners/util/FrameworkUsageValidator.java,org.mockito.internal.runners.util.FrameworkUsageValidator,class,5,3,2,3,0,1.0,1.0,2,0,2,0,0,0,2,0,0,0,1,0,0,1,0,0,1,0,1,15,0,0,0,1,0,0,0,1,0,1,1,0,0,0,15,1,0
/Users/pouriad/repos/Cling-application/projects/mockito/src/org/mockito/internal/runners/util/TestMethodsFinder.java,org.mockito.internal.runners.util.TestMethodsFinder,class,1,3,1,2,0,NaN,NaN,1,0,1,0,0,0,1,0,0,0,0,0,0,0,0,0,0,0,0,11,2,1,0,0,0,0,0,1,0,1,2,0,0,0,10,1,0
/Users/pouriad/repos/Cling-application/projects/mockito/src/org/mockito/internal/runners/JUnit44RunnerImpl.java,org.mockito.internal.runners.JUnit44RunnerImpl,class,6,4,1,4,0,1.0,1.0,4,0,4,0,0,0,4,0,0,0,1,0,0,0,0,1,0,0,0,23,1,0,0,0,0,1,0,1,0,1,0,1,0,0,25,1,0
/Users/pouriad/repos/Cling-application/projects/mockito/src/org/mockito/internal/runners/JUnit44RunnerImpl.java,org.mockito.internal.runners.JUnit44RunnerImpl$Anonymous1,anonymous,1,1,1,2,0,NaN,NaN,1,0,0,0,1,0,1,0,0,0,0,0,0,0,0,0,0,0,1,7,1,0,0,0,0,0,0,1,0,1,0,0,0,0,5,-1,0
/Users/pouriad/repos/Cling-application/projects/mockito/src/org/mockito/internal/runners/RunnerFactory.java,org.mockito.internal.runners.RunnerFactory,class,4,7,1,4,1,0.33333334,0.33333334,3,0,2,0,0,1,3,0,0,0,1,0,0,1,0,0,1,0,0,28,2,0,0,1,0,13,0,1,3,1,2,0,0,0,64,1,0
/Users/pouriad/repos/Cling-application/projects/mockito/src/org/mockito/internal/runners/JUnit45AndHigherRunnerImpl.java,org.mockito.internal.runners.JUnit45AndHigherRunnerImpl,class,6,4,1,4,0,1.0,1.0,4,0,4,0,0,0,4,0,0,0,1,0,0,1,0,0,0,0,0,22,1,0,0,0,0,0,0,1,0,1,0,1,0,0,28,1,0
/Users/pouriad/repos/Cling-application/projects/mockito/src/org/mockito/internal/runners/JUnit45AndHigherRunnerImpl.java,org.mockito.internal.runners.JUnit45AndHigherRunnerImpl$Anonymous1,anonymous,3,1,1,2,0,NaN,NaN,1,0,0,0,1,0,1,0,0,0,0,0,0,0,0,0,0,0,1,6,1,0,0,0,0,0,0,0,0,0,0,0,0,0,8,-1,0
/Users/pouriad/repos/Cling-application/projects/mockito/src/org/mockito/internal/stubbing/InvocationContainerImpl.java,org.mockito.internal.stubbing.InvocationContainerImpl,class,10,19,1,22,59,0.21904762,0.74285716,15,0,14,0,0,1,15,0,0,0,6,1,0,6,0,0,5,0,0,80,7,2,1,0,0,2,3,11,1,9,3,0,0,0,50,1,0
/Users/pouriad/repos/Cling-application/projects/mockito/src/org/mockito/internal/stubbing/answers/ThrowsException.java,org.mockito.internal.stubbing.answers.ThrowsException,class,4,4,1,3,0,1.0,1.0,3,0,3,0,0,0,3,0,0,0,3,1,0,3,0,0,3,0,0,19,1,0,0,0,0,0,1,4,0,4,1,0,0,0,26,1,0
/Users/pouriad/repos/Cling-application/projects/mockito/src/org/mockito/internal/stubbing/answers/CallsRealMethods.java,org.mockito.internal.stubbing.answers.CallsRealMethods,class,2,1,1,1,0,NaN,NaN,1,0,1,0,0,0,1,0,0,0,1,1,0,1,0,0,1,0,0,6,1,0,0,0,0,0,1,1,0,1,0,0,0,0,112,1,0
/Users/pouriad/repos/Cling-application/projects/mockito/src/org/mockito/internal/stubbing/answers/AnswersValidator.java,org.mockito.internal.stubbing.answers.AnswersValidator,class,8,20,1,23,0,NaN,NaN,5,0,1,4,0,0,1,0,0,0,1,0,0,1,0,0,0,0,0,50,1,0,1,0,0,1,0,2,0,2,1,0,0,0,27,1,0
/Users/pouriad/repos/Cling-application/projects/mockito/src/org/mockito/internal/stubbing/answers/AnswerReturnValuesAdapter.java,org.mockito.internal.stubbing.answers.AnswerReturnValuesAdapter,class,3,2,1,1,0,1.0,1.0,2,0,2,0,0,0,2,0,0,0,2,1,0,2,0,0,2,0,0,10,1,0,0,0,0,1,1,2,0,2,0,0,0,0,20,1,0
/Users/pouriad/repos/Cling-application/projects/mockito/src/org/mockito/internal/stubbing/answers/DoesNothing.java,org.mockito.internal.stubbing.answers.DoesNothing,class,2,1,1,0,0,NaN,NaN,1,0,1,0,0,0,1,0,0,0,1,1,0,1,0,0,1,0,0,6,1,0,0,0,0,0,1,1,0,1,0,0,0,0,18,1,0
/Users/pouriad/repos/Cling-application/projects/mockito/src/org/mockito/internal/stubbing/answers/Returns.java,org.mockito.internal.stubbing.answers.Returns,class,2,7,1,2,0,1.0,1.0,6,0,6,0,0,0,6,0,0,0,2,1,0,2,0,0,2,0,0,22,5,0,1,0,0,1,1,2,1,2,0,0,0,0,26,1,0
/Users/pouriad/repos/Cling-application/projects/mockito/src/org/mockito/internal/stubbing/answers/ClonesArguments.java,org.mockito.internal.stubbing.answers.ClonesArguments,class,4,2,1,5,0,NaN,NaN,1,0,1,0,0,0,1,0,0,0,0,0,0,0,0,0,0,0,0,12,1,1,0,0,0,0,1,5,0,4,1,0,0,0,20,1,0
/Users/pouriad/repos/Cling-application/projects/mockito/src/org/mockito/internal/stubbing/VoidMethodStubbableImpl.java,org.mockito.internal.stubbing.VoidMethodStubbableImpl,class,7,5,1,1,0,0.7,1.0,5,0,5,0,0,0,5,0,0,0,2,0,0,2,0,0,1,0,0,23,4,0,0,0,0,0,0,2,0,2,0,0,0,0,21,1,0
/Users/pouriad/repos/Cling-application/projects/mockito/src/org/mockito/internal/stubbing/StubbedInvocationMatcher.java,org.mockito.internal.stubbing.StubbedInvocationMatcher,class,4,8,2,8,1,0.46666667,0.46666667,6,0,6,0,0,0,6,0,0,0,3,1,0,3,0,0,2,0,0,28,3,0,2,0,0,2,2,4,1,4,1,0,0,0,32,1,0
/Users/pouriad/repos/Cling-application/projects/mockito/src/org/mockito/internal/stubbing/OngoingStubbingImpl.java,org.mockito.internal.stubbing.OngoingStubbingImpl,class,8,4,2,2,0,1.0,1.0,4,0,4,0,0,0,4,0,0,0,1,0,0,1,0,0,1,0,0,17,3,0,0,0,0,0,0,1,0,1,0,0,0,0,13,1,0
/Users/pouriad/repos/Cling-application/projects/mockito/src/org/mockito/internal/stubbing/InvocationContainer.java,org.mockito.internal.stubbing.InvocationContainer,interface,2,2,1,0,1,0.0,0.0,2,0,0,0,0,2,2,0,0,0,0,0,0,0,0,0,0,0,0,4,0,0,0,0,0,0,0,0,0,0,0,0,0,0,5,1,0
/Users/pouriad/repos/Cling-application/projects/mockito/src/org/mockito/internal/stubbing/ConsecutiveStubbing.java,org.mockito.internal.stubbing.ConsecutiveStubbing,class,7,3,2,1,0,1.0,1.0,3,0,3,0,0,0,3,0,0,0,1,0,0,1,0,0,1,0,0,14,2,0,0,0,0,0,0,1,0,1,0,0,0,0,10,1,0
/Users/pouriad/repos/Cling-application/projects/mockito/src/org/mockito/internal/stubbing/defaultanswers/GloballyConfiguredAnswer.java,org.mockito.internal.stubbing.defaultanswers.GloballyConfiguredAnswer,class,3,1,1,2,0,NaN,NaN,1,0,1,0,0,0,1,0,0,0,1,1,0,1,0,0,1,0,0,6,1,0,0,0,0,0,1,1,0,1,0,0,0,0,24,1,0
/Users/pouriad/repos/Cling-application/projects/mockito/src/org/mockito/internal/stubbing/defaultanswers/ReturnsSmartNulls.java,org.mockito.internal.stubbing.defaultanswers.ReturnsSmartNulls$ThrowingInterceptor,innerclass,7,4,1,9,1,NaN,NaN,3,0,1,2,0,0,1,0,0,0,2,0,0,2,0,0,2,0,1,18,3,0,0,0,0,4,2,3,3,3,1,0,0,0,26,18,0
/Users/pouriad/repos/Cling-application/projects/mockito/src/org/mockito/internal/stubbing/defaultanswers/ReturnsSmartNulls.java,org.mockito.internal.stubbing.defaultanswers.ReturnsSmartNulls,class,7,3,1,5,0,NaN,NaN,1,0,1,0,0,0,1,0,0,0,2,1,0,2,0,0,2,0,0,33,3,0,1,0,0,0,1,4,0,4,1,0,1,0,99,1,0
/Users/pouriad/repos/Cling-application/projects/mockito/src/org/mockito/internal/stubbing/defaultanswers/Answers.java,org.mockito.internal.stubbing.defaultanswers.Answers,enum,6,2,1,0,0,NaN,NaN,2,0,1,1,0,0,1,0,0,0,1,0,0,1,0,0,0,0,0,8,1,0,0,0,0,0,0,1,0,1,0,0,0,0,57,1,0
/Users/pouriad/repos/Cling-application/projects/mockito/src/org/mockito/internal/stubbing/defaultanswers/ReturnsDeepStubs.java,org.mockito.internal.stubbing.defaultanswers.ReturnsDeepStubs,class,9,3,1,10,1,NaN,NaN,2,0,1,1,0,0,1,0,0,0,2,1,0,2,0,0,1,0,1,22,3,0,0,0,0,0,1,7,0,7,1,1,0,0,31,1,0
/Users/pouriad/repos/Cling-application/projects/mockito/src/org/mockito/internal/stubbing/defaultanswers/ReturnsDeepStubs.java,org.mockito.internal.stubbing.defaultanswers.ReturnsDeepStubs$Anonymous1,anonymous,1,1,1,0,0,NaN,NaN,1,0,1,0,0,0,1,0,0,0,0,0,0,0,0,0,0,0,0,5,1,0,0,0,0,0,0,0,0,0,0,0,0,0,8,-1,0
/Users/pouriad/repos/Cling-application/projects/mockito/src/org/mockito/internal/stubbing/defaultanswers/ReturnsMoreEmptyValues.java,org.mockito.internal.stubbing.defaultanswers.ReturnsMoreEmptyValues,class,4,5,1,7,1,0.0,0.0,2,0,1,0,0,1,2,0,0,0,2,1,0,2,0,0,1,0,1,22,5,0,2,0,0,1,2,5,0,5,1,0,0,0,77,1,0
/Users/pouriad/repos/Cling-application/projects/mockito/src/org/mockito/internal/stubbing/defaultanswers/ReturnsEmptyValues.java,org.mockito.internal.stubbing.defaultanswers.ReturnsEmptyValues,class,9,24,1,15,3,0.0,0.0,3,0,1,1,0,1,2,0,0,0,2,1,0,1,0,1,1,0,3,83,24,0,16,0,0,2,4,5,1,5,2,0,0,0,68,1,0
/Users/pouriad/repos/Cling-application/projects/mockito/src/org/mockito/internal/stubbing/defaultanswers/ReturnsMocks.java,org.mockito.internal.stubbing.defaultanswers.ReturnsMocks,class,8,4,1,7,1,0.0,0.0,2,0,1,0,0,1,2,0,0,0,3,1,0,3,0,0,1,0,0,18,4,0,1,0,0,0,1,4,0,4,1,0,0,0,32,1,0
/Users/pouriad/repos/Cling-application/projects/mockito/src/org/mockito/internal/stubbing/StubberImpl.java,org.mockito.internal.stubbing.StubberImpl,class,10,7,1,6,0,1.0,1.0,5,0,5,0,0,0,5,0,0,0,2,0,0,1,0,1,2,0,0,33,5,0,1,0,0,1,0,3,0,3,2,0,0,0,27,1,0
/Users/pouriad/repos/Cling-application/projects/mockito/src/org/mockito/internal/stubbing/BaseStubbing.java,org.mockito.internal.stubbing.BaseStubbing,class,7,12,1,6,21,0.0,0.0,7,0,6,1,0,0,6,0,0,0,0,0,0,0,0,0,0,0,0,42,8,2,3,0,0,0,0,5,0,2,2,0,0,0,23,1025,0
/Users/pouriad/repos/Cling-application/projects/mockito/src/org/mockito/internal/InOrderImpl.java,org.mockito.internal.InOrderImpl,class,13,9,1,11,7,0.33333334,0.33333334,7,0,7,0,0,0,7,0,0,0,4,0,0,4,0,0,4,0,1,33,4,0,0,0,1,1,1,4,1,4,1,0,0,0,42,1,0
/Users/pouriad/repos/Cling-application/projects/mockito/src/org/mockito/internal/matchers/LessThan.java,org.mockito.internal.matchers.LessThan,class,2,4,4,0,3,0.0,0.0,3,0,1,0,2,0,3,0,0,0,1,1,0,1,0,0,1,0,0,12,2,0,0,0,0,1,2,1,0,1,0,0,0,0,16,1,0
/Users/pouriad/repos/Cling-application/projects/mockito/src/org/mockito/internal/matchers/MatcherDecorator.java,org.mockito.internal.matchers.MatcherDecorator,interface,1,1,1,0,0,NaN,NaN,1,0,0,0,0,1,1,0,0,0,0,0,0,0,0,0,0,0,0,3,0,0,0,0,0,1,0,0,0,0,0,0,0,0,5,1,0
/Users/pouriad/repos/Cling-application/projects/mockito/src/org/mockito/internal/matchers/Contains.java,org.mockito.internal.matchers.Contains,class,2,4,3,2,0,1.0,1.0,3,0,3,0,0,0,3,0,0,0,2,1,0,2,0,0,2,0,0,13,1,0,1,0,1,2,1,2,1,2,0,0,0,0,18,1,0
/Users/pouriad/repos/Cling-application/projects/mockito/src/org/mockito/internal/matchers/Any.java,org.mockito.internal.matchers.Any,class,3,3,3,1,3,0.0,0.0,3,0,2,1,0,0,2,0,0,0,2,2,1,1,0,0,2,0,0,12,1,0,0,0,0,2,1,2,0,2,0,0,0,0,22,1,0
/Users/pouriad/repos/Cling-application/projects/mockito/src/org/mockito/internal/matchers/CompareTo.java,org.mockito.internal.matchers.CompareTo,class,4,6,3,4,4,0.3,0.3,5,0,3,0,2,0,5,2,0,0,1,0,0,1,0,0,1,0,0,17,2,0,0,0,2,3,0,1,1,1,1,0,0,0,17,1025,0
/Users/pouriad/repos/Cling-application/projects/mockito/src/org/mockito/internal/matchers/EndsWith.java,org.mockito.internal.matchers.EndsWith,class,2,4,3,2,0,1.0,1.0,3,0,3,0,0,0,3,0,0,0,2,1,0,2,0,0,2,0,0,13,1,0,1,0,1,2,1,2,1,2,0,0,0,0,19,1,0
/Users/pouriad/repos/Cling-application/projects/mockito/src/org/mockito/internal/matchers/Matches.java,org.mockito.internal.matchers.Matches,class,2,3,3,3,0,1.0,1.0,3,0,3,0,0,0,3,0,0,0,2,1,0,2,0,0,2,0,0,13,1,0,0,0,2,4,1,2,1,2,0,0,0,0,17,1,0
/Users/pouriad/repos/Cling-application/projects/mockito/src/org/mockito/internal/matchers/VarargMatcher.java,org.mockito.internal.matchers.VarargMatcher,interface,0,0,1,0,0,-1.0,-1.0,0,0,0,0,0,0,0,0,0,0,0,0,0,0,0,0,0,0,0,2,0,0,0,0,0,0,0,0,0,0,0,0,0,0,3,1,0
/Users/pouriad/repos/Cling-application/projects/mockito/src/org/mockito/internal/matchers/LocalizedMatcher.java,org.mockito.internal.matchers.LocalizedMatcher,class,8,12,1,5,0,0.64444447,0.8,10,0,10,0,0,0,10,0,0,0,3,1,0,3,0,0,2,0,0,42,7,0,0,0,3,2,1,3,1,3,1,0,0,0,46,1,0
/Users/pouriad/repos/Cling-application/projects/mockito/src/org/mockito/internal/matchers/ArrayEquals.java,org.mockito.internal.matchers.ArrayEquals,class,11,31,4,19,10,0.0,0.0,5,1,4,1,0,0,4,0,0,0,1,1,0,1,0,0,1,0,13,68,13,2,4,0,0,3,4,6,1,5,2,0,0,0,26,1,0
/Users/pouriad/repos/Cling-application/projects/mockito/src/org/mockito/internal/matchers/CapturesArguments.java,org.mockito.internal.matchers.CapturesArguments,interface,0,1,1,0,0,NaN,NaN,1,0,0,0,0,1,1,0,0,0,0,0,0,0,0,0,0,0,0,3,0,0,0,0,0,0,0,0,0,0,0,0,0,0,6,1,0
/Users/pouriad/repos/Cling-application/projects/mockito/src/org/mockito/internal/matchers/CapturingMatcher.java,org.mockito.internal.matchers.CapturingMatcher,class,5,6,3,5,4,0.3,0.3,5,0,5,0,0,0,5,0,0,0,2,1,0,2,0,0,1,0,0,25,4,0,0,0,0,2,1,2,0,2,1,0,0,0,28,1,0
/Users/pouriad/repos/Cling-application/projects/mockito/src/org/mockito/internal/matchers/Null.java,org.mockito.internal.matchers.Null,class,3,4,3,1,3,0.0,0.0,3,0,2,1,0,0,2,0,0,0,2,2,1,1,0,0,2,0,0,12,1,0,1,0,0,1,1,2,0,2,0,0,0,0,18,1,0
/Users/pouriad/repos/Cling-application/projects/mockito/src/org/mockito/internal/matchers/Equality.java,org.mockito.internal.matchers.Equality,class,1,11,1,10,10,0.0,0.0,5,5,1,0,0,4,5,0,0,0,0,0,0,0,0,0,0,0,11,28,8,1,5,0,0,0,1,1,0,1,2,0,0,0,16,1,0
/Users/pouriad/repos/Cling-application/projects/mockito/src/org/mockito/internal/matchers/Find.java,org.mockito.internal.matchers.Find,class,2,4,3,5,0,1.0,1.0,3,0,3,0,0,0,3,0,0,0,2,1,0,2,0,0,2,0,1,13,1,0,1,0,0,4,1,2,1,2,0,0,0,0,18,1,0
/Users/pouriad/repos/Cling-application/projects/mockito/src/org/mockito/internal/matchers/LessOrEqual.java,org.mockito.internal.matchers.LessOrEqual,class,2,4,4,0,3,0.0,0.0,3,0,1,0,2,0,3,0,0,0,1,1,0,1,0,0,1,0,0,12,2,0,0,0,0,1,2,1,0,1,0,0,0,0,17,1,0
/Users/pouriad/repos/Cling-application/projects/mockito/src/org/mockito/internal/matchers/InstanceOf.java,org.mockito.internal.matchers.InstanceOf,class,2,4,3,4,0,1.0,1.0,3,0,3,0,0,0,3,0,0,0,2,1,0,2,0,0,2,0,0,13,1,0,1,0,1,2,1,2,1,2,0,0,0,0,19,1,0
/Users/pouriad/repos/Cling-application/projects/mockito/src/org/mockito/internal/matchers/CompareEqual.java,org.mockito.internal.matchers.CompareEqual,class,2,4,4,0,3,0.0,0.0,3,0,1,0,2,0,3,0,0,0,1,1,0,1,0,0,1,0,0,12,2,0,1,0,0,1,2,1,0,1,0,0,0,0,16,1,0
/Users/pouriad/repos/Cling-application/projects/mockito/src/org/mockito/internal/matchers/And.java,org.mockito.internal.matchers.And,class,3,7,3,6,0,1.0,1.0,3,0,3,0,0,0,3,0,0,0,2,1,0,2,0,0,2,0,0,25,2,2,0,0,0,4,1,3,0,3,2,0,0,0,23,1,0
/Users/pouriad/repos/Cling-application/projects/mockito/src/org/mockito/internal/matchers/Same.java,org.mockito.internal.matchers.Same,class,3,7,3,3,0,1.0,1.0,4,0,3,1,0,0,3,0,0,0,2,1,0,2,0,0,2,0,0,25,1,0,1,0,0,4,1,2,0,2,1,0,0,0,20,1,0
/Users/pouriad/repos/Cling-application/projects/mockito/src/org/mockito/internal/matchers/GreaterOrEqual.java,org.mockito.internal.matchers.GreaterOrEqual,class,2,4,4,0,3,0.0,0.0,3,0,1,0,2,0,3,0,0,0,1,1,0,1,0,0,1,0,0,12,2,0,0,0,0,1,2,1,0,1,0,0,0,0,17,1,0
/Users/pouriad/repos/Cling-application/projects/mockito/src/org/mockito/internal/matchers/apachecommons/ReflectionEquals.java,org.mockito.internal.matchers.apachecommons.ReflectionEquals,class,3,3,3,2,0,1.0,1.0,3,0,3,0,0,0,3,0,0,0,3,1,0,3,0,0,3,0,1,15,1,0,0,0,0,2,1,3,1,3,0,0,0,0,20,1,0
/Users/pouriad/repos/Cling-application/projects/mockito/src/org/mockito/internal/matchers/apachecommons/EqualsBuilder.java,org.mockito.internal.matchers.apachecommons.EqualsBuilder,class,9,141,1,40,0,0.6581197,0.6581197,28,6,26,1,1,0,27,0,0,0,1,0,0,1,0,0,0,0,14,370,77,11,73,2,11,2,12,33,0,19,3,0,0,0,226,0,0
/Users/pouriad/repos/Cling-application/projects/mockito/src/org/mockito/internal/matchers/Equals.java,org.mockito.internal.matchers.Equals$Anonymous1,anonymous,2,1,1,4,0,NaN,NaN,1,0,1,0,0,0,1,0,0,0,0,0,0,0,0,0,0,0,0,5,0,0,0,0,0,2,0,0,1,0,0,0,0,0,5,-1,0
/Users/pouriad/repos/Cling-application/projects/mockito/src/org/mockito/internal/matchers/Equals.java,org.mockito.internal.matchers.Equals,class,7,21,3,7,3,0.41666666,0.41666666,10,0,8,1,1,0,9,0,1,0,2,1,0,2,0,0,2,0,1,59,11,0,8,0,0,4,2,7,0,4,1,1,0,0,38,1,0
/Users/pouriad/repos/Cling-application/projects/mockito/src/org/mockito/internal/matchers/EqualsWithDelta.java,org.mockito.internal.matchers.EqualsWithDelta,class,2,5,3,2,0,1.0,1.0,3,0,3,0,0,0,3,0,0,0,3,1,0,3,0,0,3,0,0,16,1,0,0,0,0,3,1,4,3,4,0,0,0,0,22,1,0
/Users/pouriad/repos/Cling-application/projects/mockito/src/org/mockito/internal/matchers/Not.java,org.mockito.internal.matchers.Not,class,3,3,3,3,0,1.0,1.0,3,0,3,0,0,0,3,0,0,0,2,1,0,2,0,0,2,0,0,15,1,0,0,0,0,3,1,2,0,2,0,0,0,0,19,1,0
/Users/pouriad/repos/Cling-application/projects/mockito/src/org/mockito/internal/matchers/GreaterThan.java,org.mockito.internal.matchers.GreaterThan,class,2,4,4,0,3,0.0,0.0,3,0,1,0,2,0,3,0,0,0,1,1,0,1,0,0,1,0,0,12,2,0,0,0,0,1,2,1,0,1,0,0,0,0,16,1,0
/Users/pouriad/repos/Cling-application/projects/mockito/src/org/mockito/internal/matchers/StartsWith.java,org.mockito.internal.matchers.StartsWith,class,2,4,3,2,0,1.0,1.0,3,0,3,0,0,0,3,0,0,0,2,1,0,2,0,0,2,0,0,13,1,0,1,0,1,2,1,2,1,2,0,0,0,0,19,1,0
/Users/pouriad/repos/Cling-application/projects/mockito/src/org/mockito/internal/matchers/NotNull.java,org.mockito.internal.matchers.NotNull,class,3,4,3,1,3,0.0,0.0,3,0,2,1,0,0,2,0,0,0,2,2,1,1,0,0,2,0,0,12,1,0,1,0,0,1,1,2,0,2,0,0,0,0,22,1,0
/Users/pouriad/repos/Cling-application/projects/mockito/src/org/mockito/internal/matchers/ContainsExtraTypeInformation.java,org.mockito.internal.matchers.ContainsExtraTypeInformation,interface,1,2,1,0,1,0.0,0.0,2,0,0,0,0,2,2,0,0,0,0,0,0,0,0,0,0,0,0,4,0,0,0,0,0,0,0,0,0,0,0,0,0,0,13,1,0
/Users/pouriad/repos/Cling-application/projects/mockito/src/org/mockito/internal/matchers/Or.java,org.mockito.internal.matchers.Or,class,3,7,3,6,0,1.0,1.0,3,0,3,0,0,0,3,0,0,0,2,1,0,2,0,0,2,0,0,25,2,2,0,0,0,4,1,3,0,3,2,0,0,0,23,1,0
/Users/pouriad/repos/Cling-application/projects/mockito/src/org/mockito/internal/matchers/AnyVararg.java,org.mockito.internal.matchers.AnyVararg,class,4,1,3,0,0,NaN,NaN,1,0,1,0,0,0,1,0,0,0,2,2,1,1,0,0,2,0,0,7,1,0,0,0,0,1,1,2,0,2,0,0,0,0,23,1,0
/Users/pouriad/repos/Cling-application/projects/mockito/src/org/mockito/internal/matchers/MatchersPrinter.java,org.mockito.internal.matchers.MatchersPrinter,class,7,6,1,6,3,0.0,0.0,3,0,2,1,0,0,2,0,0,0,0,0,0,0,0,0,0,0,0,26,3,1,0,0,1,7,1,4,0,4,2,0,0,0,22,1,0
/Users/pouriad/repos/Cling-application/projects/mockito/src/org/mockito/internal/listeners/MockingStartedListener.java,org.mockito.internal.listeners.MockingStartedListener,interface,2,1,1,0,0,NaN,NaN,1,0,0,0,0,1,1,0,0,0,0,0,0,0,0,0,0,0,0,3,0,0,0,0,0,1,0,0,0,0,0,0,0,0,10,1,0
/Users/pouriad/repos/Cling-application/projects/mockito/src/org/mockito/internal/listeners/CollectCreatedMocks.java,org.mockito.internal.listeners.CollectCreatedMocks,class,2,2,1,1,0,1.0,1.0,2,0,2,0,0,0,2,0,0,0,1,0,0,1,0,0,0,0,0,9,0,0,0,0,0,1,0,1,0,1,0,0,0,0,16,1,0
/Users/pouriad/repos/Cling-application/projects/mockito/src/org/mockito/internal/listeners/MockingProgressListener.java,org.mockito.internal.listeners.MockingProgressListener,interface,0,0,1,0,0,-1.0,-1.0,0,0,0,0,0,0,0,0,0,0,0,0,0,0,0,0,0,0,0,2,0,0,0,0,0,0,0,0,0,0,0,0,0,0,3,1,0
/Users/pouriad/repos/Cling-application/projects/mockito/src/org/mockito/internal/MockitoInvocationHandler.java,org.mockito.internal.MockitoInvocationHandler,interface,1,1,1,0,0,NaN,NaN,1,0,0,0,0,1,1,0,0,0,0,0,0,0,0,0,0,0,0,3,0,0,0,0,0,0,0,0,0,0,0,0,0,0,8,1,0
/Users/pouriad/repos/Cling-application/projects/mockito/src/org/mockito/exceptions/PrintableInvocation.java,org.mockito.exceptions.PrintableInvocation,interface,1,2,1,0,1,0.0,0.0,2,0,0,0,0,2,2,0,0,0,0,0,0,0,0,0,0,0,0,4,0,0,0,0,0,0,0,0,0,0,0,0,0,0,6,1,0
/Users/pouriad/repos/Cling-application/projects/mockito/src/org/mockito/exceptions/misusing/UnfinishedStubbingException.java,org.mockito.exceptions.misusing.UnfinishedStubbingException,class,1,1,5,0,0,NaN,NaN,1,0,1,0,0,0,1,0,0,0,1,1,0,1,0,0,1,0,0,6,0,0,0,0,0,0,1,1,0,1,0,0,0,0,12,1,0
/Users/pouriad/repos/Cling-application/projects/mockito/src/org/mockito/exceptions/misusing/NullInsteadOfMockException.java,org.mockito.exceptions.misusing.NullInsteadOfMockException,class,1,1,5,0,0,NaN,NaN,1,0,1,0,0,0,1,0,0,0,1,1,0,1,0,0,1,0,0,6,0,0,0,0,0,0,1,1,0,1,0,0,0,0,14,1,0
/Users/pouriad/repos/Cling-application/projects/mockito/src/org/mockito/exceptions/misusing/WrongTypeOfReturnValue.java,org.mockito.exceptions.misusing.WrongTypeOfReturnValue,class,1,1,5,0,0,NaN,NaN,1,0,1,0,0,0,1,0,0,0,1,1,0,1,0,0,1,0,0,6,0,0,0,0,0,0,1,1,0,1,0,0,0,0,15,1,0
/Users/pouriad/repos/Cling-application/projects/mockito/src/org/mockito/exceptions/misusing/UnfinishedVerificationException.java,org.mockito.exceptions.misusing.UnfinishedVerificationException,class,1,1,5,0,0,NaN,NaN,1,0,1,0,0,0,1,0,0,0,1,1,0,1,0,0,1,0,0,6,0,0,0,0,0,0,1,1,0,1,0,0,0,0,12,1,0
/Users/pouriad/repos/Cling-application/projects/mockito/src/org/mockito/exceptions/misusing/InvalidUseOfMatchersException.java,org.mockito.exceptions.misusing.InvalidUseOfMatchersException,class,1,2,5,0,1,0.0,0.0,2,0,2,0,0,0,2,0,0,0,1,1,0,1,0,0,1,0,0,9,0,0,0,0,0,1,1,1,0,1,0,0,0,0,14,1,0
/Users/pouriad/repos/Cling-application/projects/mockito/src/org/mockito/exceptions/misusing/MissingMethodInvocationException.java,org.mockito.exceptions.misusing.MissingMethodInvocationException,class,1,1,5,0,0,NaN,NaN,1,0,1,0,0,0,1,0,0,0,1,1,0,1,0,0,1,0,0,6,0,0,0,0,0,0,1,1,0,1,0,0,0,0,13,1,0
/Users/pouriad/repos/Cling-application/projects/mockito/src/org/mockito/exceptions/misusing/NotAMockException.java,org.mockito.exceptions.misusing.NotAMockException,class,1,1,5,0,0,NaN,NaN,1,0,1,0,0,0,1,0,0,0,1,1,0,1,0,0,1,0,0,6,0,0,0,0,0,0,1,1,0,1,0,0,0,0,13,1,0
/Users/pouriad/repos/Cling-application/projects/mockito/src/org/mockito/exceptions/misusing/MockitoConfigurationException.java,org.mockito.exceptions.misusing.MockitoConfigurationException,class,1,2,5,0,1,0.0,0.0,2,0,2,0,0,0,2,0,0,0,1,1,0,1,0,0,1,0,0,9,0,0,0,0,0,0,1,1,0,1,0,0,0,0,12,1,0
/Users/pouriad/repos/Cling-application/projects/mockito/src/org/mockito/exceptions/Discrepancy.java,org.mockito.exceptions.Discrepancy,class,1,5,1,1,0,0.6,1.0,5,0,5,0,0,0,5,0,0,0,2,0,0,2,0,0,2,0,2,20,4,0,0,0,0,0,0,2,0,2,0,0,0,0,8,1,0
/Users/pouriad/repos/Cling-application/projects/mockito/src/org/mockito/exceptions/verification/TooManyActualInvocations.java,org.mockito.exceptions.verification.TooManyActualInvocations,class,1,1,5,0,0,NaN,NaN,1,0,1,0,0,0,1,0,0,0,1,1,0,1,0,0,1,0,0,6,0,0,0,0,0,0,1,1,0,1,0,0,0,0,15,1,0
/Users/pouriad/repos/Cling-application/projects/mockito/src/org/mockito/exceptions/verification/TooLittleActualInvocations.java,org.mockito.exceptions.verification.TooLittleActualInvocations,class,1,1,5,0,0,NaN,NaN,1,0,1,0,0,0,1,0,0,0,1,1,0,1,0,0,1,0,0,6,0,0,0,0,0,0,1,1,0,1,0,0,0,0,15,1,0
/Users/pouriad/repos/Cling-application/projects/mockito/src/org/mockito/exceptions/verification/WantedButNotInvoked.java,org.mockito.exceptions.verification.WantedButNotInvoked,class,2,2,5,2,1,0.0,0.0,2,0,2,0,0,0,2,0,0,0,1,1,0,1,0,0,1,0,0,9,1,0,0,0,0,0,1,1,0,1,0,0,0,0,20,1,0
/Users/pouriad/repos/Cling-application/projects/mockito/src/org/mockito/exceptions/verification/junit/JUnitTool.java,org.mockito.exceptions.verification.junit.JUnitTool,class,1,5,1,3,1,0.0,0.0,2,2,2,0,0,0,3,0,0,0,1,1,0,1,0,0,0,0,2,25,3,0,0,2,0,2,1,4,0,3,1,0,0,0,19,1,0
/Users/pouriad/repos/Cling-application/projects/mockito/src/org/mockito/exceptions/verification/junit/ArgumentsAreDifferent.java,org.mockito.exceptions.verification.junit.ArgumentsAreDifferent,class,3,4,2,4,2,0.33333334,0.5,4,0,4,0,0,0,4,0,0,0,3,1,0,3,0,0,2,0,0,21,3,0,0,0,0,0,1,4,0,4,0,0,0,0,28,1,0
/Users/pouriad/repos/Cling-application/projects/mockito/src/org/mockito/exceptions/verification/NeverWantedButInvoked.java,org.mockito.exceptions.verification.NeverWantedButInvoked,class,1,1,5,0,0,NaN,NaN,1,0,1,0,0,0,1,0,0,0,1,1,0,1,0,0,1,0,0,6,0,0,0,0,0,0,1,1,0,1,0,0,0,0,15,1,0
/Users/pouriad/repos/Cling-application/projects/mockito/src/org/mockito/exceptions/verification/SmartNullPointerException.java,org.mockito.exceptions.verification.SmartNullPointerException,class,1,1,5,0,0,NaN,NaN,1,0,1,0,0,0,1,0,0,0,1,1,0,1,0,0,1,0,0,6,0,0,0,0,0,0,1,1,0,1,0,0,0,0,13,1,0
/Users/pouriad/repos/Cling-application/projects/mockito/src/org/mockito/exceptions/verification/VerificationInOrderFailure.java,org.mockito.exceptions.verification.VerificationInOrderFailure,class,1,1,5,0,0,NaN,NaN,1,0,1,0,0,0,1,0,0,0,1,1,0,1,0,0,1,0,0,6,0,0,0,0,0,0,1,1,0,1,0,0,0,0,15,1,0
/Users/pouriad/repos/Cling-application/projects/mockito/src/org/mockito/exceptions/verification/NoInteractionsWanted.java,org.mockito.exceptions.verification.NoInteractionsWanted,class,1,1,5,0,0,NaN,NaN,1,0,1,0,0,0,1,0,0,0,1,1,0,1,0,0,1,0,0,6,0,0,0,0,0,0,1,1,0,1,0,0,0,0,20,1,0
/Users/pouriad/repos/Cling-application/projects/mockito/src/org/mockito/exceptions/verification/ArgumentsAreDifferent.java,org.mockito.exceptions.verification.ArgumentsAreDifferent,class,2,2,5,2,1,0.0,0.0,2,0,2,0,0,0,2,0,0,0,1,1,0,1,0,0,1,0,0,9,1,0,0,0,0,0,1,1,0,1,0,0,0,0,19,1,0
/Users/pouriad/repos/Cling-application/projects/mockito/src/org/mockito/exceptions/Pluralizer.java,org.mockito.exceptions.Pluralizer,class,0,2,1,0,0,NaN,NaN,1,1,1,0,0,0,1,0,0,0,0,0,0,0,0,0,0,0,0,5,1,0,1,0,0,2,1,0,1,0,0,0,0,0,3,1,0
/Users/pouriad/repos/Cling-application/projects/mockito/src/org/mockito/exceptions/Reporter.java,org.mockito.exceptions.Reporter,class,27,54,1,22,1225,0.0,0.0,50,0,47,3,0,0,47,0,0,0,0,0,0,0,0,0,0,0,49,180,3,1,1,0,1,225,0,14,28,13,2,0,0,0,403,1,0
/Users/pouriad/repos/Cling-application/projects/mockito/src/org/mockito/exceptions/base/MockitoAssertionError.java,org.mockito.exceptions.base.MockitoAssertionError,class,1,2,4,2,0,1.0,1.0,2,0,2,0,0,0,2,0,0,0,2,1,0,2,0,0,1,0,0,13,1,0,0,0,0,0,1,3,0,3,0,0,0,0,19,1,0
/Users/pouriad/repos/Cling-application/projects/mockito/src/org/mockito/exceptions/base/MockitoException.java,org.mockito.exceptions.base.MockitoException,class,2,4,4,3,4,0.0,0.0,4,0,3,1,0,0,3,0,0,0,2,1,0,2,0,0,1,0,0,20,1,0,0,0,0,0,1,3,0,3,0,0,0,0,21,1,0
/Users/pouriad/repos/Cling-application/projects/mockito/src/org/mockito/Matchers.java,org.mockito.Matchers,class,15,49,1,16,1176,0.0,0.0,49,49,48,1,0,0,48,0,0,0,1,1,0,1,0,0,0,0,48,150,49,0,0,0,0,1,0,1,0,1,0,0,0,0,302,1,0
/Users/pouriad/repos/Cling-application/projects/mockito/src/org/mockito/BDDMockito.java,org.mockito.BDDMockito,class,7,6,3,6,15,0.0,0.0,6,6,6,0,0,0,6,0,0,0,0,0,0,0,0,0,0,0,6,76,6,0,0,0,0,1,0,0,0,0,0,0,4,0,122,1,0
/Users/pouriad/repos/Cling-application/projects/mockito/src/org/mockito/BDDMockito.java,org.mockito.BDDMockito$BDDStubber,interface,3,5,1,0,10,0.0,0.0,5,0,0,0,0,5,5,0,0,0,0,0,0,0,0,0,0,0,0,7,0,0,0,0,0,0,0,0,0,0,0,0,0,0,20,9,0
/Users/pouriad/repos/Cling-application/projects/mockito/src/org/mockito/BDDMockito.java,org.mockito.BDDMockito$BDDMyOngoingStubbing,interface,3,5,1,0,10,0.0,0.0,5,0,0,0,0,5,5,0,0,0,0,0,0,0,0,0,0,0,0,7,0,0,0,0,0,0,0,0,0,0,0,0,0,0,17,9,0
/Users/pouriad/repos/Cling-application/projects/mockito/src/org/mockito/BDDMockito.java,org.mockito.BDDMockito$BDDStubberImpl,innerclass,5,6,1,5,0,1.0,1.0,6,0,6,0,0,0,6,0,0,0,1,0,0,1,0,0,1,0,0,21,5,0,0,0,0,0,0,1,0,1,0,0,0,0,20,9,0
/Users/pouriad/repos/Cling-application/projects/mockito/src/org/mockito/BDDMockito.java,org.mockito.BDDMockito$BDDOngoingStubbingImpl,innerclass,5,6,1,5,0,1.0,1.0,6,0,6,0,0,0,6,0,0,0,1,0,0,1,0,0,1,0,0,21,5,0,0,0,0,0,0,1,0,1,0,0,0,0,19,9,0
/Users/pouriad/repos/Cling-application/projects/mockito/src/org/mockito/verification/VerificationMode.java,org.mockito.verification.VerificationMode,interface,1,1,1,0,0,NaN,NaN,1,0,0,0,0,1,1,0,0,0,0,0,0,0,0,0,0,0,0,3,0,0,0,0,0,0,0,0,0,0,0,0,0,0,40,1,0
/Users/pouriad/repos/Cling-application/projects/mockito/src/org/mockito/verification/Timeout.java,org.mockito.verification.Timeout,class,6,9,1,8,0,0.7777778,0.7777778,9,0,8,0,0,1,9,0,0,0,1,0,0,0,0,1,0,0,6,30,6,0,0,0,0,0,2,1,0,1,0,0,0,0,26,1,0
/Users/pouriad/repos/Cling-application/projects/mockito/src/org/mockito/verification/VerificationWithTimeout.java,org.mockito.verification.VerificationWithTimeout,interface,1,6,1,0,15,0.0,0.0,6,0,6,0,0,0,6,0,0,0,0,0,0,0,0,0,0,0,0,8,0,0,0,0,0,0,0,0,0,0,0,0,0,0,80,1,0
/Users/pouriad/repos/Cling-application/projects/mockito/src/org/mockito/MockitoDebugger.java,org.mockito.MockitoDebugger,interface,0,1,1,0,0,NaN,NaN,1,0,0,0,0,1,1,0,0,0,0,0,0,0,0,0,0,0,0,3,0,0,0,0,0,0,0,0,0,0,0,0,0,0,5,1,0
/Users/pouriad/repos/Cling-application/projects/mockito/src/org/mockito/AdditionalMatchers.java,org.mockito.AdditionalMatchers,class,23,69,1,10,1590,0.15408252,0.15408252,69,69,68,1,0,0,68,0,0,0,1,1,0,1,0,0,0,0,41,210,69,0,0,0,0,0,0,1,0,1,0,0,0,0,127,1,0
/Users/pouriad/repos/Cling-application/projects/mockito/src/org/mockito/Mockito.java,org.mockito.Mockito,class,26,30,2,24,157,0.31954023,0.31954023,30,30,29,0,0,1,30,0,0,0,6,6,5,0,0,1,6,0,17,98,26,0,0,0,0,1,3,6,0,6,0,0,0,0,983,1,0
/Users/pouriad/repos/Cling-application/projects/mockito/src/org/mockito/runners/ConsoleSpammingMockitoJUnitRunner.java,org.mockito.runners.ConsoleSpammingMockitoJUnitRunner,class,11,5,2,5,0,0.6,0.6,5,0,4,0,0,1,5,0,0,0,2,0,0,2,0,0,1,0,0,31,1,0,0,0,0,0,0,3,0,3,0,1,0,0,192,1,0
/Users/pouriad/repos/Cling-application/projects/mockito/src/org/mockito/runners/ConsoleSpammingMockitoJUnitRunner.java,org.mockito.runners.ConsoleSpammingMockitoJUnitRunner$Anonymous1,anonymous,4,2,1,2,0,1.0,1.0,2,0,2,0,0,0,2,0,0,0,1,0,0,0,0,1,0,0,0,9,0,0,0,0,0,0,0,1,0,1,0,0,0,0,10,-1,0
/Users/pouriad/repos/Cling-application/projects/mockito/src/org/mockito/runners/VerboseMockitoJUnitRunner.java,org.mockito.runners.VerboseMockitoJUnitRunner$Anonymous1,anonymous,4,2,1,2,0,1.0,1.0,2,0,2,0,0,0,2,0,0,0,1,0,0,0,0,1,0,0,0,10,0,0,0,0,0,0,0,2,0,2,0,0,0,0,13,-1,0
/Users/pouriad/repos/Cling-application/projects/mockito/src/org/mockito/runners/VerboseMockitoJUnitRunner.java,org.mockito.runners.VerboseMockitoJUnitRunner,class,9,5,2,5,0,0.6,0.6,5,0,4,0,0,1,5,0,0,0,1,0,0,1,0,0,0,0,0,30,1,0,0,0,0,0,0,2,0,2,0,1,0,0,98,1,0
/Users/pouriad/repos/Cling-application/projects/mockito/src/org/mockito/runners/MockitoJUnit44Runner.java,org.mockito.runners.MockitoJUnit44Runner,class,1,1,3,0,0,NaN,NaN,1,0,1,0,0,0,1,0,0,0,0,0,0,0,0,0,0,0,0,5,0,0,0,0,0,0,0,0,0,0,0,0,0,0,81,1,0
/Users/pouriad/repos/Cling-application/projects/mockito/src/org/mockito/runners/MockitoJUnitRunner.java,org.mockito.runners.MockitoJUnitRunner,class,8,4,2,4,0,1.0,1.0,4,0,4,0,0,0,4,0,0,0,1,0,0,1,0,0,1,0,0,15,1,0,0,0,0,0,0,1,0,1,0,0,0,0,91,1,0
/Users/pouriad/repos/Cling-application/projects/mockito/src/org/mockito/stubbing/Answer.java,org.mockito.stubbing.Answer,interface,2,1,1,0,0,NaN,NaN,1,0,0,0,0,1,1,0,0,0,0,0,0,0,0,0,0,0,0,3,0,0,0,0,0,0,0,0,0,0,0,0,0,0,44,1,0
/Users/pouriad/repos/Cling-application/projects/mockito/src/org/mockito/stubbing/answers/ReturnsElementsOf.java,org.mockito.stubbing.answers.ReturnsElementsOf,class,3,4,1,3,0,1.0,1.0,2,0,2,0,0,0,2,0,0,0,1,0,0,0,0,1,1,0,0,13,2,0,2,0,0,3,2,1,1,1,1,0,0,0,43,1,0
/Users/pouriad/repos/Cling-application/projects/mockito/src/org/mockito/stubbing/OngoingStubbing.java,org.mockito.stubbing.OngoingStubbing,interface,4,5,1,0,10,0.0,0.0,5,0,0,0,0,5,5,0,0,0,0,0,0,0,0,0,0,0,0,7,0,0,0,0,0,0,0,0,0,0,0,0,0,0,176,1,0
/Users/pouriad/repos/Cling-application/projects/mockito/src/org/mockito/stubbing/Stubber.java,org.mockito.stubbing.Stubber,interface,3,5,1,0,10,0.0,0.0,5,0,0,0,0,5,5,0,0,0,0,0,0,0,0,0,0,0,0,7,0,0,0,0,0,1,0,0,0,0,0,0,0,0,54,1,0
/Users/pouriad/repos/Cling-application/projects/mockito/src/org/mockito/stubbing/DeprecatedOngoingStubbing.java,org.mockito.stubbing.DeprecatedOngoingStubbing,interface,4,3,1,0,3,0.0,0.0,3,0,0,0,0,3,3,0,0,0,0,0,0,0,0,0,0,0,0,5,0,0,0,0,0,0,0,0,0,0,0,0,0,0,75,1,0
/Users/pouriad/repos/Cling-application/projects/mockito/src/org/mockito/stubbing/VoidMethodStubbable.java,org.mockito.stubbing.VoidMethodStubbable,interface,3,4,1,0,6,0.0,0.0,4,0,0,0,0,4,4,0,0,0,0,0,0,0,0,0,0,0,0,6,0,0,0,0,0,0,0,0,0,0,0,0,0,0,81,1,0
/Users/pouriad/repos/Cling-application/projects/mockito/src/org/mockito/ReturnValues.java,org.mockito.ReturnValues,interface,1,1,1,0,0,NaN,NaN,1,0,0,0,0,1,1,0,0,0,0,0,0,0,0,0,0,0,0,3,0,0,0,0,0,0,0,0,0,0,0,0,0,0,69,1,0
