tool,execution_id,project,caller_class,callee_class,total_cb,covered_cb
cling,1,mockito,org.mockito.cglib.proxy.Enhancer,org.mockito.cglib.core.AbstractClassGenerator,217,65
cling,2,mockito,org.mockito.cglib.proxy.Enhancer,org.mockito.cglib.core.AbstractClassGenerator,217,66
cling,3,mockito,org.mockito.cglib.proxy.Enhancer,org.mockito.cglib.core.AbstractClassGenerator,217,66
cling,4,mockito,org.mockito.cglib.proxy.Enhancer,org.mockito.cglib.core.AbstractClassGenerator,217,66
cling,5,mockito,org.mockito.cglib.proxy.Enhancer,org.mockito.cglib.core.AbstractClassGenerator,217,66
cling,6,mockito,org.mockito.cglib.proxy.Enhancer,org.mockito.cglib.core.AbstractClassGenerator,217,66
cling,7,mockito,org.mockito.cglib.proxy.Enhancer,org.mockito.cglib.core.AbstractClassGenerator,217,66
cling,8,mockito,org.mockito.cglib.proxy.Enhancer,org.mockito.cglib.core.AbstractClassGenerator,217,65
cling,9,mockito,org.mockito.cglib.proxy.Enhancer,org.mockito.cglib.core.AbstractClassGenerator,217,64
cling,10,mockito,org.mockito.cglib.proxy.Enhancer,org.mockito.cglib.core.AbstractClassGenerator,217,66
cling,11,mockito,org.mockito.cglib.proxy.Enhancer,org.mockito.cglib.core.AbstractClassGenerator,217,66
cling,12,mockito,org.mockito.cglib.proxy.Enhancer,org.mockito.cglib.core.AbstractClassGenerator,217,66
cling,13,mockito,org.mockito.cglib.proxy.Enhancer,org.mockito.cglib.core.AbstractClassGenerator,217,66
cling,14,mockito,org.mockito.cglib.proxy.Enhancer,org.mockito.cglib.core.AbstractClassGenerator,217,66
cling,15,mockito,org.mockito.cglib.proxy.Enhancer,org.mockito.cglib.core.AbstractClassGenerator,217,65
cling,16,mockito,org.mockito.cglib.proxy.Enhancer,org.mockito.cglib.core.AbstractClassGenerator,217,65
cling,17,mockito,org.mockito.cglib.proxy.Enhancer,org.mockito.cglib.core.AbstractClassGenerator,217,64
cling,18,mockito,org.mockito.cglib.proxy.Enhancer,org.mockito.cglib.core.AbstractClassGenerator,217,66
cling,19,mockito,org.mockito.cglib.proxy.Enhancer,org.mockito.cglib.core.AbstractClassGenerator,217,66
cling,20,mockito,org.mockito.cglib.proxy.Enhancer,org.mockito.cglib.core.AbstractClassGenerator,217,66
cling,1,mockito,org.mockito.asm.tree.analysis.BasicVerifier,org.mockito.asm.tree.analysis.SimpleVerifier,84,60
cling,2,mockito,org.mockito.asm.tree.analysis.BasicVerifier,org.mockito.asm.tree.analysis.SimpleVerifier,84,46
cling,3,mockito,org.mockito.asm.tree.analysis.BasicVerifier,org.mockito.asm.tree.analysis.SimpleVerifier,84,57
cling,4,mockito,org.mockito.asm.tree.analysis.BasicVerifier,org.mockito.asm.tree.analysis.SimpleVerifier,84,57
cling,5,mockito,org.mockito.asm.tree.analysis.BasicVerifier,org.mockito.asm.tree.analysis.SimpleVerifier,84,54
cling,6,mockito,org.mockito.asm.tree.analysis.BasicVerifier,org.mockito.asm.tree.analysis.SimpleVerifier,84,59
cling,7,mockito,org.mockito.asm.tree.analysis.BasicVerifier,org.mockito.asm.tree.analysis.SimpleVerifier,84,56
cling,8,mockito,org.mockito.asm.tree.analysis.BasicVerifier,org.mockito.asm.tree.analysis.SimpleVerifier,84,52
cling,9,mockito,org.mockito.asm.tree.analysis.BasicVerifier,org.mockito.asm.tree.analysis.SimpleVerifier,84,48
cling,10,mockito,org.mockito.asm.tree.analysis.BasicVerifier,org.mockito.asm.tree.analysis.SimpleVerifier,84,58
cling,11,mockito,org.mockito.asm.tree.analysis.BasicVerifier,org.mockito.asm.tree.analysis.SimpleVerifier,84,57
cling,12,mockito,org.mockito.asm.tree.analysis.BasicVerifier,org.mockito.asm.tree.analysis.SimpleVerifier,84,57
cling,13,mockito,org.mockito.asm.tree.analysis.BasicVerifier,org.mockito.asm.tree.analysis.SimpleVerifier,84,65
cling,14,mockito,org.mockito.asm.tree.analysis.BasicVerifier,org.mockito.asm.tree.analysis.SimpleVerifier,84,45
cling,15,mockito,org.mockito.asm.tree.analysis.BasicVerifier,org.mockito.asm.tree.analysis.SimpleVerifier,84,57
cling,16,mockito,org.mockito.asm.tree.analysis.BasicVerifier,org.mockito.asm.tree.analysis.SimpleVerifier,84,60
cling,17,mockito,org.mockito.asm.tree.analysis.BasicVerifier,org.mockito.asm.tree.analysis.SimpleVerifier,84,58
cling,18,mockito,org.mockito.asm.tree.analysis.BasicVerifier,org.mockito.asm.tree.analysis.SimpleVerifier,84,54
cling,19,mockito,org.mockito.asm.tree.analysis.BasicVerifier,org.mockito.asm.tree.analysis.SimpleVerifier,84,47
cling,20,mockito,org.mockito.asm.tree.analysis.BasicVerifier,org.mockito.asm.tree.analysis.SimpleVerifier,84,63
cling,1,mockito,org.mockito.cglib.proxy.Mixin$Generator,org.mockito.cglib.core.AbstractClassGenerator,331,285
cling,2,mockito,org.mockito.cglib.proxy.Mixin$Generator,org.mockito.cglib.core.AbstractClassGenerator,331,285
cling,3,mockito,org.mockito.cglib.proxy.Mixin$Generator,org.mockito.cglib.core.AbstractClassGenerator,331,285
cling,4,mockito,org.mockito.cglib.proxy.Mixin$Generator,org.mockito.cglib.core.AbstractClassGenerator,331,285
cling,5,mockito,org.mockito.cglib.proxy.Mixin$Generator,org.mockito.cglib.core.AbstractClassGenerator,331,285
cling,6,mockito,org.mockito.cglib.proxy.Mixin$Generator,org.mockito.cglib.core.AbstractClassGenerator,331,284
cling,7,mockito,org.mockito.cglib.proxy.Mixin$Generator,org.mockito.cglib.core.AbstractClassGenerator,331,285
cling,8,mockito,org.mockito.cglib.proxy.Mixin$Generator,org.mockito.cglib.core.AbstractClassGenerator,331,285
cling,9,mockito,org.mockito.cglib.proxy.Mixin$Generator,org.mockito.cglib.core.AbstractClassGenerator,331,285
cling,10,mockito,org.mockito.cglib.proxy.Mixin$Generator,org.mockito.cglib.core.AbstractClassGenerator,331,285
cling,11,mockito,org.mockito.cglib.proxy.Mixin$Generator,org.mockito.cglib.core.AbstractClassGenerator,331,285
cling,12,mockito,org.mockito.cglib.proxy.Mixin$Generator,org.mockito.cglib.core.AbstractClassGenerator,331,284
cling,13,mockito,org.mockito.cglib.proxy.Mixin$Generator,org.mockito.cglib.core.AbstractClassGenerator,331,285
cling,14,mockito,org.mockito.cglib.proxy.Mixin$Generator,org.mockito.cglib.core.AbstractClassGenerator,331,285
cling,15,mockito,org.mockito.cglib.proxy.Mixin$Generator,org.mockito.cglib.core.AbstractClassGenerator,331,284
cling,16,mockito,org.mockito.cglib.proxy.Mixin$Generator,org.mockito.cglib.core.AbstractClassGenerator,331,285
cling,17,mockito,org.mockito.cglib.proxy.Mixin$Generator,org.mockito.cglib.core.AbstractClassGenerator,331,285
cling,18,mockito,org.mockito.cglib.proxy.Mixin$Generator,org.mockito.cglib.core.AbstractClassGenerator,331,284
cling,19,mockito,org.mockito.cglib.proxy.Mixin$Generator,org.mockito.cglib.core.AbstractClassGenerator,331,285
cling,20,mockito,org.mockito.cglib.proxy.Mixin$Generator,org.mockito.cglib.core.AbstractClassGenerator,331,285
cling,1,mockito,org.mockito.cglib.util.SorterTemplate,org.mockito.cglib.util.ParallelSorter,0,0
cling,2,mockito,org.mockito.cglib.util.SorterTemplate,org.mockito.cglib.util.ParallelSorter,0,0
cling,3,mockito,org.mockito.cglib.util.SorterTemplate,org.mockito.cglib.util.ParallelSorter,0,0
cling,4,mockito,org.mockito.cglib.util.SorterTemplate,org.mockito.cglib.util.ParallelSorter,0,0
cling,5,mockito,org.mockito.cglib.util.SorterTemplate,org.mockito.cglib.util.ParallelSorter,0,0
cling,6,mockito,org.mockito.cglib.util.SorterTemplate,org.mockito.cglib.util.ParallelSorter,0,0
cling,7,mockito,org.mockito.cglib.util.SorterTemplate,org.mockito.cglib.util.ParallelSorter,0,0
cling,8,mockito,org.mockito.cglib.util.SorterTemplate,org.mockito.cglib.util.ParallelSorter,0,0
cling,9,mockito,org.mockito.cglib.util.SorterTemplate,org.mockito.cglib.util.ParallelSorter,0,0
cling,10,mockito,org.mockito.cglib.util.SorterTemplate,org.mockito.cglib.util.ParallelSorter,0,0
cling,11,mockito,org.mockito.cglib.util.SorterTemplate,org.mockito.cglib.util.ParallelSorter,0,0
cling,12,mockito,org.mockito.cglib.util.SorterTemplate,org.mockito.cglib.util.ParallelSorter,0,0
cling,13,mockito,org.mockito.cglib.util.SorterTemplate,org.mockito.cglib.util.ParallelSorter,0,0
cling,14,mockito,org.mockito.cglib.util.SorterTemplate,org.mockito.cglib.util.ParallelSorter,0,0
cling,15,mockito,org.mockito.cglib.util.SorterTemplate,org.mockito.cglib.util.ParallelSorter,0,0
cling,16,mockito,org.mockito.cglib.util.SorterTemplate,org.mockito.cglib.util.ParallelSorter,0,0
cling,17,mockito,org.mockito.cglib.util.SorterTemplate,org.mockito.cglib.util.ParallelSorter,0,0
cling,18,mockito,org.mockito.cglib.util.SorterTemplate,org.mockito.cglib.util.ParallelSorter,0,0
cling,19,mockito,org.mockito.cglib.util.SorterTemplate,org.mockito.cglib.util.ParallelSorter,0,0
cling,20,mockito,org.mockito.cglib.util.SorterTemplate,org.mockito.cglib.util.ParallelSorter,0,0
cling,1,mockito,org.mockito.asm.tree.analysis.BasicVerifier,org.mockito.asm.tree.analysis.BasicInterpreter,6825,68
cling,2,mockito,org.mockito.asm.tree.analysis.BasicVerifier,org.mockito.asm.tree.analysis.BasicInterpreter,6825,40
cling,3,mockito,org.mockito.asm.tree.analysis.BasicVerifier,org.mockito.asm.tree.analysis.BasicInterpreter,6825,121
cling,4,mockito,org.mockito.asm.tree.analysis.BasicVerifier,org.mockito.asm.tree.analysis.BasicInterpreter,6825,117
cling,5,mockito,org.mockito.asm.tree.analysis.BasicVerifier,org.mockito.asm.tree.analysis.BasicInterpreter,6825,29
cling,6,mockito,org.mockito.asm.tree.analysis.BasicVerifier,org.mockito.asm.tree.analysis.BasicInterpreter,6825,66
cling,7,mockito,org.mockito.asm.tree.analysis.BasicVerifier,org.mockito.asm.tree.analysis.BasicInterpreter,6825,53
cling,8,mockito,org.mockito.asm.tree.analysis.BasicVerifier,org.mockito.asm.tree.analysis.BasicInterpreter,6825,148
cling,9,mockito,org.mockito.asm.tree.analysis.BasicVerifier,org.mockito.asm.tree.analysis.BasicInterpreter,6825,68
cling,10,mockito,org.mockito.asm.tree.analysis.BasicVerifier,org.mockito.asm.tree.analysis.BasicInterpreter,6825,0
cling,11,mockito,org.mockito.asm.tree.analysis.BasicVerifier,org.mockito.asm.tree.analysis.BasicInterpreter,6825,130
cling,12,mockito,org.mockito.asm.tree.analysis.BasicVerifier,org.mockito.asm.tree.analysis.BasicInterpreter,6825,104
cling,13,mockito,org.mockito.asm.tree.analysis.BasicVerifier,org.mockito.asm.tree.analysis.BasicInterpreter,6825,17
cling,14,mockito,org.mockito.asm.tree.analysis.BasicVerifier,org.mockito.asm.tree.analysis.BasicInterpreter,6825,143
cling,15,mockito,org.mockito.asm.tree.analysis.BasicVerifier,org.mockito.asm.tree.analysis.BasicInterpreter,6825,131
cling,16,mockito,org.mockito.asm.tree.analysis.BasicVerifier,org.mockito.asm.tree.analysis.BasicInterpreter,6825,52
cling,17,mockito,org.mockito.asm.tree.analysis.BasicVerifier,org.mockito.asm.tree.analysis.BasicInterpreter,6825,151
cling,18,mockito,org.mockito.asm.tree.analysis.BasicVerifier,org.mockito.asm.tree.analysis.BasicInterpreter,6825,135
cling,19,mockito,org.mockito.asm.tree.analysis.BasicVerifier,org.mockito.asm.tree.analysis.BasicInterpreter,6825,104
cling,20,mockito,org.mockito.asm.tree.analysis.BasicVerifier,org.mockito.asm.tree.analysis.BasicInterpreter,6825,139
cling,1,mockito,org.mockito.cglib.core.ClassEmitter,org.mockito.cglib.transform.impl.AddDelegateTransformer,12,11
cling,2,mockito,org.mockito.cglib.core.ClassEmitter,org.mockito.cglib.transform.impl.AddDelegateTransformer,12,11
cling,3,mockito,org.mockito.cglib.core.ClassEmitter,org.mockito.cglib.transform.impl.AddDelegateTransformer,12,11
cling,4,mockito,org.mockito.cglib.core.ClassEmitter,org.mockito.cglib.transform.impl.AddDelegateTransformer,12,11
cling,5,mockito,org.mockito.cglib.core.ClassEmitter,org.mockito.cglib.transform.impl.AddDelegateTransformer,12,11
cling,6,mockito,org.mockito.cglib.core.ClassEmitter,org.mockito.cglib.transform.impl.AddDelegateTransformer,12,11
cling,7,mockito,org.mockito.cglib.core.ClassEmitter,org.mockito.cglib.transform.impl.AddDelegateTransformer,12,11
cling,8,mockito,org.mockito.cglib.core.ClassEmitter,org.mockito.cglib.transform.impl.AddDelegateTransformer,12,11
cling,9,mockito,org.mockito.cglib.core.ClassEmitter,org.mockito.cglib.transform.impl.AddDelegateTransformer,12,11
cling,10,mockito,org.mockito.cglib.core.ClassEmitter,org.mockito.cglib.transform.impl.AddDelegateTransformer,12,11
cling,11,mockito,org.mockito.cglib.core.ClassEmitter,org.mockito.cglib.transform.impl.AddDelegateTransformer,12,11
cling,12,mockito,org.mockito.cglib.core.ClassEmitter,org.mockito.cglib.transform.impl.AddDelegateTransformer,12,11
cling,13,mockito,org.mockito.cglib.core.ClassEmitter,org.mockito.cglib.transform.impl.AddDelegateTransformer,12,11
cling,14,mockito,org.mockito.cglib.core.ClassEmitter,org.mockito.cglib.transform.impl.AddDelegateTransformer,12,11
cling,15,mockito,org.mockito.cglib.core.ClassEmitter,org.mockito.cglib.transform.impl.AddDelegateTransformer,12,11
cling,16,mockito,org.mockito.cglib.core.ClassEmitter,org.mockito.cglib.transform.impl.AddDelegateTransformer,12,11
cling,17,mockito,org.mockito.cglib.core.ClassEmitter,org.mockito.cglib.transform.impl.AddDelegateTransformer,12,11
cling,18,mockito,org.mockito.cglib.core.ClassEmitter,org.mockito.cglib.transform.impl.AddDelegateTransformer,12,11
cling,19,mockito,org.mockito.cglib.core.ClassEmitter,org.mockito.cglib.transform.impl.AddDelegateTransformer,12,11
cling,20,mockito,org.mockito.cglib.core.ClassEmitter,org.mockito.cglib.transform.impl.AddDelegateTransformer,12,11
cling,1,mockito,org.mockito.cglib.transform.impl.FieldProviderTransformer,org.mockito.cglib.core.ClassEmitter,59,0
cling,2,mockito,org.mockito.cglib.transform.impl.FieldProviderTransformer,org.mockito.cglib.core.ClassEmitter,59,0
cling,3,mockito,org.mockito.cglib.transform.impl.FieldProviderTransformer,org.mockito.cglib.core.ClassEmitter,59,0
cling,4,mockito,org.mockito.cglib.transform.impl.FieldProviderTransformer,org.mockito.cglib.core.ClassEmitter,59,0
cling,5,mockito,org.mockito.cglib.transform.impl.FieldProviderTransformer,org.mockito.cglib.core.ClassEmitter,59,0
cling,6,mockito,org.mockito.cglib.transform.impl.FieldProviderTransformer,org.mockito.cglib.core.ClassEmitter,59,0
cling,7,mockito,org.mockito.cglib.transform.impl.FieldProviderTransformer,org.mockito.cglib.core.ClassEmitter,59,0
cling,8,mockito,org.mockito.cglib.transform.impl.FieldProviderTransformer,org.mockito.cglib.core.ClassEmitter,59,0
cling,9,mockito,org.mockito.cglib.transform.impl.FieldProviderTransformer,org.mockito.cglib.core.ClassEmitter,59,0
cling,10,mockito,org.mockito.cglib.transform.impl.FieldProviderTransformer,org.mockito.cglib.core.ClassEmitter,59,0
cling,11,mockito,org.mockito.cglib.transform.impl.FieldProviderTransformer,org.mockito.cglib.core.ClassEmitter,59,0
cling,12,mockito,org.mockito.cglib.transform.impl.FieldProviderTransformer,org.mockito.cglib.core.ClassEmitter,59,0
cling,13,mockito,org.mockito.cglib.transform.impl.FieldProviderTransformer,org.mockito.cglib.core.ClassEmitter,59,0
cling,14,mockito,org.mockito.cglib.transform.impl.FieldProviderTransformer,org.mockito.cglib.core.ClassEmitter,59,0
cling,15,mockito,org.mockito.cglib.transform.impl.FieldProviderTransformer,org.mockito.cglib.core.ClassEmitter,59,0
cling,16,mockito,org.mockito.cglib.transform.impl.FieldProviderTransformer,org.mockito.cglib.core.ClassEmitter,59,0
cling,17,mockito,org.mockito.cglib.transform.impl.FieldProviderTransformer,org.mockito.cglib.core.ClassEmitter,59,0
cling,18,mockito,org.mockito.cglib.transform.impl.FieldProviderTransformer,org.mockito.cglib.core.ClassEmitter,59,0
cling,19,mockito,org.mockito.cglib.transform.impl.FieldProviderTransformer,org.mockito.cglib.core.ClassEmitter,59,0
cling,20,mockito,org.mockito.cglib.transform.impl.FieldProviderTransformer,org.mockito.cglib.core.ClassEmitter,59,0
cling,1,mockito,org.mockito.asm.util.ASMifierClassVisitor,org.mockito.asm.util.ASMifierAbstractVisitor,1660,1313
cling,2,mockito,org.mockito.asm.util.ASMifierClassVisitor,org.mockito.asm.util.ASMifierAbstractVisitor,1660,1296
cling,3,mockito,org.mockito.asm.util.ASMifierClassVisitor,org.mockito.asm.util.ASMifierAbstractVisitor,1660,1231
cling,4,mockito,org.mockito.asm.util.ASMifierClassVisitor,org.mockito.asm.util.ASMifierAbstractVisitor,1660,1258
cling,5,mockito,org.mockito.asm.util.ASMifierClassVisitor,org.mockito.asm.util.ASMifierAbstractVisitor,1660,1053
cling,6,mockito,org.mockito.asm.util.ASMifierClassVisitor,org.mockito.asm.util.ASMifierAbstractVisitor,1660,1336
cling,7,mockito,org.mockito.asm.util.ASMifierClassVisitor,org.mockito.asm.util.ASMifierAbstractVisitor,1660,1345
cling,8,mockito,org.mockito.asm.util.ASMifierClassVisitor,org.mockito.asm.util.ASMifierAbstractVisitor,1660,1215
cling,9,mockito,org.mockito.asm.util.ASMifierClassVisitor,org.mockito.asm.util.ASMifierAbstractVisitor,1660,1346
cling,10,mockito,org.mockito.asm.util.ASMifierClassVisitor,org.mockito.asm.util.ASMifierAbstractVisitor,1660,1337
cling,11,mockito,org.mockito.asm.util.ASMifierClassVisitor,org.mockito.asm.util.ASMifierAbstractVisitor,1660,1097
cling,12,mockito,org.mockito.asm.util.ASMifierClassVisitor,org.mockito.asm.util.ASMifierAbstractVisitor,1660,1132
cling,13,mockito,org.mockito.asm.util.ASMifierClassVisitor,org.mockito.asm.util.ASMifierAbstractVisitor,1660,1316
cling,14,mockito,org.mockito.asm.util.ASMifierClassVisitor,org.mockito.asm.util.ASMifierAbstractVisitor,1660,1402
cling,15,mockito,org.mockito.asm.util.ASMifierClassVisitor,org.mockito.asm.util.ASMifierAbstractVisitor,1660,1312
cling,16,mockito,org.mockito.asm.util.ASMifierClassVisitor,org.mockito.asm.util.ASMifierAbstractVisitor,1660,1173
cling,17,mockito,org.mockito.asm.util.ASMifierClassVisitor,org.mockito.asm.util.ASMifierAbstractVisitor,1660,889
cling,18,mockito,org.mockito.asm.util.ASMifierClassVisitor,org.mockito.asm.util.ASMifierAbstractVisitor,1660,1177
cling,19,mockito,org.mockito.asm.util.ASMifierClassVisitor,org.mockito.asm.util.ASMifierAbstractVisitor,1660,1238
cling,20,mockito,org.mockito.asm.util.ASMifierClassVisitor,org.mockito.asm.util.ASMifierAbstractVisitor,1660,1308
cling,1,mockito,org.mockito.cglib.core.ClassEmitter,org.mockito.cglib.transform.impl.InterceptFieldTransformer,20,19
cling,2,mockito,org.mockito.cglib.core.ClassEmitter,org.mockito.cglib.transform.impl.InterceptFieldTransformer,20,19
cling,3,mockito,org.mockito.cglib.core.ClassEmitter,org.mockito.cglib.transform.impl.InterceptFieldTransformer,20,19
cling,4,mockito,org.mockito.cglib.core.ClassEmitter,org.mockito.cglib.transform.impl.InterceptFieldTransformer,20,19
cling,5,mockito,org.mockito.cglib.core.ClassEmitter,org.mockito.cglib.transform.impl.InterceptFieldTransformer,20,19
cling,6,mockito,org.mockito.cglib.core.ClassEmitter,org.mockito.cglib.transform.impl.InterceptFieldTransformer,20,19
cling,7,mockito,org.mockito.cglib.core.ClassEmitter,org.mockito.cglib.transform.impl.InterceptFieldTransformer,20,19
cling,8,mockito,org.mockito.cglib.core.ClassEmitter,org.mockito.cglib.transform.impl.InterceptFieldTransformer,20,19
cling,9,mockito,org.mockito.cglib.core.ClassEmitter,org.mockito.cglib.transform.impl.InterceptFieldTransformer,20,19
cling,10,mockito,org.mockito.cglib.core.ClassEmitter,org.mockito.cglib.transform.impl.InterceptFieldTransformer,20,18
cling,11,mockito,org.mockito.cglib.core.ClassEmitter,org.mockito.cglib.transform.impl.InterceptFieldTransformer,20,18
cling,12,mockito,org.mockito.cglib.core.ClassEmitter,org.mockito.cglib.transform.impl.InterceptFieldTransformer,20,19
cling,13,mockito,org.mockito.cglib.core.ClassEmitter,org.mockito.cglib.transform.impl.InterceptFieldTransformer,20,19
cling,14,mockito,org.mockito.cglib.core.ClassEmitter,org.mockito.cglib.transform.impl.InterceptFieldTransformer,20,19
cling,15,mockito,org.mockito.cglib.core.ClassEmitter,org.mockito.cglib.transform.impl.InterceptFieldTransformer,20,18
cling,16,mockito,org.mockito.cglib.core.ClassEmitter,org.mockito.cglib.transform.impl.InterceptFieldTransformer,20,19
cling,17,mockito,org.mockito.cglib.core.ClassEmitter,org.mockito.cglib.transform.impl.InterceptFieldTransformer,20,19
cling,18,mockito,org.mockito.cglib.core.ClassEmitter,org.mockito.cglib.transform.impl.InterceptFieldTransformer,20,19
cling,19,mockito,org.mockito.cglib.core.ClassEmitter,org.mockito.cglib.transform.impl.InterceptFieldTransformer,20,19
cling,20,mockito,org.mockito.cglib.core.ClassEmitter,org.mockito.cglib.transform.impl.InterceptFieldTransformer,20,19
cling,1,mockito,org.mockito.cglib.proxy.Enhancer,org.mockito.cglib.core.CodeEmitter,685,74
cling,2,mockito,org.mockito.cglib.proxy.Enhancer,org.mockito.cglib.core.CodeEmitter,685,3
cling,3,mockito,org.mockito.cglib.proxy.Enhancer,org.mockito.cglib.core.CodeEmitter,685,3
cling,4,mockito,org.mockito.cglib.proxy.Enhancer,org.mockito.cglib.core.CodeEmitter,685,17
cling,5,mockito,org.mockito.cglib.proxy.Enhancer,org.mockito.cglib.core.CodeEmitter,685,20
cling,6,mockito,org.mockito.cglib.proxy.Enhancer,org.mockito.cglib.core.CodeEmitter,685,44
cling,7,mockito,org.mockito.cglib.proxy.Enhancer,org.mockito.cglib.core.CodeEmitter,685,3
cling,8,mockito,org.mockito.cglib.proxy.Enhancer,org.mockito.cglib.core.CodeEmitter,685,3
cling,9,mockito,org.mockito.cglib.proxy.Enhancer,org.mockito.cglib.core.CodeEmitter,685,3
cling,10,mockito,org.mockito.cglib.proxy.Enhancer,org.mockito.cglib.core.CodeEmitter,685,57
cling,11,mockito,org.mockito.cglib.proxy.Enhancer,org.mockito.cglib.core.CodeEmitter,685,44
cling,12,mockito,org.mockito.cglib.proxy.Enhancer,org.mockito.cglib.core.CodeEmitter,685,72
cling,13,mockito,org.mockito.cglib.proxy.Enhancer,org.mockito.cglib.core.CodeEmitter,685,3
cling,14,mockito,org.mockito.cglib.proxy.Enhancer,org.mockito.cglib.core.CodeEmitter,685,18
cling,15,mockito,org.mockito.cglib.proxy.Enhancer,org.mockito.cglib.core.CodeEmitter,685,18
cling,16,mockito,org.mockito.cglib.proxy.Enhancer,org.mockito.cglib.core.CodeEmitter,685,17
cling,17,mockito,org.mockito.cglib.proxy.Enhancer,org.mockito.cglib.core.CodeEmitter,685,70
cling,18,mockito,org.mockito.cglib.proxy.Enhancer,org.mockito.cglib.core.CodeEmitter,685,3
cling,19,mockito,org.mockito.cglib.proxy.Enhancer,org.mockito.cglib.core.CodeEmitter,685,17
cling,20,mockito,org.mockito.cglib.proxy.Enhancer,org.mockito.cglib.core.CodeEmitter,685,44
cling,1,mockito,org.mockito.cglib.proxy.Enhancer,org.mockito.cglib.core.ReflectUtils,150,6
cling,2,mockito,org.mockito.cglib.proxy.Enhancer,org.mockito.cglib.core.ReflectUtils,150,5
cling,3,mockito,org.mockito.cglib.proxy.Enhancer,org.mockito.cglib.core.ReflectUtils,150,5
cling,4,mockito,org.mockito.cglib.proxy.Enhancer,org.mockito.cglib.core.ReflectUtils,150,7
cling,5,mockito,org.mockito.cglib.proxy.Enhancer,org.mockito.cglib.core.ReflectUtils,150,7
cling,6,mockito,org.mockito.cglib.proxy.Enhancer,org.mockito.cglib.core.ReflectUtils,150,3
cling,7,mockito,org.mockito.cglib.proxy.Enhancer,org.mockito.cglib.core.ReflectUtils,150,3
cling,8,mockito,org.mockito.cglib.proxy.Enhancer,org.mockito.cglib.core.ReflectUtils,150,6
cling,9,mockito,org.mockito.cglib.proxy.Enhancer,org.mockito.cglib.core.ReflectUtils,150,5
cling,10,mockito,org.mockito.cglib.proxy.Enhancer,org.mockito.cglib.core.ReflectUtils,150,6
cling,11,mockito,org.mockito.cglib.proxy.Enhancer,org.mockito.cglib.core.ReflectUtils,150,5
cling,12,mockito,org.mockito.cglib.proxy.Enhancer,org.mockito.cglib.core.ReflectUtils,150,4
cling,13,mockito,org.mockito.cglib.proxy.Enhancer,org.mockito.cglib.core.ReflectUtils,150,3
cling,14,mockito,org.mockito.cglib.proxy.Enhancer,org.mockito.cglib.core.ReflectUtils,150,5
cling,15,mockito,org.mockito.cglib.proxy.Enhancer,org.mockito.cglib.core.ReflectUtils,150,3
cling,16,mockito,org.mockito.cglib.proxy.Enhancer,org.mockito.cglib.core.ReflectUtils,150,3
cling,17,mockito,org.mockito.cglib.proxy.Enhancer,org.mockito.cglib.core.ReflectUtils,150,7
cling,18,mockito,org.mockito.cglib.proxy.Enhancer,org.mockito.cglib.core.ReflectUtils,150,6
cling,19,mockito,org.mockito.cglib.proxy.Enhancer,org.mockito.cglib.core.ReflectUtils,150,7
cling,20,mockito,org.mockito.cglib.proxy.Enhancer,org.mockito.cglib.core.ReflectUtils,150,4
cling,1,mockito,org.mockito.asm.AnnotationWriter,org.mockito.asm.ClassWriter,1422,941
cling,2,mockito,org.mockito.asm.AnnotationWriter,org.mockito.asm.ClassWriter,1422,905
cling,3,mockito,org.mockito.asm.AnnotationWriter,org.mockito.asm.ClassWriter,1422,995
cling,4,mockito,org.mockito.asm.AnnotationWriter,org.mockito.asm.ClassWriter,1422,960
cling,5,mockito,org.mockito.asm.AnnotationWriter,org.mockito.asm.ClassWriter,1422,895
cling,6,mockito,org.mockito.asm.AnnotationWriter,org.mockito.asm.ClassWriter,1422,819
cling,7,mockito,org.mockito.asm.AnnotationWriter,org.mockito.asm.ClassWriter,1422,1028
cling,8,mockito,org.mockito.asm.AnnotationWriter,org.mockito.asm.ClassWriter,1422,912
cling,9,mockito,org.mockito.asm.AnnotationWriter,org.mockito.asm.ClassWriter,1422,791
cling,10,mockito,org.mockito.asm.AnnotationWriter,org.mockito.asm.ClassWriter,1422,898
cling,11,mockito,org.mockito.asm.AnnotationWriter,org.mockito.asm.ClassWriter,1422,975
cling,12,mockito,org.mockito.asm.AnnotationWriter,org.mockito.asm.ClassWriter,1422,886
cling,13,mockito,org.mockito.asm.AnnotationWriter,org.mockito.asm.ClassWriter,1422,806
cling,14,mockito,org.mockito.asm.AnnotationWriter,org.mockito.asm.ClassWriter,1422,920
cling,15,mockito,org.mockito.asm.AnnotationWriter,org.mockito.asm.ClassWriter,1422,818
cling,16,mockito,org.mockito.asm.AnnotationWriter,org.mockito.asm.ClassWriter,1422,823
cling,17,mockito,org.mockito.asm.AnnotationWriter,org.mockito.asm.ClassWriter,1422,894
cling,18,mockito,org.mockito.asm.AnnotationWriter,org.mockito.asm.ClassWriter,1422,783
cling,19,mockito,org.mockito.asm.AnnotationWriter,org.mockito.asm.ClassWriter,1422,949
cling,20,mockito,org.mockito.asm.AnnotationWriter,org.mockito.asm.ClassWriter,1422,830
cling,1,mockito,org.mockito.asm.MethodWriter,org.mockito.asm.ByteVector,3024,774
cling,2,mockito,org.mockito.asm.MethodWriter,org.mockito.asm.ByteVector,3024,719
cling,3,mockito,org.mockito.asm.MethodWriter,org.mockito.asm.ByteVector,3024,798
cling,4,mockito,org.mockito.asm.MethodWriter,org.mockito.asm.ByteVector,3024,778
cling,5,mockito,org.mockito.asm.MethodWriter,org.mockito.asm.ByteVector,3024,695
cling,6,mockito,org.mockito.asm.MethodWriter,org.mockito.asm.ByteVector,3024,818
cling,7,mockito,org.mockito.asm.MethodWriter,org.mockito.asm.ByteVector,3024,722
cling,8,mockito,org.mockito.asm.MethodWriter,org.mockito.asm.ByteVector,3024,801
cling,9,mockito,org.mockito.asm.MethodWriter,org.mockito.asm.ByteVector,3024,689
cling,10,mockito,org.mockito.asm.MethodWriter,org.mockito.asm.ByteVector,3024,720
cling,11,mockito,org.mockito.asm.MethodWriter,org.mockito.asm.ByteVector,3024,915
cling,12,mockito,org.mockito.asm.MethodWriter,org.mockito.asm.ByteVector,3024,751
cling,13,mockito,org.mockito.asm.MethodWriter,org.mockito.asm.ByteVector,3024,777
cling,14,mockito,org.mockito.asm.MethodWriter,org.mockito.asm.ByteVector,3024,911
cling,15,mockito,org.mockito.asm.MethodWriter,org.mockito.asm.ByteVector,3024,744
cling,16,mockito,org.mockito.asm.MethodWriter,org.mockito.asm.ByteVector,3024,611
cling,17,mockito,org.mockito.asm.MethodWriter,org.mockito.asm.ByteVector,3024,443
cling,18,mockito,org.mockito.asm.MethodWriter,org.mockito.asm.ByteVector,3024,785
cling,19,mockito,org.mockito.asm.MethodWriter,org.mockito.asm.ByteVector,3024,729
cling,20,mockito,org.mockito.asm.MethodWriter,org.mockito.asm.ByteVector,3024,936
cling,1,mockito,org.mockito.asm.MethodWriter,org.mockito.asm.ClassWriter,5754,115
cling,2,mockito,org.mockito.asm.MethodWriter,org.mockito.asm.ClassWriter,5754,26
cling,3,mockito,org.mockito.asm.MethodWriter,org.mockito.asm.ClassWriter,5754,84
cling,4,mockito,org.mockito.asm.MethodWriter,org.mockito.asm.ClassWriter,5754,580
cling,5,mockito,org.mockito.asm.MethodWriter,org.mockito.asm.ClassWriter,5754,52
cling,6,mockito,org.mockito.asm.MethodWriter,org.mockito.asm.ClassWriter,5754,50
cling,7,mockito,org.mockito.asm.MethodWriter,org.mockito.asm.ClassWriter,5754,141
cling,8,mockito,org.mockito.asm.MethodWriter,org.mockito.asm.ClassWriter,5754,70
cling,9,mockito,org.mockito.asm.MethodWriter,org.mockito.asm.ClassWriter,5754,110
cling,10,mockito,org.mockito.asm.MethodWriter,org.mockito.asm.ClassWriter,5754,85
cling,11,mockito,org.mockito.asm.MethodWriter,org.mockito.asm.ClassWriter,5754,107
cling,12,mockito,org.mockito.asm.MethodWriter,org.mockito.asm.ClassWriter,5754,150
cling,13,mockito,org.mockito.asm.MethodWriter,org.mockito.asm.ClassWriter,5754,119
cling,14,mockito,org.mockito.asm.MethodWriter,org.mockito.asm.ClassWriter,5754,38
cling,15,mockito,org.mockito.asm.MethodWriter,org.mockito.asm.ClassWriter,5754,90
cling,16,mockito,org.mockito.asm.MethodWriter,org.mockito.asm.ClassWriter,5754,54
cling,17,mockito,org.mockito.asm.MethodWriter,org.mockito.asm.ClassWriter,5754,56
cling,18,mockito,org.mockito.asm.MethodWriter,org.mockito.asm.ClassWriter,5754,49
cling,19,mockito,org.mockito.asm.MethodWriter,org.mockito.asm.ClassWriter,5754,134
cling,20,mockito,org.mockito.asm.MethodWriter,org.mockito.asm.ClassWriter,5754,62
cling,1,mockito,org.mockito.cglib.core.AbstractClassGenerator,org.mockito.cglib.core.ReflectUtils,8,0
cling,2,mockito,org.mockito.cglib.core.AbstractClassGenerator,org.mockito.cglib.core.ReflectUtils,8,0
cling,3,mockito,org.mockito.cglib.core.AbstractClassGenerator,org.mockito.cglib.core.ReflectUtils,8,0
cling,4,mockito,org.mockito.cglib.core.AbstractClassGenerator,org.mockito.cglib.core.ReflectUtils,8,0
cling,5,mockito,org.mockito.cglib.core.AbstractClassGenerator,org.mockito.cglib.core.ReflectUtils,8,0
cling,6,mockito,org.mockito.cglib.core.AbstractClassGenerator,org.mockito.cglib.core.ReflectUtils,8,0
cling,7,mockito,org.mockito.cglib.core.AbstractClassGenerator,org.mockito.cglib.core.ReflectUtils,8,0
cling,8,mockito,org.mockito.cglib.core.AbstractClassGenerator,org.mockito.cglib.core.ReflectUtils,8,0
cling,9,mockito,org.mockito.cglib.core.AbstractClassGenerator,org.mockito.cglib.core.ReflectUtils,8,0
cling,10,mockito,org.mockito.cglib.core.AbstractClassGenerator,org.mockito.cglib.core.ReflectUtils,8,0
cling,11,mockito,org.mockito.cglib.core.AbstractClassGenerator,org.mockito.cglib.core.ReflectUtils,8,0
cling,12,mockito,org.mockito.cglib.core.AbstractClassGenerator,org.mockito.cglib.core.ReflectUtils,8,0
cling,13,mockito,org.mockito.cglib.core.AbstractClassGenerator,org.mockito.cglib.core.ReflectUtils,8,0
cling,14,mockito,org.mockito.cglib.core.AbstractClassGenerator,org.mockito.cglib.core.ReflectUtils,8,0
cling,15,mockito,org.mockito.cglib.core.AbstractClassGenerator,org.mockito.cglib.core.ReflectUtils,8,0
cling,16,mockito,org.mockito.cglib.core.AbstractClassGenerator,org.mockito.cglib.core.ReflectUtils,8,0
cling,17,mockito,org.mockito.cglib.core.AbstractClassGenerator,org.mockito.cglib.core.ReflectUtils,8,0
cling,18,mockito,org.mockito.cglib.core.AbstractClassGenerator,org.mockito.cglib.core.ReflectUtils,8,0
cling,19,mockito,org.mockito.cglib.core.AbstractClassGenerator,org.mockito.cglib.core.ReflectUtils,8,0
cling,20,mockito,org.mockito.cglib.core.AbstractClassGenerator,org.mockito.cglib.core.ReflectUtils,8,0
cling,1,mockito,org.mockito.cglib.core.CodeEmitter,org.mockito.cglib.core.ClassEmitter,2,1
cling,2,mockito,org.mockito.cglib.core.CodeEmitter,org.mockito.cglib.core.ClassEmitter,2,0
cling,3,mockito,org.mockito.cglib.core.CodeEmitter,org.mockito.cglib.core.ClassEmitter,2,1
cling,4,mockito,org.mockito.cglib.core.CodeEmitter,org.mockito.cglib.core.ClassEmitter,2,1
cling,5,mockito,org.mockito.cglib.core.CodeEmitter,org.mockito.cglib.core.ClassEmitter,2,1
cling,6,mockito,org.mockito.cglib.core.CodeEmitter,org.mockito.cglib.core.ClassEmitter,2,0
cling,7,mockito,org.mockito.cglib.core.CodeEmitter,org.mockito.cglib.core.ClassEmitter,2,1
cling,8,mockito,org.mockito.cglib.core.CodeEmitter,org.mockito.cglib.core.ClassEmitter,2,1
cling,9,mockito,org.mockito.cglib.core.CodeEmitter,org.mockito.cglib.core.ClassEmitter,2,1
cling,10,mockito,org.mockito.cglib.core.CodeEmitter,org.mockito.cglib.core.ClassEmitter,2,0
cling,11,mockito,org.mockito.cglib.core.CodeEmitter,org.mockito.cglib.core.ClassEmitter,2,1
cling,12,mockito,org.mockito.cglib.core.CodeEmitter,org.mockito.cglib.core.ClassEmitter,2,1
cling,13,mockito,org.mockito.cglib.core.CodeEmitter,org.mockito.cglib.core.ClassEmitter,2,0
cling,14,mockito,org.mockito.cglib.core.CodeEmitter,org.mockito.cglib.core.ClassEmitter,2,1
cling,15,mockito,org.mockito.cglib.core.CodeEmitter,org.mockito.cglib.core.ClassEmitter,2,1
cling,16,mockito,org.mockito.cglib.core.CodeEmitter,org.mockito.cglib.core.ClassEmitter,2,1
cling,17,mockito,org.mockito.cglib.core.CodeEmitter,org.mockito.cglib.core.ClassEmitter,2,1
cling,18,mockito,org.mockito.cglib.core.CodeEmitter,org.mockito.cglib.core.ClassEmitter,2,0
cling,19,mockito,org.mockito.cglib.core.CodeEmitter,org.mockito.cglib.core.ClassEmitter,2,1
cling,20,mockito,org.mockito.cglib.core.CodeEmitter,org.mockito.cglib.core.ClassEmitter,2,1
cling,1,mockito,org.mockito.cglib.core.EmitUtils,org.mockito.cglib.core.CodeEmitter,1739,175
cling,2,mockito,org.mockito.cglib.core.EmitUtils,org.mockito.cglib.core.CodeEmitter,1739,454
cling,3,mockito,org.mockito.cglib.core.EmitUtils,org.mockito.cglib.core.CodeEmitter,1739,287
cling,4,mockito,org.mockito.cglib.core.EmitUtils,org.mockito.cglib.core.CodeEmitter,1739,663
cling,5,mockito,org.mockito.cglib.core.EmitUtils,org.mockito.cglib.core.CodeEmitter,1739,625
cling,6,mockito,org.mockito.cglib.core.EmitUtils,org.mockito.cglib.core.CodeEmitter,1739,518
cling,7,mockito,org.mockito.cglib.core.EmitUtils,org.mockito.cglib.core.CodeEmitter,1739,355
cling,8,mockito,org.mockito.cglib.core.EmitUtils,org.mockito.cglib.core.CodeEmitter,1739,460
cling,9,mockito,org.mockito.cglib.core.EmitUtils,org.mockito.cglib.core.CodeEmitter,1739,33
cling,10,mockito,org.mockito.cglib.core.EmitUtils,org.mockito.cglib.core.CodeEmitter,1739,34
cling,11,mockito,org.mockito.cglib.core.EmitUtils,org.mockito.cglib.core.CodeEmitter,1739,33
cling,12,mockito,org.mockito.cglib.core.EmitUtils,org.mockito.cglib.core.CodeEmitter,-1,0
cling,13,mockito,org.mockito.cglib.core.EmitUtils,org.mockito.cglib.core.CodeEmitter,1739,902
cling,14,mockito,org.mockito.cglib.core.EmitUtils,org.mockito.cglib.core.CodeEmitter,-1,0
cling,15,mockito,org.mockito.cglib.core.EmitUtils,org.mockito.cglib.core.CodeEmitter,-1,0
cling,16,mockito,org.mockito.cglib.core.EmitUtils,org.mockito.cglib.core.CodeEmitter,-1,0
cling,17,mockito,org.mockito.cglib.core.EmitUtils,org.mockito.cglib.core.CodeEmitter,-1,0
cling,18,mockito,org.mockito.cglib.core.EmitUtils,org.mockito.cglib.core.CodeEmitter,1739,683
cling,19,mockito,org.mockito.cglib.core.EmitUtils,org.mockito.cglib.core.CodeEmitter,1739,506
cling,20,mockito,org.mockito.cglib.core.EmitUtils,org.mockito.cglib.core.CodeEmitter,-1,0
cling,1,mockito,org.mockito.cglib.core.CodeEmitter,org.mockito.cglib.core.TypeUtils,-1,0
cling,2,mockito,org.mockito.cglib.core.CodeEmitter,org.mockito.cglib.core.TypeUtils,-1,0
cling,3,mockito,org.mockito.cglib.core.CodeEmitter,org.mockito.cglib.core.TypeUtils,-1,0
cling,4,mockito,org.mockito.cglib.core.CodeEmitter,org.mockito.cglib.core.TypeUtils,-1,0
cling,5,mockito,org.mockito.cglib.core.CodeEmitter,org.mockito.cglib.core.TypeUtils,-1,0
cling,6,mockito,org.mockito.cglib.core.CodeEmitter,org.mockito.cglib.core.TypeUtils,-1,0
cling,7,mockito,org.mockito.cglib.core.CodeEmitter,org.mockito.cglib.core.TypeUtils,-1,0
cling,8,mockito,org.mockito.cglib.core.CodeEmitter,org.mockito.cglib.core.TypeUtils,-1,0
cling,9,mockito,org.mockito.cglib.core.CodeEmitter,org.mockito.cglib.core.TypeUtils,975,492
cling,10,mockito,org.mockito.cglib.core.CodeEmitter,org.mockito.cglib.core.TypeUtils,-1,0
cling,11,mockito,org.mockito.cglib.core.CodeEmitter,org.mockito.cglib.core.TypeUtils,-1,0
cling,12,mockito,org.mockito.cglib.core.CodeEmitter,org.mockito.cglib.core.TypeUtils,-1,0
cling,13,mockito,org.mockito.cglib.core.CodeEmitter,org.mockito.cglib.core.TypeUtils,-1,0
cling,14,mockito,org.mockito.cglib.core.CodeEmitter,org.mockito.cglib.core.TypeUtils,975,518
cling,15,mockito,org.mockito.cglib.core.CodeEmitter,org.mockito.cglib.core.TypeUtils,975,494
cling,16,mockito,org.mockito.cglib.core.CodeEmitter,org.mockito.cglib.core.TypeUtils,-1,0
cling,17,mockito,org.mockito.cglib.core.CodeEmitter,org.mockito.cglib.core.TypeUtils,975,459
cling,18,mockito,org.mockito.cglib.core.CodeEmitter,org.mockito.cglib.core.TypeUtils,-1,0
cling,19,mockito,org.mockito.cglib.core.CodeEmitter,org.mockito.cglib.core.TypeUtils,-1,0
cling,20,mockito,org.mockito.cglib.core.CodeEmitter,org.mockito.cglib.core.TypeUtils,975,438
cling,1,mockito,org.mockito.cglib.proxy.Mixin$Generator,org.mockito.cglib.core.ReflectUtils,-1,0
cling,2,mockito,org.mockito.cglib.proxy.Mixin$Generator,org.mockito.cglib.core.ReflectUtils,-1,0
cling,3,mockito,org.mockito.cglib.proxy.Mixin$Generator,org.mockito.cglib.core.ReflectUtils,-1,0
cling,4,mockito,org.mockito.cglib.proxy.Mixin$Generator,org.mockito.cglib.core.ReflectUtils,121,40
cling,5,mockito,org.mockito.cglib.proxy.Mixin$Generator,org.mockito.cglib.core.ReflectUtils,121,40
cling,6,mockito,org.mockito.cglib.proxy.Mixin$Generator,org.mockito.cglib.core.ReflectUtils,121,46
cling,7,mockito,org.mockito.cglib.proxy.Mixin$Generator,org.mockito.cglib.core.ReflectUtils,121,47
cling,8,mockito,org.mockito.cglib.proxy.Mixin$Generator,org.mockito.cglib.core.ReflectUtils,121,45
cling,9,mockito,org.mockito.cglib.proxy.Mixin$Generator,org.mockito.cglib.core.ReflectUtils,121,47
cling,10,mockito,org.mockito.cglib.proxy.Mixin$Generator,org.mockito.cglib.core.ReflectUtils,121,47
cling,11,mockito,org.mockito.cglib.proxy.Mixin$Generator,org.mockito.cglib.core.ReflectUtils,121,47
cling,12,mockito,org.mockito.cglib.proxy.Mixin$Generator,org.mockito.cglib.core.ReflectUtils,121,47
cling,13,mockito,org.mockito.cglib.proxy.Mixin$Generator,org.mockito.cglib.core.ReflectUtils,121,40
cling,14,mockito,org.mockito.cglib.proxy.Mixin$Generator,org.mockito.cglib.core.ReflectUtils,121,47
cling,15,mockito,org.mockito.cglib.proxy.Mixin$Generator,org.mockito.cglib.core.ReflectUtils,121,45
cling,16,mockito,org.mockito.cglib.proxy.Mixin$Generator,org.mockito.cglib.core.ReflectUtils,121,40
cling,17,mockito,org.mockito.cglib.proxy.Mixin$Generator,org.mockito.cglib.core.ReflectUtils,121,40
cling,18,mockito,org.mockito.cglib.proxy.Mixin$Generator,org.mockito.cglib.core.ReflectUtils,121,47
cling,19,mockito,org.mockito.cglib.proxy.Mixin$Generator,org.mockito.cglib.core.ReflectUtils,121,47
cling,20,mockito,org.mockito.cglib.proxy.Mixin$Generator,org.mockito.cglib.core.ReflectUtils,121,47
cling,1,mockito,org.mockito.cglib.transform.impl.AddDelegateTransformer,org.mockito.cglib.core.ReflectUtils,22,0
cling,2,mockito,org.mockito.cglib.transform.impl.AddDelegateTransformer,org.mockito.cglib.core.ReflectUtils,22,0
cling,3,mockito,org.mockito.cglib.transform.impl.AddDelegateTransformer,org.mockito.cglib.core.ReflectUtils,22,0
cling,4,mockito,org.mockito.cglib.transform.impl.AddDelegateTransformer,org.mockito.cglib.core.ReflectUtils,22,0
cling,5,mockito,org.mockito.cglib.transform.impl.AddDelegateTransformer,org.mockito.cglib.core.ReflectUtils,22,0
cling,6,mockito,org.mockito.cglib.transform.impl.AddDelegateTransformer,org.mockito.cglib.core.ReflectUtils,22,0
cling,7,mockito,org.mockito.cglib.transform.impl.AddDelegateTransformer,org.mockito.cglib.core.ReflectUtils,22,0
cling,8,mockito,org.mockito.cglib.transform.impl.AddDelegateTransformer,org.mockito.cglib.core.ReflectUtils,22,0
cling,9,mockito,org.mockito.cglib.transform.impl.AddDelegateTransformer,org.mockito.cglib.core.ReflectUtils,22,0
cling,10,mockito,org.mockito.cglib.transform.impl.AddDelegateTransformer,org.mockito.cglib.core.ReflectUtils,22,0
cling,11,mockito,org.mockito.cglib.transform.impl.AddDelegateTransformer,org.mockito.cglib.core.ReflectUtils,22,0
cling,12,mockito,org.mockito.cglib.transform.impl.AddDelegateTransformer,org.mockito.cglib.core.ReflectUtils,22,0
cling,13,mockito,org.mockito.cglib.transform.impl.AddDelegateTransformer,org.mockito.cglib.core.ReflectUtils,22,0
cling,14,mockito,org.mockito.cglib.transform.impl.AddDelegateTransformer,org.mockito.cglib.core.ReflectUtils,22,0
cling,15,mockito,org.mockito.cglib.transform.impl.AddDelegateTransformer,org.mockito.cglib.core.ReflectUtils,22,0
cling,16,mockito,org.mockito.cglib.transform.impl.AddDelegateTransformer,org.mockito.cglib.core.ReflectUtils,22,0
cling,17,mockito,org.mockito.cglib.transform.impl.AddDelegateTransformer,org.mockito.cglib.core.ReflectUtils,22,0
cling,18,mockito,org.mockito.cglib.transform.impl.AddDelegateTransformer,org.mockito.cglib.core.ReflectUtils,22,0
cling,19,mockito,org.mockito.cglib.transform.impl.AddDelegateTransformer,org.mockito.cglib.core.ReflectUtils,22,0
cling,20,mockito,org.mockito.cglib.transform.impl.AddDelegateTransformer,org.mockito.cglib.core.ReflectUtils,22,0
cling,1,math,org.apache.commons.math.fraction.ProperFractionFormat,org.apache.commons.math.fraction.FractionFormat,8,6
cling,2,math,org.apache.commons.math.fraction.ProperFractionFormat,org.apache.commons.math.fraction.FractionFormat,8,6
cling,3,math,org.apache.commons.math.fraction.ProperFractionFormat,org.apache.commons.math.fraction.FractionFormat,8,7
cling,4,math,org.apache.commons.math.fraction.ProperFractionFormat,org.apache.commons.math.fraction.FractionFormat,8,7
cling,5,math,org.apache.commons.math.fraction.ProperFractionFormat,org.apache.commons.math.fraction.FractionFormat,8,6
cling,6,math,org.apache.commons.math.fraction.ProperFractionFormat,org.apache.commons.math.fraction.FractionFormat,8,7
cling,7,math,org.apache.commons.math.fraction.ProperFractionFormat,org.apache.commons.math.fraction.FractionFormat,8,7
cling,8,math,org.apache.commons.math.fraction.ProperFractionFormat,org.apache.commons.math.fraction.FractionFormat,8,7
cling,9,math,org.apache.commons.math.fraction.ProperFractionFormat,org.apache.commons.math.fraction.FractionFormat,8,7
cling,10,math,org.apache.commons.math.fraction.ProperFractionFormat,org.apache.commons.math.fraction.FractionFormat,8,7
cling,11,math,org.apache.commons.math.fraction.ProperFractionFormat,org.apache.commons.math.fraction.FractionFormat,8,7
cling,12,math,org.apache.commons.math.fraction.ProperFractionFormat,org.apache.commons.math.fraction.FractionFormat,8,7
cling,13,math,org.apache.commons.math.fraction.ProperFractionFormat,org.apache.commons.math.fraction.FractionFormat,8,7
cling,14,math,org.apache.commons.math.fraction.ProperFractionFormat,org.apache.commons.math.fraction.FractionFormat,8,7
cling,15,math,org.apache.commons.math.fraction.ProperFractionFormat,org.apache.commons.math.fraction.FractionFormat,8,7
cling,16,math,org.apache.commons.math.fraction.ProperFractionFormat,org.apache.commons.math.fraction.FractionFormat,8,7
cling,17,math,org.apache.commons.math.fraction.ProperFractionFormat,org.apache.commons.math.fraction.FractionFormat,8,7
cling,18,math,org.apache.commons.math.fraction.ProperFractionFormat,org.apache.commons.math.fraction.FractionFormat,8,7
cling,19,math,org.apache.commons.math.fraction.ProperFractionFormat,org.apache.commons.math.fraction.FractionFormat,8,7
cling,20,math,org.apache.commons.math.fraction.ProperFractionFormat,org.apache.commons.math.fraction.FractionFormat,8,7
cling,1,math,org.apache.commons.math.stat.descriptive.AbstractStorelessUnivariateStatistic,org.apache.commons.math.stat.descriptive.moment.Variance,26,25
cling,2,math,org.apache.commons.math.stat.descriptive.AbstractStorelessUnivariateStatistic,org.apache.commons.math.stat.descriptive.moment.Variance,26,25
cling,3,math,org.apache.commons.math.stat.descriptive.AbstractStorelessUnivariateStatistic,org.apache.commons.math.stat.descriptive.moment.Variance,26,25
cling,4,math,org.apache.commons.math.stat.descriptive.AbstractStorelessUnivariateStatistic,org.apache.commons.math.stat.descriptive.moment.Variance,26,25
cling,5,math,org.apache.commons.math.stat.descriptive.AbstractStorelessUnivariateStatistic,org.apache.commons.math.stat.descriptive.moment.Variance,26,25
cling,6,math,org.apache.commons.math.stat.descriptive.AbstractStorelessUnivariateStatistic,org.apache.commons.math.stat.descriptive.moment.Variance,26,25
cling,7,math,org.apache.commons.math.stat.descriptive.AbstractStorelessUnivariateStatistic,org.apache.commons.math.stat.descriptive.moment.Variance,26,25
cling,8,math,org.apache.commons.math.stat.descriptive.AbstractStorelessUnivariateStatistic,org.apache.commons.math.stat.descriptive.moment.Variance,26,25
cling,9,math,org.apache.commons.math.stat.descriptive.AbstractStorelessUnivariateStatistic,org.apache.commons.math.stat.descriptive.moment.Variance,26,25
cling,10,math,org.apache.commons.math.stat.descriptive.AbstractStorelessUnivariateStatistic,org.apache.commons.math.stat.descriptive.moment.Variance,26,25
cling,11,math,org.apache.commons.math.stat.descriptive.AbstractStorelessUnivariateStatistic,org.apache.commons.math.stat.descriptive.moment.Variance,26,25
cling,12,math,org.apache.commons.math.stat.descriptive.AbstractStorelessUnivariateStatistic,org.apache.commons.math.stat.descriptive.moment.Variance,26,25
cling,13,math,org.apache.commons.math.stat.descriptive.AbstractStorelessUnivariateStatistic,org.apache.commons.math.stat.descriptive.moment.Variance,26,25
cling,14,math,org.apache.commons.math.stat.descriptive.AbstractStorelessUnivariateStatistic,org.apache.commons.math.stat.descriptive.moment.Variance,26,25
cling,15,math,org.apache.commons.math.stat.descriptive.AbstractStorelessUnivariateStatistic,org.apache.commons.math.stat.descriptive.moment.Variance,26,25
cling,16,math,org.apache.commons.math.stat.descriptive.AbstractStorelessUnivariateStatistic,org.apache.commons.math.stat.descriptive.moment.Variance,26,25
cling,17,math,org.apache.commons.math.stat.descriptive.AbstractStorelessUnivariateStatistic,org.apache.commons.math.stat.descriptive.moment.Variance,26,25
cling,18,math,org.apache.commons.math.stat.descriptive.AbstractStorelessUnivariateStatistic,org.apache.commons.math.stat.descriptive.moment.Variance,26,25
cling,19,math,org.apache.commons.math.stat.descriptive.AbstractStorelessUnivariateStatistic,org.apache.commons.math.stat.descriptive.moment.Variance,26,25
cling,20,math,org.apache.commons.math.stat.descriptive.AbstractStorelessUnivariateStatistic,org.apache.commons.math.stat.descriptive.moment.Variance,26,25
cling,1,math,org.apache.commons.math.ode.EmbeddedRungeKuttaIntegrator,org.apache.commons.math.ode.DormandPrince853Integrator,6,5
cling,2,math,org.apache.commons.math.ode.EmbeddedRungeKuttaIntegrator,org.apache.commons.math.ode.DormandPrince853Integrator,6,5
cling,3,math,org.apache.commons.math.ode.EmbeddedRungeKuttaIntegrator,org.apache.commons.math.ode.DormandPrince853Integrator,6,5
cling,4,math,org.apache.commons.math.ode.EmbeddedRungeKuttaIntegrator,org.apache.commons.math.ode.DormandPrince853Integrator,6,5
cling,5,math,org.apache.commons.math.ode.EmbeddedRungeKuttaIntegrator,org.apache.commons.math.ode.DormandPrince853Integrator,6,5
cling,6,math,org.apache.commons.math.ode.EmbeddedRungeKuttaIntegrator,org.apache.commons.math.ode.DormandPrince853Integrator,6,5
cling,7,math,org.apache.commons.math.ode.EmbeddedRungeKuttaIntegrator,org.apache.commons.math.ode.DormandPrince853Integrator,6,5
cling,8,math,org.apache.commons.math.ode.EmbeddedRungeKuttaIntegrator,org.apache.commons.math.ode.DormandPrince853Integrator,6,5
cling,9,math,org.apache.commons.math.ode.EmbeddedRungeKuttaIntegrator,org.apache.commons.math.ode.DormandPrince853Integrator,6,5
cling,10,math,org.apache.commons.math.ode.EmbeddedRungeKuttaIntegrator,org.apache.commons.math.ode.DormandPrince853Integrator,6,5
cling,11,math,org.apache.commons.math.ode.EmbeddedRungeKuttaIntegrator,org.apache.commons.math.ode.DormandPrince853Integrator,6,5
cling,12,math,org.apache.commons.math.ode.EmbeddedRungeKuttaIntegrator,org.apache.commons.math.ode.DormandPrince853Integrator,6,5
cling,13,math,org.apache.commons.math.ode.EmbeddedRungeKuttaIntegrator,org.apache.commons.math.ode.DormandPrince853Integrator,6,4
cling,14,math,org.apache.commons.math.ode.EmbeddedRungeKuttaIntegrator,org.apache.commons.math.ode.DormandPrince853Integrator,6,5
cling,15,math,org.apache.commons.math.ode.EmbeddedRungeKuttaIntegrator,org.apache.commons.math.ode.DormandPrince853Integrator,6,5
cling,16,math,org.apache.commons.math.ode.EmbeddedRungeKuttaIntegrator,org.apache.commons.math.ode.DormandPrince853Integrator,6,5
cling,17,math,org.apache.commons.math.ode.EmbeddedRungeKuttaIntegrator,org.apache.commons.math.ode.DormandPrince853Integrator,6,5
cling,18,math,org.apache.commons.math.ode.EmbeddedRungeKuttaIntegrator,org.apache.commons.math.ode.DormandPrince853Integrator,6,5
cling,19,math,org.apache.commons.math.ode.EmbeddedRungeKuttaIntegrator,org.apache.commons.math.ode.DormandPrince853Integrator,6,5
cling,20,math,org.apache.commons.math.ode.EmbeddedRungeKuttaIntegrator,org.apache.commons.math.ode.DormandPrince853Integrator,6,4
cling,1,math,org.apache.commons.math.analysis.MullerSolver,org.apache.commons.math.analysis.UnivariateRealSolverImpl,744,657
cling,2,math,org.apache.commons.math.analysis.MullerSolver,org.apache.commons.math.analysis.UnivariateRealSolverImpl,744,640
cling,3,math,org.apache.commons.math.analysis.MullerSolver,org.apache.commons.math.analysis.UnivariateRealSolverImpl,744,690
cling,4,math,org.apache.commons.math.analysis.MullerSolver,org.apache.commons.math.analysis.UnivariateRealSolverImpl,744,672
cling,5,math,org.apache.commons.math.analysis.MullerSolver,org.apache.commons.math.analysis.UnivariateRealSolverImpl,744,721
cling,6,math,org.apache.commons.math.analysis.MullerSolver,org.apache.commons.math.analysis.UnivariateRealSolverImpl,744,691
cling,7,math,org.apache.commons.math.analysis.MullerSolver,org.apache.commons.math.analysis.UnivariateRealSolverImpl,744,707
cling,8,math,org.apache.commons.math.analysis.MullerSolver,org.apache.commons.math.analysis.UnivariateRealSolverImpl,744,699
cling,9,math,org.apache.commons.math.analysis.MullerSolver,org.apache.commons.math.analysis.UnivariateRealSolverImpl,744,693
cling,10,math,org.apache.commons.math.analysis.MullerSolver,org.apache.commons.math.analysis.UnivariateRealSolverImpl,744,687
cling,11,math,org.apache.commons.math.analysis.MullerSolver,org.apache.commons.math.analysis.UnivariateRealSolverImpl,744,673
cling,12,math,org.apache.commons.math.analysis.MullerSolver,org.apache.commons.math.analysis.UnivariateRealSolverImpl,744,726
cling,13,math,org.apache.commons.math.analysis.MullerSolver,org.apache.commons.math.analysis.UnivariateRealSolverImpl,744,702
cling,14,math,org.apache.commons.math.analysis.MullerSolver,org.apache.commons.math.analysis.UnivariateRealSolverImpl,744,697
cling,15,math,org.apache.commons.math.analysis.MullerSolver,org.apache.commons.math.analysis.UnivariateRealSolverImpl,744,696
cling,16,math,org.apache.commons.math.analysis.MullerSolver,org.apache.commons.math.analysis.UnivariateRealSolverImpl,744,681
cling,17,math,org.apache.commons.math.analysis.MullerSolver,org.apache.commons.math.analysis.UnivariateRealSolverImpl,744,299
cling,18,math,org.apache.commons.math.analysis.MullerSolver,org.apache.commons.math.analysis.UnivariateRealSolverImpl,744,689
cling,19,math,org.apache.commons.math.analysis.MullerSolver,org.apache.commons.math.analysis.UnivariateRealSolverImpl,744,691
cling,20,math,org.apache.commons.math.analysis.MullerSolver,org.apache.commons.math.analysis.UnivariateRealSolverImpl,744,682
cling,1,math,org.apache.commons.math.distribution.AbstractIntegerDistribution,org.apache.commons.math.distribution.HypergeometricDistributionImpl,10,8
cling,2,math,org.apache.commons.math.distribution.AbstractIntegerDistribution,org.apache.commons.math.distribution.HypergeometricDistributionImpl,10,9
cling,3,math,org.apache.commons.math.distribution.AbstractIntegerDistribution,org.apache.commons.math.distribution.HypergeometricDistributionImpl,10,9
cling,4,math,org.apache.commons.math.distribution.AbstractIntegerDistribution,org.apache.commons.math.distribution.HypergeometricDistributionImpl,10,9
cling,5,math,org.apache.commons.math.distribution.AbstractIntegerDistribution,org.apache.commons.math.distribution.HypergeometricDistributionImpl,10,8
cling,6,math,org.apache.commons.math.distribution.AbstractIntegerDistribution,org.apache.commons.math.distribution.HypergeometricDistributionImpl,10,9
cling,7,math,org.apache.commons.math.distribution.AbstractIntegerDistribution,org.apache.commons.math.distribution.HypergeometricDistributionImpl,10,8
cling,8,math,org.apache.commons.math.distribution.AbstractIntegerDistribution,org.apache.commons.math.distribution.HypergeometricDistributionImpl,10,9
cling,9,math,org.apache.commons.math.distribution.AbstractIntegerDistribution,org.apache.commons.math.distribution.HypergeometricDistributionImpl,10,9
cling,10,math,org.apache.commons.math.distribution.AbstractIntegerDistribution,org.apache.commons.math.distribution.HypergeometricDistributionImpl,10,9
cling,11,math,org.apache.commons.math.distribution.AbstractIntegerDistribution,org.apache.commons.math.distribution.HypergeometricDistributionImpl,10,5
cling,12,math,org.apache.commons.math.distribution.AbstractIntegerDistribution,org.apache.commons.math.distribution.HypergeometricDistributionImpl,10,5
cling,13,math,org.apache.commons.math.distribution.AbstractIntegerDistribution,org.apache.commons.math.distribution.HypergeometricDistributionImpl,10,9
cling,14,math,org.apache.commons.math.distribution.AbstractIntegerDistribution,org.apache.commons.math.distribution.HypergeometricDistributionImpl,10,9
cling,15,math,org.apache.commons.math.distribution.AbstractIntegerDistribution,org.apache.commons.math.distribution.HypergeometricDistributionImpl,10,9
cling,16,math,org.apache.commons.math.distribution.AbstractIntegerDistribution,org.apache.commons.math.distribution.HypergeometricDistributionImpl,10,8
cling,17,math,org.apache.commons.math.distribution.AbstractIntegerDistribution,org.apache.commons.math.distribution.HypergeometricDistributionImpl,10,9
cling,18,math,org.apache.commons.math.distribution.AbstractIntegerDistribution,org.apache.commons.math.distribution.HypergeometricDistributionImpl,10,9
cling,19,math,org.apache.commons.math.distribution.AbstractIntegerDistribution,org.apache.commons.math.distribution.HypergeometricDistributionImpl,10,9
cling,20,math,org.apache.commons.math.distribution.AbstractIntegerDistribution,org.apache.commons.math.distribution.HypergeometricDistributionImpl,10,7
cling,1,math,org.apache.commons.math.ode.GraggBulirschStoerStepInterpolator,org.apache.commons.math.ode.AbstractStepInterpolator,40,39
cling,2,math,org.apache.commons.math.ode.GraggBulirschStoerStepInterpolator,org.apache.commons.math.ode.AbstractStepInterpolator,40,37
cling,3,math,org.apache.commons.math.ode.GraggBulirschStoerStepInterpolator,org.apache.commons.math.ode.AbstractStepInterpolator,40,38
cling,4,math,org.apache.commons.math.ode.GraggBulirschStoerStepInterpolator,org.apache.commons.math.ode.AbstractStepInterpolator,40,37
cling,5,math,org.apache.commons.math.ode.GraggBulirschStoerStepInterpolator,org.apache.commons.math.ode.AbstractStepInterpolator,40,37
cling,6,math,org.apache.commons.math.ode.GraggBulirschStoerStepInterpolator,org.apache.commons.math.ode.AbstractStepInterpolator,40,39
cling,7,math,org.apache.commons.math.ode.GraggBulirschStoerStepInterpolator,org.apache.commons.math.ode.AbstractStepInterpolator,40,39
cling,8,math,org.apache.commons.math.ode.GraggBulirschStoerStepInterpolator,org.apache.commons.math.ode.AbstractStepInterpolator,40,37
cling,9,math,org.apache.commons.math.ode.GraggBulirschStoerStepInterpolator,org.apache.commons.math.ode.AbstractStepInterpolator,40,37
cling,10,math,org.apache.commons.math.ode.GraggBulirschStoerStepInterpolator,org.apache.commons.math.ode.AbstractStepInterpolator,40,37
cling,11,math,org.apache.commons.math.ode.GraggBulirschStoerStepInterpolator,org.apache.commons.math.ode.AbstractStepInterpolator,40,37
cling,12,math,org.apache.commons.math.ode.GraggBulirschStoerStepInterpolator,org.apache.commons.math.ode.AbstractStepInterpolator,40,39
cling,13,math,org.apache.commons.math.ode.GraggBulirschStoerStepInterpolator,org.apache.commons.math.ode.AbstractStepInterpolator,40,39
cling,14,math,org.apache.commons.math.ode.GraggBulirschStoerStepInterpolator,org.apache.commons.math.ode.AbstractStepInterpolator,40,39
cling,15,math,org.apache.commons.math.ode.GraggBulirschStoerStepInterpolator,org.apache.commons.math.ode.AbstractStepInterpolator,40,39
cling,16,math,org.apache.commons.math.ode.GraggBulirschStoerStepInterpolator,org.apache.commons.math.ode.AbstractStepInterpolator,40,39
cling,17,math,org.apache.commons.math.ode.GraggBulirschStoerStepInterpolator,org.apache.commons.math.ode.AbstractStepInterpolator,40,37
cling,18,math,org.apache.commons.math.ode.GraggBulirschStoerStepInterpolator,org.apache.commons.math.ode.AbstractStepInterpolator,40,38
cling,19,math,org.apache.commons.math.ode.GraggBulirschStoerStepInterpolator,org.apache.commons.math.ode.AbstractStepInterpolator,40,37
cling,20,math,org.apache.commons.math.ode.GraggBulirschStoerStepInterpolator,org.apache.commons.math.ode.AbstractStepInterpolator,40,38
cling,1,math,org.apache.commons.math.ode.EmbeddedRungeKuttaIntegrator,org.apache.commons.math.ode.HighamHall54Integrator,6,5
cling,2,math,org.apache.commons.math.ode.EmbeddedRungeKuttaIntegrator,org.apache.commons.math.ode.HighamHall54Integrator,6,5
cling,3,math,org.apache.commons.math.ode.EmbeddedRungeKuttaIntegrator,org.apache.commons.math.ode.HighamHall54Integrator,6,5
cling,4,math,org.apache.commons.math.ode.EmbeddedRungeKuttaIntegrator,org.apache.commons.math.ode.HighamHall54Integrator,6,5
cling,5,math,org.apache.commons.math.ode.EmbeddedRungeKuttaIntegrator,org.apache.commons.math.ode.HighamHall54Integrator,6,5
cling,6,math,org.apache.commons.math.ode.EmbeddedRungeKuttaIntegrator,org.apache.commons.math.ode.HighamHall54Integrator,6,5
cling,7,math,org.apache.commons.math.ode.EmbeddedRungeKuttaIntegrator,org.apache.commons.math.ode.HighamHall54Integrator,6,5
cling,8,math,org.apache.commons.math.ode.EmbeddedRungeKuttaIntegrator,org.apache.commons.math.ode.HighamHall54Integrator,6,5
cling,9,math,org.apache.commons.math.ode.EmbeddedRungeKuttaIntegrator,org.apache.commons.math.ode.HighamHall54Integrator,6,5
cling,10,math,org.apache.commons.math.ode.EmbeddedRungeKuttaIntegrator,org.apache.commons.math.ode.HighamHall54Integrator,6,5
cling,11,math,org.apache.commons.math.ode.EmbeddedRungeKuttaIntegrator,org.apache.commons.math.ode.HighamHall54Integrator,6,5
cling,12,math,org.apache.commons.math.ode.EmbeddedRungeKuttaIntegrator,org.apache.commons.math.ode.HighamHall54Integrator,6,5
cling,13,math,org.apache.commons.math.ode.EmbeddedRungeKuttaIntegrator,org.apache.commons.math.ode.HighamHall54Integrator,6,5
cling,14,math,org.apache.commons.math.ode.EmbeddedRungeKuttaIntegrator,org.apache.commons.math.ode.HighamHall54Integrator,6,5
cling,15,math,org.apache.commons.math.ode.EmbeddedRungeKuttaIntegrator,org.apache.commons.math.ode.HighamHall54Integrator,6,5
cling,16,math,org.apache.commons.math.ode.EmbeddedRungeKuttaIntegrator,org.apache.commons.math.ode.HighamHall54Integrator,6,5
cling,17,math,org.apache.commons.math.ode.EmbeddedRungeKuttaIntegrator,org.apache.commons.math.ode.HighamHall54Integrator,6,5
cling,18,math,org.apache.commons.math.ode.EmbeddedRungeKuttaIntegrator,org.apache.commons.math.ode.HighamHall54Integrator,6,5
cling,19,math,org.apache.commons.math.ode.EmbeddedRungeKuttaIntegrator,org.apache.commons.math.ode.HighamHall54Integrator,6,5
cling,20,math,org.apache.commons.math.ode.EmbeddedRungeKuttaIntegrator,org.apache.commons.math.ode.HighamHall54Integrator,6,5
cling,1,math,org.apache.commons.math.ode.GraggBulirschStoerIntegrator,org.apache.commons.math.ode.AdaptiveStepsizeIntegrator,2632,1103
cling,2,math,org.apache.commons.math.ode.GraggBulirschStoerIntegrator,org.apache.commons.math.ode.AdaptiveStepsizeIntegrator,2632,1125
cling,3,math,org.apache.commons.math.ode.GraggBulirschStoerIntegrator,org.apache.commons.math.ode.AdaptiveStepsizeIntegrator,2632,994
cling,4,math,org.apache.commons.math.ode.GraggBulirschStoerIntegrator,org.apache.commons.math.ode.AdaptiveStepsizeIntegrator,2632,1165
cling,5,math,org.apache.commons.math.ode.GraggBulirschStoerIntegrator,org.apache.commons.math.ode.AdaptiveStepsizeIntegrator,2632,933
cling,6,math,org.apache.commons.math.ode.GraggBulirschStoerIntegrator,org.apache.commons.math.ode.AdaptiveStepsizeIntegrator,2632,1025
cling,7,math,org.apache.commons.math.ode.GraggBulirschStoerIntegrator,org.apache.commons.math.ode.AdaptiveStepsizeIntegrator,2632,1266
cling,8,math,org.apache.commons.math.ode.GraggBulirschStoerIntegrator,org.apache.commons.math.ode.AdaptiveStepsizeIntegrator,2632,1074
cling,9,math,org.apache.commons.math.ode.GraggBulirschStoerIntegrator,org.apache.commons.math.ode.AdaptiveStepsizeIntegrator,2632,1117
cling,10,math,org.apache.commons.math.ode.GraggBulirschStoerIntegrator,org.apache.commons.math.ode.AdaptiveStepsizeIntegrator,2632,1338
cling,11,math,org.apache.commons.math.ode.GraggBulirschStoerIntegrator,org.apache.commons.math.ode.AdaptiveStepsizeIntegrator,2632,1147
cling,12,math,org.apache.commons.math.ode.GraggBulirschStoerIntegrator,org.apache.commons.math.ode.AdaptiveStepsizeIntegrator,2632,1095
cling,13,math,org.apache.commons.math.ode.GraggBulirschStoerIntegrator,org.apache.commons.math.ode.AdaptiveStepsizeIntegrator,2632,1431
cling,14,math,org.apache.commons.math.ode.GraggBulirschStoerIntegrator,org.apache.commons.math.ode.AdaptiveStepsizeIntegrator,2632,1128
cling,15,math,org.apache.commons.math.ode.GraggBulirschStoerIntegrator,org.apache.commons.math.ode.AdaptiveStepsizeIntegrator,2632,1097
cling,16,math,org.apache.commons.math.ode.GraggBulirschStoerIntegrator,org.apache.commons.math.ode.AdaptiveStepsizeIntegrator,2632,1127
cling,17,math,org.apache.commons.math.ode.GraggBulirschStoerIntegrator,org.apache.commons.math.ode.AdaptiveStepsizeIntegrator,2632,808
cling,18,math,org.apache.commons.math.ode.GraggBulirschStoerIntegrator,org.apache.commons.math.ode.AdaptiveStepsizeIntegrator,2632,926
cling,19,math,org.apache.commons.math.ode.GraggBulirschStoerIntegrator,org.apache.commons.math.ode.AdaptiveStepsizeIntegrator,2632,1058
cling,20,math,org.apache.commons.math.ode.GraggBulirschStoerIntegrator,org.apache.commons.math.ode.AdaptiveStepsizeIntegrator,2632,891
cling,1,math,org.apache.commons.math.ode.AbstractStepInterpolator,org.apache.commons.math.ode.DormandPrince853StepInterpolator,26,25
cling,2,math,org.apache.commons.math.ode.AbstractStepInterpolator,org.apache.commons.math.ode.DormandPrince853StepInterpolator,26,25
cling,3,math,org.apache.commons.math.ode.AbstractStepInterpolator,org.apache.commons.math.ode.DormandPrince853StepInterpolator,26,22
cling,4,math,org.apache.commons.math.ode.AbstractStepInterpolator,org.apache.commons.math.ode.DormandPrince853StepInterpolator,26,25
cling,5,math,org.apache.commons.math.ode.AbstractStepInterpolator,org.apache.commons.math.ode.DormandPrince853StepInterpolator,26,25
cling,6,math,org.apache.commons.math.ode.AbstractStepInterpolator,org.apache.commons.math.ode.DormandPrince853StepInterpolator,26,21
cling,7,math,org.apache.commons.math.ode.AbstractStepInterpolator,org.apache.commons.math.ode.DormandPrince853StepInterpolator,26,25
cling,8,math,org.apache.commons.math.ode.AbstractStepInterpolator,org.apache.commons.math.ode.DormandPrince853StepInterpolator,26,25
cling,9,math,org.apache.commons.math.ode.AbstractStepInterpolator,org.apache.commons.math.ode.DormandPrince853StepInterpolator,26,25
cling,10,math,org.apache.commons.math.ode.AbstractStepInterpolator,org.apache.commons.math.ode.DormandPrince853StepInterpolator,26,25
cling,11,math,org.apache.commons.math.ode.AbstractStepInterpolator,org.apache.commons.math.ode.DormandPrince853StepInterpolator,26,21
cling,12,math,org.apache.commons.math.ode.AbstractStepInterpolator,org.apache.commons.math.ode.DormandPrince853StepInterpolator,26,25
cling,13,math,org.apache.commons.math.ode.AbstractStepInterpolator,org.apache.commons.math.ode.DormandPrince853StepInterpolator,26,25
cling,14,math,org.apache.commons.math.ode.AbstractStepInterpolator,org.apache.commons.math.ode.DormandPrince853StepInterpolator,26,25
cling,15,math,org.apache.commons.math.ode.AbstractStepInterpolator,org.apache.commons.math.ode.DormandPrince853StepInterpolator,26,22
cling,16,math,org.apache.commons.math.ode.AbstractStepInterpolator,org.apache.commons.math.ode.DormandPrince853StepInterpolator,26,25
cling,17,math,org.apache.commons.math.ode.AbstractStepInterpolator,org.apache.commons.math.ode.DormandPrince853StepInterpolator,26,25
cling,18,math,org.apache.commons.math.ode.AbstractStepInterpolator,org.apache.commons.math.ode.DormandPrince853StepInterpolator,26,23
cling,19,math,org.apache.commons.math.ode.AbstractStepInterpolator,org.apache.commons.math.ode.DormandPrince853StepInterpolator,26,23
cling,20,math,org.apache.commons.math.ode.AbstractStepInterpolator,org.apache.commons.math.ode.DormandPrince853StepInterpolator,26,25
cling,1,math,org.apache.commons.math.optimization.NelderMead,org.apache.commons.math.optimization.DirectSearchOptimizer,80,54
cling,2,math,org.apache.commons.math.optimization.NelderMead,org.apache.commons.math.optimization.DirectSearchOptimizer,80,54
cling,3,math,org.apache.commons.math.optimization.NelderMead,org.apache.commons.math.optimization.DirectSearchOptimizer,80,54
cling,4,math,org.apache.commons.math.optimization.NelderMead,org.apache.commons.math.optimization.DirectSearchOptimizer,80,54
cling,5,math,org.apache.commons.math.optimization.NelderMead,org.apache.commons.math.optimization.DirectSearchOptimizer,80,52
cling,6,math,org.apache.commons.math.optimization.NelderMead,org.apache.commons.math.optimization.DirectSearchOptimizer,80,54
cling,7,math,org.apache.commons.math.optimization.NelderMead,org.apache.commons.math.optimization.DirectSearchOptimizer,80,54
cling,8,math,org.apache.commons.math.optimization.NelderMead,org.apache.commons.math.optimization.DirectSearchOptimizer,80,54
cling,9,math,org.apache.commons.math.optimization.NelderMead,org.apache.commons.math.optimization.DirectSearchOptimizer,80,54
cling,10,math,org.apache.commons.math.optimization.NelderMead,org.apache.commons.math.optimization.DirectSearchOptimizer,80,54
cling,11,math,org.apache.commons.math.optimization.NelderMead,org.apache.commons.math.optimization.DirectSearchOptimizer,80,54
cling,12,math,org.apache.commons.math.optimization.NelderMead,org.apache.commons.math.optimization.DirectSearchOptimizer,80,54
cling,13,math,org.apache.commons.math.optimization.NelderMead,org.apache.commons.math.optimization.DirectSearchOptimizer,80,54
cling,14,math,org.apache.commons.math.optimization.NelderMead,org.apache.commons.math.optimization.DirectSearchOptimizer,80,54
cling,15,math,org.apache.commons.math.optimization.NelderMead,org.apache.commons.math.optimization.DirectSearchOptimizer,80,52
cling,16,math,org.apache.commons.math.optimization.NelderMead,org.apache.commons.math.optimization.DirectSearchOptimizer,80,54
cling,17,math,org.apache.commons.math.optimization.NelderMead,org.apache.commons.math.optimization.DirectSearchOptimizer,80,54
cling,18,math,org.apache.commons.math.optimization.NelderMead,org.apache.commons.math.optimization.DirectSearchOptimizer,80,54
cling,19,math,org.apache.commons.math.optimization.NelderMead,org.apache.commons.math.optimization.DirectSearchOptimizer,80,54
cling,20,math,org.apache.commons.math.optimization.NelderMead,org.apache.commons.math.optimization.DirectSearchOptimizer,80,54
cling,1,math,org.apache.commons.math.analysis.LaguerreSolver,org.apache.commons.math.complex.Complex,1629,711
cling,2,math,org.apache.commons.math.analysis.LaguerreSolver,org.apache.commons.math.complex.Complex,1629,738
cling,3,math,org.apache.commons.math.analysis.LaguerreSolver,org.apache.commons.math.complex.Complex,1629,686
cling,4,math,org.apache.commons.math.analysis.LaguerreSolver,org.apache.commons.math.complex.Complex,1629,510
cling,5,math,org.apache.commons.math.analysis.LaguerreSolver,org.apache.commons.math.complex.Complex,1629,784
cling,6,math,org.apache.commons.math.analysis.LaguerreSolver,org.apache.commons.math.complex.Complex,1629,658
cling,7,math,org.apache.commons.math.analysis.LaguerreSolver,org.apache.commons.math.complex.Complex,1629,696
cling,8,math,org.apache.commons.math.analysis.LaguerreSolver,org.apache.commons.math.complex.Complex,1629,713
cling,9,math,org.apache.commons.math.analysis.LaguerreSolver,org.apache.commons.math.complex.Complex,1629,866
cling,10,math,org.apache.commons.math.analysis.LaguerreSolver,org.apache.commons.math.complex.Complex,1629,701
cling,11,math,org.apache.commons.math.analysis.LaguerreSolver,org.apache.commons.math.complex.Complex,1629,454
cling,12,math,org.apache.commons.math.analysis.LaguerreSolver,org.apache.commons.math.complex.Complex,1629,713
cling,13,math,org.apache.commons.math.analysis.LaguerreSolver,org.apache.commons.math.complex.Complex,1629,927
cling,14,math,org.apache.commons.math.analysis.LaguerreSolver,org.apache.commons.math.complex.Complex,1629,546
cling,15,math,org.apache.commons.math.analysis.LaguerreSolver,org.apache.commons.math.complex.Complex,1629,676
cling,16,math,org.apache.commons.math.analysis.LaguerreSolver,org.apache.commons.math.complex.Complex,1629,752
cling,17,math,org.apache.commons.math.analysis.LaguerreSolver,org.apache.commons.math.complex.Complex,1629,698
cling,18,math,org.apache.commons.math.analysis.LaguerreSolver,org.apache.commons.math.complex.Complex,1629,700
cling,19,math,org.apache.commons.math.analysis.LaguerreSolver,org.apache.commons.math.complex.Complex,1629,567
cling,20,math,org.apache.commons.math.analysis.LaguerreSolver,org.apache.commons.math.complex.Complex,1629,739
cling,1,math,org.apache.commons.math.ode.SwitchState,org.apache.commons.math.analysis.BrentSolver,15,13
cling,2,math,org.apache.commons.math.ode.SwitchState,org.apache.commons.math.analysis.BrentSolver,15,13
cling,3,math,org.apache.commons.math.ode.SwitchState,org.apache.commons.math.analysis.BrentSolver,15,12
cling,4,math,org.apache.commons.math.ode.SwitchState,org.apache.commons.math.analysis.BrentSolver,15,14
cling,5,math,org.apache.commons.math.ode.SwitchState,org.apache.commons.math.analysis.BrentSolver,15,13
cling,6,math,org.apache.commons.math.ode.SwitchState,org.apache.commons.math.analysis.BrentSolver,15,13
cling,7,math,org.apache.commons.math.ode.SwitchState,org.apache.commons.math.analysis.BrentSolver,15,13
cling,8,math,org.apache.commons.math.ode.SwitchState,org.apache.commons.math.analysis.BrentSolver,15,14
cling,9,math,org.apache.commons.math.ode.SwitchState,org.apache.commons.math.analysis.BrentSolver,15,13
cling,10,math,org.apache.commons.math.ode.SwitchState,org.apache.commons.math.analysis.BrentSolver,15,11
cling,11,math,org.apache.commons.math.ode.SwitchState,org.apache.commons.math.analysis.BrentSolver,15,14
cling,12,math,org.apache.commons.math.ode.SwitchState,org.apache.commons.math.analysis.BrentSolver,15,11
cling,13,math,org.apache.commons.math.ode.SwitchState,org.apache.commons.math.analysis.BrentSolver,15,14
cling,14,math,org.apache.commons.math.ode.SwitchState,org.apache.commons.math.analysis.BrentSolver,15,12
cling,15,math,org.apache.commons.math.ode.SwitchState,org.apache.commons.math.analysis.BrentSolver,15,14
cling,16,math,org.apache.commons.math.ode.SwitchState,org.apache.commons.math.analysis.BrentSolver,15,14
cling,17,math,org.apache.commons.math.ode.SwitchState,org.apache.commons.math.analysis.BrentSolver,15,14
cling,18,math,org.apache.commons.math.ode.SwitchState,org.apache.commons.math.analysis.BrentSolver,15,13
cling,19,math,org.apache.commons.math.ode.SwitchState,org.apache.commons.math.analysis.BrentSolver,15,13
cling,20,math,org.apache.commons.math.ode.SwitchState,org.apache.commons.math.analysis.BrentSolver,15,14
cling,1,math,org.apache.commons.math.complex.Complex,org.apache.commons.math.util.MathUtils,33,0
cling,2,math,org.apache.commons.math.complex.Complex,org.apache.commons.math.util.MathUtils,33,0
cling,3,math,org.apache.commons.math.complex.Complex,org.apache.commons.math.util.MathUtils,33,0
cling,4,math,org.apache.commons.math.complex.Complex,org.apache.commons.math.util.MathUtils,33,0
cling,5,math,org.apache.commons.math.complex.Complex,org.apache.commons.math.util.MathUtils,33,0
cling,6,math,org.apache.commons.math.complex.Complex,org.apache.commons.math.util.MathUtils,33,0
cling,7,math,org.apache.commons.math.complex.Complex,org.apache.commons.math.util.MathUtils,33,0
cling,8,math,org.apache.commons.math.complex.Complex,org.apache.commons.math.util.MathUtils,33,0
cling,9,math,org.apache.commons.math.complex.Complex,org.apache.commons.math.util.MathUtils,33,0
cling,10,math,org.apache.commons.math.complex.Complex,org.apache.commons.math.util.MathUtils,33,0
cling,11,math,org.apache.commons.math.complex.Complex,org.apache.commons.math.util.MathUtils,33,0
cling,12,math,org.apache.commons.math.complex.Complex,org.apache.commons.math.util.MathUtils,33,0
cling,13,math,org.apache.commons.math.complex.Complex,org.apache.commons.math.util.MathUtils,33,0
cling,14,math,org.apache.commons.math.complex.Complex,org.apache.commons.math.util.MathUtils,33,0
cling,15,math,org.apache.commons.math.complex.Complex,org.apache.commons.math.util.MathUtils,33,0
cling,16,math,org.apache.commons.math.complex.Complex,org.apache.commons.math.util.MathUtils,33,0
cling,17,math,org.apache.commons.math.complex.Complex,org.apache.commons.math.util.MathUtils,33,0
cling,18,math,org.apache.commons.math.complex.Complex,org.apache.commons.math.util.MathUtils,33,0
cling,19,math,org.apache.commons.math.complex.Complex,org.apache.commons.math.util.MathUtils,33,0
cling,20,math,org.apache.commons.math.complex.Complex,org.apache.commons.math.util.MathUtils,33,0
cling,1,math,org.apache.commons.math.linear.RealMatrixImpl,org.apache.commons.math.util.MathUtils,2,0
cling,2,math,org.apache.commons.math.linear.RealMatrixImpl,org.apache.commons.math.util.MathUtils,2,0
cling,3,math,org.apache.commons.math.linear.RealMatrixImpl,org.apache.commons.math.util.MathUtils,2,0
cling,4,math,org.apache.commons.math.linear.RealMatrixImpl,org.apache.commons.math.util.MathUtils,2,0
cling,5,math,org.apache.commons.math.linear.RealMatrixImpl,org.apache.commons.math.util.MathUtils,2,0
cling,6,math,org.apache.commons.math.linear.RealMatrixImpl,org.apache.commons.math.util.MathUtils,2,0
cling,7,math,org.apache.commons.math.linear.RealMatrixImpl,org.apache.commons.math.util.MathUtils,2,0
cling,8,math,org.apache.commons.math.linear.RealMatrixImpl,org.apache.commons.math.util.MathUtils,2,0
cling,9,math,org.apache.commons.math.linear.RealMatrixImpl,org.apache.commons.math.util.MathUtils,2,0
cling,10,math,org.apache.commons.math.linear.RealMatrixImpl,org.apache.commons.math.util.MathUtils,2,0
cling,11,math,org.apache.commons.math.linear.RealMatrixImpl,org.apache.commons.math.util.MathUtils,2,0
cling,12,math,org.apache.commons.math.linear.RealMatrixImpl,org.apache.commons.math.util.MathUtils,2,0
cling,13,math,org.apache.commons.math.linear.RealMatrixImpl,org.apache.commons.math.util.MathUtils,2,0
cling,14,math,org.apache.commons.math.linear.RealMatrixImpl,org.apache.commons.math.util.MathUtils,2,0
cling,15,math,org.apache.commons.math.linear.RealMatrixImpl,org.apache.commons.math.util.MathUtils,2,0
cling,16,math,org.apache.commons.math.linear.RealMatrixImpl,org.apache.commons.math.util.MathUtils,2,0
cling,17,math,org.apache.commons.math.linear.RealMatrixImpl,org.apache.commons.math.util.MathUtils,2,0
cling,18,math,org.apache.commons.math.linear.RealMatrixImpl,org.apache.commons.math.util.MathUtils,2,0
cling,19,math,org.apache.commons.math.linear.RealMatrixImpl,org.apache.commons.math.util.MathUtils,2,0
cling,20,math,org.apache.commons.math.linear.RealMatrixImpl,org.apache.commons.math.util.MathUtils,2,0
cling,1,math,org.apache.commons.math.stat.descriptive.SummaryStatistics,org.apache.commons.math.util.MathUtils,150,0
cling,2,math,org.apache.commons.math.stat.descriptive.SummaryStatistics,org.apache.commons.math.util.MathUtils,150,0
cling,3,math,org.apache.commons.math.stat.descriptive.SummaryStatistics,org.apache.commons.math.util.MathUtils,150,0
cling,4,math,org.apache.commons.math.stat.descriptive.SummaryStatistics,org.apache.commons.math.util.MathUtils,150,0
cling,5,math,org.apache.commons.math.stat.descriptive.SummaryStatistics,org.apache.commons.math.util.MathUtils,150,0
cling,6,math,org.apache.commons.math.stat.descriptive.SummaryStatistics,org.apache.commons.math.util.MathUtils,150,0
cling,7,math,org.apache.commons.math.stat.descriptive.SummaryStatistics,org.apache.commons.math.util.MathUtils,150,0
cling,8,math,org.apache.commons.math.stat.descriptive.SummaryStatistics,org.apache.commons.math.util.MathUtils,150,0
cling,9,math,org.apache.commons.math.stat.descriptive.SummaryStatistics,org.apache.commons.math.util.MathUtils,150,0
cling,10,math,org.apache.commons.math.stat.descriptive.SummaryStatistics,org.apache.commons.math.util.MathUtils,150,0
cling,11,math,org.apache.commons.math.stat.descriptive.SummaryStatistics,org.apache.commons.math.util.MathUtils,150,0
cling,12,math,org.apache.commons.math.stat.descriptive.SummaryStatistics,org.apache.commons.math.util.MathUtils,150,0
cling,13,math,org.apache.commons.math.stat.descriptive.SummaryStatistics,org.apache.commons.math.util.MathUtils,150,0
cling,14,math,org.apache.commons.math.stat.descriptive.SummaryStatistics,org.apache.commons.math.util.MathUtils,150,0
cling,15,math,org.apache.commons.math.stat.descriptive.SummaryStatistics,org.apache.commons.math.util.MathUtils,150,0
cling,16,math,org.apache.commons.math.stat.descriptive.SummaryStatistics,org.apache.commons.math.util.MathUtils,150,0
cling,17,math,org.apache.commons.math.stat.descriptive.SummaryStatistics,org.apache.commons.math.util.MathUtils,150,0
cling,18,math,org.apache.commons.math.stat.descriptive.SummaryStatistics,org.apache.commons.math.util.MathUtils,150,0
cling,19,math,org.apache.commons.math.stat.descriptive.SummaryStatistics,org.apache.commons.math.util.MathUtils,150,0
cling,20,math,org.apache.commons.math.stat.descriptive.SummaryStatistics,org.apache.commons.math.util.MathUtils,150,0
cling,1,math,org.apache.commons.math.stat.descriptive.DescriptiveStatistics,org.apache.commons.math.util.ResizableDoubleArray,122,114
cling,2,math,org.apache.commons.math.stat.descriptive.DescriptiveStatistics,org.apache.commons.math.util.ResizableDoubleArray,122,114
cling,3,math,org.apache.commons.math.stat.descriptive.DescriptiveStatistics,org.apache.commons.math.util.ResizableDoubleArray,122,90
cling,4,math,org.apache.commons.math.stat.descriptive.DescriptiveStatistics,org.apache.commons.math.util.ResizableDoubleArray,122,114
cling,5,math,org.apache.commons.math.stat.descriptive.DescriptiveStatistics,org.apache.commons.math.util.ResizableDoubleArray,122,113
cling,6,math,org.apache.commons.math.stat.descriptive.DescriptiveStatistics,org.apache.commons.math.util.ResizableDoubleArray,122,40
cling,7,math,org.apache.commons.math.stat.descriptive.DescriptiveStatistics,org.apache.commons.math.util.ResizableDoubleArray,122,114
cling,8,math,org.apache.commons.math.stat.descriptive.DescriptiveStatistics,org.apache.commons.math.util.ResizableDoubleArray,122,38
cling,9,math,org.apache.commons.math.stat.descriptive.DescriptiveStatistics,org.apache.commons.math.util.ResizableDoubleArray,122,114
cling,10,math,org.apache.commons.math.stat.descriptive.DescriptiveStatistics,org.apache.commons.math.util.ResizableDoubleArray,122,65
cling,11,math,org.apache.commons.math.stat.descriptive.DescriptiveStatistics,org.apache.commons.math.util.ResizableDoubleArray,122,114
cling,12,math,org.apache.commons.math.stat.descriptive.DescriptiveStatistics,org.apache.commons.math.util.ResizableDoubleArray,122,35
cling,13,math,org.apache.commons.math.stat.descriptive.DescriptiveStatistics,org.apache.commons.math.util.ResizableDoubleArray,122,31
cling,14,math,org.apache.commons.math.stat.descriptive.DescriptiveStatistics,org.apache.commons.math.util.ResizableDoubleArray,122,21
cling,15,math,org.apache.commons.math.stat.descriptive.DescriptiveStatistics,org.apache.commons.math.util.ResizableDoubleArray,122,114
cling,16,math,org.apache.commons.math.stat.descriptive.DescriptiveStatistics,org.apache.commons.math.util.ResizableDoubleArray,122,114
cling,17,math,org.apache.commons.math.stat.descriptive.DescriptiveStatistics,org.apache.commons.math.util.ResizableDoubleArray,122,114
cling,18,math,org.apache.commons.math.stat.descriptive.DescriptiveStatistics,org.apache.commons.math.util.ResizableDoubleArray,-1,0
cling,19,math,org.apache.commons.math.stat.descriptive.DescriptiveStatistics,org.apache.commons.math.util.ResizableDoubleArray,-1,0
cling,20,math,org.apache.commons.math.stat.descriptive.DescriptiveStatistics,org.apache.commons.math.util.ResizableDoubleArray,-1,0
cling,1,math,org.apache.commons.math.transform.FastFourierTransformer,org.apache.commons.math.complex.Complex,-1,0
cling,2,math,org.apache.commons.math.transform.FastFourierTransformer,org.apache.commons.math.complex.Complex,-1,0
cling,3,math,org.apache.commons.math.transform.FastFourierTransformer,org.apache.commons.math.complex.Complex,430,333
cling,4,math,org.apache.commons.math.transform.FastFourierTransformer,org.apache.commons.math.complex.Complex,430,389
cling,5,math,org.apache.commons.math.transform.FastFourierTransformer,org.apache.commons.math.complex.Complex,430,331
cling,6,math,org.apache.commons.math.transform.FastFourierTransformer,org.apache.commons.math.complex.Complex,430,333
cling,7,math,org.apache.commons.math.transform.FastFourierTransformer,org.apache.commons.math.complex.Complex,430,332
cling,8,math,org.apache.commons.math.transform.FastFourierTransformer,org.apache.commons.math.complex.Complex,430,333
cling,9,math,org.apache.commons.math.transform.FastFourierTransformer,org.apache.commons.math.complex.Complex,430,312
cling,10,math,org.apache.commons.math.transform.FastFourierTransformer,org.apache.commons.math.complex.Complex,430,333
cling,11,math,org.apache.commons.math.transform.FastFourierTransformer,org.apache.commons.math.complex.Complex,430,390
cling,12,math,org.apache.commons.math.transform.FastFourierTransformer,org.apache.commons.math.complex.Complex,430,393
cling,13,math,org.apache.commons.math.transform.FastFourierTransformer,org.apache.commons.math.complex.Complex,430,342
cling,14,math,org.apache.commons.math.transform.FastFourierTransformer,org.apache.commons.math.complex.Complex,430,333
cling,15,math,org.apache.commons.math.transform.FastFourierTransformer,org.apache.commons.math.complex.Complex,430,391
cling,16,math,org.apache.commons.math.transform.FastFourierTransformer,org.apache.commons.math.complex.Complex,430,386
cling,17,math,org.apache.commons.math.transform.FastFourierTransformer,org.apache.commons.math.complex.Complex,430,392
cling,18,math,org.apache.commons.math.transform.FastFourierTransformer,org.apache.commons.math.complex.Complex,430,391
cling,19,math,org.apache.commons.math.transform.FastFourierTransformer,org.apache.commons.math.complex.Complex,430,393
cling,20,math,org.apache.commons.math.transform.FastFourierTransformer,org.apache.commons.math.complex.Complex,430,393
cling,1,math,org.apache.commons.math.linear.MatrixUtils,org.apache.commons.math.linear.BigMatrixImpl,-1,0
cling,2,math,org.apache.commons.math.linear.MatrixUtils,org.apache.commons.math.linear.BigMatrixImpl,82,22
cling,3,math,org.apache.commons.math.linear.MatrixUtils,org.apache.commons.math.linear.BigMatrixImpl,-1,0
cling,4,math,org.apache.commons.math.linear.MatrixUtils,org.apache.commons.math.linear.BigMatrixImpl,82,22
cling,5,math,org.apache.commons.math.linear.MatrixUtils,org.apache.commons.math.linear.BigMatrixImpl,-1,0
cling,6,math,org.apache.commons.math.linear.MatrixUtils,org.apache.commons.math.linear.BigMatrixImpl,82,22
cling,7,math,org.apache.commons.math.linear.MatrixUtils,org.apache.commons.math.linear.BigMatrixImpl,82,22
cling,8,math,org.apache.commons.math.linear.MatrixUtils,org.apache.commons.math.linear.BigMatrixImpl,-1,0
cling,9,math,org.apache.commons.math.linear.MatrixUtils,org.apache.commons.math.linear.BigMatrixImpl,82,22
cling,10,math,org.apache.commons.math.linear.MatrixUtils,org.apache.commons.math.linear.BigMatrixImpl,82,22
cling,11,math,org.apache.commons.math.linear.MatrixUtils,org.apache.commons.math.linear.BigMatrixImpl,82,22
cling,12,math,org.apache.commons.math.linear.MatrixUtils,org.apache.commons.math.linear.BigMatrixImpl,82,22
cling,13,math,org.apache.commons.math.linear.MatrixUtils,org.apache.commons.math.linear.BigMatrixImpl,82,22
cling,14,math,org.apache.commons.math.linear.MatrixUtils,org.apache.commons.math.linear.BigMatrixImpl,82,22
cling,15,math,org.apache.commons.math.linear.MatrixUtils,org.apache.commons.math.linear.BigMatrixImpl,82,22
cling,16,math,org.apache.commons.math.linear.MatrixUtils,org.apache.commons.math.linear.BigMatrixImpl,82,22
cling,17,math,org.apache.commons.math.linear.MatrixUtils,org.apache.commons.math.linear.BigMatrixImpl,82,0
cling,18,math,org.apache.commons.math.linear.MatrixUtils,org.apache.commons.math.linear.BigMatrixImpl,82,22
cling,19,math,org.apache.commons.math.linear.MatrixUtils,org.apache.commons.math.linear.BigMatrixImpl,82,21
cling,20,math,org.apache.commons.math.linear.MatrixUtils,org.apache.commons.math.linear.BigMatrixImpl,82,18
cling,1,math,org.apache.commons.math.ode.ContinuousOutputModel,org.apache.commons.math.ode.AbstractStepInterpolator,62,38
cling,2,math,org.apache.commons.math.ode.ContinuousOutputModel,org.apache.commons.math.ode.AbstractStepInterpolator,62,38
cling,3,math,org.apache.commons.math.ode.ContinuousOutputModel,org.apache.commons.math.ode.AbstractStepInterpolator,62,38
cling,4,math,org.apache.commons.math.ode.ContinuousOutputModel,org.apache.commons.math.ode.AbstractStepInterpolator,62,38
cling,5,math,org.apache.commons.math.ode.ContinuousOutputModel,org.apache.commons.math.ode.AbstractStepInterpolator,62,38
cling,6,math,org.apache.commons.math.ode.ContinuousOutputModel,org.apache.commons.math.ode.AbstractStepInterpolator,62,38
cling,7,math,org.apache.commons.math.ode.ContinuousOutputModel,org.apache.commons.math.ode.AbstractStepInterpolator,62,38
cling,8,math,org.apache.commons.math.ode.ContinuousOutputModel,org.apache.commons.math.ode.AbstractStepInterpolator,62,38
cling,9,math,org.apache.commons.math.ode.ContinuousOutputModel,org.apache.commons.math.ode.AbstractStepInterpolator,62,38
cling,10,math,org.apache.commons.math.ode.ContinuousOutputModel,org.apache.commons.math.ode.AbstractStepInterpolator,62,38
cling,11,math,org.apache.commons.math.ode.ContinuousOutputModel,org.apache.commons.math.ode.AbstractStepInterpolator,62,38
cling,12,math,org.apache.commons.math.ode.ContinuousOutputModel,org.apache.commons.math.ode.AbstractStepInterpolator,62,38
cling,13,math,org.apache.commons.math.ode.ContinuousOutputModel,org.apache.commons.math.ode.AbstractStepInterpolator,62,38
cling,14,math,org.apache.commons.math.ode.ContinuousOutputModel,org.apache.commons.math.ode.AbstractStepInterpolator,62,38
cling,15,math,org.apache.commons.math.ode.ContinuousOutputModel,org.apache.commons.math.ode.AbstractStepInterpolator,62,35
cling,16,math,org.apache.commons.math.ode.ContinuousOutputModel,org.apache.commons.math.ode.AbstractStepInterpolator,62,38
cling,17,math,org.apache.commons.math.ode.ContinuousOutputModel,org.apache.commons.math.ode.AbstractStepInterpolator,62,38
cling,18,math,org.apache.commons.math.ode.ContinuousOutputModel,org.apache.commons.math.ode.AbstractStepInterpolator,62,38
cling,19,math,org.apache.commons.math.ode.ContinuousOutputModel,org.apache.commons.math.ode.AbstractStepInterpolator,62,38
cling,20,math,org.apache.commons.math.ode.ContinuousOutputModel,org.apache.commons.math.ode.AbstractStepInterpolator,62,37
cling,1,math,org.apache.commons.math.ode.SwitchingFunctionsHandler,org.apache.commons.math.ode.SwitchState,311,145
cling,2,math,org.apache.commons.math.ode.SwitchingFunctionsHandler,org.apache.commons.math.ode.SwitchState,311,154
cling,3,math,org.apache.commons.math.ode.SwitchingFunctionsHandler,org.apache.commons.math.ode.SwitchState,311,122
cling,4,math,org.apache.commons.math.ode.SwitchingFunctionsHandler,org.apache.commons.math.ode.SwitchState,311,120
cling,5,math,org.apache.commons.math.ode.SwitchingFunctionsHandler,org.apache.commons.math.ode.SwitchState,311,156
cling,6,math,org.apache.commons.math.ode.SwitchingFunctionsHandler,org.apache.commons.math.ode.SwitchState,311,121
cling,7,math,org.apache.commons.math.ode.SwitchingFunctionsHandler,org.apache.commons.math.ode.SwitchState,311,121
cling,8,math,org.apache.commons.math.ode.SwitchingFunctionsHandler,org.apache.commons.math.ode.SwitchState,311,156
cling,9,math,org.apache.commons.math.ode.SwitchingFunctionsHandler,org.apache.commons.math.ode.SwitchState,311,120
cling,10,math,org.apache.commons.math.ode.SwitchingFunctionsHandler,org.apache.commons.math.ode.SwitchState,311,120
cling,11,math,org.apache.commons.math.ode.SwitchingFunctionsHandler,org.apache.commons.math.ode.SwitchState,311,121
cling,12,math,org.apache.commons.math.ode.SwitchingFunctionsHandler,org.apache.commons.math.ode.SwitchState,311,155
cling,13,math,org.apache.commons.math.ode.SwitchingFunctionsHandler,org.apache.commons.math.ode.SwitchState,311,150
cling,14,math,org.apache.commons.math.ode.SwitchingFunctionsHandler,org.apache.commons.math.ode.SwitchState,311,156
cling,15,math,org.apache.commons.math.ode.SwitchingFunctionsHandler,org.apache.commons.math.ode.SwitchState,311,121
cling,16,math,org.apache.commons.math.ode.SwitchingFunctionsHandler,org.apache.commons.math.ode.SwitchState,311,157
cling,17,math,org.apache.commons.math.ode.SwitchingFunctionsHandler,org.apache.commons.math.ode.SwitchState,311,121
cling,18,math,org.apache.commons.math.ode.SwitchingFunctionsHandler,org.apache.commons.math.ode.SwitchState,311,146
cling,19,math,org.apache.commons.math.ode.SwitchingFunctionsHandler,org.apache.commons.math.ode.SwitchState,311,121
cling,20,math,org.apache.commons.math.ode.SwitchingFunctionsHandler,org.apache.commons.math.ode.SwitchState,311,95
cling,1,math,org.apache.commons.math.ode.GraggBulirschStoerIntegrator,org.apache.commons.math.ode.SwitchingFunctionsHandler,315,176
cling,2,math,org.apache.commons.math.ode.GraggBulirschStoerIntegrator,org.apache.commons.math.ode.SwitchingFunctionsHandler,315,194
cling,3,math,org.apache.commons.math.ode.GraggBulirschStoerIntegrator,org.apache.commons.math.ode.SwitchingFunctionsHandler,315,234
cling,4,math,org.apache.commons.math.ode.GraggBulirschStoerIntegrator,org.apache.commons.math.ode.SwitchingFunctionsHandler,315,197
cling,5,math,org.apache.commons.math.ode.GraggBulirschStoerIntegrator,org.apache.commons.math.ode.SwitchingFunctionsHandler,315,178
cling,6,math,org.apache.commons.math.ode.GraggBulirschStoerIntegrator,org.apache.commons.math.ode.SwitchingFunctionsHandler,315,188
cling,7,math,org.apache.commons.math.ode.GraggBulirschStoerIntegrator,org.apache.commons.math.ode.SwitchingFunctionsHandler,315,235
cling,8,math,org.apache.commons.math.ode.GraggBulirschStoerIntegrator,org.apache.commons.math.ode.SwitchingFunctionsHandler,315,217
cling,9,math,org.apache.commons.math.ode.GraggBulirschStoerIntegrator,org.apache.commons.math.ode.SwitchingFunctionsHandler,315,176
cling,10,math,org.apache.commons.math.ode.GraggBulirschStoerIntegrator,org.apache.commons.math.ode.SwitchingFunctionsHandler,315,188
cling,11,math,org.apache.commons.math.ode.GraggBulirschStoerIntegrator,org.apache.commons.math.ode.SwitchingFunctionsHandler,315,200
cling,12,math,org.apache.commons.math.ode.GraggBulirschStoerIntegrator,org.apache.commons.math.ode.SwitchingFunctionsHandler,315,194
cling,13,math,org.apache.commons.math.ode.GraggBulirschStoerIntegrator,org.apache.commons.math.ode.SwitchingFunctionsHandler,315,210
cling,14,math,org.apache.commons.math.ode.GraggBulirschStoerIntegrator,org.apache.commons.math.ode.SwitchingFunctionsHandler,315,198
cling,15,math,org.apache.commons.math.ode.GraggBulirschStoerIntegrator,org.apache.commons.math.ode.SwitchingFunctionsHandler,315,199
cling,16,math,org.apache.commons.math.ode.GraggBulirschStoerIntegrator,org.apache.commons.math.ode.SwitchingFunctionsHandler,315,197
cling,17,math,org.apache.commons.math.ode.GraggBulirschStoerIntegrator,org.apache.commons.math.ode.SwitchingFunctionsHandler,315,210
cling,18,math,org.apache.commons.math.ode.GraggBulirschStoerIntegrator,org.apache.commons.math.ode.SwitchingFunctionsHandler,315,194
cling,19,math,org.apache.commons.math.ode.GraggBulirschStoerIntegrator,org.apache.commons.math.ode.SwitchingFunctionsHandler,315,195
cling,20,math,org.apache.commons.math.ode.GraggBulirschStoerIntegrator,org.apache.commons.math.ode.SwitchingFunctionsHandler,315,197
cling,1,math,org.apache.commons.math.stat.inference.TTestImpl,org.apache.commons.math.stat.StatUtils,118,93
cling,2,math,org.apache.commons.math.stat.inference.TTestImpl,org.apache.commons.math.stat.StatUtils,118,93
cling,3,math,org.apache.commons.math.stat.inference.TTestImpl,org.apache.commons.math.stat.StatUtils,118,93
cling,4,math,org.apache.commons.math.stat.inference.TTestImpl,org.apache.commons.math.stat.StatUtils,118,93
cling,5,math,org.apache.commons.math.stat.inference.TTestImpl,org.apache.commons.math.stat.StatUtils,118,93
cling,6,math,org.apache.commons.math.stat.inference.TTestImpl,org.apache.commons.math.stat.StatUtils,118,93
cling,7,math,org.apache.commons.math.stat.inference.TTestImpl,org.apache.commons.math.stat.StatUtils,118,93
cling,8,math,org.apache.commons.math.stat.inference.TTestImpl,org.apache.commons.math.stat.StatUtils,118,93
cling,9,math,org.apache.commons.math.stat.inference.TTestImpl,org.apache.commons.math.stat.StatUtils,118,93
cling,10,math,org.apache.commons.math.stat.inference.TTestImpl,org.apache.commons.math.stat.StatUtils,118,93
cling,11,math,org.apache.commons.math.stat.inference.TTestImpl,org.apache.commons.math.stat.StatUtils,118,86
cling,12,math,org.apache.commons.math.stat.inference.TTestImpl,org.apache.commons.math.stat.StatUtils,118,93
cling,13,math,org.apache.commons.math.stat.inference.TTestImpl,org.apache.commons.math.stat.StatUtils,118,92
cling,14,math,org.apache.commons.math.stat.inference.TTestImpl,org.apache.commons.math.stat.StatUtils,118,93
cling,15,math,org.apache.commons.math.stat.inference.TTestImpl,org.apache.commons.math.stat.StatUtils,118,93
cling,16,math,org.apache.commons.math.stat.inference.TTestImpl,org.apache.commons.math.stat.StatUtils,118,93
cling,17,math,org.apache.commons.math.stat.inference.TTestImpl,org.apache.commons.math.stat.StatUtils,118,93
cling,18,math,org.apache.commons.math.stat.inference.TTestImpl,org.apache.commons.math.stat.StatUtils,118,93
cling,19,math,org.apache.commons.math.stat.inference.TTestImpl,org.apache.commons.math.stat.StatUtils,118,93
cling,20,math,org.apache.commons.math.stat.inference.TTestImpl,org.apache.commons.math.stat.StatUtils,118,93
cling,1,math,org.apache.commons.math.random.EmpiricalDistributionImpl,org.apache.commons.math.stat.descriptive.SummaryStatistics,82,10
cling,2,math,org.apache.commons.math.random.EmpiricalDistributionImpl,org.apache.commons.math.stat.descriptive.SummaryStatistics,82,10
cling,3,math,org.apache.commons.math.random.EmpiricalDistributionImpl,org.apache.commons.math.stat.descriptive.SummaryStatistics,82,10
cling,4,math,org.apache.commons.math.random.EmpiricalDistributionImpl,org.apache.commons.math.stat.descriptive.SummaryStatistics,82,10
cling,5,math,org.apache.commons.math.random.EmpiricalDistributionImpl,org.apache.commons.math.stat.descriptive.SummaryStatistics,82,10
cling,6,math,org.apache.commons.math.random.EmpiricalDistributionImpl,org.apache.commons.math.stat.descriptive.SummaryStatistics,82,10
cling,7,math,org.apache.commons.math.random.EmpiricalDistributionImpl,org.apache.commons.math.stat.descriptive.SummaryStatistics,82,10
cling,8,math,org.apache.commons.math.random.EmpiricalDistributionImpl,org.apache.commons.math.stat.descriptive.SummaryStatistics,82,10
cling,9,math,org.apache.commons.math.random.EmpiricalDistributionImpl,org.apache.commons.math.stat.descriptive.SummaryStatistics,82,10
cling,10,math,org.apache.commons.math.random.EmpiricalDistributionImpl,org.apache.commons.math.stat.descriptive.SummaryStatistics,82,10
cling,11,math,org.apache.commons.math.random.EmpiricalDistributionImpl,org.apache.commons.math.stat.descriptive.SummaryStatistics,82,10
cling,12,math,org.apache.commons.math.random.EmpiricalDistributionImpl,org.apache.commons.math.stat.descriptive.SummaryStatistics,82,10
cling,13,math,org.apache.commons.math.random.EmpiricalDistributionImpl,org.apache.commons.math.stat.descriptive.SummaryStatistics,82,10
cling,14,math,org.apache.commons.math.random.EmpiricalDistributionImpl,org.apache.commons.math.stat.descriptive.SummaryStatistics,82,10
cling,15,math,org.apache.commons.math.random.EmpiricalDistributionImpl,org.apache.commons.math.stat.descriptive.SummaryStatistics,82,10
cling,16,math,org.apache.commons.math.random.EmpiricalDistributionImpl,org.apache.commons.math.stat.descriptive.SummaryStatistics,82,10
cling,17,math,org.apache.commons.math.random.EmpiricalDistributionImpl,org.apache.commons.math.stat.descriptive.SummaryStatistics,82,10
cling,18,math,org.apache.commons.math.random.EmpiricalDistributionImpl,org.apache.commons.math.stat.descriptive.SummaryStatistics,82,10
cling,19,math,org.apache.commons.math.random.EmpiricalDistributionImpl,org.apache.commons.math.stat.descriptive.SummaryStatistics,82,10
cling,20,math,org.apache.commons.math.random.EmpiricalDistributionImpl,org.apache.commons.math.stat.descriptive.SummaryStatistics,82,10
cling,1,math,org.apache.commons.math.geometry.Rotation,org.apache.commons.math.geometry.Vector3D,106,105
cling,2,math,org.apache.commons.math.geometry.Rotation,org.apache.commons.math.geometry.Vector3D,106,105
cling,3,math,org.apache.commons.math.geometry.Rotation,org.apache.commons.math.geometry.Vector3D,106,105
cling,4,math,org.apache.commons.math.geometry.Rotation,org.apache.commons.math.geometry.Vector3D,106,104
cling,5,math,org.apache.commons.math.geometry.Rotation,org.apache.commons.math.geometry.Vector3D,106,105
cling,6,math,org.apache.commons.math.geometry.Rotation,org.apache.commons.math.geometry.Vector3D,106,105
cling,7,math,org.apache.commons.math.geometry.Rotation,org.apache.commons.math.geometry.Vector3D,106,104
cling,8,math,org.apache.commons.math.geometry.Rotation,org.apache.commons.math.geometry.Vector3D,106,105
cling,9,math,org.apache.commons.math.geometry.Rotation,org.apache.commons.math.geometry.Vector3D,106,105
cling,10,math,org.apache.commons.math.geometry.Rotation,org.apache.commons.math.geometry.Vector3D,106,105
cling,11,math,org.apache.commons.math.geometry.Rotation,org.apache.commons.math.geometry.Vector3D,106,105
cling,12,math,org.apache.commons.math.geometry.Rotation,org.apache.commons.math.geometry.Vector3D,106,105
cling,13,math,org.apache.commons.math.geometry.Rotation,org.apache.commons.math.geometry.Vector3D,106,105
cling,14,math,org.apache.commons.math.geometry.Rotation,org.apache.commons.math.geometry.Vector3D,106,105
cling,15,math,org.apache.commons.math.geometry.Rotation,org.apache.commons.math.geometry.Vector3D,106,105
cling,16,math,org.apache.commons.math.geometry.Rotation,org.apache.commons.math.geometry.Vector3D,106,105
cling,17,math,org.apache.commons.math.geometry.Rotation,org.apache.commons.math.geometry.Vector3D,106,105
cling,18,math,org.apache.commons.math.geometry.Rotation,org.apache.commons.math.geometry.Vector3D,106,105
cling,19,math,org.apache.commons.math.geometry.Rotation,org.apache.commons.math.geometry.Vector3D,-1,0
cling,20,math,org.apache.commons.math.geometry.Rotation,org.apache.commons.math.geometry.Vector3D,-1,0
cling,1,math,org.apache.commons.math.geometry.Rotation,org.apache.commons.math.geometry.CardanEulerSingularityException,71,70
cling,2,math,org.apache.commons.math.geometry.Rotation,org.apache.commons.math.geometry.CardanEulerSingularityException,71,70
cling,3,math,org.apache.commons.math.geometry.Rotation,org.apache.commons.math.geometry.CardanEulerSingularityException,71,70
cling,4,math,org.apache.commons.math.geometry.Rotation,org.apache.commons.math.geometry.CardanEulerSingularityException,71,70
cling,5,math,org.apache.commons.math.geometry.Rotation,org.apache.commons.math.geometry.CardanEulerSingularityException,71,70
cling,6,math,org.apache.commons.math.geometry.Rotation,org.apache.commons.math.geometry.CardanEulerSingularityException,71,70
cling,7,math,org.apache.commons.math.geometry.Rotation,org.apache.commons.math.geometry.CardanEulerSingularityException,71,69
cling,8,math,org.apache.commons.math.geometry.Rotation,org.apache.commons.math.geometry.CardanEulerSingularityException,71,70
cling,9,math,org.apache.commons.math.geometry.Rotation,org.apache.commons.math.geometry.CardanEulerSingularityException,71,70
cling,10,math,org.apache.commons.math.geometry.Rotation,org.apache.commons.math.geometry.CardanEulerSingularityException,71,70
cling,11,math,org.apache.commons.math.geometry.Rotation,org.apache.commons.math.geometry.CardanEulerSingularityException,71,70
cling,12,math,org.apache.commons.math.geometry.Rotation,org.apache.commons.math.geometry.CardanEulerSingularityException,71,70
cling,13,math,org.apache.commons.math.geometry.Rotation,org.apache.commons.math.geometry.CardanEulerSingularityException,71,70
cling,14,math,org.apache.commons.math.geometry.Rotation,org.apache.commons.math.geometry.CardanEulerSingularityException,71,70
cling,15,math,org.apache.commons.math.geometry.Rotation,org.apache.commons.math.geometry.CardanEulerSingularityException,71,69
cling,16,math,org.apache.commons.math.geometry.Rotation,org.apache.commons.math.geometry.CardanEulerSingularityException,71,70
cling,17,math,org.apache.commons.math.geometry.Rotation,org.apache.commons.math.geometry.CardanEulerSingularityException,71,70
cling,18,math,org.apache.commons.math.geometry.Rotation,org.apache.commons.math.geometry.CardanEulerSingularityException,71,69
cling,19,math,org.apache.commons.math.geometry.Rotation,org.apache.commons.math.geometry.CardanEulerSingularityException,71,70
cling,20,math,org.apache.commons.math.geometry.Rotation,org.apache.commons.math.geometry.CardanEulerSingularityException,71,70
cling,1,lang,org.apache.commons.lang3.text.translate.UnicodeEscaper,org.apache.commons.lang3.text.translate.CharSequenceTranslator,9,6
cling,2,lang,org.apache.commons.lang3.text.translate.UnicodeEscaper,org.apache.commons.lang3.text.translate.CharSequenceTranslator,9,8
cling,3,lang,org.apache.commons.lang3.text.translate.UnicodeEscaper,org.apache.commons.lang3.text.translate.CharSequenceTranslator,9,2
cling,4,lang,org.apache.commons.lang3.text.translate.UnicodeEscaper,org.apache.commons.lang3.text.translate.CharSequenceTranslator,9,6
cling,5,lang,org.apache.commons.lang3.text.translate.UnicodeEscaper,org.apache.commons.lang3.text.translate.CharSequenceTranslator,9,6
cling,6,lang,org.apache.commons.lang3.text.translate.UnicodeEscaper,org.apache.commons.lang3.text.translate.CharSequenceTranslator,9,2
cling,7,lang,org.apache.commons.lang3.text.translate.UnicodeEscaper,org.apache.commons.lang3.text.translate.CharSequenceTranslator,9,6
cling,8,lang,org.apache.commons.lang3.text.translate.UnicodeEscaper,org.apache.commons.lang3.text.translate.CharSequenceTranslator,9,2
cling,9,lang,org.apache.commons.lang3.text.translate.UnicodeEscaper,org.apache.commons.lang3.text.translate.CharSequenceTranslator,9,2
cling,10,lang,org.apache.commons.lang3.text.translate.UnicodeEscaper,org.apache.commons.lang3.text.translate.CharSequenceTranslator,9,6
cling,11,lang,org.apache.commons.lang3.text.translate.UnicodeEscaper,org.apache.commons.lang3.text.translate.CharSequenceTranslator,9,6
cling,12,lang,org.apache.commons.lang3.text.translate.UnicodeEscaper,org.apache.commons.lang3.text.translate.CharSequenceTranslator,9,2
cling,13,lang,org.apache.commons.lang3.text.translate.UnicodeEscaper,org.apache.commons.lang3.text.translate.CharSequenceTranslator,9,2
cling,14,lang,org.apache.commons.lang3.text.translate.UnicodeEscaper,org.apache.commons.lang3.text.translate.CharSequenceTranslator,9,2
cling,15,lang,org.apache.commons.lang3.text.translate.UnicodeEscaper,org.apache.commons.lang3.text.translate.CharSequenceTranslator,9,2
cling,16,lang,org.apache.commons.lang3.text.translate.UnicodeEscaper,org.apache.commons.lang3.text.translate.CharSequenceTranslator,9,2
cling,17,lang,org.apache.commons.lang3.text.translate.UnicodeEscaper,org.apache.commons.lang3.text.translate.CharSequenceTranslator,9,6
cling,18,lang,org.apache.commons.lang3.text.translate.UnicodeEscaper,org.apache.commons.lang3.text.translate.CharSequenceTranslator,9,6
cling,19,lang,org.apache.commons.lang3.text.translate.UnicodeEscaper,org.apache.commons.lang3.text.translate.CharSequenceTranslator,9,6
cling,20,lang,org.apache.commons.lang3.text.translate.UnicodeEscaper,org.apache.commons.lang3.text.translate.CharSequenceTranslator,9,2
cling,1,lang,org.apache.commons.lang3.text.StrMatcher,org.apache.commons.lang3.text.StrMatcher$CharMatcher,2,1
cling,2,lang,org.apache.commons.lang3.text.StrMatcher,org.apache.commons.lang3.text.StrMatcher$CharMatcher,2,1
cling,3,lang,org.apache.commons.lang3.text.StrMatcher,org.apache.commons.lang3.text.StrMatcher$CharMatcher,2,1
cling,4,lang,org.apache.commons.lang3.text.StrMatcher,org.apache.commons.lang3.text.StrMatcher$CharMatcher,2,0
cling,5,lang,org.apache.commons.lang3.text.StrMatcher,org.apache.commons.lang3.text.StrMatcher$CharMatcher,2,0
cling,6,lang,org.apache.commons.lang3.text.StrMatcher,org.apache.commons.lang3.text.StrMatcher$CharMatcher,2,1
cling,7,lang,org.apache.commons.lang3.text.StrMatcher,org.apache.commons.lang3.text.StrMatcher$CharMatcher,2,1
cling,8,lang,org.apache.commons.lang3.text.StrMatcher,org.apache.commons.lang3.text.StrMatcher$CharMatcher,2,0
cling,9,lang,org.apache.commons.lang3.text.StrMatcher,org.apache.commons.lang3.text.StrMatcher$CharMatcher,2,1
cling,10,lang,org.apache.commons.lang3.text.StrMatcher,org.apache.commons.lang3.text.StrMatcher$CharMatcher,2,0
cling,11,lang,org.apache.commons.lang3.text.StrMatcher,org.apache.commons.lang3.text.StrMatcher$CharMatcher,2,0
cling,12,lang,org.apache.commons.lang3.text.StrMatcher,org.apache.commons.lang3.text.StrMatcher$CharMatcher,2,1
cling,13,lang,org.apache.commons.lang3.text.StrMatcher,org.apache.commons.lang3.text.StrMatcher$CharMatcher,2,0
cling,14,lang,org.apache.commons.lang3.text.StrMatcher,org.apache.commons.lang3.text.StrMatcher$CharMatcher,2,0
cling,15,lang,org.apache.commons.lang3.text.StrMatcher,org.apache.commons.lang3.text.StrMatcher$CharMatcher,2,0
cling,16,lang,org.apache.commons.lang3.text.StrMatcher,org.apache.commons.lang3.text.StrMatcher$CharMatcher,2,0
cling,17,lang,org.apache.commons.lang3.text.StrMatcher,org.apache.commons.lang3.text.StrMatcher$CharMatcher,2,1
cling,18,lang,org.apache.commons.lang3.text.StrMatcher,org.apache.commons.lang3.text.StrMatcher$CharMatcher,2,1
cling,19,lang,org.apache.commons.lang3.text.StrMatcher,org.apache.commons.lang3.text.StrMatcher$CharMatcher,2,1
cling,20,lang,org.apache.commons.lang3.text.StrMatcher,org.apache.commons.lang3.text.StrMatcher$CharMatcher,2,1
cling,1,lang,org.apache.commons.lang3.concurrent.MultiBackgroundInitializer,org.apache.commons.lang3.concurrent.BackgroundInitializer,45,38
cling,2,lang,org.apache.commons.lang3.concurrent.MultiBackgroundInitializer,org.apache.commons.lang3.concurrent.BackgroundInitializer,45,37
cling,3,lang,org.apache.commons.lang3.concurrent.MultiBackgroundInitializer,org.apache.commons.lang3.concurrent.BackgroundInitializer,45,41
cling,4,lang,org.apache.commons.lang3.concurrent.MultiBackgroundInitializer,org.apache.commons.lang3.concurrent.BackgroundInitializer,45,37
cling,5,lang,org.apache.commons.lang3.concurrent.MultiBackgroundInitializer,org.apache.commons.lang3.concurrent.BackgroundInitializer,45,42
cling,6,lang,org.apache.commons.lang3.concurrent.MultiBackgroundInitializer,org.apache.commons.lang3.concurrent.BackgroundInitializer,45,39
cling,7,lang,org.apache.commons.lang3.concurrent.MultiBackgroundInitializer,org.apache.commons.lang3.concurrent.BackgroundInitializer,45,37
cling,8,lang,org.apache.commons.lang3.concurrent.MultiBackgroundInitializer,org.apache.commons.lang3.concurrent.BackgroundInitializer,45,38
cling,9,lang,org.apache.commons.lang3.concurrent.MultiBackgroundInitializer,org.apache.commons.lang3.concurrent.BackgroundInitializer,45,39
cling,10,lang,org.apache.commons.lang3.concurrent.MultiBackgroundInitializer,org.apache.commons.lang3.concurrent.BackgroundInitializer,45,41
cling,11,lang,org.apache.commons.lang3.concurrent.MultiBackgroundInitializer,org.apache.commons.lang3.concurrent.BackgroundInitializer,45,40
cling,12,lang,org.apache.commons.lang3.concurrent.MultiBackgroundInitializer,org.apache.commons.lang3.concurrent.BackgroundInitializer,45,36
cling,13,lang,org.apache.commons.lang3.concurrent.MultiBackgroundInitializer,org.apache.commons.lang3.concurrent.BackgroundInitializer,45,41
cling,14,lang,org.apache.commons.lang3.concurrent.MultiBackgroundInitializer,org.apache.commons.lang3.concurrent.BackgroundInitializer,45,38
cling,15,lang,org.apache.commons.lang3.concurrent.MultiBackgroundInitializer,org.apache.commons.lang3.concurrent.BackgroundInitializer,45,41
cling,16,lang,org.apache.commons.lang3.concurrent.MultiBackgroundInitializer,org.apache.commons.lang3.concurrent.BackgroundInitializer,45,39
cling,17,lang,org.apache.commons.lang3.concurrent.MultiBackgroundInitializer,org.apache.commons.lang3.concurrent.BackgroundInitializer,45,41
cling,18,lang,org.apache.commons.lang3.concurrent.MultiBackgroundInitializer,org.apache.commons.lang3.concurrent.BackgroundInitializer,45,34
cling,19,lang,org.apache.commons.lang3.concurrent.MultiBackgroundInitializer,org.apache.commons.lang3.concurrent.BackgroundInitializer,45,41
cling,20,lang,org.apache.commons.lang3.concurrent.MultiBackgroundInitializer,org.apache.commons.lang3.concurrent.BackgroundInitializer,45,39
cling,1,lang,org.apache.commons.lang3.builder.ReflectionToStringBuilder,org.apache.commons.lang3.builder.ToStringBuilder,14,13
cling,2,lang,org.apache.commons.lang3.builder.ReflectionToStringBuilder,org.apache.commons.lang3.builder.ToStringBuilder,14,13
cling,3,lang,org.apache.commons.lang3.builder.ReflectionToStringBuilder,org.apache.commons.lang3.builder.ToStringBuilder,14,13
cling,4,lang,org.apache.commons.lang3.builder.ReflectionToStringBuilder,org.apache.commons.lang3.builder.ToStringBuilder,14,13
cling,5,lang,org.apache.commons.lang3.builder.ReflectionToStringBuilder,org.apache.commons.lang3.builder.ToStringBuilder,14,13
cling,6,lang,org.apache.commons.lang3.builder.ReflectionToStringBuilder,org.apache.commons.lang3.builder.ToStringBuilder,14,13
cling,7,lang,org.apache.commons.lang3.builder.ReflectionToStringBuilder,org.apache.commons.lang3.builder.ToStringBuilder,14,13
cling,8,lang,org.apache.commons.lang3.builder.ReflectionToStringBuilder,org.apache.commons.lang3.builder.ToStringBuilder,14,13
cling,9,lang,org.apache.commons.lang3.builder.ReflectionToStringBuilder,org.apache.commons.lang3.builder.ToStringBuilder,14,13
cling,10,lang,org.apache.commons.lang3.builder.ReflectionToStringBuilder,org.apache.commons.lang3.builder.ToStringBuilder,14,13
cling,11,lang,org.apache.commons.lang3.builder.ReflectionToStringBuilder,org.apache.commons.lang3.builder.ToStringBuilder,14,13
cling,12,lang,org.apache.commons.lang3.builder.ReflectionToStringBuilder,org.apache.commons.lang3.builder.ToStringBuilder,14,13
cling,13,lang,org.apache.commons.lang3.builder.ReflectionToStringBuilder,org.apache.commons.lang3.builder.ToStringBuilder,14,13
cling,14,lang,org.apache.commons.lang3.builder.ReflectionToStringBuilder,org.apache.commons.lang3.builder.ToStringBuilder,14,13
cling,15,lang,org.apache.commons.lang3.builder.ReflectionToStringBuilder,org.apache.commons.lang3.builder.ToStringBuilder,14,13
cling,16,lang,org.apache.commons.lang3.builder.ReflectionToStringBuilder,org.apache.commons.lang3.builder.ToStringBuilder,14,13
cling,17,lang,org.apache.commons.lang3.builder.ReflectionToStringBuilder,org.apache.commons.lang3.builder.ToStringBuilder,14,13
cling,18,lang,org.apache.commons.lang3.builder.ReflectionToStringBuilder,org.apache.commons.lang3.builder.ToStringBuilder,14,13
cling,19,lang,org.apache.commons.lang3.builder.ReflectionToStringBuilder,org.apache.commons.lang3.builder.ToStringBuilder,14,13
cling,20,lang,org.apache.commons.lang3.builder.ReflectionToStringBuilder,org.apache.commons.lang3.builder.ToStringBuilder,14,12
cling,1,lang,org.apache.commons.lang3.CharUtils,org.apache.commons.lang3.StringUtils,28,4
cling,2,lang,org.apache.commons.lang3.CharUtils,org.apache.commons.lang3.StringUtils,28,4
cling,3,lang,org.apache.commons.lang3.CharUtils,org.apache.commons.lang3.StringUtils,28,4
cling,4,lang,org.apache.commons.lang3.CharUtils,org.apache.commons.lang3.StringUtils,28,4
cling,5,lang,org.apache.commons.lang3.CharUtils,org.apache.commons.lang3.StringUtils,28,4
cling,6,lang,org.apache.commons.lang3.CharUtils,org.apache.commons.lang3.StringUtils,28,4
cling,7,lang,org.apache.commons.lang3.CharUtils,org.apache.commons.lang3.StringUtils,28,4
cling,8,lang,org.apache.commons.lang3.CharUtils,org.apache.commons.lang3.StringUtils,28,4
cling,9,lang,org.apache.commons.lang3.CharUtils,org.apache.commons.lang3.StringUtils,28,4
cling,10,lang,org.apache.commons.lang3.CharUtils,org.apache.commons.lang3.StringUtils,28,4
cling,11,lang,org.apache.commons.lang3.CharUtils,org.apache.commons.lang3.StringUtils,28,4
cling,12,lang,org.apache.commons.lang3.CharUtils,org.apache.commons.lang3.StringUtils,28,4
cling,13,lang,org.apache.commons.lang3.CharUtils,org.apache.commons.lang3.StringUtils,28,4
cling,14,lang,org.apache.commons.lang3.CharUtils,org.apache.commons.lang3.StringUtils,28,4
cling,15,lang,org.apache.commons.lang3.CharUtils,org.apache.commons.lang3.StringUtils,28,4
cling,16,lang,org.apache.commons.lang3.CharUtils,org.apache.commons.lang3.StringUtils,28,4
cling,17,lang,org.apache.commons.lang3.CharUtils,org.apache.commons.lang3.StringUtils,28,4
cling,18,lang,org.apache.commons.lang3.CharUtils,org.apache.commons.lang3.StringUtils,28,4
cling,19,lang,org.apache.commons.lang3.CharUtils,org.apache.commons.lang3.StringUtils,28,4
cling,20,lang,org.apache.commons.lang3.CharUtils,org.apache.commons.lang3.StringUtils,28,4
cling,1,lang,org.apache.commons.lang3.ClassUtils,org.apache.commons.lang3.StringUtils,348,0
cling,2,lang,org.apache.commons.lang3.ClassUtils,org.apache.commons.lang3.StringUtils,348,0
cling,3,lang,org.apache.commons.lang3.ClassUtils,org.apache.commons.lang3.StringUtils,348,0
cling,4,lang,org.apache.commons.lang3.ClassUtils,org.apache.commons.lang3.StringUtils,348,0
cling,5,lang,org.apache.commons.lang3.ClassUtils,org.apache.commons.lang3.StringUtils,348,0
cling,6,lang,org.apache.commons.lang3.ClassUtils,org.apache.commons.lang3.StringUtils,348,0
cling,7,lang,org.apache.commons.lang3.ClassUtils,org.apache.commons.lang3.StringUtils,348,0
cling,8,lang,org.apache.commons.lang3.ClassUtils,org.apache.commons.lang3.StringUtils,348,0
cling,9,lang,org.apache.commons.lang3.ClassUtils,org.apache.commons.lang3.StringUtils,348,0
cling,10,lang,org.apache.commons.lang3.ClassUtils,org.apache.commons.lang3.StringUtils,348,0
cling,11,lang,org.apache.commons.lang3.ClassUtils,org.apache.commons.lang3.StringUtils,348,0
cling,12,lang,org.apache.commons.lang3.ClassUtils,org.apache.commons.lang3.StringUtils,348,0
cling,13,lang,org.apache.commons.lang3.ClassUtils,org.apache.commons.lang3.StringUtils,348,0
cling,14,lang,org.apache.commons.lang3.ClassUtils,org.apache.commons.lang3.StringUtils,348,0
cling,15,lang,org.apache.commons.lang3.ClassUtils,org.apache.commons.lang3.StringUtils,348,0
cling,16,lang,org.apache.commons.lang3.ClassUtils,org.apache.commons.lang3.StringUtils,348,0
cling,17,lang,org.apache.commons.lang3.ClassUtils,org.apache.commons.lang3.StringUtils,348,0
cling,18,lang,org.apache.commons.lang3.ClassUtils,org.apache.commons.lang3.StringUtils,348,0
cling,19,lang,org.apache.commons.lang3.ClassUtils,org.apache.commons.lang3.StringUtils,348,0
cling,20,lang,org.apache.commons.lang3.ClassUtils,org.apache.commons.lang3.StringUtils,348,0
cling,1,lang,org.apache.commons.lang3.builder.ToStringStyle,org.apache.commons.lang3.ClassUtils,580,20
cling,2,lang,org.apache.commons.lang3.builder.ToStringStyle,org.apache.commons.lang3.ClassUtils,580,18
cling,3,lang,org.apache.commons.lang3.builder.ToStringStyle,org.apache.commons.lang3.ClassUtils,580,20
cling,4,lang,org.apache.commons.lang3.builder.ToStringStyle,org.apache.commons.lang3.ClassUtils,580,20
cling,5,lang,org.apache.commons.lang3.builder.ToStringStyle,org.apache.commons.lang3.ClassUtils,580,20
cling,6,lang,org.apache.commons.lang3.builder.ToStringStyle,org.apache.commons.lang3.ClassUtils,580,20
cling,7,lang,org.apache.commons.lang3.builder.ToStringStyle,org.apache.commons.lang3.ClassUtils,580,20
cling,8,lang,org.apache.commons.lang3.builder.ToStringStyle,org.apache.commons.lang3.ClassUtils,580,20
cling,9,lang,org.apache.commons.lang3.builder.ToStringStyle,org.apache.commons.lang3.ClassUtils,580,20
cling,10,lang,org.apache.commons.lang3.builder.ToStringStyle,org.apache.commons.lang3.ClassUtils,580,20
cling,11,lang,org.apache.commons.lang3.builder.ToStringStyle,org.apache.commons.lang3.ClassUtils,580,20
cling,12,lang,org.apache.commons.lang3.builder.ToStringStyle,org.apache.commons.lang3.ClassUtils,580,20
cling,13,lang,org.apache.commons.lang3.builder.ToStringStyle,org.apache.commons.lang3.ClassUtils,580,20
cling,14,lang,org.apache.commons.lang3.builder.ToStringStyle,org.apache.commons.lang3.ClassUtils,580,20
cling,15,lang,org.apache.commons.lang3.builder.ToStringStyle,org.apache.commons.lang3.ClassUtils,580,20
cling,16,lang,org.apache.commons.lang3.builder.ToStringStyle,org.apache.commons.lang3.ClassUtils,580,19
cling,17,lang,org.apache.commons.lang3.builder.ToStringStyle,org.apache.commons.lang3.ClassUtils,580,19
cling,18,lang,org.apache.commons.lang3.builder.ToStringStyle,org.apache.commons.lang3.ClassUtils,580,20
cling,19,lang,org.apache.commons.lang3.builder.ToStringStyle,org.apache.commons.lang3.ClassUtils,580,20
cling,20,lang,org.apache.commons.lang3.builder.ToStringStyle,org.apache.commons.lang3.ClassUtils,580,20
cling,1,lang,org.apache.commons.lang3.StringUtils,org.apache.commons.lang3.ArrayUtils,310,74
cling,2,lang,org.apache.commons.lang3.StringUtils,org.apache.commons.lang3.ArrayUtils,310,70
cling,3,lang,org.apache.commons.lang3.StringUtils,org.apache.commons.lang3.ArrayUtils,310,73
cling,4,lang,org.apache.commons.lang3.StringUtils,org.apache.commons.lang3.ArrayUtils,310,73
cling,5,lang,org.apache.commons.lang3.StringUtils,org.apache.commons.lang3.ArrayUtils,310,74
cling,6,lang,org.apache.commons.lang3.StringUtils,org.apache.commons.lang3.ArrayUtils,310,72
cling,7,lang,org.apache.commons.lang3.StringUtils,org.apache.commons.lang3.ArrayUtils,310,74
cling,8,lang,org.apache.commons.lang3.StringUtils,org.apache.commons.lang3.ArrayUtils,310,67
cling,9,lang,org.apache.commons.lang3.StringUtils,org.apache.commons.lang3.ArrayUtils,310,72
cling,10,lang,org.apache.commons.lang3.StringUtils,org.apache.commons.lang3.ArrayUtils,310,72
cling,11,lang,org.apache.commons.lang3.StringUtils,org.apache.commons.lang3.ArrayUtils,310,73
cling,12,lang,org.apache.commons.lang3.StringUtils,org.apache.commons.lang3.ArrayUtils,310,68
cling,13,lang,org.apache.commons.lang3.StringUtils,org.apache.commons.lang3.ArrayUtils,310,70
cling,14,lang,org.apache.commons.lang3.StringUtils,org.apache.commons.lang3.ArrayUtils,310,73
cling,15,lang,org.apache.commons.lang3.StringUtils,org.apache.commons.lang3.ArrayUtils,310,72
cling,16,lang,org.apache.commons.lang3.StringUtils,org.apache.commons.lang3.ArrayUtils,310,72
cling,17,lang,org.apache.commons.lang3.StringUtils,org.apache.commons.lang3.ArrayUtils,310,71
cling,18,lang,org.apache.commons.lang3.StringUtils,org.apache.commons.lang3.ArrayUtils,310,73
cling,19,lang,org.apache.commons.lang3.StringUtils,org.apache.commons.lang3.ArrayUtils,310,73
cling,20,lang,org.apache.commons.lang3.StringUtils,org.apache.commons.lang3.ArrayUtils,310,72
cling,1,lang,org.apache.commons.lang3.math.NumberUtils,org.apache.commons.lang3.StringUtils,1564,4
cling,2,lang,org.apache.commons.lang3.math.NumberUtils,org.apache.commons.lang3.StringUtils,1564,4
cling,3,lang,org.apache.commons.lang3.math.NumberUtils,org.apache.commons.lang3.StringUtils,1564,4
cling,4,lang,org.apache.commons.lang3.math.NumberUtils,org.apache.commons.lang3.StringUtils,1564,4
cling,5,lang,org.apache.commons.lang3.math.NumberUtils,org.apache.commons.lang3.StringUtils,1564,4
cling,6,lang,org.apache.commons.lang3.math.NumberUtils,org.apache.commons.lang3.StringUtils,1564,4
cling,7,lang,org.apache.commons.lang3.math.NumberUtils,org.apache.commons.lang3.StringUtils,1564,4
cling,8,lang,org.apache.commons.lang3.math.NumberUtils,org.apache.commons.lang3.StringUtils,1564,4
cling,9,lang,org.apache.commons.lang3.math.NumberUtils,org.apache.commons.lang3.StringUtils,1564,4
cling,10,lang,org.apache.commons.lang3.math.NumberUtils,org.apache.commons.lang3.StringUtils,1564,4
cling,11,lang,org.apache.commons.lang3.math.NumberUtils,org.apache.commons.lang3.StringUtils,1564,4
cling,12,lang,org.apache.commons.lang3.math.NumberUtils,org.apache.commons.lang3.StringUtils,1564,4
cling,13,lang,org.apache.commons.lang3.math.NumberUtils,org.apache.commons.lang3.StringUtils,1564,4
cling,14,lang,org.apache.commons.lang3.math.NumberUtils,org.apache.commons.lang3.StringUtils,1564,4
cling,15,lang,org.apache.commons.lang3.math.NumberUtils,org.apache.commons.lang3.StringUtils,1564,4
cling,16,lang,org.apache.commons.lang3.math.NumberUtils,org.apache.commons.lang3.StringUtils,1564,4
cling,17,lang,org.apache.commons.lang3.math.NumberUtils,org.apache.commons.lang3.StringUtils,1564,4
cling,18,lang,org.apache.commons.lang3.math.NumberUtils,org.apache.commons.lang3.StringUtils,1564,4
cling,19,lang,org.apache.commons.lang3.math.NumberUtils,org.apache.commons.lang3.StringUtils,1564,4
cling,20,lang,org.apache.commons.lang3.math.NumberUtils,org.apache.commons.lang3.StringUtils,1564,4
cling,1,lang,org.apache.commons.lang3.time.DurationFormatUtils,org.apache.commons.lang3.StringUtils,1616,4
cling,2,lang,org.apache.commons.lang3.time.DurationFormatUtils,org.apache.commons.lang3.StringUtils,1616,4
cling,3,lang,org.apache.commons.lang3.time.DurationFormatUtils,org.apache.commons.lang3.StringUtils,1616,4
cling,4,lang,org.apache.commons.lang3.time.DurationFormatUtils,org.apache.commons.lang3.StringUtils,1616,4
cling,5,lang,org.apache.commons.lang3.time.DurationFormatUtils,org.apache.commons.lang3.StringUtils,1616,4
cling,6,lang,org.apache.commons.lang3.time.DurationFormatUtils,org.apache.commons.lang3.StringUtils,1616,4
cling,7,lang,org.apache.commons.lang3.time.DurationFormatUtils,org.apache.commons.lang3.StringUtils,1616,4
cling,8,lang,org.apache.commons.lang3.time.DurationFormatUtils,org.apache.commons.lang3.StringUtils,1616,4
cling,9,lang,org.apache.commons.lang3.time.DurationFormatUtils,org.apache.commons.lang3.StringUtils,1616,4
cling,10,lang,org.apache.commons.lang3.time.DurationFormatUtils,org.apache.commons.lang3.StringUtils,1616,4
cling,11,lang,org.apache.commons.lang3.time.DurationFormatUtils,org.apache.commons.lang3.StringUtils,1616,4
cling,12,lang,org.apache.commons.lang3.time.DurationFormatUtils,org.apache.commons.lang3.StringUtils,1616,4
cling,13,lang,org.apache.commons.lang3.time.DurationFormatUtils,org.apache.commons.lang3.StringUtils,1616,4
cling,14,lang,org.apache.commons.lang3.time.DurationFormatUtils,org.apache.commons.lang3.StringUtils,1616,4
cling,15,lang,org.apache.commons.lang3.time.DurationFormatUtils,org.apache.commons.lang3.StringUtils,1616,4
cling,16,lang,org.apache.commons.lang3.time.DurationFormatUtils,org.apache.commons.lang3.StringUtils,1616,4
cling,17,lang,org.apache.commons.lang3.time.DurationFormatUtils,org.apache.commons.lang3.StringUtils,1616,4
cling,18,lang,org.apache.commons.lang3.time.DurationFormatUtils,org.apache.commons.lang3.StringUtils,1616,4
cling,19,lang,org.apache.commons.lang3.time.DurationFormatUtils,org.apache.commons.lang3.StringUtils,1616,4
cling,20,lang,org.apache.commons.lang3.time.DurationFormatUtils,org.apache.commons.lang3.StringUtils,1616,4
cling,1,lang,org.apache.commons.lang3.ArrayUtils,org.apache.commons.lang3.builder.EqualsBuilder,182,176
cling,2,lang,org.apache.commons.lang3.ArrayUtils,org.apache.commons.lang3.builder.EqualsBuilder,182,178
cling,3,lang,org.apache.commons.lang3.ArrayUtils,org.apache.commons.lang3.builder.EqualsBuilder,182,176
cling,4,lang,org.apache.commons.lang3.ArrayUtils,org.apache.commons.lang3.builder.EqualsBuilder,182,174
cling,5,lang,org.apache.commons.lang3.ArrayUtils,org.apache.commons.lang3.builder.EqualsBuilder,182,172
cling,6,lang,org.apache.commons.lang3.ArrayUtils,org.apache.commons.lang3.builder.EqualsBuilder,182,177
cling,7,lang,org.apache.commons.lang3.ArrayUtils,org.apache.commons.lang3.builder.EqualsBuilder,182,175
cling,8,lang,org.apache.commons.lang3.ArrayUtils,org.apache.commons.lang3.builder.EqualsBuilder,182,179
cling,9,lang,org.apache.commons.lang3.ArrayUtils,org.apache.commons.lang3.builder.EqualsBuilder,182,175
cling,10,lang,org.apache.commons.lang3.ArrayUtils,org.apache.commons.lang3.builder.EqualsBuilder,182,175
cling,11,lang,org.apache.commons.lang3.ArrayUtils,org.apache.commons.lang3.builder.EqualsBuilder,182,171
cling,12,lang,org.apache.commons.lang3.ArrayUtils,org.apache.commons.lang3.builder.EqualsBuilder,182,174
cling,13,lang,org.apache.commons.lang3.ArrayUtils,org.apache.commons.lang3.builder.EqualsBuilder,182,173
cling,14,lang,org.apache.commons.lang3.ArrayUtils,org.apache.commons.lang3.builder.EqualsBuilder,182,178
cling,15,lang,org.apache.commons.lang3.ArrayUtils,org.apache.commons.lang3.builder.EqualsBuilder,182,176
cling,16,lang,org.apache.commons.lang3.ArrayUtils,org.apache.commons.lang3.builder.EqualsBuilder,182,177
cling,17,lang,org.apache.commons.lang3.ArrayUtils,org.apache.commons.lang3.builder.EqualsBuilder,182,177
cling,18,lang,org.apache.commons.lang3.ArrayUtils,org.apache.commons.lang3.builder.EqualsBuilder,182,180
cling,19,lang,org.apache.commons.lang3.ArrayUtils,org.apache.commons.lang3.builder.EqualsBuilder,182,178
cling,20,lang,org.apache.commons.lang3.ArrayUtils,org.apache.commons.lang3.builder.EqualsBuilder,182,176
cling,1,lang,org.apache.commons.lang3.builder.ToStringBuilder,org.apache.commons.lang3.builder.ToStringStyle,241,131
cling,2,lang,org.apache.commons.lang3.builder.ToStringBuilder,org.apache.commons.lang3.builder.ToStringStyle,241,131
cling,3,lang,org.apache.commons.lang3.builder.ToStringBuilder,org.apache.commons.lang3.builder.ToStringStyle,241,131
cling,4,lang,org.apache.commons.lang3.builder.ToStringBuilder,org.apache.commons.lang3.builder.ToStringStyle,241,134
cling,5,lang,org.apache.commons.lang3.builder.ToStringBuilder,org.apache.commons.lang3.builder.ToStringStyle,241,131
cling,6,lang,org.apache.commons.lang3.builder.ToStringBuilder,org.apache.commons.lang3.builder.ToStringStyle,241,131
cling,7,lang,org.apache.commons.lang3.builder.ToStringBuilder,org.apache.commons.lang3.builder.ToStringStyle,241,130
cling,8,lang,org.apache.commons.lang3.builder.ToStringBuilder,org.apache.commons.lang3.builder.ToStringStyle,241,129
cling,9,lang,org.apache.commons.lang3.builder.ToStringBuilder,org.apache.commons.lang3.builder.ToStringStyle,241,131
cling,10,lang,org.apache.commons.lang3.builder.ToStringBuilder,org.apache.commons.lang3.builder.ToStringStyle,241,132
cling,11,lang,org.apache.commons.lang3.builder.ToStringBuilder,org.apache.commons.lang3.builder.ToStringStyle,241,129
cling,12,lang,org.apache.commons.lang3.builder.ToStringBuilder,org.apache.commons.lang3.builder.ToStringStyle,241,132
cling,13,lang,org.apache.commons.lang3.builder.ToStringBuilder,org.apache.commons.lang3.builder.ToStringStyle,241,129
cling,14,lang,org.apache.commons.lang3.builder.ToStringBuilder,org.apache.commons.lang3.builder.ToStringStyle,241,131
cling,15,lang,org.apache.commons.lang3.builder.ToStringBuilder,org.apache.commons.lang3.builder.ToStringStyle,241,130
cling,16,lang,org.apache.commons.lang3.builder.ToStringBuilder,org.apache.commons.lang3.builder.ToStringStyle,241,129
cling,17,lang,org.apache.commons.lang3.builder.ToStringBuilder,org.apache.commons.lang3.builder.ToStringStyle,241,130
cling,18,lang,org.apache.commons.lang3.builder.ToStringBuilder,org.apache.commons.lang3.builder.ToStringStyle,241,132
cling,19,lang,org.apache.commons.lang3.builder.ToStringBuilder,org.apache.commons.lang3.builder.ToStringStyle,241,129
cling,20,lang,org.apache.commons.lang3.builder.ToStringBuilder,org.apache.commons.lang3.builder.ToStringStyle,241,131
cling,1,lang,org.apache.commons.lang3.time.FastDateFormat,org.apache.commons.lang3.time.FastDateFormat$TextField,121,84
cling,2,lang,org.apache.commons.lang3.time.FastDateFormat,org.apache.commons.lang3.time.FastDateFormat$TextField,121,84
cling,3,lang,org.apache.commons.lang3.time.FastDateFormat,org.apache.commons.lang3.time.FastDateFormat$TextField,121,84
cling,4,lang,org.apache.commons.lang3.time.FastDateFormat,org.apache.commons.lang3.time.FastDateFormat$TextField,121,84
cling,5,lang,org.apache.commons.lang3.time.FastDateFormat,org.apache.commons.lang3.time.FastDateFormat$TextField,121,84
cling,6,lang,org.apache.commons.lang3.time.FastDateFormat,org.apache.commons.lang3.time.FastDateFormat$TextField,121,84
cling,7,lang,org.apache.commons.lang3.time.FastDateFormat,org.apache.commons.lang3.time.FastDateFormat$TextField,121,84
cling,8,lang,org.apache.commons.lang3.time.FastDateFormat,org.apache.commons.lang3.time.FastDateFormat$TextField,121,84
cling,9,lang,org.apache.commons.lang3.time.FastDateFormat,org.apache.commons.lang3.time.FastDateFormat$TextField,121,84
cling,10,lang,org.apache.commons.lang3.time.FastDateFormat,org.apache.commons.lang3.time.FastDateFormat$TextField,121,84
cling,11,lang,org.apache.commons.lang3.time.FastDateFormat,org.apache.commons.lang3.time.FastDateFormat$TextField,121,84
cling,12,lang,org.apache.commons.lang3.time.FastDateFormat,org.apache.commons.lang3.time.FastDateFormat$TextField,121,84
cling,13,lang,org.apache.commons.lang3.time.FastDateFormat,org.apache.commons.lang3.time.FastDateFormat$TextField,121,84
cling,14,lang,org.apache.commons.lang3.time.FastDateFormat,org.apache.commons.lang3.time.FastDateFormat$TextField,121,84
cling,15,lang,org.apache.commons.lang3.time.FastDateFormat,org.apache.commons.lang3.time.FastDateFormat$TextField,121,84
cling,16,lang,org.apache.commons.lang3.time.FastDateFormat,org.apache.commons.lang3.time.FastDateFormat$TextField,121,84
cling,17,lang,org.apache.commons.lang3.time.FastDateFormat,org.apache.commons.lang3.time.FastDateFormat$TextField,121,84
cling,18,lang,org.apache.commons.lang3.time.FastDateFormat,org.apache.commons.lang3.time.FastDateFormat$TextField,121,84
cling,19,lang,org.apache.commons.lang3.time.FastDateFormat,org.apache.commons.lang3.time.FastDateFormat$TextField,121,84
cling,20,lang,org.apache.commons.lang3.time.FastDateFormat,org.apache.commons.lang3.time.FastDateFormat$TextField,121,84
cling,1,lang,org.apache.commons.lang3.time.DurationFormatUtils,org.apache.commons.lang3.time.DurationFormatUtils$Token,354,322
cling,2,lang,org.apache.commons.lang3.time.DurationFormatUtils,org.apache.commons.lang3.time.DurationFormatUtils$Token,354,316
cling,3,lang,org.apache.commons.lang3.time.DurationFormatUtils,org.apache.commons.lang3.time.DurationFormatUtils$Token,354,317
cling,4,lang,org.apache.commons.lang3.time.DurationFormatUtils,org.apache.commons.lang3.time.DurationFormatUtils$Token,354,319
cling,5,lang,org.apache.commons.lang3.time.DurationFormatUtils,org.apache.commons.lang3.time.DurationFormatUtils$Token,354,319
cling,6,lang,org.apache.commons.lang3.time.DurationFormatUtils,org.apache.commons.lang3.time.DurationFormatUtils$Token,354,327
cling,7,lang,org.apache.commons.lang3.time.DurationFormatUtils,org.apache.commons.lang3.time.DurationFormatUtils$Token,354,317
cling,8,lang,org.apache.commons.lang3.time.DurationFormatUtils,org.apache.commons.lang3.time.DurationFormatUtils$Token,354,319
cling,9,lang,org.apache.commons.lang3.time.DurationFormatUtils,org.apache.commons.lang3.time.DurationFormatUtils$Token,354,321
cling,10,lang,org.apache.commons.lang3.time.DurationFormatUtils,org.apache.commons.lang3.time.DurationFormatUtils$Token,354,321
cling,11,lang,org.apache.commons.lang3.time.DurationFormatUtils,org.apache.commons.lang3.time.DurationFormatUtils$Token,354,329
cling,12,lang,org.apache.commons.lang3.time.DurationFormatUtils,org.apache.commons.lang3.time.DurationFormatUtils$Token,354,321
cling,13,lang,org.apache.commons.lang3.time.DurationFormatUtils,org.apache.commons.lang3.time.DurationFormatUtils$Token,354,317
cling,14,lang,org.apache.commons.lang3.time.DurationFormatUtils,org.apache.commons.lang3.time.DurationFormatUtils$Token,354,331
cling,15,lang,org.apache.commons.lang3.time.DurationFormatUtils,org.apache.commons.lang3.time.DurationFormatUtils$Token,354,317
cling,16,lang,org.apache.commons.lang3.time.DurationFormatUtils,org.apache.commons.lang3.time.DurationFormatUtils$Token,354,318
cling,17,lang,org.apache.commons.lang3.time.DurationFormatUtils,org.apache.commons.lang3.time.DurationFormatUtils$Token,354,319
cling,18,lang,org.apache.commons.lang3.time.DurationFormatUtils,org.apache.commons.lang3.time.DurationFormatUtils$Token,354,314
cling,19,lang,org.apache.commons.lang3.time.DurationFormatUtils,org.apache.commons.lang3.time.DurationFormatUtils$Token,354,315
cling,20,lang,org.apache.commons.lang3.time.DurationFormatUtils,org.apache.commons.lang3.time.DurationFormatUtils$Token,354,317
cling,1,lang,org.apache.commons.lang3.time.FastDateFormat,org.apache.commons.lang3.time.FastDateFormat$Pair,18,17
cling,2,lang,org.apache.commons.lang3.time.FastDateFormat,org.apache.commons.lang3.time.FastDateFormat$Pair,18,17
cling,3,lang,org.apache.commons.lang3.time.FastDateFormat,org.apache.commons.lang3.time.FastDateFormat$Pair,18,17
cling,4,lang,org.apache.commons.lang3.time.FastDateFormat,org.apache.commons.lang3.time.FastDateFormat$Pair,18,17
cling,5,lang,org.apache.commons.lang3.time.FastDateFormat,org.apache.commons.lang3.time.FastDateFormat$Pair,18,17
cling,6,lang,org.apache.commons.lang3.time.FastDateFormat,org.apache.commons.lang3.time.FastDateFormat$Pair,18,17
cling,7,lang,org.apache.commons.lang3.time.FastDateFormat,org.apache.commons.lang3.time.FastDateFormat$Pair,18,17
cling,8,lang,org.apache.commons.lang3.time.FastDateFormat,org.apache.commons.lang3.time.FastDateFormat$Pair,18,17
cling,9,lang,org.apache.commons.lang3.time.FastDateFormat,org.apache.commons.lang3.time.FastDateFormat$Pair,18,17
cling,10,lang,org.apache.commons.lang3.time.FastDateFormat,org.apache.commons.lang3.time.FastDateFormat$Pair,18,17
cling,11,lang,org.apache.commons.lang3.time.FastDateFormat,org.apache.commons.lang3.time.FastDateFormat$Pair,18,17
cling,12,lang,org.apache.commons.lang3.time.FastDateFormat,org.apache.commons.lang3.time.FastDateFormat$Pair,18,17
cling,13,lang,org.apache.commons.lang3.time.FastDateFormat,org.apache.commons.lang3.time.FastDateFormat$Pair,18,17
cling,14,lang,org.apache.commons.lang3.time.FastDateFormat,org.apache.commons.lang3.time.FastDateFormat$Pair,18,17
cling,15,lang,org.apache.commons.lang3.time.FastDateFormat,org.apache.commons.lang3.time.FastDateFormat$Pair,18,17
cling,16,lang,org.apache.commons.lang3.time.FastDateFormat,org.apache.commons.lang3.time.FastDateFormat$Pair,18,17
cling,17,lang,org.apache.commons.lang3.time.FastDateFormat,org.apache.commons.lang3.time.FastDateFormat$Pair,18,17
cling,18,lang,org.apache.commons.lang3.time.FastDateFormat,org.apache.commons.lang3.time.FastDateFormat$Pair,18,17
cling,19,lang,org.apache.commons.lang3.time.FastDateFormat,org.apache.commons.lang3.time.FastDateFormat$Pair,18,17
cling,20,lang,org.apache.commons.lang3.time.FastDateFormat,org.apache.commons.lang3.time.FastDateFormat$Pair,18,17
cling,1,lang,org.apache.commons.lang3.text.StrBuilder$StrBuilderReader,org.apache.commons.lang3.text.StrBuilder,84,24
cling,2,lang,org.apache.commons.lang3.text.StrBuilder$StrBuilderReader,org.apache.commons.lang3.text.StrBuilder,84,24
cling,3,lang,org.apache.commons.lang3.text.StrBuilder$StrBuilderReader,org.apache.commons.lang3.text.StrBuilder,84,24
cling,4,lang,org.apache.commons.lang3.text.StrBuilder$StrBuilderReader,org.apache.commons.lang3.text.StrBuilder,84,24
cling,5,lang,org.apache.commons.lang3.text.StrBuilder$StrBuilderReader,org.apache.commons.lang3.text.StrBuilder,84,24
cling,6,lang,org.apache.commons.lang3.text.StrBuilder$StrBuilderReader,org.apache.commons.lang3.text.StrBuilder,84,25
cling,7,lang,org.apache.commons.lang3.text.StrBuilder$StrBuilderReader,org.apache.commons.lang3.text.StrBuilder,84,24
cling,8,lang,org.apache.commons.lang3.text.StrBuilder$StrBuilderReader,org.apache.commons.lang3.text.StrBuilder,84,25
cling,9,lang,org.apache.commons.lang3.text.StrBuilder$StrBuilderReader,org.apache.commons.lang3.text.StrBuilder,84,24
cling,10,lang,org.apache.commons.lang3.text.StrBuilder$StrBuilderReader,org.apache.commons.lang3.text.StrBuilder,84,24
cling,11,lang,org.apache.commons.lang3.text.StrBuilder$StrBuilderReader,org.apache.commons.lang3.text.StrBuilder,84,24
cling,12,lang,org.apache.commons.lang3.text.StrBuilder$StrBuilderReader,org.apache.commons.lang3.text.StrBuilder,84,24
cling,13,lang,org.apache.commons.lang3.text.StrBuilder$StrBuilderReader,org.apache.commons.lang3.text.StrBuilder,84,24
cling,14,lang,org.apache.commons.lang3.text.StrBuilder$StrBuilderReader,org.apache.commons.lang3.text.StrBuilder,84,30
cling,15,lang,org.apache.commons.lang3.text.StrBuilder$StrBuilderReader,org.apache.commons.lang3.text.StrBuilder,84,24
cling,16,lang,org.apache.commons.lang3.text.StrBuilder$StrBuilderReader,org.apache.commons.lang3.text.StrBuilder,84,24
cling,17,lang,org.apache.commons.lang3.text.StrBuilder$StrBuilderReader,org.apache.commons.lang3.text.StrBuilder,84,24
cling,18,lang,org.apache.commons.lang3.text.StrBuilder$StrBuilderReader,org.apache.commons.lang3.text.StrBuilder,84,24
cling,19,lang,org.apache.commons.lang3.text.StrBuilder$StrBuilderReader,org.apache.commons.lang3.text.StrBuilder,84,24
cling,20,lang,org.apache.commons.lang3.text.StrBuilder$StrBuilderReader,org.apache.commons.lang3.text.StrBuilder,84,24
cling,1,lang,org.apache.commons.lang3.text.StrSubstitutor,org.apache.commons.lang3.text.StrBuilder,1565,95
cling,2,lang,org.apache.commons.lang3.text.StrSubstitutor,org.apache.commons.lang3.text.StrBuilder,1565,247
cling,3,lang,org.apache.commons.lang3.text.StrSubstitutor,org.apache.commons.lang3.text.StrBuilder,1565,212
cling,4,lang,org.apache.commons.lang3.text.StrSubstitutor,org.apache.commons.lang3.text.StrBuilder,1565,246
cling,5,lang,org.apache.commons.lang3.text.StrSubstitutor,org.apache.commons.lang3.text.StrBuilder,1565,225
cling,6,lang,org.apache.commons.lang3.text.StrSubstitutor,org.apache.commons.lang3.text.StrBuilder,1565,316
cling,7,lang,org.apache.commons.lang3.text.StrSubstitutor,org.apache.commons.lang3.text.StrBuilder,1565,117
cling,8,lang,org.apache.commons.lang3.text.StrSubstitutor,org.apache.commons.lang3.text.StrBuilder,1565,179
cling,9,lang,org.apache.commons.lang3.text.StrSubstitutor,org.apache.commons.lang3.text.StrBuilder,1565,222
cling,10,lang,org.apache.commons.lang3.text.StrSubstitutor,org.apache.commons.lang3.text.StrBuilder,1565,183
cling,11,lang,org.apache.commons.lang3.text.StrSubstitutor,org.apache.commons.lang3.text.StrBuilder,1565,252
cling,12,lang,org.apache.commons.lang3.text.StrSubstitutor,org.apache.commons.lang3.text.StrBuilder,1565,317
cling,13,lang,org.apache.commons.lang3.text.StrSubstitutor,org.apache.commons.lang3.text.StrBuilder,1565,275
cling,14,lang,org.apache.commons.lang3.text.StrSubstitutor,org.apache.commons.lang3.text.StrBuilder,1565,263
cling,15,lang,org.apache.commons.lang3.text.StrSubstitutor,org.apache.commons.lang3.text.StrBuilder,1565,177
cling,16,lang,org.apache.commons.lang3.text.StrSubstitutor,org.apache.commons.lang3.text.StrBuilder,1565,293
cling,17,lang,org.apache.commons.lang3.text.StrSubstitutor,org.apache.commons.lang3.text.StrBuilder,1565,255
cling,18,lang,org.apache.commons.lang3.text.StrSubstitutor,org.apache.commons.lang3.text.StrBuilder,1565,194
cling,19,lang,org.apache.commons.lang3.text.StrSubstitutor,org.apache.commons.lang3.text.StrBuilder,1565,249
cling,20,lang,org.apache.commons.lang3.text.StrSubstitutor,org.apache.commons.lang3.text.StrBuilder,1565,169
cling,1,lang,org.apache.commons.lang3.text.StrTokenizer,org.apache.commons.lang3.text.StrMatcher,44,42
cling,2,lang,org.apache.commons.lang3.text.StrTokenizer,org.apache.commons.lang3.text.StrMatcher,44,42
cling,3,lang,org.apache.commons.lang3.text.StrTokenizer,org.apache.commons.lang3.text.StrMatcher,44,42
cling,4,lang,org.apache.commons.lang3.text.StrTokenizer,org.apache.commons.lang3.text.StrMatcher,44,42
cling,5,lang,org.apache.commons.lang3.text.StrTokenizer,org.apache.commons.lang3.text.StrMatcher,44,42
cling,6,lang,org.apache.commons.lang3.text.StrTokenizer,org.apache.commons.lang3.text.StrMatcher,44,42
cling,7,lang,org.apache.commons.lang3.text.StrTokenizer,org.apache.commons.lang3.text.StrMatcher,44,42
cling,8,lang,org.apache.commons.lang3.text.StrTokenizer,org.apache.commons.lang3.text.StrMatcher,44,42
cling,9,lang,org.apache.commons.lang3.text.StrTokenizer,org.apache.commons.lang3.text.StrMatcher,44,42
cling,10,lang,org.apache.commons.lang3.text.StrTokenizer,org.apache.commons.lang3.text.StrMatcher,44,42
cling,11,lang,org.apache.commons.lang3.text.StrTokenizer,org.apache.commons.lang3.text.StrMatcher,44,42
cling,12,lang,org.apache.commons.lang3.text.StrTokenizer,org.apache.commons.lang3.text.StrMatcher,44,42
cling,13,lang,org.apache.commons.lang3.text.StrTokenizer,org.apache.commons.lang3.text.StrMatcher,44,42
cling,14,lang,org.apache.commons.lang3.text.StrTokenizer,org.apache.commons.lang3.text.StrMatcher,44,42
cling,15,lang,org.apache.commons.lang3.text.StrTokenizer,org.apache.commons.lang3.text.StrMatcher,44,42
cling,16,lang,org.apache.commons.lang3.text.StrTokenizer,org.apache.commons.lang3.text.StrMatcher,44,42
cling,17,lang,org.apache.commons.lang3.text.StrTokenizer,org.apache.commons.lang3.text.StrMatcher,44,41
cling,18,lang,org.apache.commons.lang3.text.StrTokenizer,org.apache.commons.lang3.text.StrMatcher,44,42
cling,19,lang,org.apache.commons.lang3.text.StrTokenizer,org.apache.commons.lang3.text.StrMatcher,44,42
cling,20,lang,org.apache.commons.lang3.text.StrTokenizer,org.apache.commons.lang3.text.StrMatcher,44,41
cling,1,time,org.joda.time.Seconds,org.joda.time.base.BaseSingleFieldPeriod,60,58
cling,2,time,org.joda.time.Seconds,org.joda.time.base.BaseSingleFieldPeriod,60,59
cling,3,time,org.joda.time.Seconds,org.joda.time.base.BaseSingleFieldPeriod,60,59
cling,4,time,org.joda.time.Seconds,org.joda.time.base.BaseSingleFieldPeriod,60,59
cling,5,time,org.joda.time.Seconds,org.joda.time.base.BaseSingleFieldPeriod,60,59
cling,6,time,org.joda.time.Seconds,org.joda.time.base.BaseSingleFieldPeriod,60,59
cling,7,time,org.joda.time.Seconds,org.joda.time.base.BaseSingleFieldPeriod,60,59
cling,8,time,org.joda.time.Seconds,org.joda.time.base.BaseSingleFieldPeriod,60,59
cling,9,time,org.joda.time.Seconds,org.joda.time.base.BaseSingleFieldPeriod,60,59
cling,10,time,org.joda.time.Seconds,org.joda.time.base.BaseSingleFieldPeriod,60,59
cling,11,time,org.joda.time.Seconds,org.joda.time.base.BaseSingleFieldPeriod,60,59
cling,12,time,org.joda.time.Seconds,org.joda.time.base.BaseSingleFieldPeriod,60,59
cling,13,time,org.joda.time.Seconds,org.joda.time.base.BaseSingleFieldPeriod,60,59
cling,14,time,org.joda.time.Seconds,org.joda.time.base.BaseSingleFieldPeriod,60,59
cling,15,time,org.joda.time.Seconds,org.joda.time.base.BaseSingleFieldPeriod,60,59
cling,16,time,org.joda.time.Seconds,org.joda.time.base.BaseSingleFieldPeriod,60,59
cling,17,time,org.joda.time.Seconds,org.joda.time.base.BaseSingleFieldPeriod,60,59
cling,18,time,org.joda.time.Seconds,org.joda.time.base.BaseSingleFieldPeriod,60,58
cling,19,time,org.joda.time.Seconds,org.joda.time.base.BaseSingleFieldPeriod,60,54
cling,20,time,org.joda.time.Seconds,org.joda.time.base.BaseSingleFieldPeriod,60,59
cling,1,time,org.joda.time.chrono.ISOChronology,org.joda.time.chrono.AssembledChronology,766,183
cling,2,time,org.joda.time.chrono.ISOChronology,org.joda.time.chrono.AssembledChronology,766,171
cling,3,time,org.joda.time.chrono.ISOChronology,org.joda.time.chrono.AssembledChronology,766,175
cling,4,time,org.joda.time.chrono.ISOChronology,org.joda.time.chrono.AssembledChronology,766,175
cling,5,time,org.joda.time.chrono.ISOChronology,org.joda.time.chrono.AssembledChronology,766,165
cling,6,time,org.joda.time.chrono.ISOChronology,org.joda.time.chrono.AssembledChronology,766,175
cling,7,time,org.joda.time.chrono.ISOChronology,org.joda.time.chrono.AssembledChronology,766,179
cling,8,time,org.joda.time.chrono.ISOChronology,org.joda.time.chrono.AssembledChronology,766,179
cling,9,time,org.joda.time.chrono.ISOChronology,org.joda.time.chrono.AssembledChronology,766,179
cling,10,time,org.joda.time.chrono.ISOChronology,org.joda.time.chrono.AssembledChronology,766,179
cling,11,time,org.joda.time.chrono.ISOChronology,org.joda.time.chrono.AssembledChronology,766,145
cling,12,time,org.joda.time.chrono.ISOChronology,org.joda.time.chrono.AssembledChronology,766,161
cling,13,time,org.joda.time.chrono.ISOChronology,org.joda.time.chrono.AssembledChronology,766,181
cling,14,time,org.joda.time.chrono.ISOChronology,org.joda.time.chrono.AssembledChronology,766,171
cling,15,time,org.joda.time.chrono.ISOChronology,org.joda.time.chrono.AssembledChronology,766,175
cling,16,time,org.joda.time.chrono.ISOChronology,org.joda.time.chrono.AssembledChronology,766,183
cling,17,time,org.joda.time.chrono.ISOChronology,org.joda.time.chrono.AssembledChronology,766,183
cling,18,time,org.joda.time.chrono.ISOChronology,org.joda.time.chrono.AssembledChronology,766,175
cling,19,time,org.joda.time.chrono.ISOChronology,org.joda.time.chrono.AssembledChronology,766,175
cling,20,time,org.joda.time.chrono.ISOChronology,org.joda.time.chrono.AssembledChronology,766,179
cling,1,time,org.joda.time.chrono.ZonedChronology,org.joda.time.chrono.AssembledChronology,513,29
cling,2,time,org.joda.time.chrono.ZonedChronology,org.joda.time.chrono.AssembledChronology,513,29
cling,3,time,org.joda.time.chrono.ZonedChronology,org.joda.time.chrono.AssembledChronology,513,29
cling,4,time,org.joda.time.chrono.ZonedChronology,org.joda.time.chrono.AssembledChronology,513,476
cling,5,time,org.joda.time.chrono.ZonedChronology,org.joda.time.chrono.AssembledChronology,513,475
cling,6,time,org.joda.time.chrono.ZonedChronology,org.joda.time.chrono.AssembledChronology,513,29
cling,7,time,org.joda.time.chrono.ZonedChronology,org.joda.time.chrono.AssembledChronology,513,27
cling,8,time,org.joda.time.chrono.ZonedChronology,org.joda.time.chrono.AssembledChronology,513,29
cling,9,time,org.joda.time.chrono.ZonedChronology,org.joda.time.chrono.AssembledChronology,513,471
cling,10,time,org.joda.time.chrono.ZonedChronology,org.joda.time.chrono.AssembledChronology,513,27
cling,11,time,org.joda.time.chrono.ZonedChronology,org.joda.time.chrono.AssembledChronology,513,28
cling,12,time,org.joda.time.chrono.ZonedChronology,org.joda.time.chrono.AssembledChronology,513,486
cling,13,time,org.joda.time.chrono.ZonedChronology,org.joda.time.chrono.AssembledChronology,513,26
cling,14,time,org.joda.time.chrono.ZonedChronology,org.joda.time.chrono.AssembledChronology,513,28
cling,15,time,org.joda.time.chrono.ZonedChronology,org.joda.time.chrono.AssembledChronology,513,29
cling,16,time,org.joda.time.chrono.ZonedChronology,org.joda.time.chrono.AssembledChronology,513,29
cling,17,time,org.joda.time.chrono.ZonedChronology,org.joda.time.chrono.AssembledChronology,513,29
cling,18,time,org.joda.time.chrono.ZonedChronology,org.joda.time.chrono.AssembledChronology,513,29
cling,19,time,org.joda.time.chrono.ZonedChronology,org.joda.time.chrono.AssembledChronology,513,446
cling,20,time,org.joda.time.chrono.ZonedChronology,org.joda.time.chrono.AssembledChronology,513,380
cling,1,time,org.joda.time.chrono.BasicChronology,org.joda.time.chrono.EthiopicChronology,4,3
cling,2,time,org.joda.time.chrono.BasicChronology,org.joda.time.chrono.EthiopicChronology,4,3
cling,3,time,org.joda.time.chrono.BasicChronology,org.joda.time.chrono.EthiopicChronology,4,3
cling,4,time,org.joda.time.chrono.BasicChronology,org.joda.time.chrono.EthiopicChronology,4,3
cling,5,time,org.joda.time.chrono.BasicChronology,org.joda.time.chrono.EthiopicChronology,4,3
cling,6,time,org.joda.time.chrono.BasicChronology,org.joda.time.chrono.EthiopicChronology,4,3
cling,7,time,org.joda.time.chrono.BasicChronology,org.joda.time.chrono.EthiopicChronology,4,3
cling,8,time,org.joda.time.chrono.BasicChronology,org.joda.time.chrono.EthiopicChronology,4,3
cling,9,time,org.joda.time.chrono.BasicChronology,org.joda.time.chrono.EthiopicChronology,4,3
cling,10,time,org.joda.time.chrono.BasicChronology,org.joda.time.chrono.EthiopicChronology,4,3
cling,11,time,org.joda.time.chrono.BasicChronology,org.joda.time.chrono.EthiopicChronology,4,3
cling,12,time,org.joda.time.chrono.BasicChronology,org.joda.time.chrono.EthiopicChronology,4,2
cling,13,time,org.joda.time.chrono.BasicChronology,org.joda.time.chrono.EthiopicChronology,4,3
cling,14,time,org.joda.time.chrono.BasicChronology,org.joda.time.chrono.EthiopicChronology,4,3
cling,15,time,org.joda.time.chrono.BasicChronology,org.joda.time.chrono.EthiopicChronology,4,3
cling,16,time,org.joda.time.chrono.BasicChronology,org.joda.time.chrono.EthiopicChronology,4,3
cling,17,time,org.joda.time.chrono.BasicChronology,org.joda.time.chrono.EthiopicChronology,4,3
cling,18,time,org.joda.time.chrono.BasicChronology,org.joda.time.chrono.EthiopicChronology,4,3
cling,19,time,org.joda.time.chrono.BasicChronology,org.joda.time.chrono.EthiopicChronology,4,3
cling,20,time,org.joda.time.chrono.BasicChronology,org.joda.time.chrono.EthiopicChronology,4,3
cling,1,time,org.joda.time.chrono.BasicChronology,org.joda.time.chrono.IslamicChronology,26,24
cling,2,time,org.joda.time.chrono.BasicChronology,org.joda.time.chrono.IslamicChronology,26,25
cling,3,time,org.joda.time.chrono.BasicChronology,org.joda.time.chrono.IslamicChronology,26,23
cling,4,time,org.joda.time.chrono.BasicChronology,org.joda.time.chrono.IslamicChronology,26,24
cling,5,time,org.joda.time.chrono.BasicChronology,org.joda.time.chrono.IslamicChronology,26,24
cling,6,time,org.joda.time.chrono.BasicChronology,org.joda.time.chrono.IslamicChronology,26,25
cling,7,time,org.joda.time.chrono.BasicChronology,org.joda.time.chrono.IslamicChronology,26,24
cling,8,time,org.joda.time.chrono.BasicChronology,org.joda.time.chrono.IslamicChronology,26,23
cling,9,time,org.joda.time.chrono.BasicChronology,org.joda.time.chrono.IslamicChronology,26,22
cling,10,time,org.joda.time.chrono.BasicChronology,org.joda.time.chrono.IslamicChronology,26,24
cling,11,time,org.joda.time.chrono.BasicChronology,org.joda.time.chrono.IslamicChronology,26,23
cling,12,time,org.joda.time.chrono.BasicChronology,org.joda.time.chrono.IslamicChronology,26,25
cling,13,time,org.joda.time.chrono.BasicChronology,org.joda.time.chrono.IslamicChronology,26,25
cling,14,time,org.joda.time.chrono.BasicChronology,org.joda.time.chrono.IslamicChronology,26,24
cling,15,time,org.joda.time.chrono.BasicChronology,org.joda.time.chrono.IslamicChronology,26,25
cling,16,time,org.joda.time.chrono.BasicChronology,org.joda.time.chrono.IslamicChronology,26,25
cling,17,time,org.joda.time.chrono.BasicChronology,org.joda.time.chrono.IslamicChronology,26,25
cling,18,time,org.joda.time.chrono.BasicChronology,org.joda.time.chrono.IslamicChronology,26,25
cling,19,time,org.joda.time.chrono.BasicChronology,org.joda.time.chrono.IslamicChronology,26,23
cling,20,time,org.joda.time.chrono.BasicChronology,org.joda.time.chrono.IslamicChronology,26,24
cling,1,time,org.joda.time.base.AbstractPartial,org.joda.time.MonthDay,6,5
cling,2,time,org.joda.time.base.AbstractPartial,org.joda.time.MonthDay,6,0
cling,3,time,org.joda.time.base.AbstractPartial,org.joda.time.MonthDay,6,0
cling,4,time,org.joda.time.base.AbstractPartial,org.joda.time.MonthDay,6,0
cling,5,time,org.joda.time.base.AbstractPartial,org.joda.time.MonthDay,6,0
cling,6,time,org.joda.time.base.AbstractPartial,org.joda.time.MonthDay,6,0
cling,7,time,org.joda.time.base.AbstractPartial,org.joda.time.MonthDay,6,5
cling,8,time,org.joda.time.base.AbstractPartial,org.joda.time.MonthDay,6,0
cling,9,time,org.joda.time.base.AbstractPartial,org.joda.time.MonthDay,6,0
cling,10,time,org.joda.time.base.AbstractPartial,org.joda.time.MonthDay,6,0
cling,11,time,org.joda.time.base.AbstractPartial,org.joda.time.MonthDay,6,0
cling,12,time,org.joda.time.base.AbstractPartial,org.joda.time.MonthDay,6,0
cling,13,time,org.joda.time.base.AbstractPartial,org.joda.time.MonthDay,6,0
cling,14,time,org.joda.time.base.AbstractPartial,org.joda.time.MonthDay,6,0
cling,15,time,org.joda.time.base.AbstractPartial,org.joda.time.MonthDay,6,0
cling,16,time,org.joda.time.base.AbstractPartial,org.joda.time.MonthDay,6,0
cling,17,time,org.joda.time.base.AbstractPartial,org.joda.time.MonthDay,6,0
cling,18,time,org.joda.time.base.AbstractPartial,org.joda.time.MonthDay,6,0
cling,19,time,org.joda.time.base.AbstractPartial,org.joda.time.MonthDay,6,0
cling,20,time,org.joda.time.base.AbstractPartial,org.joda.time.MonthDay,6,0
cling,1,time,org.joda.time.MutablePeriod,org.joda.time.base.BasePeriod,36,33
cling,2,time,org.joda.time.MutablePeriod,org.joda.time.base.BasePeriod,36,34
cling,3,time,org.joda.time.MutablePeriod,org.joda.time.base.BasePeriod,36,34
cling,4,time,org.joda.time.MutablePeriod,org.joda.time.base.BasePeriod,36,34
cling,5,time,org.joda.time.MutablePeriod,org.joda.time.base.BasePeriod,36,34
cling,6,time,org.joda.time.MutablePeriod,org.joda.time.base.BasePeriod,36,33
cling,7,time,org.joda.time.MutablePeriod,org.joda.time.base.BasePeriod,36,28
cling,8,time,org.joda.time.MutablePeriod,org.joda.time.base.BasePeriod,36,33
cling,9,time,org.joda.time.MutablePeriod,org.joda.time.base.BasePeriod,36,33
cling,10,time,org.joda.time.MutablePeriod,org.joda.time.base.BasePeriod,36,33
cling,11,time,org.joda.time.MutablePeriod,org.joda.time.base.BasePeriod,36,34
cling,12,time,org.joda.time.MutablePeriod,org.joda.time.base.BasePeriod,36,34
cling,13,time,org.joda.time.MutablePeriod,org.joda.time.base.BasePeriod,36,34
cling,14,time,org.joda.time.MutablePeriod,org.joda.time.base.BasePeriod,36,34
cling,15,time,org.joda.time.MutablePeriod,org.joda.time.base.BasePeriod,36,34
cling,16,time,org.joda.time.MutablePeriod,org.joda.time.base.BasePeriod,36,34
cling,17,time,org.joda.time.MutablePeriod,org.joda.time.base.BasePeriod,36,33
cling,18,time,org.joda.time.MutablePeriod,org.joda.time.base.BasePeriod,36,34
cling,19,time,org.joda.time.MutablePeriod,org.joda.time.base.BasePeriod,36,33
cling,20,time,org.joda.time.MutablePeriod,org.joda.time.base.BasePeriod,36,31
cling,1,time,org.joda.time.DateTimeZone,org.joda.time.tz.FixedDateTimeZone,10,9
cling,2,time,org.joda.time.DateTimeZone,org.joda.time.tz.FixedDateTimeZone,10,9
cling,3,time,org.joda.time.DateTimeZone,org.joda.time.tz.FixedDateTimeZone,10,9
cling,4,time,org.joda.time.DateTimeZone,org.joda.time.tz.FixedDateTimeZone,10,9
cling,5,time,org.joda.time.DateTimeZone,org.joda.time.tz.FixedDateTimeZone,10,9
cling,6,time,org.joda.time.DateTimeZone,org.joda.time.tz.FixedDateTimeZone,10,9
cling,7,time,org.joda.time.DateTimeZone,org.joda.time.tz.FixedDateTimeZone,10,9
cling,8,time,org.joda.time.DateTimeZone,org.joda.time.tz.FixedDateTimeZone,10,9
cling,9,time,org.joda.time.DateTimeZone,org.joda.time.tz.FixedDateTimeZone,10,9
cling,10,time,org.joda.time.DateTimeZone,org.joda.time.tz.FixedDateTimeZone,10,9
cling,11,time,org.joda.time.DateTimeZone,org.joda.time.tz.FixedDateTimeZone,10,9
cling,12,time,org.joda.time.DateTimeZone,org.joda.time.tz.FixedDateTimeZone,10,9
cling,13,time,org.joda.time.DateTimeZone,org.joda.time.tz.FixedDateTimeZone,10,9
cling,14,time,org.joda.time.DateTimeZone,org.joda.time.tz.FixedDateTimeZone,10,9
cling,15,time,org.joda.time.DateTimeZone,org.joda.time.tz.FixedDateTimeZone,10,9
cling,16,time,org.joda.time.DateTimeZone,org.joda.time.tz.FixedDateTimeZone,10,9
cling,17,time,org.joda.time.DateTimeZone,org.joda.time.tz.FixedDateTimeZone,10,9
cling,18,time,org.joda.time.DateTimeZone,org.joda.time.tz.FixedDateTimeZone,10,9
cling,19,time,org.joda.time.DateTimeZone,org.joda.time.tz.FixedDateTimeZone,10,9
cling,20,time,org.joda.time.DateTimeZone,org.joda.time.tz.FixedDateTimeZone,10,9
cling,1,time,org.joda.time.base.AbstractPartial,org.joda.time.YearMonthDay,8,6
cling,2,time,org.joda.time.base.AbstractPartial,org.joda.time.YearMonthDay,8,6
cling,3,time,org.joda.time.base.AbstractPartial,org.joda.time.YearMonthDay,8,6
cling,4,time,org.joda.time.base.AbstractPartial,org.joda.time.YearMonthDay,8,6
cling,5,time,org.joda.time.base.AbstractPartial,org.joda.time.YearMonthDay,8,6
cling,6,time,org.joda.time.base.AbstractPartial,org.joda.time.YearMonthDay,8,6
cling,7,time,org.joda.time.base.AbstractPartial,org.joda.time.YearMonthDay,8,6
cling,8,time,org.joda.time.base.AbstractPartial,org.joda.time.YearMonthDay,8,6
cling,9,time,org.joda.time.base.AbstractPartial,org.joda.time.YearMonthDay,8,6
cling,10,time,org.joda.time.base.AbstractPartial,org.joda.time.YearMonthDay,8,6
cling,11,time,org.joda.time.base.AbstractPartial,org.joda.time.YearMonthDay,8,6
cling,12,time,org.joda.time.base.AbstractPartial,org.joda.time.YearMonthDay,8,6
cling,13,time,org.joda.time.base.AbstractPartial,org.joda.time.YearMonthDay,8,6
cling,14,time,org.joda.time.base.AbstractPartial,org.joda.time.YearMonthDay,8,6
cling,15,time,org.joda.time.base.AbstractPartial,org.joda.time.YearMonthDay,8,6
cling,16,time,org.joda.time.base.AbstractPartial,org.joda.time.YearMonthDay,8,6
cling,17,time,org.joda.time.base.AbstractPartial,org.joda.time.YearMonthDay,8,7
cling,18,time,org.joda.time.base.AbstractPartial,org.joda.time.YearMonthDay,8,6
cling,19,time,org.joda.time.base.AbstractPartial,org.joda.time.YearMonthDay,8,6
cling,20,time,org.joda.time.base.AbstractPartial,org.joda.time.YearMonthDay,8,6
cling,1,time,org.joda.time.YearMonthDay,org.joda.time.base.BasePartial,15,13
cling,2,time,org.joda.time.YearMonthDay,org.joda.time.base.BasePartial,15,13
cling,3,time,org.joda.time.YearMonthDay,org.joda.time.base.BasePartial,15,13
cling,4,time,org.joda.time.YearMonthDay,org.joda.time.base.BasePartial,15,13
cling,5,time,org.joda.time.YearMonthDay,org.joda.time.base.BasePartial,15,13
cling,6,time,org.joda.time.YearMonthDay,org.joda.time.base.BasePartial,15,13
cling,7,time,org.joda.time.YearMonthDay,org.joda.time.base.BasePartial,15,13
cling,8,time,org.joda.time.YearMonthDay,org.joda.time.base.BasePartial,15,13
cling,9,time,org.joda.time.YearMonthDay,org.joda.time.base.BasePartial,15,13
cling,10,time,org.joda.time.YearMonthDay,org.joda.time.base.BasePartial,15,13
cling,11,time,org.joda.time.YearMonthDay,org.joda.time.base.BasePartial,15,13
cling,12,time,org.joda.time.YearMonthDay,org.joda.time.base.BasePartial,15,13
cling,13,time,org.joda.time.YearMonthDay,org.joda.time.base.BasePartial,15,13
cling,14,time,org.joda.time.YearMonthDay,org.joda.time.base.BasePartial,15,13
cling,15,time,org.joda.time.YearMonthDay,org.joda.time.base.BasePartial,15,13
cling,16,time,org.joda.time.YearMonthDay,org.joda.time.base.BasePartial,15,13
cling,17,time,org.joda.time.YearMonthDay,org.joda.time.base.BasePartial,15,13
cling,18,time,org.joda.time.YearMonthDay,org.joda.time.base.BasePartial,15,13
cling,19,time,org.joda.time.YearMonthDay,org.joda.time.base.BasePartial,15,13
cling,20,time,org.joda.time.YearMonthDay,org.joda.time.base.BasePartial,15,12
cling,1,time,org.joda.time.base.AbstractPartial,org.joda.time.YearMonth,6,0
cling,2,time,org.joda.time.base.AbstractPartial,org.joda.time.YearMonth,6,0
cling,3,time,org.joda.time.base.AbstractPartial,org.joda.time.YearMonth,6,0
cling,4,time,org.joda.time.base.AbstractPartial,org.joda.time.YearMonth,6,0
cling,5,time,org.joda.time.base.AbstractPartial,org.joda.time.YearMonth,6,0
cling,6,time,org.joda.time.base.AbstractPartial,org.joda.time.YearMonth,6,0
cling,7,time,org.joda.time.base.AbstractPartial,org.joda.time.YearMonth,6,0
cling,8,time,org.joda.time.base.AbstractPartial,org.joda.time.YearMonth,6,0
cling,9,time,org.joda.time.base.AbstractPartial,org.joda.time.YearMonth,6,0
cling,10,time,org.joda.time.base.AbstractPartial,org.joda.time.YearMonth,6,0
cling,11,time,org.joda.time.base.AbstractPartial,org.joda.time.YearMonth,6,0
cling,12,time,org.joda.time.base.AbstractPartial,org.joda.time.YearMonth,6,0
cling,13,time,org.joda.time.base.AbstractPartial,org.joda.time.YearMonth,6,0
cling,14,time,org.joda.time.base.AbstractPartial,org.joda.time.YearMonth,6,0
cling,15,time,org.joda.time.base.AbstractPartial,org.joda.time.YearMonth,6,5
cling,16,time,org.joda.time.base.AbstractPartial,org.joda.time.YearMonth,6,0
cling,17,time,org.joda.time.base.AbstractPartial,org.joda.time.YearMonth,6,0
cling,18,time,org.joda.time.base.AbstractPartial,org.joda.time.YearMonth,6,0
cling,19,time,org.joda.time.base.AbstractPartial,org.joda.time.YearMonth,6,0
cling,20,time,org.joda.time.base.AbstractPartial,org.joda.time.YearMonth,6,0
cling,1,time,org.joda.time.field.AbstractReadableInstantFieldProperty,org.joda.time.LocalTime$Property,0,0
cling,2,time,org.joda.time.field.AbstractReadableInstantFieldProperty,org.joda.time.LocalTime$Property,0,0
cling,3,time,org.joda.time.field.AbstractReadableInstantFieldProperty,org.joda.time.LocalTime$Property,0,0
cling,4,time,org.joda.time.field.AbstractReadableInstantFieldProperty,org.joda.time.LocalTime$Property,0,0
cling,5,time,org.joda.time.field.AbstractReadableInstantFieldProperty,org.joda.time.LocalTime$Property,0,0
cling,6,time,org.joda.time.field.AbstractReadableInstantFieldProperty,org.joda.time.LocalTime$Property,0,0
cling,7,time,org.joda.time.field.AbstractReadableInstantFieldProperty,org.joda.time.LocalTime$Property,0,0
cling,8,time,org.joda.time.field.AbstractReadableInstantFieldProperty,org.joda.time.LocalTime$Property,0,0
cling,9,time,org.joda.time.field.AbstractReadableInstantFieldProperty,org.joda.time.LocalTime$Property,0,0
cling,10,time,org.joda.time.field.AbstractReadableInstantFieldProperty,org.joda.time.LocalTime$Property,0,0
cling,11,time,org.joda.time.field.AbstractReadableInstantFieldProperty,org.joda.time.LocalTime$Property,0,0
cling,12,time,org.joda.time.field.AbstractReadableInstantFieldProperty,org.joda.time.LocalTime$Property,0,0
cling,13,time,org.joda.time.field.AbstractReadableInstantFieldProperty,org.joda.time.LocalTime$Property,0,0
cling,14,time,org.joda.time.field.AbstractReadableInstantFieldProperty,org.joda.time.LocalTime$Property,0,0
cling,15,time,org.joda.time.field.AbstractReadableInstantFieldProperty,org.joda.time.LocalTime$Property,0,0
cling,16,time,org.joda.time.field.AbstractReadableInstantFieldProperty,org.joda.time.LocalTime$Property,0,0
cling,17,time,org.joda.time.field.AbstractReadableInstantFieldProperty,org.joda.time.LocalTime$Property,0,0
cling,18,time,org.joda.time.field.AbstractReadableInstantFieldProperty,org.joda.time.LocalTime$Property,0,0
cling,19,time,org.joda.time.field.AbstractReadableInstantFieldProperty,org.joda.time.LocalTime$Property,0,0
cling,20,time,org.joda.time.field.AbstractReadableInstantFieldProperty,org.joda.time.LocalTime$Property,0,0
cling,1,time,org.joda.time.Days,org.joda.time.base.BaseSingleFieldPeriod,60,58
cling,2,time,org.joda.time.Days,org.joda.time.base.BaseSingleFieldPeriod,60,59
cling,3,time,org.joda.time.Days,org.joda.time.base.BaseSingleFieldPeriod,60,59
cling,4,time,org.joda.time.Days,org.joda.time.base.BaseSingleFieldPeriod,60,59
cling,5,time,org.joda.time.Days,org.joda.time.base.BaseSingleFieldPeriod,60,59
cling,6,time,org.joda.time.Days,org.joda.time.base.BaseSingleFieldPeriod,60,59
cling,7,time,org.joda.time.Days,org.joda.time.base.BaseSingleFieldPeriod,60,59
cling,8,time,org.joda.time.Days,org.joda.time.base.BaseSingleFieldPeriod,60,59
cling,9,time,org.joda.time.Days,org.joda.time.base.BaseSingleFieldPeriod,60,58
cling,10,time,org.joda.time.Days,org.joda.time.base.BaseSingleFieldPeriod,60,59
cling,11,time,org.joda.time.Days,org.joda.time.base.BaseSingleFieldPeriod,60,59
cling,12,time,org.joda.time.Days,org.joda.time.base.BaseSingleFieldPeriod,60,59
cling,13,time,org.joda.time.Days,org.joda.time.base.BaseSingleFieldPeriod,60,59
cling,14,time,org.joda.time.Days,org.joda.time.base.BaseSingleFieldPeriod,60,59
cling,15,time,org.joda.time.Days,org.joda.time.base.BaseSingleFieldPeriod,60,59
cling,16,time,org.joda.time.Days,org.joda.time.base.BaseSingleFieldPeriod,60,59
cling,17,time,org.joda.time.Days,org.joda.time.base.BaseSingleFieldPeriod,60,59
cling,18,time,org.joda.time.Days,org.joda.time.base.BaseSingleFieldPeriod,60,59
cling,19,time,org.joda.time.Days,org.joda.time.base.BaseSingleFieldPeriod,60,59
cling,20,time,org.joda.time.Days,org.joda.time.base.BaseSingleFieldPeriod,60,59
cling,1,time,org.joda.time.base.AbstractPartial,org.joda.time.Partial,0,0
cling,2,time,org.joda.time.base.AbstractPartial,org.joda.time.Partial,0,0
cling,3,time,org.joda.time.base.AbstractPartial,org.joda.time.Partial,0,0
cling,4,time,org.joda.time.base.AbstractPartial,org.joda.time.Partial,0,0
cling,5,time,org.joda.time.base.AbstractPartial,org.joda.time.Partial,0,0
cling,6,time,org.joda.time.base.AbstractPartial,org.joda.time.Partial,0,0
cling,7,time,org.joda.time.base.AbstractPartial,org.joda.time.Partial,0,0
cling,8,time,org.joda.time.base.AbstractPartial,org.joda.time.Partial,0,0
cling,9,time,org.joda.time.base.AbstractPartial,org.joda.time.Partial,0,0
cling,10,time,org.joda.time.base.AbstractPartial,org.joda.time.Partial,0,0
cling,11,time,org.joda.time.base.AbstractPartial,org.joda.time.Partial,0,0
cling,12,time,org.joda.time.base.AbstractPartial,org.joda.time.Partial,0,0
cling,13,time,org.joda.time.base.AbstractPartial,org.joda.time.Partial,0,0
cling,14,time,org.joda.time.base.AbstractPartial,org.joda.time.Partial,0,0
cling,15,time,org.joda.time.base.AbstractPartial,org.joda.time.Partial,0,0
cling,16,time,org.joda.time.base.AbstractPartial,org.joda.time.Partial,0,0
cling,17,time,org.joda.time.base.AbstractPartial,org.joda.time.Partial,0,0
cling,18,time,org.joda.time.base.AbstractPartial,org.joda.time.Partial,0,0
cling,19,time,org.joda.time.base.AbstractPartial,org.joda.time.Partial,0,0
cling,20,time,org.joda.time.base.AbstractPartial,org.joda.time.Partial,0,0
cling,1,time,org.joda.time.MutableInterval,org.joda.time.base.BaseInterval,5,4
cling,2,time,org.joda.time.MutableInterval,org.joda.time.base.BaseInterval,5,4
cling,3,time,org.joda.time.MutableInterval,org.joda.time.base.BaseInterval,5,4
cling,4,time,org.joda.time.MutableInterval,org.joda.time.base.BaseInterval,5,0
cling,5,time,org.joda.time.MutableInterval,org.joda.time.base.BaseInterval,5,4
cling,6,time,org.joda.time.MutableInterval,org.joda.time.base.BaseInterval,5,0
cling,7,time,org.joda.time.MutableInterval,org.joda.time.base.BaseInterval,5,0
cling,8,time,org.joda.time.MutableInterval,org.joda.time.base.BaseInterval,5,4
cling,9,time,org.joda.time.MutableInterval,org.joda.time.base.BaseInterval,5,4
cling,10,time,org.joda.time.MutableInterval,org.joda.time.base.BaseInterval,5,0
cling,11,time,org.joda.time.MutableInterval,org.joda.time.base.BaseInterval,5,4
cling,12,time,org.joda.time.MutableInterval,org.joda.time.base.BaseInterval,5,4
cling,13,time,org.joda.time.MutableInterval,org.joda.time.base.BaseInterval,5,4
cling,14,time,org.joda.time.MutableInterval,org.joda.time.base.BaseInterval,5,4
cling,15,time,org.joda.time.MutableInterval,org.joda.time.base.BaseInterval,5,4
cling,16,time,org.joda.time.MutableInterval,org.joda.time.base.BaseInterval,5,4
cling,17,time,org.joda.time.MutableInterval,org.joda.time.base.BaseInterval,5,4
cling,18,time,org.joda.time.MutableInterval,org.joda.time.base.BaseInterval,5,4
cling,19,time,org.joda.time.MutableInterval,org.joda.time.base.BaseInterval,5,0
cling,20,time,org.joda.time.MutableInterval,org.joda.time.base.BaseInterval,5,4
cling,1,time,org.joda.time.Minutes,org.joda.time.base.BaseSingleFieldPeriod,60,59
cling,2,time,org.joda.time.Minutes,org.joda.time.base.BaseSingleFieldPeriod,60,59
cling,3,time,org.joda.time.Minutes,org.joda.time.base.BaseSingleFieldPeriod,60,59
cling,4,time,org.joda.time.Minutes,org.joda.time.base.BaseSingleFieldPeriod,60,59
cling,5,time,org.joda.time.Minutes,org.joda.time.base.BaseSingleFieldPeriod,60,59
cling,6,time,org.joda.time.Minutes,org.joda.time.base.BaseSingleFieldPeriod,60,59
cling,7,time,org.joda.time.Minutes,org.joda.time.base.BaseSingleFieldPeriod,60,59
cling,8,time,org.joda.time.Minutes,org.joda.time.base.BaseSingleFieldPeriod,60,59
cling,9,time,org.joda.time.Minutes,org.joda.time.base.BaseSingleFieldPeriod,60,59
cling,10,time,org.joda.time.Minutes,org.joda.time.base.BaseSingleFieldPeriod,60,59
cling,11,time,org.joda.time.Minutes,org.joda.time.base.BaseSingleFieldPeriod,60,59
cling,12,time,org.joda.time.Minutes,org.joda.time.base.BaseSingleFieldPeriod,60,59
cling,13,time,org.joda.time.Minutes,org.joda.time.base.BaseSingleFieldPeriod,60,59
cling,14,time,org.joda.time.Minutes,org.joda.time.base.BaseSingleFieldPeriod,60,59
cling,15,time,org.joda.time.Minutes,org.joda.time.base.BaseSingleFieldPeriod,60,59
cling,16,time,org.joda.time.Minutes,org.joda.time.base.BaseSingleFieldPeriod,60,59
cling,17,time,org.joda.time.Minutes,org.joda.time.base.BaseSingleFieldPeriod,60,59
cling,18,time,org.joda.time.Minutes,org.joda.time.base.BaseSingleFieldPeriod,60,59
cling,19,time,org.joda.time.Minutes,org.joda.time.base.BaseSingleFieldPeriod,60,59
cling,20,time,org.joda.time.Minutes,org.joda.time.base.BaseSingleFieldPeriod,60,59
cling,1,time,org.joda.time.Hours,org.joda.time.base.BaseSingleFieldPeriod,60,59
cling,2,time,org.joda.time.Hours,org.joda.time.base.BaseSingleFieldPeriod,60,59
cling,3,time,org.joda.time.Hours,org.joda.time.base.BaseSingleFieldPeriod,60,59
cling,4,time,org.joda.time.Hours,org.joda.time.base.BaseSingleFieldPeriod,60,59
cling,5,time,org.joda.time.Hours,org.joda.time.base.BaseSingleFieldPeriod,60,59
cling,6,time,org.joda.time.Hours,org.joda.time.base.BaseSingleFieldPeriod,60,59
cling,7,time,org.joda.time.Hours,org.joda.time.base.BaseSingleFieldPeriod,60,59
cling,8,time,org.joda.time.Hours,org.joda.time.base.BaseSingleFieldPeriod,60,59
cling,9,time,org.joda.time.Hours,org.joda.time.base.BaseSingleFieldPeriod,60,59
cling,10,time,org.joda.time.Hours,org.joda.time.base.BaseSingleFieldPeriod,60,59
cling,11,time,org.joda.time.Hours,org.joda.time.base.BaseSingleFieldPeriod,60,59
cling,12,time,org.joda.time.Hours,org.joda.time.base.BaseSingleFieldPeriod,60,59
cling,13,time,org.joda.time.Hours,org.joda.time.base.BaseSingleFieldPeriod,60,59
cling,14,time,org.joda.time.Hours,org.joda.time.base.BaseSingleFieldPeriod,60,59
cling,15,time,org.joda.time.Hours,org.joda.time.base.BaseSingleFieldPeriod,60,59
cling,16,time,org.joda.time.Hours,org.joda.time.base.BaseSingleFieldPeriod,60,59
cling,17,time,org.joda.time.Hours,org.joda.time.base.BaseSingleFieldPeriod,60,59
cling,18,time,org.joda.time.Hours,org.joda.time.base.BaseSingleFieldPeriod,60,59
cling,19,time,org.joda.time.Hours,org.joda.time.base.BaseSingleFieldPeriod,60,56
cling,20,time,org.joda.time.Hours,org.joda.time.base.BaseSingleFieldPeriod,60,59
cling,1,time,org.joda.time.base.BasePeriod,org.joda.time.base.AbstractPeriod,62,51
cling,2,time,org.joda.time.base.BasePeriod,org.joda.time.base.AbstractPeriod,62,52
cling,3,time,org.joda.time.base.BasePeriod,org.joda.time.base.AbstractPeriod,62,50
cling,4,time,org.joda.time.base.BasePeriod,org.joda.time.base.AbstractPeriod,62,58
cling,5,time,org.joda.time.base.BasePeriod,org.joda.time.base.AbstractPeriod,62,56
cling,6,time,org.joda.time.base.BasePeriod,org.joda.time.base.AbstractPeriod,62,52
cling,7,time,org.joda.time.base.BasePeriod,org.joda.time.base.AbstractPeriod,62,46
cling,8,time,org.joda.time.base.BasePeriod,org.joda.time.base.AbstractPeriod,62,52
cling,9,time,org.joda.time.base.BasePeriod,org.joda.time.base.AbstractPeriod,62,50
cling,10,time,org.joda.time.base.BasePeriod,org.joda.time.base.AbstractPeriod,62,56
cling,11,time,org.joda.time.base.BasePeriod,org.joda.time.base.AbstractPeriod,62,52
cling,12,time,org.joda.time.base.BasePeriod,org.joda.time.base.AbstractPeriod,62,56
cling,13,time,org.joda.time.base.BasePeriod,org.joda.time.base.AbstractPeriod,62,56
cling,14,time,org.joda.time.base.BasePeriod,org.joda.time.base.AbstractPeriod,62,56
cling,15,time,org.joda.time.base.BasePeriod,org.joda.time.base.AbstractPeriod,62,52
cling,16,time,org.joda.time.base.BasePeriod,org.joda.time.base.AbstractPeriod,62,57
cling,17,time,org.joda.time.base.BasePeriod,org.joda.time.base.AbstractPeriod,62,54
cling,18,time,org.joda.time.base.BasePeriod,org.joda.time.base.AbstractPeriod,62,55
cling,19,time,org.joda.time.base.BasePeriod,org.joda.time.base.AbstractPeriod,62,56
cling,20,time,org.joda.time.base.BasePeriod,org.joda.time.base.AbstractPeriod,62,50
cling,1,time,org.joda.time.base.AbstractPartial,org.joda.time.TimeOfDay,10,8
cling,2,time,org.joda.time.base.AbstractPartial,org.joda.time.TimeOfDay,10,8
cling,3,time,org.joda.time.base.AbstractPartial,org.joda.time.TimeOfDay,10,8
cling,4,time,org.joda.time.base.AbstractPartial,org.joda.time.TimeOfDay,10,9
cling,5,time,org.joda.time.base.AbstractPartial,org.joda.time.TimeOfDay,10,8
cling,6,time,org.joda.time.base.AbstractPartial,org.joda.time.TimeOfDay,10,9
cling,7,time,org.joda.time.base.AbstractPartial,org.joda.time.TimeOfDay,10,8
cling,8,time,org.joda.time.base.AbstractPartial,org.joda.time.TimeOfDay,10,8
cling,9,time,org.joda.time.base.AbstractPartial,org.joda.time.TimeOfDay,10,8
cling,10,time,org.joda.time.base.AbstractPartial,org.joda.time.TimeOfDay,10,8
cling,11,time,org.joda.time.base.AbstractPartial,org.joda.time.TimeOfDay,10,8
cling,12,time,org.joda.time.base.AbstractPartial,org.joda.time.TimeOfDay,10,8
cling,13,time,org.joda.time.base.AbstractPartial,org.joda.time.TimeOfDay,10,8
cling,14,time,org.joda.time.base.AbstractPartial,org.joda.time.TimeOfDay,10,8
cling,15,time,org.joda.time.base.AbstractPartial,org.joda.time.TimeOfDay,10,8
cling,16,time,org.joda.time.base.AbstractPartial,org.joda.time.TimeOfDay,10,9
cling,17,time,org.joda.time.base.AbstractPartial,org.joda.time.TimeOfDay,10,8
cling,18,time,org.joda.time.base.AbstractPartial,org.joda.time.TimeOfDay,10,8
cling,19,time,org.joda.time.base.AbstractPartial,org.joda.time.TimeOfDay,10,8
cling,20,time,org.joda.time.base.AbstractPartial,org.joda.time.TimeOfDay,10,9
cling,1,time,org.joda.time.chrono.BasicChronology,org.joda.time.chrono.CopticChronology,4,3
cling,2,time,org.joda.time.chrono.BasicChronology,org.joda.time.chrono.CopticChronology,4,3
cling,3,time,org.joda.time.chrono.BasicChronology,org.joda.time.chrono.CopticChronology,4,3
cling,4,time,org.joda.time.chrono.BasicChronology,org.joda.time.chrono.CopticChronology,4,3
cling,5,time,org.joda.time.chrono.BasicChronology,org.joda.time.chrono.CopticChronology,4,3
cling,6,time,org.joda.time.chrono.BasicChronology,org.joda.time.chrono.CopticChronology,4,3
cling,7,time,org.joda.time.chrono.BasicChronology,org.joda.time.chrono.CopticChronology,4,3
cling,8,time,org.joda.time.chrono.BasicChronology,org.joda.time.chrono.CopticChronology,4,3
cling,9,time,org.joda.time.chrono.BasicChronology,org.joda.time.chrono.CopticChronology,4,3
cling,10,time,org.joda.time.chrono.BasicChronology,org.joda.time.chrono.CopticChronology,4,3
cling,11,time,org.joda.time.chrono.BasicChronology,org.joda.time.chrono.CopticChronology,4,3
cling,12,time,org.joda.time.chrono.BasicChronology,org.joda.time.chrono.CopticChronology,4,3
cling,13,time,org.joda.time.chrono.BasicChronology,org.joda.time.chrono.CopticChronology,4,3
cling,14,time,org.joda.time.chrono.BasicChronology,org.joda.time.chrono.CopticChronology,4,3
cling,15,time,org.joda.time.chrono.BasicChronology,org.joda.time.chrono.CopticChronology,4,1
cling,16,time,org.joda.time.chrono.BasicChronology,org.joda.time.chrono.CopticChronology,4,3
cling,17,time,org.joda.time.chrono.BasicChronology,org.joda.time.chrono.CopticChronology,4,3
cling,18,time,org.joda.time.chrono.BasicChronology,org.joda.time.chrono.CopticChronology,4,3
cling,19,time,org.joda.time.chrono.BasicChronology,org.joda.time.chrono.CopticChronology,4,1
cling,20,time,org.joda.time.chrono.BasicChronology,org.joda.time.chrono.CopticChronology,4,3
cling,1,time,org.joda.time.Period,org.joda.time.base.AbstractPeriod,105,98
cling,2,time,org.joda.time.Period,org.joda.time.base.AbstractPeriod,105,98
cling,3,time,org.joda.time.Period,org.joda.time.base.AbstractPeriod,105,97
cling,4,time,org.joda.time.Period,org.joda.time.base.AbstractPeriod,105,78
cling,5,time,org.joda.time.Period,org.joda.time.base.AbstractPeriod,105,97
cling,6,time,org.joda.time.Period,org.joda.time.base.AbstractPeriod,105,98
cling,7,time,org.joda.time.Period,org.joda.time.base.AbstractPeriod,105,98
cling,8,time,org.joda.time.Period,org.joda.time.base.AbstractPeriod,105,74
cling,9,time,org.joda.time.Period,org.joda.time.base.AbstractPeriod,105,100
cling,10,time,org.joda.time.Period,org.joda.time.base.AbstractPeriod,105,97
cling,11,time,org.joda.time.Period,org.joda.time.base.AbstractPeriod,105,85
cling,12,time,org.joda.time.Period,org.joda.time.base.AbstractPeriod,105,98
cling,13,time,org.joda.time.Period,org.joda.time.base.AbstractPeriod,105,100
cling,14,time,org.joda.time.Period,org.joda.time.base.AbstractPeriod,105,96
cling,15,time,org.joda.time.Period,org.joda.time.base.AbstractPeriod,105,98
cling,16,time,org.joda.time.Period,org.joda.time.base.AbstractPeriod,105,96
cling,17,time,org.joda.time.Period,org.joda.time.base.AbstractPeriod,105,98
cling,18,time,org.joda.time.Period,org.joda.time.base.AbstractPeriod,105,98
cling,19,time,org.joda.time.Period,org.joda.time.base.AbstractPeriod,105,98
cling,20,time,org.joda.time.Period,org.joda.time.base.AbstractPeriod,105,97
cling,1,time,org.joda.time.Period,org.joda.time.base.BasePeriod,70,58
cling,2,time,org.joda.time.Period,org.joda.time.base.BasePeriod,70,60
cling,3,time,org.joda.time.Period,org.joda.time.base.BasePeriod,70,58
cling,4,time,org.joda.time.Period,org.joda.time.base.BasePeriod,70,58
cling,5,time,org.joda.time.Period,org.joda.time.base.BasePeriod,70,60
cling,6,time,org.joda.time.Period,org.joda.time.base.BasePeriod,70,60
cling,7,time,org.joda.time.Period,org.joda.time.base.BasePeriod,70,56
cling,8,time,org.joda.time.Period,org.joda.time.base.BasePeriod,70,62
cling,9,time,org.joda.time.Period,org.joda.time.base.BasePeriod,70,60
cling,10,time,org.joda.time.Period,org.joda.time.base.BasePeriod,70,58
cling,11,time,org.joda.time.Period,org.joda.time.base.BasePeriod,70,64
cling,12,time,org.joda.time.Period,org.joda.time.base.BasePeriod,70,57
cling,13,time,org.joda.time.Period,org.joda.time.base.BasePeriod,70,59
cling,14,time,org.joda.time.Period,org.joda.time.base.BasePeriod,70,59
cling,15,time,org.joda.time.Period,org.joda.time.base.BasePeriod,70,66
cling,16,time,org.joda.time.Period,org.joda.time.base.BasePeriod,70,57
cling,17,time,org.joda.time.Period,org.joda.time.base.BasePeriod,70,55
cling,18,time,org.joda.time.Period,org.joda.time.base.BasePeriod,70,60
cling,19,time,org.joda.time.Period,org.joda.time.base.BasePeriod,70,60
cling,20,time,org.joda.time.Period,org.joda.time.base.BasePeriod,70,60
cling,1,time,org.joda.time.Weeks,org.joda.time.base.BaseSingleFieldPeriod,60,59
cling,2,time,org.joda.time.Weeks,org.joda.time.base.BaseSingleFieldPeriod,60,59
cling,3,time,org.joda.time.Weeks,org.joda.time.base.BaseSingleFieldPeriod,60,59
cling,4,time,org.joda.time.Weeks,org.joda.time.base.BaseSingleFieldPeriod,60,59
cling,5,time,org.joda.time.Weeks,org.joda.time.base.BaseSingleFieldPeriod,60,59
cling,6,time,org.joda.time.Weeks,org.joda.time.base.BaseSingleFieldPeriod,60,59
cling,7,time,org.joda.time.Weeks,org.joda.time.base.BaseSingleFieldPeriod,60,59
cling,8,time,org.joda.time.Weeks,org.joda.time.base.BaseSingleFieldPeriod,60,59
cling,9,time,org.joda.time.Weeks,org.joda.time.base.BaseSingleFieldPeriod,60,59
cling,10,time,org.joda.time.Weeks,org.joda.time.base.BaseSingleFieldPeriod,60,59
cling,11,time,org.joda.time.Weeks,org.joda.time.base.BaseSingleFieldPeriod,60,59
cling,12,time,org.joda.time.Weeks,org.joda.time.base.BaseSingleFieldPeriod,60,59
cling,13,time,org.joda.time.Weeks,org.joda.time.base.BaseSingleFieldPeriod,60,59
cling,14,time,org.joda.time.Weeks,org.joda.time.base.BaseSingleFieldPeriod,60,59
cling,15,time,org.joda.time.Weeks,org.joda.time.base.BaseSingleFieldPeriod,60,59
cling,16,time,org.joda.time.Weeks,org.joda.time.base.BaseSingleFieldPeriod,60,59
cling,17,time,org.joda.time.Weeks,org.joda.time.base.BaseSingleFieldPeriod,60,59
cling,18,time,org.joda.time.Weeks,org.joda.time.base.BaseSingleFieldPeriod,60,59
cling,19,time,org.joda.time.Weeks,org.joda.time.base.BaseSingleFieldPeriod,60,59
cling,20,time,org.joda.time.Weeks,org.joda.time.base.BaseSingleFieldPeriod,60,59
cling,1,time,org.joda.time.format.DateTimeFormatterBuilder$TextField,org.joda.time.MutableDateTime,70,4
cling,2,time,org.joda.time.format.DateTimeFormatterBuilder$TextField,org.joda.time.MutableDateTime,70,33
cling,3,time,org.joda.time.format.DateTimeFormatterBuilder$TextField,org.joda.time.MutableDateTime,70,6
cling,4,time,org.joda.time.format.DateTimeFormatterBuilder$TextField,org.joda.time.MutableDateTime,70,33
cling,5,time,org.joda.time.format.DateTimeFormatterBuilder$TextField,org.joda.time.MutableDateTime,70,12
cling,6,time,org.joda.time.format.DateTimeFormatterBuilder$TextField,org.joda.time.MutableDateTime,70,6
cling,7,time,org.joda.time.format.DateTimeFormatterBuilder$TextField,org.joda.time.MutableDateTime,70,12
cling,8,time,org.joda.time.format.DateTimeFormatterBuilder$TextField,org.joda.time.MutableDateTime,70,6
cling,9,time,org.joda.time.format.DateTimeFormatterBuilder$TextField,org.joda.time.MutableDateTime,70,12
cling,10,time,org.joda.time.format.DateTimeFormatterBuilder$TextField,org.joda.time.MutableDateTime,70,16
cling,11,time,org.joda.time.format.DateTimeFormatterBuilder$TextField,org.joda.time.MutableDateTime,70,12
cling,12,time,org.joda.time.format.DateTimeFormatterBuilder$TextField,org.joda.time.MutableDateTime,70,30
cling,13,time,org.joda.time.format.DateTimeFormatterBuilder$TextField,org.joda.time.MutableDateTime,70,12
cling,14,time,org.joda.time.format.DateTimeFormatterBuilder$TextField,org.joda.time.MutableDateTime,70,6
cling,15,time,org.joda.time.format.DateTimeFormatterBuilder$TextField,org.joda.time.MutableDateTime,70,12
cling,16,time,org.joda.time.format.DateTimeFormatterBuilder$TextField,org.joda.time.MutableDateTime,70,12
cling,17,time,org.joda.time.format.DateTimeFormatterBuilder$TextField,org.joda.time.MutableDateTime,70,12
cling,18,time,org.joda.time.format.DateTimeFormatterBuilder$TextField,org.joda.time.MutableDateTime,70,12
cling,19,time,org.joda.time.format.DateTimeFormatterBuilder$TextField,org.joda.time.MutableDateTime,70,9
cling,20,time,org.joda.time.format.DateTimeFormatterBuilder$TextField,org.joda.time.MutableDateTime,70,6
cling,1,time,org.joda.time.Period,org.joda.time.PeriodType,727,697
cling,2,time,org.joda.time.Period,org.joda.time.PeriodType,727,715
cling,3,time,org.joda.time.Period,org.joda.time.PeriodType,727,702
cling,4,time,org.joda.time.Period,org.joda.time.PeriodType,727,698
cling,5,time,org.joda.time.Period,org.joda.time.PeriodType,727,678
cling,6,time,org.joda.time.Period,org.joda.time.PeriodType,727,700
cling,7,time,org.joda.time.Period,org.joda.time.PeriodType,727,699
cling,8,time,org.joda.time.Period,org.joda.time.PeriodType,727,700
cling,9,time,org.joda.time.Period,org.joda.time.PeriodType,727,708
cling,10,time,org.joda.time.Period,org.joda.time.PeriodType,727,706
cling,11,time,org.joda.time.Period,org.joda.time.PeriodType,727,702
cling,12,time,org.joda.time.Period,org.joda.time.PeriodType,727,691
cling,13,time,org.joda.time.Period,org.joda.time.PeriodType,727,698
cling,14,time,org.joda.time.Period,org.joda.time.PeriodType,727,696
cling,15,time,org.joda.time.Period,org.joda.time.PeriodType,727,707
cling,16,time,org.joda.time.Period,org.joda.time.PeriodType,727,711
cling,17,time,org.joda.time.Period,org.joda.time.PeriodType,727,686
cling,18,time,org.joda.time.Period,org.joda.time.PeriodType,727,687
cling,19,time,org.joda.time.Period,org.joda.time.PeriodType,727,698
cling,20,time,org.joda.time.Period,org.joda.time.PeriodType,727,681
cling,1,time,org.joda.time.LocalTime$Property,org.joda.time.LocalTime,6,5
cling,2,time,org.joda.time.LocalTime$Property,org.joda.time.LocalTime,6,5
cling,3,time,org.joda.time.LocalTime$Property,org.joda.time.LocalTime,6,5
cling,4,time,org.joda.time.LocalTime$Property,org.joda.time.LocalTime,6,5
cling,5,time,org.joda.time.LocalTime$Property,org.joda.time.LocalTime,6,5
cling,6,time,org.joda.time.LocalTime$Property,org.joda.time.LocalTime,6,3
cling,7,time,org.joda.time.LocalTime$Property,org.joda.time.LocalTime,6,5
cling,8,time,org.joda.time.LocalTime$Property,org.joda.time.LocalTime,6,5
cling,9,time,org.joda.time.LocalTime$Property,org.joda.time.LocalTime,6,5
cling,10,time,org.joda.time.LocalTime$Property,org.joda.time.LocalTime,6,4
cling,11,time,org.joda.time.LocalTime$Property,org.joda.time.LocalTime,6,5
cling,12,time,org.joda.time.LocalTime$Property,org.joda.time.LocalTime,6,5
cling,13,time,org.joda.time.LocalTime$Property,org.joda.time.LocalTime,6,4
cling,14,time,org.joda.time.LocalTime$Property,org.joda.time.LocalTime,6,5
cling,15,time,org.joda.time.LocalTime$Property,org.joda.time.LocalTime,6,5
cling,16,time,org.joda.time.LocalTime$Property,org.joda.time.LocalTime,6,5
cling,17,time,org.joda.time.LocalTime$Property,org.joda.time.LocalTime,6,4
cling,18,time,org.joda.time.LocalTime$Property,org.joda.time.LocalTime,6,5
cling,19,time,org.joda.time.LocalTime$Property,org.joda.time.LocalTime,6,5
cling,20,time,org.joda.time.LocalTime$Property,org.joda.time.LocalTime,6,4
cling,1,time,org.joda.time.chrono.BasicWeekyearDateTimeField,org.joda.time.chrono.BasicChronology,28,25
cling,2,time,org.joda.time.chrono.BasicWeekyearDateTimeField,org.joda.time.chrono.BasicChronology,28,25
cling,3,time,org.joda.time.chrono.BasicWeekyearDateTimeField,org.joda.time.chrono.BasicChronology,28,25
cling,4,time,org.joda.time.chrono.BasicWeekyearDateTimeField,org.joda.time.chrono.BasicChronology,28,25
cling,5,time,org.joda.time.chrono.BasicWeekyearDateTimeField,org.joda.time.chrono.BasicChronology,28,22
cling,6,time,org.joda.time.chrono.BasicWeekyearDateTimeField,org.joda.time.chrono.BasicChronology,28,22
cling,7,time,org.joda.time.chrono.BasicWeekyearDateTimeField,org.joda.time.chrono.BasicChronology,28,22
cling,8,time,org.joda.time.chrono.BasicWeekyearDateTimeField,org.joda.time.chrono.BasicChronology,28,22
cling,9,time,org.joda.time.chrono.BasicWeekyearDateTimeField,org.joda.time.chrono.BasicChronology,28,25
cling,10,time,org.joda.time.chrono.BasicWeekyearDateTimeField,org.joda.time.chrono.BasicChronology,28,25
cling,11,time,org.joda.time.chrono.BasicWeekyearDateTimeField,org.joda.time.chrono.BasicChronology,28,25
cling,12,time,org.joda.time.chrono.BasicWeekyearDateTimeField,org.joda.time.chrono.BasicChronology,28,22
cling,13,time,org.joda.time.chrono.BasicWeekyearDateTimeField,org.joda.time.chrono.BasicChronology,28,22
cling,14,time,org.joda.time.chrono.BasicWeekyearDateTimeField,org.joda.time.chrono.BasicChronology,28,25
cling,15,time,org.joda.time.chrono.BasicWeekyearDateTimeField,org.joda.time.chrono.BasicChronology,28,25
cling,16,time,org.joda.time.chrono.BasicWeekyearDateTimeField,org.joda.time.chrono.BasicChronology,28,25
cling,17,time,org.joda.time.chrono.BasicWeekyearDateTimeField,org.joda.time.chrono.BasicChronology,28,22
cling,18,time,org.joda.time.chrono.BasicWeekyearDateTimeField,org.joda.time.chrono.BasicChronology,28,25
cling,19,time,org.joda.time.chrono.BasicWeekyearDateTimeField,org.joda.time.chrono.BasicChronology,28,22
cling,20,time,org.joda.time.chrono.BasicWeekyearDateTimeField,org.joda.time.chrono.BasicChronology,28,22
cling,1,time,org.joda.time.chrono.GJChronology,org.joda.time.chrono.GJChronology$CutoverField,28,25
cling,2,time,org.joda.time.chrono.GJChronology,org.joda.time.chrono.GJChronology$CutoverField,28,25
cling,3,time,org.joda.time.chrono.GJChronology,org.joda.time.chrono.GJChronology$CutoverField,28,25
cling,4,time,org.joda.time.chrono.GJChronology,org.joda.time.chrono.GJChronology$CutoverField,28,25
cling,5,time,org.joda.time.chrono.GJChronology,org.joda.time.chrono.GJChronology$CutoverField,28,26
cling,6,time,org.joda.time.chrono.GJChronology,org.joda.time.chrono.GJChronology$CutoverField,28,25
cling,7,time,org.joda.time.chrono.GJChronology,org.joda.time.chrono.GJChronology$CutoverField,28,25
cling,8,time,org.joda.time.chrono.GJChronology,org.joda.time.chrono.GJChronology$CutoverField,28,26
cling,9,time,org.joda.time.chrono.GJChronology,org.joda.time.chrono.GJChronology$CutoverField,28,26
cling,10,time,org.joda.time.chrono.GJChronology,org.joda.time.chrono.GJChronology$CutoverField,28,25
cling,11,time,org.joda.time.chrono.GJChronology,org.joda.time.chrono.GJChronology$CutoverField,28,25
cling,12,time,org.joda.time.chrono.GJChronology,org.joda.time.chrono.GJChronology$CutoverField,28,25
cling,13,time,org.joda.time.chrono.GJChronology,org.joda.time.chrono.GJChronology$CutoverField,28,25
cling,14,time,org.joda.time.chrono.GJChronology,org.joda.time.chrono.GJChronology$CutoverField,28,25
cling,15,time,org.joda.time.chrono.GJChronology,org.joda.time.chrono.GJChronology$CutoverField,28,25
cling,16,time,org.joda.time.chrono.GJChronology,org.joda.time.chrono.GJChronology$CutoverField,28,25
cling,17,time,org.joda.time.chrono.GJChronology,org.joda.time.chrono.GJChronology$CutoverField,28,25
cling,18,time,org.joda.time.chrono.GJChronology,org.joda.time.chrono.GJChronology$CutoverField,28,25
cling,19,time,org.joda.time.chrono.GJChronology,org.joda.time.chrono.GJChronology$CutoverField,28,26
cling,20,time,org.joda.time.chrono.GJChronology,org.joda.time.chrono.GJChronology$CutoverField,28,25
cling,1,time,org.joda.time.chrono.GJChronology,org.joda.time.chrono.JulianChronology,2014,94
cling,2,time,org.joda.time.chrono.GJChronology,org.joda.time.chrono.JulianChronology,2014,100
cling,3,time,org.joda.time.chrono.GJChronology,org.joda.time.chrono.JulianChronology,2014,100
cling,4,time,org.joda.time.chrono.GJChronology,org.joda.time.chrono.JulianChronology,2014,119
cling,5,time,org.joda.time.chrono.GJChronology,org.joda.time.chrono.JulianChronology,2014,95
cling,6,time,org.joda.time.chrono.GJChronology,org.joda.time.chrono.JulianChronology,2014,100
cling,7,time,org.joda.time.chrono.GJChronology,org.joda.time.chrono.JulianChronology,2014,116
cling,8,time,org.joda.time.chrono.GJChronology,org.joda.time.chrono.JulianChronology,2014,129
cling,9,time,org.joda.time.chrono.GJChronology,org.joda.time.chrono.JulianChronology,2014,110
cling,10,time,org.joda.time.chrono.GJChronology,org.joda.time.chrono.JulianChronology,2014,118
cling,11,time,org.joda.time.chrono.GJChronology,org.joda.time.chrono.JulianChronology,2014,121
cling,12,time,org.joda.time.chrono.GJChronology,org.joda.time.chrono.JulianChronology,2014,100
cling,13,time,org.joda.time.chrono.GJChronology,org.joda.time.chrono.JulianChronology,2014,129
cling,14,time,org.joda.time.chrono.GJChronology,org.joda.time.chrono.JulianChronology,2014,121
cling,15,time,org.joda.time.chrono.GJChronology,org.joda.time.chrono.JulianChronology,2014,99
cling,16,time,org.joda.time.chrono.GJChronology,org.joda.time.chrono.JulianChronology,2014,108
cling,17,time,org.joda.time.chrono.GJChronology,org.joda.time.chrono.JulianChronology,2014,126
cling,18,time,org.joda.time.chrono.GJChronology,org.joda.time.chrono.JulianChronology,2014,102
cling,19,time,org.joda.time.chrono.GJChronology,org.joda.time.chrono.JulianChronology,2014,101
cling,20,time,org.joda.time.chrono.GJChronology,org.joda.time.chrono.JulianChronology,2014,122
cling,1,time,org.joda.time.chrono.CopticChronology,org.joda.time.DateTimeZone,754,329
cling,2,time,org.joda.time.chrono.CopticChronology,org.joda.time.DateTimeZone,754,328
cling,3,time,org.joda.time.chrono.CopticChronology,org.joda.time.DateTimeZone,754,278
cling,4,time,org.joda.time.chrono.CopticChronology,org.joda.time.DateTimeZone,754,335
cling,5,time,org.joda.time.chrono.CopticChronology,org.joda.time.DateTimeZone,754,284
cling,6,time,org.joda.time.chrono.CopticChronology,org.joda.time.DateTimeZone,754,339
cling,7,time,org.joda.time.chrono.CopticChronology,org.joda.time.DateTimeZone,754,343
cling,8,time,org.joda.time.chrono.CopticChronology,org.joda.time.DateTimeZone,754,285
cling,9,time,org.joda.time.chrono.CopticChronology,org.joda.time.DateTimeZone,754,323
cling,10,time,org.joda.time.chrono.CopticChronology,org.joda.time.DateTimeZone,754,340
cling,11,time,org.joda.time.chrono.CopticChronology,org.joda.time.DateTimeZone,754,473
cling,12,time,org.joda.time.chrono.CopticChronology,org.joda.time.DateTimeZone,754,282
cling,13,time,org.joda.time.chrono.CopticChronology,org.joda.time.DateTimeZone,754,280
cling,14,time,org.joda.time.chrono.CopticChronology,org.joda.time.DateTimeZone,754,278
cling,15,time,org.joda.time.chrono.CopticChronology,org.joda.time.DateTimeZone,754,329
cling,16,time,org.joda.time.chrono.CopticChronology,org.joda.time.DateTimeZone,754,317
cling,17,time,org.joda.time.chrono.CopticChronology,org.joda.time.DateTimeZone,754,313
cling,18,time,org.joda.time.chrono.CopticChronology,org.joda.time.DateTimeZone,754,319
cling,19,time,org.joda.time.chrono.CopticChronology,org.joda.time.DateTimeZone,754,302
cling,20,time,org.joda.time.chrono.CopticChronology,org.joda.time.DateTimeZone,754,327
cling,1,time,org.joda.time.chrono.ZonedChronology,org.joda.time.DateTimeZone,333,102
cling,2,time,org.joda.time.chrono.ZonedChronology,org.joda.time.DateTimeZone,333,218
cling,3,time,org.joda.time.chrono.ZonedChronology,org.joda.time.DateTimeZone,333,212
cling,4,time,org.joda.time.chrono.ZonedChronology,org.joda.time.DateTimeZone,333,171
cling,5,time,org.joda.time.chrono.ZonedChronology,org.joda.time.DateTimeZone,333,144
cling,6,time,org.joda.time.chrono.ZonedChronology,org.joda.time.DateTimeZone,333,210
cling,7,time,org.joda.time.chrono.ZonedChronology,org.joda.time.DateTimeZone,333,173
cling,8,time,org.joda.time.chrono.ZonedChronology,org.joda.time.DateTimeZone,333,201
cling,9,time,org.joda.time.chrono.ZonedChronology,org.joda.time.DateTimeZone,333,226
cling,10,time,org.joda.time.chrono.ZonedChronology,org.joda.time.DateTimeZone,333,207
cling,11,time,org.joda.time.chrono.ZonedChronology,org.joda.time.DateTimeZone,333,208
cling,12,time,org.joda.time.chrono.ZonedChronology,org.joda.time.DateTimeZone,333,228
cling,13,time,org.joda.time.chrono.ZonedChronology,org.joda.time.DateTimeZone,333,151
cling,14,time,org.joda.time.chrono.ZonedChronology,org.joda.time.DateTimeZone,333,216
cling,15,time,org.joda.time.chrono.ZonedChronology,org.joda.time.DateTimeZone,333,204
cling,16,time,org.joda.time.chrono.ZonedChronology,org.joda.time.DateTimeZone,333,203
cling,17,time,org.joda.time.chrono.ZonedChronology,org.joda.time.DateTimeZone,333,216
cling,18,time,org.joda.time.chrono.ZonedChronology,org.joda.time.DateTimeZone,333,219
cling,19,time,org.joda.time.chrono.ZonedChronology,org.joda.time.DateTimeZone,333,213
cling,20,time,org.joda.time.chrono.ZonedChronology,org.joda.time.DateTimeZone,333,196
cling,1,time,org.joda.time.chrono.ZonedChronology$ZonedDateTimeField,org.joda.time.DateTimeZone,206,81
cling,2,time,org.joda.time.chrono.ZonedChronology$ZonedDateTimeField,org.joda.time.DateTimeZone,206,89
cling,3,time,org.joda.time.chrono.ZonedChronology$ZonedDateTimeField,org.joda.time.DateTimeZone,206,71
cling,4,time,org.joda.time.chrono.ZonedChronology$ZonedDateTimeField,org.joda.time.DateTimeZone,206,82
cling,5,time,org.joda.time.chrono.ZonedChronology$ZonedDateTimeField,org.joda.time.DateTimeZone,206,100
cling,6,time,org.joda.time.chrono.ZonedChronology$ZonedDateTimeField,org.joda.time.DateTimeZone,206,107
cling,7,time,org.joda.time.chrono.ZonedChronology$ZonedDateTimeField,org.joda.time.DateTimeZone,206,98
cling,8,time,org.joda.time.chrono.ZonedChronology$ZonedDateTimeField,org.joda.time.DateTimeZone,206,85
cling,9,time,org.joda.time.chrono.ZonedChronology$ZonedDateTimeField,org.joda.time.DateTimeZone,206,87
cling,10,time,org.joda.time.chrono.ZonedChronology$ZonedDateTimeField,org.joda.time.DateTimeZone,206,69
cling,11,time,org.joda.time.chrono.ZonedChronology$ZonedDateTimeField,org.joda.time.DateTimeZone,206,65
cling,12,time,org.joda.time.chrono.ZonedChronology$ZonedDateTimeField,org.joda.time.DateTimeZone,206,55
cling,13,time,org.joda.time.chrono.ZonedChronology$ZonedDateTimeField,org.joda.time.DateTimeZone,206,92
cling,14,time,org.joda.time.chrono.ZonedChronology$ZonedDateTimeField,org.joda.time.DateTimeZone,206,68
cling,15,time,org.joda.time.chrono.ZonedChronology$ZonedDateTimeField,org.joda.time.DateTimeZone,206,74
cling,16,time,org.joda.time.chrono.ZonedChronology$ZonedDateTimeField,org.joda.time.DateTimeZone,206,88
cling,17,time,org.joda.time.chrono.ZonedChronology$ZonedDateTimeField,org.joda.time.DateTimeZone,206,88
cling,18,time,org.joda.time.chrono.ZonedChronology$ZonedDateTimeField,org.joda.time.DateTimeZone,206,70
cling,19,time,org.joda.time.chrono.ZonedChronology$ZonedDateTimeField,org.joda.time.DateTimeZone,206,89
cling,20,time,org.joda.time.chrono.ZonedChronology$ZonedDateTimeField,org.joda.time.DateTimeZone,206,78
cling,1,time,org.joda.time.chrono.ISOChronology,org.joda.time.DateTimeZone,697,125
cling,2,time,org.joda.time.chrono.ISOChronology,org.joda.time.DateTimeZone,697,216
cling,3,time,org.joda.time.chrono.ISOChronology,org.joda.time.DateTimeZone,697,118
cling,4,time,org.joda.time.chrono.ISOChronology,org.joda.time.DateTimeZone,697,356
cling,5,time,org.joda.time.chrono.ISOChronology,org.joda.time.DateTimeZone,697,291
cling,6,time,org.joda.time.chrono.ISOChronology,org.joda.time.DateTimeZone,697,407
cling,7,time,org.joda.time.chrono.ISOChronology,org.joda.time.DateTimeZone,697,397
cling,8,time,org.joda.time.chrono.ISOChronology,org.joda.time.DateTimeZone,697,209
cling,9,time,org.joda.time.chrono.ISOChronology,org.joda.time.DateTimeZone,697,323
cling,10,time,org.joda.time.chrono.ISOChronology,org.joda.time.DateTimeZone,697,137
cling,11,time,org.joda.time.chrono.ISOChronology,org.joda.time.DateTimeZone,697,127
cling,12,time,org.joda.time.chrono.ISOChronology,org.joda.time.DateTimeZone,697,384
cling,13,time,org.joda.time.chrono.ISOChronology,org.joda.time.DateTimeZone,697,149
cling,14,time,org.joda.time.chrono.ISOChronology,org.joda.time.DateTimeZone,697,291
cling,15,time,org.joda.time.chrono.ISOChronology,org.joda.time.DateTimeZone,697,223
cling,16,time,org.joda.time.chrono.ISOChronology,org.joda.time.DateTimeZone,697,169
cling,17,time,org.joda.time.chrono.ISOChronology,org.joda.time.DateTimeZone,697,395
cling,18,time,org.joda.time.chrono.ISOChronology,org.joda.time.DateTimeZone,697,373
cling,19,time,org.joda.time.chrono.ISOChronology,org.joda.time.DateTimeZone,697,124
cling,20,time,org.joda.time.chrono.ISOChronology,org.joda.time.DateTimeZone,697,418
cling,1,time,org.joda.time.DateTimeUtils,org.joda.time.DateTimeZone,87,69
cling,2,time,org.joda.time.DateTimeUtils,org.joda.time.DateTimeZone,87,76
cling,3,time,org.joda.time.DateTimeUtils,org.joda.time.DateTimeZone,87,75
cling,4,time,org.joda.time.DateTimeUtils,org.joda.time.DateTimeZone,87,74
cling,5,time,org.joda.time.DateTimeUtils,org.joda.time.DateTimeZone,87,77
cling,6,time,org.joda.time.DateTimeUtils,org.joda.time.DateTimeZone,87,75
cling,7,time,org.joda.time.DateTimeUtils,org.joda.time.DateTimeZone,87,74
cling,8,time,org.joda.time.DateTimeUtils,org.joda.time.DateTimeZone,87,75
cling,9,time,org.joda.time.DateTimeUtils,org.joda.time.DateTimeZone,87,73
cling,10,time,org.joda.time.DateTimeUtils,org.joda.time.DateTimeZone,87,75
cling,11,time,org.joda.time.DateTimeUtils,org.joda.time.DateTimeZone,87,77
cling,12,time,org.joda.time.DateTimeUtils,org.joda.time.DateTimeZone,87,74
cling,13,time,org.joda.time.DateTimeUtils,org.joda.time.DateTimeZone,87,73
cling,14,time,org.joda.time.DateTimeUtils,org.joda.time.DateTimeZone,87,74
cling,15,time,org.joda.time.DateTimeUtils,org.joda.time.DateTimeZone,87,73
cling,16,time,org.joda.time.DateTimeUtils,org.joda.time.DateTimeZone,87,74
cling,17,time,org.joda.time.DateTimeUtils,org.joda.time.DateTimeZone,87,74
cling,18,time,org.joda.time.DateTimeUtils,org.joda.time.DateTimeZone,87,76
cling,19,time,org.joda.time.DateTimeUtils,org.joda.time.DateTimeZone,87,76
cling,20,time,org.joda.time.DateTimeUtils,org.joda.time.DateTimeZone,87,74
cling,1,time,org.joda.time.LocalDate,org.joda.time.format.ISODateTimeFormat,35,29
cling,2,time,org.joda.time.LocalDate,org.joda.time.format.ISODateTimeFormat,35,27
cling,3,time,org.joda.time.LocalDate,org.joda.time.format.ISODateTimeFormat,35,29
cling,4,time,org.joda.time.LocalDate,org.joda.time.format.ISODateTimeFormat,35,29
cling,5,time,org.joda.time.LocalDate,org.joda.time.format.ISODateTimeFormat,35,28
cling,6,time,org.joda.time.LocalDate,org.joda.time.format.ISODateTimeFormat,35,25
cling,7,time,org.joda.time.LocalDate,org.joda.time.format.ISODateTimeFormat,35,29
cling,8,time,org.joda.time.LocalDate,org.joda.time.format.ISODateTimeFormat,35,28
cling,9,time,org.joda.time.LocalDate,org.joda.time.format.ISODateTimeFormat,35,29
cling,10,time,org.joda.time.LocalDate,org.joda.time.format.ISODateTimeFormat,35,27
cling,11,time,org.joda.time.LocalDate,org.joda.time.format.ISODateTimeFormat,35,28
cling,12,time,org.joda.time.LocalDate,org.joda.time.format.ISODateTimeFormat,35,24
cling,13,time,org.joda.time.LocalDate,org.joda.time.format.ISODateTimeFormat,35,28
cling,14,time,org.joda.time.LocalDate,org.joda.time.format.ISODateTimeFormat,35,27
cling,15,time,org.joda.time.LocalDate,org.joda.time.format.ISODateTimeFormat,35,29
cling,16,time,org.joda.time.LocalDate,org.joda.time.format.ISODateTimeFormat,35,29
cling,17,time,org.joda.time.LocalDate,org.joda.time.format.ISODateTimeFormat,35,28
cling,18,time,org.joda.time.LocalDate,org.joda.time.format.ISODateTimeFormat,35,27
cling,19,time,org.joda.time.LocalDate,org.joda.time.format.ISODateTimeFormat,35,26
cling,20,time,org.joda.time.LocalDate,org.joda.time.format.ISODateTimeFormat,35,25
cling,1,time,org.joda.time.LocalDate,org.joda.time.DateTime,2,1
cling,2,time,org.joda.time.LocalDate,org.joda.time.DateTime,2,1
cling,3,time,org.joda.time.LocalDate,org.joda.time.DateTime,2,1
cling,4,time,org.joda.time.LocalDate,org.joda.time.DateTime,2,1
cling,5,time,org.joda.time.LocalDate,org.joda.time.DateTime,2,1
cling,6,time,org.joda.time.LocalDate,org.joda.time.DateTime,2,1
cling,7,time,org.joda.time.LocalDate,org.joda.time.DateTime,2,1
cling,8,time,org.joda.time.LocalDate,org.joda.time.DateTime,2,1
cling,9,time,org.joda.time.LocalDate,org.joda.time.DateTime,2,1
cling,10,time,org.joda.time.LocalDate,org.joda.time.DateTime,2,1
cling,11,time,org.joda.time.LocalDate,org.joda.time.DateTime,2,1
cling,12,time,org.joda.time.LocalDate,org.joda.time.DateTime,2,1
cling,13,time,org.joda.time.LocalDate,org.joda.time.DateTime,2,1
cling,14,time,org.joda.time.LocalDate,org.joda.time.DateTime,2,1
cling,15,time,org.joda.time.LocalDate,org.joda.time.DateTime,2,1
cling,16,time,org.joda.time.LocalDate,org.joda.time.DateTime,2,1
cling,17,time,org.joda.time.LocalDate,org.joda.time.DateTime,2,1
cling,18,time,org.joda.time.LocalDate,org.joda.time.DateTime,2,1
cling,19,time,org.joda.time.LocalDate,org.joda.time.DateTime,2,1
cling,20,time,org.joda.time.LocalDate,org.joda.time.DateTime,2,1
cling,1,time,org.joda.time.DateTimeZone,org.joda.time.field.FieldUtils,52,40
cling,2,time,org.joda.time.DateTimeZone,org.joda.time.field.FieldUtils,52,34
cling,3,time,org.joda.time.DateTimeZone,org.joda.time.field.FieldUtils,52,34
cling,4,time,org.joda.time.DateTimeZone,org.joda.time.field.FieldUtils,52,34
cling,5,time,org.joda.time.DateTimeZone,org.joda.time.field.FieldUtils,52,34
cling,6,time,org.joda.time.DateTimeZone,org.joda.time.field.FieldUtils,52,34
cling,7,time,org.joda.time.DateTimeZone,org.joda.time.field.FieldUtils,52,34
cling,8,time,org.joda.time.DateTimeZone,org.joda.time.field.FieldUtils,52,34
cling,9,time,org.joda.time.DateTimeZone,org.joda.time.field.FieldUtils,52,34
cling,10,time,org.joda.time.DateTimeZone,org.joda.time.field.FieldUtils,52,40
cling,11,time,org.joda.time.DateTimeZone,org.joda.time.field.FieldUtils,52,34
cling,12,time,org.joda.time.DateTimeZone,org.joda.time.field.FieldUtils,52,34
cling,13,time,org.joda.time.DateTimeZone,org.joda.time.field.FieldUtils,52,34
cling,14,time,org.joda.time.DateTimeZone,org.joda.time.field.FieldUtils,52,34
cling,15,time,org.joda.time.DateTimeZone,org.joda.time.field.FieldUtils,52,34
cling,16,time,org.joda.time.DateTimeZone,org.joda.time.field.FieldUtils,52,40
cling,17,time,org.joda.time.DateTimeZone,org.joda.time.field.FieldUtils,52,34
cling,18,time,org.joda.time.DateTimeZone,org.joda.time.field.FieldUtils,52,38
cling,19,time,org.joda.time.DateTimeZone,org.joda.time.field.FieldUtils,52,38
cling,20,time,org.joda.time.DateTimeZone,org.joda.time.field.FieldUtils,52,40
cling,1,time,org.joda.time.LocalDateTime,org.joda.time.DateTimeZone,2540,845
cling,2,time,org.joda.time.LocalDateTime,org.joda.time.DateTimeZone,2540,818
cling,3,time,org.joda.time.LocalDateTime,org.joda.time.DateTimeZone,2540,899
cling,4,time,org.joda.time.LocalDateTime,org.joda.time.DateTimeZone,2540,795
cling,5,time,org.joda.time.LocalDateTime,org.joda.time.DateTimeZone,2540,883
cling,6,time,org.joda.time.LocalDateTime,org.joda.time.DateTimeZone,2540,863
cling,7,time,org.joda.time.LocalDateTime,org.joda.time.DateTimeZone,2540,802
cling,8,time,org.joda.time.LocalDateTime,org.joda.time.DateTimeZone,2540,814
cling,9,time,org.joda.time.LocalDateTime,org.joda.time.DateTimeZone,2540,831
cling,10,time,org.joda.time.LocalDateTime,org.joda.time.DateTimeZone,2540,858
cling,11,time,org.joda.time.LocalDateTime,org.joda.time.DateTimeZone,2540,838
cling,12,time,org.joda.time.LocalDateTime,org.joda.time.DateTimeZone,2540,826
cling,13,time,org.joda.time.LocalDateTime,org.joda.time.DateTimeZone,2540,829
cling,14,time,org.joda.time.LocalDateTime,org.joda.time.DateTimeZone,2540,877
cling,15,time,org.joda.time.LocalDateTime,org.joda.time.DateTimeZone,2540,800
cling,16,time,org.joda.time.LocalDateTime,org.joda.time.DateTimeZone,2540,841
cling,17,time,org.joda.time.LocalDateTime,org.joda.time.DateTimeZone,2540,836
cling,18,time,org.joda.time.LocalDateTime,org.joda.time.DateTimeZone,2540,840
cling,19,time,org.joda.time.LocalDateTime,org.joda.time.DateTimeZone,2540,783
cling,20,time,org.joda.time.LocalDateTime,org.joda.time.DateTimeZone,2540,782
cling,1,time,org.joda.time.format.DateTimeFormatter,org.joda.time.DateTimeZone,304,80
cling,2,time,org.joda.time.format.DateTimeFormatter,org.joda.time.DateTimeZone,304,95
cling,3,time,org.joda.time.format.DateTimeFormatter,org.joda.time.DateTimeZone,304,85
cling,4,time,org.joda.time.format.DateTimeFormatter,org.joda.time.DateTimeZone,304,79
cling,5,time,org.joda.time.format.DateTimeFormatter,org.joda.time.DateTimeZone,304,77
cling,6,time,org.joda.time.format.DateTimeFormatter,org.joda.time.DateTimeZone,304,71
cling,7,time,org.joda.time.format.DateTimeFormatter,org.joda.time.DateTimeZone,304,70
cling,8,time,org.joda.time.format.DateTimeFormatter,org.joda.time.DateTimeZone,304,81
cling,9,time,org.joda.time.format.DateTimeFormatter,org.joda.time.DateTimeZone,304,84
cling,10,time,org.joda.time.format.DateTimeFormatter,org.joda.time.DateTimeZone,304,74
cling,11,time,org.joda.time.format.DateTimeFormatter,org.joda.time.DateTimeZone,304,83
cling,12,time,org.joda.time.format.DateTimeFormatter,org.joda.time.DateTimeZone,304,87
cling,13,time,org.joda.time.format.DateTimeFormatter,org.joda.time.DateTimeZone,304,77
cling,14,time,org.joda.time.format.DateTimeFormatter,org.joda.time.DateTimeZone,304,89
cling,15,time,org.joda.time.format.DateTimeFormatter,org.joda.time.DateTimeZone,304,84
cling,16,time,org.joda.time.format.DateTimeFormatter,org.joda.time.DateTimeZone,304,81
cling,17,time,org.joda.time.format.DateTimeFormatter,org.joda.time.DateTimeZone,304,72
cling,18,time,org.joda.time.format.DateTimeFormatter,org.joda.time.DateTimeZone,-1,0
cling,19,time,org.joda.time.format.DateTimeFormatter,org.joda.time.DateTimeZone,304,77
cling,20,time,org.joda.time.format.DateTimeFormatter,org.joda.time.DateTimeZone,304,73
cling,1,time,org.joda.time.DateTimeZone,org.joda.time.format.FormatUtils,640,243
cling,2,time,org.joda.time.DateTimeZone,org.joda.time.format.FormatUtils,-1,0
cling,3,time,org.joda.time.DateTimeZone,org.joda.time.format.FormatUtils,640,243
cling,4,time,org.joda.time.DateTimeZone,org.joda.time.format.FormatUtils,640,205
cling,5,time,org.joda.time.DateTimeZone,org.joda.time.format.FormatUtils,640,264
cling,6,time,org.joda.time.DateTimeZone,org.joda.time.format.FormatUtils,640,235
cling,7,time,org.joda.time.DateTimeZone,org.joda.time.format.FormatUtils,640,246
cling,8,time,org.joda.time.DateTimeZone,org.joda.time.format.FormatUtils,-1,0
cling,9,time,org.joda.time.DateTimeZone,org.joda.time.format.FormatUtils,-1,0
cling,10,time,org.joda.time.DateTimeZone,org.joda.time.format.FormatUtils,640,253
cling,11,time,org.joda.time.DateTimeZone,org.joda.time.format.FormatUtils,640,243
cling,12,time,org.joda.time.DateTimeZone,org.joda.time.format.FormatUtils,-1,0
cling,13,time,org.joda.time.DateTimeZone,org.joda.time.format.FormatUtils,640,287
cling,14,time,org.joda.time.DateTimeZone,org.joda.time.format.FormatUtils,640,241
cling,15,time,org.joda.time.DateTimeZone,org.joda.time.format.FormatUtils,640,259
cling,16,time,org.joda.time.DateTimeZone,org.joda.time.format.FormatUtils,640,236
cling,17,time,org.joda.time.DateTimeZone,org.joda.time.format.FormatUtils,640,251
cling,18,time,org.joda.time.DateTimeZone,org.joda.time.format.FormatUtils,640,236
cling,19,time,org.joda.time.DateTimeZone,org.joda.time.format.FormatUtils,640,261
cling,20,time,org.joda.time.DateTimeZone,org.joda.time.format.FormatUtils,640,222
cling,1,time,org.joda.time.DateTimeZone,org.joda.time.format.DateTimeFormat,2760,491
cling,2,time,org.joda.time.DateTimeZone,org.joda.time.format.DateTimeFormat,2760,535
cling,3,time,org.joda.time.DateTimeZone,org.joda.time.format.DateTimeFormat,2760,493
cling,4,time,org.joda.time.DateTimeZone,org.joda.time.format.DateTimeFormat,2760,567
cling,5,time,org.joda.time.DateTimeZone,org.joda.time.format.DateTimeFormat,2760,418
cling,6,time,org.joda.time.DateTimeZone,org.joda.time.format.DateTimeFormat,2760,616
cling,7,time,org.joda.time.DateTimeZone,org.joda.time.format.DateTimeFormat,2760,180
cling,8,time,org.joda.time.DateTimeZone,org.joda.time.format.DateTimeFormat,2760,432
cling,9,time,org.joda.time.DateTimeZone,org.joda.time.format.DateTimeFormat,2760,554
cling,10,time,org.joda.time.DateTimeZone,org.joda.time.format.DateTimeFormat,2760,420
cling,11,time,org.joda.time.DateTimeZone,org.joda.time.format.DateTimeFormat,2760,472
cling,12,time,org.joda.time.DateTimeZone,org.joda.time.format.DateTimeFormat,2760,433
cling,13,time,org.joda.time.DateTimeZone,org.joda.time.format.DateTimeFormat,2760,193
cling,14,time,org.joda.time.DateTimeZone,org.joda.time.format.DateTimeFormat,2760,186
cling,15,time,org.joda.time.DateTimeZone,org.joda.time.format.DateTimeFormat,2760,706
cling,16,time,org.joda.time.DateTimeZone,org.joda.time.format.DateTimeFormat,2760,440
cling,17,time,org.joda.time.DateTimeZone,org.joda.time.format.DateTimeFormat,2760,445
cling,18,time,org.joda.time.DateTimeZone,org.joda.time.format.DateTimeFormat,2760,219
cling,19,time,org.joda.time.DateTimeZone,org.joda.time.format.DateTimeFormat,2760,69
cling,20,time,org.joda.time.DateTimeZone,org.joda.time.format.DateTimeFormat,2760,65
cling,1,time,org.joda.time.tz.ZoneInfoCompiler,org.joda.time.DateTimeZone,60,40
cling,2,time,org.joda.time.tz.ZoneInfoCompiler,org.joda.time.DateTimeZone,60,41
cling,3,time,org.joda.time.tz.ZoneInfoCompiler,org.joda.time.DateTimeZone,60,45
cling,4,time,org.joda.time.tz.ZoneInfoCompiler,org.joda.time.DateTimeZone,60,40
cling,5,time,org.joda.time.tz.ZoneInfoCompiler,org.joda.time.DateTimeZone,60,41
cling,6,time,org.joda.time.tz.ZoneInfoCompiler,org.joda.time.DateTimeZone,60,41
cling,7,time,org.joda.time.tz.ZoneInfoCompiler,org.joda.time.DateTimeZone,60,46
cling,8,time,org.joda.time.tz.ZoneInfoCompiler,org.joda.time.DateTimeZone,60,45
cling,9,time,org.joda.time.tz.ZoneInfoCompiler,org.joda.time.DateTimeZone,60,44
cling,10,time,org.joda.time.tz.ZoneInfoCompiler,org.joda.time.DateTimeZone,60,45
cling,11,time,org.joda.time.tz.ZoneInfoCompiler,org.joda.time.DateTimeZone,60,46
cling,12,time,org.joda.time.tz.ZoneInfoCompiler,org.joda.time.DateTimeZone,60,46
cling,13,time,org.joda.time.tz.ZoneInfoCompiler,org.joda.time.DateTimeZone,60,42
cling,14,time,org.joda.time.tz.ZoneInfoCompiler,org.joda.time.DateTimeZone,60,44
cling,15,time,org.joda.time.tz.ZoneInfoCompiler,org.joda.time.DateTimeZone,60,45
cling,16,time,org.joda.time.tz.ZoneInfoCompiler,org.joda.time.DateTimeZone,60,44
cling,17,time,org.joda.time.tz.ZoneInfoCompiler,org.joda.time.DateTimeZone,60,43
cling,18,time,org.joda.time.tz.ZoneInfoCompiler,org.joda.time.DateTimeZone,60,45
cling,19,time,org.joda.time.tz.ZoneInfoCompiler,org.joda.time.DateTimeZone,60,41
cling,20,time,org.joda.time.tz.ZoneInfoCompiler,org.joda.time.DateTimeZone,60,40
cling,1,time,org.joda.time.LocalDateTime,org.joda.time.format.DateTimeFormatter,33,29
cling,2,time,org.joda.time.LocalDateTime,org.joda.time.format.DateTimeFormatter,33,28
cling,3,time,org.joda.time.LocalDateTime,org.joda.time.format.DateTimeFormatter,33,28
cling,4,time,org.joda.time.LocalDateTime,org.joda.time.format.DateTimeFormatter,33,27
cling,5,time,org.joda.time.LocalDateTime,org.joda.time.format.DateTimeFormatter,33,27
cling,6,time,org.joda.time.LocalDateTime,org.joda.time.format.DateTimeFormatter,33,28
cling,7,time,org.joda.time.LocalDateTime,org.joda.time.format.DateTimeFormatter,33,28
cling,8,time,org.joda.time.LocalDateTime,org.joda.time.format.DateTimeFormatter,33,26
cling,9,time,org.joda.time.LocalDateTime,org.joda.time.format.DateTimeFormatter,33,26
cling,10,time,org.joda.time.LocalDateTime,org.joda.time.format.DateTimeFormatter,33,27
cling,11,time,org.joda.time.LocalDateTime,org.joda.time.format.DateTimeFormatter,33,28
cling,12,time,org.joda.time.LocalDateTime,org.joda.time.format.DateTimeFormatter,33,28
cling,13,time,org.joda.time.LocalDateTime,org.joda.time.format.DateTimeFormatter,33,25
cling,14,time,org.joda.time.LocalDateTime,org.joda.time.format.DateTimeFormatter,33,25
cling,15,time,org.joda.time.LocalDateTime,org.joda.time.format.DateTimeFormatter,33,29
cling,16,time,org.joda.time.LocalDateTime,org.joda.time.format.DateTimeFormatter,33,28
cling,17,time,org.joda.time.LocalDateTime,org.joda.time.format.DateTimeFormatter,33,28
cling,18,time,org.joda.time.LocalDateTime,org.joda.time.format.DateTimeFormatter,33,26
cling,19,time,org.joda.time.LocalDateTime,org.joda.time.format.DateTimeFormatter,33,28
cling,20,time,org.joda.time.LocalDateTime,org.joda.time.format.DateTimeFormatter,33,24
cling,1,time,org.joda.time.format.DateTimeFormat,org.joda.time.format.DateTimeFormat$StyleFormatter,19,13
cling,2,time,org.joda.time.format.DateTimeFormat,org.joda.time.format.DateTimeFormat$StyleFormatter,19,14
cling,3,time,org.joda.time.format.DateTimeFormat,org.joda.time.format.DateTimeFormat$StyleFormatter,19,12
cling,4,time,org.joda.time.format.DateTimeFormat,org.joda.time.format.DateTimeFormat$StyleFormatter,19,13
cling,5,time,org.joda.time.format.DateTimeFormat,org.joda.time.format.DateTimeFormat$StyleFormatter,19,14
cling,6,time,org.joda.time.format.DateTimeFormat,org.joda.time.format.DateTimeFormat$StyleFormatter,19,12
cling,7,time,org.joda.time.format.DateTimeFormat,org.joda.time.format.DateTimeFormat$StyleFormatter,19,14
cling,8,time,org.joda.time.format.DateTimeFormat,org.joda.time.format.DateTimeFormat$StyleFormatter,19,14
cling,9,time,org.joda.time.format.DateTimeFormat,org.joda.time.format.DateTimeFormat$StyleFormatter,19,14
cling,10,time,org.joda.time.format.DateTimeFormat,org.joda.time.format.DateTimeFormat$StyleFormatter,19,13
cling,11,time,org.joda.time.format.DateTimeFormat,org.joda.time.format.DateTimeFormat$StyleFormatter,19,14
cling,12,time,org.joda.time.format.DateTimeFormat,org.joda.time.format.DateTimeFormat$StyleFormatter,19,14
cling,13,time,org.joda.time.format.DateTimeFormat,org.joda.time.format.DateTimeFormat$StyleFormatter,19,13
cling,14,time,org.joda.time.format.DateTimeFormat,org.joda.time.format.DateTimeFormat$StyleFormatter,19,14
cling,15,time,org.joda.time.format.DateTimeFormat,org.joda.time.format.DateTimeFormat$StyleFormatter,19,12
cling,16,time,org.joda.time.format.DateTimeFormat,org.joda.time.format.DateTimeFormat$StyleFormatter,19,13
cling,17,time,org.joda.time.format.DateTimeFormat,org.joda.time.format.DateTimeFormat$StyleFormatter,19,12
cling,18,time,org.joda.time.format.DateTimeFormat,org.joda.time.format.DateTimeFormat$StyleFormatter,19,14
cling,19,time,org.joda.time.format.DateTimeFormat,org.joda.time.format.DateTimeFormat$StyleFormatter,19,14
cling,20,time,org.joda.time.format.DateTimeFormat,org.joda.time.format.DateTimeFormat$StyleFormatter,19,14
cling,1,time,org.joda.time.format.ISODateTimeFormat,org.joda.time.format.DateTimeFormatterBuilder,5281,648
cling,2,time,org.joda.time.format.ISODateTimeFormat,org.joda.time.format.DateTimeFormatterBuilder,5281,1094
cling,3,time,org.joda.time.format.ISODateTimeFormat,org.joda.time.format.DateTimeFormatterBuilder,5281,1028
cling,4,time,org.joda.time.format.ISODateTimeFormat,org.joda.time.format.DateTimeFormatterBuilder,5281,950
cling,5,time,org.joda.time.format.ISODateTimeFormat,org.joda.time.format.DateTimeFormatterBuilder,5281,667
cling,6,time,org.joda.time.format.ISODateTimeFormat,org.joda.time.format.DateTimeFormatterBuilder,5281,662
cling,7,time,org.joda.time.format.ISODateTimeFormat,org.joda.time.format.DateTimeFormatterBuilder,5281,1399
cling,8,time,org.joda.time.format.ISODateTimeFormat,org.joda.time.format.DateTimeFormatterBuilder,5281,1162
cling,9,time,org.joda.time.format.ISODateTimeFormat,org.joda.time.format.DateTimeFormatterBuilder,5281,1162
cling,10,time,org.joda.time.format.ISODateTimeFormat,org.joda.time.format.DateTimeFormatterBuilder,5281,735
cling,11,time,org.joda.time.format.ISODateTimeFormat,org.joda.time.format.DateTimeFormatterBuilder,5281,1029
cling,12,time,org.joda.time.format.ISODateTimeFormat,org.joda.time.format.DateTimeFormatterBuilder,5281,1001
cling,13,time,org.joda.time.format.ISODateTimeFormat,org.joda.time.format.DateTimeFormatterBuilder,5281,1289
cling,14,time,org.joda.time.format.ISODateTimeFormat,org.joda.time.format.DateTimeFormatterBuilder,5281,1217
cling,15,time,org.joda.time.format.ISODateTimeFormat,org.joda.time.format.DateTimeFormatterBuilder,5281,629
cling,16,time,org.joda.time.format.ISODateTimeFormat,org.joda.time.format.DateTimeFormatterBuilder,5281,466
cling,17,time,org.joda.time.format.ISODateTimeFormat,org.joda.time.format.DateTimeFormatterBuilder,5281,896
cling,18,time,org.joda.time.format.ISODateTimeFormat,org.joda.time.format.DateTimeFormatterBuilder,5281,1140
cling,19,time,org.joda.time.format.ISODateTimeFormat,org.joda.time.format.DateTimeFormatterBuilder,5281,1350
cling,20,time,org.joda.time.format.ISODateTimeFormat,org.joda.time.format.DateTimeFormatterBuilder,5281,1152
cling,1,time,org.joda.time.format.DateTimeFormatter,org.joda.time.format.DateTimeParserBucket,2074,523
cling,2,time,org.joda.time.format.DateTimeFormatter,org.joda.time.format.DateTimeParserBucket,2074,684
cling,3,time,org.joda.time.format.DateTimeFormatter,org.joda.time.format.DateTimeParserBucket,2074,933
cling,4,time,org.joda.time.format.DateTimeFormatter,org.joda.time.format.DateTimeParserBucket,2074,539
cling,5,time,org.joda.time.format.DateTimeFormatter,org.joda.time.format.DateTimeParserBucket,2074,661
cling,6,time,org.joda.time.format.DateTimeFormatter,org.joda.time.format.DateTimeParserBucket,2074,961
cling,7,time,org.joda.time.format.DateTimeFormatter,org.joda.time.format.DateTimeParserBucket,2074,805
cling,8,time,org.joda.time.format.DateTimeFormatter,org.joda.time.format.DateTimeParserBucket,2074,652
cling,9,time,org.joda.time.format.DateTimeFormatter,org.joda.time.format.DateTimeParserBucket,2074,803
cling,10,time,org.joda.time.format.DateTimeFormatter,org.joda.time.format.DateTimeParserBucket,2074,0
cling,11,time,org.joda.time.format.DateTimeFormatter,org.joda.time.format.DateTimeParserBucket,2074,890
cling,12,time,org.joda.time.format.DateTimeFormatter,org.joda.time.format.DateTimeParserBucket,2074,464
cling,13,time,org.joda.time.format.DateTimeFormatter,org.joda.time.format.DateTimeParserBucket,2074,918
cling,14,time,org.joda.time.format.DateTimeFormatter,org.joda.time.format.DateTimeParserBucket,2074,498
cling,15,time,org.joda.time.format.DateTimeFormatter,org.joda.time.format.DateTimeParserBucket,2074,780
cling,16,time,org.joda.time.format.DateTimeFormatter,org.joda.time.format.DateTimeParserBucket,2074,864
cling,17,time,org.joda.time.format.DateTimeFormatter,org.joda.time.format.DateTimeParserBucket,2074,715
cling,18,time,org.joda.time.format.DateTimeFormatter,org.joda.time.format.DateTimeParserBucket,2074,855
cling,19,time,org.joda.time.format.DateTimeFormatter,org.joda.time.format.DateTimeParserBucket,2074,694
cling,20,time,org.joda.time.format.DateTimeFormatter,org.joda.time.format.DateTimeParserBucket,2074,534
cling,1,time,org.joda.time.format.DateTimeFormatterBuilder$PaddedNumber,org.joda.time.format.DateTimeFormatterBuilder,8,5
cling,2,time,org.joda.time.format.DateTimeFormatterBuilder$PaddedNumber,org.joda.time.format.DateTimeFormatterBuilder,8,4
cling,3,time,org.joda.time.format.DateTimeFormatterBuilder$PaddedNumber,org.joda.time.format.DateTimeFormatterBuilder,8,2
cling,4,time,org.joda.time.format.DateTimeFormatterBuilder$PaddedNumber,org.joda.time.format.DateTimeFormatterBuilder,8,6
cling,5,time,org.joda.time.format.DateTimeFormatterBuilder$PaddedNumber,org.joda.time.format.DateTimeFormatterBuilder,8,2
cling,6,time,org.joda.time.format.DateTimeFormatterBuilder$PaddedNumber,org.joda.time.format.DateTimeFormatterBuilder,8,6
cling,7,time,org.joda.time.format.DateTimeFormatterBuilder$PaddedNumber,org.joda.time.format.DateTimeFormatterBuilder,8,2
cling,8,time,org.joda.time.format.DateTimeFormatterBuilder$PaddedNumber,org.joda.time.format.DateTimeFormatterBuilder,8,6
cling,9,time,org.joda.time.format.DateTimeFormatterBuilder$PaddedNumber,org.joda.time.format.DateTimeFormatterBuilder,8,6
cling,10,time,org.joda.time.format.DateTimeFormatterBuilder$PaddedNumber,org.joda.time.format.DateTimeFormatterBuilder,8,6
cling,11,time,org.joda.time.format.DateTimeFormatterBuilder$PaddedNumber,org.joda.time.format.DateTimeFormatterBuilder,8,6
cling,12,time,org.joda.time.format.DateTimeFormatterBuilder$PaddedNumber,org.joda.time.format.DateTimeFormatterBuilder,8,4
cling,13,time,org.joda.time.format.DateTimeFormatterBuilder$PaddedNumber,org.joda.time.format.DateTimeFormatterBuilder,8,6
cling,14,time,org.joda.time.format.DateTimeFormatterBuilder$PaddedNumber,org.joda.time.format.DateTimeFormatterBuilder,8,2
cling,15,time,org.joda.time.format.DateTimeFormatterBuilder$PaddedNumber,org.joda.time.format.DateTimeFormatterBuilder,8,6
cling,16,time,org.joda.time.format.DateTimeFormatterBuilder$PaddedNumber,org.joda.time.format.DateTimeFormatterBuilder,8,6
cling,17,time,org.joda.time.format.DateTimeFormatterBuilder$PaddedNumber,org.joda.time.format.DateTimeFormatterBuilder,8,6
cling,18,time,org.joda.time.format.DateTimeFormatterBuilder$PaddedNumber,org.joda.time.format.DateTimeFormatterBuilder,8,6
cling,19,time,org.joda.time.format.DateTimeFormatterBuilder$PaddedNumber,org.joda.time.format.DateTimeFormatterBuilder,8,5
cling,20,time,org.joda.time.format.DateTimeFormatterBuilder$PaddedNumber,org.joda.time.format.DateTimeFormatterBuilder,8,4
cling,1,time,org.joda.time.format.DateTimeFormat,org.joda.time.format.DateTimeFormatterBuilder,3947,1548
cling,2,time,org.joda.time.format.DateTimeFormat,org.joda.time.format.DateTimeFormatterBuilder,3947,1436
cling,3,time,org.joda.time.format.DateTimeFormat,org.joda.time.format.DateTimeFormatterBuilder,3947,1293
cling,4,time,org.joda.time.format.DateTimeFormat,org.joda.time.format.DateTimeFormatterBuilder,3947,1241
cling,5,time,org.joda.time.format.DateTimeFormat,org.joda.time.format.DateTimeFormatterBuilder,3947,1457
cling,6,time,org.joda.time.format.DateTimeFormat,org.joda.time.format.DateTimeFormatterBuilder,3947,1241
cling,7,time,org.joda.time.format.DateTimeFormat,org.joda.time.format.DateTimeFormatterBuilder,3947,1478
cling,8,time,org.joda.time.format.DateTimeFormat,org.joda.time.format.DateTimeFormatterBuilder,3947,1243
cling,9,time,org.joda.time.format.DateTimeFormat,org.joda.time.format.DateTimeFormatterBuilder,3947,1481
cling,10,time,org.joda.time.format.DateTimeFormat,org.joda.time.format.DateTimeFormatterBuilder,3947,1014
cling,11,time,org.joda.time.format.DateTimeFormat,org.joda.time.format.DateTimeFormatterBuilder,3947,1143
cling,12,time,org.joda.time.format.DateTimeFormat,org.joda.time.format.DateTimeFormatterBuilder,3947,1028
cling,13,time,org.joda.time.format.DateTimeFormat,org.joda.time.format.DateTimeFormatterBuilder,3947,1028
cling,14,time,org.joda.time.format.DateTimeFormat,org.joda.time.format.DateTimeFormatterBuilder,3947,1518
cling,15,time,org.joda.time.format.DateTimeFormat,org.joda.time.format.DateTimeFormatterBuilder,3947,1123
cling,16,time,org.joda.time.format.DateTimeFormat,org.joda.time.format.DateTimeFormatterBuilder,3947,1146
cling,17,time,org.joda.time.format.DateTimeFormat,org.joda.time.format.DateTimeFormatterBuilder,3947,1565
cling,18,time,org.joda.time.format.DateTimeFormat,org.joda.time.format.DateTimeFormatterBuilder,3947,1482
cling,19,time,org.joda.time.format.DateTimeFormat,org.joda.time.format.DateTimeFormatterBuilder,3947,1466
cling,20,time,org.joda.time.format.DateTimeFormat,org.joda.time.format.DateTimeFormatterBuilder,3947,1037
cling,1,time,org.joda.time.format.DateTimeFormatterBuilder,org.joda.time.format.DateTimeFormatterBuilder$TextField,2,1
cling,2,time,org.joda.time.format.DateTimeFormatterBuilder,org.joda.time.format.DateTimeFormatterBuilder$TextField,2,1
cling,3,time,org.joda.time.format.DateTimeFormatterBuilder,org.joda.time.format.DateTimeFormatterBuilder$TextField,2,0
cling,4,time,org.joda.time.format.DateTimeFormatterBuilder,org.joda.time.format.DateTimeFormatterBuilder$TextField,2,0
cling,5,time,org.joda.time.format.DateTimeFormatterBuilder,org.joda.time.format.DateTimeFormatterBuilder$TextField,2,1
cling,6,time,org.joda.time.format.DateTimeFormatterBuilder,org.joda.time.format.DateTimeFormatterBuilder$TextField,2,0
cling,7,time,org.joda.time.format.DateTimeFormatterBuilder,org.joda.time.format.DateTimeFormatterBuilder$TextField,2,0
cling,8,time,org.joda.time.format.DateTimeFormatterBuilder,org.joda.time.format.DateTimeFormatterBuilder$TextField,2,1
cling,9,time,org.joda.time.format.DateTimeFormatterBuilder,org.joda.time.format.DateTimeFormatterBuilder$TextField,2,0
cling,10,time,org.joda.time.format.DateTimeFormatterBuilder,org.joda.time.format.DateTimeFormatterBuilder$TextField,2,1
cling,11,time,org.joda.time.format.DateTimeFormatterBuilder,org.joda.time.format.DateTimeFormatterBuilder$TextField,2,1
cling,12,time,org.joda.time.format.DateTimeFormatterBuilder,org.joda.time.format.DateTimeFormatterBuilder$TextField,2,1
cling,13,time,org.joda.time.format.DateTimeFormatterBuilder,org.joda.time.format.DateTimeFormatterBuilder$TextField,2,1
cling,14,time,org.joda.time.format.DateTimeFormatterBuilder,org.joda.time.format.DateTimeFormatterBuilder$TextField,2,1
cling,15,time,org.joda.time.format.DateTimeFormatterBuilder,org.joda.time.format.DateTimeFormatterBuilder$TextField,2,1
cling,16,time,org.joda.time.format.DateTimeFormatterBuilder,org.joda.time.format.DateTimeFormatterBuilder$TextField,2,1
cling,17,time,org.joda.time.format.DateTimeFormatterBuilder,org.joda.time.format.DateTimeFormatterBuilder$TextField,2,1
cling,18,time,org.joda.time.format.DateTimeFormatterBuilder,org.joda.time.format.DateTimeFormatterBuilder$TextField,2,0
cling,19,time,org.joda.time.format.DateTimeFormatterBuilder,org.joda.time.format.DateTimeFormatterBuilder$TextField,2,0
cling,20,time,org.joda.time.format.DateTimeFormatterBuilder,org.joda.time.format.DateTimeFormatterBuilder$TextField,2,0
cling,1,time,org.joda.time.format.DateTimeFormatterBuilder$TextField,org.joda.time.format.DateTimeParserBucket,31,29
cling,2,time,org.joda.time.format.DateTimeFormatterBuilder$TextField,org.joda.time.format.DateTimeParserBucket,31,24
cling,3,time,org.joda.time.format.DateTimeFormatterBuilder$TextField,org.joda.time.format.DateTimeParserBucket,31,20
cling,4,time,org.joda.time.format.DateTimeFormatterBuilder$TextField,org.joda.time.format.DateTimeParserBucket,31,30
cling,5,time,org.joda.time.format.DateTimeFormatterBuilder$TextField,org.joda.time.format.DateTimeParserBucket,31,28
cling,6,time,org.joda.time.format.DateTimeFormatterBuilder$TextField,org.joda.time.format.DateTimeParserBucket,31,22
cling,7,time,org.joda.time.format.DateTimeFormatterBuilder$TextField,org.joda.time.format.DateTimeParserBucket,31,28
cling,8,time,org.joda.time.format.DateTimeFormatterBuilder$TextField,org.joda.time.format.DateTimeParserBucket,31,30
cling,9,time,org.joda.time.format.DateTimeFormatterBuilder$TextField,org.joda.time.format.DateTimeParserBucket,31,30
cling,10,time,org.joda.time.format.DateTimeFormatterBuilder$TextField,org.joda.time.format.DateTimeParserBucket,31,30
cling,11,time,org.joda.time.format.DateTimeFormatterBuilder$TextField,org.joda.time.format.DateTimeParserBucket,31,30
cling,12,time,org.joda.time.format.DateTimeFormatterBuilder$TextField,org.joda.time.format.DateTimeParserBucket,31,30
cling,13,time,org.joda.time.format.DateTimeFormatterBuilder$TextField,org.joda.time.format.DateTimeParserBucket,31,30
cling,14,time,org.joda.time.format.DateTimeFormatterBuilder$TextField,org.joda.time.format.DateTimeParserBucket,31,23
cling,15,time,org.joda.time.format.DateTimeFormatterBuilder$TextField,org.joda.time.format.DateTimeParserBucket,31,30
cling,16,time,org.joda.time.format.DateTimeFormatterBuilder$TextField,org.joda.time.format.DateTimeParserBucket,31,30
cling,17,time,org.joda.time.format.DateTimeFormatterBuilder$TextField,org.joda.time.format.DateTimeParserBucket,31,28
cling,18,time,org.joda.time.format.DateTimeFormatterBuilder$TextField,org.joda.time.format.DateTimeParserBucket,31,27
cling,19,time,org.joda.time.format.DateTimeFormatterBuilder$TextField,org.joda.time.format.DateTimeParserBucket,31,22
cling,20,time,org.joda.time.format.DateTimeFormatterBuilder$TextField,org.joda.time.format.DateTimeParserBucket,31,15
cling,1,time,org.joda.time.format.DateTimeParserBucket$SavedState,org.joda.time.format.DateTimeParserBucket,3,2
cling,2,time,org.joda.time.format.DateTimeParserBucket$SavedState,org.joda.time.format.DateTimeParserBucket,3,2
cling,3,time,org.joda.time.format.DateTimeParserBucket$SavedState,org.joda.time.format.DateTimeParserBucket,3,2
cling,4,time,org.joda.time.format.DateTimeParserBucket$SavedState,org.joda.time.format.DateTimeParserBucket,3,2
cling,5,time,org.joda.time.format.DateTimeParserBucket$SavedState,org.joda.time.format.DateTimeParserBucket,3,2
cling,6,time,org.joda.time.format.DateTimeParserBucket$SavedState,org.joda.time.format.DateTimeParserBucket,3,2
cling,7,time,org.joda.time.format.DateTimeParserBucket$SavedState,org.joda.time.format.DateTimeParserBucket,3,2
cling,8,time,org.joda.time.format.DateTimeParserBucket$SavedState,org.joda.time.format.DateTimeParserBucket,3,2
cling,9,time,org.joda.time.format.DateTimeParserBucket$SavedState,org.joda.time.format.DateTimeParserBucket,3,2
cling,10,time,org.joda.time.format.DateTimeParserBucket$SavedState,org.joda.time.format.DateTimeParserBucket,3,2
cling,11,time,org.joda.time.format.DateTimeParserBucket$SavedState,org.joda.time.format.DateTimeParserBucket,3,2
cling,12,time,org.joda.time.format.DateTimeParserBucket$SavedState,org.joda.time.format.DateTimeParserBucket,3,2
cling,13,time,org.joda.time.format.DateTimeParserBucket$SavedState,org.joda.time.format.DateTimeParserBucket,3,2
cling,14,time,org.joda.time.format.DateTimeParserBucket$SavedState,org.joda.time.format.DateTimeParserBucket,3,2
cling,15,time,org.joda.time.format.DateTimeParserBucket$SavedState,org.joda.time.format.DateTimeParserBucket,3,2
cling,16,time,org.joda.time.format.DateTimeParserBucket$SavedState,org.joda.time.format.DateTimeParserBucket,3,2
cling,17,time,org.joda.time.format.DateTimeParserBucket$SavedState,org.joda.time.format.DateTimeParserBucket,3,2
cling,18,time,org.joda.time.format.DateTimeParserBucket$SavedState,org.joda.time.format.DateTimeParserBucket,3,2
cling,19,time,org.joda.time.format.DateTimeParserBucket$SavedState,org.joda.time.format.DateTimeParserBucket,3,2
cling,20,time,org.joda.time.format.DateTimeParserBucket$SavedState,org.joda.time.format.DateTimeParserBucket,3,2
cling,1,closure,com.google.javascript.rhino.jstype.JSType,com.google.javascript.rhino.jstype.ProxyObjectType,4,3
cling,2,closure,com.google.javascript.rhino.jstype.JSType,com.google.javascript.rhino.jstype.ProxyObjectType,4,3
cling,3,closure,com.google.javascript.rhino.jstype.JSType,com.google.javascript.rhino.jstype.ProxyObjectType,4,3
cling,4,closure,com.google.javascript.rhino.jstype.JSType,com.google.javascript.rhino.jstype.ProxyObjectType,4,3
cling,5,closure,com.google.javascript.rhino.jstype.JSType,com.google.javascript.rhino.jstype.ProxyObjectType,4,3
cling,6,closure,com.google.javascript.rhino.jstype.JSType,com.google.javascript.rhino.jstype.ProxyObjectType,4,3
cling,7,closure,com.google.javascript.rhino.jstype.JSType,com.google.javascript.rhino.jstype.ProxyObjectType,4,3
cling,8,closure,com.google.javascript.rhino.jstype.JSType,com.google.javascript.rhino.jstype.ProxyObjectType,4,3
cling,9,closure,com.google.javascript.rhino.jstype.JSType,com.google.javascript.rhino.jstype.ProxyObjectType,4,3
cling,10,closure,com.google.javascript.rhino.jstype.JSType,com.google.javascript.rhino.jstype.ProxyObjectType,4,3
cling,11,closure,com.google.javascript.rhino.jstype.JSType,com.google.javascript.rhino.jstype.ProxyObjectType,4,3
cling,12,closure,com.google.javascript.rhino.jstype.JSType,com.google.javascript.rhino.jstype.ProxyObjectType,4,3
cling,13,closure,com.google.javascript.rhino.jstype.JSType,com.google.javascript.rhino.jstype.ProxyObjectType,4,3
cling,14,closure,com.google.javascript.rhino.jstype.JSType,com.google.javascript.rhino.jstype.ProxyObjectType,4,3
cling,15,closure,com.google.javascript.rhino.jstype.JSType,com.google.javascript.rhino.jstype.ProxyObjectType,4,3
cling,16,closure,com.google.javascript.rhino.jstype.JSType,com.google.javascript.rhino.jstype.ProxyObjectType,4,3
cling,17,closure,com.google.javascript.rhino.jstype.JSType,com.google.javascript.rhino.jstype.ProxyObjectType,4,3
cling,18,closure,com.google.javascript.rhino.jstype.JSType,com.google.javascript.rhino.jstype.ProxyObjectType,4,3
cling,19,closure,com.google.javascript.rhino.jstype.JSType,com.google.javascript.rhino.jstype.ProxyObjectType,4,3
cling,20,closure,com.google.javascript.rhino.jstype.JSType,com.google.javascript.rhino.jstype.ProxyObjectType,4,2
cling,1,closure,com.google.javascript.rhino.head.IdScriptableObject,com.google.javascript.rhino.head.ScriptableObject,264,83
cling,2,closure,com.google.javascript.rhino.head.IdScriptableObject,com.google.javascript.rhino.head.ScriptableObject,264,100
cling,3,closure,com.google.javascript.rhino.head.IdScriptableObject,com.google.javascript.rhino.head.ScriptableObject,264,84
cling,4,closure,com.google.javascript.rhino.head.IdScriptableObject,com.google.javascript.rhino.head.ScriptableObject,264,93
cling,5,closure,com.google.javascript.rhino.head.IdScriptableObject,com.google.javascript.rhino.head.ScriptableObject,264,112
cling,6,closure,com.google.javascript.rhino.head.IdScriptableObject,com.google.javascript.rhino.head.ScriptableObject,264,83
cling,7,closure,com.google.javascript.rhino.head.IdScriptableObject,com.google.javascript.rhino.head.ScriptableObject,264,94
cling,8,closure,com.google.javascript.rhino.head.IdScriptableObject,com.google.javascript.rhino.head.ScriptableObject,264,95
cling,9,closure,com.google.javascript.rhino.head.IdScriptableObject,com.google.javascript.rhino.head.ScriptableObject,264,106
cling,10,closure,com.google.javascript.rhino.head.IdScriptableObject,com.google.javascript.rhino.head.ScriptableObject,264,104
cling,11,closure,com.google.javascript.rhino.head.IdScriptableObject,com.google.javascript.rhino.head.ScriptableObject,264,75
cling,12,closure,com.google.javascript.rhino.head.IdScriptableObject,com.google.javascript.rhino.head.ScriptableObject,264,94
cling,13,closure,com.google.javascript.rhino.head.IdScriptableObject,com.google.javascript.rhino.head.ScriptableObject,264,76
cling,14,closure,com.google.javascript.rhino.head.IdScriptableObject,com.google.javascript.rhino.head.ScriptableObject,264,107
cling,15,closure,com.google.javascript.rhino.head.IdScriptableObject,com.google.javascript.rhino.head.ScriptableObject,264,80
cling,16,closure,com.google.javascript.rhino.head.IdScriptableObject,com.google.javascript.rhino.head.ScriptableObject,264,109
cling,17,closure,com.google.javascript.rhino.head.IdScriptableObject,com.google.javascript.rhino.head.ScriptableObject,264,96
cling,18,closure,com.google.javascript.rhino.head.IdScriptableObject,com.google.javascript.rhino.head.ScriptableObject,264,76
cling,19,closure,com.google.javascript.rhino.head.IdScriptableObject,com.google.javascript.rhino.head.ScriptableObject,264,96
cling,20,closure,com.google.javascript.rhino.head.IdScriptableObject,com.google.javascript.rhino.head.ScriptableObject,264,83
cling,1,closure,com.google.javascript.rhino.jstype.PrototypeObjectType,com.google.javascript.rhino.jstype.JSType,50,29
cling,2,closure,com.google.javascript.rhino.jstype.PrototypeObjectType,com.google.javascript.rhino.jstype.JSType,50,31
cling,3,closure,com.google.javascript.rhino.jstype.PrototypeObjectType,com.google.javascript.rhino.jstype.JSType,50,33
cling,4,closure,com.google.javascript.rhino.jstype.PrototypeObjectType,com.google.javascript.rhino.jstype.JSType,50,35
cling,5,closure,com.google.javascript.rhino.jstype.PrototypeObjectType,com.google.javascript.rhino.jstype.JSType,50,32
cling,6,closure,com.google.javascript.rhino.jstype.PrototypeObjectType,com.google.javascript.rhino.jstype.JSType,50,32
cling,7,closure,com.google.javascript.rhino.jstype.PrototypeObjectType,com.google.javascript.rhino.jstype.JSType,50,31
cling,8,closure,com.google.javascript.rhino.jstype.PrototypeObjectType,com.google.javascript.rhino.jstype.JSType,50,30
cling,9,closure,com.google.javascript.rhino.jstype.PrototypeObjectType,com.google.javascript.rhino.jstype.JSType,50,32
cling,10,closure,com.google.javascript.rhino.jstype.PrototypeObjectType,com.google.javascript.rhino.jstype.JSType,50,30
cling,11,closure,com.google.javascript.rhino.jstype.PrototypeObjectType,com.google.javascript.rhino.jstype.JSType,50,31
cling,12,closure,com.google.javascript.rhino.jstype.PrototypeObjectType,com.google.javascript.rhino.jstype.JSType,50,32
cling,13,closure,com.google.javascript.rhino.jstype.PrototypeObjectType,com.google.javascript.rhino.jstype.JSType,50,32
cling,14,closure,com.google.javascript.rhino.jstype.PrototypeObjectType,com.google.javascript.rhino.jstype.JSType,50,29
cling,15,closure,com.google.javascript.rhino.jstype.PrototypeObjectType,com.google.javascript.rhino.jstype.JSType,50,28
cling,16,closure,com.google.javascript.rhino.jstype.PrototypeObjectType,com.google.javascript.rhino.jstype.JSType,50,32
cling,17,closure,com.google.javascript.rhino.jstype.PrototypeObjectType,com.google.javascript.rhino.jstype.JSType,50,32
cling,18,closure,com.google.javascript.rhino.jstype.PrototypeObjectType,com.google.javascript.rhino.jstype.JSType,50,30
cling,19,closure,com.google.javascript.rhino.jstype.PrototypeObjectType,com.google.javascript.rhino.jstype.JSType,50,33
cling,20,closure,com.google.javascript.rhino.jstype.PrototypeObjectType,com.google.javascript.rhino.jstype.JSType,50,33
cling,1,closure,com.google.javascript.rhino.jstype.JSType,com.google.javascript.rhino.jstype.UnionType,110,80
cling,2,closure,com.google.javascript.rhino.jstype.JSType,com.google.javascript.rhino.jstype.UnionType,110,84
cling,3,closure,com.google.javascript.rhino.jstype.JSType,com.google.javascript.rhino.jstype.UnionType,110,76
cling,4,closure,com.google.javascript.rhino.jstype.JSType,com.google.javascript.rhino.jstype.UnionType,110,83
cling,5,closure,com.google.javascript.rhino.jstype.JSType,com.google.javascript.rhino.jstype.UnionType,110,71
cling,6,closure,com.google.javascript.rhino.jstype.JSType,com.google.javascript.rhino.jstype.UnionType,110,80
cling,7,closure,com.google.javascript.rhino.jstype.JSType,com.google.javascript.rhino.jstype.UnionType,110,85
cling,8,closure,com.google.javascript.rhino.jstype.JSType,com.google.javascript.rhino.jstype.UnionType,110,74
cling,9,closure,com.google.javascript.rhino.jstype.JSType,com.google.javascript.rhino.jstype.UnionType,110,72
cling,10,closure,com.google.javascript.rhino.jstype.JSType,com.google.javascript.rhino.jstype.UnionType,110,85
cling,11,closure,com.google.javascript.rhino.jstype.JSType,com.google.javascript.rhino.jstype.UnionType,110,67
cling,12,closure,com.google.javascript.rhino.jstype.JSType,com.google.javascript.rhino.jstype.UnionType,110,76
cling,13,closure,com.google.javascript.rhino.jstype.JSType,com.google.javascript.rhino.jstype.UnionType,110,81
cling,14,closure,com.google.javascript.rhino.jstype.JSType,com.google.javascript.rhino.jstype.UnionType,110,86
cling,15,closure,com.google.javascript.rhino.jstype.JSType,com.google.javascript.rhino.jstype.UnionType,110,74
cling,16,closure,com.google.javascript.rhino.jstype.JSType,com.google.javascript.rhino.jstype.UnionType,110,73
cling,17,closure,com.google.javascript.rhino.jstype.JSType,com.google.javascript.rhino.jstype.UnionType,110,72
cling,18,closure,com.google.javascript.rhino.jstype.JSType,com.google.javascript.rhino.jstype.UnionType,110,77
cling,19,closure,com.google.javascript.rhino.jstype.JSType,com.google.javascript.rhino.jstype.UnionType,110,75
cling,20,closure,com.google.javascript.rhino.jstype.JSType,com.google.javascript.rhino.jstype.UnionType,110,81
cling,1,closure,com.google.javascript.rhino.head.NativeObject,com.google.javascript.rhino.head.ScriptableObject,354,159
cling,2,closure,com.google.javascript.rhino.head.NativeObject,com.google.javascript.rhino.head.ScriptableObject,354,151
cling,3,closure,com.google.javascript.rhino.head.NativeObject,com.google.javascript.rhino.head.ScriptableObject,354,146
cling,4,closure,com.google.javascript.rhino.head.NativeObject,com.google.javascript.rhino.head.ScriptableObject,354,138
cling,5,closure,com.google.javascript.rhino.head.NativeObject,com.google.javascript.rhino.head.ScriptableObject,354,170
cling,6,closure,com.google.javascript.rhino.head.NativeObject,com.google.javascript.rhino.head.ScriptableObject,354,153
cling,7,closure,com.google.javascript.rhino.head.NativeObject,com.google.javascript.rhino.head.ScriptableObject,354,141
cling,8,closure,com.google.javascript.rhino.head.NativeObject,com.google.javascript.rhino.head.ScriptableObject,354,152
cling,9,closure,com.google.javascript.rhino.head.NativeObject,com.google.javascript.rhino.head.ScriptableObject,354,139
cling,10,closure,com.google.javascript.rhino.head.NativeObject,com.google.javascript.rhino.head.ScriptableObject,354,179
cling,11,closure,com.google.javascript.rhino.head.NativeObject,com.google.javascript.rhino.head.ScriptableObject,354,156
cling,12,closure,com.google.javascript.rhino.head.NativeObject,com.google.javascript.rhino.head.ScriptableObject,354,172
cling,13,closure,com.google.javascript.rhino.head.NativeObject,com.google.javascript.rhino.head.ScriptableObject,354,134
cling,14,closure,com.google.javascript.rhino.head.NativeObject,com.google.javascript.rhino.head.ScriptableObject,354,145
cling,15,closure,com.google.javascript.rhino.head.NativeObject,com.google.javascript.rhino.head.ScriptableObject,354,165
cling,16,closure,com.google.javascript.rhino.head.NativeObject,com.google.javascript.rhino.head.ScriptableObject,354,163
cling,17,closure,com.google.javascript.rhino.head.NativeObject,com.google.javascript.rhino.head.ScriptableObject,354,161
cling,18,closure,com.google.javascript.rhino.head.NativeObject,com.google.javascript.rhino.head.ScriptableObject,354,142
cling,19,closure,com.google.javascript.rhino.head.NativeObject,com.google.javascript.rhino.head.ScriptableObject,354,135
cling,20,closure,com.google.javascript.rhino.head.NativeObject,com.google.javascript.rhino.head.ScriptableObject,354,165
cling,1,closure,com.google.javascript.rhino.head.ScriptableObject,com.google.javascript.rhino.head.FunctionObject,88,59
cling,2,closure,com.google.javascript.rhino.head.ScriptableObject,com.google.javascript.rhino.head.FunctionObject,88,39
cling,3,closure,com.google.javascript.rhino.head.ScriptableObject,com.google.javascript.rhino.head.FunctionObject,88,41
cling,4,closure,com.google.javascript.rhino.head.ScriptableObject,com.google.javascript.rhino.head.FunctionObject,88,59
cling,5,closure,com.google.javascript.rhino.head.ScriptableObject,com.google.javascript.rhino.head.FunctionObject,88,58
cling,6,closure,com.google.javascript.rhino.head.ScriptableObject,com.google.javascript.rhino.head.FunctionObject,88,38
cling,7,closure,com.google.javascript.rhino.head.ScriptableObject,com.google.javascript.rhino.head.FunctionObject,88,57
cling,8,closure,com.google.javascript.rhino.head.ScriptableObject,com.google.javascript.rhino.head.FunctionObject,88,61
cling,9,closure,com.google.javascript.rhino.head.ScriptableObject,com.google.javascript.rhino.head.FunctionObject,88,39
cling,10,closure,com.google.javascript.rhino.head.ScriptableObject,com.google.javascript.rhino.head.FunctionObject,88,46
cling,11,closure,com.google.javascript.rhino.head.ScriptableObject,com.google.javascript.rhino.head.FunctionObject,88,56
cling,12,closure,com.google.javascript.rhino.head.ScriptableObject,com.google.javascript.rhino.head.FunctionObject,88,63
cling,13,closure,com.google.javascript.rhino.head.ScriptableObject,com.google.javascript.rhino.head.FunctionObject,88,62
cling,14,closure,com.google.javascript.rhino.head.ScriptableObject,com.google.javascript.rhino.head.FunctionObject,88,58
cling,15,closure,com.google.javascript.rhino.head.ScriptableObject,com.google.javascript.rhino.head.FunctionObject,88,64
cling,16,closure,com.google.javascript.rhino.head.ScriptableObject,com.google.javascript.rhino.head.FunctionObject,88,54
cling,17,closure,com.google.javascript.rhino.head.ScriptableObject,com.google.javascript.rhino.head.FunctionObject,88,57
cling,18,closure,com.google.javascript.rhino.head.ScriptableObject,com.google.javascript.rhino.head.FunctionObject,88,61
cling,19,closure,com.google.javascript.rhino.head.ScriptableObject,com.google.javascript.rhino.head.FunctionObject,88,54
cling,20,closure,com.google.javascript.rhino.head.ScriptableObject,com.google.javascript.rhino.head.FunctionObject,88,64
cling,1,closure,com.google.javascript.rhino.head.NativeArray,com.google.javascript.rhino.head.IdScriptableObject,1296,134
cling,2,closure,com.google.javascript.rhino.head.NativeArray,com.google.javascript.rhino.head.IdScriptableObject,1296,157
cling,3,closure,com.google.javascript.rhino.head.NativeArray,com.google.javascript.rhino.head.IdScriptableObject,1296,173
cling,4,closure,com.google.javascript.rhino.head.NativeArray,com.google.javascript.rhino.head.IdScriptableObject,1296,325
cling,5,closure,com.google.javascript.rhino.head.NativeArray,com.google.javascript.rhino.head.IdScriptableObject,1296,248
cling,6,closure,com.google.javascript.rhino.head.NativeArray,com.google.javascript.rhino.head.IdScriptableObject,1296,250
cling,7,closure,com.google.javascript.rhino.head.NativeArray,com.google.javascript.rhino.head.IdScriptableObject,1296,278
cling,8,closure,com.google.javascript.rhino.head.NativeArray,com.google.javascript.rhino.head.IdScriptableObject,1296,253
cling,9,closure,com.google.javascript.rhino.head.NativeArray,com.google.javascript.rhino.head.IdScriptableObject,1296,252
cling,10,closure,com.google.javascript.rhino.head.NativeArray,com.google.javascript.rhino.head.IdScriptableObject,1296,236
cling,11,closure,com.google.javascript.rhino.head.NativeArray,com.google.javascript.rhino.head.IdScriptableObject,1296,231
cling,12,closure,com.google.javascript.rhino.head.NativeArray,com.google.javascript.rhino.head.IdScriptableObject,1296,209
cling,13,closure,com.google.javascript.rhino.head.NativeArray,com.google.javascript.rhino.head.IdScriptableObject,1296,257
cling,14,closure,com.google.javascript.rhino.head.NativeArray,com.google.javascript.rhino.head.IdScriptableObject,1296,123
cling,15,closure,com.google.javascript.rhino.head.NativeArray,com.google.javascript.rhino.head.IdScriptableObject,1296,306
cling,16,closure,com.google.javascript.rhino.head.NativeArray,com.google.javascript.rhino.head.IdScriptableObject,1296,283
cling,17,closure,com.google.javascript.rhino.head.NativeArray,com.google.javascript.rhino.head.IdScriptableObject,1296,223
cling,18,closure,com.google.javascript.rhino.head.NativeArray,com.google.javascript.rhino.head.IdScriptableObject,1296,161
cling,19,closure,com.google.javascript.rhino.head.NativeArray,com.google.javascript.rhino.head.IdScriptableObject,1296,253
cling,20,closure,com.google.javascript.rhino.head.NativeArray,com.google.javascript.rhino.head.IdScriptableObject,1296,256
cling,1,closure,com.google.javascript.rhino.head.NativeArray,com.google.javascript.rhino.head.ScriptableObject,12781,53
cling,2,closure,com.google.javascript.rhino.head.NativeArray,com.google.javascript.rhino.head.ScriptableObject,12781,85
cling,3,closure,com.google.javascript.rhino.head.NativeArray,com.google.javascript.rhino.head.ScriptableObject,12781,96
cling,4,closure,com.google.javascript.rhino.head.NativeArray,com.google.javascript.rhino.head.ScriptableObject,12781,75
cling,5,closure,com.google.javascript.rhino.head.NativeArray,com.google.javascript.rhino.head.ScriptableObject,12781,180
cling,6,closure,com.google.javascript.rhino.head.NativeArray,com.google.javascript.rhino.head.ScriptableObject,12781,116
cling,7,closure,com.google.javascript.rhino.head.NativeArray,com.google.javascript.rhino.head.ScriptableObject,12781,0
cling,8,closure,com.google.javascript.rhino.head.NativeArray,com.google.javascript.rhino.head.ScriptableObject,12781,68
cling,9,closure,com.google.javascript.rhino.head.NativeArray,com.google.javascript.rhino.head.ScriptableObject,12781,37
cling,10,closure,com.google.javascript.rhino.head.NativeArray,com.google.javascript.rhino.head.ScriptableObject,12781,222
cling,11,closure,com.google.javascript.rhino.head.NativeArray,com.google.javascript.rhino.head.ScriptableObject,12781,37
cling,12,closure,com.google.javascript.rhino.head.NativeArray,com.google.javascript.rhino.head.ScriptableObject,12781,60
cling,13,closure,com.google.javascript.rhino.head.NativeArray,com.google.javascript.rhino.head.ScriptableObject,12781,0
cling,14,closure,com.google.javascript.rhino.head.NativeArray,com.google.javascript.rhino.head.ScriptableObject,12781,127
cling,15,closure,com.google.javascript.rhino.head.NativeArray,com.google.javascript.rhino.head.ScriptableObject,12781,0
cling,16,closure,com.google.javascript.rhino.head.NativeArray,com.google.javascript.rhino.head.ScriptableObject,12781,49
cling,17,closure,com.google.javascript.rhino.head.NativeArray,com.google.javascript.rhino.head.ScriptableObject,12781,95
cling,18,closure,com.google.javascript.rhino.head.NativeArray,com.google.javascript.rhino.head.ScriptableObject,12781,171
cling,19,closure,com.google.javascript.rhino.head.NativeArray,com.google.javascript.rhino.head.ScriptableObject,12781,80
cling,20,closure,com.google.javascript.rhino.head.NativeArray,com.google.javascript.rhino.head.ScriptableObject,12781,49
cling,1,closure,com.google.javascript.rhino.head.IRFactory,com.google.javascript.rhino.head.Parser,60528,1515
cling,2,closure,com.google.javascript.rhino.head.IRFactory,com.google.javascript.rhino.head.Parser,60528,0
cling,3,closure,com.google.javascript.rhino.head.IRFactory,com.google.javascript.rhino.head.Parser,60528,828
cling,4,closure,com.google.javascript.rhino.head.IRFactory,com.google.javascript.rhino.head.Parser,60528,854
cling,5,closure,com.google.javascript.rhino.head.IRFactory,com.google.javascript.rhino.head.Parser,60528,989
cling,6,closure,com.google.javascript.rhino.head.IRFactory,com.google.javascript.rhino.head.Parser,60528,0
cling,7,closure,com.google.javascript.rhino.head.IRFactory,com.google.javascript.rhino.head.Parser,60528,0
cling,8,closure,com.google.javascript.rhino.head.IRFactory,com.google.javascript.rhino.head.Parser,60528,0
cling,9,closure,com.google.javascript.rhino.head.IRFactory,com.google.javascript.rhino.head.Parser,60528,320
cling,10,closure,com.google.javascript.rhino.head.IRFactory,com.google.javascript.rhino.head.Parser,60528,0
cling,11,closure,com.google.javascript.rhino.head.IRFactory,com.google.javascript.rhino.head.Parser,60528,1103
cling,12,closure,com.google.javascript.rhino.head.IRFactory,com.google.javascript.rhino.head.Parser,60528,0
cling,13,closure,com.google.javascript.rhino.head.IRFactory,com.google.javascript.rhino.head.Parser,60528,0
cling,14,closure,com.google.javascript.rhino.head.IRFactory,com.google.javascript.rhino.head.Parser,60528,0
cling,15,closure,com.google.javascript.rhino.head.IRFactory,com.google.javascript.rhino.head.Parser,60528,0
cling,16,closure,com.google.javascript.rhino.head.IRFactory,com.google.javascript.rhino.head.Parser,60528,0
cling,17,closure,com.google.javascript.rhino.head.IRFactory,com.google.javascript.rhino.head.Parser,60528,0
cling,18,closure,com.google.javascript.rhino.head.IRFactory,com.google.javascript.rhino.head.Parser,60528,1786
cling,19,closure,com.google.javascript.rhino.head.IRFactory,com.google.javascript.rhino.head.Parser,60528,0
cling,20,closure,com.google.javascript.rhino.head.IRFactory,com.google.javascript.rhino.head.Parser,-1,0
cling,1,closure,com.google.javascript.jscomp.CommandLineRunner,com.google.javascript.jscomp.AbstractCommandLineRunner,581,71
cling,2,closure,com.google.javascript.jscomp.CommandLineRunner,com.google.javascript.jscomp.AbstractCommandLineRunner,581,68
cling,3,closure,com.google.javascript.jscomp.CommandLineRunner,com.google.javascript.jscomp.AbstractCommandLineRunner,581,70
cling,4,closure,com.google.javascript.jscomp.CommandLineRunner,com.google.javascript.jscomp.AbstractCommandLineRunner,581,76
cling,5,closure,com.google.javascript.jscomp.CommandLineRunner,com.google.javascript.jscomp.AbstractCommandLineRunner,581,56
cling,6,closure,com.google.javascript.jscomp.CommandLineRunner,com.google.javascript.jscomp.AbstractCommandLineRunner,581,70
cling,7,closure,com.google.javascript.jscomp.CommandLineRunner,com.google.javascript.jscomp.AbstractCommandLineRunner,581,76
cling,8,closure,com.google.javascript.jscomp.CommandLineRunner,com.google.javascript.jscomp.AbstractCommandLineRunner,581,64
cling,9,closure,com.google.javascript.jscomp.CommandLineRunner,com.google.javascript.jscomp.AbstractCommandLineRunner,581,73
cling,10,closure,com.google.javascript.jscomp.CommandLineRunner,com.google.javascript.jscomp.AbstractCommandLineRunner,581,78
cling,11,closure,com.google.javascript.jscomp.CommandLineRunner,com.google.javascript.jscomp.AbstractCommandLineRunner,581,59
cling,12,closure,com.google.javascript.jscomp.CommandLineRunner,com.google.javascript.jscomp.AbstractCommandLineRunner,581,71
cling,13,closure,com.google.javascript.jscomp.CommandLineRunner,com.google.javascript.jscomp.AbstractCommandLineRunner,581,75
cling,14,closure,com.google.javascript.jscomp.CommandLineRunner,com.google.javascript.jscomp.AbstractCommandLineRunner,581,74
cling,15,closure,com.google.javascript.jscomp.CommandLineRunner,com.google.javascript.jscomp.AbstractCommandLineRunner,581,76
cling,16,closure,com.google.javascript.jscomp.CommandLineRunner,com.google.javascript.jscomp.AbstractCommandLineRunner,581,73
cling,17,closure,com.google.javascript.jscomp.CommandLineRunner,com.google.javascript.jscomp.AbstractCommandLineRunner,581,68
cling,18,closure,com.google.javascript.jscomp.CommandLineRunner,com.google.javascript.jscomp.AbstractCommandLineRunner,581,77
cling,19,closure,com.google.javascript.jscomp.CommandLineRunner,com.google.javascript.jscomp.AbstractCommandLineRunner,581,72
cling,20,closure,com.google.javascript.jscomp.CommandLineRunner,com.google.javascript.jscomp.AbstractCommandLineRunner,581,66
cling,1,closure,com.google.javascript.rhino.jstype.JSType,com.google.javascript.rhino.jstype.FunctionType,160,88
cling,2,closure,com.google.javascript.rhino.jstype.JSType,com.google.javascript.rhino.jstype.FunctionType,160,106
cling,3,closure,com.google.javascript.rhino.jstype.JSType,com.google.javascript.rhino.jstype.FunctionType,160,125
cling,4,closure,com.google.javascript.rhino.jstype.JSType,com.google.javascript.rhino.jstype.FunctionType,160,119
cling,5,closure,com.google.javascript.rhino.jstype.JSType,com.google.javascript.rhino.jstype.FunctionType,160,106
cling,6,closure,com.google.javascript.rhino.jstype.JSType,com.google.javascript.rhino.jstype.FunctionType,160,110
cling,7,closure,com.google.javascript.rhino.jstype.JSType,com.google.javascript.rhino.jstype.FunctionType,160,102
cling,8,closure,com.google.javascript.rhino.jstype.JSType,com.google.javascript.rhino.jstype.FunctionType,160,94
cling,9,closure,com.google.javascript.rhino.jstype.JSType,com.google.javascript.rhino.jstype.FunctionType,160,115
cling,10,closure,com.google.javascript.rhino.jstype.JSType,com.google.javascript.rhino.jstype.FunctionType,160,111
cling,11,closure,com.google.javascript.rhino.jstype.JSType,com.google.javascript.rhino.jstype.FunctionType,160,102
cling,12,closure,com.google.javascript.rhino.jstype.JSType,com.google.javascript.rhino.jstype.FunctionType,160,121
cling,13,closure,com.google.javascript.rhino.jstype.JSType,com.google.javascript.rhino.jstype.FunctionType,160,104
cling,14,closure,com.google.javascript.rhino.jstype.JSType,com.google.javascript.rhino.jstype.FunctionType,160,107
cling,15,closure,com.google.javascript.rhino.jstype.JSType,com.google.javascript.rhino.jstype.FunctionType,160,105
cling,16,closure,com.google.javascript.rhino.jstype.JSType,com.google.javascript.rhino.jstype.FunctionType,160,124
cling,17,closure,com.google.javascript.rhino.jstype.JSType,com.google.javascript.rhino.jstype.FunctionType,160,119
cling,18,closure,com.google.javascript.rhino.jstype.JSType,com.google.javascript.rhino.jstype.FunctionType,160,109
cling,19,closure,com.google.javascript.rhino.jstype.JSType,com.google.javascript.rhino.jstype.FunctionType,160,122
cling,20,closure,com.google.javascript.rhino.jstype.JSType,com.google.javascript.rhino.jstype.FunctionType,160,119
cling,1,closure,com.google.javascript.jscomp.NodeUtil,com.google.javascript.rhino.Node,22216,1098
cling,2,closure,com.google.javascript.jscomp.NodeUtil,com.google.javascript.rhino.Node,22216,1500
cling,3,closure,com.google.javascript.jscomp.NodeUtil,com.google.javascript.rhino.Node,22216,1517
cling,4,closure,com.google.javascript.jscomp.NodeUtil,com.google.javascript.rhino.Node,22216,1594
cling,5,closure,com.google.javascript.jscomp.NodeUtil,com.google.javascript.rhino.Node,22216,1572
cling,6,closure,com.google.javascript.jscomp.NodeUtil,com.google.javascript.rhino.Node,-1,0
cling,7,closure,com.google.javascript.jscomp.NodeUtil,com.google.javascript.rhino.Node,-1,0
cling,8,closure,com.google.javascript.jscomp.NodeUtil,com.google.javascript.rhino.Node,-1,0
cling,9,closure,com.google.javascript.jscomp.NodeUtil,com.google.javascript.rhino.Node,-1,0
cling,10,closure,com.google.javascript.jscomp.NodeUtil,com.google.javascript.rhino.Node,22216,1647
cling,11,closure,com.google.javascript.jscomp.NodeUtil,com.google.javascript.rhino.Node,22216,944
cling,12,closure,com.google.javascript.jscomp.NodeUtil,com.google.javascript.rhino.Node,-1,0
cling,13,closure,com.google.javascript.jscomp.NodeUtil,com.google.javascript.rhino.Node,22216,1542
cling,14,closure,com.google.javascript.jscomp.NodeUtil,com.google.javascript.rhino.Node,22216,1496
cling,15,closure,com.google.javascript.jscomp.NodeUtil,com.google.javascript.rhino.Node,22216,1439
cling,16,closure,com.google.javascript.jscomp.NodeUtil,com.google.javascript.rhino.Node,22216,1520
cling,17,closure,com.google.javascript.jscomp.NodeUtil,com.google.javascript.rhino.Node,22216,1970
cling,18,closure,com.google.javascript.jscomp.NodeUtil,com.google.javascript.rhino.Node,22216,1642
cling,19,closure,com.google.javascript.jscomp.NodeUtil,com.google.javascript.rhino.Node,22216,1630
cling,20,closure,com.google.javascript.jscomp.NodeUtil,com.google.javascript.rhino.Node,22216,1717
cling,1,closure,com.google.javascript.rhino.JSDocInfoBuilder,com.google.javascript.rhino.JSDocInfo,1379,772
cling,2,closure,com.google.javascript.rhino.JSDocInfoBuilder,com.google.javascript.rhino.JSDocInfo,1379,742
cling,3,closure,com.google.javascript.rhino.JSDocInfoBuilder,com.google.javascript.rhino.JSDocInfo,1379,692
cling,4,closure,com.google.javascript.rhino.JSDocInfoBuilder,com.google.javascript.rhino.JSDocInfo,1379,674
cling,5,closure,com.google.javascript.rhino.JSDocInfoBuilder,com.google.javascript.rhino.JSDocInfo,1379,741
cling,6,closure,com.google.javascript.rhino.JSDocInfoBuilder,com.google.javascript.rhino.JSDocInfo,1379,845
cling,7,closure,com.google.javascript.rhino.JSDocInfoBuilder,com.google.javascript.rhino.JSDocInfo,1379,688
cling,8,closure,com.google.javascript.rhino.JSDocInfoBuilder,com.google.javascript.rhino.JSDocInfo,1379,730
cling,9,closure,com.google.javascript.rhino.JSDocInfoBuilder,com.google.javascript.rhino.JSDocInfo,1379,681
cling,10,closure,com.google.javascript.rhino.JSDocInfoBuilder,com.google.javascript.rhino.JSDocInfo,1379,692
cling,11,closure,com.google.javascript.rhino.JSDocInfoBuilder,com.google.javascript.rhino.JSDocInfo,1379,670
cling,12,closure,com.google.javascript.rhino.JSDocInfoBuilder,com.google.javascript.rhino.JSDocInfo,1379,734
cling,13,closure,com.google.javascript.rhino.JSDocInfoBuilder,com.google.javascript.rhino.JSDocInfo,1379,683
cling,14,closure,com.google.javascript.rhino.JSDocInfoBuilder,com.google.javascript.rhino.JSDocInfo,1379,660
cling,15,closure,com.google.javascript.rhino.JSDocInfoBuilder,com.google.javascript.rhino.JSDocInfo,1379,670
cling,16,closure,com.google.javascript.rhino.JSDocInfoBuilder,com.google.javascript.rhino.JSDocInfo,1379,650
cling,17,closure,com.google.javascript.rhino.JSDocInfoBuilder,com.google.javascript.rhino.JSDocInfo,1379,626
cling,18,closure,com.google.javascript.rhino.JSDocInfoBuilder,com.google.javascript.rhino.JSDocInfo,1379,652
cling,19,closure,com.google.javascript.rhino.JSDocInfoBuilder,com.google.javascript.rhino.JSDocInfo,1379,676
cling,20,closure,com.google.javascript.rhino.JSDocInfoBuilder,com.google.javascript.rhino.JSDocInfo,1379,700
cling,1,closure,com.google.javascript.rhino.head.Parser,com.google.javascript.rhino.head.CompilerEnvirons,768,331
cling,2,closure,com.google.javascript.rhino.head.Parser,com.google.javascript.rhino.head.CompilerEnvirons,768,369
cling,3,closure,com.google.javascript.rhino.head.Parser,com.google.javascript.rhino.head.CompilerEnvirons,768,370
cling,4,closure,com.google.javascript.rhino.head.Parser,com.google.javascript.rhino.head.CompilerEnvirons,768,352
cling,5,closure,com.google.javascript.rhino.head.Parser,com.google.javascript.rhino.head.CompilerEnvirons,768,333
cling,6,closure,com.google.javascript.rhino.head.Parser,com.google.javascript.rhino.head.CompilerEnvirons,768,329
cling,7,closure,com.google.javascript.rhino.head.Parser,com.google.javascript.rhino.head.CompilerEnvirons,768,377
cling,8,closure,com.google.javascript.rhino.head.Parser,com.google.javascript.rhino.head.CompilerEnvirons,768,358
cling,9,closure,com.google.javascript.rhino.head.Parser,com.google.javascript.rhino.head.CompilerEnvirons,768,331
cling,10,closure,com.google.javascript.rhino.head.Parser,com.google.javascript.rhino.head.CompilerEnvirons,768,366
cling,11,closure,com.google.javascript.rhino.head.Parser,com.google.javascript.rhino.head.CompilerEnvirons,768,362
cling,12,closure,com.google.javascript.rhino.head.Parser,com.google.javascript.rhino.head.CompilerEnvirons,768,380
cling,13,closure,com.google.javascript.rhino.head.Parser,com.google.javascript.rhino.head.CompilerEnvirons,768,389
cling,14,closure,com.google.javascript.rhino.head.Parser,com.google.javascript.rhino.head.CompilerEnvirons,768,353
cling,15,closure,com.google.javascript.rhino.head.Parser,com.google.javascript.rhino.head.CompilerEnvirons,768,373
cling,16,closure,com.google.javascript.rhino.head.Parser,com.google.javascript.rhino.head.CompilerEnvirons,768,360
cling,17,closure,com.google.javascript.rhino.head.Parser,com.google.javascript.rhino.head.CompilerEnvirons,768,355
cling,18,closure,com.google.javascript.rhino.head.Parser,com.google.javascript.rhino.head.CompilerEnvirons,768,338
cling,19,closure,com.google.javascript.rhino.head.Parser,com.google.javascript.rhino.head.CompilerEnvirons,768,361
cling,20,closure,com.google.javascript.rhino.head.Parser,com.google.javascript.rhino.head.CompilerEnvirons,768,350
cling,1,closure,com.google.javascript.rhino.head.Interpreter,com.google.javascript.rhino.head.Context,36,2
cling,2,closure,com.google.javascript.rhino.head.Interpreter,com.google.javascript.rhino.head.Context,36,2
cling,3,closure,com.google.javascript.rhino.head.Interpreter,com.google.javascript.rhino.head.Context,36,2
cling,4,closure,com.google.javascript.rhino.head.Interpreter,com.google.javascript.rhino.head.Context,36,2
cling,5,closure,com.google.javascript.rhino.head.Interpreter,com.google.javascript.rhino.head.Context,36,3
cling,6,closure,com.google.javascript.rhino.head.Interpreter,com.google.javascript.rhino.head.Context,36,3
cling,7,closure,com.google.javascript.rhino.head.Interpreter,com.google.javascript.rhino.head.Context,36,3
cling,8,closure,com.google.javascript.rhino.head.Interpreter,com.google.javascript.rhino.head.Context,36,3
cling,9,closure,com.google.javascript.rhino.head.Interpreter,com.google.javascript.rhino.head.Context,36,2
cling,10,closure,com.google.javascript.rhino.head.Interpreter,com.google.javascript.rhino.head.Context,36,2
cling,11,closure,com.google.javascript.rhino.head.Interpreter,com.google.javascript.rhino.head.Context,36,2
cling,12,closure,com.google.javascript.rhino.head.Interpreter,com.google.javascript.rhino.head.Context,36,2
cling,13,closure,com.google.javascript.rhino.head.Interpreter,com.google.javascript.rhino.head.Context,36,3
cling,14,closure,com.google.javascript.rhino.head.Interpreter,com.google.javascript.rhino.head.Context,36,2
cling,15,closure,com.google.javascript.rhino.head.Interpreter,com.google.javascript.rhino.head.Context,36,2
cling,16,closure,com.google.javascript.rhino.head.Interpreter,com.google.javascript.rhino.head.Context,36,2
cling,17,closure,com.google.javascript.rhino.head.Interpreter,com.google.javascript.rhino.head.Context,36,2
cling,18,closure,com.google.javascript.rhino.head.Interpreter,com.google.javascript.rhino.head.Context,36,2
cling,19,closure,com.google.javascript.rhino.head.Interpreter,com.google.javascript.rhino.head.Context,36,2
cling,20,closure,com.google.javascript.rhino.head.Interpreter,com.google.javascript.rhino.head.Context,36,3
cling,1,closure,com.google.javascript.rhino.head.IRFactory,com.google.javascript.rhino.head.Decompiler,10050,638
cling,2,closure,com.google.javascript.rhino.head.IRFactory,com.google.javascript.rhino.head.Decompiler,10050,605
cling,3,closure,com.google.javascript.rhino.head.IRFactory,com.google.javascript.rhino.head.Decompiler,10050,560
cling,4,closure,com.google.javascript.rhino.head.IRFactory,com.google.javascript.rhino.head.Decompiler,10050,580
cling,5,closure,com.google.javascript.rhino.head.IRFactory,com.google.javascript.rhino.head.Decompiler,10050,624
cling,6,closure,com.google.javascript.rhino.head.IRFactory,com.google.javascript.rhino.head.Decompiler,10050,583
cling,7,closure,com.google.javascript.rhino.head.IRFactory,com.google.javascript.rhino.head.Decompiler,10050,522
cling,8,closure,com.google.javascript.rhino.head.IRFactory,com.google.javascript.rhino.head.Decompiler,10050,607
cling,9,closure,com.google.javascript.rhino.head.IRFactory,com.google.javascript.rhino.head.Decompiler,10050,722
cling,10,closure,com.google.javascript.rhino.head.IRFactory,com.google.javascript.rhino.head.Decompiler,10050,666
cling,11,closure,com.google.javascript.rhino.head.IRFactory,com.google.javascript.rhino.head.Decompiler,10050,481
cling,12,closure,com.google.javascript.rhino.head.IRFactory,com.google.javascript.rhino.head.Decompiler,10050,544
cling,13,closure,com.google.javascript.rhino.head.IRFactory,com.google.javascript.rhino.head.Decompiler,10050,651
cling,14,closure,com.google.javascript.rhino.head.IRFactory,com.google.javascript.rhino.head.Decompiler,10050,527
cling,15,closure,com.google.javascript.rhino.head.IRFactory,com.google.javascript.rhino.head.Decompiler,10050,622
cling,16,closure,com.google.javascript.rhino.head.IRFactory,com.google.javascript.rhino.head.Decompiler,10050,886
cling,17,closure,com.google.javascript.rhino.head.IRFactory,com.google.javascript.rhino.head.Decompiler,10050,602
cling,18,closure,com.google.javascript.rhino.head.IRFactory,com.google.javascript.rhino.head.Decompiler,10050,622
cling,19,closure,com.google.javascript.rhino.head.IRFactory,com.google.javascript.rhino.head.Decompiler,10050,632
cling,20,closure,com.google.javascript.rhino.head.IRFactory,com.google.javascript.rhino.head.Decompiler,10050,708
cling,1,closure,com.google.javascript.rhino.head.IRFactory,com.google.javascript.rhino.head.Node,16430,593
cling,2,closure,com.google.javascript.rhino.head.IRFactory,com.google.javascript.rhino.head.Node,16430,760
cling,3,closure,com.google.javascript.rhino.head.IRFactory,com.google.javascript.rhino.head.Node,16430,698
cling,4,closure,com.google.javascript.rhino.head.IRFactory,com.google.javascript.rhino.head.Node,16430,759
cling,5,closure,com.google.javascript.rhino.head.IRFactory,com.google.javascript.rhino.head.Node,16430,796
cling,6,closure,com.google.javascript.rhino.head.IRFactory,com.google.javascript.rhino.head.Node,16430,1166
cling,7,closure,com.google.javascript.rhino.head.IRFactory,com.google.javascript.rhino.head.Node,16430,898
cling,8,closure,com.google.javascript.rhino.head.IRFactory,com.google.javascript.rhino.head.Node,16430,528
cling,9,closure,com.google.javascript.rhino.head.IRFactory,com.google.javascript.rhino.head.Node,16430,616
cling,10,closure,com.google.javascript.rhino.head.IRFactory,com.google.javascript.rhino.head.Node,16430,716
cling,11,closure,com.google.javascript.rhino.head.IRFactory,com.google.javascript.rhino.head.Node,16430,873
cling,12,closure,com.google.javascript.rhino.head.IRFactory,com.google.javascript.rhino.head.Node,16430,867
cling,13,closure,com.google.javascript.rhino.head.IRFactory,com.google.javascript.rhino.head.Node,16430,817
cling,14,closure,com.google.javascript.rhino.head.IRFactory,com.google.javascript.rhino.head.Node,16430,836
cling,15,closure,com.google.javascript.rhino.head.IRFactory,com.google.javascript.rhino.head.Node,16430,920
cling,16,closure,com.google.javascript.rhino.head.IRFactory,com.google.javascript.rhino.head.Node,16430,770
cling,17,closure,com.google.javascript.rhino.head.IRFactory,com.google.javascript.rhino.head.Node,16430,771
cling,18,closure,com.google.javascript.rhino.head.IRFactory,com.google.javascript.rhino.head.Node,16430,870
cling,19,closure,com.google.javascript.rhino.head.IRFactory,com.google.javascript.rhino.head.Node,16430,752
cling,20,closure,com.google.javascript.rhino.head.IRFactory,com.google.javascript.rhino.head.Node,16430,636
cling,1,closure,com.google.javascript.rhino.head.Interpreter,com.google.javascript.rhino.head.ScriptableObject,57928,0
cling,2,closure,com.google.javascript.rhino.head.Interpreter,com.google.javascript.rhino.head.ScriptableObject,57928,0
cling,3,closure,com.google.javascript.rhino.head.Interpreter,com.google.javascript.rhino.head.ScriptableObject,57928,0
cling,4,closure,com.google.javascript.rhino.head.Interpreter,com.google.javascript.rhino.head.ScriptableObject,57928,0
cling,5,closure,com.google.javascript.rhino.head.Interpreter,com.google.javascript.rhino.head.ScriptableObject,57928,101
cling,6,closure,com.google.javascript.rhino.head.Interpreter,com.google.javascript.rhino.head.ScriptableObject,57928,0
cling,7,closure,com.google.javascript.rhino.head.Interpreter,com.google.javascript.rhino.head.ScriptableObject,57928,0
cling,8,closure,com.google.javascript.rhino.head.Interpreter,com.google.javascript.rhino.head.ScriptableObject,57928,0
cling,9,closure,com.google.javascript.rhino.head.Interpreter,com.google.javascript.rhino.head.ScriptableObject,57928,0
cling,10,closure,com.google.javascript.rhino.head.Interpreter,com.google.javascript.rhino.head.ScriptableObject,57928,45
cling,11,closure,com.google.javascript.rhino.head.Interpreter,com.google.javascript.rhino.head.ScriptableObject,57928,0
cling,12,closure,com.google.javascript.rhino.head.Interpreter,com.google.javascript.rhino.head.ScriptableObject,57928,0
cling,13,closure,com.google.javascript.rhino.head.Interpreter,com.google.javascript.rhino.head.ScriptableObject,57928,28
cling,14,closure,com.google.javascript.rhino.head.Interpreter,com.google.javascript.rhino.head.ScriptableObject,57928,57
cling,15,closure,com.google.javascript.rhino.head.Interpreter,com.google.javascript.rhino.head.ScriptableObject,57928,84
cling,16,closure,com.google.javascript.rhino.head.Interpreter,com.google.javascript.rhino.head.ScriptableObject,57928,0
cling,17,closure,com.google.javascript.rhino.head.Interpreter,com.google.javascript.rhino.head.ScriptableObject,57928,62
cling,18,closure,com.google.javascript.rhino.head.Interpreter,com.google.javascript.rhino.head.ScriptableObject,57928,0
cling,19,closure,com.google.javascript.rhino.head.Interpreter,com.google.javascript.rhino.head.ScriptableObject,57928,0
cling,20,closure,com.google.javascript.rhino.head.Interpreter,com.google.javascript.rhino.head.ScriptableObject,57928,0
cling,1,closure,com.google.javascript.rhino.head.ScriptRuntime,com.google.javascript.rhino.head.ScriptableObject,34116,314
cling,2,closure,com.google.javascript.rhino.head.ScriptRuntime,com.google.javascript.rhino.head.ScriptableObject,34116,161
cling,3,closure,com.google.javascript.rhino.head.ScriptRuntime,com.google.javascript.rhino.head.ScriptableObject,34116,56
cling,4,closure,com.google.javascript.rhino.head.ScriptRuntime,com.google.javascript.rhino.head.ScriptableObject,34116,344
cling,5,closure,com.google.javascript.rhino.head.ScriptRuntime,com.google.javascript.rhino.head.ScriptableObject,34116,533
cling,6,closure,com.google.javascript.rhino.head.ScriptRuntime,com.google.javascript.rhino.head.ScriptableObject,34116,269
cling,7,closure,com.google.javascript.rhino.head.ScriptRuntime,com.google.javascript.rhino.head.ScriptableObject,34116,0
cling,8,closure,com.google.javascript.rhino.head.ScriptRuntime,com.google.javascript.rhino.head.ScriptableObject,-1,0
cling,9,closure,com.google.javascript.rhino.head.ScriptRuntime,com.google.javascript.rhino.head.ScriptableObject,34116,112
cling,10,closure,com.google.javascript.rhino.head.ScriptRuntime,com.google.javascript.rhino.head.ScriptableObject,34116,618
cling,11,closure,com.google.javascript.rhino.head.ScriptRuntime,com.google.javascript.rhino.head.ScriptableObject,34116,139
cling,12,closure,com.google.javascript.rhino.head.ScriptRuntime,com.google.javascript.rhino.head.ScriptableObject,34116,603
cling,13,closure,com.google.javascript.rhino.head.ScriptRuntime,com.google.javascript.rhino.head.ScriptableObject,34116,184
cling,14,closure,com.google.javascript.rhino.head.ScriptRuntime,com.google.javascript.rhino.head.ScriptableObject,34116,513
cling,15,closure,com.google.javascript.rhino.head.ScriptRuntime,com.google.javascript.rhino.head.ScriptableObject,34116,186
cling,16,closure,com.google.javascript.rhino.head.ScriptRuntime,com.google.javascript.rhino.head.ScriptableObject,34116,300
cling,17,closure,com.google.javascript.rhino.head.ScriptRuntime,com.google.javascript.rhino.head.ScriptableObject,34116,319
cling,18,closure,com.google.javascript.rhino.head.ScriptRuntime,com.google.javascript.rhino.head.ScriptableObject,34116,146
cling,19,closure,com.google.javascript.rhino.head.ScriptRuntime,com.google.javascript.rhino.head.ScriptableObject,34116,422
cling,20,closure,com.google.javascript.rhino.head.ScriptRuntime,com.google.javascript.rhino.head.ScriptableObject,34116,88
cling,1,closure,com.google.javascript.rhino.head.Interpreter,com.google.javascript.rhino.head.InterpretedFunction,13564,2
cling,2,closure,com.google.javascript.rhino.head.Interpreter,com.google.javascript.rhino.head.InterpretedFunction,13564,2
cling,3,closure,com.google.javascript.rhino.head.Interpreter,com.google.javascript.rhino.head.InterpretedFunction,13564,1
cling,4,closure,com.google.javascript.rhino.head.Interpreter,com.google.javascript.rhino.head.InterpretedFunction,13564,0
cling,5,closure,com.google.javascript.rhino.head.Interpreter,com.google.javascript.rhino.head.InterpretedFunction,13564,0
cling,6,closure,com.google.javascript.rhino.head.Interpreter,com.google.javascript.rhino.head.InterpretedFunction,13564,1
cling,7,closure,com.google.javascript.rhino.head.Interpreter,com.google.javascript.rhino.head.InterpretedFunction,13564,1
cling,8,closure,com.google.javascript.rhino.head.Interpreter,com.google.javascript.rhino.head.InterpretedFunction,13564,1
cling,9,closure,com.google.javascript.rhino.head.Interpreter,com.google.javascript.rhino.head.InterpretedFunction,13564,0
cling,10,closure,com.google.javascript.rhino.head.Interpreter,com.google.javascript.rhino.head.InterpretedFunction,13564,1
cling,11,closure,com.google.javascript.rhino.head.Interpreter,com.google.javascript.rhino.head.InterpretedFunction,13564,1
cling,12,closure,com.google.javascript.rhino.head.Interpreter,com.google.javascript.rhino.head.InterpretedFunction,13564,1
cling,13,closure,com.google.javascript.rhino.head.Interpreter,com.google.javascript.rhino.head.InterpretedFunction,13564,3
cling,14,closure,com.google.javascript.rhino.head.Interpreter,com.google.javascript.rhino.head.InterpretedFunction,13564,0
cling,15,closure,com.google.javascript.rhino.head.Interpreter,com.google.javascript.rhino.head.InterpretedFunction,13564,0
cling,16,closure,com.google.javascript.rhino.head.Interpreter,com.google.javascript.rhino.head.InterpretedFunction,13564,0
cling,17,closure,com.google.javascript.rhino.head.Interpreter,com.google.javascript.rhino.head.InterpretedFunction,13564,0
cling,18,closure,com.google.javascript.rhino.head.Interpreter,com.google.javascript.rhino.head.InterpretedFunction,13564,1
cling,19,closure,com.google.javascript.rhino.head.Interpreter,com.google.javascript.rhino.head.InterpretedFunction,13564,0
cling,20,closure,com.google.javascript.rhino.head.Interpreter,com.google.javascript.rhino.head.InterpretedFunction,13564,2
cling,1,closure,com.google.javascript.rhino.head.Interpreter,com.google.javascript.rhino.head.NativeContinuation,2833,0
cling,2,closure,com.google.javascript.rhino.head.Interpreter,com.google.javascript.rhino.head.NativeContinuation,2833,0
cling,3,closure,com.google.javascript.rhino.head.Interpreter,com.google.javascript.rhino.head.NativeContinuation,2833,0
cling,4,closure,com.google.javascript.rhino.head.Interpreter,com.google.javascript.rhino.head.NativeContinuation,2833,0
cling,5,closure,com.google.javascript.rhino.head.Interpreter,com.google.javascript.rhino.head.NativeContinuation,2833,0
cling,6,closure,com.google.javascript.rhino.head.Interpreter,com.google.javascript.rhino.head.NativeContinuation,2833,0
cling,7,closure,com.google.javascript.rhino.head.Interpreter,com.google.javascript.rhino.head.NativeContinuation,2833,0
cling,8,closure,com.google.javascript.rhino.head.Interpreter,com.google.javascript.rhino.head.NativeContinuation,2833,0
cling,9,closure,com.google.javascript.rhino.head.Interpreter,com.google.javascript.rhino.head.NativeContinuation,2833,0
cling,10,closure,com.google.javascript.rhino.head.Interpreter,com.google.javascript.rhino.head.NativeContinuation,2833,0
cling,11,closure,com.google.javascript.rhino.head.Interpreter,com.google.javascript.rhino.head.NativeContinuation,2833,0
cling,12,closure,com.google.javascript.rhino.head.Interpreter,com.google.javascript.rhino.head.NativeContinuation,2833,0
cling,13,closure,com.google.javascript.rhino.head.Interpreter,com.google.javascript.rhino.head.NativeContinuation,2833,0
cling,14,closure,com.google.javascript.rhino.head.Interpreter,com.google.javascript.rhino.head.NativeContinuation,2833,0
cling,15,closure,com.google.javascript.rhino.head.Interpreter,com.google.javascript.rhino.head.NativeContinuation,2833,0
cling,16,closure,com.google.javascript.rhino.head.Interpreter,com.google.javascript.rhino.head.NativeContinuation,2833,0
cling,17,closure,com.google.javascript.rhino.head.Interpreter,com.google.javascript.rhino.head.NativeContinuation,2833,0
cling,18,closure,com.google.javascript.rhino.head.Interpreter,com.google.javascript.rhino.head.NativeContinuation,2833,0
cling,19,closure,com.google.javascript.rhino.head.Interpreter,com.google.javascript.rhino.head.NativeContinuation,2833,0
cling,20,closure,com.google.javascript.rhino.head.Interpreter,com.google.javascript.rhino.head.NativeContinuation,2833,0
cling,1,closure,com.google.javascript.rhino.head.NativeArray,com.google.javascript.rhino.head.ScriptRuntime,466,260
cling,2,closure,com.google.javascript.rhino.head.NativeArray,com.google.javascript.rhino.head.ScriptRuntime,466,242
cling,3,closure,com.google.javascript.rhino.head.NativeArray,com.google.javascript.rhino.head.ScriptRuntime,466,246
cling,4,closure,com.google.javascript.rhino.head.NativeArray,com.google.javascript.rhino.head.ScriptRuntime,466,235
cling,5,closure,com.google.javascript.rhino.head.NativeArray,com.google.javascript.rhino.head.ScriptRuntime,466,237
cling,6,closure,com.google.javascript.rhino.head.NativeArray,com.google.javascript.rhino.head.ScriptRuntime,466,259
cling,7,closure,com.google.javascript.rhino.head.NativeArray,com.google.javascript.rhino.head.ScriptRuntime,466,242
cling,8,closure,com.google.javascript.rhino.head.NativeArray,com.google.javascript.rhino.head.ScriptRuntime,466,236
cling,9,closure,com.google.javascript.rhino.head.NativeArray,com.google.javascript.rhino.head.ScriptRuntime,466,265
cling,10,closure,com.google.javascript.rhino.head.NativeArray,com.google.javascript.rhino.head.ScriptRuntime,466,245
cling,11,closure,com.google.javascript.rhino.head.NativeArray,com.google.javascript.rhino.head.ScriptRuntime,466,255
cling,12,closure,com.google.javascript.rhino.head.NativeArray,com.google.javascript.rhino.head.ScriptRuntime,466,239
cling,13,closure,com.google.javascript.rhino.head.NativeArray,com.google.javascript.rhino.head.ScriptRuntime,466,251
cling,14,closure,com.google.javascript.rhino.head.NativeArray,com.google.javascript.rhino.head.ScriptRuntime,466,247
cling,15,closure,com.google.javascript.rhino.head.NativeArray,com.google.javascript.rhino.head.ScriptRuntime,466,237
cling,16,closure,com.google.javascript.rhino.head.NativeArray,com.google.javascript.rhino.head.ScriptRuntime,466,242
cling,17,closure,com.google.javascript.rhino.head.NativeArray,com.google.javascript.rhino.head.ScriptRuntime,466,255
cling,18,closure,com.google.javascript.rhino.head.NativeArray,com.google.javascript.rhino.head.ScriptRuntime,466,249
cling,19,closure,com.google.javascript.rhino.head.NativeArray,com.google.javascript.rhino.head.ScriptRuntime,466,251
cling,20,closure,com.google.javascript.rhino.head.NativeArray,com.google.javascript.rhino.head.ScriptRuntime,466,255
cling,1,closure,com.google.javascript.rhino.head.optimizer.BodyCodegen,com.google.javascript.rhino.head.Node,18881,0
cling,2,closure,com.google.javascript.rhino.head.optimizer.BodyCodegen,com.google.javascript.rhino.head.Node,18881,0
cling,3,closure,com.google.javascript.rhino.head.optimizer.BodyCodegen,com.google.javascript.rhino.head.Node,18881,0
cling,4,closure,com.google.javascript.rhino.head.optimizer.BodyCodegen,com.google.javascript.rhino.head.Node,18881,0
cling,5,closure,com.google.javascript.rhino.head.optimizer.BodyCodegen,com.google.javascript.rhino.head.Node,18881,0
cling,6,closure,com.google.javascript.rhino.head.optimizer.BodyCodegen,com.google.javascript.rhino.head.Node,18881,0
cling,7,closure,com.google.javascript.rhino.head.optimizer.BodyCodegen,com.google.javascript.rhino.head.Node,18881,0
cling,8,closure,com.google.javascript.rhino.head.optimizer.BodyCodegen,com.google.javascript.rhino.head.Node,18881,0
cling,9,closure,com.google.javascript.rhino.head.optimizer.BodyCodegen,com.google.javascript.rhino.head.Node,18881,0
cling,10,closure,com.google.javascript.rhino.head.optimizer.BodyCodegen,com.google.javascript.rhino.head.Node,18881,0
cling,11,closure,com.google.javascript.rhino.head.optimizer.BodyCodegen,com.google.javascript.rhino.head.Node,18881,0
cling,12,closure,com.google.javascript.rhino.head.optimizer.BodyCodegen,com.google.javascript.rhino.head.Node,18881,0
cling,13,closure,com.google.javascript.rhino.head.optimizer.BodyCodegen,com.google.javascript.rhino.head.Node,18881,0
cling,14,closure,com.google.javascript.rhino.head.optimizer.BodyCodegen,com.google.javascript.rhino.head.Node,18881,0
cling,15,closure,com.google.javascript.rhino.head.optimizer.BodyCodegen,com.google.javascript.rhino.head.Node,18881,0
cling,16,closure,com.google.javascript.rhino.head.optimizer.BodyCodegen,com.google.javascript.rhino.head.Node,18881,0
cling,17,closure,com.google.javascript.rhino.head.optimizer.BodyCodegen,com.google.javascript.rhino.head.Node,18881,0
cling,18,closure,com.google.javascript.rhino.head.optimizer.BodyCodegen,com.google.javascript.rhino.head.Node,18881,0
cling,19,closure,com.google.javascript.rhino.head.optimizer.BodyCodegen,com.google.javascript.rhino.head.Node,18881,0
cling,20,closure,com.google.javascript.rhino.head.optimizer.BodyCodegen,com.google.javascript.rhino.head.Node,18881,0
cling,1,closure,com.google.javascript.rhino.head.regexp.NativeRegExp,com.google.javascript.rhino.head.ScriptRuntime,11771,117
cling,2,closure,com.google.javascript.rhino.head.regexp.NativeRegExp,com.google.javascript.rhino.head.ScriptRuntime,11771,157
cling,3,closure,com.google.javascript.rhino.head.regexp.NativeRegExp,com.google.javascript.rhino.head.ScriptRuntime,11771,192
cling,4,closure,com.google.javascript.rhino.head.regexp.NativeRegExp,com.google.javascript.rhino.head.ScriptRuntime,11771,181
cling,5,closure,com.google.javascript.rhino.head.regexp.NativeRegExp,com.google.javascript.rhino.head.ScriptRuntime,11771,182
cling,6,closure,com.google.javascript.rhino.head.regexp.NativeRegExp,com.google.javascript.rhino.head.ScriptRuntime,11771,182
cling,7,closure,com.google.javascript.rhino.head.regexp.NativeRegExp,com.google.javascript.rhino.head.ScriptRuntime,11771,204
cling,8,closure,com.google.javascript.rhino.head.regexp.NativeRegExp,com.google.javascript.rhino.head.ScriptRuntime,11771,174
cling,9,closure,com.google.javascript.rhino.head.regexp.NativeRegExp,com.google.javascript.rhino.head.ScriptRuntime,11771,187
cling,10,closure,com.google.javascript.rhino.head.regexp.NativeRegExp,com.google.javascript.rhino.head.ScriptRuntime,11771,194
cling,11,closure,com.google.javascript.rhino.head.regexp.NativeRegExp,com.google.javascript.rhino.head.ScriptRuntime,11771,136
cling,12,closure,com.google.javascript.rhino.head.regexp.NativeRegExp,com.google.javascript.rhino.head.ScriptRuntime,11771,160
cling,13,closure,com.google.javascript.rhino.head.regexp.NativeRegExp,com.google.javascript.rhino.head.ScriptRuntime,11771,128
cling,14,closure,com.google.javascript.rhino.head.regexp.NativeRegExp,com.google.javascript.rhino.head.ScriptRuntime,11771,187
cling,15,closure,com.google.javascript.rhino.head.regexp.NativeRegExp,com.google.javascript.rhino.head.ScriptRuntime,11771,125
cling,16,closure,com.google.javascript.rhino.head.regexp.NativeRegExp,com.google.javascript.rhino.head.ScriptRuntime,11771,154
cling,17,closure,com.google.javascript.rhino.head.regexp.NativeRegExp,com.google.javascript.rhino.head.ScriptRuntime,11771,126
cling,18,closure,com.google.javascript.rhino.head.regexp.NativeRegExp,com.google.javascript.rhino.head.ScriptRuntime,11771,137
cling,19,closure,com.google.javascript.rhino.head.regexp.NativeRegExp,com.google.javascript.rhino.head.ScriptRuntime,11771,115
cling,20,closure,com.google.javascript.rhino.head.regexp.NativeRegExp,com.google.javascript.rhino.head.ScriptRuntime,11771,216
cling,1,closure,com.google.javascript.rhino.head.tools.debugger.Dim,com.google.javascript.rhino.head.ScriptRuntime,750,5
cling,2,closure,com.google.javascript.rhino.head.tools.debugger.Dim,com.google.javascript.rhino.head.ScriptRuntime,750,0
cling,3,closure,com.google.javascript.rhino.head.tools.debugger.Dim,com.google.javascript.rhino.head.ScriptRuntime,750,7
cling,4,closure,com.google.javascript.rhino.head.tools.debugger.Dim,com.google.javascript.rhino.head.ScriptRuntime,750,7
cling,5,closure,com.google.javascript.rhino.head.tools.debugger.Dim,com.google.javascript.rhino.head.ScriptRuntime,750,8
cling,6,closure,com.google.javascript.rhino.head.tools.debugger.Dim,com.google.javascript.rhino.head.ScriptRuntime,750,6
cling,7,closure,com.google.javascript.rhino.head.tools.debugger.Dim,com.google.javascript.rhino.head.ScriptRuntime,750,3
cling,8,closure,com.google.javascript.rhino.head.tools.debugger.Dim,com.google.javascript.rhino.head.ScriptRuntime,750,6
cling,9,closure,com.google.javascript.rhino.head.tools.debugger.Dim,com.google.javascript.rhino.head.ScriptRuntime,750,3
cling,10,closure,com.google.javascript.rhino.head.tools.debugger.Dim,com.google.javascript.rhino.head.ScriptRuntime,750,17
cling,11,closure,com.google.javascript.rhino.head.tools.debugger.Dim,com.google.javascript.rhino.head.ScriptRuntime,750,4
cling,12,closure,com.google.javascript.rhino.head.tools.debugger.Dim,com.google.javascript.rhino.head.ScriptRuntime,750,3
cling,13,closure,com.google.javascript.rhino.head.tools.debugger.Dim,com.google.javascript.rhino.head.ScriptRuntime,750,3
cling,14,closure,com.google.javascript.rhino.head.tools.debugger.Dim,com.google.javascript.rhino.head.ScriptRuntime,750,0
cling,15,closure,com.google.javascript.rhino.head.tools.debugger.Dim,com.google.javascript.rhino.head.ScriptRuntime,750,3
cling,16,closure,com.google.javascript.rhino.head.tools.debugger.Dim,com.google.javascript.rhino.head.ScriptRuntime,750,3
cling,17,closure,com.google.javascript.rhino.head.tools.debugger.Dim,com.google.javascript.rhino.head.ScriptRuntime,750,3
cling,18,closure,com.google.javascript.rhino.head.tools.debugger.Dim,com.google.javascript.rhino.head.ScriptRuntime,750,7
cling,19,closure,com.google.javascript.rhino.head.tools.debugger.Dim,com.google.javascript.rhino.head.ScriptRuntime,750,3
cling,20,closure,com.google.javascript.rhino.head.tools.debugger.Dim,com.google.javascript.rhino.head.ScriptRuntime,750,4
cling,1,closure,com.google.javascript.rhino.head.tools.shell.Global,com.google.javascript.rhino.head.ScriptRuntime,2375,44
cling,2,closure,com.google.javascript.rhino.head.tools.shell.Global,com.google.javascript.rhino.head.ScriptRuntime,2375,57
cling,3,closure,com.google.javascript.rhino.head.tools.shell.Global,com.google.javascript.rhino.head.ScriptRuntime,2375,59
cling,4,closure,com.google.javascript.rhino.head.tools.shell.Global,com.google.javascript.rhino.head.ScriptRuntime,2375,58
cling,5,closure,com.google.javascript.rhino.head.tools.shell.Global,com.google.javascript.rhino.head.ScriptRuntime,2375,52
cling,6,closure,com.google.javascript.rhino.head.tools.shell.Global,com.google.javascript.rhino.head.ScriptRuntime,2375,48
cling,7,closure,com.google.javascript.rhino.head.tools.shell.Global,com.google.javascript.rhino.head.ScriptRuntime,2375,70
cling,8,closure,com.google.javascript.rhino.head.tools.shell.Global,com.google.javascript.rhino.head.ScriptRuntime,2375,56
cling,9,closure,com.google.javascript.rhino.head.tools.shell.Global,com.google.javascript.rhino.head.ScriptRuntime,2375,52
cling,10,closure,com.google.javascript.rhino.head.tools.shell.Global,com.google.javascript.rhino.head.ScriptRuntime,2375,50
cling,11,closure,com.google.javascript.rhino.head.tools.shell.Global,com.google.javascript.rhino.head.ScriptRuntime,2375,74
cling,12,closure,com.google.javascript.rhino.head.tools.shell.Global,com.google.javascript.rhino.head.ScriptRuntime,2375,67
cling,13,closure,com.google.javascript.rhino.head.tools.shell.Global,com.google.javascript.rhino.head.ScriptRuntime,2375,68
cling,14,closure,com.google.javascript.rhino.head.tools.shell.Global,com.google.javascript.rhino.head.ScriptRuntime,2375,56
cling,15,closure,com.google.javascript.rhino.head.tools.shell.Global,com.google.javascript.rhino.head.ScriptRuntime,2375,50
cling,16,closure,com.google.javascript.rhino.head.tools.shell.Global,com.google.javascript.rhino.head.ScriptRuntime,2375,56
cling,17,closure,com.google.javascript.rhino.head.tools.shell.Global,com.google.javascript.rhino.head.ScriptRuntime,2375,68
cling,18,closure,com.google.javascript.rhino.head.tools.shell.Global,com.google.javascript.rhino.head.ScriptRuntime,2375,74
cling,19,closure,com.google.javascript.rhino.head.tools.shell.Global,com.google.javascript.rhino.head.ScriptRuntime,2375,69
cling,20,closure,com.google.javascript.rhino.head.tools.shell.Global,com.google.javascript.rhino.head.ScriptRuntime,2375,66
